cpu_clk_unhalted.ref_tsc,l1d_pend_miss.pending,cpu_clk_unhalted.thread_p,uops_retired.stalls,br_inst_retired.all_branches,idq_uops_not_delivered.core,mem_inst_retired.any,mem_uop_retired.any,memory_activity.stalls_l2_miss,memory_activity.stalls_l1d_miss,cycle_activity.cycles_mem_any,uops_issued.any,br_misp_retired.all_branches
41964252,29714895,64973130,41047884,31665908,151187277,50722267,55464282,4921775,6631749,61525874,210644316,329959
104400,52342,151057,84926,58090,329055,110254,114797,0,0,0,308995,254
1684640,165611,2437392,1796632,378898,2915298,817852,958056,90187,0,0,3228665,762
40739274,92584327,58996213,46905072,6526029,65443337,14511744,17414909,10635468,10845533,36942407,64055956,56643
36494955,29071084,49816609,34462173,10002994,70031983,11792373,13508423,2417695,3318860,26444073,78235208,117072
23219864,2215686,33753208,25261604,6240528,52647830,11959976,13147410,337866,675727,18500695,36504488,23723
22921342,1747507,33352114,24754979,5947085,49060709,11290193,12700555,175544,500916,17852773,35657950,15546
23010167,1597500,33177779,24927991,5818447,50650825,11257443,12680776,117098,420572,17998928,35905770,19894
23162328,1521673,33527991,24781009,5877355,48893137,11182677,12817672,90971,402468,18229669,37649392,17301
23322711,1495869,33635457,25082447,5948869,50691245,11297370,12523685,89823,391926,17899621,36347185,20811
22987808,1472912,33498986,24969795,5954894,50711240,11299120,12703942,79028,384378,17521299,35412584,19993
22762119,1426431,33079359,24625170,5956286,48780517,11308920,12728434,69867,374624,17971603,36364735,15817
23095639,1514432,33280307,24795979,5756875,48878311,11186986,12816454,89057,398705,18006007,36922631,16475
23099328,1515792,33407334,24810847,5965393,48573011,11120979,12334622,91705,397198,17996084,37066405,16699
23023108,1457186,33528555,24877701,6056513,49285966,11510288,12936604,77054,377590,17490769,36245306,16677
22906817,1431746,33245954,24806104,5942344,49694089,11292025,12710362,77410,388471,17984408,36340197,17977
23064797,1441730,33127136,24658655,5761102,48592204,11185606,12799354,73145,386492,17906454,36985208,16637
23132707,1544935,33468775,24947402,5961420,48633356,11140694,12354910,110281,438233,18056637,36992473,16711
22988209,1589589,33286209,24789826,5953685,48930350,11334426,12739442,135957,454002,17541085,36037377,16295
23012705,1624318,33476001,24980529,6176080,48934135,11479141,12912677,156472,477118,18294644,37004128,16511
23251827,1609674,33261446,24850601,5756060,48888564,11365963,12994498,149505,469169,18224635,37602629,16957
23064083,1486985,33354390,24759678,5862680,48573867,10940848,12557198,98637,403498,17884021,37021787,14009
23007589,1566651,33215528,24657503,5953081,48690507,11333569,12566262,127502,425756,17623971,36361644,12725
22774054,1507710,33208163,24685710,5982464,48837170,11335246,12741171,91766,398372,17629081,35577550,11740
23256307,1453678,33352769,24882568,5820453,50575673,11472074,12894701,93967,389492,18073446,36886747,16880
23134820,1473573,33420450,24894582,5950957,50199586,10885445,12270871,87598,392765,17942360,37005661,17074
22978313,1358133,33207405,24621410,5937186,50442501,11281464,12552937,51053,341531,17530094,36152799,16948
22867042,1404391,33211681,24609743,5937871,49441544,11298386,12734146,65496,369318,17680869,35581162,15624
22945239,1403533,32997275,24776582,5837753,49746678,11340516,12766836,55020,364808,17886886,36254556,16080
22982613,1419325,33222864,24643814,5840115,48756433,11066231,12489995,62334,357084,17780808,36857506,16461
23395088,1593249,33785169,25163781,6060520,49994152,11313758,12749551,139740,438267,17807290,37029072,16919
22919628,1402884,33573073,25010275,5972728,50586143,11356237,12768800,54851,372089,17696017,35582891,15994
22796573,1408018,33015991,24779593,5940402,49122788,11281907,12723109,66762,383658,17915215,36459318,13075
23074604,1427970,33058390,24693927,5723650,48535738,11170173,12808373,69450,380105,17879434,37026879,12747
23040378,1397922,33251477,24740162,5938882,48196878,11104257,12315130,67148,357822,17790884,36974099,12859
23317754,1432114,33898889,25246121,6056850,50718397,11502058,12957680,63104,362176,17574349,36285285,16725
22876948,1371337,32789591,24568836,5938923,49981957,11519347,12938329,71330,359894,18037508,36674736,16193
17257229,991804,24233054,16165955,4113282,56849242,8060429,9075330,99095,342887,12962947,32618211,104307
721034,374543,1197222,736908,391608,3132754,557698,352497,108449,148379,925889,2363317,3719
968208,753868,1338809,884373,346548,3555010,670103,640141,125075,132262,396346,1501442,3931
309914,242167,721789,593178,434253,2824490,818707,847285,100959,131188,842529,1407710,2197
8472306,1561126,12875358,8038208,3833938,38115482,5053712,5790220,224752,532740,7105086,18983121,36108
11962418,13798946,17589355,12644241,3336791,34755802,4538308,5614540,1567108,1832539,9161891,21430987,16605
11323268,12886912,15853716,11232677,3185651,33177725,4574591,5674039,2123934,1838094,8709326,18687228,14636
10767340,9323588,15815340,10854007,3190124,31597122,4589058,5569034,1128396,1310178,8933154,19347661,14219
11237148,13895403,16135924,11526445,3045635,33472132,4687952,5718970,1598905,1843279,8940686,19130469,14886
11450447,8919090,15807147,10810905,3172986,31440260,4343655,5260760,1660185,2399809,10040399,20691938,14899
11426244,9669804,16933678,12012355,3353555,33664315,4839825,5836904,1079492,1246889,8977651,20697194,15605
10774817,13365546,15734152,11311714,3098308,32871528,4541144,5653242,2098650,1871515,8886680,17231182,13608
10634338,8907819,15178401,10102796,3028093,30818206,4548026,5419912,1105110,1543372,9321539,20509956,14332
3169341,4328516,5126069,3587655,981014,8556252,1087824,1523580,513847,596312,2630869,6257715,5529
10249089,1339414,15299697,8867107,5051458,38850463,8428704,9181151,224715,368139,5451574,14865798,55221
27598124,6301384,40264048,22443434,14023704,91776961,22952461,23099859,1034379,1493035,19244704,59866372,118547
26514805,1411568,38372285,24287696,7359491,135890496,14060559,15222107,94777,479402,19501452,51049730,224616
25956772,2784947,38412929,22803785,10443192,103979931,18233917,19934292,249688,851244,22856852,58579998,156139
18315118,5738833,27525735,16283963,9440939,60250488,16019906,17436793,943364,1371256,22898432,53905525,65990
13056320,14925707,20882810,13768761,4510880,40020574,7398849,9072159,1825592,1216684,9601083,21765439,40733
18464809,7816115,24603259,14597498,7488931,54472498,13169824,13823396,1497665,1938876,19265734,46905676,74600
31275835,19904782,45193315,31097709,8643654,141253036,17388013,18586533,4548036,5479099,27643439,53871967,230505
22853065,10324092,33004064,22265351,6405104,109667668,12632845,13637877,2174042,2862726,19985795,42073578,172708
14740139,1499803,21261118,13853064,3615566,76832512,7263925,8216256,97640,499405,10960615,27002675,115665
14807276,1457522,21379572,13940677,3966576,77176966,7482368,7972113,68955,469669,10843469,26802107,114114
14488226,1546906,21150565,13872999,3826131,76561563,7395135,8123091,122687,520480,10657946,25373124,111647
14386491,1529244,20809306,13832900,3830215,76888920,7446966,8169378,121138,526641,10974597,26160523,112577
14602752,1460472,21064164,13789574,3713094,76691334,7451795,8398385,79663,486666,11055376,26741676,111670
14598034,1541181,21081838,13789232,3805787,76299936,7196043,7714031,159578,540995,10928696,26749620,110357
14476730,1434549,20939307,13639757,3817980,76078948,7432315,8152324,73844,465320,10298286,25306475,109428
14384147,1396602,20842383,13718013,3825545,76687115,7628067,8344300,91996,484599,11015682,26026899,112010
14587695,1468859,21022284,13648019,3681474,76044225,7186644,7928519,105806,505618,10896877,26800251,113389
14705090,1398251,21239098,13849094,3935634,77146137,7205211,7695657,77737,475465,11034224,27232318,114504
14462893,1310708,20882746,13597053,3802018,76425640,7382900,8104171,25206,416041,10250315,25961336,112126
14181082,1315428,20906984,13635037,3811888,76661999,7421547,8134091,16533,420244,10536530,25321797,113456
14437590,1326019,20604171,13487747,3690775,76317885,7400640,8322072,15880,425120,10923769,27314072,111187
14473591,1368710,20859827,13609260,3812061,76136477,7221958,7730472,23153,425808,10708570,26833390,108543
14444570,1344298,20920682,13677235,3820312,76637822,7405990,8150669,20548,427622,10280445,25856419,113024
14126535,1333895,20833102,13635717,3927924,76467877,7596826,8327692,28149,434725,10760197,25422415,108195
15820901,2817102,21791486,14487179,3978009,80665497,8338635,9323455,960365,1427530,13555898,30277133,118577
14685897,1616041,21204448,13787284,3848075,75620120,7263577,7985358,137498,540568,11081644,27514890,105702
14624247,1463510,21125088,13827547,3823330,76813665,7428446,8158285,74427,476988,10434910,26212605,114196
14266637,1585893,20885245,13836281,3824046,76368842,7421825,8146765,159854,559215,10695722,25287384,111122
14381493,1545253,20791248,13582032,3700842,76117282,7402351,8102575,152055,547080,10858643,26626836,110771
14649154,1518446,21118841,13842554,3688141,76500335,6983534,7914334,110965,513089,10892529,26738383,114736
14514118,1486050,20962797,13722795,3811153,76200211,7407043,7909611,108061,503725,10589227,26537455,112089
14312497,1412560,20862876,13698655,3934606,76529420,7606368,8334811,62723,458813,10544087,25292401,109204
14441660,1467474,20897848,13653935,3702484,76658660,7415410,8141027,97979,501543,10872084,26685580,112202
14513546,1487836,20956532,13715081,3687133,76437309,6966007,7890606,84723,469761,10768819,26538135,113694
14783002,1453550,21283778,13873357,3794755,76924094,7375421,8112809,72588,473065,10833313,26749573,117201
14273289,1307913,20864031,13617695,3797688,76315838,7374002,8096425,16463,419313,10350443,25183873,112016
14320728,1304419,20724016,13566404,3816216,76733001,7596780,8327865,23953,412701,10921084,26627915,114028
14493436,1337708,20909393,13646577,3687865,76414029,6987034,7911798,34964,439287,10754390,26697884,113172
14467106,1326203,20917464,13647777,3805942,76449182,7386767,7899493,30020,428923,10466809,25850858,114320
14342391,1358707,20928588,13633907,3812317,76280454,7392235,8126138,47304,449202,10531290,25347396,110802
15136163,2657995,22051763,14617453,4043989,79990767,7899199,8653410,393416,660285,10757998,25897341,116873
14763128,2063452,22171167,14918522,4035981,80541160,7941460,8809538,570916,1003421,12059331,27865205,111762
14657168,1514453,21161216,13828642,3813914,76519109,7222066,7944813,94163,496526,10684865,26869325,112712
14461960,1487500,21107927,13764800,3835977,76422083,7471430,8206930,98377,495665,10446352,25441157,110447
14365960,1411076,20990878,13800622,3833484,77231395,7429095,8151037,79811,486287,10947885,26166656,116020
14638243,1394417,20952770,13723410,3605637,76582333,7234186,8171911,63526,465925,10910951,26850836,113855
14565624,1298299,21071264,13715173,3849778,76477176,7252641,7761112,16106,408247,10769483,26850026,112098
14487543,1358625,21147317,13693612,3957107,76216268,7658036,8397633,19377,418031,10310330,26237077,105945
14362142,1324981,20995298,13782119,3841170,77133311,7479784,8221290,26573,439618,10874353,26172506,113993
14561413,1295361,20854170,13679786,3602112,76720203,7228614,8163952,20001,415500,10789923,26836212,115391
14622855,1310055,21078270,13780881,3818217,76771744,7226079,7741572,24356,415151,10819597,26873778,117104
14564614,1334357,21058917,13601794,3811099,76364326,7615743,8328430,29614,414125,10492417,26526018,113106
14170955,1313534,20742786,13672117,3934596,76781818,7605717,8328003,13008,404342,10744674,26034700,113341
14635700,1343350,21136871,13650607,3690576,76292152,7194269,8155869,17083,408977,11008171,27326435,114026
14491719,1355648,20956513,13659019,3813895,76595638,7194055,7702026,32930,430998,10779845,26584776,112672
14488757,1315583,20937210,13631410,3798053,76793532,7380723,8101388,38991,426207,10311873,25992798,113883
14192404,1281253,20775672,13666375,3817154,76735733,7407447,8125650,19526,411583,10529268,25310388,113835
16896614,5017268,24251671,16072117,4264272,84448908,8353902,9021930,408158,812464,12009370,29879392,128131
14560712,1475838,20996474,13673584,3828939,76094017,7258180,7768598,95859,491668,10918670,26970894,106566
14651090,1465486,21136111,13789610,3844382,76588640,7473506,8195917,79081,479789,10497058,25537750,111585
14286649,1578468,20869358,13794833,3828047,76438555,7424742,8145828,148719,542057,10830265,25471381,109726
14482496,1345475,20929681,13604669,3718875,76823922,7466274,8192836,32415,426302,10910742,26902417,115288
14636675,1425371,21167128,13816162,3734106,76903161,7055148,7988575,72337,474633,10930079,26852170,113640
14886867,1591157,21476721,14053373,3927514,77159063,7606190,8132824,149055,541047,10797292,26099836,116913
14436106,1417475,21064208,13941862,3833027,77462306,7446010,8178415,67824,467643,10949878,25438327,118182
14787016,1585256,21129227,13836548,3598310,77049634,7432969,8149032,154325,554700,11034269,26806690,117520
14709831,1453757,21258186,13919714,3752522,77210655,7034697,7867861,72413,473710,10901562,26736388,117403
14896440,1543347,21284098,13962965,3812104,77282034,7630739,8144607,126345,526371,10952205,26560646,118322
14574200,1384298,21266320,14001243,3930670,77763245,7615991,8347468,31424,443328,10953530,25477199,119713
14648795,1346912,20972791,13683081,3599401,77128014,7461010,8183916,28964,428250,10875273,26799385,117624
14700450,1311416,21189114,13842560,3840815,77369573,7031717,7746617,24724,429240,10826819,26814334,118104
14712199,1306428,21254683,13895875,3830223,77461473,7439850,8184931,33681,431739,10450021,26212820,118133
14440545,1328129,21131750,13842819,3820497,77229271,7406811,8122875,31900,422423,10335036,25301973,117701
14555942,1292887,21036162,13765490,3828902,77573416,7628568,8346134,16836,424835,11111948,26973629,118593
16993307,4176274,23698042,15194576,3921490,79708352,7584243,8694910,695255,1298247,13625709,30817903,132605
14684348,1551248,21217244,13865637,3855138,76972519,7490542,7993195,130270,521864,10772379,26880359,111965
14448831,1437619,21102794,13737897,3840630,76632479,7461998,8206124,71649,469673,10501560,25599517,109459
14208811,1404972,20609307,13598140,3843477,76148693,7450627,8177773,71075,473365,10895911,26122144,108398
14722291,1552816,21180634,13779019,3608654,76577853,7239440,8175952,100541,498603,10996182,26925858,114474
14825219,1572480,21365468,13924248,3924358,76668309,7434520,7965743,138383,536113,11048635,27555163,114194
14487645,1308594,21174251,13818569,3833470,77553845,7456497,8187134,17921,422417,10429212,25482264,117493
14280827,1282927,20631186,13623121,3815928,77193608,7406009,8127846,21540,419897,10818597,26135089,115504
14549042,1315268,21022197,13660794,3584930,77054903,7195973,8139985,27196,418757,10814598,26674362,117769
14587335,1330373,21100431,13762363,3828266,77482827,7217835,7704782,14107,412622,10812491,26752142,117608
14529784,1307547,21161981,13780888,4014169,77402315,7772233,8522867,16732,418456,10555854,25953242,116960
14224475,1310035,20552517,13597883,3803953,76935249,7382730,8109664,21628,422402,10778248,25921023,116798
14613713,1300496,21082770,13657605,3576731,76996623,7185343,8115718,16509,417842,10814448,26670782,118399
14575212,1293841,21003753,13733224,3796138,77122050,7200414,7703774,31006,425011,10842681,26714340,117634
14623064,1340196,21122718,13799336,3824786,77394237,7429916,8159282,30969,408253,10364062,25349779,117741
14396667,1315713,20793567,13698904,3814684,77450456,7590130,8330373,20805,415090,11037425,26082772,116548
14479269,1310185,20886526,13550368,3598882,76294797,7186982,8061568,18768,413184,10749255,26566881,113310
20719372,6483786,29298371,18078018,8350483,74161412,14976973,15860449,1588437,2244726,22168321,49223773,106210
23574203,7013643,33845851,18095956,13434415,51572676,22976873,24160427,933464,1378918,26611754,67846962,49636
23475686,6541163,34314684,18239579,13855519,52492613,23952687,25150736,801940,1251517,27734269,69350815,49480
23622782,6984235,34692442,18369000,13993207,53845164,24379632,25890272,868837,1328207,27817594,69735348,50950
23362248,7068722,34174334,18296787,13897817,53710983,24252866,25334394,867989,1293887,27034558,67732413,50065
23638181,7205693,34355193,18258118,13791127,53887833,24062155,25423276,869187,1339539,27548304,70141439,52162
23770573,6967227,34284445,18180109,13622601,53125588,23485225,25178899,832822,1298889,27713460,70030607,51690
24032962,7052383,34631211,18605347,14030115,54691731,24353756,25663253,868778,1313285,27556385,69781397,52247
20772611,5534194,30239555,15843337,11846206,46878773,21588162,23435197,721053,1159365,25267406,62957941,44233
1086365,547048,1545414,955189,516548,3820049,995878,1018691,197694,234589,1569527,3237613,5152
18533261,5919741,27123801,14459684,10859402,42591772,18700146,20362912,729702,1098386,21444696,54182016,39998
24307743,7438358,35121644,18568935,14102820,54462674,24200383,25488299,885085,1344186,27934201,71695178,52281
23914183,6956627,34896703,18467996,13993940,53892993,24188727,25499362,867866,1331385,27694826,70478076,50642
24034109,6951427,34799294,18467679,14122846,54068936,24431890,25797590,829804,1303718,28273094,71630185,50633
24414104,7506776,35265258,18643278,14115267,53964570,24437018,26001083,888233,1348226,28041329,72329720,50718
23964461,6758392,34993814,18711769,14083307,54823287,24462259,25914059,805968,1285181,27823957,69618013,51092
23964472,6835267,34848078,18420581,13923111,53359684,24165520,25335964,807875,1278372,27739224,71162280,51233
24400627,7220184,34833001,18462077,13972740,54050895,24105818,25571122,825536,1318348,27880510,71972096,51862
23934067,6645909,35062591,18547565,14137958,54331498,24368404,25939329,809865,1294563,27960718,69879824,51114
24522786,7517501,35442030,18705023,14200220,54781391,24793714,25800702,894678,1363030,28672084,72548237,52825
23895457,6794137,34547671,18266428,13864574,53656406,24028433,25446160,797309,1248344,27759799,69876925,51592
24069635,7025944,34742698,18416954,13923791,53971158,24027786,25459388,850503,1297587,27973115,70933454,51020
24621999,6980452,35574816,18703225,14107903,54369590,24527369,25958682,841519,1326212,28573632,72499479,52651
24316442,6928504,35234721,18646692,14152726,54606179,24545291,25890300,842657,1314793,27857845,71167804,52156
16344796,4853149,23136814,12246739,9180163,35936604,15959249,17198972,619077,954868,19683539,49900832,36164
1032415,391044,1177617,752517,274171,3636655,776953,1034183,153401,182746,1274744,3165826,5063
16199450,4575008,23582699,17002023,4647616,48756890,8486627,10023870,1506351,1822008,15056631,28108080,45207
23206945,1805089,33659646,25122090,5947431,49680100,11463807,12869796,221611,571835,18325906,37260420,22877
23290712,1880560,33670765,25052579,5915255,48689343,11012086,12634831,188420,544211,18253562,37390279,20525
23343576,1910736,33784459,25222529,6039294,48785435,11408952,12623069,195892,551379,18010070,36648097,20747
2285036,488205,4565314,3369882,1011815,7579991,1894983,2027779,120968,168821,1129093,1873773,3595
603096,383054,848668,415284,216602,2171732,657411,679415,129547,155997,908002,2165380,3268
822373,374816,1114885,672027,218232,2132524,206121,441257,64975,117588,835813,2223853,4145
1237124,784111,2087887,1785156,674267,9178211,1349280,1061087,360588,367286,2076761,2934985,7352
13497857,1438865,21328182,16257364,3941184,32714580,7162344,7730223,239160,433480,9317501,18732148,13270
23236148,1841619,33394624,24979164,5875659,49730657,11531036,12941224,214836,564120,18292323,37117523,20854
14444302,1231361,20916747,15768450,3584772,31130480,6801407,7709599,226088,441304,10969537,22377405,14526
8426379,1170558,14277172,11206769,2898214,24815991,5945093,6535518,252780,374595,7420499,13173589,9752
22829714,1760351,33034138,24715688,5757615,47844276,10700630,12290420,177236,495873,17744340,36251404,19850
23015650,1746127,33242808,24982740,5846810,49799059,11038196,12212497,153688,467225,17561130,35577585,23580
22900445,1663611,33253897,24892163,5852317,50036372,11147222,12526610,132324,458384,17625468,35064257,22413
22967648,1691972,33020859,24780144,5755669,49311594,11327989,12743452,129528,459988,18003549,36179744,24090
22979370,1667048,33239029,24885651,5813292,48919967,10694831,12107398,129400,450790,17789057,36272333,24293
23098127,1701552,33383780,24913874,5983317,49908638,11153166,12300944,131972,469003,17814458,36148433,24828
22603683,1691163,32862338,24490819,5887389,48486500,11160447,12542985,127179,448107,17539891,35075143,20367
14197873,1768541,20097863,15024084,3387987,29825661,6195961,6836967,365434,553532,10306423,21291038,16044
1057819,570673,1601454,841018,359307,2945316,471889,492401,175558,241365,1251621,2790898,4253
712734,108975,967326,526767,337294,2022073,635559,654392,14325,27733,245692,1443224,3449
314896,77592,913210,490599,327149,1953801,655008,685358,15042,28016,492797,649846,2286
490631,60142,452914,396465,216554,1979334,645367,665148,16527,28971,690841,1319244,2709
756427,151453,1015226,454563,249141,2010030,316759,315904,7169,49036,829171,2442991,3631
517980,67231,746235,379869,306124,1662947,303039,320999,11708,18484,593359,1626792,1923
631088,68352,908729,444861,394799,1807763,336439,356464,7689,18350,751019,2054329,2039
491363,66133,708143,355081,298713,1506501,288112,305210,0,18588,573078,1569871,1679
447315,58304,642010,309717,289697,1271901,221930,235036,0,14637,544129,1501557,1290
451839,55431,648331,315763,288953,1307715,223394,236671,0,13692,543049,1501089,1332
462212,63163,663259,323616,295328,1333111,232051,245842,0,16199,557242,1533933,1392
579388,64117,827315,392875,380676,1513949,260080,275481,0,16888,719076,1967647,1578
451406,58109,647280,314999,288970,1280341,222882,236096,0,15586,546090,1498895,1356
587100,82296,848117,415111,377987,1629287,394796,418271,0,27437,720369,1941603,1692
1115364,561116,1490035,1011054,374430,4248279,483061,274435,63602,152107,1083129,2636618,6053
841185,275065,1141938,687863,478498,3237104,916952,947978,48935,74706,609503,2141076,3801
519332,327482,967551,721727,493871,2903054,914030,931141,85572,114664,901767,1615644,2851
835435,265731,1117279,567168,124581,1986512,482558,731866,49873,76061,863629,2310103,3542
842146,291951,1166376,688372,369354,2596610,490163,283947,61815,87060,840643,2228471,3592
1072825,367034,1461526,893899,410938,3719234,792184,824187,88008,120819,359721,768548,2943
17078099,2791974,23495351,12279622,8235852,48026585,13935942,15088882,444799,703934,12188958,44452098,84615
9685651,1428563,11423952,6269999,4904851,30878790,9359941,9686840,486393,617830,11279869,36589703,68698
990706,392303,1382498,900059,351390,3260977,270284,284233,87932,169314,1032692,2549132,6656
982158,411676,1367758,877885,373430,3837957,725783,751100,71705,74814,407671,1686716,6232
5819570,2515829,8046595,4243585,1484884,15261282,2876196,3021875,357767,474832,3424274,10886556,42821
7409928,991817,10436356,6158672,2020224,34045906,4050145,4408303,116212,293184,5500743,14772073,55694
56320,19424,81345,0,0,0,50913,53511,2908,4943,58514,146774,142
59280,19899,85909,0,0,0,52613,55399,3267,6564,62829,152902,172
62800,17906,90827,0,0,0,54005,56933,1653,5587,66910,159013,144
61600,17745,89170,0,0,0,54626,57618,1427,5799,65374,157910,139
74480,25983,107809,0,0,0,61114,64529,3882,9319,81991,177976,166
69440,19261,100591,0,0,0,59799,63216,1357,6623,76130,176062,151
70720,22569,102303,0,0,0,60030,63482,1584,7787,78623,173678,138
1828619,369328,2309852,852175,151050,901447,525397,1529693,78578,139213,2246880,6183810,9122
1027751,590091,1428005,931035,389667,3491627,759467,788309,84332,62580,386278,1753952,6315
500482,425085,1457425,935863,395473,3400445,744974,763088,127538,172785,726114,923762,4004
490455,212256,707360,701922,378026,3374194,747900,786088,125506,171973,1117339,1802013,4125
1397469,1014767,2320008,1688734,423239,7301894,1051606,1355310,377487,446432,1802979,2752006,5711
2897558,1304223,3116912,1516283,607230,4495792,1350308,1682728,457492,492197,2909914,6877306,21152
1380014,937695,2054198,1522868,376270,6822341,743956,774116,363507,361859,718986,1096498,8924
929106,715238,1840459,1717500,403445,7422764,753330,770531,377901,444917,1474958,1103181,7473
1539265,826891,1733670,1077476,126855,6361507,731580,772414,342085,420233,1476168,2892194,11040
1392870,727378,1924734,1256438,538227,3977947,518679,541528,81257,195664,1135011,3327836,6841
1376010,1193423,2297374,1709026,396629,7571708,743989,772530,391565,424131,830827,1126874,9594
2762091,1075123,3900964,2478488,1276622,10739178,2547739,903577,367466,443171,3900822,8015194,15237
7844906,2042748,10348615,6854020,4748791,19034001,8061153,6310217,638997,836819,12600541,22133869,32464
18590976,4784535,23868514,11107637,7777044,26938751,17216347,18386737,922760,1400591,22416440,48416533,56521
10178382,6503265,13756879,7708400,3247181,15857988,6688257,9624902,774584,950414,11731136,29720906,32566
758592,577637,1894222,1339134,533214,6239371,981211,1002344,256072,342791,1326041,1845873,4551
1690679,731141,1574964,1183710,127538,6461383,605601,898477,297100,380706,1650517,3310599,10982
1094196,575925,1524173,1196874,530064,3555274,753591,524048,163206,208637,1430741,2535666,5797
1078072,572027,1483659,945895,391631,3340616,734436,762646,94298,110634,446983,1794837,5040
515147,407073,1376367,870591,382633,3210417,757644,787770,104697,153949,750424,846565,2818
6690386,1411410,6678927,3448408,1307074,9695008,2895932,4927111,393817,637569,8270063,22168240,26527
14278580,5622955,20981821,11427205,9410377,24280811,20966673,24823605,987990,1271012,23052314,46453767,44590
283040,24017,409445,186345,204117,174911,369076,0,0,0,396959,1009415,420
6064455,2199228,11212591,5869854,5609194,14823697,13264546,13611713,531410,833590,15290191,21881062,16567
3815925,3019908,5583673,3507056,1605521,8502248,815331,1291007,506687,645469,4089804,9536509,17102
946978,415229,1272682,1044061,379604,4467429,959091,996678,255480,314480,1602720,1985535,6188
1875987,1588263,2603354,1746152,175552,7436078,615013,898553,490742,562575,1661077,2995618,13255
7314169,6967931,10507640,6130351,3600632,15398264,6380979,6394029,984009,946285,1626833,5134415,22235
65779225,63419511,93779563,47808551,35435877,93497918,70273847,75749267,6706527,8601066,84333054,191805990,203997
37245061,24781868,56156246,31648201,25711491,65657528,51032309,49341589,3500083,4454860,49661335,99415251,107440
65284239,28344125,93433324,44149648,40908550,76487227,76606139,78363354,2832845,4526824,83009457,212158058,172588
31680882,5920193,46272253,22468119,20892795,38886515,37174761,37570822,495402,1184418,36224140,95794377,79174
9553363,6029355,12972750,6837763,5347613,18578617,9133758,5986438,653454,957841,10298136,30670712,33804
25953558,12129525,37795921,22138963,13888416,44783176,24187737,27964383,2508118,3380719,34057675,76101625,74565
14471237,8639986,19519601,10108386,7325095,25929807,12565915,10806532,1562587,1844561,15470918,42638955,50544
16035085,7991225,27259923,13929639,11317050,33289903,22844665,21278825,1660236,1948254,23671895,57496965,58039
13980612,4886286,17365000,9241506,6432638,22070202,11719060,11392507,1139888,1641280,15741710,33208267,45447
41081797,21177332,62408149,32642616,28709293,66266639,52446806,55637515,2152189,3381300,63239620,146311084,122578
11563140,4992248,17907948,8999295,6670065,26608856,13897248,12348529,1474816,1763252,15740560,38802297,45213
24836537,15389710,38500742,20364918,14167009,43753986,31028885,31991495,2656086,3030223,33860909,68193113,79969
16197792,14464380,24349705,14402584,10947638,29120141,14280639,14132964,2023894,2689280,24161594,53721995,52677
28729478,20858058,42659582,24179940,17645605,46490261,29150068,33080245,3393258,4302688,41055193,94404297,89572
43031040,31349541,62015251,32851660,24242149,61203889,46304613,51661763,4666217,5729697,59837637,130831225,119866
28245188,21479282,47870629,24280069,19305174,49282310,34229297,36782297,3228318,4152480,42626111,95804212,87709
16281512,8262365,26684291,14456274,9089584,35921828,18204762,19382476,2099380,2431840,21420849,46365345,64232
31376586,14147643,46963768,25617761,18783985,52492928,33006955,32806442,2939864,3762866,39978415,85497281,97491
25610900,11603216,37731502,18858990,13002705,39504375,24797126,28015917,2539160,3014920,32452636,73900980,86209
27229401,16811452,41210252,22343483,16036564,46480644,29259304,29915894,2422325,3059303,32888316,78406518,93628
20159582,8622412,31965435,19238183,15080945,42968835,27636685,28544744,2091264,2715693,30570789,64285616,68067
36461763,19571755,49611722,25406309,19202908,49246902,32812658,32933115,2878328,3749509,51176380,120845969,116268
18289135,9126763,27725573,15216859,11494339,34126821,20164760,19119958,1819835,2227879,21898847,49024999,70798
18965179,7352660,27700667,14644207,11409647,35946318,18711264,17373330,1752959,2361918,28486324,68254371,73935
13755157,6959463,21254617,11909828,8275240,26463254,13367005,14874154,1744045,2091865,17800899,35520276,50462
13244850,9823786,18486078,10132714,7062063,24746513,13206086,13483131,1436379,1953206,14651295,32365335,44454
913311,645629,1687003,1490322,385238,6345424,737222,771194,321490,381219,1482300,1132162,7781
3878678,2015899,5477253,3776079,1963113,14037748,4608334,4281867,686787,718331,4083626,7567327,20663
2585146,1457526,4952751,2760561,1049131,9075444,2134801,2419859,557833,705488,3391662,4604009,13742
30014351,14256034,43858600,22999590,20074095,42513951,35087655,36832606,1688103,2462742,42684229,104564071,90380
24770227,20518809,39371887,22002222,15413164,41754423,26745719,28354389,2969353,3840192,37784341,81166967,85071
19384945,11719012,28076592,15404455,11903940,30927331,17217623,17302788,1859635,2037697,16730283,44109731,64045
8335936,2435170,12967922,6850059,5481229,24147497,12912372,13392473,1260840,1690926,17224388,31144411,35861
58252503,19222527,81501529,27639653,61642878,40172233,128813828,136540640,1796431,2334834,80029216,333539674,43471
19645764,10491760,25384710,14577877,9932776,34606446,20664226,21483651,2164460,2395093,21077911,47873568,64986
22175653,11264556,31464064,17286183,11693115,46335886,25902649,27858653,2742638,2791634,25501271,51607686,79762
24155474,12835043,36885180,19675514,13637231,45230608,23863673,24984345,2510266,3171402,28748252,74810490,94475
37786840,12849915,53338080,30238492,21509830,63811472,35683911,39960413,3673710,4567426,50647836,111161857,126556
24712576,9511816,39597969,20625860,15186430,55650550,28029271,29408750,2638878,3513957,33537580,76501739,98454
30249648,8106767,46824495,25886879,20911270,55983730,34660957,34388188,2522522,3110261,42575223,86555159,103856
20387628,6692100,29951934,17210764,11926483,44674621,21427160,22621583,1990908,2506782,22768333,50266439,72900
28599314,8541559,40719771,21077018,16048361,44823153,25706774,26676251,2237654,2822160,34505839,79095932,97200
23072064,7154951,34376286,20033412,14766094,44876140,25769899,25285474,2135400,2713368,32011511,73511427,78980
14981650,6245269,20285322,11737056,7286352,31797150,16017383,15235994,1797312,2069233,16472023,36638335,61104
7073052,5260900,12029431,7638024,4216477,20299359,7719693,5737595,846296,856884,7692277,13022029,32432
4631348,2898049,7766530,5558377,2929367,14941185,4755134,5264916,937861,1074464,8828815,11308118,24406
1320270,1318008,2676972,2088379,419666,9724119,802984,832431,571533,656463,1415156,1346494,10118
6049437,3587714,7859578,5099206,2644388,16179099,4801782,4948636,974046,859667,1943685,2639424,21380
1849852,1479698,2959670,1994980,407944,9981858,1265909,1312941,605568,720884,1787529,3026523,13177
13095197,4579736,17721423,9905153,5591066,23871750,10031310,9562690,1400248,1803551,16351113,35786079,48180
24827396,23570183,33476699,19230664,12533185,43932756,25032648,22243842,3270927,3215555,23107626,55050113,85888
19988905,22070425,29032506,19659016,12916506,44951094,21902399,20396278,3450047,3999849,30004058,53610970,74724
4755357,3448291,6653387,3665948,1363046,13536164,2470919,2579646,1082206,1324113,6042256,12928697,27508
12945182,5906461,16061006,9415550,5058980,31090015,11939151,14070119,1977046,2331038,15991489,36530278,56326
12018318,5759385,17841420,11599157,5924478,34280460,11458474,13034573,1904738,2162202,13684615,28127598,56884
3977968,1979112,4852504,2660739,631320,16117693,2626506,2762835,1168216,1244569,4436357,7915768,27131
5421839,2207615,5970378,4534065,1949219,18898176,4767163,5186013,1130113,1383185,7690957,13783166,30030
903950,465558,1201463,811254,198535,2010200,134119,407445,131549,151275,758686,1947519,4980
724960,379535,1049121,597231,394889,1332992,640707,669855,48118,74567,1136921,2076639,3122
1276160,533880,1846152,1080621,673589,2360848,1058718,1104330,63020,100221,2411385,3502290,5032
308960,42896,446920,243116,183895,320494,20587,21972,0,14120,667920,938080,701
479520,63766,693725,385470,275996,598838,31335,33468,0,23031,1021845,1406555,1411
1532800,718063,2217628,1384317,728895,3322070,1169131,1220214,188079,328440,5616110,5371195,6134
450824,110698,757619,448534,272223,850570,521196,543869,3190,35394,694497,1464964,1720
50832,51730,476748,278232,174360,526781,735126,765823,6426,14806,57254,103822,299
331297,443430,801134,481604,279956,897047,1244196,1296141,13327,45904,731367,833852,1215
76887,27861,745536,442843,267448,766296,1278005,1331308,12768,24059,684091,152279,382
55007,16747,493141,293403,175871,507399,813582,847503,4242,13535,452026,110725,268
34616,11784,461118,275855,165634,390948,505352,526415,4435,13281,432110,67814,160
41217,13111,471908,283005,167761,449688,598330,623269,4953,13735,438419,82167,188
36534,11954,435841,266923,159866,424000,328681,538250,1918,17839,416544,69965,187
44494,15629,65352,409152,247241,604189,484162,691238,5973,25993,646309,89420,187
53222,17140,76696,453134,252494,583212,498816,677498,56378,72104,689996,106237,280
15618108,4940132,22474351,13640014,7328846,21353578,14369902,14879951,1340975,1618239,21778617,42107241,50998
390160,506677,564133,350894,185842,558518,367772,91271,54032,0,1142209,2273458,1245
324400,51480,469469,282776,166042,439625,324830,23456,775,0,705786,1391864,1099
3204492,2267585,3721659,2006921,761228,5768475,1537854,1348275,425958,474695,1837938,6378350,17991
508160,165330,1513767,902117,551747,680363,507409,528983,4051,7247,53433,1372034,1577
328480,80839,865043,514329,315646,473909,329238,343275,2111,4475,39433,883492,1154
551200,137665,1316207,786722,477195,871773,517786,542214,55385,67860,462258,1405209,2000
319200,72310,702339,418267,255690,425848,324138,337847,995,2744,30675,865432,1077
323440,58418,544387,468559,346793,467973,359786,344223,1439,3622,38067,884394,798
472800,73581,684359,406923,481193,912743,942689,502981,1470,4815,54973,826856,1293
367440,68492,531841,323472,560683,1330852,1099181,366802,7115,8838,68271,152458,1334
340000,53915,491954,295603,210559,1046730,921985,622563,2657,4481,44355,100714,1119
324640,54314,469892,282531,166670,588349,527976,549980,6771,8187,41586,84324,1047
311760,50882,450886,266660,165702,418669,508776,529979,3225,2648,29635,69024,682
683600,130390,989356,606904,337555,1469785,1253042,1305273,19061,38374,435056,842336,2536
331280,56830,479402,289179,168307,685729,584721,609305,6388,14022,38793,88134,492
473120,91867,684633,414968,241530,762616,646499,673337,15598,29430,41391,90417,204
578000,449713,835752,521044,274134,1660370,1569421,1634828,40999,59802,415706,782872,1253
342240,58704,495035,298905,172074,832951,729471,759882,6359,17546,55066,116530,317
483920,76613,700188,420675,248845,880902,757097,788658,6721,21418,50180,109026,259
327280,52120,473381,283682,167959,683171,596322,621181,4835,15019,36588,84286,202
316720,46301,458211,272803,165685,555129,504035,525042,2659,12509,29673,69081,152
529580,511485,869709,565789,266521,855153,1007789,1049886,79994,97538,524937,867402,1781
59583,455410,783949,493681,257189,867693,634857,664626,46350,62835,54759,121079,312
679035,65149,502705,310790,169571,237281,30040,32160,5562,17241,716232,1762525,2022
762356,113358,720392,441869,248295,261070,33840,36125,5681,22087,676525,1988167,2203
625734,90139,490226,300722,168299,212772,27957,29747,3437,14638,457458,1637726,1771
1001092,142901,525499,323926,176328,319388,41517,44191,4185,16478,476733,2614217,2719
491534,79001,630278,291642,157482,375320,28128,29990,6256,16869,432382,1269819,1470
582356,88984,842897,303358,168440,464590,27077,28940,807,14851,458488,1520611,1683
740749,112418,1071633,438346,248027,620720,33621,35881,1338,22002,673495,1939391,2066
647401,103070,936830,429909,245779,526063,29950,32018,1905,23874,665812,1705748,1385
718342,120563,1039474,435408,241048,546788,29752,31548,6098,25423,656938,1881061,1404
484457,69234,700912,286281,161981,420844,22487,24039,2136,12856,439393,1269122,1428
1082489,177066,1566611,318253,170820,613457,283272,53867,2031,13865,460934,2832336,2983
1686922,1371841,2440469,1238402,413433,2131870,825912,349309,18939,31227,1281975,2712519,7182
36528,12025,53086,35204,165408,364279,328056,535407,4636,18669,446418,862351,183
37592,13029,54451,36008,161992,414283,321222,516835,4819,20195,441131,840095,190
39551,10292,57433,38157,162650,447603,322563,557886,6982,24052,444265,846562,233
41897,14627,59778,38958,164030,453671,324998,613581,6061,24186,447120,854327,207
270359,508307,391295,253725,167903,522071,336451,369751,3581,23878,668700,896600,932
47399,14732,69111,44924,245423,546445,486894,507972,12076,35050,1063171,1280556,241
39086,16533,56556,38287,161997,421196,321234,335213,3788,20117,680974,840566,191
73286,22229,105478,68702,178838,613263,353015,368865,16619,52364,1603433,936995,356
553843,100461,801434,497027,354961,1329961,699228,731705,98137,124401,1143734,1878545,1907
577308,78331,835273,505939,167602,365382,332119,346574,2589,4671,38269,872888,1197
1016988,694428,1471122,944085,441414,1466852,870163,910365,72053,37851,978077,1882599,3098
36978,12345,53618,35931,163110,462612,323670,337759,5077,24733,732724,1385253,196
350860,579860,507274,334733,258818,828373,517405,542201,40154,43303,1378045,2598052,1094
48285,18311,69488,45447,236632,603672,470429,490709,13271,35685,891442,1682352,222
63151,21147,90940,58684,175966,457567,347622,363080,3659,33401,1370666,2636379,297
1184148,179343,1713390,1050487,434212,1452259,855081,894705,68839,116016,1084532,1985722,3546
475731,80133,688396,422712,155493,449219,308308,321734,5536,4779,32789,73620,1560
523339,105793,911736,562009,189140,506017,335015,349808,6384,18382,38218,89236,354
322400,74048,708183,428564,254950,307755,327715,341911,3442,12576,31255,69583,187
328800,84329,834887,505665,299880,336221,331680,346129,2759,12169,36088,81564,196
617600,168422,1592469,973226,559100,1252260,526558,551662,76554,96139,504484,823001,1789
3326516,484577,1962235,926522,409264,3333470,1438125,1504173,279287,331251,3577494,6523971,10172
26795803,16552194,34575628,21273337,9994013,42977756,22079319,21094664,3413523,3354722,34349564,67174144,85436
6163876,1519443,8376011,5441196,2720361,10096294,4287295,2759446,226402,386175,5853351,17387806,20552
24826201,22767107,32176536,19268227,9508973,44920868,22592962,21398432,2648966,3208879,24940159,54691364,76024
26189394,22075473,35706570,20464808,9240298,38732902,21320996,23623017,2258082,3321992,35502534,71320880,79871
487760,83592,705255,46373,14574,0,729925,761922,7873,23095,662307,1363279,1459
320240,49672,463430,32533,11320,0,538112,561765,1118,11255,437847,895116,823
323520,58775,468318,136273,11874,0,573425,594017,4814,15984,432354,857073,1157
806640,736891,1166603,753038,333633,1651012,0,971133,56402,107218,1040235,1963054,3139
3706480,1617101,5363574,3474935,1650051,7122719,3863080,3044288,16258,346941,5076742,8908035,13682
547040,357846,790700,487551,265377,832597,84592,92841,0,49028,1675232,1421932,1836
323680,53798,468387,284009,166198,330002,24845,26524,0,21075,786525,866776,631
340400,54425,492621,303879,167160,479767,27577,29400,0,24238,838472,874815,1070
807600,591500,1168510,768630,352126,1469098,660538,690282,11763,140311,1073995,1774729,2488
330400,52124,477918,295268,164689,344524,335528,550744,6533,390,31256,72628,706
326080,55195,471688,293999,158843,353420,318971,589362,7816,0,30179,68396,718
869840,540711,1258323,810840,395878,1191162,798216,666470,66515,90667,1886464,3487984,2971
335129,51189,472349,293445,161039,322615,323334,23846,1257,3278,706348,1316678,915
678736,54618,481456,299910,161858,380163,324144,32150,2075,4498,942040,1761675,1224
5818841,1519554,1295966,569182,167878,1157148,337285,196769,61181,63866,348201,2778158,13983
462924,181886,1620020,1011099,299943,613738,339769,355382,2919,6551,62069,895721,1341
483680,113059,1056143,656610,361284,557971,469723,490537,8479,11208,58771,1220611,1183
328240,78453,712058,445742,239635,416819,315755,329806,2594,4292,33163,821041,931
337600,98203,978327,608962,332698,477091,323657,338235,955,3402,41317,843250,1012
473200,114894,1089542,681788,369426,558303,460185,480629,1750,4463,43844,1191801,1123
482800,123389,938976,597022,309067,638385,458901,479102,3733,5894,42481,1195109,1304
643440,179730,1510480,947492,507159,821263,616923,644604,7580,6513,65573,1426089,1739
833360,836512,1097482,759207,294087,1660034,699114,732724,102307,51090,1304789,2418391,2736
342160,13184,72515,46837,16739,512055,325492,340141,3285,15348,1005941,1850755,2264
325520,9208,49718,32255,11569,402849,315419,329434,3885,14625,682333,1256249,1405
326720,11173,53842,35932,11686,326782,322884,337227,2470,12131,688000,1288831,974
330720,19240,68370,46043,14396,369592,321774,336166,4129,14719,882457,1644720,1194
476240,57190,516605,46918,15810,602393,457658,477935,6072,22328,875388,1606237,1907
636880,548017,921648,468764,144112,1295803,522206,547534,86899,107732,1517494,2789623,3554
2204000,2420358,3188871,2526310,1311674,8007623,1618238,971491,365448,523017,2574324,4098934,7569
327440,52803,473921,300721,155380,338816,21644,23075,1506,12996,692203,1262076,1064
362640,63945,524420,332539,168421,507124,44313,47174,2193,16838,1596063,2892773,2250
499200,80421,722175,460570,233162,637131,33666,35907,3064,23269,1036996,1857032,2177
327760,54501,474132,302391,150813,478614,272531,27871,1062,11619,808403,1449945,1856
602322,63557,496647,319911,155167,504444,314559,27218,3206,5393,887790,1582823,1985
492781,50072,469502,297012,155419,321882,315262,23335,1379,3119,685158,1245692,877
586918,54612,491146,313232,157463,468851,319079,27875,2606,4696,805854,1440608,1757
675863,94849,738226,477812,231948,760478,470827,31856,2460,5016,917625,1620523,2222
936487,63136,524301,334379,165703,562933,334327,43791,3491,6739,1289610,2308205,2632
795676,58300,511868,325599,162571,520122,328821,326043,2721,5468,900172,1983261,2227
499581,53276,483946,308105,156223,440422,317117,331486,0,1754,0,1231848,1508
616461,68991,492495,313418,157935,471313,320068,334689,1798,4217,35521,1523736,1832
497073,72766,478838,304510,155415,408416,315268,329566,1527,3353,32140,1234113,1373
742998,107679,718008,456247,233101,631940,472824,494251,995,3647,46173,1838012,2183
491599,74152,469467,296679,155401,311937,315239,329511,3845,5545,31774,1245484,840
487059,75216,476554,302253,155889,357123,316276,330695,2946,3159,32154,862599,990
586696,87117,489111,312518,155097,481067,314455,328848,3425,6090,39703,0,1847
603493,88448,488674,310513,157831,458540,319781,334346,3484,3542,36700,0,1741
877930,765731,1453785,977907,410793,1971583,834733,875768,101838,66040,1925260,0,3453
44703,13321,492274,313477,157872,465405,319953,334561,4044,16901,861129,0,198
38524,16152,480155,305328,155485,421797,315420,329726,2068,12802,692100,0,0
42974,12322,489508,311696,157613,459176,319368,333953,4250,15574,816728,0,0
36489,9802,343222,305827,152907,443477,310476,324691,4248,15612,672445,0,0
51254,15553,74032,448195,232952,508267,472548,493900,7347,21625,1031483,0,0
1612753,880782,7733505,2622148,514673,2737063,815828,855577,217334,248401,1008663,851847,5493
366800,152648,1427871,911186,463953,593607,334340,349890,4517,16697,57185,132196,431
348560,73783,662419,656418,337658,613092,324377,339276,4723,16455,44718,100885,309
330480,54116,477969,533617,284085,485435,318990,333471,4925,14010,36133,81497,251
262508,76922,683138,580992,304678,571016,456153,476657,4374,18712,40869,93665,278
39105,58153,491189,472396,238384,581986,317593,332026,7436,18323,33651,73691,223
47835,53641,487375,466148,239758,574923,317713,332151,4682,15362,41826,92353,259
44949,54775,491728,545429,280346,676248,319476,334068,4125,15257,38464,85620,227
44063,51606,479414,535013,285114,490150,319321,333807,3251,12785,37322,84686,238
34676,53691,467653,449446,239362,377317,315110,329308,5811,14911,30399,69364,178
54971,49411,706599,817762,423482,997188,462543,483573,4665,21244,614123,106861,290
518942,99727,1382766,1341640,541711,2574877,836071,876793,106619,138898,1297391,1215464,1906
628070,92881,908985,42763,13885,226197,319882,334482,3635,15071,459351,1546446,1952
575658,83034,833095,41074,13783,194972,318941,333417,3492,12838,449752,1458480,1091
496732,77403,718649,36472,11835,181487,315132,329429,5456,15871,452623,1228527,1396
587361,645625,849923,770507,392020,930937,644465,675661,35973,56427,935901,1558466,1134
50029,18653,71745,0,305972,759207,456988,477557,15135,28805,659958,1177003,268
60288,17732,86838,0,423363,753977,332573,347910,3077,14070,469460,868412,343
56910,15705,82148,54700,394609,895008,461618,343801,3582,15184,468861,857462,332
43144,12063,62510,41261,281684,681108,572804,333823,4515,15197,456920,826454,191
8001222,4417929,7862481,4348752,1203295,12665338,4976773,6479348,1146062,1283063,9089675,17678534,27038
8956191,6315735,16476878,12498932,5412462,25197893,12097232,13422565,1889968,2316286,14113357,19115325,34447
47674913,132997798,74253240,52267078,22306765,67812156,49111236,50950335,12274884,14502397,66005336,96921931,95480
38694122,184334632,55758011,41392562,10999287,45614417,21158048,23571374,19546125,19146287,47130265,64132329,61587
21146467,39165787,31198153,23876605,5773649,39342255,11840952,13359038,6105901,5674467,17213630,30066720,19281
20836458,49661141,30563511,22232242,5235383,37485004,10172813,11983318,4230919,3469382,17521435,30161496,24802
27513918,44359351,40122534,31528309,7301676,49945219,13525323,16126465,5461979,5126878,26044969,43546072,27937
26800152,37359989,40870604,34355796,7918472,51924729,15315141,17784849,8425795,7863523,31878653,41101378,26397
26015594,36769398,35495269,28436968,6796395,49356665,13708571,15737996,6383109,4549326,22868275,37292560,26601
22726777,30073563,31605721,25279116,5651625,42331880,10581412,12870334,4042412,3349804,20186316,34061207,25582
23747223,44198090,31416007,21793123,4946362,40297631,10954366,12663438,3014299,3703653,24364373,40801345,32801
16015610,6597473,19970148,14086512,3220095,26386881,5838485,6110431,915202,1125438,11443008,25323395,19069
24793778,44659952,34978052,26385906,6147141,46432697,11605241,13508113,5014021,5629176,23104517,38127227,31460
21179896,20606366,28237710,22008701,5637960,43489233,10826839,11733441,2520029,3669557,23577303,38245546,28360
21065210,33398142,30718590,23835944,6136494,46881517,11122964,11165997,2136452,2658095,18572280,32427846,31488
27148474,39533932,36162231,27504681,6434201,49917385,12559755,13892617,4198285,6777028,30472118,44990362,31700
30347566,61757631,41917401,31582229,7766469,53902693,14557917,15751322,5268428,7322036,28931535,49096559,35247
30902882,78035550,43483045,32109056,7662013,51012745,13288096,15541629,4996705,5769847,25257027,45337568,38633
26616961,29199733,35750937,27506237,6799032,50629384,12573553,13773568,4228086,5822713,26232597,43251881,34111
30446412,78089067,44142174,33214059,8023896,52707088,13676612,15388546,5798090,7018837,23668324,42374050,32425
27762771,59222635,41303757,31330776,7824376,52590925,15672502,16450445,5593867,6563153,26189761,43436009,25916
23802894,38381531,35592552,28627304,6796676,49905279,12262413,13803375,3610641,5066828,21023720,35496155,26669
26281945,38058899,36753784,27626624,7170115,50706037,13557015,15315028,6242508,7085906,25214901,43031802,24902
26937686,52223012,39258480,29633305,7347476,52356883,13774473,14442721,3898858,5579703,25320205,42180715,26364
27500213,39662624,38048211,27063787,6460720,50019546,13162141,14228261,3376936,4958930,26565186,44230866,31971
23240299,27170108,39902069,27700636,12551774,48178009,23149077,24991038,3476885,4150658,26562870,50879583,62818
28556122,34067399,40908880,26883002,7261051,52531109,18517060,20380311,6031693,6588295,31196092,52467684,42029
30742830,11743785,42152245,27388636,13081795,49311624,26214256,27101263,2881101,3615958,33991086,69390235,77147
36829183,20429665,51645072,32982319,14975132,56523501,27532207,29999450,2791365,3620503,40893869,91454287,100040
26444379,17320699,37915446,25127853,10819793,50591518,20493830,18706711,1858424,2481672,27671771,63913666,73411
31018682,10240572,43533527,26135197,13832996,46300759,24299308,24734178,1721761,2329507,29625485,70067419,99703
25942592,7877671,39315079,25538093,11592603,43931603,22457969,23858705,1714233,2378928,33837101,64070438,67514
45422959,10925049,61964162,35137961,17805496,56936422,37048696,39277805,1436094,2485246,47787564,111917031,114690
34207267,8477377,52326732,32784549,20088734,56214677,40782453,42030079,1320359,2303771,44537534,82564658,73568
36959388,9916086,57549478,35788611,22690755,59162871,43054996,44610091,1326100,2464013,51015960,97290625,97618
35656848,10235997,49989957,30422573,14724092,53733064,30457919,30554402,3133597,4089345,39574641,80668362,86934
28054652,26645897,37947471,27172161,10799173,47141274,18711406,19884970,1734939,3406452,35839838,67145626,66025
35336315,9764820,52857109,33242592,19041092,61565612,40946333,41615781,2566036,3589414,44706512,87663046,88622
28698516,10563498,41731645,29287757,14814766,54174068,31512464,31267871,2018183,2846710,40566904,71160172,78930
33675445,40560166,45182927,31454396,9803411,53172015,21334334,24327748,5006683,6809932,38646909,68934168,56808
31319074,55396987,45766890,33700219,12175031,55769187,21630451,21516068,4673814,4879337,29795629,53413377,43453
17347229,36487747,31913844,23801680,5808981,39871878,11121610,12449485,4483410,4818079,13543054,22243200,14894
24532069,62424822,35552806,26635917,6616989,41856147,12133712,12954971,4155029,2691805,12964271,31141850,23323
18955326,33307533,22941579,14582365,3527552,30918880,9272909,11374650,4959634,5299653,22488669,35842558,27600
15411551,2055317,22491757,19361204,5548647,41616516,11678940,13138573,4537161,4814116,20882322,30421126,15594
15007742,30034606,31682669,26042232,6568564,39719294,12292189,13833418,6245663,6727659,18395288,19829078,13053
21342650,43320617,30210043,22916641,5615786,39297337,10886517,11797233,3920701,2630936,10542682,24681042,20476
19311246,26124587,25817084,19332350,4951228,38604206,11004387,12519322,3096817,2831325,19354586,34613129,21595
14726740,8893147,27100342,23671069,6368458,41663840,12707397,14363738,6502350,6973657,23185502,26037509,12496
16364442,41408279,28949546,22453438,5735678,38435874,10938754,11966523,4546079,4302732,10281867,18732495,14890
23961951,47730444,32971280,24511944,5784849,39890720,10610033,11734233,2928887,1375729,12946263,31128810,28713
24387506,65241266,32218094,23751459,5684043,32140332,8408148,7498836,1185477,3487173,24145897,43101471,32654
22357479,46202030,29686372,20220005,4428508,30808748,7521895,10115235,4244612,4700869,21340512,37613463,27286
20934284,27920012,25547110,17299030,4635581,38845724,12446439,14746445,6311330,6873327,27091817,40156151,26152
11447136,1992644,21074372,19512592,5114645,36145936,10377360,11924263,4697117,5002623,19103732,19606523,12459
16290048,32158920,29794993,23431761,6021777,41343797,11815014,12621610,5236954,5575333,15102423,22827433,15725
23588835,41315804,30172354,20808594,4950963,37117567,10764064,12686703,4855473,4042675,18882566,35773662,25668
21357339,44786822,30529627,23581702,5792894,36455262,9902232,9735192,1200767,640398,14009403,31485306,23744
24193402,53833518,32711788,23613432,5410166,35161022,8869935,9193206,1555329,3475463,23147999,41238669,24870
3734219,14563479,5575385,4055085,1125371,7733954,2127386,1413960,573131,403440,4062182,6029777,8313
610436,865081,1589544,1126443,363998,3870433,736433,768136,284474,324568,876971,868876,2875
901472,681220,886607,659205,249100,3699564,727908,751148,262028,307661,1240216,2444899,3696
1168076,1060089,1578083,1109116,238525,2755686,274815,526427,285163,330342,1269173,2432100,4406
1443486,1279837,2007243,1427329,477627,4624655,956662,761169,254430,300045,885288,2284798,4284
864598,1037125,1959875,1339816,460415,4322481,908165,946985,319481,323695,885114,861691,3535
16510567,2104926,23468210,17942613,4243359,37077011,8106000,8879189,421659,717985,12867214,25955661,16128
21231252,2983319,30689509,23202755,5288031,43426540,9811190,11272879,477762,859762,16709399,33521743,17197
21493856,2784758,31197048,23377908,5446808,43819166,10182657,11234556,368233,700798,16399495,34037722,16750
21225554,2699790,31082643,23343041,5476944,44625329,10307436,11649411,454381,820812,16067341,32453114,15102
11778809,17924983,17788031,12469873,3192271,26388182,7564859,8959767,3094947,3266180,15450880,20940687,16779
28038794,59219991,39537130,29445371,7108225,47053034,14246216,17495598,5737007,5015749,23752463,45906713,35884
1151982,942414,1608107,1149192,354275,4239717,719563,525671,154700,182100,836256,2324114,5547
875410,911533,1576902,1075746,357284,3681320,710381,742481,222343,269504,465631,876669,3033
581728,572096,837234,827830,353153,3646444,734410,766137,230292,276222,1195071,1605290,2885
1407030,1096193,1923752,1081053,244448,3324274,504161,757031,220622,313630,1477311,3078857,5269
1136064,901681,1546910,1063689,336379,3894255,687102,495854,129854,162099,840384,1951712,4652
847119,946404,1553765,1392521,570143,5436203,1147073,1195788,378257,430218,1162819,1623207,3148
581038,969895,1168955,1182262,368538,3930306,725534,745706,455528,507865,1154628,1631679,3203
1115934,793241,1513994,832479,127468,2823175,499125,765026,208722,259699,1199238,2427032,4639
1124205,914408,1575820,1099312,363848,3827745,502647,281259,129834,215471,1149300,2287967,4517
1200412,1006981,1989645,1360046,467861,4406080,922627,963990,310046,294326,853848,866383,4213
755257,608330,858002,846506,263852,3834255,740104,771338,241931,282862,1212478,1621747,3264
7744251,1550503,10157213,6812177,1492799,14882042,3194561,3742582,376389,519446,6247906,13130534,11244
21608621,3045287,31311630,23581683,5429009,46225151,10035132,11154191,520400,919171,17280549,34169692,20929
21184105,2899490,30713008,22715019,5379570,45600314,10264449,11543874,574242,848403,16185972,32470186,18557
21034516,2322216,30239202,22934934,5509228,44591864,10622655,11844684,485447,829820,17111077,33716367,12739
16380241,2313968,22665943,17201387,3960937,32452342,7199675,8034999,503507,766143,13013622,26126600,11968
1280747,686646,1784447,1269094,362526,5209699,502955,504206,51414,176701,939869,2486240,7239
1257265,685762,1715843,1200593,339349,5060577,678856,709939,173871,185526,543795,948519,5529
623891,286018,1325586,1204698,354525,4992851,735337,767071,177095,251405,1299704,912893,3419
1599216,672527,1761818,958700,243000,4342458,729297,751795,212996,290605,1596436,3340948,8565
1300849,668690,1747807,1221265,352067,5144124,499320,525758,55389,184477,922382,2659150,7239
916258,632346,1708097,1216931,363207,5096970,735361,768879,169198,177337,517817,914235,5183
650861,306426,1365614,1001841,361329,5061317,713062,736042,164745,233684,1265663,1741833,3787
1342623,858075,1433680,888617,125722,4739657,645630,730215,302234,379166,1398954,2525565,7279
1236954,647831,1726919,1499246,479728,5063802,502189,523431,164358,299500,1584602,2450736,6586
1597018,1082178,2567755,1764792,572334,6288513,1127083,1175269,153718,167356,516902,2562612,8593
637215,292274,1314872,935961,354143,5047011,735173,766658,179325,249502,1300877,1710985,3493
1281727,471232,1337286,959012,126902,4516200,507879,756929,165786,245093,1274175,2554734,6926
1273355,655225,1726372,1209265,348077,4302888,490515,286549,100346,167153,1299000,2637604,7032
1209572,649153,1681550,1179985,348601,4930045,709910,741934,108263,109567,521150,1689890,6533
616817,440572,1700900,1199923,475733,5663408,929998,958073,225159,305010,1276382,1739225,3408
1238445,470615,1314367,949505,127561,4380263,501874,770895,182127,254246,1317053,2578836,6801
28653298,46422897,40289904,29855569,7150120,50436155,14115301,15356607,6004298,7521698,26570735,45492863,32567
10370665,17985610,15507187,11347808,2902654,23887978,6576618,7418472,3477815,3754492,10663349,16039693,11315
1027529,1509651,1701603,1601664,354873,6341127,733742,762731,541527,606026,1196770,890688,3277
1683043,1619755,1945472,1337263,244132,6001658,725017,980233,594431,655160,1880399,3296099,6590
1662651,1661547,2046396,1566881,343940,5390426,481284,282498,472122,524457,1567889,2568069,6370
1644959,1708729,2088109,1612592,366027,6352321,743476,772635,488637,519922,808396,1646172,4929
1042232,1531700,1701841,1624810,357607,6332446,706129,732499,528678,578827,1176273,882828,3230
4295520,2010643,5733917,4537210,1207171,13201805,2472797,1822291,574392,710326,3292250,6086421,11784
3044693,1808800,3144100,2573960,720477,9991988,2042803,2152301,638602,779606,4131546,6892827,11383
1765027,1602573,2056861,1560211,348639,6046444,704970,716985,436760,423471,888111,1761078,6793
1715224,1660189,2361072,1783599,464195,6730060,940538,761797,502604,560589,1496068,1633229,4882
1385755,1404282,1302439,1340767,244833,6196129,717745,738914,547247,598190,1560465,1724054,4867
1739448,1765790,2101670,1376950,243106,5113734,499328,522046,566802,610735,1610616,2597538,6863
1691030,1845491,2153706,1691518,365573,6555561,510002,532222,472733,588169,1231324,2403812,6284
1422869,1845286,2562391,1923382,473990,6918089,927590,967346,621972,628332,1230042,892514,5075
1081584,1507335,1442888,1410416,359835,6502172,737242,767150,607830,676948,1658882,1680888,3269
3917337,1754045,3995239,2639030,406832,8139869,1154333,1721866,587601,676544,3579830,7140790,8028
4732662,2046927,6514591,5142165,1294019,13616213,2449402,2290206,512182,604062,4143895,7243409,8565
1701472,1680064,2057204,1591959,365575,6190100,740473,772498,485890,524066,815993,1616632,4489
1112541,1557379,1716762,1634643,471040,6672426,918092,952195,588484,653012,1547497,1688506,3365
1744469,1682297,2035582,1302489,127918,4769598,503616,771200,532367,597538,1562834,2514943,6191
1732376,1694214,2108803,1598125,366345,6084479,505507,282977,408138,505779,1518591,2462197,6424
1781269,1744218,2088598,1596735,337504,6098564,675726,711098,503353,548574,875817,1447828,5276
1378962,1541310,2090304,1613535,359429,6388195,725847,757209,571404,633929,1218225,904866,3342
1729424,1757079,1759093,1402579,245562,6276855,940649,968445,644426,703795,1977792,2558951,6483
1721112,1675513,2022819,1542053,344304,5318394,275304,288029,458016,567548,1549626,2547469,6374
2059960,1880043,2421524,1836156,360001,6093145,731486,972214,529440,515328,1131690,2299791,7460
1104840,1568887,2095282,1590745,357076,5977942,710572,741216,549658,601065,1209237,879631,3245
1411744,1326245,1288431,1192167,221190,6090080,697462,727650,511980,570936,1498808,2065171,4802
2101737,1923431,2496158,1610917,354698,5382608,508986,527731,536744,635914,1845079,3199567,8084
1752316,1663658,2012204,1511411,344457,5961856,700883,740554,458350,448558,773402,1760001,6584
1105742,1580234,2005739,1541045,356302,6142099,722920,754131,529127,583935,1140130,884410,3065
1412712,1253327,1261587,1036087,247318,6135331,721499,742696,505974,555226,1519836,2526163,4769
1716894,1648147,1983837,1522139,236451,4785871,276969,519204,521649,569869,1539805,2500212,6210
1736029,1614719,2014483,1546377,358782,6274762,693325,527406,407530,497538,1110858,2389732,6417
7096375,2127234,9895708,6830991,1594286,16408302,3381087,3827524,622293,707511,5897049,11177991,9109
1361071,1518179,1327687,1095804,241808,6170313,730457,763488,585092,645190,1630450,2484761,4820
1688924,1757718,2123156,1634756,245905,5040017,273236,521615,554633,603898,1529241,2473489,6350
1730065,1810710,2129109,1637643,351246,6460590,503848,295058,467979,575252,1653737,2661556,6773
1669216,1809886,2123214,1651695,365869,6349444,743021,772490,577672,560388,835080,895656,4803
1100191,1540599,1706147,1609903,475537,6900516,924320,962335,597117,653049,1851870,1764463,3561
1645009,1891495,2094734,1372349,127008,5080563,485755,750961,584314,646195,1628230,2499245,6392
1977673,1977760,2508724,1894168,477851,7086913,498543,286038,433402,595313,1870758,3194201,7335
2080796,2015570,2516904,1620834,352491,6219833,915047,959133,651222,648345,1263253,1713034,6646
1038961,1430690,1673259,1588688,359501,6342681,738339,769674,536004,586141,1541538,868308,3069
2009480,1869306,2196327,1437957,243560,5914548,731118,760200,636203,707858,1932745,3338665,8160
1673046,1798581,2051364,1605810,334383,5883595,299187,289211,510813,614074,1578587,2481444,6571
1668922,1840532,2154081,1678520,363840,6532340,736195,768001,516688,501169,833607,1665519,6384
1125677,1639394,2173993,1666777,356975,6324415,709585,738317,581269,630360,1249977,923007,3399
1329087,1441387,1314673,1072658,241137,6143574,733428,767616,540318,604918,1568058,2499187,4641
1684251,1768129,2100852,1609200,245223,4917001,270724,516604,542646,589912,1527653,2525723,6513
2005920,1889129,2417993,1803913,458213,6574760,928184,751560,489355,530816,1204449,2606440,6265
1041537,1596837,1939280,1567035,346241,6292406,704772,735065,553142,597888,1140522,889474,3134
1419677,1495533,1351085,1139584,246358,6437632,719411,743747,592269,643677,1628580,2586533,5025
1683245,1712353,2059495,1327632,129038,4960956,499119,752897,529736,588407,1571852,2463229,6349
1778346,1750124,2108853,1620352,364594,6423484,516918,297020,425382,524326,1540119,2489817,6629
1765284,1681755,2449005,1819327,461761,6736383,926378,974868,577363,592316,1193503,928981,5041
1436587,1411027,1289973,1333222,244126,6055884,719704,752680,535737,605830,1532305,1605804,4535
1758017,1750986,2041859,1308144,185369,4719727,490143,580956,525355,577385,1456604,2345474,6208
1775232,1640516,2020170,1556357,345495,6037491,495377,284361,430352,514727,1565429,2571425,6396
1791692,1725743,2054848,1864933,459912,6984518,921734,957765,604075,600450,1183084,935997,4979
1433098,1313885,1680220,1582873,353011,6455673,897234,939666,561295,633943,1893312,1732246,5067
1771007,1666134,2057058,1318064,243428,4831717,512048,535064,538964,594175,1627798,2560204,6479
1722347,1582983,2031186,1566281,354075,6076736,497117,513699,400266,496395,1129412,2430313,6264
1586966,1736217,2062014,1566745,345453,6040298,701131,738047,539262,543547,832165,910332,4940
1076460,1320220,1603750,1512608,351128,5969013,719551,750348,506120,561052,1485813,879912,3091
2069237,1634361,2014261,1276426,236731,5383172,706121,726663,556694,617134,1827734,3222270,7877
1724886,1561582,1960942,1493541,339636,5849614,484321,511425,393660,496312,1158164,2516309,6189
1436123,1598761,2018395,1569094,355356,6065788,718558,750947,505146,505454,791838,907194,4907
1102463,1464011,1650004,1541007,348496,5926967,700682,730717,524319,571197,1178769,897567,3192
1389078,1276603,1495169,1019197,237794,5634475,711421,740333,494370,548357,1477158,2384346,4586
1721929,1636703,2042614,1572167,246709,4843524,273379,500336,491210,554311,1459399,2435294,6260
2067216,1761904,2412567,1770518,461144,6653650,935024,754337,442429,498987,1162250,2599352,6227
1092811,1451506,1629241,1543679,353185,6040753,717067,749848,513238,549752,1125495,905611,3380
1443086,1393694,1634751,1017544,242556,5400343,705751,730184,481972,539106,1498873,2563321,5140
1702026,1625162,2011178,1550197,237181,5283402,272402,519779,447505,563625,1541718,2532868,6254
1720683,1651662,2390421,1793292,460436,6711060,929608,728008,480950,502877,1439030,1709326,6047
1383661,1583849,1998961,1787567,448255,6606997,890703,928719,561255,623519,1223684,870705,3128
1364297,1418819,1597286,1032877,240684,5385385,718011,749399,518610,556310,1487114,2388044,4435
1713572,1722818,2117948,1630308,249720,5761172,280796,517652,465386,582512,1501203,2467067,6526
1677738,1708337,2066935,1581868,348398,6126048,712657,517195,481200,474039,1230690,1766764,6374
1336350,1596278,2083014,1602369,362255,6174738,735521,767136,542791,590180,1169339,887644,3198
1688186,1560185,1699275,1348584,244189,6082286,935743,965274,580611,650589,1913233,2587372,6556
1655516,1650079,1976250,1519888,279676,5334580,274823,403133,455192,579964,1515459,2430585,6237
1726534,1611787,2018945,1540285,354001,5985416,487265,500906,384923,478752,1099070,2402548,6276
1431055,1643644,2023468,1527427,344679,5964961,700495,738653,502260,494104,768218,888526,5073
1062457,1247086,1607243,1268952,352226,5993027,718984,746403,500967,560419,1478402,1624754,3203
1742961,1454052,1641897,1280981,126299,5241560,490547,727016,506098,550109,1487696,2516141,6375
1411255,1595789,2410858,1781446,476043,6525737,933936,965453,532915,548132,1148588,916644,4579
1409492,1235721,1270516,1189741,221652,6061978,694222,732312,518934,571926,1525869,2165052,4767
1737549,1621082,2039507,1292499,234933,4762615,493299,515631,508080,552818,1441855,2370980,6312
2076788,1855714,2426312,1532990,342880,5922695,694341,724408,461540,581123,1530968,3382886,7674
1084340,1477682,1611003,1519337,346705,5826544,718705,762237,507994,571581,1153688,878729,3042
1745016,1638531,2042090,1271544,235494,5420785,712510,975722,562546,624001,1792915,3098658,6357
1757692,1620081,1995165,1511834,334814,5897216,472141,284812,415518,510699,1498504,2475833,6361
1761798,1676354,2056410,1571958,346844,6148785,723035,756553,497173,548521,838286,1067372,4903
1077154,1503461,1679179,1587240,355891,6155642,716436,739147,500439,562863,1109637,896511,3243
1406266,1457834,1634659,1011386,238541,5364180,706102,746510,489929,555505,1522561,2616697,4804
2019557,1772794,2371162,1512275,353736,5230335,492005,515631,503038,603311,1789172,3070136,7664
1728585,1613516,2019503,1518619,356918,5851587,704834,735268,442013,422681,772324,1749592,6396
1060238,1364024,1953811,1496357,339242,5974312,708437,741170,489935,542875,1155490,874037,3128
1395074,1251492,1233686,1111144,244691,5986589,734935,757988,503793,544258,1463497,2326337,4519
1694564,1724440,2078719,1334545,229356,5005249,484039,512601,556730,600648,1565186,2547780,6557
1898543,1917797,2433178,1844874,474873,6839364,735091,767474,479499,536482,1179495,2448554,7487
1048731,1569826,2124513,1636103,362818,6143292,722453,742878,538231,586227,1152517,893569,3263
1391006,1347399,1312002,1089344,240460,6250754,716682,755780,553793,606495,1625057,2676427,5178
1678618,1718034,2071635,1605037,245846,5015552,274923,525962,546186,586963,1515999,2384807,6095
1692653,1746513,2112311,1627824,357009,5993689,695823,508207,420316,488438,1185117,2588996,6607
1349963,1698474,2056208,1590228,333511,6240642,696543,731573,557888,534402,819811,877824,4509
1358265,1430428,1699052,1347749,361260,6935973,966101,998200,593241,663792,1894104,2456264,4739
1700999,1746301,2085939,1576992,341966,5590913,475402,725498,628026,685870,1974194,3431762,6649
1707075,1706627,2070273,1592053,360295,6216257,738872,527336,461284,494906,1212700,2478254,6219
1467377,1909746,2203269,1693908,367109,6406453,725653,750858,607942,658493,905178,957210,3426
1079985,1429845,1715886,1646431,350732,6262554,727037,769512,589262,640542,1630149,885543,3148
1801865,1844881,2151217,1387654,192250,5637778,702096,971828,634121,683068,1854107,3104248,6438
1667519,1818557,2122694,1629400,344849,6286149,488442,285412,433218,543527,1573203,2564929,6703
1666377,1711561,2071976,1591498,351168,6236452,728081,757405,559857,536405,809091,894633,4812
1026413,1427946,1729305,1625251,361354,6294816,727518,750402,550006,610521,1538245,910541,3415
1715397,1493408,1642365,1037483,126372,5477688,713184,753801,549731,595178,1567331,2619938,6379
1896557,1871277,2419945,1853031,464528,6317821,472049,411509,503639,606737,1732296,3068719,7196
1662219,1848178,2142503,1645186,361677,6277927,713666,737688,583181,570801,832793,867624,4715
1052987,1330547,1675757,1605204,344416,6264613,718357,760087,558418,615105,1602556,878062,2987
1667015,1531930,1714980,1091076,127722,5685804,736496,772128,551086,593367,1521791,2452624,6267
1709973,1734177,2114144,1599522,352930,5664833,268372,281063,486366,599142,1589882,2614142,6801
1681215,1853061,2424126,1821723,470877,6710508,967701,1008820,554623,543653,792133,1701593,6338
1064533,1305990,1680975,1447215,362117,6286705,727077,748137,526106,582684,1526044,1526782,3190
1647901,1540192,1651029,1328049,230838,6214103,916522,969995,582764,652812,1924994,2562672,5769
1647294,1751158,2072714,1612133,354445,5730989,274257,283985,494270,602877,1511346,2346218,6001
1693611,1774506,2135244,1645872,361844,6181928,713057,737770,493675,466014,815731,1729910,6591
1069442,1493740,2041134,1559888,349353,6184654,728021,768973,531754,584513,1195202,906771,3210
1680625,1566321,1717458,1370803,244908,6195115,733173,1008181,603988,666647,1871199,3221819,6366
1693103,1738072,2097992,1581834,352818,5342875,468705,281498,504774,582254,1579226,2601913,6442
1566570,1716281,2060694,1584398,352536,6242656,725729,758917,495120,487575,826919,1698012,5718
1035366,1558971,2117528,1609357,362406,6325161,727693,746725,538221,586546,1157713,909129,3281
1341910,1339483,1280473,1061889,236145,6048529,705976,748258,533612,585408,1576817,2599570,4624
1951441,1913321,2463169,1854835,362319,5441783,503306,525361,549196,594403,1887984,3194021,7496
1707636,1755207,2095492,1614910,359085,6048522,710763,736867,484042,539319,814761,1718411,4797
1321426,1607644,2039235,1572204,351902,6184068,735318,765745,539753,594430,1142774,883708,3180
1103874,1399896,1326610,1361925,328588,6421438,707392,728402,551831,608749,1493194,1624917,3686
1708728,1715991,2083798,1319496,126365,4935029,488978,743731,563414,612544,1603407,2605453,6515
1941037,1835736,2435518,1846056,478537,6902750,734397,526514,482870,538142,1565865,2447457,7490
1404593,1587398,2395041,1770087,475004,6346638,935498,960848,546608,603636,1457145,899836,3147
1337048,1331298,1277915,1331469,237341,6210105,719905,761280,548657,602829,1599464,1724157,4575
1636084,1986601,2493030,1630770,353965,5592171,722299,756903,614394,673610,1530619,2380440,6078
1666706,1750008,2082038,1599710,338475,6120874,455753,359323,441224,539997,1422258,2492155,6474
1723051,1756960,2110838,1630474,355920,6335073,741402,769497,582422,553938,856302,930346,4875
1380553,1366584,1669814,1593495,360596,6886704,961395,986753,587289,643892,1866336,1698903,4697
1707029,1699985,2078359,1320886,238069,4881535,484134,508182,538410,602038,1557756,2580862,6568
1655328,1685741,2068757,1598998,362236,6352222,509391,529502,437905,533769,1177089,2427654,6114
1379828,1774279,2144369,1645117,362839,6287640,716655,736178,559658,545668,813751,905361,4946
1069932,1460643,1711099,1525309,337124,6159042,693322,731057,580026,639066,1609214,1360667,3273
1965156,1725100,2084054,1334758,235412,5527034,733870,767131,608547,666037,1880220,3113956,7498
1694758,1730696,2094430,1585003,355211,6111292,488629,509887,432107,526596,1184063,2611317,6437
1630091,1672029,2025807,1565319,352324,6141798,729364,761432,476774,508787,781062,1641030,4528
1067209,1551227,1722580,1626474,362959,6277701,727421,748394,525144,582792,1171520,895600,3330
1367889,1577097,1686695,1064271,237370,5527225,718867,760566,539801,605651,1591244,2649779,4902
1976276,1903890,2478075,1886672,362833,5822724,501384,526953,549103,596375,1902528,3162859,7499
1683584,1796300,2099833,1601428,349329,6040098,693320,721612,500529,546966,823504,1751089,4910
1031418,1532228,1642570,1556176,347611,6114057,727764,766116,536961,591296,1177863,869416,2977
1323317,1544475,1683611,1072757,244235,5579861,734849,761838,547134,596761,1523995,2432195,4603
2027202,1897727,2490611,1868075,345109,6262493,479017,727194,565695,670489,1605018,2589516,6163
1979362,1873124,2452216,1860712,476904,6895581,972351,772473,561966,549589,1165420,1651165,6148
1103489,1513242,1752518,1642721,364228,6301475,721892,744961,551996,604260,1460604,918149,3306
1407013,1542572,1701195,1105640,234600,5635230,699755,735610,558602,617289,1610840,2568563,5097
1678101,1776739,2113304,1637775,245033,5578705,271471,526176,501965,601916,1535463,2405057,6216
1738113,1695157,2104005,1625608,358723,6163888,707311,509094,477540,470046,1177796,1735293,6532
1353905,1508239,2036356,1565846,349326,6100719,729309,769965,541160,582032,1180106,888896,3076
1651403,1596852,1716015,1344877,243743,6245509,967703,1002982,602649,663383,1883745,2418374,5986
1729222,1758330,2112203,1602201,346765,5567105,272881,290712,511879,620989,1600889,2624414,6807
1652874,1681520,2012233,1569359,340694,6243369,701301,573771,491637,472052,1093902,1586063,6207
1408632,1595429,2146370,1645464,362271,6338969,722740,745057,547640,610497,1186286,901416,3291
1396122,1408542,1318920,1346986,236520,6310505,716457,758098,577861,635067,1637709,1780067,4881
1966669,1852702,2470006,1625009,364090,5771074,502255,525757,554452,655481,1901433,3144489,7564
1722485,1738629,2129740,1625860,358134,6282618,704958,734699,490589,478581,839766,1748025,6669
1355649,1543804,1675104,1458149,237609,6734468,737749,781090,608039,668652,1312052,1753033,4920
1685166,1727261,2038100,1419173,239449,5009930,371450,488970,569343,628333,1520645,2344792,6109
1748091,1696945,2498704,1894664,467942,7030441,702004,722823,492636,585035,1527945,2500630,6625
1682993,1905050,2411792,1825892,452607,6736446,940032,996153,563422,620495,820792,1705721,4717
1061581,1315421,1288512,1346843,361968,6333457,733745,766389,522070,576024,1511038,1653979,3291
1692047,1748431,2110361,1306210,126314,4812576,494952,739155,540373,601521,1592851,2642421,6911
1614950,1763468,2064866,1591590,353486,6234249,503123,284180,436979,553047,1573718,2451251,6026
1662533,1749433,2087815,1626141,344842,6496951,695164,715464,508598,548081,833223,1172931,4814
1039568,1561349,1688038,1572939,338314,6248997,692348,730096,568477,620059,1194920,873334,3167
1665568,1686606,2052552,1317626,244227,5355810,732767,1005333,583672,639653,1865386,3153126,6121
1725096,1714877,2105963,1613475,360106,6058205,489392,280763,426555,519525,1540190,2550792,6643
1645616,1703959,2034685,1577871,346482,6190696,723036,765317,547148,546631,824297,873389,4625
1068449,1365678,1691823,1596783,361140,6248153,733014,762813,529249,581391,1501441,891522,3283
1553760,1464715,1662933,1033707,144185,5348659,704336,732785,529283,584181,1577426,2610140,5573
1958718,1897899,2459712,1847004,351589,6327834,509204,532314,492844,596169,1930658,3219869,7494
1709602,1795769,2140549,1645589,361124,6328378,726828,749689,547579,549786,820760,878249,4696
1065072,1367672,1693728,1583419,347150,6308046,709603,750298,560978,609539,1571625,880391,3167
1939682,1679303,2060280,1333809,243605,6228853,965796,1007472,596306,654431,1543306,2412527,6103
1752868,1732200,2104852,1597902,359694,5470773,266146,282051,486199,593609,1531182,2561487,6574
2003068,2064491,2790807,2088985,555458,7476428,1152544,1201317,628124,622405,889846,1715752,6206
1060711,1349524,1702551,1644190,360460,6340331,730996,763990,567744,612658,1547625,885707,3185
13050626,5382308,15872268,9185950,5051161,14743643,8014349,5525410,865180,1257719,9556543,31154277,32767
3485430,3174928,4011799,2688072,487374,7236462,436991,472072,956916,1239223,3148611,4603874,18679
3173519,2793620,3597990,1850156,156301,5807837,677533,1080235,867860,1026556,2825910,4440184,16201
3318257,2915611,4086968,3182854,626828,11351586,1295516,1462111,856051,882059,1391488,2247784,11495
1200474,1466839,2035246,2632117,519178,11050830,1078561,1150852,902701,984391,2624643,1620363,3540
2872544,1826672,2134751,1434851,179991,9211321,848811,910117,770777,944748,2539572,3979947,14310
1712853,1677784,1988714,1550828,348712,5409438,271508,285786,471645,571338,1492661,2356035,6065
1758126,1697702,2072201,1568022,357837,6013868,708898,731078,448483,449675,777261,1727824,6371
1079098,1438128,1995952,1528108,342060,6064949,712098,751454,510544,559465,1160098,907798,3299
1766912,1491919,1660948,1327476,248447,6237430,740550,989361,572241,622580,1851378,3148505,6628
1758608,1627968,2013594,1527032,333642,5388364,351532,286016,445283,550400,1457772,2477590,6699
1667309,1633578,2006285,1557783,354689,6185858,731050,526262,406078,453172,1142647,2451625,6266
1385066,1680593,2025723,1543583,344072,6104626,689158,711413,498635,560816,771304,877667,3141
1059744,1254992,1219333,1245805,346968,5920898,710474,750859,513528,552263,1548540,1749608,3121
2038972,1811983,2406684,1588592,244047,5668577,485644,739778,512220,631856,1864159,3122686,7742
1766318,1593292,2016349,1552368,351814,5968354,693626,490184,437823,431186,1142967,1727816,6539
1384981,1638896,1965673,1504156,328158,5902665,685479,722481,526627,587987,936852,894795,3178
1122015,1277572,1674953,1587501,359899,6184533,725961,750115,501918,557410,1483600,932823,3438
2189912,1831631,2182266,2211203,472854,9394439,1155246,1219015,772728,970650,2990925,3373262,8776
2008684,1821782,2398807,1812343,463121,6065471,497219,521401,455461,563158,1498435,3140578,7586
1390907,1644537,2015418,1526975,347797,5823055,698100,717256,496805,488000,772885,888258,4667
1070108,1264076,1582868,1252267,333304,5826652,695136,735279,499188,552471,1540392,1700584,3167
1685451,1409090,1598075,1154291,125560,5193306,529567,745996,503962,544627,1463362,2314202,6052
1765291,1632711,2026082,1536346,229825,4766315,271990,505105,507760,550031,1533254,2500030,6380
1978066,1724806,2315054,1754544,448962,6505641,930734,744837,434783,485536,1134602,2362525,5784
1065864,1488350,1610852,1554266,348366,5995444,707970,729686,499342,556557,1116894,870675,3205
1378161,1445557,1599163,994708,228009,5294980,684513,724727,501964,561032,1518863,2513244,4861
1720178,1612683,2032601,1575574,241454,5462503,275557,523868,463429,555608,1512507,2397870,6456
1760496,1667106,2051921,1558685,352806,5846779,699571,502821,412874,438089,1133897,1804377,6803
1741760,1634864,2106432,1644626,334724,6934555,706759,737470,534487,535500,853154,965789,5531
1394855,1330411,1674536,1637335,353888,7055022,950746,979066,598562,654075,1866045,1642984,4699
2046954,1697022,2114641,1348808,231852,5778871,681125,716807,627729,682970,1968615,3331621,8238
1653975,1678710,2029841,1577573,351209,6124951,497257,517632,428238,531831,1160941,2375653,6069
1373572,1791509,2104224,1614841,354213,6159783,709615,729409,538679,533941,804688,901356,4882
1068516,1367224,1675653,1377479,340054,6196407,703151,750678,542746,603677,1590377,1679455,3311
1663917,1566116,1748157,1334562,239664,6076338,693847,960251,593992,654546,1812958,3028295,6087
1759922,1648093,2041664,1548530,343314,5346958,483758,285441,457947,502602,1534646,2535766,6455
1682561,1646096,2048222,1574446,562793,7728775,1170881,1222011,584113,651551,1548410,3131675,4653
1093443,1462296,1666026,1594312,354162,6158890,718481,739739,506811,560778,1136837,891727,3380
1441703,1359072,1601995,1007882,231568,5307854,688859,728996,482570,541991,1525162,2531702,5036
2000608,1798008,2379941,1792889,353343,5973806,501206,523090,450895,565667,1861577,3118704,7580
1737953,1707987,1997936,1524491,325427,5838993,651946,573279,457274,450917,997439,1594239,6400
1378147,1447914,2006652,1566308,338990,6056386,714238,747725,535377,575676,1160814,862065,3072
1405676,1265554,1273283,1300343,239384,6249006,723662,746357,498720,550776,1454174,1623858,4726
1767755,1587551,1990768,1265021,231246,4728926,472145,496374,481807,537158,1483697,2457331,6619
1987753,1767687,2365988,1805020,462094,6607753,726191,756560,460556,506009,1157863,2386530,7397
1068182,1702461,2447097,1840909,468736,6485083,931811,956520,563838,630278,1123363,879593,3210
1083439,1300608,1422336,1293635,338334,6077341,714215,755797,528818,589102,1550550,1685613,3226
1666170,1497713,2012491,1551655,228002,6062598,701262,958291,573197,633375,1788249,2307270,5824
1758305,1773861,2086712,1592235,342713,5377050,488580,289035,503612,544038,1583383,2516667,6372
1706263,1582018,1996714,1542669,345260,6012033,722823,751664,447988,498826,765071,1610388,4784
2069748,1795363,2400328,1772795,444430,6480053,695972,739956,466637,494743,1157431,2530438,7604
1118167,1427593,2015731,1560210,354086,6192513,724126,753809,513108,566387,1141580,890914,3356
1058484,1235417,1371766,1295658,346262,5908205,693971,728164,496658,548359,1519372,1717678,3348
1660258,1480114,1593621,1261654,125159,5332169,497254,737815,530255,585750,1511754,2391427,5820
1702277,1665169,2043677,1554598,355535,5464021,503374,286770,435830,478767,1450230,2377647,5936
1765068,1837646,2434057,1821423,445006,6614243,899025,944053,525307,570465,800880,1721440,4965
1089423,1301968,1248692,1283277,345425,5926415,715351,748532,502952,560681,1494123,1616210,3257
1732257,1739404,2085413,1336655,126526,4797853,492030,734161,520739,580753,1503023,2475523,6566
1673544,1739265,2081133,1625236,330714,5679740,275313,306114,518179,624880,1612826,2496672,6333
1710798,1729142,2106936,1645135,354355,6336165,718792,526301,497915,472609,1150933,1619312,6242
1393956,1461887,2062967,1840735,456902,6590760,913020,950562,561010,618000,1531111,903076,3444
1660463,1533376,1657435,1068028,126648,5454269,724488,753598,547074,606311,1551049,2409908,5889
1734565,1723751,2106383,1620321,358321,5442676,268041,281450,477546,586767,1521494,2456044,6225
2048655,1880173,2496289,1883650,344183,6362928,705230,956239,564382,549954,1208897,2509809,7913
1375842,1736366,2074299,1604026,352907,6145181,722938,756137,549941,575678,794497,881981,3533
1383179,1402792,1637659,1348785,335751,6774825,888188,925370,616300,679338,1919212,2544652,4883
1733667,1819323,2134658,1657568,237152,4921322,274585,533875,597600,637855,1654302,2541226,6539
1747374,1859694,2141144,1663427,357072,6384656,728951,517903,459881,502574,1214363,2403574,6253
1397300,1774265,2094509,1584159,343267,6072695,697912,727761,546419,608673,802318,904823,3409
1063881,1377270,1295670,1341639,349343,6304387,724969,756828,551286,612104,1567152,1655595,3284
1969608,1787486,2084445,1312667,167762,5457762,708790,845901,600017,658495,1858375,3213051,7567
1688644,1699781,2055493,1594950,343235,6209973,498933,282474,427715,541793,1598281,2521244,6157
1670272,1740066,2090593,1636093,349077,6229359,716272,747967,549294,528501,800827,905882,4907
1056372,1343987,1689559,1586932,350024,6051168,700476,731107,539527,592300,1566687,893676,3247
1657679,1568191,1695641,1084557,125912,5595322,730936,763183,559123,622172,1580279,2483067,6126
1742694,1689847,2084762,1603024,353168,5537971,268400,286044,478318,579783,1495945,2447878,6458
2020353,1893764,2444539,1830614,449108,6839678,933349,752091,479862,483448,1235459,2611813,7380
1051769,1616296,2109474,1634589,357467,6228382,730433,764453,557460,605148,1157812,873425,3142
1381559,1367486,1299804,1071381,233075,6131948,698936,728410,556051,613162,1567151,2519382,4783
1677918,1706877,2079419,1617159,233454,4979488,274007,522330,558729,602856,1588418,2477590,6359
1696574,1786041,2144874,1668037,466741,7132360,948778,739877,504505,559539,1547210,3103494,5999
1414869,1882516,2175077,1928270,457644,6830112,921506,963855,640652,710477,1239361,916681,3379
1271087,1305085,1274985,1319247,254216,6205032,734242,766145,537008,591553,1548262,1654665,3750
1763291,1749399,2135035,1361382,126586,4865460,493600,733627,549257,605038,1560939,2513054,6525
3073834,2595034,3850069,2868366,769974,9422943,1388670,1252079,747544,552101,1604030,2510779,13418
1675714,1743638,2106089,1639482,354447,6354470,726085,757944,551335,537514,800993,905643,4743
1401720,1475127,1732328,1616049,346278,6675420,906179,945546,607146,681405,1946273,1740111,4975
1632882,1647138,2018732,1298353,234391,4667748,497513,520760,523078,579191,1548934,2445473,6116
1681670,1752746,2083080,1583189,353104,5452904,476385,284369,480933,558625,1504179,2460787,6212
1674193,1710941,2024341,1565631,329933,6086632,683567,722424,503009,489597,822749,1709916,6093
1063564,1560974,2048359,1589279,355317,6089679,725099,756400,556569,591285,1152580,881462,3124
1699342,1507582,1659682,1319932,239229,5992420,700617,948870,579033,630911,1895996,3317590,6169
1646436,1755466,2067690,1608142,342820,5604371,497889,288514,492127,554752,1592854,2485333,6258
1684603,1744357,2118038,1633865,355021,6215023,728834,757813,487476,536758,816631,1644383,4864
1378549,1548229,2047760,1561957,338588,6031659,696297,738505,533058,590313,1171845,913258,3206
1350953,1557620,1667648,1572100,458878,6706881,947916,754348,528147,581722,1865310,2353818,4803
1721437,1770958,2111424,1371280,127696,4809750,491891,731814,554860,617725,1550333,2488203,6289
2302110,2086263,2806336,2100597,549858,7439590,923381,747249,560663,604859,1556033,2490649,7436
1340973,1559657,2093895,1635503,355238,6363674,727684,759469,548200,597140,1163221,879824,3295
1369265,1385604,1311322,1336095,239249,6207517,700991,731674,537729,604590,1565161,1725780,4872
1671249,1494306,1710038,1341604,129423,5558062,501883,759623,538396,595568,1569688,2423017,6385
1663178,1780219,2082107,1618658,340976,5640509,364841,283916,495104,606225,1497522,2364030,6179
1708492,1928695,2442980,1839320,442883,7132632,911669,965735,583217,570536,858537,1759906,6561
1036910,1382644,1673972,1341443,354226,6156069,725527,757361,568159,619456,1539828,1596339,3078
1708073,1525727,1715245,1355294,127019,5571087,488752,729416,537412,585743,1535283,2521395,6702
1645418,1702513,2049527,1576879,340300,5428858,493042,284287,484505,540227,1583388,2478386,6082
1710631,1741652,2088874,1599572,353354,6078123,722706,510597,482680,468229,1160529,1670576,6323
1360577,1751603,2076507,1848868,452050,6721770,918696,966477,609734,674758,1441139,901823,3185
1344382,1604213,1679697,1061907,239867,5434809,716733,748081,560562,618087,1533146,2350476,4605
1765864,1716889,2090184,1606627,239837,5329085,277849,511013,481656,581401,1496064,2446958,6496
1733793,1627134,2013383,1541105,336467,5953255,696990,514238,455712,441909,1158085,1697172,6443
1362615,1527877,2058090,1607578,354998,6171536,726933,758374,533223,576289,1139444,897911,3199
1355304,1405924,1700378,1326056,347888,6531256,918378,958196,595349,676822,1985943,2554770,4595
1926501,1920056,2423255,1743876,345204,5605742,512880,520760,577139,623815,1956598,3154788,7278
1677664,1724019,2086780,1605795,350014,6238447,485807,501734,425071,526152,1165108,2390778,6106
1370263,1713927,2070149,1583373,345094,6229498,711560,752713,546656,539030,806321,884604,4720
1069006,1390309,1703665,1344610,362430,6323653,739214,768028,552516,606927,1547617,1680650,3439
1728516,1558973,1685639,1335814,125240,5478937,488311,729214,529795,590360,1540498,2511619,6281
1944273,1848183,2410882,1806569,345798,6022413,501200,530558,473891,581719,1949709,3253483,7299
1673780,1771873,2095652,1619305,353726,6157491,722625,744586,512592,542778,804348,975605,4784
1047229,1503669,1605071,1534479,328367,6044515,670191,703855,546936,596121,1204938,903127,3175
1349853,1482337,1677596,1078078,238995,5551727,725515,758988,534263,598930,1539269,2371926,4527
1739239,1787552,2094500,1594364,239575,5352194,271171,505540,491902,588926,1496796,2448720,6107
2021296,1878370,2400774,1810379,445896,6637735,922237,745853,527516,516689,1184624,1719924,6227
1033426,1558023,2091536,1606618,354231,6124869,724284,757753,539681,591818,1142224,898128,3250
1373767,1389290,1314482,1088411,235538,5976693,697888,728381,547088,603813,1570706,2537111,5064
1676247,1684154,2026167,1364003,239587,4789775,427227,500746,551367,604203,1526594,2372869,6201
1705948,2801765,4467238,2942997,1637749,11838557,3490220,3648725,1218891,1357186,4721890,7069031,6730
1994724,1863052,2391740,1803741,348984,5906705,488828,519173,460503,572947,1862361,3082245,7527
1807792,1765341,2101059,1616210,352954,5988163,705136,729692,554968,543135,850473,916208,5103
1077522,1636357,2087276,1628202,346566,6353083,729144,760309,582957,632689,1229518,873700,2997
1375788,1515500,1333132,1109720,241774,6217222,726583,748562,561715,621363,1536163,2389420,4697
1754013,1843732,2073901,1421293,235050,4915198,362675,483548,588643,639501,1590571,2451359,6414
1918625,1943880,2434732,1879597,464638,7020726,725499,755960,489771,542602,1219695,2373564,7450
1070612,1766979,2185990,1699433,356976,6357704,713631,735288,593470,647446,1247860,921912,3256
1378377,1414866,1288365,1069147,233611,6057292,709764,750916,562114,616447,1601419,2553256,4690
1724834,1759284,2104162,1387554,129420,5136063,503623,760917,554414,594397,1512923,2368464,6043
1773778,1926281,2182326,1685524,347996,6304932,490275,290691,499602,600659,1652478,2537884,6278
1648633,1862604,2090778,1617949,349367,6186220,729742,761577,526886,585530,837053,1083450,4615
1103822,1668981,1721447,1625683,465598,6823108,935804,961880,625210,685082,1552991,1666453,3157
1699973,1732579,2082150,1345452,126900,4859546,485681,736128,557509,609071,1609773,2563965,6485
1676383,1683061,2039536,1575365,355642,6060771,498473,284112,438519,521536,1513355,2364608,6015
1728196,1679386,2080708,1594138,347849,6025801,697493,734172,478283,467327,820545,1766293,6484
1042105,1552349,2030817,1565948,343017,6012283,722346,756248,554644,596811,1196546,872080,2965
1690530,1554496,1694402,1190349,241167,6160563,947580,979187,595854,653186,1863958,3031906,6127
2023222,1961905,2447238,1818673,336462,5347182,274455,509024,540752,667076,1932190,3332138,7995
1941143,1923099,2396776,1839208,453830,6838293,938025,977584,482650,462357,790606,2342273,7448
1070677,1563059,2090471,1617766,359027,6043900,719696,741270,559329,606270,1176498,898548,3222
1036147,1284533,1228122,1275059,343257,6066684,723435,765637,523960,577798,1562706,1696794,3155
1949247,1895878,2471781,1628922,245877,5228751,500157,757948,542085,639126,1839563,3118473,7458
1725286,1786053,2104137,1606990,337380,6120358,680091,491021,433726,470733,1172185,2427878,6606
1346038,1696926,2048394,1585145,349515,6115326,735641,767256,543640,592125,799954,868049,3173
1033797,1390055,1296022,1341794,357860,6269188,727767,748005,536442,589386,1518497,1670049,3261
1701421,1735855,2050588,1318378,127814,4866237,486976,739926,538397,604887,1591628,2551518,6453
1961476,1921355,2461328,1874735,471802,6065189,496482,518389,505956,601338,1531204,3060014,7225
1386556,1692042,2076736,1609568,353541,6045932,702695,733054,524858,516210,791738,872282,4667
1056406,1376570,1680880,1538083,330527,6210211,696686,734350,549674,606405,1524769,1068961,3084
1691835,1587132,1694586,1072573,125471,5690304,723373,749615,546610,584849,1519046,2393046,6428
1698161,1693936,2056336,1558183,336503,5432394,272106,282095,481448,591233,1567107,2507692,6476
1640161,1730325,2042197,1575634,351786,6374377,733046,765062,482105,465910,813919,1672404,6083
1364653,1773459,2081022,1874698,466336,6666398,922393,948280,608075,659728,1196688,907527,3332
1341941,1547586,1637688,1042276,232229,5445221,710877,752724,534017,580269,1557561,2471065,4579
1663620,1689619,2008832,1574256,227470,4988771,275835,524204,519517,576782,1449331,2254157,5991
2067752,1941187,2482528,1859010,449533,6166106,698193,507324,507499,556113,1568410,3291556,7488
1370715,1763045,2067155,1621546,342831,6240392,719707,750859,576010,624718,828860,863322,3151
1428494,1724731,1772458,1402045,357442,6336461,952462,977293,636453,693930,1908422,2431194,4859
1728239,2162887,2116244,1567880,374583,6910137,741305,787400,772324,848671,2139234,3199481,8974
1578676,1899412,1968205,1284486,256619,6312113,730983,740468,599365,700200,1682507,2590964,6459
2163261,2285331,2637903,2084555,285700,7731924,548326,613784,619142,721209,1808771,2986278,9733
2172492,2279634,3066776,2530609,532082,9861938,833472,868721,778416,761416,1533743,1870725,8649
1670884,2139668,2313105,2323100,503670,10288791,1034373,1043179,840669,982385,1944148,1619361,8014
1401510,1693504,1732322,1110483,246007,5756126,742852,773612,576884,641941,1624153,2491339,5110
1748705,1986093,2188969,1707461,246662,5689082,274604,512559,554458,664821,1611224,2498872,6435
1685601,1745172,2048032,1603565,339659,6190151,493426,518443,443564,551319,1228807,2477720,6123
1464158,1781263,2112806,1611395,356910,6198203,736763,767895,526578,518232,793581,914081,4843
1390854,1392439,1687419,1601428,346734,6663544,901429,940796,592642,669938,1956645,1727695,4912
1662455,1739857,2056359,1349852,238041,4952463,504385,527760,564395,619361,1580885,2427388,6025
1664504,1710253,2090534,1607798,351333,6346230,495771,512785,424820,523986,1161426,2437174,6375
1341040,1747173,2074229,1586629,340002,6211647,699181,739674,546436,539910,811835,898555,4763
1024105,1382421,1639038,1305521,354406,6088605,726020,757289,529027,582564,1505775,1598026,3040
1734727,1695965,2032603,1367406,346574,6362411,904580,944899,612452,610908,1556447,2528223,6185
1939778,1791052,2332270,1758027,326424,5521762,489146,519330,492709,547516,1854803,3140431,7474
1695476,1639144,2045683,1576355,354839,6041748,724883,748930,447741,487763,778380,1651720,4746
1105237,1465565,1668945,1630405,349593,6442909,711982,746444,538268,599628,1233873,933672,3561
1370952,1469969,1601139,1002770,238951,5329616,718156,746931,509402,572258,1486874,2405245,4471
1740274,1658708,2043094,1577328,236507,5342887,269158,513307,459464,557319,1484747,2469477,6301
2026736,1807431,2361317,1747327,457666,6456731,940984,760204,510090,499990,1131195,1753501,6059
1075707,1504285,1591444,1529325,341188,6012650,693726,724370,515337,555979,1181571,852921,3192
1442359,1439982,1646644,1027607,234584,5365340,678771,705452,493763,548154,1472270,2476700,5214
1697203,1598051,1984525,1510622,230272,5229857,271973,526071,456136,559232,1526944,2465626,6275
1708056,1707888,2048927,1571078,354011,5983564,719571,510881,465726,453277,1124021,1648359,6148
1393373,1473676,2005494,1754470,454876,6420148,906059,947757,565257,633351,1526088,897442,3091
1712916,1427870,1619401,1037472,129321,5380054,721278,751948,524984,566436,1510470,2395734,5989
1725825,1715769,2042239,1562897,298190,5369957,272729,380846,454289,573669,1467037,2417186,6464
1695215,1639642,1983209,1495301,338973,5856573,699197,503332,449496,438467,1162432,1776716,6407
1670286,1641054,2385185,1549083,362537,6080024,967075,1008091,564341,624987,1500360,1633284,4471
2061200,1631819,2003832,1553824,347020,6452398,1109208,1152804,606989,611198,1859095,2505228,7529
1680101,1631040,2004287,1535545,345443,5300680,273591,285887,467487,593634,1545867,2491944,6166
1688802,1636737,2041323,1561152,362559,5906683,735775,762799,454630,432646,780121,1635210,6008
1237996,1424123,2029157,1544286,349572,6109901,704862,736472,516026,568654,1148900,884451,3209
1377377,1330015,1281670,1301958,244409,6153776,732920,761305,517983,573846,1526781,1661428,4854
1749017,1609175,2051813,1298305,240959,4797022,498305,515275,502456,556696,1492169,2507945,6478
1928815,1999989,2628092,1956886,462928,6513669,695380,761004,513195,628035,1278573,2789234,7985
1063588,1297246,1253315,1275079,354895,5870369,735856,767538,501883,557299,1523461,1703450,3264
1715734,1676722,2049958,1283733,125151,4640891,498890,749651,508473,565487,1488314,2498346,6567
1721027,1621857,2009187,1512416,347203,5459266,489193,284298,464884,518241,1562594,2607298,6318
1675736,1645595,2021996,1573671,358727,6047978,727235,758411,474839,507891,774261,1630646,4583
1065288,1514046,1643939,1547081,477857,6351593,929476,955612,551431,617379,1503782,1689671,3053
1670301,1653791,1996034,1270622,127286,4699458,500573,759954,500997,558570,1515958,2509811,6102
1719429,1635479,2066133,1589723,364900,6219045,512592,291739,397927,503723,1495577,2456605,6466
1753888,1615292,2068095,1558531,354569,5988295,707127,737644,509023,504589,788245,907784,5018
1058185,1407001,1615127,1517950,353148,5782578,732178,765775,520773,579355,1473965,889521,3146
1753223,1694474,2044666,1268368,215051,5196518,703889,961598,549511,616398,1804731,3204394,6464
2056534,1783440,2347466,1744404,442920,6402440,679099,486409,478352,576849,1543632,2573261,5831
1647954,1651975,2002942,1552413,363078,6013966,738261,770795,513047,501892,763915,873660,4457
1072156,1314649,1641360,1545632,364444,5854780,717575,738574,485327,536445,1477459,880269,3313
1727452,1459491,1634723,1061487,129058,5439199,722028,762540,526139,583371,1581379,2555495,6335
2022499,1806976,2391043,1806863,454590,5919389,462889,353056,464239,560289,1697624,3046832,7794
1777289,1738094,2085391,1556640,353069,5862144,705395,735878,523805,524801,792994,919202,4864
1061329,1328975,1605130,1509058,343565,5964168,716625,749484,528125,582291,1524152,894001,3114
1734787,1489937,1666484,1042160,126377,5446204,732686,753450,518773,572894,1508038,2485601,6338
1747542,1615920,2029713,1549249,347627,5367066,274282,287593,471652,578496,1573894,2616503,6416
1704860,1607801,1984857,1535809,358440,5991156,728849,760095,446243,441897,759929,1614752,6013
1088550,1577129,2064277,1718979,464185,6570892,907022,932355,552323,621390,1446721,1268619,3302
1743420,1444266,1619950,1037116,126618,5263391,721596,764186,523000,569653,1567442,2573535,6311
1698716,1646307,2042980,1576781,359099,5508107,276958,289200,474164,579723,1506644,2402511,6286
1750049,1673112,2058079,1553605,357397,5958631,712399,741698,459342,454981,789748,1757822,6515
1050396,1451497,2001403,1519561,348886,5980670,726621,757707,521379,581147,1163734,883309,3159
1727094,1455481,1659289,1295257,243093,5906631,713090,971061,563303,617882,1808854,3198305,5972
1701687,1613737,2007769,1504291,236173,4712447,275684,523941,518684,561256,1565927,2635759,6465
1983931,1849205,2396982,1816872,473190,6821277,953715,753553,455847,439907,1132857,2398544,7226
1379835,1666429,2050049,1568790,355596,6008125,703061,733336,507079,567961,779697,885527,3331
1076044,1271864,1262468,1289232,346151,6030278,724249,761532,531414,584060,1572086,1674184,3041
2072750,1770224,2394237,1550747,239016,5449555,505160,754386,503078,607155,1785978,3114247,7699
1799455,1642171,1996166,1501106,334758,5915132,675731,495441,448323,448566,1125171,1708211,6428
1391130,1634501,2001140,1533298,351964,5974697,726385,759829,526914,569771,1059416,872303,3089
1110578,1243145,1253625,1295799,359944,6090088,726427,745945,501349,555705,1505463,1723525,3555
1701431,1693304,1994184,1277378,127411,4749446,476491,736976,524549,584208,1557422,2564084,6291
1965809,1846784,2384083,1786695,476647,6557613,728994,519824,435747,504463,1488981,2396782,7282
1397304,1459576,2043327,1560664,354925,5999965,701256,728781,513604,566626,1171538,896376,3168
1362077,1282758,1267691,1295170,233617,6055502,721194,759645,534655,590724,1555758,1700074,4692
1744714,1721757,2096850,1346982,236373,4980139,504896,540913,536397,590992,1498130,2408454,5879
1693576,1775495,2091284,1619923,338183,6281522,465535,305809,452629,564797,1551371,2519513,6914
1708793,1809611,2119475,1632367,363566,6341936,735632,767414,508198,489132,832618,1682988,6293
1053937,1580609,2107317,1614558,480280,6737475,941666,966680,600841,672872,1565386,1737799,3246
1673115,1548490,1658226,1571947,236737,5937525,713449,994037,623238,682323,1978048,2556430,6166
1686755,1717309,2125212,1647528,364906,5826474,510569,288520,495765,540417,1558277,2428041,6451
1714763,1790025,2121255,1609516,354806,6089911,706284,736642,497167,542344,809696,1725184,4899
1034561,1592310,1977429,1592712,341722,6321976,711889,742608,564516,629853,1190045,886368,3276
1690248,1580350,1728469,1392110,247150,6432188,737652,977246,613829,679696,1875598,3222135,6434
1798592,1925875,2303712,1695304,249055,6155410,316358,566073,601943,719519,1700311,2641682,7135
1676139,1752412,2084922,1609234,361279,6106565,738085,528552,493784,484283,1178758,1654920,6423
1406650,1525671,2056584,1556929,360426,5908559,712008,739881,507610,573607,1153783,891807,3163
1355352,1268810,1251796,1285337,238705,6003174,731781,768207,520934,565533,1558388,1677388,4455
2020573,1881457,2440459,1579811,305649,5406327,506428,607588,539117,648348,1828699,3092940,7505
1725976,1694372,2030250,1546638,342859,5945215,692026,495952,452336,443280,1167500,1750249,6474
1403330,1479547,2032891,1553682,359258,6156321,737343,768961,509774,580287,1159588,880238,3155
1087338,1359874,1689075,1304033,361474,6013383,710897,733956,528257,592209,1533603,1728242,3234
1680947,1411645,1590905,1247897,124466,5172406,489046,756314,511923,555080,1543653,2544515,6059
1704236,1649499,2050598,1599138,367242,5561353,515015,297096,460081,508511,1509098,2420082,6148
1959460,1756610,2357084,1522572,334166,5314858,502747,565708,503676,612844,1882983,3249514,7311
1736280,1640683,2031609,1543990,354738,6070342,716216,499442,468389,450167,1139764,1679861,6244
1395705,1489316,2038202,1549495,348357,6037453,706626,747644,530058,587578,1192496,904314,3109
1362964,1322401,1626061,1511309,342405,6599823,926668,964332,557844,625015,1804176,1639896,4438
1804283,1804163,2109030,1345233,245006,4704541,481080,499251,549428,595856,1543247,2532308,6200
2085458,1901383,2424136,1829394,460179,6660947,724462,768139,499301,543303,1215218,2588237,7614
1203689,1612201,2107031,1609864,367767,6170732,737787,769718,545909,604107,1171218,951673,3445
1423187,1356969,1275864,1303574,241664,5969194,692776,722036,536672,585958,1547776,1706153,4985
1706763,1643858,2004900,1285416,240059,4704286,496681,516448,519267,575464,1545897,2466436,6195
1716717,1704363,2067067,1600244,363168,6211896,499707,516297,410459,521822,1147771,2468774,6127
1383421,1607778,2383520,1751235,450367,6523128,906928,958236,559002,571129,1144861,899472,4697
1404372,1265456,1253107,1036196,239919,5904717,697673,729923,518819,551282,1450184,2316271,4479
1755090,1629998,2031781,1491706,237643,4655122,285834,512156,512848,565331,1495698,2516761,6253
1688128,1660537,1966212,1514587,331294,5962600,515427,523649,412250,512703,1134599,2489759,6451
1386504,1705855,2064841,1580218,362250,6249037,735373,766394,526338,520477,782851,898696,4827
1445757,1277944,1673386,1295762,356095,6591189,917986,955856,569999,628544,1921507,2598642,4953
1698737,1644393,2034114,1551258,242247,4771150,279958,533608,538252,596062,1552193,2521644,6112
1698747,1648465,2041050,1539379,363349,5979214,734948,520008,380568,430358,1119448,2445965,6036
1745133,1639419,2038993,1549445,348726,6144949,717142,758201,514710,511200,782729,902393,4782
1064907,1502792,1635052,1565066,350451,6211599,712578,739905,530132,590127,1246522,896916,3410
1426177,1621933,2028958,1299129,347584,5883690,895972,931053,567694,624471,1518329,2555529,5042
2042609,1867397,2418551,1812848,351116,6027000,502410,524282,490367,615932,1967083,3361207,7464
1731790,1882473,2175894,1657428,364829,6333542,737020,765822,581440,569276,852253,927718,4923
1062726,1435663,1738661,1626643,351788,6324696,709540,745366,543938,605595,1615298,922093,3417
1668023,1601895,1696119,1095922,126978,5603562,734786,765826,588414,641895,1568542,2453686,6220
1673819,1749126,2082801,1619019,304641,5712936,268879,361491,497554,600430,1508874,2433943,6466
2010710,1936230,2468750,1844212,451302,6902435,914360,731814,569081,563897,1221152,1778189,6404
1076085,1466654,1735603,1641860,361858,6322655,733622,768957,576606,630294,1566090,906203,3352
1705589,1567564,1690064,1086222,122946,5505012,699785,729381,554646,610691,1569994,2584208,6571
1633298,1702218,2036963,1572005,348414,5530060,272758,285903,499338,596283,1594989,2529533,6047
1658140,1750433,2095135,1612696,362045,6250322,736293,762959,487906,476543,805643,1646348,6066
1166524,1627225,2121958,1882774,465267,6817551,924668,965178,635551,696659,1599204,887389,3361
1402904,1365341,1327747,1085615,244078,6435604,728448,759661,552517,620317,1566136,2455874,5158
1975464,1934170,2049171,1538453,406091,6728016,587555,621337,720593,787050,1956648,3311116,9073
1683400,1678039,2038066,1287299,125331,4760932,500575,767664,513142,573827,1507927,2421390,6372
2058411,1740760,2396738,1784184,470419,6461582,698517,508390,449390,552322,1509573,2542861,6194
1994350,1926500,2710229,2007406,555253,6655803,938065,990693,637158,644540,1430940,1632668,5922
1080313,1315514,1237471,1267471,348831,5904071,718751,743184,484414,539088,1438820,1625152,3428
1771548,1667074,2056556,1290082,125591,4739294,490695,738949,526665,569196,1568564,2621396,6534
1697071,1590970,2022120,1548433,364118,5537885,277809,289943,454862,558061,1509314,2421945,6050
1752602,1723728,2078738,1607785,360663,6125752,713398,733722,495840,475752,809033,1713272,6353
1029363,1568651,2052133,1592635,347566,6196942,722547,763698,582554,625500,1206370,868761,2947
1671376,1551602,1710816,1324788,246102,6495497,755925,1010555,617298,670425,1898935,3159111,6157
1659102,1823219,2069180,1571097,337657,5548983,279706,283336,496106,614120,1538677,2482041,6256
1658484,1745187,2068360,1590845,353858,6228372,735542,766732,511806,498600,816975,1680353,6088
1094594,1497062,2061346,1581765,358247,6114094,723954,744686,521160,574468,1136650,886230,3201
1377862,1262792,1216767,980011,237198,5901950,708972,748729,491192,550788,1511417,2611467,4840
1980990,1760703,2399446,1803769,364423,5414262,506504,525827,523404,559726,1873312,3174597,7179
1776865,1663414,2053842,1570976,354430,6120117,698778,717493,470462,509960,779955,1657042,4984
1078192,1496276,1916278,1549200,333560,6221380,696121,737431,520275,578735,1153616,932011,3286
1414717,1314608,1273354,1046604,244869,6185955,735292,767024,517205,568216,1511637,2417844,4775
1732115,1641312,2023660,1526599,239382,4553824,270461,492838,508244,567472,1533233,2558487,6483
2023605,1810164,2370717,1779894,457301,6706935,950860,751728,481870,536677,1181493,2480811,6320
1417456,1637632,1997768,1775263,362038,5871217,735599,961069,540117,592345,1432575,1577821,4602
1392116,1304614,1251888,1287266,239602,6089276,711209,751658,516551,565451,1527361,1684421,4314
1636188,1621395,1972548,1265599,187979,4711165,496648,598918,505359,553074,1441264,2251109,6028
1774552,1631216,2055442,1567335,354520,6117125,485607,289708,403309,502667,1508275,2574991,6567
1645749,1733266,2424678,1831829,456195,6710652,942413,989748,614080,618377,1198221,884224,4624
1384303,1404028,1334257,1385488,243382,6459954,732989,761778,561567,610905,1567117,1678648,4895
1699450,1750959,2091064,1326702,236698,4949789,481741,503593,565952,611554,1584285,2590283,6537
1652382,1748535,2053050,1588926,358465,6204120,504428,524213,434563,535471,1172312,2471638,6166
1508491,1785006,2118843,1637267,363109,6212124,722386,743465,555383,551272,820507,883180,4629
1029864,1381020,1675154,1584581,349037,6213953,717677,759846,570298,609407,1605335,898087,3330
1918819,1759268,2071264,1338617,244150,5605333,727550,757081,620634,672245,1901013,3121154,7257
1691449,1864881,2115947,1612386,356989,6122405,488786,510921,441851,553732,1189173,2608005,6650
1346758,1720280,2045052,1562691,347497,6184938,726092,762222,559945,553955,844045,901158,4597
1014590,1419826,1714962,1381564,365053,6395713,742284,768325,567681,611949,1545602,1671140,3066
1685522,1567974,1693222,1254128,123740,5655364,509396,740726,549827,598430,1600083,2619079,6548
1906035,1937109,2431954,1856874,469631,6298962,501502,517961,504675,622183,1540261,3199307,7160
1706877,1757838,2113736,1622079,470240,6978453,917247,941159,557472,607333,1182088,2453178,4911
1069981,1609725,1709864,1607552,348343,6181356,723413,765334,562191,627580,1206123,894918,3403
1375731,1618776,1708245,1090470,239835,5694906,728131,757525,559872,610299,1513608,2390236,4652
1695691,1696148,2098353,1589662,240496,5538858,272324,510248,479295,587386,1569587,2627977,6420
1936286,1887856,2463969,1855575,472450,6871404,972896,770742,534277,534989,1188939,1739926,6105
1019444,1643748,1680423,1611873,344486,6349140,696689,718896,563699,627786,1229128,890075,3104
1504884,1669771,1858874,1209992,256480,6253906,742950,762022,524466,636453,1608306,2598815,6164
1403081,1876859,2150056,1663111,348696,6459742,705907,746459,598830,591035,885509,902210,4810
1071337,1714634,1753453,1656034,362588,6446044,735858,767458,576808,631202,1207206,897745,3294
1403733,1663299,1739111,1138014,242250,5548178,709203,739755,584008,649230,1615690,2577857,4742
1962000,1867156,2412969,1815784,349058,6115922,499179,523702,504733,606797,1968493,3312779,7454
1661930,1748281,2066995,1605343,342140,6309059,698791,721900,496971,539465,833825,1314266,4786
1062622,1559218,1696173,1580443,343452,6279028,697985,731958,559697,622339,1194988,908260,3514
1367532,1558177,1670930,1087966,241937,5825947,739188,771118,553426,616401,1555787,2451462,4569
1760476,1776084,2138151,1669828,244651,5736976,273056,515533,509431,617954,1556598,2516665,6568
2291472,2003672,2788812,2041793,565648,7303677,1158283,992040,544724,516387,1191807,2566706,7598
986676,1377309,1681902,1600586,361790,6231457,735571,765890,549376,602672,1533057,869855,3169
1807806,1808734,2129104,1369801,275863,5662514,674597,703304,618127,684289,1884943,3271792,6829
1622901,1723293,2072462,1605865,228183,5704440,271028,525940,495228,615334,1584719,2475505,6429
4435610,1770583,5213418,3936027,899050,10662190,1749534,1835036,486389,520636,3968710,7259055,8303
1379395,1446509,2033526,1783054,454362,6608924,911316,955088,563965,629664,1528857,888455,3120
1645508,1502692,1675343,1085523,125383,5815253,739386,771113,549731,601556,1555033,2445607,6047
1712687,1829624,2133635,1630682,359907,5571075,266776,280759,497034,605121,1530922,2521169,6468
1688156,1718068,2065455,1614108,346133,6327950,688802,525583,441374,540788,1225629,2566381,6390
1345973,1780009,2080246,1594181,353014,6237713,719352,750300,547406,530073,795005,877283,4664
1355406,1360966,1699372,1355121,352164,6790441,921650,961760,600816,676172,1955676,2573273,4708
1664134,1689214,2054981,1590096,235682,4892040,272106,525505,567683,613496,1552793,2431728,5937
1710144,1704496,2099783,1613165,361404,6257948,728915,515768,431078,478011,1164198,2457996,6286
1343041,1761212,2071614,1567438,347476,6090303,709195,748912,540756,599268,798404,900298,3251
1055138,1398190,1391387,1338331,362159,6298311,732406,762159,546765,607318,1544386,1647546,3300
1720123,1582318,1758388,1391269,127636,5525238,494587,739658,569801,618044,1584881,2581803,6760
1979159,1857366,2407901,1813427,456338,6023197,721682,522331,488621,515105,1573332,3375568,7576
1326809,1742746,2068245,1578677,359481,6180515,734539,766116,541060,597977,807118,889297,3227
1040512,1451597,1308473,1338549,351629,6075386,706416,737298,564669,628756,1592815,1737030,3254
1651115,1706144,2083452,1339088,124369,4954720,505512,768907,556133,615422,1602480,2477596,6313
1677622,1780810,2139828,1644192,361731,6245690,500458,283397,464960,540278,1521526,2452256,6298
1638080,1941303,2469298,1847462,445974,7000016,902750,955132,558997,614966,809257,1591555,4784
1022226,1384875,1289822,1342804,364427,6254921,740091,771187,541721,597528,1529948,1635718,3169
1709015,1596453,1719342,1081688,123146,5617394,701393,735257,551364,601785,1584415,2608734,6753
1654365,1717929,2051921,1585184,350693,5556072,273124,283883,490038,609198,1564945,2511638,6011
1673565,1730414,2115545,1620682,361257,6304363,731837,755005,483128,468743,807112,1657281,6048
1085603,1444276,2002022,1715221,434609,6564757,872348,917447,556718,619900,1469782,1114359,3309
1693212,1451428,1617768,1022182,123863,5379374,724221,755482,504119,569904,1495428,2404327,5912
1774019,1670148,2072531,1580375,352752,5349838,269626,281603,453359,557441,1484312,2477988,6624
1708390,1568015,1953294,1490505,336280,5797595,698356,737933,450657,425223,758959,1702563,6250
1057031,1449254,1943521,1491705,340682,6001217,693662,723641,487992,538451,1086420,895900,3230
1761072,1439587,1661897,1300399,241642,5983761,700034,954497,552352,610479,1885031,3394939,6274
1667882,1567389,1948746,1496809,327393,5456294,389855,287701,439765,557306,1474439,2331631,6063
1687513,1672490,2024418,1550303,357633,6042676,728044,749956,432764,426442,752784,1662972,6191
1066329,1444132,1994269,1513011,331538,6040512,672435,705275,511650,565356,1148120,873990,3297
1405952,1304250,1260050,1048364,341256,6661463,932861,973889,599397,651665,1869581,3111159,4622
1750438,1639806,2027116,1542111,238802,4763452,268137,509835,496094,553488,1461984,2478499,6373
2008580,1820199,2396343,1787177,457807,6630415,936647,753653,469142,504646,1157097,2589586,6255
1406533,1592483,1997129,1528506,347824,6033402,704950,735590,494568,551436,983736,887992,3195
1117239,1242705,1312453,1340989,356352,6258263,711964,742444,526613,580324,1578317,1741333,3316
1670535,1638628,1954450,1261459,124307,4626161,482896,729540,521696,573112,1469710,2367236,6064
1744776,1672869,2024392,1527914,351563,6015514,488254,280514,392894,496081,1450112,2433292,6351
1721299,1599368,2393491,1782568,444086,6689153,902026,956688,573270,563203,1146926,889910,4763
1389463,1282496,1241439,1264198,235472,6092394,703520,733988,501102,558170,1437883,1589847,4726
1709664,1600936,2002744,1262752,222473,4591446,490712,527642,489996,545618,1470509,2488084,6335
1674865,1643449,1985051,1521174,342123,5225788,271144,279402,473813,588330,1511028,2415942,5945
1707323,1652497,2047936,1548566,356019,6038410,723418,745087,440116,421533,761828,1654834,6315
1071602,1416467,2018478,1529408,453801,6524506,913581,961258,571608,629624,1557944,1760014,3277
1711923,1441618,1637884,1291505,126382,5492606,508579,764699,514498,569315,1488735,2426210,6320
1752746,1602777,1985802,1512493,343374,5285310,469540,283870,451773,500868,1444168,2435323,6563
1692998,1631458,1991582,1541764,453699,6470464,933472,988739,522015,552081,1168362,2499139,4835
1054724,1459222,1941757,1536216,348418,6017535,708869,739525,501905,554946,1064197,866649,3079
1372608,1340187,1635141,1263095,334568,6394435,884966,923649,553544,616111,1828889,2510439,4568
1959080,1784827,2361292,1527219,236733,5461753,502456,754295,499956,622676,1861149,3174682,7284
1756633,1634137,2046550,1568841,347843,6099131,698631,505117,461368,448158,1122681,1658778,6587
1421589,1437204,1995973,1512393,336407,6042457,689814,727277,508873,561187,1135504,916358,3367
1352481,1304461,1230796,1260216,240548,5976762,709961,740694,495821,551429,1437757,1583850,4543
1682989,1646547,2001854,1276119,160285,4640653,481272,622075,508383,557489,1454017,2402262,6233
2028109,1738126,2332823,1763521,439781,6542802,695627,500492,467439,507066,1516544,2483605,7756
1386588,1462339,2020087,1535489,357889,5930900,725342,750202,494949,545984,1099344,892371,3214
1078119,1222501,1568188,1236706,331615,5817657,675747,716342,488100,544932,1495222,1699807,3106
1674511,1462938,1617853,1263298,123316,5138354,491093,755695,495764,554825,1473229,2411798,6143
1774608,1625235,2009178,1522422,349684,5265564,490550,281973,455447,501625,1478282,2480438,6447
1641643,1733531,2289221,1726973,435651,6445088,903549,956639,515805,500059,778230,1695766,5655
1068581,1313499,1623919,1291955,352583,6162176,718407,748912,509055,563400,1449610,1596546,3138
1747046,1489697,1683267,1294896,128906,5346400,494879,742678,516234,569388,1540698,2595311,6601
1660766,1614135,1998385,1532953,348623,5436590,494894,282641,463102,513169,1544349,2463689,6154
1731961,1655373,2020439,1548205,352455,5961374,713389,734097,460019,508451,779507,1633013,4727
1393439,1437804,2011772,1765193,449183,6599581,920537,974738,570219,625805,1510546,898066,3290
1844347,1702012,2030777,1301834,259238,6168668,952784,990947,515312,561996,1482225,3076305,6306
1740448,1636324,2027261,1551177,232207,5343336,267186,497896,461837,561608,1478994,2485760,6522
1716943,1558190,1954872,1492383,333439,5930371,694030,512123,447131,429863,1108781,1626509,6379
1436332,1500824,2078492,1585819,359514,6138431,723342,747759,504468,555549,1113179,928471,3477
1401417,1220269,1240682,1266725,229957,5964655,684128,715274,502984,559355,1510015,1743893,5091
2009428,1778890,2354802,1525108,347868,5313191,503332,524675,542301,644132,1870950,3177519,7311
1757329,1601494,2012190,1546385,352209,5919884,673216,495324,403867,478916,1137494,2481838,6390
1368136,1641208,1937913,1500605,321737,5921070,669443,705802,513731,515924,786093,862652,4379
1058907,1316522,1641544,1303408,343818,5994493,696014,728647,505770,559583,1414647,1572834,3244
1751348,1459335,1666263,1280728,121642,5304777,479009,726619,507615,562755,1533070,2586954,6517
2013971,1752923,2357119,1774617,458716,6024513,722327,520934,474384,508120,1507305,3253835,7739
1357555,1774999,2131780,1629548,360787,6275570,727459,746863,560262,609539,832634,890643,3301
1053911,1383679,1359424,1339130,351040,6375312,713877,757032,568891,626705,1616860,1791146,3232
1604142,1642188,1758818,1361309,125323,5601538,471218,735787,574222,626576,1526993,2307705,6176
1680889,1765544,2118065,1634281,240523,5473692,270287,510986,498995,597839,1561267,2568420,6426
1978370,1883024,2445844,1835454,462560,6868721,962249,763477,567865,543739,1191286,1679411,6284
1351125,1603822,2107519,1895773,472354,6964915,732878,755012,541746,665703,1851500,1617690,4703
1743477,1526497,1682891,1064935,124138,5607967,701279,735258,562614,614788,1588810,2621199,6702
1623906,1691799,2061899,1590064,355446,5465648,269512,285138,493507,602516,1571193,2468948,6149
1744686,1630653,2003044,1540736,329305,5978993,661069,586323,466469,448972,990545,1568894,6465
1375583,1429618,2003924,1770000,449762,6536496,921869,980414,572255,629827,1518875,902485,3193
1386211,1278470,1249106,1028266,242708,6135438,730685,762402,512139,561672,1471133,2428171,4894
1728330,1685218,2024413,1531240,228892,4820798,271169,492066,507757,571834,1501947,2480623,6495
1692351,1598258,2001987,1532945,346280,6032332,716842,515356,402294,447668,1152055,2405933,6076
1422145,1666114,2074418,1583302,353482,6108114,711965,732072,514483,567880,788889,870497,3263
1065268,1276725,1429538,1252380,326769,6018787,671161,707307,511358,572866,1482948,1738149,3167
1923143,1750699,2076518,1594592,243282,5536208,500670,755000,609801,659922,1880501,3127746,7180
1726932,1730581,2123935,1638643,359194,6238695,708164,505620,433571,481874,1171489,2565079,6563
1359136,1664713,2046573,1576741,341348,6223736,711985,754262,544434,596788,803683,876845,3148
1077644,1417517,1746551,1661916,363183,6435748,734590,753554,549763,602689,1536133,943783,3584
1693570,1559793,1692221,1072228,124044,5683557,705854,744153,561075,619366,1591088,2631891,6743
2194324,2063051,2801803,2106081,455671,6288487,502952,563856,559116,681637,2308129,3947978,8153
1669341,1777608,2113863,1629941,356693,6259556,707089,727768,552732,543752,819063,864779,4741
1300343,1600750,2027436,1577596,345238,6138994,918608,973058,619216,678783,1942658,1613198,4325
1636018,1563308,1700646,1094073,124123,5625711,732907,764425,551336,605782,1508159,2388862,6082
1699427,1731165,2107669,1602698,353226,5516261,268927,278941,495541,598101,1577269,2592492,6381
1694528,1949592,2461838,1847136,464914,6881435,966361,1007584,556690,554130,808739,1707266,6124
1062139,1536821,2096240,1611218,351758,6400277,707064,729682,543142,590435,1157238,901354,3305
1372888,1445303,1336247,1103045,236135,6354899,710624,751381,575181,636654,1618043,2637913,4717
1679296,1891677,2145846,1679022,243661,5081287,275097,530958,602266,651452,1598019,2402574,6010
1745519,1811217,2147732,1649930,357760,6137837,708967,511447,464915,504963,1232070,2589975,6481
1389544,1836247,2081578,1616946,345460,6212506,722667,760827,587640,635808,862268,877311,3150
1370330,1591022,1693027,1372781,363290,6433281,967504,1002214,620860,687939,1890000,2449752,4667
1694296,1862862,2093657,1614125,222135,5032953,273965,513894,585783,643841,1596312,2480596,6508
1693484,1804610,2106001,1646648,359383,6312069,739634,530248,462050,503124,1246153,2468991,6149
1379462,1865474,2159115,1663525,362466,6433990,724914,746109,574733,633720,849468,886728,3203
1082293,1563944,1384535,1402176,351540,6344889,714996,754112,605793,664174,1665747,1794551,3337
2008875,1838177,2429943,1564488,240945,5542234,507104,768295,511344,630248,1845275,3117166,7645
1763838,1723556,2066587,1592571,346475,6009208,685315,499393,477865,463968,1157903,1686811,6532
1417388,1567653,1913578,1488931,318871,5895634,664686,699910,524948,571296,899162,878420,3151
1399342,1295972,1269572,1299729,358187,6765810,933178,966032,574541,636152,1806347,2345210,4711
1731199,1656534,2013992,1266497,123036,4729934,468375,717623,512860,566115,1532662,2544210,6367
2003654,1800129,2401172,1811590,474509,6190074,505022,525654,454142,577642,1482568,3133968,7200
1430281,1608251,2083091,1601049,364311,6250433,720695,741787,506370,494392,784533,885564,5008
1071805,1254432,1592573,1262053,341991,6043791,711412,751029,510855,573175,1524310,1734091,3271
1710404,1442589,1597699,1119447,123193,5283354,541206,737572,497384,549898,1424361,2327339,6178
1737339,1627369,2051135,1546694,347850,5351386,269955,282115,461002,564854,1537387,2580419,6604
1654038,1780162,2304530,1739736,444111,6620754,923326,962703,505880,495646,763761,1606571,5870
1042176,1366198,1684850,1333090,361974,6234895,732634,753625,530428,590374,1497199,1674645,3036
1348389,1490710,1677092,1071953,233012,5648359,710043,750500,554764,598172,1572260,2546221,4551
1639527,1765111,2115344,1634917,242668,5709692,269481,521160,506973,614328,1536873,2371652,6308
1700138,1784592,2126363,1630240,355557,6227244,702096,506130,450746,489152,1182481,1912296,6567
1347745,1711344,2088672,1607606,348067,6244352,728574,768046,554770,615879,843800,915447,3469
1365335,1571078,1737545,1363128,356065,6282463,961038,991957,624909,669588,1886809,2475320,5007
1701686,1684868,2051096,1552304,236266,5674453,267954,506735,480413,589033,1568270,2586845,6163
1640671,1709418,2068308,1604685,355938,6426512,734000,525864,498956,487392,1182286,1667705,6086
1361363,1540072,2114986,1623056,361724,6311068,725980,746829,555358,608215,1190623,888536,3151
1036229,1428852,1677699,1423069,346972,6257702,725778,765675,564043,629280,1597062,1591412,3050
1973698,1717911,2092428,1381583,243367,5670690,713248,754844,605331,663476,1866889,3151122,7507
1689036,1710401,2123430,1605990,353701,6133711,491931,512875,445513,546081,1216362,2587953,6458
1323745,1681363,2059242,1591715,356816,6256960,738209,769775,550877,527881,800569,868302,4561
1038100,1414336,1721454,1360372,360292,6335146,728521,749670,544398,607208,1535670,1668826,3177
1700747,1587281,1710953,1353724,125322,5641015,482898,741728,582539,634259,1578989,2577346,6519
1931660,1898234,2439057,1862424,479135,6242117,726381,524432,491674,554109,1553072,3147327,7247
1352621,1802754,2105242,1630722,344803,6248675,681948,704359,559341,561529,841794,875056,4603
1003925,1493419,1686546,1590369,350816,6234317,734733,766394,553292,609987,1206220,867470,3042
1338295,1569146,1717777,1092941,243563,5712233,734539,754015,562912,602568,1537236,2454999,4758
1670131,1755682,2103540,1600699,235751,5543144,268803,509120,488439,605618,1574687,2590104,6340
1668403,1737297,2092995,1632677,360553,6314513,732955,521476,513276,491258,1176888,1648924,5927
1915596,1846262,2409439,1590214,355216,5718706,504398,522611,542153,661762,1938265,3264025,7224
1665235,1786791,2127836,1654728,347911,6516861,704609,609294,523588,500527,1059756,1602334,6484
1664460,1567739,2068996,1582639,347772,6811148,926281,980585,625844,688477,1608111,1725435,4388
1340323,1409072,1304116,1344204,243320,6208191,734545,766207,555560,612840,1526806,1616254,4392
1702240,1530619,1696334,1345270,231778,6066709,688761,945321,601361,652273,1930405,3391915,6363
1899345,1894297,2416948,1815634,458646,6116514,731013,521021,473201,534961,1557833,3296789,7551
1361524,1741061,2116782,1616503,361401,6259003,731166,754912,558164,602534,819512,892834,3324
1045435,1327052,1493108,1317676,330685,6284732,675555,708076,556012,619224,1585017,1781774,3351
1654728,1544640,1692155,1349523,125909,5623759,505172,759216,571566,602906,1550021,2421521,6037
1718214,1768278,2132815,1632180,360940,5585200,490296,280598,496366,547950,1543065,2514265,6403
1668717,1916261,2457095,1848189,456763,6853623,938136,993904,556448,617393,818552,1729911,4695
1032144,1372691,1280360,1343607,359690,6251879,731568,764517,546844,598922,1535516,1625980,3269
1711514,1744011,2100078,1336304,122472,4812473,484113,734334,551540,605918,1577234,2608280,6609
1655758,1707074,2037311,1570006,347618,5696953,499902,283375,487510,545024,1580236,2511934,6253
1640399,1784159,2107519,1652571,358805,6511540,729546,752098,504265,551750,830388,1648728,4622
1046128,1533829,1692401,1594036,460113,6954201,922914,969488,640723,695613,1610668,1722262,3120
1662226,1764488,2105868,1374029,124546,5048339,502665,765985,568207,629873,1570383,2423009,6183
1754459,1782638,2178115,1665272,365710,6395413,496725,279689,458216,559976,1556116,2563292,6702
1677398,1691001,2067643,1602815,347021,6302950,715361,756393,573577,562298,841729,878623,4835
1134026,1582792,2094754,1590374,359265,6156654,729455,763159,531920,578982,1134595,887095,3261
1385828,1400564,1309233,1614907,334189,6856054,891129,929490,626548,697391,1973091,1769441,4742
1918052,1886534,2435532,1605884,351600,5573299,499181,523601,574930,674114,1936797,3247454,7064
1676643,1761315,2120866,1635449,361332,6460326,728365,749506,510518,497874,842346,1701512,6403
1004371,1607351,2074135,1589812,343070,6276186,703476,744158,561605,618917,1176281,881570,3138
1351272,1381811,1302716,1084378,245341,6489288,742716,773485,548403,604393,1554996,2435235,4804
1756618,1767127,2166745,1644065,241450,5030399,272262,512168,567542,616505,1592356,2587614,6951
3727649,1936070,5267407,3981495,1031904,12670953,2368773,2667990,492252,563904,3309428,5425575,9038
1381591,1640730,2025650,1546227,352631,6141171,717419,735435,506748,562648,784521,874524,3124
1045039,1270508,1222793,1268919,337894,6041204,688621,726328,503573,557371,1509366,1664843,3247
1692427,1582204,1939456,1242392,124617,4762643,494428,739587,487409,551238,1448547,2326998,5887
1737368,1664864,2048847,1557513,357776,6021217,486716,281362,390745,495892,1482822,2513232,6563
1717252,1753775,2321634,1742807,433401,6550456,892976,942901,565406,571948,910216,886332,4765
1072414,1243191,1260306,1298784,348460,6091120,709232,739870,524713,569063,1459096,1584819,3272
1768732,1700607,2007424,1280122,124807,4787235,459684,697653,506316,577728,1476008,2481897,6487
1719043,1592200,2037284,1554825,348398,6162976,500168,285960,407545,508706,1565031,2482032,6299
1766462,1657199,2127730,1632339,352519,6488959,717348,737142,517774,514597,797368,891875,5229
1404416,1272318,1636852,1530770,333858,6628548,895457,945531,567161,620618,1900820,1750732,4872
1690250,1748480,2282521,1510815,276498,5511794,689362,812281,562461,630787,1443448,2284915,6364
1743839,1641931,2022495,1542029,352913,5906294,493632,282443,402337,498073,1468499,2461762,6375
1699743,1639912,2016428,1547486,337231,6047918,699625,740210,535500,520264,799172,863375,4753
1064080,1290239,1627398,1547689,347497,6074286,707070,737513,495024,550649,1427588,879436,3155
1769392,1437062,1640414,1030690,126363,5268871,687525,716921,499501,557351,1495632,2537314,6747
1984069,1759960,2370125,1782817,350707,5368233,502264,525225,513272,565734,1873642,3240073,7620
1750408,1625918,2044656,1576617,353003,6260051,708566,729073,467669,458945,792808,1614006,5626
1074607,1465259,2009929,1540145,338606,6013846,693336,733102,517022,579570,1173014,876939,3141
1303993,1403712,1299668,1081387,239084,6188798,726614,759423,557711,613146,1514465,2367282,4612
1713067,1689037,2080051,1596054,240785,4835928,269129,507532,539619,590216,1555161,2561710,6500
1952491,1884789,2455537,1871698,458236,6911033,951950,763300,520507,564171,1232380,2515769,6095
1031010,1638008,1744366,1645082,361316,6346463,732357,758666,561041,613109,1157494,882449,3190
1313445,1361444,1306987,1336916,242128,6161928,703050,743070,547655,599236,1604083,1769676,4660
1663563,1774030,2115008,1381262,126622,5033794,500798,747856,568053,616379,1548235,2422160,6515
1713440,1745419,2142235,1646396,361826,6247346,493082,280322,430242,541871,1563304,2557767,6952
1970052,1928213,2822798,2095475,568727,7401693,1171426,999303,634981,634738,1596829,1728126,6547
1361947,1403100,1310132,1345939,243210,6229188,732100,763633,545713,592798,1508192,1642002,4661
1998702,1869734,2486244,1608566,346397,5530918,690261,717416,598842,596433,1568025,2566088,7410
1672361,1712715,2079754,1596872,351613,6229946,499980,519636,443553,533408,1218129,2496141,6231
1633884,1731367,2084642,1598352,346815,6203001,702683,723120,532749,536470,808156,911560,4874
1054505,1522666,2110678,1621213,349703,6349871,720731,763628,574134,615621,1208815,891917,3215
1651420,1479884,1675687,1330246,242652,6170221,734429,1007246,587167,635094,1877317,3133604,6229
1687987,1761763,2088961,1597391,357206,5560812,486158,281458,486142,531749,1543894,2580291,6599
1634819,1678468,2039912,1578751,345028,6183197,720039,757404,493132,535153,805926,1654840,4594
1017388,1614609,1742916,1657298,359748,6330542,732568,757345,569892,612265,1181625,868019,3258
1328951,1354204,1401813,1083247,235774,6147721,674045,704286,556890,604090,1562981,2488735,5044
1935785,1906080,2441576,1858485,349654,5694879,485794,524768,543695,618321,1917619,3187530,7614
1720090,1810744,2140974,1641531,360946,6311707,721578,742541,508905,560082,815266,1680030,4934
1010578,1493757,1660560,1559667,346497,6124406,713766,754627,533477,590424,1201257,869499,2934
1339992,1515714,1677106,1074727,238911,5543813,726122,755287,553513,590389,1506731,2351647,4437
1757159,1724996,2141912,1637508,241524,5538756,269578,514727,494730,604206,1578763,2617791,6780
1940943,1888590,2428926,1828500,461423,6787356,957728,765030,494238,556329,1178942,1908412,6176
1035682,1541627,1700345,1610402,357212,6254428,724033,749722,539251,585562,1141521,898303,3254
1664485,1770293,2084756,1335881,337633,6139061,898280,733106,550811,601277,1957464,3378621,6254
1626306,1784221,2091952,1615181,240327,5487102,266317,520091,505306,610627,1559354,2468219,6240
1733332,1797291,2164298,1668953,361605,6258561,493469,509438,484829,581765,1242062,2602313,6875
1326615,1690513,2424522,1835771,457305,6733678,947767,1004285,612960,598762,1198419,866250,4664
1378903,1352338,1338819,1227659,246846,6516475,740807,772742,546423,608099,1514938,2287252,4612
1728200,1801183,2144869,1362504,233821,4986340,487862,511298,566758,621700,1573766,2596873,6727
1639426,1682270,2067712,1609751,353234,6233725,501552,523165,433763,541943,1190428,2475643,6109
1359851,1803255,2146001,1647953,360559,6380223,726575,748752,562528,548747,830559,868858,4764
1034996,1367428,1683469,1327746,346928,6267749,708587,749197,551001,613908,1588601,1741309,3182
1918979,1719678,2078570,1610531,244328,5505351,504962,766281,599687,655906,1881814,3168751,7516
1708708,1750046,2126986,1629650,354643,5921649,483149,279311,475824,538489,1551242,2585670,6562
1637635,1756159,2060168,1600198,340570,6228345,711076,746266,500443,555901,804293,1624646,4645
1048118,1519621,1692796,1604379,360428,6184942,731180,754094,538151,586012,1151136,876485,3273
1394969,1513738,1694861,1070167,234121,5464108,705620,745228,560308,613724,1608965,2615796,5017
1951491,1896971,2459183,1867589,357349,6430238,506055,530225,498953,609033,1944439,3239524,7549
1688093,1782284,2134001,1655898,360643,6389394,716770,737496,566544,566769,846673,889068,4855
1022964,1437237,1703982,1617974,346935,6299235,717133,756279,564394,621724,1553801,873217,3124
1695027,1735755,2095354,1380737,306623,5613330,696168,736804,636204,678746,1849718,2987977,6164
1693033,1768427,2145386,1638251,239593,5575223,266880,509762,506197,612897,1580053,2603470,6638
1923638,1866131,2419594,1808460,460893,6629665,958293,760959,529118,523760,1179380,1703928,6109
1061417,1379313,1713646,1636883,357877,6308525,728435,750882,547400,602743,1515981,911613,3443
1737560,1543998,1718235,1076338,124902,5637399,710997,746784,549251,602155,1585618,2633645,6776
1619968,1703506,2073168,1627485,357045,5694783,271993,285407,491999,602299,1557332,2451357,6063
1644493,1840838,2105144,1611524,345337,6265275,689050,599246,499697,486772,1028841,1569357,6209
1327152,1536628,2047800,1833555,450286,6766879,923373,977708,617211,682410,1557290,856156,3001
1340667,1379721,1307845,1078304,242879,6280452,732713,762708,550821,600653,1509561,2416946,4748
1686185,1747226,2109829,1597864,237327,4803665,269228,507388,540915,601684,1582138,2595740,6593
1648183,1689799,2052234,1575870,353554,6078605,734234,524549,446007,485273,1185728,2476592,6195
1371757,1620250,2024139,1546462,356271,6062921,715624,734316,512974,563829,784321,881763,3123
1057529,1247620,1417822,1253740,330446,5922855,676304,712826,512469,571975,1508924,1715371,3151
1966269,1638798,2026861,1562643,245166,5433087,489718,737108,568089,623993,1825965,3078128,7455
1754100,1640629,2091755,1595575,358519,6035533,710751,510157,406821,445398,1154382,2578834,6773
1384618,1623398,1965451,1730588,439885,6432872,914941,968075,559629,634340,1152000,881051,3213
1075893,1267012,1648628,1554329,357372,5987952,727275,746502,501863,563585,1456888,888255,3322
1783532,1440848,1616368,1021193,123956,5564458,698484,734084,515207,575613,1556437,2592600,6705
1975574,1778684,2401265,1828260,450907,6184789,500040,313033,452496,560859,1874458,3170061,7706
1735424,1571642,1974825,1521807,343802,5800440,680946,699201,491825,494741,769471,873342,4652
1090744,1267221,1622338,1520541,337106,6021976,691706,731428,493036,554035,1508800,937533,3524
1734161,1420447,1648569,1052817,125717,5517395,727504,758687,521373,561372,1487943,2404850,6320
1759286,1711971,2056417,1541554,350197,5279805,270504,280956,468105,577530,1510715,2569686,6551
1749680,1762754,2390134,1788136,455080,6580121,943275,987502,511194,496105,778062,1713456,6401
1064642,1210585,1611739,1499946,337275,5984942,688430,707838,494846,545356,1427060,927143,3221
1743044,1429334,1607046,1025949,122078,5334733,695210,734120,511690,568511,1547947,2572276,6394
1693421,1576862,1948768,1489849,341333,5285159,272808,284742,441442,557617,1433828,2324390,5814
1741055,1698088,2061565,1580838,357008,5955961,710825,731419,465588,436621,778227,1672557,6367
1053102,1430643,1966999,1509273,343235,5765956,710303,749735,512475,558246,1135954,867357,3105
1690059,1504295,1660422,1282791,243443,5916856,736532,1006202,558606,620513,1824026,3161417,6191
1691130,1615671,1987986,1504086,335472,5345031,324970,290276,441612,544931,1474146,2465663,6522
1683519,1625281,1998086,1547813,352603,6140129,727459,517685,398926,442205,1167474,2433884,6033
1413176,1639224,2039480,1563908,352405,6063535,707172,726337,514557,564530,769410,869375,3178
1072932,1281515,1238477,1482820,433362,6459458,882267,934211,570273,629893,1833291,1705569,3272
1967884,1800155,2398383,1533644,244147,5267649,501129,752672,514247,617727,1828415,3128227,7319
1759101,1581104,2040372,1547648,356975,5796653,704825,507305,449037,436424,1141997,1748621,6722
1386250,1583775,1959793,1500535,329179,5882418,692225,731342,502109,566783,920062,882660,3132
1092140,1291550,1260660,1311135,360253,6119284,726106,753947,509815,564213,1485468,1709933,3320
1695732,1439180,1623735,998652,124506,5290019,689454,726955,507523,570311,1513824,2535937,6334
1983099,1783547,2376000,1792896,468222,5921181,501180,522963,483884,563402,1481024,3140342,7333
1446983,1695960,2077534,1585351,359782,6057402,714138,736050,505408,499184,769969,905820,4961
1093795,1450276,1665693,1327073,335490,5846283,697132,737199,540202,595217,1544831,1668452,3067
1675063,1425757,1596965,1115958,124283,5441618,565018,732584,507874,562599,1452856,2309830,6207
1691242,1598282,2025700,1531918,350310,5218125,272966,285376,443900,552891,1526142,2584618,6537
1707019,1915635,2393419,1806762,454660,6652831,942294,982497,573992,568309,816379,1629109,5970
1077632,1321192,1667360,1307500,354271,6018691,719810,738281,516349,566877,1469523,1627053,3059
1844214,1576663,1709041,1349225,129071,5493967,488768,736853,556121,611867,1569480,2557243,6709
1724849,1753324,2060989,1600380,354026,5519251,497447,287653,478657,530563,1505899,2394862,6204
1743102,1899002,2180635,1692027,363540,6435177,721327,742454,535817,533830,888142,1743925,5857
1079197,1676861,2102413,1631654,348075,6266983,721656,764786,582970,643685,1228865,888894,3164
1447854,1878548,5072028,3336766,1402772,12122010,3022264,3132483,946344,1065041,4478255,3184795,5061
1824727,1771464,2114105,1616703,239556,5494946,274923,506026,505607,613110,1621767,2615723,6714
1746913,1624895,2005721,1550002,349191,6071314,719438,519947,467465,454875,1161352,1658130,6096
1463269,1821451,2133692,1647814,361461,6137934,715955,735264,565158,546028,863314,939569,4935
1063314,1312378,1617291,1331753,342972,5990429,712786,755834,516448,571195,1528452,1656916,3249
1981684,1597564,1980657,1284842,237799,5172254,677879,716816,554327,609016,1750917,3010993,7485
1778379,1679039,2049945,1541025,353686,5880360,493039,513403,422662,515849,1189197,2614547,6300
1382413,1688496,2011194,1550554,351911,5998439,730321,761824,529121,521268,795672,883898,4706
1081052,1280201,1649181,1300740,355385,6101197,713863,732307,500097,553064,1450999,1649052,3181
1712616,1431493,1631317,1274102,126645,5298811,480738,731534,518646,574714,1538292,2571058,6352
2021694,1764317,2386510,1802443,347213,5676494,491224,525145,476406,552947,1815798,3068680,7573
1761450,1690789,2018625,1536994,331426,5958153,660237,689457,475969,525872,784151,1357928,4862
1031221,1449253,1582027,1483780,341329,5791360,714745,750227,495978,552482,1138413,883701,3067
1383354,1431666,1645879,1040751,231927,5398240,693859,713545,492842,545715,1409415,2289488,4792
1749375,1630847,2043240,1555596,233950,5365780,274893,516075,455543,568146,1541380,2588763,6774
2254060,1951891,2663088,1981245,453630,6510275,925971,973155,540444,561968,1489968,2423949,7133
1067158,1312874,1660353,1564149,358295,5895633,711897,732017,512901,555295,1493562,882898,3074
1781661,1607459,1946063,1250507,284812,5772797,876198,928175,496790,552456,1471460,3195040,6245
1699044,1618132,1996675,1263570,239403,4517687,487074,508220,498813,545005,1428197,2342767,6156
1741221,1654235,2037009,1530063,349401,5767527,483783,504829,402455,506363,1156599,2580194,6384
1378273,1560420,1977130,1513150,350893,5986264,724781,753799,493794,491261,789602,885543,4444
1425123,1299973,1660812,1322404,358662,6712491,943074,968417,560449,620070,1831968,2476508,4710
1728788,1608059,1984199,1502662,231779,4746909,271777,501072,499137,558386,1481639,2537775,6485
1700973,1667871,2007431,1543479,349263,6118573,663160,508120,418234,506838,1147788,2334019,6083
1418966,1536307,1960617,1501403,337946,5873151,671321,696480,483933,481038,770958,890837,4792
1032864,1400446,1593754,1500598,344343,5939520,719988,749971,499756,551618,1154875,863159,2853
1732743,1654945,2057508,1328527,237039,5490821,713652,963402,565074,624292,1794728,3142806,6212
1760524,1702089,2047961,1542528,343446,5987303,479733,283852,408569,517543,1535008,2574576,6413
1664928,1700073,2041916,1574576,359748,6054594,739323,771015,548367,517915,784594,908952,4578
1048861,1514437,1695259,1617308,357197,6196094,708825,729574,542087,598713,1451349,906332,3295
1355857,1604704,1699421,1096118,240168,5557365,717042,759412,557287,622223,1586755,2568212,4911
1957151,1943772,2492772,1893738,362594,6307589,505429,529632,487990,600271,1884013,3159778,7578
1696677,1676077,2108649,1629679,356513,6178984,707190,737494,543876,539642,826481,887429,4910
1322238,1725417,2413072,1822109,465926,6058961,736396,767601,599986,663976,1526104,1603814,4431
1346010,1410507,1308432,1100557,244800,6242437,728396,749613,562119,619408,1551446,2515155,4733
1697714,1714536,2077060,1538524,239242,5050900,292048,521350,553090,598455,1591886,2609162,6630
1616643,1691968,2038282,1584960,345152,6245510,513291,526460,430971,531673,1126199,2300901,6118
1366873,1774480,2527656,1886954,480679,6831358,938279,971464,597071,604113,1169406,893303,4812
1303466,1342932,1283629,1071236,238912,6205567,728317,766970,546170,603785,1581990,2519507,4516
1644549,1746803,2107062,1645638,240718,4998597,274113,524438,558851,605438,1519355,2398687,6138
1689150,1740819,2134172,1622039,352000,6299809,707790,510964,447683,476282,1199464,2593963,6486
1335112,1725284,2069086,1593219,358426,6166580,738186,767830,549761,600137,787402,868547,3363
1362472,1411358,1630613,1345784,349967,7094365,929682,951089,615371,675631,1870687,2528938,4898
1738036,1728653,2101408,1620339,239070,5089489,270659,514450,561833,625063,1640061,2655971,6591
1655539,1711130,2072540,1594909,361067,6125088,731555,524205,431614,455956,1164467,2408812,6134
1337097,1757454,2092861,1594533,359345,6089983,710191,736002,542553,600818,823096,900874,3249
1052173,1423219,1337002,1355873,350584,6171730,734201,774219,571582,632684,1601953,1730827,3217
1975834,1943961,2502361,1608880,227475,5168642,510132,769264,615415,668663,1849038,3125608,7714
1695113,1786803,2098944,1600035,346863,6260059,489510,284001,439303,559383,1588033,2606562,6498
1635487,1708022,2061165,1603517,354571,6358580,719621,748507,550207,544738,805504,894615,4565
1404915,1552144,2110320,1624386,361616,6118537,928317,953261,611004,665574,1913417,1666270,4628
3124751,1982381,3412861,2201930,678543,8149657,1833138,1951843,725776,654125,1577139,2572135,8951
1996722,1835804,2393080,1792674,459274,6035678,493223,514720,451765,552243,1421185,3037466,7361
1591942,1670981,2128703,1619540,357397,6277045,712054,744583,538866,525855,820318,904099,4987
1069694,1296701,1631849,1510200,338764,6098293,705325,734242,498999,553766,1477918,886757,3090
1698256,1496262,1634033,1009151,125965,5382454,718353,736384,501991,559441,1466451,2434396,6239
1769187,1616585,2021004,1541395,336791,5423924,275991,289864,464880,571378,1540830,2518842,6667
1698041,1615026,1996530,1541002,357527,6167080,729282,760254,467538,457176,779896,1637773,5875
1043541,1499035,2023699,1541230,468256,6494883,915992,940859,545027,606756,1452002,1650678,3006
1694907,1388359,1579747,1149069,126618,5304112,511218,743620,508285,545161,1507615,2503704,6115
1678169,1647063,2014072,1549857,357599,5349262,269728,281933,450704,560060,1456793,2359898,5997
1755652,1614972,2020103,1527109,338682,5921637,673190,700257,449078,439370,772881,1706107,6837
1057510,1419129,2001849,1527043,349206,6001362,724536,756112,509832,564854,1165003,895076,3246
1436863,1467908,1664365,1296464,342744,6050776,893520,917157,547353,602189,1763027,2416924,5077
1754396,1596011,2014246,1521774,238319,5485333,275462,515071,463297,570639,1543426,2586866,6441
1932577,1859301,2435989,1860603,480195,6895995,967244,767193,535861,486544,1182306,1679576,6811
1641268,1799596,2091060,1603546,351964,6784443,881529,913974,626064,691050,1218355,1677444,4393
1036982,1374721,1315010,1321912,342046,6292891,712400,748570,549375,602095,1568802,1708931,3257
2010448,1912258,2518558,1635360,246524,5578106,503039,756531,550359,665138,1877692,3237060,7684
1762021,1726130,2101249,1594630,349999,6165720,700804,508163,496493,478627,1209575,1765786,6678
1351942,1477105,2060892,1590693,355119,6347375,736748,768239,533165,589403,1181128,891870,3229
1384592,1447208,1332731,1368226,247821,6390905,728847,749976,559031,617973,1555362,1721565,4737
1626088,1699865,1987235,1275974,152431,4850718,492761,662483,540181,592792,1526359,2469829,5990
1955904,1917221,2443158,1855304,472556,6764574,718654,508193,503103,548724,1528902,2382809,7288
1014182,1553056,1682507,1585288,363217,6128633,718500,739454,540414,584140,1150720,875392,3104
1342653,1524591,1672410,1098192,237714,5683578,720406,760263,540344,599251,1597775,2577435,4887
1655916,1738544,2078527,1596143,245398,5487836,272382,526064,474154,581134,1496469,2392585,6057
1692792,1719287,2093802,1574833,355405,6032272,707003,509190,470338,460512,1180249,1752502,6584
1522131,1686494,2027524,1572463,340231,6157949,700281,732022,556477,534588,797113,887172,4598
1365863,1371519,1707515,1619433,362076,6989598,943138,970558,595530,665477,1884119,1678950,4855
1697876,1725976,2063994,1311708,240256,4956971,494565,519308,537973,604737,1567932,2629373,6353
1685975,1727242,2094021,1615074,363743,6318362,506205,526900,434145,533477,1169837,2404396,6175
1380594,1745356,2123782,1633963,358573,6140707,706019,732196,558496,538506,818406,889794,4795
1050859,1427673,1714128,1358669,350840,6481643,727626,768242,591895,640736,1641933,1741981,3275
2035270,1829832,2166138,1509802,244449,5657669,560269,764340,618113,684247,1909477,3262609,8124
1732977,1800877,2086486,1590927,343593,6358942,477843,499192,474401,575770,1238634,2600171,6695
1661396,1914009,2159224,1681767,367864,6477280,744327,776352,535894,591652,854219,1649625,4503
1090920,1651605,1756718,1653112,362570,6337863,720713,745689,569806,625825,1205915,920448,3437
1413852,1696680,1762517,1163076,239613,5801009,725543,765971,596358,657062,1659213,2600555,4976
2017643,2002335,2558553,1944370,363522,6254168,502431,526068,524637,619640,1906757,3180963,7558
1711970,1880205,2160742,1633607,354221,6192002,705905,736465,530464,563527,853101,1019152,5006
1066224,1707882,1733014,1629655,351019,6364018,732428,765935,610973,672646,1251745,924880,3116
1382895,1563608,1696278,1079506,246300,5692504,736808,758145,554582,613410,1550226,2477904,4624
1753757,1872179,2151907,1651161,239026,5688114,276027,520083,552031,660103,1671384,2623683,6502
1673398,1807641,2093428,1616250,363529,6352073,739925,531070,509002,487823,1182602,1645215,5940
1405291,1642850,2123323,1904643,604982,8200135,1174092,1204134,731737,815481,2060796,1792724,3184
1652870,1476220,1668413,1070205,136698,5556803,708552,752508,525279,591540,1572110,2554433,6421
2058570,1921149,2473692,1599475,246485,5699587,479720,705669,554304,660402,1824954,3010445,8093
1728117,1664526,2106790,1622179,352201,6251576,708440,509125,488001,475389,1220293,1737843,6527
1323927,1602932,2096861,1628780,351200,6388318,737828,769447,563328,625646,1195005,862772,2975
1727651,1740344,2177362,1656023,348532,6938378,1170942,1199484,686039,750357,2236690,2444443,6096
1716224,1777102,2085229,1609700,339940,5723636,273292,284083,495480,607214,1584109,2572951,6646
1664708,1755771,2092893,1624599,358350,6186892,731118,761517,507746,484089,818833,1672263,6152
1297058,1538466,2102989,1620816,345521,6319002,694627,715063,542624,581493,1202857,942069,3631
1349746,1372710,1293514,1333332,233211,6170855,703801,746694,547230,600821,1567644,1671755,4599
1949368,1912101,2487077,1600347,353179,5393226,504933,529554,538468,647067,1863452,3129209,7429
1689836,1712073,2112155,1613344,349827,6198126,706652,737504,478014,472506,813933,1759191,6280
1038030,1521805,2042143,1576118,350375,6151142,734595,766606,552310,591005,1181645,864532,3028
1374067,1329134,1276937,1074632,236346,6148794,714740,736362,519227,569839,1473656,2372933,4646
1668324,1559311,1781661,1310027,126297,5455164,453074,707616,548834,608962,1521075,2431452,6288
1969355,1819838,2440216,1860638,467500,6196006,725089,520906,482842,522990,1507075,3046216,7440
1385297,1794131,2143406,1652573,354409,6241423,706085,734158,554237,603464,817306,895451,3233
1019952,1354098,1310563,1339746,343114,6293215,720722,755451,548764,602262,1568997,1664656,3002
1693318,1740458,2141516,1355902,128522,4963561,506377,760570,543626,594619,1521611,2472625,6505
1728108,1703060,2091922,1595067,346771,6313277,493397,284553,431297,533207,1575606,2564684,6594
1923017,1792902,2306106,1740413,332345,5940086,685441,950208,494503,554015,1105883,2021937,5546
1082053,1655266,2043860,1843248,569310,7341619,1129092,1157999,628362,688976,1507047,1716213,3366
1668682,1574935,1668203,1075634,125487,5574945,713606,755938,561529,620382,1581464,2498237,6114
1639435,1767987,2108037,1629593,356880,5619757,273925,287857,488580,596897,1530696,2396544,6165
1678072,1734663,2095239,1603822,345463,6129106,699055,729715,488095,465109,809514,1722408,6370
1055412,1531163,2065392,1613432,350438,6468043,731167,763181,544644,598570,1180054,889906,3175
1707179,1577689,1712982,1189577,240568,6418360,942273,969015,581212,654737,1868184,3122574,6424
1714856,1719924,2066998,1581917,337942,5555703,270450,286481,490199,603049,1573194,2581061,6533
1635165,1679019,2044944,1582356,357458,6319027,735169,767171,482841,456403,798816,1628398,5999
1067428,1549140,2095744,1633194,353202,6271011,703841,724906,561143,606940,1194088,872576,3123
1312766,1337442,1261799,1047985,237256,6080285,723151,765497,544238,595500,1574031,2504556,4394
1935404,1936813,2497528,1899866,358881,5605393,481557,521764,533586,626180,1864695,3107734,7348
1693075,1739171,2071338,1587014,332301,6201916,671946,701369,491058,464464,790922,1700920,6325
1035183,1526447,2068831,1609452,347908,6258208,724013,752720,547282,604949,1197898,894465,3267
1373039,1377511,1315031,1085533,244362,6193992,726602,752074,543680,599626,1531863,2488279,4855
1658889,1717304,2067279,1562773,231567,5005356,277498,517388,546735,602293,1582002,2568401,6273
1652628,1706943,2033710,1582994,355335,6111686,722911,516287,430240,467857,1143645,2365325,5901
1653035,1744101,2480317,1866744,462388,6687578,913833,955417,586747,598151,1167302,892518,4422
1396032,1502785,1637035,1575534,422764,6724716,917507,958850,547818,610102,1541133,2294246,4663
1674402,1763060,2113884,1359016,127380,5031464,500549,757435,541833,585878,1532837,2437214,6252
1697425,1745141,2094894,1601011,342136,6203661,486957,285800,429369,536410,1589011,2571381,6550
1646753,1718231,2056253,1575239,355742,6120021,734736,766813,537553,533636,789727,872609,4475
1366579,1461335,1747091,1692169,363445,7100782,946933,973406,620681,693767,1942542,1699551,4776
1713859,1859742,2112210,1387788,240244,4897822,495218,522250,588699,638985,1650407,2563649,6109
1676807,1757418,2072151,1623206,341092,6318394,473935,403613,455419,554294,1371527,2271727,6004
1744729,1908428,2152487,1657406,354499,6133330,707126,740646,582208,579664,857300,918620,4943
1033204,1420794,1669499,1606959,347002,6241839,728284,760931,560499,624104,1611918,886931,3098
2014593,1808007,2138392,1388424,245923,5564867,726403,750568,615096,669391,1889736,3186132,7626
1764353,1858517,2173860,1540655,317661,6213800,464481,485896,489345,598302,1278172,2388248,6721
1404316,1636465,2036036,1441910,325829,5977299,672020,701290,516486,514286,784234,875260,4392
1092921,1361055,1668091,1324712,319866,5877930,641384,659294,512977,559534,1485002,1398981,3086
1789887,1536458,1697607,1013681,130601,5465720,662666,700890,548778,602931,1604862,2365366,6270
2008754,1996738,2567387,1779739,429923,6238222,476814,496266,518639,633398,1587412,2867109,7734
1463688,1730187,2102643,1470890,317992,5894122,633510,665588,524014,516669,800771,912799,4917
1087607,1338338,1669471,1209282,318203,5712198,668264,700205,508295,558883,1551308,1589418,3164
2099886,1758816,2135556,1506779,223733,6116967,658369,885368,532490,587843,1522526,2855030,7387
1729090,1804998,2123118,1561565,328684,5626884,468084,286822,513669,618636,1619970,2490042,6504
1664160,1818326,2097355,1649649,352803,6258589,727768,759587,527820,507280,866315,1634188,5818
1063709,1549131,2090661,1616661,466884,6794655,927557,953177,589133,646038,1538943,1668732,3123
1668026,1559765,1695707,1347936,128968,5566776,495908,762405,551444,601418,1589386,2571972,6384
1662651,1675013,2065364,1596778,353105,5500508,497899,286339,461346,515675,1483584,2348478,6016
1719132,1731001,2097677,1623991,347688,6091243,695448,729450,486231,527982,808905,1734559,5035
1007220,1512609,1707443,1569376,343165,6202467,724371,756680,547602,598494,1195576,889277,3142
1634852,1600940,1728797,1336216,239887,6065479,696756,950872,582235,641042,1799555,3063281,6207
1736969,1701273,2067713,1585562,341121,5563018,486370,285244,487184,538517,1569967,2532405,6325
1664044,1721691,2056830,1598452,351711,6218711,725235,757000,501387,534052,781100,1602474,4486
1037695,1508294,1677985,1603497,354028,6209372,711084,730803,514570,562272,1162248,894865,3342
1328885,1554956,1672947,1077597,234056,5460660,709183,751621,534957,602289,1562288,2512250,4623
1993332,1941748,2483807,1880625,353474,6165027,505834,530011,476698,584303,1857180,3118189,7705
1701493,1686912,2404484,1829930,441235,6640822,872232,912614,520706,580928,1183261,1406750,4675
1024611,1544527,1686918,1598338,338946,6280225,711993,745807,570180,608449,1197717,873095,2954
1690491,1742771,2081249,1327259,345286,6230030,934764,744876,528522,590647,1830039,3094481,5911
1681217,1749559,2064304,1566928,231760,5400087,272224,508825,474663,593008,1545974,2555825,6440
1929289,1869881,2424801,1846172,462154,6945115,949679,755177,527111,521960,1179588,1659627,6034
1062628,1618228,2104560,1607249,352380,6043087,703137,729937,537291,596166,1158652,892363,3233
1345006,1357596,1305455,1244209,222903,6133324,694784,733674,542849,596795,1530022,2069998,4537
1665369,1712879,2076440,1347145,237230,5028508,501931,524034,550044,602763,1499152,2362337,6081
1723784,1738489,2105548,1618718,342992,6218551,484962,506387,455646,542921,1208127,2534123,6450
1328896,1687839,2050638,1591498,347666,6179231,725727,757628,544732,538563,785919,873865,4395
1346389,1430664,1692659,1341012,354867,6717463,942003,968090,589205,649933,1837921,2405117,4468
1680586,1687281,2047297,1568527,234148,4907868,273816,513343,520080,584812,1569144,2524495,6127
1656781,1780213,2117707,1653476,359167,6308603,697134,523266,452394,540964,1196217,2371624,6085
1376457,1732952,2107491,1623062,352241,6273188,702930,727627,533694,529505,809593,907756,5019
1060526,1393815,1691174,1358217,340497,6244449,714928,755074,569276,624739,1579307,1678363,3056
2037580,1778710,2153758,1667929,243288,5868481,515257,771683,611798,642780,1861003,3152977,7986
1726541,1697185,2148155,1629695,349277,6207415,709391,512250,427702,454761,1203997,2596985,6886
1349862,1738392,2084028,1605314,351402,6264988,732902,763424,544985,599082,810454,893927,3268
1089847,1399707,1466520,1393477,353480,6334276,714723,738125,546519,612745,1538002,1694400,3549
2020692,1756970,2068659,1567367,223065,5721014,494849,741167,622488,683321,1964809,3330030,7808
1957126,1955413,2486065,1916899,474250,6333185,739332,526115,512670,549998,1587519,3114629,7059
1407189,1931541,2171204,1666955,358205,6109107,712039,739008,580751,639193,854779,890569,3053
1092194,1486014,1380995,1397239,343726,6353221,724043,764777,586662,646267,1633456,1700620,3237
2072083,2142927,2662876,1768694,131214,5086844,514835,1017644,658553,724507,1946922,3193988,8361
1697854,1775555,2118309,1607340,347096,5913567,491170,283573,459656,538759,1602399,2569873,6554
1593962,1726695,2039813,1603738,332696,6339272,696621,728597,506237,551700,825244,1513526,4676
1053799,1680753,1727070,1638391,474384,6933966,953476,979805,611386,674988,1526096,1667341,3294
1678999,1729115,2084290,1339129,127622,4972227,498494,754468,553307,611326,1597848,2553837,6129
1674030,1646972,2053375,1601946,354714,6148317,500061,286223,424625,523653,1518565,2321445,5932
1749477,1639204,2031820,1556507,347238,5971777,692920,719448,501121,510631,778005,878417,4805
1046689,1271358,1595549,1503475,335757,5871802,706801,744816,491834,545077,1485302,867961,3154
1786620,1642300,2015752,1281478,186585,5415000,681048,933916,552310,609027,1747491,2960432,6312
1752758,1652354,2075325,1581658,345895,6021056,496184,287890,406749,514791,1583797,2590402,6745
1689737,1630639,2020158,1530207,347263,6019946,725807,759372,504372,505254,762996,904649,4714
1099480,1273410,1661439,1563718,354324,6027338,718938,740205,496140,542610,1477375,913783,3170
1729449,1411043,1590057,1010902,124340,5362392,690369,732086,505528,560964,1514022,2510441,6197
2014888,1825404,2366434,1801930,440923,6037935,463307,413890,473275,568657,1615953,2929857,7539
1751842,1568674,2016891,1542165,350811,5932561,700537,727258,477074,459994,760989,905632,4953
1058475,1220743,1611731,1518115,331987,6090676,697678,736692,509053,571249,1539521,896853,3212
1704089,1492876,1677658,1058714,129060,5495851,730771,764118,509831,566669,1467160,2377659,6336
1750870,1613857,2016304,1512729,339620,5269856,274451,286840,443272,547276,1508965,2510111,6508
1698144,1754684,2342748,1788359,449844,6713013,936735,977922,529421,515114,784286,1612194,5901
1063595,1305075,1632852,1388934,346681,5977752,702728,723712,492877,552677,1438971,1489692,3069
1733567,1466882,1626618,1015320,126340,5381896,694831,734762,514530,564092,1525594,2498391,6220
1678864,1606010,1999038,1539847,345041,5401643,272336,283225,448429,550008,1467218,2279431,5900
1771644,1607084,2036962,1566117,347585,5922089,691258,717748,453247,437139,770592,1654716,6355
1074846,1483282,2024357,1539356,340838,6012482,718437,758770,520412,587288,1158470,874527,3136
1683726,1434199,1615254,1266257,240236,5840102,724790,980724,550338,596683,1780458,3067675,5801
1756696,1623667,2063808,1554957,345002,5269100,459010,285369,462412,554476,1544303,2556962,6582
1677198,1631219,2008196,1553852,342090,6129521,705755,734591,455211,436272,771639,1673265,5979
1383533,1625535,2436924,1839716,463908,6728831,932815,958421,503952,559371,1138919,1640125,4454
1369926,1299683,1240765,1029571,228818,5979768,692914,732882,501427,567750,1519184,2506304,4623
2227772,2101976,2827633,2141444,358415,5414423,497671,741420,616891,671088,2230422,3790307,8437
1824515,1948507,2279433,1530881,250279,6329784,749556,758605,534982,594134,1308920,2523907,7036
1744567,1841400,2170836,1691663,241098,5462475,272122,509957,544231,630672,1571273,2464899,6406
1697656,1790686,2083501,1611762,332690,6220640,689690,490215,487844,521182,1269642,2373700,6030
1367693,1790326,2167016,1681631,358271,6422946,732348,770016,574685,632335,844231,911564,3449
1376302,1634555,1738352,1369457,348879,6316972,917329,955055,615087,679059,1944903,2561609,5025
1638482,1714419,2049610,1606614,233937,5679984,273715,524259,498765,617760,1600877,2445517,5990
1650663,1736850,2116687,1644406,357174,6251445,732559,513927,496982,475674,1176164,1636909,5861
1378923,1599141,2126089,1635285,344330,6485506,703141,736604,566976,617841,1204502,859147,3284
1127169,1389697,1303048,1343375,298635,6353103,697442,726649,554439,615957,1507830,1539112,3344
1722284,1761803,2135099,1355077,125632,4874822,497293,739704,554821,607268,1544631,2484375,6350
1998481,1883742,2458004,1849698,449596,6778762,712641,511571,494650,539322,1618993,2568781,7525
1359703,1467873,2034831,1586194,352632,6172182,721483,750868,546260,582258,1149334,869989,3036
1435653,1260468,1275593,1307231,236878,5923437,695058,726806,485002,542239,1497798,1699757,4673
1694323,1598975,1995607,1281899,233717,4715123,488618,513703,494801,552393,1497697,2416361,5977
1666876,1657080,2010369,1560332,333217,6104602,460505,409641,398021,491184,1277510,2267933,6064
1758333,1560036,2388053,1790953,444068,6572683,898830,942957,556573,563951,1161443,899808,4881
1696217,1476458,1636806,1561533,340844,6799249,934450,977125,571989,643757,1495268,1620881,4572
1727944,1697249,2091347,1339055,239065,4911854,491024,507513,520894,568470,1499739,2442755,6231
1698741,1573920,1991115,1526905,342747,5957718,496369,522992,400961,503794,1153898,2543025,6171
1400534,1645551,2032338,1563334,348394,6168156,714551,745805,512900,510950,771271,873555,4588
1453721,1279751,1698849,1447885,349290,6769355,918240,957930,572408,636608,1930502,2437664,4813
1705936,1573781,1989703,1286752,228804,4786338,485196,509983,510965,560302,1518190,2391483,6121
1748937,1652100,2045728,1568888,352524,6030436,495065,510302,391290,487185,1109695,2395873,6235
1426680,1616189,2027948,1530877,336417,5935289,683103,714996,505768,501919,777174,897844,4919
1102172,1279832,1617046,1275493,347542,5818480,720596,753970,508025,554549,1495903,1633364,3152
2075501,1579208,1975743,1499010,237085,5165825,486956,721812,534394,600562,1805505,3210006,7582
1689757,1617491,1957044,1478231,328436,5783280,664871,504210,393018,482348,1137968,2463606,5975
1370753,1617952,2003997,1559387,342229,6153933,705337,736697,527536,500930,768708,859611,4343
1042584,1228812,1589093,1257744,340055,5821006,680826,709751,489555,540197,1475084,1698518,3176
1709650,1484706,1686783,1330379,128528,5466698,501735,762979,529578,596841,1556788,2472976,6376
1747157,1637091,2040749,1567404,343261,5371578,477578,280263,461893,498636,1448718,2341461,6394
1763905,1791270,2404623,1798658,443606,6659949,900684,945201,507956,565001,785614,1722256,5023
1360174,1475126,1632928,1532400,443602,6686168,916183,956448,559625,563277,1498329,1613464,4302
1717625,1475452,1689767,1310387,125006,5301266,453905,695463,509037,563188,1442653,2315798,5978
1687804,1644398,1979988,1520885,231166,5362634,269936,517880,446928,567002,1520483,2472995,5911
1730310,1630871,2063425,1584471,352920,6001753,724610,520376,464083,436722,1119204,1638157,6188
1485024,1477246,2066023,1801395,440480,6575555,883570,923245,564514,631472,1512622,919502,3451
1681971,1458703,1638911,1023610,125498,5330336,725349,757821,506923,563013,1516337,2425666,6188
1712477,1643277,2042136,1573855,351645,5383070,265234,280540,455511,559539,1481604,2421806,6176
1685421,1596037,1941916,1483513,315722,5917223,655741,579544,455577,434415,1010414,1583635,6060
1363304,1496387,1991979,1548003,352248,6026823,724286,756197,502708,548413,1086510,864265,3286
1724353,1531208,1635933,1271320,238196,5808017,908615,935415,552448,613626,1836125,2453478,6146
1690237,1572202,1966669,1519225,333353,5295358,270683,281634,454402,547659,1519014,2443573,6169
1711880,1612621,1992617,1528185,344190,5986315,705066,736006,448525,434271,765591,1558146,6005
1065630,1505028,2056298,1552739,340254,5945897,689125,719245,499216,559507,1130747,886328,3337
1352682,1266162,1256275,1164175,222550,6031850,697744,726105,504606,559475,1479465,2084250,4362
1756764,1666775,2110041,1364446,238755,4939516,501239,517826,510170,572104,1489027,2395431,6293
2383855,1943067,2746572,1998634,539663,7191845,886246,938843,510762,566430,1145437,2528430,7546
1061628,1430007,1999680,1555782,347774,6102320,713249,745049,523979,563544,1144319,863400,3155
1415720,1469619,1657162,1568436,441261,6586106,873212,705350,498051,544535,1848322,2436870,4864
1697889,1621193,2013822,1296201,125921,4759024,498667,757527,514421,572623,1542900,2416145,5869
1731841,1673790,2045524,1575706,348349,5670107,489726,284367,463291,520907,1465094,2384719,6258
1735574,1745376,2399276,1786341,443782,6580127,898284,943241,507637,554307,780650,1711349,4736
1098189,1264997,1246169,1307791,349857,6197203,728496,762480,522888,583297,1511111,1628801,3110
1758677,1707792,2066044,1298638,125611,4686672,488782,720911,491480,548635,1471443,2445723,6355
1727809,1590310,1984902,1531177,332682,5998000,473862,279330,408833,494776,1523496,2492921,6311
1719201,1654173,2052333,1592835,351117,6176596,720262,753383,522147,508107,767508,880826,4712
1075833,1381252,1612420,1532523,440141,6496166,879875,920805,550451,624837,1787433,1662427,3449
1707272,1596120,1972989,1277812,123195,4818799,485353,745234,513426,563907,1532750,2423487,5981
1705428,1634166,2057725,1590245,354280,6165093,501313,284683,398203,499565,1471743,2373261,6050
1745125,1644601,2021416,1538126,339441,5989762,695193,730502,500192,496868,752439,863275,4814
1085679,1293341,1630836,1544002,345775,6163777,715487,744990,504908,556591,1477201,865199,3163
2078267,1584962,2032260,1294701,238609,5357688,710996,736476,559393,610139,1843544,3249576,7776
1708782,1638146,1972820,1529505,317565,6078590,454838,330424,407997,507895,1419234,2359330,6207
1730047,1636212,2038924,1576660,352058,6094711,723613,755371,452359,430037,761562,1610260,6120
1079573,1463928,2021790,1528001,331464,5992991,672562,702103,499536,563115,1146045,868313,3223
1685419,1433568,1628986,1292495,338565,6041942,724976,756400,581725,637362,1883234,3110134,5619
1742024,1611754,2042283,1566033,238306,4790207,268064,505717,500308,551165,1469677,2420135,6281
2060460,1817179,2404703,1787022,444694,6511040,909188,734851,463340,511721,1156236,2543826,6184
1083958,1412315,1871623,1542602,335766,6112231,688715,716935,492666,540563,1098457,887319,3305
1432239,1235245,1257690,1034836,231218,5970118,693819,722370,505918,560158,1516620,2510975,5057
1731107,1642948,2006207,1547906,231032,4729798,269906,508667,529668,591726,1538698,2483349,6244
1707035,1621568,2046269,1569459,348234,6006292,709638,516440,397281,430503,1100401,2339988,6021
1429055,1618871,2025681,1782705,446302,6500545,897374,938280,554748,615340,1154836,898113,3250
1369994,1461808,1625645,1024319,229618,5337951,714182,745639,498988,553496,1491321,2393761,4586
1670586,1670189,1993186,1538120,219438,4854942,267015,507587,504911,563337,1420810,2302668,6093
1742044,1602460,1994747,1520536,329617,6009485,681138,512304,405624,446285,1145807,2498937,6314
1384187,1647698,2027018,1573291,351715,6182344,722581,754386,526792,582510,765940,868281,3387
1381205,1512027,1664162,1296175,347858,6072210,911280,939789,547166,610027,1832849,2462339,4602
1720430,1580895,2027751,1284179,236442,4818995,509798,528346,492795,550453,1533275,2475269,5973
1720512,1593816,2048556,1576904,352975,6232377,500630,516471,394467,492128,1133534,2392710,6166
1536552,1655999,2042626,1569141,339408,6028535,691732,726612,517356,517596,779297,883850,4734
1399756,1476633,1987194,1666888,344039,6032090,740163,967249,558779,633649,1837256,1581820,4543
2070753,1694143,2054688,1302501,237142,5353311,688815,709180,568173,614081,1828952,3186076,7587
1707763,1575812,1970187,1527576,334129,5987455,489167,515960,412561,510185,1138370,2476282,6064
1412690,1646749,2063021,1578286,352247,6073868,722509,752404,502263,501534,761166,886767,4587
1084867,1263545,1643906,1302304,347521,6038611,698446,731207,510387,560343,1531998,1739529,3286
1726755,1423363,1615516,1205537,124822,5286619,490603,719133,490674,543601,1452940,2325472,6169
1712071,1683817,2024026,1556532,331861,5367158,278605,281826,453609,556766,1417694,2313164,6231
1742287,1749099,2368517,1772273,430654,6527854,874220,919841,510901,503979,795038,1665507,6459
1093824,1250000,1614846,1278121,349501,5893843,721777,753360,514354,560949,1502398,1616701,3077
1752444,1478776,1656631,1295964,125328,5280786,486049,725398,491927,557507,1478656,2471361,6244
1718256,1597813,2008584,1543394,341676,5358381,494668,282243,449822,490846,1550820,2545345,6181
1729001,1578023,1994068,1541429,342214,6063794,702309,733024,448118,483610,771560,1569317,4792
1402706,1616583,2029407,1789865,436408,6523030,881057,918226,570009,627874,1227927,916355,3377
1390938,1425557,1572945,1026244,235694,5326137,695214,727516,518796,572082,1470361,2333602,4612
1737205,1662301,2084667,1580599,243083,5374365,277943,518024,445336,553782,1480577,2424982,6259
2032278,1791162,2387296,1525884,338129,5903478,913323,739762,508327,494500,1542827,2535602,7487
1378184,1520616,2014881,1567138,351468,6088774,722879,754493,518166,570365,1128975,859576,3058
1752588,1454430,1632333,1293349,237405,6113351,906899,939297,548052,612749,1856930,2469078,6293
1695729,1658899,1982143,1537191,279272,5421836,274580,384363,459557,577342,1533565,2359534,6035
1714430,1860754,2130156,1666253,350853,6362266,717035,512496,498201,480069,1177850,1638855,6112
2098577,1988401,3020518,2233784,563004,7947651,1125253,1174627,696032,618924,1221327,894634,7348
1716533,1530323,1709026,1309968,238143,6284496,964490,1003663,589340,656068,1968830,2489027,6611
1781190,1605882,2049193,1316844,235537,4952926,496346,511823,506853,560264,1487183,2395603,6356
2068252,1803352,2395889,1796509,438627,6584200,701559,740919,455007,489713,1126082,2480434,7550
1231159,1494018,2072178,1601053,352108,6206738,726259,758561,525493,576043,1130746,873983,3371
1409625,1294323,1280179,1337665,235814,5947750,690344,714152,525588,573241,1521833,1664566,4721
1733105,1632004,2018856,1297961,230843,4727123,489295,516887,525541,575007,1541090,2502237,6074
1751181,1602177,1991059,1524839,336047,5272057,481013,282760,445187,492296,1418075,2338513,6354
1747529,1805990,2397737,1783047,439012,6497119,904490,954568,498517,557213,777561,1729626,4852
1076326,1265513,1220379,1275548,347805,5981570,727312,759724,508674,564065,1524385,1622185,3040
1735273,1462232,1910621,1312076,126035,5117525,492633,724397,508922,561378,1495215,2439493,6424
1742251,1624144,2010764,1547185,331252,5422857,476089,287126,452759,501579,1519257,2443560,6332
1706671,1643224,2070766,1605536,351304,6191470,728508,759500,449176,484809,768977,1622056,4716
1080655,1499756,1668305,1577552,451759,6500517,903886,944118,560118,631175,1529474,1690688,3368
1668264,1600052,2006555,1520033,221402,5316843,705092,974224,558010,617412,1893659,2427270,5947
1720146,1585990,2014877,1550148,346519,6076469,498047,279979,399540,492841,1456582,2362918,5989
1773797,1651836,2050771,1573348,337629,6006275,698259,736225,474815,499876,773219,967266,4879
1088673,1462210,1613068,1530699,331668,6119638,691895,720557,504244,562301,1115396,881876,3074
1803537,1635664,2062056,1336727,239309,5410400,689530,941022,554502,610574,1837962,3226920,6545
1701314,1670094,2026064,1574901,333410,6110492,480378,282351,406056,519333,1540432,2489347,6315
1720380,1648795,2017177,1549797,337445,5978125,696463,726933,492449,495745,753381,896378,4741
1090049,1274622,1673382,1586266,344896,5952152,695091,725600,518360,561852,1550141,900806,3492
1388965,1248316,1265960,1061730,229266,6008694,716323,749979,502901,563072,1510540,2331685,4469
1740322,1692111,2072988,1401233,238231,4840014,406116,473504,518797,576768,1475163,2328728,6254
2084511,1758330,2377190,1771108,438148,6465922,699319,742378,453345,492761,1120682,2501685,7643
1064382,1483474,2033566,1559289,346023,6051882,714341,746101,515177,566789,1114599,881769,3266
1435230,1225524,1253245,1029771,233441,5915624,690448,721397,510446,560423,1518217,2493369,4935
1719913,1642589,2032844,1560883,234241,4722472,276452,527153,503746,569672,1557312,2472058,6218
1737894,1700098,2077582,1600553,346897,6260920,719417,512400,404091,453636,1149758,2361044,6341
1381869,1582344,2387048,1795271,426850,6431394,865776,903996,559072,568667,1182124,886049,4454
1366399,1299016,1637165,1298255,327743,6619744,921209,964209,591275,663723,1876049,2328749,4156
1773033,1696544,2086585,1603010,237685,4877165,269569,509917,512321,561395,1490870,2430124,6361
1756217,1558578,1973399,1504550,333462,5909934,694516,502438,390467,431140,1163291,2515450,6113
1396993,1649595,2035300,1581295,353162,6125750,728526,761110,519968,576718,771409,857229,3151
1424875,1296648,1464476,1292899,347089,6493948,912485,948821,553910,619777,1895601,2514443,4888
1717990,1562739,2009379,1545475,232952,4794306,272073,521989,502324,560581,1554649,2483349,6000
1703871,1677298,2075330,1603372,341934,6141178,703816,516842,403966,448703,1114818,2328687,6098
1726944,1616281,1972406,1509482,327502,6023474,682303,721678,493915,493207,752073,878870,4824
1109280,1319229,1644552,1571650,346873,6163303,719964,748528,514044,562892,1490813,871651,3239
2081871,1554355,2004477,1284131,237891,5243265,697437,719503,554379,607807,1854243,3237561,7696
1748257,1618020,2014816,1546304,336636,5945484,491036,489475,408424,501973,1253637,2505220,6162
1675458,1687791,2057020,1602978,345880,6208131,713511,747244,525971,524792,785067,885508,4520
1057636,1374271,1702197,1600406,338834,6073549,688575,718660,536728,591412,1545847,883240,3095
1670258,1555588,1692948,1094809,123062,5612686,727024,761075,557564,616204,1588418,2419828,5757
1751699,1736818,2152515,1650894,353649,5641738,272681,284793,474607,584854,1519777,2458628,6479
2264117,1941771,2777535,2060233,549461,7252383,1141288,979143,496539,551030,1224278,2552797,7442
1048579,1517936,1776797,1619764,349876,6157324,722905,757729,560064,601160,1177638,884916,3227
1705905,1556292,1745496,1380408,343424,6893634,908482,944436,619926,608699,1587016,2525981,6191
1644023,1783816,2089638,1620377,230258,4994983,268894,521388,569385,632415,1612354,2475687,6038
1698087,1745373,2122893,1633062,350634,6271540,726960,518340,417066,461033,1155698,2403636,6230
1382778,1737343,2084298,1879338,447200,6862570,914835,959822,602203,672697,1208682,897109,3195
1372909,1481395,1667214,1078889,236802,5757601,732855,765289,539968,590936,1559993,2413022,4581
1692817,1769913,2139830,1371854,233135,4845425,487298,513829,532583,592896,1549252,2504809,6528
1653359,1754308,2032411,1594384,322512,6325839,467372,337643,427815,535550,1481479,2413322,6300
1658893,1709091,2117281,1649260,351642,6392379,726590,758850,542466,524770,810331,882274,4652
1377542,1364231,1743589,1653692,347786,6866853,923197,964095,606190,677294,1993231,1691901,4595
1668254,1721348,2081019,1335781,234546,4925411,509308,532319,537874,597951,1576109,2419858,5698
1703219,1739180,2112686,1646211,351904,6362676,496181,513283,428707,538428,1164612,2421820,6259
1400416,1715110,2071167,1598867,337700,6211225,701177,742266,554527,539280,817596,898911,4783
1039661,1354747,1672734,1534874,341312,6182878,706375,739612,535670,588233,1510346,1119724,3214
1365985,1335612,1301193,1075684,236460,6181952,700997,734380,551501,608207,1585252,2540647,4749
1915538,1913896,2486124,1917802,347825,5856438,514821,517958,557352,611639,2012667,3238187,7348
1748770,1716981,2138965,1647780,350534,6287220,727643,751735,486965,529954,810696,1648482,4761
1035297,1601136,1699382,1623189,337907,6185910,697732,735224,546165,606387,1185857,884410,3259
1642729,1746683,2058640,1355109,340830,6282944,938276,757360,557697,611727,1917493,3067518,5809
1705871,1731154,2095162,1629507,226460,4915708,271121,509068,536744,580125,1516362,2392119,6340
2033230,1891955,2468656,1873336,443938,6920748,931278,744256,502532,557143,1235742,2544807,6048
1050138,1626080,1722186,1654542,353856,6320368,732096,760562,553278,608897,1165313,893371,3195
1383820,1321677,1321872,1368316,235231,6240903,700275,729446,561383,615349,1620707,1744981,4970
1653402,1717575,2079517,1353961,235230,4975725,499806,522204,554178,601097,1569472,2422675,6147
1652742,1798000,2112671,1634858,350595,6308044,493369,509770,419907,539001,1172461,2395171,5946
1499669,1726741,2449947,1838218,443474,6718263,919528,973326,607301,597984,1174871,894997,4485
1365707,1308892,1286148,1351648,238639,6337009,727296,760415,554318,594961,1549319,1605371,4680
1709288,1776138,2140727,1381361,236816,4917492,487132,508212,558060,605603,1561303,2485954,6368
1657634,1683161,2049169,1588921,337775,6245571,494786,521483,414852,525157,1186775,2466251,6035
1699023,1708846,2119940,1645644,351652,6236540,724719,744235,486350,520052,789433,1635510,4714
1040616,1522518,1680739,1593773,443648,6752641,909372,959958,592146,654072,1582247,1713416,3380
1670849,1627642,2033958,1378609,126350,5297290,499501,761436,549795,622244,1565219,2397721,6219
1712236,1787406,2107124,1633618,337556,5580494,490757,283641,486614,531570,1505696,2417953,6610
1686496,1661578,2018592,1579385,336258,6071321,711936,754417,492244,541645,823778,1695371,4728
1344446,1752871,2103270,1934588,352455,6405547,729483,984280,609441,657037,1511722,1562354,4395
1354865,1552583,1693732,1058907,234125,5500465,698132,728715,544381,597464,1574094,2511239,4605
1961699,1956347,2470219,1890466,341529,6309069,499464,520211,500749,625477,1972313,3197120,7344
1740855,1715452,2124154,1641316,356287,6387912,738248,757816,534354,526405,811371,921831,4779
1079868,1523680,1671933,1607996,325268,6149552,671600,709836,551990,608076,1282898,925623,3514
1396090,1570000,1740406,1112835,239211,5789166,730648,765405,588561,629506,1583695,2402094,4853
1694697,1763870,2130806,1644159,243372,5565236,266273,504003,485639,601634,1563294,2513084,6326
1969844,1930714,2471508,1887037,444762,6831568,930598,750144,565572,563004,1200894,1689472,5975
1061371,1377946,1701355,1634552,350640,6377717,722586,756840,544895,597801,1526246,883653,3132
3113638,1841690,3814336,2677466,634156,10668188,2060592,2249332,635139,731375,3588737,5446906,7049
5294718,1941838,8261621,5731455,1145211,11631779,2039825,2335912,556745,656510,3837182,7270635,8481
1715639,1770791,2138539,1656669,346626,6386389,483130,497882,440435,559937,1208942,2411413,6240
1369560,1737517,2463386,1857455,444170,6901836,921518,974912,616236,615058,1186068,896396,4726
1370365,1372002,1298330,1076300,239375,6442945,734009,768800,559970,607428,1569634,2384183,4663
1748631,1725002,2157442,1668514,234985,4922589,269705,509870,555656,608820,1590361,2521752,6652
1720139,1701895,2111228,1640436,451994,6976020,954838,759385,500558,535330,1619108,3277460,6075
1312789,1786015,2101036,1634659,337187,6338668,695005,718986,542138,536791,810475,886514,4411
1703467,1394539,1832435,1354095,335131,7584090,1072031,1123685,694282,774518,2343952,3194856,6340
1641238,1730771,2085736,1352081,122997,4909919,497496,759855,555747,622054,1568554,2363904,5943
1692173,1835557,2148107,1651687,350807,6295766,490065,283184,438291,543277,1554057,2515482,6458
1654412,1712452,2056326,1613240,338242,6358725,715684,757981,556468,548994,822231,864169,4539
1078462,1338127,1693897,1628795,351167,6382408,732173,766622,543384,591109,1531171,909107,3218
1613135,1543337,1712883,1074116,136999,5644315,695987,728349,552586,601018,1597847,2561560,5839
1909307,1926067,2434175,1848934,334195,6132100,498871,521284,492168,616520,1937941,3165780,7577
1688000,1773894,2101294,1623992,350202,6245124,720920,744244,536648,530875,786595,881645,4648
1028244,1325631,1672321,1593862,336785,6179019,699205,739816,550501,613375,1608468,897317,3147
1335370,1416679,1303827,1081191,242669,6298897,735789,768682,548097,600965,1537021,2313823,4366
1681262,1747501,2115748,1638675,236124,4866875,269867,507494,537106,598605,1567683,2509859,6312
7842494,2185201,10648428,7855592,1811765,17956374,3312023,3226827,508207,600986,5748688,12177760,13094
1059401,1554811,2106486,1627704,349527,6315938,723351,749498,527807,583668,1156768,893197,3235
1396126,1344888,1317147,1095650,230652,6146831,699918,736216,537120,591733,1589613,2546352,5018
1675137,1726345,2085324,1626005,238641,5082816,278717,529466,548392,601776,1555267,2380593,6044
1745863,1727768,2095051,1633898,352463,6179785,710667,504514,415964,458405,1159812,2454500,6264
1372223,1738386,2115861,1909613,443819,6972423,926610,987361,621413,686787,1211629,884741,3171
1082128,1419868,1313613,1368155,308383,6396071,698315,729781,555609,608532,1482056,1541960,3298
1782727,1877702,2179741,1398942,124465,5065956,485830,731362,582183,644347,1621959,2565554,6864
1655998,1669027,2062044,1598092,345453,6311429,499884,281791,415752,528138,1565606,2417078,5958
1745490,1704916,2146418,1662876,352313,6325522,718864,741854,542761,537620,827942,885542,4784
1036780,1337657,1680643,1589053,340765,6269593,703233,742675,555016,599790,1607255,928092,3167
1928042,1758658,2085187,1349824,237148,5474796,726653,758305,600982,668191,1908810,3088594,7496
1690677,1798206,2097425,1631350,334535,6234752,454396,389004,433623,540655,1377444,2403513,6418
1658600,1764687,2103430,1629686,340017,6285820,726086,759119,505460,484500,815578,1677052,6361
1081848,1535788,2092037,1608022,346014,6266029,718039,738512,526957,587988,1168644,897778,3268
1406332,1321339,1285732,1080072,231296,6234375,698411,738242,531970,592807,1586464,2546189,4937
2009463,1879589,2460544,1887681,349226,5638027,500767,523134,555686,605826,1927335,3129708,7379
1697018,1700557,2096181,1628010,351315,6145070,709481,731460,466347,508880,801846,1664592,4705
1009012,1577053,1855467,1606766,337288,6265808,711508,753906,557121,625090,1207366,856812,3150
6237088,1681834,9427489,7295734,1749234,18143274,3573567,3861639,524670,647435,4841633,8694455,8095
1721990,1729923,2122309,1623682,238439,4904514,276549,501451,515131,576903,1561473,2527596,6694
1997711,1865659,2474064,1898098,455973,7046923,725887,521876,502694,544660,1575081,2429433,7661
1731913,1689332,2488185,1900778,455424,7057057,926356,952715,592587,588975,1184114,896125,4680
1353344,1363728,1290378,1339914,231008,6240722,702417,745572,549930,610392,1591695,1712553,4712
1691060,1743852,2104115,1359297,225691,5018326,500153,544958,542725,597037,1526122,2333048,6129
1734439,1739879,2115795,1644017,347003,6135731,484344,283192,445297,538437,1542932,2488662,6337
1686594,1688561,2438389,1855575,443890,6912093,943122,992960,603700,581577,1188698,877548,4728
1378491,1325335,1305786,1363508,239668,6382090,728692,757973,533428,591371,1519970,1636785,4777
1709339,1775016,2110138,1346036,231932,5014445,483567,505444,550992,615765,1591570,2527097,6345
1643235,1720427,2076464,1632893,349382,5687439,496660,280677,499858,555916,1553010,2361068,6007
1678767,1836336,2122869,1658071,351705,6326963,708083,730241,502339,512923,816875,1668603,5189
1032663,1534871,2028236,1617852,326995,6224067,691199,732257,565446,625136,1192439,848963,2909
1652215,1593037,1709519,1359894,237185,6162506,725669,995971,607520,653518,1862441,3065638,5904
1726074,1776592,2137465,1639038,342716,5659435,483994,280987,486929,537357,1575414,2531338,6429
1649956,1713450,2065083,1612319,342630,6230368,724279,755980,494211,545492,800680,1640828,4521
1067152,1572028,1723526,1648222,350902,6389517,722388,742081,551095,607638,1188529,905281,3300
1409153,1541788,1688018,1079133,232787,5808853,702069,741258,557486,614051,1605135,2580090,5015
2230702,2104949,2845766,2152884,449185,5732935,500637,532495,617873,688605,2290873,3775713,8302
3650648,1869822,5271093,4018409,886491,11349950,2089091,2507313,467492,576764,3171449,5523090,6359
1384296,1619035,1979776,1793242,436559,6460930,921064,977232,511859,551233,1152630,1624249,4554
1383652,1497212,1664773,1043065,238087,5517223,725000,756990,512557,565314,1482485,2351937,4683
1743342,1661422,2076769,1587976,233323,5325235,270267,495821,445052,564853,1529648,2524014,6659
1991385,1825036,2365377,1791548,443079,6743779,935144,747053,515475,518416,1141996,1633920,5928
1066959,1448775,1631749,1580539,330656,6204349,681129,701746,509631,553798,1256245,903170,3263
1386132,1229575,1217647,1250786,227795,5971637,683888,723128,502283,546735,1490308,1631527,4512
1714085,1569319,2008222,1294572,238436,4774273,487464,509187,493494,544823,1468684,2302359,6095
1725503,1665123,2043421,1574337,348278,5912628,481814,500296,387954,491769,1141584,2517177,6375
1372108,1601498,2003227,1537591,334254,5973869,709122,748487,497319,501088,775522,881890,4561
1332227,1451412,2021407,1837960,462763,6617607,929159,955624,567639,623771,1529538,891117,2985
1539331,1541596,1660739,1078268,145424,5657957,710250,751895,538605,603277,1581312,2512003,4993
2493873,1737834,2094722,1620668,236064,7954233,760516,1046441,665251,794135,2415298,3938362,10521
1739696,1753581,2122999,1627167,347455,6201789,700639,511215,473568,466620,1191630,1730462,6633
1356919,1584640,2057239,1602983,342044,6256685,729575,761537,549437,606009,1191174,872153,3064
1730627,1539035,1718745,1350207,241213,6385346,957656,988563,591555,649498,1872167,2453744,6533
1756188,1694756,2118397,1627773,339757,5642922,274625,285553,491465,608575,1619770,2579350,6899
1983324,1849262,2406490,1838860,344985,6229857,716959,947326,550632,546293,1248161,2331283,6921
1392117,1542387,2101970,1621982,347147,6220557,703566,727066,534788,595515,1178061,893705,3121
1357996,1366086,1267595,1327677,232661,6195606,714150,755946,539202,594218,1562870,1699052,4500
1970318,1854419,2453895,1607722,353709,5705030,501920,524350,516984,635452,1875739,3073376,7393
1730343,1886112,2178365,1668728,345549,6418432,699617,505652,450565,485398,1218319,2559642,6805
1370243,1667339,2058303,1573935,348339,6233650,724172,759998,534392,584010,789297,917751,3312
1032630,1339217,1368882,1333700,353432,6198090,712636,734246,527214,573725,1503121,1642242,3121
1663111,1509144,1675584,1313434,125297,5542381,457857,710547,540094,592660,1546503,2446363,6109
1948016,1868640,2450224,1868653,468923,6140922,723801,517357,470743,512977,1489882,3079127,7232
1381536,1763694,2111512,1623449,354822,6134325,707441,737214,534841,583960,795993,905295,3253
1039337,1346613,1290637,1324378,344077,6233149,725021,766459,541587,600071,1599557,1699976,3077
1698604,1747776,2106100,1329361,124849,4881535,498228,754918,533583,588197,1505963,2384363,6273
1664933,1695223,2073121,1587864,341700,5655863,273226,288956,486655,601919,1594371,2576339,6197
1595924,1754536,2046555,1593536,339490,6414613,697935,573815,489934,459816,1051814,1489923,5786
1390674,1524825,2099378,1899634,467972,6941219,930293,957727,583974,653630,1546144,896315,3179
1704931,1540651,1701829,1107096,127899,5748899,714744,756208,550543,599001,1570927,2498860,6155
1674206,1743150,2117299,1646443,359409,5807124,271269,283440,486011,598406,1536352,2377417,6112
2046030,1798344,2138754,1617716,349742,6871500,904086,945705,546115,543503,1170988,2494810,7667
1039533,1541298,2043144,1581733,343369,6301876,724557,754977,543535,598359,1175696,876037,3098
1731917,1550774,1708024,1260994,226235,6456153,921779,944971,617625,669134,1850148,2771379,6397
1742309,1698853,2072916,1598771,335177,5692136,271433,283149,495087,598385,1583838,2520680,6496
1651237,1724204,2088692,1615527,351998,6420021,727791,763289,475298,465646,798762,1639169,6088
1123318,1485680,2099916,1606444,355965,6293164,710837,732105,514270,564515,1157404,889788,3210
1394311,1220200,1220240,1023760,233292,6058689,706813,745729,502466,551015,1543669,2525103,4793
2035666,1796893,2418476,1824547,352565,5517715,456704,512960,502008,608610,1803245,3055133,7334
1776075,1679271,2068462,1562426,346798,6185157,697735,727611,443429,429007,781933,1744056,6706
1068117,1450846,2005884,1537114,340127,6271148,716362,747591,519530,571737,1166897,878292,2949
1081707,1291305,1287134,1320408,354233,6313226,714306,735032,510035,554570,1485645,1650588,3152
1744556,1608140,2024914,1298263,126512,4964739,488235,744863,516366,563639,1534346,2521749,6268
1980614,1821957,2407292,1825086,467234,6702393,723891,518564,448237,490310,1471550,2338175,7181
1406742,1591538,2055168,1570274,347114,6127991,689707,716217,491181,550137,1037397,904451,3300
1090253,1271431,1293481,1296337,342014,6143620,725497,760859,517753,572870,1584197,1736456,3513
2009992,1838519,2410606,1557533,235474,5463960,715512,968964,568078,570131,1467098,2346844,7244
1739021,1632672,2052461,1553491,343861,6119869,486473,286342,403729,506045,1538488,2540638,6486
1686121,1655846,2393045,1801541,464939,6774721,944357,985650,510231,497189,1095894,1628393,5791
1071636,1433812,2039045,1568033,467773,6729714,920617,945056,560796,615599,1510553,1698321,3323
1712608,1430455,1626993,1234367,126250,5390868,507402,750441,507628,562518,1564205,2523642,6170
1694735,1681283,2018159,1550324,338769,5411253,292920,283311,450949,549216,1418308,2278734,6066
1764969,1726426,2105571,1587640,353801,6332016,714433,745952,447673,451205,815043,1812321,6617
1073819,1439175,1984315,1527382,336377,6079788,707714,739685,509867,552552,1112855,876911,3137
1694289,1495765,1654128,1306638,239877,6208878,723882,975646,571700,632932,1831094,3172733,5957
1768798,1615226,2006374,1523098,334714,5441845,473806,282448,455746,506534,1513962,2514043,6332
1675836,1593591,1999636,1540965,349109,6137349,714213,743447,442092,483117,766406,1634020,4822
1109483,1448288,1893840,1558070,330247,6115709,657382,679467,505750,557287,1108594,907310,3259
1391583,1263519,1254339,1043367,232459,6075447,708494,751263,530999,580391,1549603,2539570,4780
2042574,1782040,2391039,1795588,351876,5427086,497904,502804,485620,538520,1775859,3048550,7457
1748569,1622112,2074999,1578323,347245,6168086,698783,729219,463846,503038,785039,1699631,4825
1074294,1410986,1602452,1494248,333575,6033904,699600,730614,485028,541666,1107305,856994,2967
1437892,1504245,1678839,1062734,239945,5672530,721564,738785,496888,557739,1457949,2398907,5046
1661865,1650667,1964587,1248811,175464,4807169,490043,614383,515352,576178,1503143,2446618,6116
1878619,1837254,2377935,1806788,445992,6770842,682098,477280,466352,561136,1477522,2337510,6013
1385493,1333483,1605965,1542343,348084,6460186,937667,967359,564659,612886,1805256,1627826,4352
1758697,1628854,2020845,1288832,233750,4847676,478778,501877,502962,568520,1525632,2519595,6513
1656281,1667682,2020598,1544252,356328,6058295,499568,521717,401577,509078,1152316,2396231,5682
1414121,1578706,1996919,1536509,345920,6008949,695916,716150,495677,500382,790773,886408,4612
1097006,1263434,1661170,1450815,338555,6091120,704566,745079,520912,578628,1551327,1447387,3006
1703801,1472403,1662462,1321726,240302,6054760,726570,985203,565597,615402,1823528,3106129,6250
1787028,1729362,2079493,1573868,344581,5469010,483178,283366,480537,530528,1553660,2559533,6441
1714107,1577445,1967842,1487187,341146,5895432,715542,746883,446382,497056,787253,1625807,4453
1067536,1443729,1629064,1556288,353330,5988549,717535,739279,503967,558668,1132128,896627,3073
1415260,1410907,1622830,1037299,229109,5454547,692454,732559,501098,559962,1533194,2496749,4525
1977620,1812391,2388760,1814894,353096,5657761,488299,519966,494201,565989,1839636,3049998,7121
1717536,1693695,2041082,1552686,344536,5947733,687528,711236,450235,500951,755119,1609672,4525
1374928,1480946,2022755,1552589,344825,6198496,725628,753565,510795,564512,1158983,877799,3159
1438897,1310505,1278638,1307990,241090,6121513,723384,744369,509959,562304,1484623,1683054,4904
1811105,1610218,2067051,1306585,232808,4898507,486503,512295,520216,581516,1572204,2577562,6739
1975282,1819453,2374870,1794441,464847,6640857,724887,754824,456576,509488,1138106,2367757,7109
1134590,1509452,2106925,1607466,360443,6202403,717288,738709,515936,572515,1153362,893663,3146
1420340,1267084,1243040,1257509,219861,5975064,663522,700299,504231,546922,1474567,1737847,4447
1697857,1642502,2046660,1303242,240336,4832118,496876,519356,503960,560244,1485924,2375362,6195
1791039,1579976,2011145,1535130,342202,5941736,473379,498700,379142,480723,1129585,2533092,6540
1394062,1581151,2008327,1529554,343479,6095641,725937,759729,511246,509503,812076,905588,4563
1451072,1274459,1657513,1332096,359060,6864564,958249,988387,550929,606588,1823187,2409182,4917
1736039,1661764,2006844,1498766,228608,4766119,274172,507205,505430,571704,1525225,2516102,6257
1672230,1673295,1985683,1531462,332891,6134922,560466,511799,410958,516639,1117113,2268391,5779
1430238,1594048,2039032,1566304,349969,6084713,700359,719395,506948,498837,794170,881924,4827
1078639,1267755,1633453,1314168,340846,6185477,709224,746914,528999,591404,1575139,1711806,3148
2038373,1660585,2052883,1587997,240562,5333379,493856,753457,548976,621798,1834492,3068426,7215
1769788,1664380,2013014,1516195,336177,5876074,472867,284218,413231,516580,1521895,2510689,6390
1667768,1652550,1986288,1526967,342685,6024450,716330,747750,522782,525727,789775,869068,4246
1073707,1473740,1625278,1558774,335027,6201031,681974,703042,504716,562381,1257114,877802,3146
1382653,1465219,1632959,1035640,235926,5424655,701433,741679,523056,572116,1559462,2515416,4821
2268495,1961161,2767715,2075972,350395,6250510,491577,755544,508204,623210,2180676,3732903,8216
1762100,1646553,2025746,1555607,346736,5947947,689458,715639,487897,480864,786214,887373,4755
1406522,1442202,2010418,1807274,439599,6720939,921848,977178,584244,560065,1534118,877501,4557
1441632,1242956,1241179,1028544,238885,6171227,704903,723312,498559,546708,1452155,2364884,4902
1738457,1695316,2079470,1465776,236227,4960884,308654,510432,533333,601808,1600395,2573727,6412
1918971,1907751,2483915,1907920,466192,7127177,725735,757556,516401,545452,1173976,2344844,7177
1094770,1509346,2109042,1624502,357916,6401854,712505,730075,523058,570489,1172068,901924,3396
1378954,1409264,1319298,1105650,239485,6433609,720149,760671,557782,622785,1618247,2569417,4780
1726706,1741783,2132858,1654569,246083,5163851,274699,521687,541799,597329,1521466,2382513,6215
1678661,1711301,2101301,1595100,345630,6018717,694067,504218,433032,472545,1198579,2541645,6367
1349857,1729421,2077341,1603584,349640,6294052,735779,767531,547128,549533,818554,875671,3613
1045632,1575434,1707496,1631542,463883,6914848,926354,952010,615216,668818,1528215,1655987,3107
1685224,1734693,2063348,1327877,126322,5025885,487583,744158,551860,602541,1569061,2532177,6187
1663607,1728224,2068017,1606746,354286,6295460,499314,281823,432529,531815,1516921,2348671,6138
1739964,1733048,2106815,1626571,350411,6288003,695540,724397,525093,526761,807101,915895,5023
1028170,1401623,1717137,1626083,342991,6295963,719758,754444,580350,633798,1620228,899570,3174
1874457,1799144,2098249,1331933,144851,5681852,740150,963995,586621,650058,1847854,3095027,7225
1714305,1742296,2110756,1623823,347065,6277807,493173,284931,419061,531110,1605814,2580575,6468
1943398,1883855,2450520,1884136,456646,6996542,947224,758563,564671,549275,1198103,1628800,6077
1061287,1360105,1715895,1648309,359268,6339935,725897,747669,535310,589334,1555801,899279,3272
1794172,1588750,1689456,1082685,130082,5390002,707731,748434,545557,601228,1617526,2552487,5984
2014496,1863654,2419975,1849479,465057,6059708,501462,523275,479497,575298,1504142,3048850,7258
1734515,1817239,2040463,1579281,326613,6038691,652255,679558,546777,556161,833057,892208,4755
1114234,1319656,1663883,1562588,346001,6063374,721809,759290,517095,568088,1565618,910577,3122
1788181,1569161,1694395,1096171,129620,5698985,702969,726762,543296,597499,1497123,2305622,6093
1785611,1777738,2098887,1607713,345489,5479778,275977,286118,497714,607730,1595366,2549689,6302
2025619,1808594,2352370,1797296,454417,6708643,921798,733723,462438,502116,1121996,2314060,5873
1464939,1594931,2103302,1620476,351056,5990896,697142,726078,538739,593129,1201939,906411,3276
1200401,1384123,1289359,1304295,276920,5976872,696021,734539,511987,570117,1526167,1612012,3494
1775362,1791822,2069421,1313135,129174,4916592,502814,743532,526246,582685,1490515,2364475,6014
1774094,1685860,2063347,1571111,339854,6084754,489979,288250,419587,510212,1553679,2524907,6433
1736651,1716553,2046618,1591906,352484,6171401,726096,757902,536074,523654,783753,880109,4393
1457126,1340469,1667683,1571842,347308,6802361,908821,932345,541600,604470,1781104,1659981,4878
1725688,1454096,1638025,1291720,127312,5365516,495954,759779,492416,548029,1534865,2497094,6250
1722104,1648544,2077964,1590497,354305,5541743,459396,287653,452708,555664,1487221,2366619,6111
2105171,1805071,2426223,1562145,345343,6119968,885962,924654,502469,502148,1124019,2449361,7833
1099928,1537583,2050448,1592074,344556,6355547,718862,747807,530190,588486,1152476,877997,3124
1762738,1541663,1706613,1333293,242272,6227119,717906,975650,564713,631377,1856021,3226626,6047
1693121,1725828,2072820,1582128,338756,5650798,482774,284247,484690,529484,1566834,2554566,6424
1639631,1732450,2069342,1595842,359022,6167585,735600,767532,486963,533815,793924,1664935,4614
1387275,1747753,2153154,1649912,352829,6469907,707715,741090,549476,604513,1131466,918178,3432
1053678,1396942,1311188,1333524,342711,6264441,720997,753128,555820,609224,1576991,1674094,3175
2006555,1885152,2468595,1598018,239384,5542532,488454,739067,537335,647411,1847820,3145069,7505
1705414,1717337,2074049,1585195,339814,6190378,698898,509945,489715,474100,1201147,1724271,6169
1363465,1556298,2052685,1588234,350995,6292743,726170,757465,537811,589115,1159845,891886,3198
1401489,1357294,1291751,1346650,240195,6267260,716408,738001,553993,604754,1557760,1696646,4482
1657842,1673781,2040953,1332392,224561,4993395,490319,535436,536395,588823,1574068,2514588,6160
1626440,1732721,2071059,1609347,343917,6323282,470070,295814,429977,535102,1469481,2273051,6043
1709411,1912074,2501768,1853054,457851,6757703,920060,960130,534211,518342,806793,1714360,6275
1330362,1546795,2077627,1611425,468110,7183954,963770,764407,549935,616679,1970784,2454042,4276
1686392,1544204,1687702,1336295,126859,5695947,496310,741157,532060,592637,1506829,2432164,6189
1738860,1710673,2094910,1610742,445094,6393412,689778,500548,538016,593227,1948025,3349716,6332
1644096,1750354,2090189,1624410,358439,6302281,732081,764822,495321,527737,795802,1594054,4412
1076618,1549532,1995860,1615149,454266,6879193,896118,929654,593129,655355,1534517,1745459,3338
1657472,1586419,1688068,1343312,126219,5622808,492765,744273,558830,619210,1583787,2463120,6179
1675360,1743641,2108061,1629812,359719,5598225,498228,280200,480297,523125,1531810,2405542,5965
1720205,1705622,2106038,1594462,345206,6344063,711530,526686,488920,471419,1182216,1710967,6399
1359008,1567379,2074208,1611556,353481,6405881,728302,760316,545609,610665,1196605,909256,3283
1747723,1567154,1741037,1381409,244705,6290015,933853,960456,599669,668977,1946778,2520567,6545
1622405,1707976,2016704,1567696,287478,5677236,272173,367508,473677,584254,1534774,2426891,6272
1675484,1768572,2096561,1621718,348306,6343550,714990,509524,487056,472837,1159235,1639979,6048
1419133,1567166,2115897,1618470,344563,6325538,696077,728655,552459,612437,1211497,898186,3226
1356402,1372069,1317627,1357097,235612,6323639,716994,748054,540181,596468,1555272,1630101,4549
2051771,1894426,2492877,1609301,354022,5565069,499027,514967,521180,631679,1832973,3182951,7845
1692371,1682614,2075369,1597753,340882,6296350,707650,518588,422491,471851,1209175,2543600,6224
1349263,1721571,2079112,1613022,357611,6231266,731516,764986,541839,525191,793818,871448,4170
1074833,1350930,1723669,1365070,347156,6325660,688724,718178,527921,586878,1550323,1724898,3461
1668618,1544295,1676191,1339953,126937,5684821,498959,758694,544521,600451,1564889,2453672,5888
1725959,1883109,2475146,1882464,464901,6435916,720783,499356,518417,568117,1514842,2410466,6155
1691159,1843385,2456521,1848067,449317,6825011,908376,954944,529063,580588,800333,1716688,4837
1062411,1370333,1305855,1334407,351173,6327439,724174,753536,531834,575473,1527928,1638122,3267
1700754,1631814,2011743,1358908,127651,5259474,492806,732870,535065,595635,1530237,2465039,6282
1658946,1658195,2036778,1580978,233608,5564918,274497,522205,473875,587529,1575800,2500090,6235
1673589,1756859,2134563,1651448,358085,6546257,732686,527754,481558,474078,1155275,1632013,6218
2079453,1634205,3312424,3032298,830502,10689721,1882305,2048068,597423,689420,3244147,3134933,3798
5070389,1807168,7534009,5697232,1170373,12895527,2545452,2813147,524097,652539,4226969,7452318,8885
1743546,1858843,2170804,1691524,355802,5828750,271969,284300,523883,629650,1561689,2435281,6392
1720303,1835736,2119697,1628169,341989,6318434,704123,727298,542582,515113,921035,1737936,6188
1292495,1625266,2059069,1612161,342776,6306323,698639,729420,545215,597820,1178259,884331,3260
1870995,1674850,1509551,1396460,235819,6941571,929721,966537,680718,736771,2039191,2660766,7857
1661065,1742087,2082030,1625599,235008,5103710,269597,519759,575442,626977,1619777,2436089,5917
1742462,1822499,2138908,1638586,353672,6320364,724558,513484,459389,499869,1183537,2395690,6097
1437700,1819750,2123984,1646116,338409,6333601,696581,738206,571968,633701,853797,903977,3396
1103945,1461027,1367305,1382343,351951,6437050,728728,759255,577812,624615,1562714,1664877,3441
1713067,1676690,1893980,1424096,127865,5505151,460966,700705,574065,624383,1547463,2403582,6469
2272050,2145253,2792549,2083567,533563,6928439,887658,705809,490086,542499,1587255,3860224,8658
1387409,1810154,2137024,1651915,352654,6408917,722541,756532,565696,613941,823714,913464,3377
1044424,1291683,1268464,1295910,344724,6060405,693931,726505,508567,570654,1535719,1714842,3289
1680402,1679787,2062783,1335814,123936,5101607,497934,754847,546653,586987,1564429,2445945,6094
1676845,1759117,2093444,1617164,352595,6340827,499657,283207,408584,521276,1499200,2392769,6222
1703376,1927227,2469735,1851815,434858,6863243,883844,934817,534264,597824,801865,1233853,4955
1064861,1347211,1281477,1313935,346410,6288534,715457,746879,532440,589880,1517756,1620232,3042
1711190,1742871,2105740,1360316,125112,4932162,487016,728499,536748,586132,1536286,2457521,6358
3520222,1809258,5402852,4563318,1147974,13171522,2139428,2115613,390788,540599,3098688,5035585,8361
1660850,1773233,2127846,1669676,358455,6574851,734847,767092,550969,534154,804895,867164,4626
1237185,1335365,1704837,1625100,374025,6980800,913618,953593,580844,651322,1931940,1687558,3564
1666444,1772878,2101121,1371400,124368,5043010,495221,762612,578556,626384,1596858,2450871,6120
1674334,1735134,2111727,1642793,348013,6468376,497056,278813,416933,523700,1500607,2369293,6107
1726349,1663414,2078118,1575957,343851,6214386,704181,740275,520003,519750,793560,907517,5068
1054957,1374752,1682025,1864052,467043,6956549,960433,1004513,597427,663489,1921380,915415,3313
2038181,1740663,2121299,1375079,244296,5716330,705961,727346,599361,661642,1911592,3298137,7823
1683136,1703208,2079135,1623007,339612,6385151,491298,495106,434395,532000,1299855,2512084,6389
1646125,1720262,2097969,1617672,356655,6296766,729724,759454,538605,519577,780376,895388,4668
6437017,1758792,10021325,7855279,1825348,17600199,3371881,3637704,553175,674614,5055491,8205695,8216
1628705,1529015,1676472,1061651,125120,5516425,721375,752877,529713,592070,1565856,2447229,6221
1683835,1798692,2149049,1669069,357678,5619898,267063,275872,500603,606454,1532440,2437649,6328
1711222,1901065,2509358,1875305,451637,6934797,918634,971072,546252,523636,798998,1717885,6503
1027442,1328592,1644433,1352205,353980,6227181,733382,767603,534966,592512,1543382,1592745,3016
1650557,1556863,1677675,1108932,126331,5565031,656725,701526,537039,590565,1486927,2357828,6124
1693107,1682329,2066192,1616267,343844,5617194,275942,286523,490776,604039,1607463,2542727,6366
1678557,1696082,2098872,1618085,357121,6260369,730608,761274,467598,447096,793051,1619115,6256
1058065,1546982,2103364,1610123,461171,6863512,912361,950473,585304,648920,1568545,1735462,3358
1679804,1536124,1688219,1339392,123682,5549136,491904,752153,552755,615391,1576489,2443838,6065
1714203,1709468,2108927,1612724,354602,5602953,492789,280337,483946,526141,1521247,2450035,6359
1703328,1709777,2037194,1560161,324691,6218623,671084,706869,476093,457786,813446,1730729,6204
1049846,1562286,2056627,1601680,350162,6298964,725756,757512,542968,600604,1154858,856408,2890
1715568,1561979,1714140,1375314,237617,6335437,701244,943856,598318,669240,1894343,3263738,6377
1674660,1683902,2049054,1594846,339513,5674385,492451,286568,497302,543368,1579071,2514194,6218
2001753,1863528,2471798,1894728,458546,7116062,933766,751241,476748,523671,1148928,2289177,6084
1048022,1569343,1709397,1598361,345579,6129415,693072,722899,524227,588492,1170323,895155,3352
1377343,1250676,1394462,1026310,233363,6026913,685173,715764,512864,558389,1496837,2339583,4731
5920285,1867851,8558368,6465275,1398314,13508530,2330215,2895195,472283,591384,4516888,8731900,9563
3588238,1849614,4406957,3256002,784381,9215403,1540874,1288805,454510,516659,1459412,4202427,7261
1091909,1455184,1654756,1542935,341186,6280562,705880,734987,506488,556004,1094661,867967,3210
1415547,1475813,1664205,1040692,239902,5490645,707673,729694,501168,558198,1510685,2471552,4838
1737013,1618689,2001103,1538277,231597,5443938,271984,517341,455713,574543,1542825,2489976,6041
1726148,1597974,2037087,1561069,352028,6149599,723424,516553,403677,433758,1117929,1719167,5938
1447154,1718413,2089928,1849794,452477,6834492,895371,934537,575082,644990,1153018,900308,3269
1389784,1240043,1259296,1284561,231104,6196064,719352,752913,508228,559929,1516668,1665142,4496
1731321,1665215,2051621,1296222,235210,4837372,493117,509675,500418,556422,1450260,2388762,6214
1713563,1576649,2004383,1511861,339186,6054442,486552,511540,380646,479134,1131751,2534560,6238
1384766,1617707,2025902,1571781,352461,6128936,721097,750542,512523,489567,766849,865716,4596
1480769,1310585,1666525,1402511,349493,6676550,891884,928691,544405,615694,1844592,2381188,5071
1694738,1605301,1994910,1287753,230429,4818350,479581,505918,521670,573451,1533838,2427595,6173
1739354,1647683,2024786,1558963,343160,6220483,488034,504891,417883,508183,1135779,2308913,5943
1766899,1865495,2451656,1816369,444263,6604963,697366,726153,506262,573360,1143564,1644662,6075
1075588,1259916,1614941,1276634,339358,6141187,704020,732507,494123,548200,1469985,1605857,3085
2048642,1625024,2037644,1560003,237527,5454086,487088,732632,546449,601676,1822687,3196609,7620
1703896,1571519,1950923,1479778,329132,5906246,666928,497816,382281,449192,1126000,2486527,6206
1390533,1640681,2016919,1561142,335996,6271886,689848,721793,511399,496985,767197,898064,4584
4286498,1368838,5163409,3672713,888171,10629279,1671559,1821724,523343,611590,4473784,8530673,5196
1696841,1453496,1626509,1288341,125898,5388712,487233,747525,507980,567482,1519996,2425551,6005
1706284,1611227,2022025,1541838,348348,5359502,497481,281067,439768,479843,1419173,2319097,6016
2066548,1762758,2375542,1756172,439732,6567797,898440,726152,483692,483567,1137792,1699452,6135
1080048,1267512,1611947,1541309,351479,6044524,721032,753216,489502,553255,1486920,864909,3099
1495481,1463073,1648772,1027251,175563,5215632,677045,699142,506712,558311,1466822,2405101,5133
1674945,1626750,1950169,1504470,222991,5333014,271167,517136,438805,559764,1488374,2449254,6244
1702921,1635025,2014813,1544844,348362,6067453,714403,517106,435331,418541,1088478,1584389,6026
1414501,1432504,2047826,1807207,450597,6678694,897180,934378,547285,601907,1515970,895098,3364
2023814,1602571,2015507,1285899,230020,6009361,946741,992005,498645,552132,1531164,3217250,7605
1728956,1670465,2065230,1575775,353949,5451638,268554,279008,435398,547449,1456583,2415888,6377
2037224,1820037,2389742,1784805,319779,5928991,656463,849237,522766,505714,1328740,2410750,7970
1365580,1497039,1989030,1527739,342465,5974387,702579,731372,504325,559010,1089606,889755,3263
1786474,1619704,1706674,1333867,240640,5976435,922894,950856,581333,644096,1897468,2507872,6242
1744517,1632805,2017021,1559236,336209,5368807,271469,284057,475006,577620,1547061,2477217,6138
1750681,1760701,2049799,1584723,348623,5976953,717271,750890,482383,478923,828724,1639192,5920
1119188,1526392,2109203,1597405,353374,6107260,711105,738507,533339,590461,1184817,920663,3290
1414173,1402954,1296069,1202251,237916,6040198,711401,742651,530392,585246,1529873,2205242,4634
2078756,1923801,2489851,1613048,354386,5365493,495747,512531,531893,641255,1847917,3188697,7715
1742383,1686238,2029632,1533306,338293,5948367,695924,737401,458515,448203,779184,1746311,6680
1109727,1607468,2068853,1608791,354049,6198269,726982,756860,562106,607511,1176796,883753,3150
1405368,1259931,1254102,1047021,240190,6075493,705277,726664,523322,573465,1527996,2480159,4608
1744938,1768128,2042148,1583531,235415,4869095,272740,517417,543300,600725,1588021,2515271,6051
1712430,1705451,2054137,1574289,352647,5987447,702400,521028,411102,488374,1123026,2349901,6088
1404185,1742989,2450140,1821182,444923,6535166,889297,928909,569009,576936,1171082,899704,4657
1408805,1479464,1325070,1095767,236626,6085984,726229,757828,574842,615579,1596779,2436784,4548
1737657,1848293,2176144,1680922,240646,4998470,270907,526571,568601,624776,1582520,2482295,6467
1736888,1886071,2143292,1643149,345016,6259938,706821,521806,477365,519128,1248437,2592810,6610
1651848,1939684,2454443,1882665,353163,6290968,724876,977775,624959,685073,1189465,1561445,4413
1396718,1396259,1401385,1395951,359553,6873748,906324,931569,614851,674438,1898799,2380547,4630
1648127,1693373,2073564,1602417,233480,4911400,273335,529311,545242,595006,1585770,2534521,6210
1673015,1703478,2095009,1615311,357388,6234963,731432,527558,397008,450547,1129608,2368882,6117
1412359,1686580,2083278,1588278,343735,6060584,694265,724040,534430,587335,799039,894277,3449
1086665,1342024,1328391,1363187,352091,6344208,737364,765394,541553,592579,1580165,1692871,3480
1974727,1944864,2500066,1617277,238912,5669679,497471,743656,543488,656684,1863738,3172093,7739
1693978,1704235,2033930,1566531,324045,6255143,666305,478542,426046,472014,1172997,2109917,6425
1341448,1777704,2080721,1622233,352116,6324076,721055,750397,568461,616985,798752,861064,3149
1058020,1330850,1294515,1343602,346335,6261957,691049,714619,528900,581135,1521665,1672824,3230
1664287,1738810,2066290,1335449,124792,4881445,489780,751183,540725,598053,1586020,2533932,6515
1661485,1748870,2065783,1586475,351798,6160018,498714,284165,408238,504763,1486349,2369812,6154
1686271,1679763,2472417,1842212,452873,6570036,906632,946287,578833,595519,1197039,902473,4791
1141718,1334105,1283304,1312740,278436,6173863,695785,726406,532383,577080,1505064,1577637,3365
1686208,1772372,2131629,1362482,125681,4941154,494949,744420,536003,592949,1508621,2431195,6407
1704479,1700022,2066037,1574781,334718,6239230,484171,286554,418920,529653,1544821,2533528,6709
1650886,1685196,2045966,1593096,353271,6225403,723986,755566,539216,531410,798808,896195,4743
1699471,1561561,2091882,1625864,352229,6708005,1122216,1154088,645176,712072,2240044,2416118,5938
1718834,1653923,2075338,1336427,232159,4953588,498184,526890,533816,583177,1590620,2564637,6760
1735509,1605831,1986132,1530866,341978,6101279,488073,480146,378966,477725,1189259,2324680,6369
1708382,1642772,2029048,1546699,339350,5926939,685991,716712,501650,500396,768907,872577,4603
1039844,1308293,1613073,1519967,338548,6025630,710089,741208,496013,550804,1455027,860374,3087
2095420,1596056,2056539,1292466,244271,5430214,724646,745810,529691,581894,1799524,3209331,7887
1729750,1657430,2074185,1587001,337577,6382895,483159,507962,424140,524128,1186924,2538397,6461
1385938,1676085,2072753,1610593,353158,6329008,724025,753835,518186,521462,780681,878418,4720
1023639,1336185,1685192,1425744,351420,6219383,701762,721131,520658,570132,1510668,1587518,3307
1686142,1520783,1652394,1065373,125407,5579747,694127,738329,542589,599979,1561266,2492562,6100
1973611,1919256,2490155,1892418,461096,6283892,495425,517161,473234,580805,1483911,3066205,7490
1348666,1691787,2074416,1578291,342305,6058167,693652,725881,515016,507461,784861,881586,4911
1044123,1327999,1664922,1320018,343800,6269504,723405,754878,510419,560250,1511877,1655774,3230
1659265,1536873,1666234,1330172,125169,5602788,495313,742115,512264,568871,1483063,2420299,6204
2038415,1866689,2457257,1834126,447655,5557113,465105,288396,538865,644607,1968289,3383282,7606
1601785,1718824,2037961,1590079,339111,6346346,694096,725817,492959,480768,816439,1623070,5806
1369666,1617570,2162648,1643606,470106,7573263,1098509,1128164,670733,730477,1830776,2318498,4797
1676355,1496828,1647870,1337151,125472,5551280,496851,758189,548248,605240,1599034,2527594,6117
1727778,1651202,2100690,1632579,358101,5616737,505803,280266,475017,507565,1496400,2367136,6134
1748832,1656483,2074069,1577537,343638,6054177,692302,724601,466489,510187,790305,1705170,4912
1044961,1506141,1692055,1591172,343281,6305041,720675,752653,545109,600557,1185657,893479,3180
1691182,1584858,1846008,1367189,241795,6286314,698636,947712,589915,650214,1823137,3145799,6606
1745747,1706737,2086766,1591630,337679,5724748,485927,286454,470610,523410,1578773,2562969,6715
1667507,1703240,2054351,1599372,352262,6315330,723775,755732,495111,536116,799846,1605954,4369
1029352,1570744,1706314,1628749,357264,6290838,713952,735355,534212,599048,1171954,855315,3021
1379085,1479596,1647714,1061062,232144,5547036,710164,752296,531031,581833,1549522,2481902,4446
1973703,1892619,2495022,1908033,353303,6414943,499469,519691,500302,615211,1877670,3068459,7358
1665282,1825613,2110593,1602313,331582,6340206,670719,700431,496948,550545,812355,1215927,4956
1082728,1488436,1677680,1590988,340355,6342309,714076,746233,533945,590902,1167498,872996,3273
1387717,1531952,1701825,1076456,242838,5755622,728390,749909,534189,592673,1531508,2448948,4849
1713109,1728135,2070380,1600200,230928,5643201,269605,508205,487844,608788,1577785,2545634,6452
1662657,1731163,2112052,1640508,353150,6399171,721259,520856,503532,481762,1171501,1639019,6069
1390431,1505127,2078088,1866926,466582,6834934,920938,946870,567663,627315,1514307,860579,3180
1599240,1566991,1695627,1100993,137421,5901424,709788,749704,568664,633096,1622142,2539014,5824
1697904,1745052,2113728,1641777,234888,5760126,267831,514141,487937,599603,1520479,2353275,6285
1723610,1766698,2149100,1612567,346677,6184399,700181,511529,505180,491186,1210828,1726262,6633
1326771,1530901,2027369,1572094,342227,6226745,720558,754790,537088,593669,1159108,868524,3051
1673183,1548359,1692319,1342193,242631,6306416,954676,980852,603316,664398,1891873,2413714,5917
1713587,1750139,2111462,1618616,341147,5802173,278190,289118,503024,613331,1589064,2553465,6404
1662971,1761389,2105852,1648291,352344,6368943,704560,519904,437577,505874,1153027,2307030,6157
1385410,1740949,2134183,1648426,352147,6317565,703275,732184,549741,539064,815662,876173,4736
1078933,1400370,1706651,1355506,341661,6304948,719633,756146,554466,611100,1570083,1676568,3290
2043632,1728180,2127078,1638636,239396,5739128,506803,753968,593595,655034,1892387,3191517,7746
1713662,1704146,2067220,1569143,339396,6263713,693587,503920,439096,481885,1193854,2562291,6526
1359053,1698246,2063746,1603733,349117,6399196,720538,754409,538720,591492,787597,869566,3085
1065435,1392528,1368046,1363465,350811,6149224,705778,726921,545959,599240,1528739,1664001,3144
1680555,1508002,1710425,1330347,123123,5550444,458338,716673,543776,602321,1543849,2468878,6360
1996868,1873606,2499983,1908306,469919,6347520,726350,524357,494212,536451,1535751,3107469,7682
1414092,1764161,2157129,1676459,352932,6399812,705230,736462,552306,605315,828054,893499,3388
1042105,1386615,1298374,1330464,341660,6138621,720414,754610,534308,597355,1567416,1676999,3179
1700397,1704628,2084037,1623477,231011,5767306,704372,961883,584714,645329,1835609,2395050,6016
1699138,1688852,2071738,1583856,338311,6165947,482021,283043,424967,526258,1566642,2539346,6507
1675052,1615890,1939177,1502896,325702,5975344,674966,704350,467935,497989,744056,1181825,4568
1087988,1418673,1629597,1541490,455461,6662981,910719,936686,541404,606636,1468516,1682670,3271
1731836,1633407,2035763,1280314,127037,4779551,498971,755510,511923,569879,1573527,2609420,6278
1729946,1652248,2008126,1546838,344009,6095805,501620,285782,400455,497223,1457419,2289700,6235
1747257,1670224,2038603,1549493,348983,6029925,696775,726425,498488,494289,773042,869469,4638
1076896,1255869,1614555,1527126,337086,6095174,711507,748616,510249,553050,1511724,860951,2963
1855863,1644568,2041291,1306883,156442,5505129,696386,949107,567492,620589,1804058,3043178,6181
1696348,1710580,2067282,1582584,336118,6276271,483164,282631,420179,523500,1546197,2515671,6583
1687110,1692624,2044371,1584009,349210,6229244,722518,752219,543042,540570,796965,873210,4380
1060958,1377048,1699840,1616800,352725,6246331,705116,728254,538475,601623,1528163,903562,3281
1319036,1364575,1287175,1060165,233289,6227666,722093,764322,540934,601095,1598096,2532539,4769
1974809,1899102,2480215,1894489,356596,5669030,467814,520069,533936,644575,1859491,3126173,7369
1739021,1762440,2140301,1885431,457143,6955100,919272,957389,555380,537250,1206088,1751037,6694
1052890,1549580,2065888,1606235,341460,6445935,715056,748210,546930,606725,1186945,876722,3088
1375050,1381856,1687789,1354966,339412,7003111,912780,940204,597644,665855,1836368,2410546,4345
1701603,1654767,2032752,1545350,230206,4753541,267270,507569,514336,572036,1551438,2555515,6406
1677009,1599273,1976297,1526478,345823,5926026,711872,510835,387927,431172,1114917,2318955,6097
1387861,1648610,2113874,1776877,461032,6488014,909381,935293,540872,601727,1118223,871291,3248
1355282,1319555,1274224,1050580,232004,6085006,695781,735967,508861,562424,1506841,2424328,4688
1755515,1659690,2098511,1612845,238293,4966916,271249,524456,520174,567485,1499402,2419685,6624
1768715,1636070,2038882,1547500,342069,5948561,691798,509954,400017,439278,1130311,2508457,6550
1387470,1648518,2005143,1551269,345870,6076232,721639,750083,517083,579884,770587,877627,3195
1415274,1457540,1620814,1270329,342506,5906172,908506,935540,526777,587258,1749125,2380808,4792
1740992,1608826,2006114,1511508,226579,5243145,271546,509229,473443,559930,1531190,2529406,6426
1644957,1654685,1994223,1562133,336406,6274182,692802,490377,417722,458487,1166660,2133929,5999
1727819,1751353,2104690,1633890,346396,6305979,693758,726964,552510,543235,810609,884723,4789
1037775,1317406,1685649,1601177,346650,6326733,731969,766695,552675,607690,1604656,854242,3231
1997758,1749975,2099322,1325419,238347,5532339,731817,755614,588173,641557,1843003,3144579,7304
1689430,1692503,2045577,1561602,343603,6013387,491943,516887,406348,508675,1153140,2535298,6196
1387055,1716026,2088004,1631260,352286,6407862,727841,759756,563396,542364,805962,902417,4866
1059793,1365048,1728637,1545719,341941,6250278,688039,708942,546644,599560,1530715,1188010,3394
2005989,1686740,2001280,1280986,222764,6120507,906141,960552,594714,663706,1555224,2530045,6108
2015022,1772078,2386337,1810728,455566,6046145,497467,522084,457725,551877,1461338,3000593,7380
1435765,1576602,1996460,1526108,342707,5977366,687054,718166,487000,484393,766136,887253,4745
1061982,1289595,1609157,1270120,337062,5974976,711138,745724,498193,554534,1509907,1640925,3094
1718525,1469820,1646484,1303486,126577,5423403,488056,738306,496120,557049,1455454,2361021,6095
1769324,1619352,2023093,1526594,339917,5341796,437742,284843,448559,548559,1523820,2552825,6686
1683505,1661284,2023666,1566283,354088,6089875,733615,764215,462889,430249,766311,1623876,5948
1079125,1349041,1955020,1507023,457256,6538398,912044,935354,534615,594479,1493745,1656528,3174
1713146,1440901,1614271,1276469,125831,5460223,488000,743839,521582,576088,1553939,2525303,6099
1724125,1600406,2030833,1549442,237824,5319336,268931,518794,442561,543249,1454518,2366156,6016
1781609,1668632,2043194,1542489,336483,5963822,682346,492924,465030,455919,1180798,1729969,6597
1367306,1586611,1979168,1528827,335374,6129975,701118,733444,515848,575032,1031713,887103,3068
1406863,1503494,1628285,1306546,356350,6016036,935420,958955,546775,620690,1837767,2402261,4672
1711545,1600653,2005132,1521180,235001,5363054,268551,511301,455719,570382,1549572,2565494,6195
1694498,1618088,2023690,1561811,354517,6187167,727434,523256,459603,427986,1131353,1625870,6094
1455734,1430135,2008215,1537112,350605,6019091,704287,729456,485264,540758,1127077,887178,3319
1705905,1470914,1610332,1547477,334758,6623636,928727,985752,560336,561905,1562162,1699010,6261
2007666,1867629,2387522,1558028,340904,5415566,478427,519379,499021,620700,1784066,3047929,7214
1729204,1654391,2009226,1523554,328597,5998904,668188,498906,448754,441776,1122816,1642568,6226
1392904,1441868,2005609,1542835,345642,6105439,726123,757289,520860,560741,1171195,883344,3215
1390362,1274079,1233591,1276619,235355,6175825,706901,727742,496235,552688,1466200,1663098,4480
1737088,1600100,2031544,1286900,237180,4753377,488372,517116,500283,559309,1551605,2559937,6117
1969294,1834741,2398962,1810635,463659,6706200,716654,750059,451146,497128,1115810,2331951,7159
1114581,1520516,2084428,1605018,350394,6146559,697301,721097,515779,568868,1148299,892763,3290
1057216,1290536,1535421,1254534,325126,5983384,682356,714716,505209,554288,1486367,1686412,3286
1711475,1487140,1666614,1303397,123714,5461023,487367,734731,506087,566039,1473890,2371788,6193
1728183,1601917,1992917,1509441,333342,5321593,481246,282169,461321,507363,1533750,2513705,6396
1664343,1631536,1998690,1539251,349761,6055764,724040,756300,472729,507641,764905,1581992,4288
1099882,1379580,1592548,1516034,461956,6602781,918834,944598,530987,587859,1480335,1670848,3146
1681803,1640488,2003178,1295197,125541,4899553,499398,758739,518036,570246,1563080,2529368,6226
1654382,1651668,1997115,1556689,334540,5587499,496041,282446,440216,506157,1435499,2239418,6110
2078478,1882933,2450333,1838297,451726,6690716,892825,715227,441993,497769,1151129,2536704,6302
1089820,1411071,1613456,1518764,337460,5996615,714461,746852,512411,559501,1170486,892427,3139
2065391,1815874,2408875,1561738,339351,6140936,926646,960043,562159,623597,2128095,3782662,7303
1732051,1629329,2013340,1539623,338483,6094259,483637,282367,396372,502180,1516125,2536620,6360
1693132,1667964,2040875,1572377,354602,6216614,731667,763578,522648,510234,762092,865548,4573
1089170,1461307,1656892,1556614,348767,6071404,699844,719619,500417,558348,1366564,894251,3282
1379860,1420508,1586509,1024240,236828,5396036,699060,739589,511347,559446,1538041,2482539,4623
2091975,1753144,2429073,1837637,351815,6143024,500684,515949,435188,543220,1827963,3083630,7786
1751131,1583160,2033679,1539417,341987,5936403,695497,726205,440805,426501,771853,1712519,6232
1058212,1430043,1997904,1544422,349751,5966487,727583,760734,517247,566446,1154826,863126,2947
1426707,1286915,1261866,1030820,237790,6081240,712903,734128,510255,568726,1477093,2406742,4493
1732089,1626109,2000591,1420780,231507,4792749,296509,513048,511542,573017,1536414,2521051,6118
1695663,1612353,1981415,1529507,338605,6020679,494660,505690,391183,484703,1081292,2252152,6087
1431998,1650684,2411217,1792425,458210,6427459,907139,938560,537057,548778,1123016,918077,4686
5698184,1477802,7710015,6387456,1590713,17087945,3402477,3995213,487696,639877,6150639,10488815,8441
1722161,1660701,2049664,1309989,124891,4831591,497286,742703,509046,559675,1483570,2381534,6255
1739794,1666066,2045485,1559223,335574,6137149,485671,286899,417145,518391,1524951,2496478,6496
1705897,1618022,2011059,1555808,348271,6179106,717086,749111,493699,511452,788082,932262,4568
1082317,1548607,1658207,1585431,452645,6702429,896741,920551,577821,635743,1515487,1674845,3189
2009592,1758163,2301120,1499600,129400,4728341,489972,931233,567932,625722,1849397,3149695,7388
1716591,1669943,2057236,1564426,356924,6048874,496953,283167,392357,505490,1489780,2368645,6081
1776265,1595977,2039064,1548573,347232,6007951,697823,726650,504165,496583,797363,899116,4898
1087789,1258790,1635659,1541899,344236,6136625,722051,753395,517040,574607,1557156,891069,3197
2026735,1658080,1995314,1285940,163808,5425170,712397,855085,557338,615720,1751448,3011700,7156
1760549,1692826,2082344,1574945,339597,6172368,481283,285163,402797,515080,1559793,2585122,6909
1724289,1653720,2006055,1556462,346093,6152078,712210,743452,527467,511626,789167,883376,4472
1106692,1271317,1671552,1582954,352449,6047758,702139,725148,515223,568820,1510750,900133,3241
1711268,1462907,1618422,1046976,125279,5547907,698364,737673,525141,589635,1551845,2482899,6209
2004464,1840639,2437765,1847454,469508,6081483,494595,518090,459293,567285,1498569,3083374,7393
1593315,1662902,2023851,1546461,330730,6009203,666768,697983,509861,501454,779780,868167,4705
1080636,1495961,1987790,1536639,346693,6117894,723344,755136,516311,565038,1138315,865697,3023
1364371,1253661,1215514,1000512,233583,5988933,703503,724476,496314,552127,1476676,2388282,4484
2539078,1730651,4260949,3670082,776137,9183860,1308407,1711064,516050,579143,2517179,2913392,7113
2718521,1777844,2874772,1727302,424566,7891668,1320559,1225946,428744,491150,2202018,4675825,7125
1390356,1749747,2117067,1925325,466329,6966370,921516,959619,606336,672126,1220816,914042,3377
1411068,1383769,1556119,1105812,233226,6374280,721992,759418,572869,619160,1623966,2474212,5099
1676463,1818405,2159267,1669904,239464,5187869,272988,525995,556182,608605,1535789,2388417,6242
1715336,1785634,2122214,1624221,341818,6415020,695313,514221,451331,489336,1188525,2538415,6783
1340919,1687976,2058504,1605349,347433,6409091,724474,754678,551698,609280,811968,873118,3160
1393927,1552198,1712451,1359170,352927,6246174,936213,960092,599482,655393,1885172,2433761,4898
1746763,1776469,2122695,1622929,232642,5984988,275908,519219,523415,630669,1623340,2594328,6502
1683186,1776967,2106338,1636729,354948,6461521,725605,522378,442763,478921,1167038,1734547,6027
7441347,2028133,10571618,7725095,1790957,16623602,2972683,3016872,545272,684648,5183247,10936441,8114
1092470,1279752,1280446,1305572,335016,6254959,703683,743752,522891,569449,1545646,1685122,3229
2080436,1778227,2416872,1542628,237860,5532008,495644,731656,500467,607099,1792902,3069477,7595
1769124,1623876,2049418,1559603,340683,6118501,481775,507990,410679,512129,1193811,2598866,6760
1420882,1576543,1985450,1546278,345395,6099093,714172,745185,524081,517036,797490,877769,4478
1104152,1276421,1646071,1342507,352219,6105438,707833,729552,505743,564348,1498343,1598003,3193
1679487,1433284,1576844,1050942,125364,5417688,658123,705997,505705,558691,1480677,2320183,5982
2040841,1857367,2456426,1874857,466643,6208556,497829,520012,461449,573867,1492334,3064248,7325
1444308,1616036,2065038,1826926,458702,6609831,913998,951342,545517,543353,1127593,899325,4815
1063971,1345588,1633943,1286392,344786,6085781,724221,755953,524071,590495,1550369,1664164,3063
1737954,1457590,1657365,1297178,225187,5981775,688612,941034,540304,593031,1759985,3042948,6100
1781205,1636079,2024545,1541396,335999,5439801,477696,280912,470657,521659,1556031,2537720,6256
1596816,1739424,2029049,1579806,340877,6378951,706464,737541,503084,485683,821478,1643242,5594
1078102,1622286,2115479,1647289,457952,6927282,907722,933577,616485,675881,1524663,1618066,3197
1680435,1574559,1682669,1357633,126129,5610021,493828,752306,566245,623985,1598381,2492723,6139
1695945,1754577,2106118,1629635,352850,5682650,503052,291610,494148,535720,1518536,2367668,6198
1710496,1740073,2108347,1612140,344995,6161187,692905,723800,492086,539718,831499,1708812,4852
1039282,1576715,1706448,1593245,346242,6362051,731263,763444,558889,618531,1196342,874576,3081
3577117,1613780,3720937,2391213,478302,8194605,1452727,1780881,616305,707139,3635739,6568251,6918
5103119,1786297,6971181,5186782,1170917,13594334,2338921,2694555,453442,612663,4423508,8350128,8672
1666511,1637353,1988599,1536627,353056,5993577,723938,518744,447245,431707,1116178,1593336,5874
1440347,1539037,2046908,1554234,342813,6040793,688997,718603,509220,567769,1141140,897790,3359
1387602,1281855,1251083,1282001,232394,6095491,728983,763474,514540,558825,1560741,1699135,4726
2057923,1856503,2443993,1577224,351985,5494299,498462,514924,518868,626591,1831758,3135055,7571
1781107,1684426,2058404,1557670,337489,6038490,687639,679430,467196,458401,943331,1753707,6809
1395953,1473766,1979280,1544437,337119,6272872,699921,730695,513209,577775,1113185,877319,3052
1386716,1325302,1251055,1296664,233453,6039593,703930,724472,521267,571967,1501517,1643471,4555
1722929,1593571,1957354,1475953,316957,5421286,661023,698859,560033,619094,1833644,2506052,5713
1712078,1768282,2060834,1588347,354950,6222766,503222,525217,426877,526489,1164727,2347319,5997
1414920,1576909,2401339,1807395,453383,6558883,894127,929095,542690,554280,1103247,878784,4499
1368747,1266596,1249096,1126108,232600,6029860,725177,763757,526609,582300,1568683,2358226,4390
1743907,1683680,2043340,1328093,234970,4886672,496274,516763,515092,565058,1464806,2354148,6271
1795144,1659371,2025876,1536282,338909,6110282,487509,505524,398457,495344,1136128,2532892,6698
1708008,1681544,2040543,1571396,351885,6259779,721675,753491,447998,504430,758749,1596850,4436
1103938,1434001,1597796,1526409,461918,6592747,912605,938010,548877,607261,1510772,1688450,3040
1737387,1620712,1996738,1282472,125597,4721199,491167,750038,517618,572593,1548034,2499195,6010
1734622,1652679,2044355,1570291,352849,5894811,492239,279163,421706,484771,1458145,2372132,6216
1850144,1782294,2206551,1558609,329210,6052689,693671,730515,480689,542713,877524,1751936,5674
4659190,1639081,6479477,5068394,1054793,10904240,1727964,1899577,521213,603865,2908633,5640021,6724
1741865,1698573,2072255,1339265,234170,5541157,703924,944189,569889,628441,1806880,3114577,6403
1758084,1601916,1993740,1523038,333296,5289699,270774,283241,463051,561197,1512100,2505457,6229
1744211,1676678,2066424,1581530,355416,6189251,729575,761620,454733,435095,754140,1592348,6032
1114146,1468703,2066137,1586650,348855,6017484,695864,726479,520291,570269,1149341,875887,3388
1716189,1493442,1679353,1513417,321678,6793975,902991,949601,607576,679214,1554939,1850412,4718
2067017,1940565,2474657,1611372,349208,5618528,500308,515175,555630,665648,1854545,3124613,7765
1756181,1701288,2020344,1539632,337067,6003747,687874,722144,481852,474955,815100,1713495,6314
1120839,1601051,2032659,1578249,347121,6033725,715861,745343,554263,602842,1178982,873133,3013
1465034,1340453,1274108,1059790,239709,6065250,700723,723643,533758,581815,1501877,2430667,4870
1753503,1776987,2068906,1359979,125552,4993934,492542,758257,566567,631049,1623246,2526880,6244
1726654,1885825,2150991,1674372,340443,5778399,499050,289198,542791,584886,1552700,2316625,6453
1753612,1988287,2528193,1892361,455408,6913432,908983,948903,562592,619398,836471,1756602,4968
1114626,1573705,1373946,1429545,354126,6440834,734996,764980,621038,676156,1650649,1648312,2994
1700409,1773764,2142646,1382565,124495,5127340,487072,743371,550658,609720,1557760,2450229,6232
1679507,1774363,2091787,1590136,337225,6282286,483638,282267,454661,556401,1588994,2540048,6388
1669060,1728100,2078877,1628582,351200,6461224,722712,755279,556130,537478,822542,875546,4698
1082295,1515791,1685441,1607162,463472,6731672,914310,944571,579025,639853,1759869,1695429,3329
1722446,1469627,1638287,1052824,123104,5460382,684550,716575,532723,577711,1509165,2349534,6160
1717845,1678328,2054523,1577307,348153,5505720,273028,283149,475219,578863,1492679,2386098,6209
2083278,1823377,2438547,1821762,450141,6259737,700747,732528,521137,522826,1190650,2532202,7574
1077179,1433566,2006693,1554316,351146,6147260,726574,757939,515776,570959,1145050,853848,2993
2059563,1697214,2063468,1492751,344517,6668174,933426,1160914,572639,625450,1840027,3932589,7465
1729720,1685931,2021730,1551462,333474,5536938,275775,282526,465403,586522,1535165,2499375,6573
1731390,1631886,2003204,1554906,339578,6061962,695831,724209,456791,448961,784477,1564201,6082
1429206,1736655,2087614,1573049,345683,6077158,699628,730433,538092,588383,798259,894562,3297
1091800,1277426,1260704,1297056,341128,6030989,712243,745476,513540,570318,1518888,1613787,3121
2109064,1833798,2458501,1583426,237957,5394882,496592,742355,507155,624501,1847059,3232922,7887
1751058,1652086,2034500,1541891,337741,6101095,699566,511228,455034,457143,1173833,1793830,6224
1411902,1690696,1995012,1552268,332101,6139985,679375,709893,532538,576513,806020,870264,3233
1068721,1245084,1253592,1285683,342649,5909195,682724,709829,500662,552705,1498741,1707331,3488
1751862,1590919,1989241,1280961,123001,4729736,483895,746527,511667,571418,1536767,2459247,6244
1726538,1659206,2051320,1575818,353614,6012762,495116,276675,411717,511082,1482694,2382512,6110
1785721,1839588,2398207,1791348,438676,6591345,897159,951693,532908,531368,788603,1676101,6203
1077273,1351150,1620497,1297173,345771,6121822,715824,747209,530342,582039,1498461,1608387,3171
1744505,1489008,1611063,1078562,123707,5289340,605853,689427,503105,552850,1448173,2357539,6325
1722609,1612375,1994111,1547559,334964,5433433,271404,285932,474364,588935,1569109,2497365,6361
1744615,1680081,2051115,1577789,345719,6078394,707553,736610,469952,442618,781149,1616768,6415
1081561,1539047,2067484,1555804,451507,6489787,898381,935614,566960,637052,1493590,1656894,3206
2014698,1620300,1974707,1514168,222585,5417581,497901,764538,570759,621383,1889540,3143184,6887
1787290,1745611,2072761,1588199,239589,5434267,266497,506906,477780,584390,1505009,2450086,6017
1722710,1766271,2029742,1554889,326176,6091765,675703,485337,440440,480417,1214448,2029145,6298
1397089,1862092,2117834,1656518,352603,6451802,724149,756928,587274,623769,848077,901343,3276
1418087,1646040,1728660,1363575,345725,6157427,904469,941254,617421,693659,1958290,2541825,4916
1747281,1884722,2149641,1680185,236455,5852859,280755,528294,567451,675353,1668246,2473402,6168
1738399,1800470,2129557,1649872,357572,6462908,732908,523265,511670,494425,1195937,1652809,6128
1424081,1694875,2136315,1642976,341827,6316240,697424,732453,596364,655386,1266326,890566,3103
1201138,1348256,1288088,1328164,272992,6320184,707353,736587,532383,595931,1504786,1534828,3202
1720702,1614945,1744916,1093653,125178,5641260,707604,729657,559273,612360,1563947,2543539,6492
2023584,2003355,2466031,1899370,441862,6350764,491198,517985,537277,658119,1652011,3291068,7526
1372837,1846250,2128861,1649082,351354,6216795,723451,757506,576244,564070,850332,894094,4607
1135622,1563008,1771943,1393918,345149,6376714,699456,730171,607401,668525,1666583,1757829,3245
1676084,1627774,1701021,1364566,126906,5693825,508602,763993,594297,638504,1616526,2425547,5722
1790907,1932757,2201118,1713354,362244,5969720,482257,283364,532525,639357,1611968,2497309,6315
1687813,2069375,2513093,1896979,442274,6970388,900746,952972,595694,582392,848370,1727126,6285
1412469,1470391,1726270,1385922,355550,7163579,937138,976539,633741,699777,1928076,2318947,4474
1761544,1628878,1743841,1389535,124115,5599029,483926,725697,567690,617157,1585196,2500695,6305
1674823,1690543,2038471,1587253,335721,5653200,488028,281891,497414,545497,1597499,2517593,6238
1692450,1719966,2083637,1627856,357219,6259260,734460,766611,495666,535619,800556,1611248,4542
1073343,1600176,1772757,1620963,456878,6873502,915356,955770,613441,676052,1599424,1721520,3043
1619280,1601091,1733611,1374392,128505,5737157,467647,724027,579883,635857,1550355,2314465,6334
1723283,1756789,2112512,1620049,358790,5587769,498173,285058,478456,528243,1537321,2460703,6384
1673990,1720728,2086981,1591683,342597,6175666,706372,745266,486805,540584,819537,1739451,4940
1385643,1532858,2057015,1597771,352133,6242064,721951,754700,534679,584819,1158437,873707,3271
1718623,1561238,1690079,1353853,238682,6194460,914645,953379,606187,668742,1954774,2515871,6539
1690708,1671140,2038464,1576839,339621,5494795,270187,285458,506328,601312,1580475,2433308,6020
1630455,1807939,2086630,1620790,338996,6298197,696419,578006,495022,479988,1043894,1535412,6021
1413910,1531066,2090089,1606042,339750,6369398,697072,733510,574633,622193,1211542,871467,3372
1351894,1363281,1297008,1348512,238655,6387732,723545,751640,549578,596460,1531395,1629835,4439
1715111,1780505,2123543,1348520,238688,4820691,493993,509401,546932,600378,1533265,2501228,6353
2322169,2009637,2817903,2095603,554923,7329022,928047,987092,549942,598268,1214970,2596963,7943
1393985,1722208,2106986,1628342,357593,6345529,730957,762993,553710,598074,804543,878158,3156
1056614,1396842,1554408,1357083,331052,6397329,669482,697666,576716,632110,1585324,1713063,3196
1660441,1600889,1692149,1354720,123711,5578514,502322,752562,593175,634777,1579307,2412911,6042
1700957,1740916,2104906,1614822,355957,5544983,497132,277663,489736,529517,1534445,2482523,6237
1739761,1753979,2389775,1770655,443760,6463173,914121,968514,513545,560672,786014,1739508,4765
1098713,1312190,1265240,1299369,352091,6123810,725551,757784,524287,568324,1497638,1610336,3430
1763621,1625825,2061839,1316490,127782,4871884,482040,713964,522526,568133,1500871,2437773,6346
1686642,1608527,1973064,1526381,333301,5531449,480205,282257,464362,518267,1525040,2432215,5897
1694909,1685096,2046863,1570838,343031,6096987,703572,735511,474117,505704,761657,1584738,4408
1080000,1509617,1656308,1540168,448795,6544355,898529,937617,547232,609159,1499936,1710082,3298
1677647,1678691,2067608,1334166,125142,5006407,498195,756423,552381,599465,1561694,2414427,6024
1727376,1760957,2110354,1623257,352601,6254724,490400,279004,438610,542046,1519087,2440644,6378
1674891,1744773,2102629,1595034,342533,6200177,707290,746734,555913,535198,794923,913762,4764
1103683,1559326,1741812,1636206,351566,6312925,717731,749557,570161,604014,1438021,938382,3453
1717817,1782704,2136769,1388241,237333,5555837,687702,930325,604079,664067,1906574,3306271,6221
1707210,1661023,2123750,1618492,341905,5560253,270236,280838,497881,594323,1579560,2515642,6093
1725813,1757364,2205762,1688108,356094,6502723,730679,753947,508770,472186,829653,1731185,6316
1085813,1786770,2570419,1925558,442939,7005422,896871,943509,628709,691873,1201430,945342,3291
1372074,1397882,1368510,1121402,240678,6203987,721416,757070,557482,606103,1574053,2468413,4512
1770458,1775567,2197867,1624499,239415,5002383,279511,499283,558478,616051,1584141,2571690,6539
1972278,1933180,2466228,1876776,433312,6878190,718107,754784,513270,542503,1175283,2471574,7506
1012334,1530862,2105090,1631408,348903,6255558,716931,747216,547968,591286,1153260,904339,3012
1383670,1432841,1370146,1106800,234568,6174348,690993,719961,576466,624872,1586814,2570337,4646
1661660,1765657,2164498,1406300,123293,5061851,491601,758452,584342,640486,1608084,2485180,6177
1695296,1770738,2136784,1641207,348274,6278922,480194,269389,453518,548979,1535870,2423768,6125
1657840,1910512,2434821,1830416,431347,6926349,885520,937193,622925,619041,923139,901006,4388
1005418,1396462,1314539,1390013,354030,6320699,723773,756227,573394,609740,1532292,1575872,2905
1667299,1759695,2107734,1359519,117160,4878314,459304,699547,558763,602812,1539709,2456171,6185
1651679,1728955,2077452,1604374,333291,6289249,476737,263563,465534,564488,1580222,2477690,5901
1679218,1749045,2125491,1637802,345541,6314885,704341,730331,545591,528358,802940,868315,4218
1342943,1387748,1718209,1616277,332496,6714837,880795,921653,620338,680654,1965535,1680201,4598
1574602,1792047,2047242,1318601,160863,4796862,483194,614654,573819,625475,1549281,2331950,5668
1648870,1786286,2076030,1617737,348981,6357276,485918,264248,449964,546999,1541305,2458196,5978
1643908,1739170,2031693,1561866,326456,6259255,673685,713016,585525,563798,825213,859092,4216
1311204,1616501,2052740,1843688,443555,6709366,905276,943426,636704,675605,1500877,836071,2878
1662544,1567394,1684102,1060182,111958,5466374,678124,707950,566560,605681,1553877,2495547,6036
1934105,1907950,2410786,1834850,433783,6147519,463645,486438,511741,616493,1555232,3236232,6920
1450993,1741059,2062752,1605564,344538,6100739,702225,727876,555190,541925,806839,832179,4173
975095,1536962,2006972,1541056,324761,6002633,666626,703438,565610,608293,1177398,819458,2733
1331513,1412734,1279992,1059616,221611,6326702,692466,717099,592530,636642,1529892,2292964,4142
1653748,1702082,2021459,1573122,226542,4694393,243222,476784,544447,582411,1498050,2376897,5604
1911485,1914936,2381883,1829682,437163,6764979,909244,730680,520272,563357,1172482,2395412,5364
973839,1546598,1614696,1558769,338701,6168299,692171,721191,548698,596748,1123390,780113,2559
1322448,1446782,1547204,1035238,220895,5745086,660442,687633,577867,632707,1566366,2460987,4574
1569459,1750450,1994480,1564295,214226,4904738,235019,490551,579575,623306,1554273,2337755,5724
1600605,1795078,2031097,1586993,337391,6172990,689480,472281,451315,481338,1144961,2319663,5739
1279268,1821255,1998095,1800067,430501,6536644,871789,920023,625390,681516,1168439,785091,2797
1277494,1575777,1604064,1031876,227354,5398459,692965,725119,587733,634558,1557601,2291755,4054
1958535,1936976,2412285,1562986,223859,5253115,449639,685381,576254,661471,1854204,3119007,7208
1561291,1765406,1984730,1572353,329342,6231184,687503,493164,483450,479564,1184968,1662096,5615
1256870,1773623,1999792,1582842,322738,6225867,656951,684993,587663,628533,839525,782003,2737
1620923,1777873,1984817,1544053,429156,6608504,1064017,1112461,642563,697106,1929122,3152448,5433
1523969,1732198,1952638,1525431,220918,5489634,232996,479001,512942,621758,1567181,2326906,5127
1574353,1730268,1997384,1563981,337487,6276156,452833,467724,448342,546112,1145562,2303076,5544
1246687,1731862,1944461,1503914,322219,5940436,664408,703463,580383,552361,784137,726552,3976
920394,1375157,1560223,1272661,335512,5990062,682924,711096,546093,583351,1458290,1437184,2509
1590228,1570556,1594349,1072558,109796,5377506,581148,667624,561118,602078,1506373,2343081,5969
1877432,1927328,2330085,1779710,427190,6045605,447474,468761,511930,617294,1550601,3084901,6836
1257251,1773279,2003136,1554173,335100,6124206,683589,707657,572515,554815,798214,739694,3975
947060,1379832,1601264,1282055,328364,6077062,663444,693934,582971,624074,1578396,1561643,2363
1513679,1574534,1583152,1283613,108909,5492108,459941,714422,576725,619776,1519382,2247302,5229
1598844,1783204,2014602,1568920,336150,5505330,447970,235238,503834,548088,1501659,2306869,5574
1573509,1942536,2345023,1772337,414513,6678913,848122,901226,581182,555511,781710,1586616,5310
962166,1404687,1584989,1275677,331537,6074419,674718,703652,576586,617689,1494053,1458767,2655
1617386,1589996,1610928,1296338,104095,5267417,438919,693149,568102,611665,1541956,2416757,5774
1548765,1722043,1967983,1537684,325399,5466539,462456,249252,516080,557710,1550734,2329207,5580
1573136,1731373,2004704,1574515,337605,6196801,685795,708474,519288,554855,814832,1491262,3917
1259683,1762931,1980050,1802240,537731,7226436,1073181,914120,635405,687684,1921631,2328562,3946
1388008,1612949,1621094,1023344,136408,5543394,657409,686168,585047,635793,1517073,2119195,4022
1623547,1750526,2039927,1455872,204776,5456925,229148,443532,518655,624320,1535366,2163647,5914
1565415,1675851,1962275,1412377,295969,6089893,617811,447170,511508,489013,1186645,1472657,5664
1243048,1599530,2021516,1456505,312185,6063415,635664,663422,571781,609051,1121570,753702,2620
1253352,1388048,1207178,1270952,217522,5953145,654819,681430,567437,615076,1556551,1597652,4291
1259888,1598850,2003502,1829037,454251,6469917,894538,920772,618129,668334,1532755,755581,2683
1459852,1513849,1549576,1000889,116570,5422253,665246,704251,563354,609690,1549970,2373947,4894
1535956,1777059,1965612,1549094,216951,5547780,233101,479217,509771,617200,1496081,2174410,5157
1604725,1858766,2058530,1580356,328415,6025512,450640,470531,489841,581081,1174963,2414700,5623
1219989,1735959,1957937,1544326,330897,6086866,683693,711503,578463,555476,773287,722190,3723
1257485,1394207,1616985,1307745,336124,6878380,896528,919646,614408,666005,1850607,2288903,4020
1593811,1842918,2009581,1557354,219212,4840507,229134,467131,588098,632301,1580611,2417343,5399
1580975,1739182,1978941,1555711,336007,6115509,668012,475376,468600,503773,1141965,2191583,5386
1246549,1793702,1973094,1536296,315677,5942073,629507,658545,567025,545710,771937,759134,4015
973184,1438895,1623993,1297149,321456,6207008,677316,717828,584904,633402,1583059,1585705,2928
1846455,1802685,2031307,1584844,223104,5589717,459059,710120,633463,672337,1847332,2980412,6882
1907247,1975583,2367730,1785830,421684,6678158,645575,459682,535730,636026,1532194,2378099,5728
1564136,1807800,2002426,1591918,338110,6234565,694973,724071,595104,571492,811729,750121,4013
919440,1444325,1605145,1567111,335188,6027103,664232,683631,570425,608949,1511127,733036,2399
1309276,1578843,1571176,1008799,167209,5391420,645686,683976,570807,621188,1513353,2266116,4315
1817740,1899364,2351383,1802410,326655,6213659,457783,478314,504296,605689,1809463,2891260,6534
1615568,1781603,2032809,1570280,329590,6103711,654816,681741,579768,560700,798187,754489,4186
970560,1450749,1623433,1571955,332464,6238350,694054,728856,577663,623397,1553533,768959,2640
1597825,1612984,1615614,1030108,107573,5586638,681520,699149,560356,602857,1476407,2272761,5604
1603123,1784840,1984940,1532144,319735,5413411,226623,237012,514617,617829,1548171,2395819,5779
1513302,1757154,1938421,1531851,320561,6088246,652822,599828,514365,483137,965828,1423106,5361
1265282,1570559,1976270,1814993,443984,6581721,874788,898546,614769,658076,1491945,759992,2542
1544436,1569486,1565943,1026511,108790,5517100,673133,713351,567915,617744,1557275,2364713,5454
1634577,1709728,1962642,1529556,335243,5314489,230708,239029,476080,576490,1441736,2211804,5452
1692645,1594209,1870937,1425591,314811,5584995,627776,655740,456575,438082,730803,1505317,5751
1274025,1598276,2211143,1444766,324058,5653039,896842,936967,572441,619698,1461866,1472248,3785
1352120,1273322,1349915,1205114,321261,6608991,872251,899065,577177,623868,1796551,2340230,4153
1647193,1643020,1881600,1446854,209845,4615013,232041,454466,525511,565704,1473387,2317939,5696
7064718,2149846,10262901,7867613,1870366,17760900,3459964,3442250,398242,495126,4691072,10587473,12407
1752598,1797179,2619564,2032410,436087,6876017,846250,894783,571160,619935,796460,747622,2963
927996,1403312,1214727,1292209,324812,6176318,680736,713166,574223,619349,1556997,1522795,2391
1912010,1971980,2460428,1605415,229288,5318434,461876,712914,604047,663173,1854729,3035054,7003
1595574,1801570,1998120,1535947,323726,6008828,654886,463403,464455,490023,1171157,2379179,5601
1312814,1761843,2013365,1576277,333327,6268480,697947,731724,571373,622018,804699,831595,3046
964355,1387639,1225306,1312300,343668,6171576,686847,706484,560116,600129,1507824,1557045,2834
1587746,1759214,1999477,1283224,113969,4875351,460904,718571,565028,608279,1557370,2474225,5897
1875538,1933895,2398237,1842198,456882,6853922,702636,488947,524735,553168,1533187,2255366,6835
1338050,1681681,2023982,1566162,335158,6137019,667098,693916,566409,610598,1095947,786734,2679
967128,1413896,1250571,1311742,304950,6323807,664817,698279,581574,629271,1547284,1487217,3000
1642033,1811314,2055642,1333577,114160,5033616,471261,721711,557453,607548,1516004,2308961,6022
1615201,1781348,2067608,1589846,330250,6186122,457931,255939,475869,570000,1586507,2452527,6240
1572413,1728620,1997949,1571765,342131,6241642,699102,728253,511838,500693,807973,1516397,5355
977362,1642374,2106053,1648372,463659,6895751,909507,935988,632880,685800,1550015,1635624,3007
1613284,1581124,1646081,1332066,116053,5744836,475938,728879,588805,632619,1603557,2425889,6054
1604224,1854251,2095097,1653292,335277,5967671,342128,271907,522734,626765,1494655,2232557,6302
1654684,1810699,2081122,1582913,333990,6175183,673083,701711,530028,497555,819760,1663463,6298
979184,1573389,2058308,1620109,337221,6364192,702740,736004,590403,640839,1229160,836601,3170
1666206,1594614,1708661,1354673,232352,6328241,709058,972717,627806,675613,1891153,3205022,6348
1636252,1781453,2046345,1583773,331727,5620728,473424,272124,532945,574586,1601566,2491384,6123
1618034,1818681,2085808,1631617,348968,6304452,715648,511275,538980,504883,1177126,1569562,5963
1366981,1789222,2137919,1676060,338753,6469907,681452,710996,592115,649431,1034733,898408,3293
1023092,1425853,1345882,1375982,339257,6374331,717512,752888,590206,639546,1620972,1688191,3535
1955305,2006668,2496521,1638377,234297,5686108,480199,724962,577109,688163,1867251,3093687,7451
1747567,1684815,2003486,1544601,324766,6126026,666207,506119,513131,484826,1143664,1612432,6442
1391058,1495513,2038236,1589106,352695,6284462,729855,761600,544642,599000,1170980,854051,3106
1430611,1436683,1321247,1375171,239469,6175769,710331,732561,569366,611256,1550409,1663063,4783
1769999,1815234,2093074,1348797,209997,4989138,489791,553817,582926,639527,1609154,2545575,6463
1726615,1784024,2074498,1608772,348143,6253654,487367,281100,456091,546903,1533842,2286115,5979
1744506,1758952,2490148,1888927,456748,6805213,898419,934271,613004,611850,1229374,900760,4632
1442189,1470450,1378013,1392075,237894,6411366,720473,755629,594364,642162,1667412,1710765,4791
1756701,1787550,2106078,1366095,239301,5003965,490165,506642,568400,612641,1540260,2392229,6408
2082444,2003218,2473470,1861672,437882,6282126,485927,508696,536042,640925,1592546,3306336,7982
1468245,1676441,2024043,1563927,344668,6191719,716273,747851,536753,523466,797805,855940,4516
1394369,1368558,1670086,1577150,351671,6796249,921295,946561,597830,653577,1848165,1672530,4723
1698654,1508512,1653021,1314345,124432,5497389,489899,750949,524226,581806,1561625,2494311,6240
1670829,1729192,2075683,1593851,351629,5489923,492811,276677,481991,525809,1489417,2356522,6121
1741086,1704130,2078988,1576074,344654,6023972,695461,728090,485791,522543,822151,1733160,5040
1067844,1517033,1661506,1604547,351967,6254229,736893,767194,556931,601315,1214392,898417,3240
1743746,1628594,2001455,1332907,237150,5675084,703465,952560,584690,638039,1836846,3151529,6171
1693193,1749354,2021055,1559474,321405,5563511,475834,283583,512302,553699,1538206,2447373,6428
1701051,1686907,2050343,1583842,350928,6132807,719523,753353,489959,528944,791100,1605680,4741
1386108,1556301,2071946,1598521,339589,6093320,681089,713140,550735,600459,1174369,875905,3199
1376374,1348714,1279663,1301825,231360,6010828,715977,751648,557400,603132,1560215,1657750,4641
2034307,1880181,2469580,1549885,345446,5504956,507515,524298,535488,633944,1832386,3169700,7774
1761227,1702732,2057950,1575442,337874,6209009,693314,725560,509480,480621,843350,1703242,6542
1967702,1922598,2864822,2194509,560348,8129659,1143044,1192160,647943,700591,1172831,1600360,4379
1735468,1703754,2044408,1579020,343486,6579155,506446,528205,524376,618742,1329379,2487883,6738
1779647,1953386,2528930,1937439,446264,6279962,712561,735978,623703,610414,1170734,1588482,6312
1368959,1702964,1998525,1799360,420244,6692970,880732,933933,542360,576631,1180883,1584181,4582
1667665,1636183,2027371,1303753,236398,5412914,725175,985995,583820,625594,1854217,3000821,5981
1767456,1713351,2076366,1616023,334890,6086687,480458,277241,443899,524525,1534403,2442394,6510
1668642,1662621,1996766,1562969,316510,6135600,673487,706833,495173,534882,822328,1135018,4608
1070970,1559114,1673742,1595653,339042,6162351,703000,727438,549924,590504,1155250,880845,3352
1423671,1544816,1704679,1068608,230215,5544380,696096,732358,549142,602137,1613552,2586524,5235
1987457,1829895,2399228,1839447,341571,6121518,486331,507644,482829,597238,1907229,3067916,7404
1774170,1713435,2096699,1621960,345208,6193082,702865,725212,534541,528450,801354,858853,4590
1050828,1306748,1657405,1565766,333600,6023919,699545,739267,551449,586691,1582779,887750,3262
1604681,1594248,1687530,1074665,134465,5480141,706216,737537,556486,603276,1534232,2309337,5422
1742135,1776537,2075429,1628607,221341,5348819,259081,496292,496468,600152,1562658,2470752,6469
1992381,1853141,2374195,1800087,433827,6649861,917832,747774,575206,553541,1168690,1588026,5848
994380,1402373,1712226,1652685,346074,6217237,714487,743689,569745,614532,1558366,873895,3082
1637936,1639698,1705299,1065639,118018,5452864,691634,725848,591923,643411,1613897,2510438,6273
1613888,1772624,2056990,1618385,341156,5562896,265525,278817,524439,623994,1592328,2381313,5977
1669408,1878096,2142580,1682732,348483,6281698,681302,501343,477433,562851,1229889,2466428,6331
1614096,1962442,2809571,2126135,531533,7420467,917952,974990,642025,710584,1621164,1608180,5793
1301936,1481845,1316948,1102242,233038,6191043,716329,750490,595169,636594,1556988,2326408,4488
1651469,1806331,2121523,1631845,228955,4806105,266526,502223,585191,633545,1634824,2520506,6426
1558073,1792813,2068749,1627277,343781,6245377,726197,519592,476324,500747,1220220,2376185,5742
1325605,1853519,2128649,1649621,348959,6126176,716078,737961,567021,614975,819271,870692,3188
1005887,1421625,1339252,1341122,334700,6110935,693713,732870,590647,632432,1620126,1696483,3328
1909445,1838878,2149996,1660361,235204,5612074,458760,718469,641229,703839,1924106,3033205,7543
1710104,1836807,2166504,1675275,350056,6274362,702459,500875,461749,497684,1193881,2487619,6557
1329827,1801465,2105378,1650965,335904,6350246,711831,754268,593818,644468,862785,884603,3332
1006716,1455650,1312205,1377158,352180,6217428,729171,761670,575599,614655,1563136,1637091,3298
1653062,1830487,2168994,1371248,121696,4914105,484827,729852,581115,636799,1646170,2552326,6580
1876228,2019800,2432913,1876547,438695,6820330,695568,488477,464701,572985,1599353,2845406,7376
1334077,1831576,2131306,1659770,350482,6291327,719702,743331,568205,621722,833056,875264,3217
1020224,1380067,1292805,1332339,331813,6186630,688413,728602,569577,621648,1617286,1725913,3232
1672969,1626147,1719332,1100190,125075,5732157,729252,761378,581661,628267,1566924,2313226,5946
1699368,1804866,2170057,1681702,349375,5611779,273601,288100,527911,635435,1620035,2513743,6397
1664484,1928008,2451818,1859930,452626,6756969,959668,1006783,553287,533554,828798,1667678,6046
1372447,1634488,2116933,1825921,443090,6331867,700874,722041,626575,687590,1859359,1978296,4764
1717588,1596414,1687668,1050277,124511,5439861,700900,738113,578741,629821,1614224,2530867,6353
1639926,1761843,2086243,1637508,343891,5590014,270610,282976,509051,625051,1567577,2357920,6089
1727783,1767887,2113893,1633853,351328,6052980,713630,736771,500254,475008,803520,1660717,6269
1039589,1545846,2062570,1602626,337263,6109874,707483,746320,561327,613339,1221766,880981,3115
1711922,1605312,1707151,1351837,239755,6167483,732851,1000694,616823,667461,1913905,3098858,6386
1725951,1752661,2120625,1649316,347002,5536725,456089,287054,495496,603866,1574035,2525570,6479
1693599,1738747,2083025,1622380,338501,6228330,720073,759394,516990,485310,823532,1670706,6263
1084879,1623808,2133048,1660046,345970,6347884,719940,740149,564896,615023,1195872,903784,3429
1358479,1410461,1270505,1049308,230540,5980404,696752,731840,551789,610997,1599537,2531370,4871
1947543,1855549,2446639,1887846,348307,5556648,495771,517818,562522,615516,1964512,3141875,7340
1704636,1793013,2111983,1610227,350922,6035658,714154,735827,500661,546112,819158,1649014,4746
1034027,1534252,1739335,1562218,337772,6079388,707959,750333,539320,598403,1198907,886324,2975
1375752,1348249,1281787,1055474,237783,5988407,707876,739281,540547,578939,1489114,2233401,4454
2019767,2016525,2533919,1924128,351446,5506239,485485,721473,563253,615468,1584939,3312904,7454
1964285,1938856,2448917,1864339,449158,6871164,956781,768093,497455,549358,1205100,2470489,5915
1386899,1803307,2128584,1931965,351908,6372104,730269,974427,614683,677174,1544973,1601904,4598
1369612,1572756,1676744,1051518,229493,5407514,698521,736408,568038,622339,1605929,2544313,4886
1653276,1715048,2046449,1594313,236221,5248907,271443,521858,503840,608339,1564580,2402478,6075
1697494,1738519,2071042,1622329,336966,6106460,684290,478431,439763,469661,1184645,2200873,6039
1359393,1738790,2075597,1860058,444252,6818186,927114,983439,618619,679762,1206223,874648,3038
1393315,1563830,1702145,1083716,239455,5592931,729986,762288,569673,612260,1531061,2310627,4621
1758135,1756949,2129711,1647982,235402,5499810,273631,509580,509085,612159,1602573,2562780,6687
1674358,1747112,2112892,1632243,344161,6057998,731450,535516,510632,494576,1225842,1677633,6255
1407305,1575636,2104157,1605621,350217,6091098,727658,749603,534979,584809,1153711,898239,3327
1151687,1313518,1254427,1317619,276341,6081976,672020,706556,535245,592927,1549496,1626418,3513
1965906,1899986,2410089,1591474,231423,5576867,497155,757252,537964,665342,1919280,3100521,7036
1711846,1780029,2117542,1644768,351694,6170732,713590,507811,481394,466594,1183921,1646534,5995
1415004,1546342,2078048,1603443,338387,6142513,709720,749685,575914,623692,1217601,886983,3126
1374851,1405687,1301550,1350480,239355,6162725,725728,755942,548859,604230,1537220,1619767,4588
1691178,1765407,2106581,1336188,234327,4708005,488583,512839,532802,591475,1575261,2561762,6467
1983726,1894277,2421789,1852110,434722,6723996,695420,662813,495179,537344,1397552,2389912,7657
1402425,1622089,2124325,1637247,349214,6425533,718024,739892,552939,603498,1177129,936038,3520
1723328,1533607,1652237,1328210,230493,6108159,898206,944955,615815,686461,1983427,2483235,6480
1665129,1744085,2072640,1347789,236803,4887457,497468,520134,561132,603778,1563321,2382095,5930
1731273,1782470,2134634,1653753,351823,6132502,490244,505209,433623,541363,1194373,2471503,6561
1373475,1743596,2452629,1839815,443638,6625417,922071,978772,611899,610649,1206753,916305,4812
1402577,1333264,1278791,1183739,237484,6035696,725775,757475,553437,601576,1552165,2222814,4944
1721405,1805458,2117282,1348427,232521,4747544,487296,509941,558224,620283,1576015,2525716,6601
1689820,1677733,2066768,1597140,342190,6093969,501839,527914,436777,540421,1203367,2464659,6300
1378775,1763497,2124826,1650549,351734,6224252,727776,751657,549994,534867,834582,881014,4626
1362065,1353693,1663077,1313919,343211,6611991,919462,968043,587973,655763,1978208,2531588,4512
1056733,1379971,1698431,1635939,354096,6089563,720733,744794,554459,612018,1580747,908638,3417
1626251,1545856,1646459,1044786,134203,5397578,707856,749456,554748,606205,1607054,2545398,5702
1615674,1758600,2051029,1359174,239198,4809948,463981,492032,535915,587957,1467262,2264326,5848
1752377,1763163,2133434,1625834,342922,6164472,486424,508261,437904,539443,1215126,2536906,6628
1369336,1744254,2103236,1633296,350217,6284324,738724,770106,569895,560357,811279,863813,4665
1420884,1341329,1703671,1359554,352027,6894142,942091,968804,598644,661626,1905056,2437360,4829
1722684,1700951,2087600,1598087,233113,4950085,274940,514014,542853,593893,1605569,2547115,6238
1670017,1776255,2107616,1634017,352380,6298698,723411,522336,442844,489585,1179106,2380322,6322
1372871,1819733,2116895,1652961,331719,6304060,670319,694971,566853,559368,838955,893343,4934
1058897,1324636,1659391,1331135,336554,6193209,717403,760249,560689,605832,1611306,1666279,3112
1979252,1749026,2105719,1636399,239066,5505617,500983,761451,599749,664143,1879008,3087100,7224
2091887,1970436,2553348,1913172,454722,6916303,919458,504720,433086,468464,1618383,3383899,8475
1396862,1766739,2125105,1664096,344723,6230176,724297,763327,579901,642237,865651,934756,3868
1097855,1356259,1324004,1370047,351367,6243391,717458,742617,561329,620686,1580670,1690184,3496
1723757,1642854,1821275,1371197,126389,5643276,464103,718509,591191,645984,1609632,2464140,6432
1971978,2021714,2493563,1938765,461877,6283250,718353,520422,524622,551637,1565552,3063386,7442
1422159,1807357,2157333,1676883,351194,6211394,702348,729503,573263,623386,850078,907251,3333
1110831,1549834,1353249,1414755,339129,6285539,719247,762433,617204,676951,1682142,1691736,3216
1656146,1747998,2093312,1348108,123272,4675639,497900,758738,548153,593997,1530739,2369840,6208
1734260,1784678,2109342,1597743,341836,6070488,484374,282630,443687,546234,1602305,2575205,6662
1646839,1672234,2043167,1566938,348440,5986827,737172,770493,478859,532089,789023,1121660,4581
1038744,1576410,1691788,1634264,460556,6841404,933946,958529,604910,664582,1536267,1659392,3137
1674842,1733637,2467636,1581339,231244,5551815,703179,972846,620639,681651,1994276,2549517,6139
1695264,1784417,2143055,1674296,360223,6321631,509106,283021,441906,541661,1574998,2403773,6140
2095749,1928238,2524879,1922980,460604,6836597,918123,948996,600281,526655,808998,892772,6469
1063261,1358838,1660074,1592420,336735,6079034,713160,753797,552483,611987,1592727,882144,3178
1916872,1786414,2130239,1379773,140199,5522773,722705,996757,628804,681451,1913433,3124896,6810
1711869,1717045,2113222,1626108,336383,6172576,483731,281867,443710,553081,1615191,2535094,6796
1672310,1686523,2038358,1572361,342253,6043136,724666,758890,551340,535516,791946,875649,4553
1036479,1384289,1701095,1639795,351492,6259060,720138,741971,544232,604275,1543264,906865,3273
1720917,1552221,1689447,1055415,124435,5531953,708885,752172,572888,623653,1626334,2579036,6511
1978364,1897423,2489737,1907564,466706,6209879,498852,501746,502951,605640,1617666,3077886,7390
1706114,1764698,2096497,1626302,339462,6081441,682205,703994,550217,540173,812381,901070,4926
1026148,1334267,1641011,1591393,331537,5912689,702471,746203,548236,602706,1596008,887538,3248
1696983,1580932,1710535,1051939,124720,5397911,725644,757497,532343,583998,1505818,2384992,6274
1705866,1737453,2093049,1605014,342588,5408719,269936,280363,483302,596894,1590468,2539259,6363
1677837,1849654,2451148,1866833,455500,6743078,954761,995280,558330,535820,824181,1649027,5998
1087285,1273942,1673532,1350829,352043,6155300,714002,737642,507455,566172,1519644,1649995,3282
1718701,1426317,1585655,1048939,123758,5292828,615424,693376,507270,559930,1489902,2393162,6304
1745784,1614909,1998690,1560704,342660,5333437,269449,279589,462416,572452,1493433,2307012,6114
1774884,1709603,2085396,1612529,341447,6091970,685899,712265,459071,455547,797209,1705723,6812
1373578,1670595,2331122,1774519,425644,6518342,904345,959824,581171,556693,1139072,873241,4654
1716951,1432199,1590297,1271459,232529,5930419,715711,976276,561063,612644,1798067,3017097,5691
1730289,1642957,2047398,1560203,336441,5234783,480722,280941,455227,503982,1534394,2470625,6158
1707526,1600879,1954960,1525837,322969,6029189,682203,712642,466714,456433,778403,1589898,5571
1059599,1458484,2038992,1567615,346153,5969770,707127,726973,509245,565511,1127628,894158,3271
1373556,1282703,1230760,1012595,227092,5894790,692835,731453,508175,565271,1541063,2521094,4684
2054588,1790771,2416412,1827746,346343,5439491,500469,514352,506093,556114,1871393,3064447,7708
1756788,1630617,2060034,1599673,346752,6061162,696548,720355,469271,509991,799487,1656286,4810
1356660,1429464,1998022,1544969,336333,5977064,713846,748590,525794,569488,1178455,880006,2993
1254185,1269939,1234370,1288493,261503,5960009,713921,737929,497247,548931,1470924,1638186,3500
1775577,1668169,2053550,1294348,123181,4729402,486658,737169,528854,583527,1581407,2554911,6444
1978681,1833038,2401677,1834734,456792,6692266,726940,520357,460715,524848,1509179,2342262,7343
1421475,1502927,2054664,1569800,346847,5819217,699071,721167,514509,565706,1149080,889719,3232
1412856,1243069,1213995,1269845,230403,5746857,711740,753654,503851,549136,1552747,1674840,4597
1689182,1628799,2034435,1312616,238237,4672433,490393,511915,519644,568485,1490682,2296204,5930
1779509,1622140,2080856,1605853,347535,5872790,481780,485399,405382,505039,1260106,2547915,6408
1718168,1653853,2034183,1572336,339786,6080928,720834,752068,548076,547074,809418,875052,4465
1758737,1612445,2074044,1888585,453906,7326294,1150400,963480,574667,624027,2183482,2335725,6097
1801191,1714499,2080446,1321022,233546,4787073,487886,509901,539590,598738,1609883,2593551,6874
1748305,1779490,2061142,1602685,347701,6029167,499577,521418,428680,534060,1177129,2353914,5860
1456468,1718088,2083702,1602867,347111,5998032,699793,723211,528983,529596,819567,908348,4917
1120105,1420365,1662057,1394778,334691,5937687,702946,744111,556757,615234,1608623,1601601,3041
1989881,1644709,2000452,1322947,227163,5394467,670531,714734,588785,640415,1797390,2884387,7571
1861960,1709611,2082235,1584472,329887,5440665,472407,291249,494557,539985,1563719,2493884,6638
1709247,1773334,2107906,1648306,348562,6177999,727241,759548,518408,570831,855892,1660429,4644
1090377,1619300,1747359,1667555,351496,6209862,717178,740349,564888,620492,1213988,901000,3302
1412250,1686221,1738476,1127812,233348,5634968,707620,749001,609055,673083,1694910,2595717,4994
1999641,1973200,2505681,1935933,350496,6068915,498083,523081,533675,618703,1933352,3071966,7487
1691661,1903284,2143580,1670902,330728,6259004,667133,694762,542155,586010,877105,1448357,4746
1066942,1675013,1736949,1665060,340122,6360133,724298,763835,597068,652076,1248795,882164,3243
1422452,1648351,1747016,1120426,240295,5667644,730076,757849,583982,629228,1574936,2381814,4680
2082591,2052795,2526163,1643209,338494,5575939,487942,515152,586098,709994,2025399,3360891,7798
2026087,1866685,2483553,1899951,464250,6896966,732004,767881,489213,541387,1222606,2407227,7522
1431518,1896874,2568659,1965299,458524,6245500,708413,730334,644212,706143,1584877,1632528,4708
1430823,1412859,1314457,1306020,218228,6309165,686294,729352,594686,649729,1619661,2029361,4821
1710644,1897940,2179005,1417522,234814,5028748,502560,525028,603746,651893,1576695,2344292,6098
1738401,1846312,2149288,1653148,344229,6185717,486813,508667,457592,559621,1246562,2537796,6548
1376117,1789021,2087917,1629877,345053,6292084,729747,761178,578673,569033,840487,873707,4458
1454940,1492985,1763125,1418784,356227,7003416,958275,983070,627136,696546,1945595,2428205,4741
1724645,1802286,2120255,1370794,129122,5123849,498234,758973,579129,637481,1641037,2546291,6350
1679689,1820555,2114413,1684799,339451,5793084,502294,287201,543474,588889,1600369,2266826,6038
1739707,1919018,2183020,1701991,343580,6346438,692627,722029,548085,595031,877480,1721653,4822
1012155,1520613,1673918,1602925,338835,6214701,722763,759599,567668,619673,1219267,852615,3224
1686038,1746331,2119988,1361170,238374,5568839,727784,994848,600712,651738,1899215,3180163,6183
1712830,1737532,2107655,1619305,338509,6132782,483493,283106,451351,544948,1599682,2544851,6632
1684180,1731940,2081840,1613928,348255,6217621,728958,758953,558543,550196,809362,876929,4756
1075720,1485205,1695254,1626598,352432,6210921,711631,730993,547567,600401,1469029,905685,3251
1352030,1351582,1288472,1339509,230191,6099875,704828,746748,559024,613951,1580827,1643041,4482
2016338,1919202,2519189,1650309,350541,5695752,501028,524961,542426,666246,1894842,3120352,7568
1692628,1732575,2109404,1597868,344174,6181714,703211,733556,483877,465552,808220,1748555,6561
1316172,1565047,2071161,1603708,343751,6769779,938977,982972,617455,685266,1562560,1594648,4352
1395879,1360313,1298194,1070416,236482,6162415,716551,738812,541787,596799,1546486,2436229,4935
1698427,1722767,2074706,1534557,231250,4920586,291069,516188,551248,607928,1607856,2565595,6370
1646832,1755275,2093621,1648959,341622,6361379,497754,510278,446627,537467,1159021,2287536,6087
1958624,1693947,2063509,1608272,234141,5404102,493811,754982,603020,660526,1929883,3143406,7165
1725420,1785149,2133648,1644425,349960,6171366,488554,283678,432191,545785,1562204,2517732,6519
1683974,1697282,2084210,1630370,341744,6367374,724951,767912,553534,538365,804899,888915,4816
1052718,1365265,1690642,1632033,351064,6246072,724738,757650,540137,582817,1506843,877137,3088
1663082,1567877,1707541,1064454,124857,5432253,696972,726898,533131,588682,1576530,2543092,6342
1941434,1888036,2432074,1874121,367632,6250917,496078,437596,503161,620070,1950146,3119573,7636
1716213,1785438,2152797,1672821,349568,6402045,717366,740139,545277,540058,838312,910935,5017
1023532,1340097,1667831,1590619,331468,6136314,690951,731278,551346,608264,1580316,903440,3277
1671944,1512733,1679284,1072023,123866,5594814,726577,758669,546736,597453,1558748,2379047,6103
1684934,1685871,2091124,1611137,233836,4825062,266155,504320,530267,586173,1546086,2510344,6147
1966079,1785625,2348407,1787844,429828,6652046,910175,717770,452811,435290,1154599,2422756,7184
1060240,1457727,2065290,1589884,348372,6132681,716198,739553,500228,558588,1130948,895984,3251
1435283,1261049,1251192,1027634,226980,6022044,690805,724619,528503,585861,1575344,2517592,4837
2032585,1752451,2375603,1806603,336971,4751656,270535,518883,577201,630774,1849989,3031189,7093
1793258,1589978,2053506,1573414,351127,5890424,708504,505507,388358,426776,1133617,2478042,6391
1378986,1588918,2007791,1802350,434293,6647258,910918,965966,565399,630166,1158841,860660,3177
1398964,1294580,1465206,1033793,238332,5987639,726544,758487,504029,561889,1491308,2315346,4549
1772455,1665675,2055873,1274196,123065,4606309,483394,727074,492402,554270,1538445,2545792,6454
1677122,1609542,1978876,1532070,336618,5968709,491386,283985,393177,502950,1504461,2361393,6126
1770227,1589493,2030813,1543850,346325,5887538,708834,730400,483850,477913,763556,889803,4866
1070607,1230358,1593057,1520068,332814,5864703,694397,734842,508420,571843,1549267,897583,3098
2017656,1594110,1992900,1307686,235391,5192686,695152,727958,560100,616598,1797396,2974165,7221
1728876,1704875,2073319,1587391,342264,5961858,482423,475704,407130,517729,1248289,2458874,6156
1694608,1598247,2001888,1538427,332337,5971378,706528,745119,508311,490709,758404,870904,4624
1088533,1256349,1647116,1584628,339812,6112018,705271,735137,498721,549748,1464905,899222,3438
1437488,1255982,1236834,1016088,224973,5837547,678406,717905,498438,558256,1512480,2484788,4978
2019132,1769875,2387741,1814962,339833,5297008,487752,519568,522455,565701,1859473,3067889,7387
2079269,1776288,2397740,1529720,346705,5832399,908425,934488,496138,552483,1116287,2383913,5840
1059158,1420451,1697258,1540712,328848,5966821,697675,740940,500719,555754,1147651,900644,3391
1406606,1291396,1338605,1047186,239020,6219159,688911,719343,510687,564289,1432339,2264262,5030
1774162,1628399,2055760,1561854,226914,4669105,267887,503229,513881,563679,1538051,2521454,6556
1999944,1752966,2377184,1810301,451281,6657469,951933,755788,456214,501992,1145335,2422483,6067
1077248,1456508,1644355,1560415,345882,5956045,712462,735693,486998,545134,1095263,887389,3303
1388095,1230707,1232230,1271256,227125,5949077,699375,740861,507852,567693,1547385,1707812,4584
1702808,1616519,2023709,1312332,236462,4775595,489973,514243,494554,548328,1459772,2289582,6032
1751177,1682837,2045680,1577478,330906,6122915,459675,362075,400345,494955,1372899,2398716,6590
1732407,1533362,2343000,1772643,438802,6580664,931355,976220,545661,531866,1134268,875443,4753
1417029,1246280,1236995,1304420,238105,6106136,724919,748367,499675,550528,1490216,1657954,4836
1780132,1598161,2025566,1281247,225753,4753819,482054,506896,502906,562453,1540569,2512299,6432
1697703,1605936,1984470,1535382,341856,6039631,498709,521011,398615,505528,1125773,2353788,5981
1733178,1607683,2027287,1554994,346214,5868841,694627,716774,444846,491153,771627,1654635,4721
1054027,1445866,1834031,1537351,319289,6127733,677768,717376,512270,581414,1143341,843900,2966
1664063,1471153,1646648,1307503,237277,5961693,724938,984246,563697,621496,1825144,3036987,5966
1726844,1782638,2173132,1646222,343782,5668226,488407,287892,500622,546826,1584964,2550505,6616
1650075,1701371,2093095,1634391,347057,6342067,728018,761097,485973,535892,793247,1645837,4742
1061456,1561789,1745320,1676087,350780,6341296,716628,745622,544448,602860,1194751,926386,3535
1333664,1486178,1641870,1297733,329091,6184808,899666,951852,606446,665763,1970121,2541731,4575
1947069,1921819,2464819,1895187,350662,5556373,495986,519130,556203,604521,1912555,3086041,7164
1697218,1752107,2107459,1629875,339746,6189269,686911,496154,484645,465217,1191377,1721924,6234
1337338,1534701,2051870,1605744,341067,6163633,726119,760600,560189,623054,1214382,878702,3151
1376299,1338700,1305473,1371409,239403,6357216,728724,751641,521719,583531,1531240,1644107,4635
1728614,1763251,2119377,1350300,232309,5004031,488882,514633,544470,602350,1588421,2542247,6481
1939516,1929350,2501932,1919359,463809,7071878,729799,762624,492998,549066,1186354,2378559,7520
1134007,1575756,2135136,1667866,355175,6267565,718537,741398,558092,616732,1218275,880898,3167
1349369,1350530,1295954,1351851,230819,6224316,701743,742429,561494,606570,1584266,1672447,4879
1673836,1728636,2125850,1376036,239441,5047858,501632,522265,549032,603830,1526394,2333309,6239
1763507,1741925,2143522,1630090,341123,5583729,479634,277966,489752,537701,1607623,2578195,6801
1639382,1724344,2081679,1618518,344351,6045715,724172,759999,502529,555043,820299,1649882,4612
1077332,1471335,1656135,1581446,462829,6722336,941329,969422,572521,637283,1541844,1676357,3341
1653368,1595607,1977124,1316628,125797,5157443,491291,748872,547769,605254,1589957,2538752,5974
1643732,1693758,2052573,1614706,331084,5704396,498045,282888,498380,531773,1484891,2208338,5927
1749694,1743799,2131929,1640414,348335,6343628,706257,735024,485726,532774,821671,1731639,5097
1055005,1707204,2071447,1872542,437477,6951976,929556,982850,609241,673972,1205421,872746,3225
1699742,1751515,2158095,1407344,236980,5521452,722789,1002445,597555,663025,1894082,3146262,6262
1703027,1726395,2099815,1628178,337061,5681839,272085,284507,483379,604521,1594395,2539619,6339
1644030,1708624,2067346,1624083,349933,6172868,726959,755307,490630,467191,794391,1617266,5934
1294887,1508527,2089766,1640717,338098,6179275,681117,702473,548418,599293,1202262,868253,3083
1325574,1363508,1290799,1344029,232317,6135403,714482,756771,550099,613593,1591378,1653793,4384
2016237,1920932,2563118,1678539,354845,5754337,505823,526670,550279,665381,1876532,3092200,7717
1786390,1753776,2168645,1663391,345452,6184492,703599,733634,518755,502653,872248,1731101,6574
1025217,1557049,2084934,1615186,344380,6215632,728068,760748,559859,619292,1200286,861092,3072
1375287,1320329,1288151,1076469,237615,6203067,733585,755092,530967,579771,1512431,2416110,4692
1674651,1549364,1790779,1354427,124805,5553501,452012,707517,550061,613414,1560079,2423120,6236
1978585,1850544,2456372,1883001,459748,6117371,714547,519933,478303,520409,1492477,3023129,7313
1407295,1722406,2142621,1662701,347310,6267266,698119,729433,543808,594426,812903,894267,3535
1009403,1371907,1323962,1357317,341108,6272003,721456,755704,542105,606267,1597504,1668243,3315
1721016,1758335,2138874,1378017,123160,4984193,497741,751800,542830,597925,1552926,2423794,6444
2013758,1832658,2473144,1834268,445147,6597220,697959,284314,414390,515595,1949191,3358962,7753
1640585,1734904,2075606,1633635,348966,6524709,730476,763150,492841,539625,811112,1096974,4483
1391900,1721700,2104776,1923721,565655,7642725,1137540,1168807,597472,667274,1546692,2402632,4693
1707663,1717882,2077815,1329903,123105,4842463,486638,748040,561679,608768,1594793,2544761,6252
1658396,1656337,2078749,1617303,350805,6288702,499843,283893,416257,518305,1516412,2335743,6065
1728784,1713243,2094556,1614219,347784,6083652,699533,731574,530903,527846,806187,907057,5029
1044552,1307495,1688694,1629274,340956,6240530,724728,760902,564904,624034,1625543,862911,3129
1878137,1727760,2104529,1345299,138298,5555910,726516,988316,585142,642454,1862647,3121116,6726
1740100,1719991,2135612,1659401,343376,6300718,499732,285789,433771,542521,1615919,2580886,6764
1673382,1701376,2082493,1627061,346480,6292637,728313,760672,562651,546461,809290,864754,4578
1032412,1567157,2127373,1662227,352001,6168061,704919,726481,544276,600798,1167409,876252,3148
1385838,1295357,1300723,1089208,231032,6247774,715392,755659,549101,592489,1597268,2499829,4907
2023835,1810058,2493156,1887764,353242,5522993,480090,516776,511103,593350,1859787,3137135,7808
1765849,1545674,1986494,1510400,319028,5771359,651350,679744,436318,419791,759465,1700606,6477
1064930,1452758,1991045,1538054,335652,5979876,704347,737738,507007,570659,1120675,870398,3125
1349021,1337191,1277914,1058493,236956,6157093,717004,738701,530102,588391,1519947,2415250,4613
1742026,1639813,2031333,1550495,229090,4699539,268980,512756,520910,586715,1564771,2540830,6219
1685466,1604006,2055008,1596315,352153,6155053,729445,524088,396263,431956,1145465,2351872,6161
1747099,1665571,2491345,1870814,459287,6567559,912646,954915,547366,564671,1141580,894685,4788
1453812,1378135,1613707,1514363,386719,6568721,678122,708721,501722,611061,1842526,2257446,5098
1766501,1644893,2085783,1332716,125602,4988073,502670,753342,526353,578167,1524951,2414941,6544
1737605,1624351,2035771,1562497,338275,6103823,486949,287829,402527,516251,1559186,2514560,6311
1686456,1575030,1995224,1542529,344707,6019789,717511,749479,494703,493059,741918,848837,4287
1439557,1271255,1669953,1586403,347092,6630536,905871,931821,559100,611759,1821955,1608901,4780
1761320,1580768,2030248,1310543,231136,4835679,489876,517452,516250,567226,1556995,2543248,6277
1672598,1649818,2071929,1629963,340378,6377596,470817,395899,429376,527121,1361472,2275933,6312
1704119,1791105,2164095,1666081,345355,6146681,696347,726819,557130,541978,820923,893723,5124
1031597,1280222,1670548,1596306,337862,6319186,718774,752387,527164,588649,1569685,890123,3260
1998330,1730989,2154221,1398323,240470,5755917,728101,748032,606081,660560,1896943,3173903,7784
1746678,1664645,2078755,1593988,336815,6197537,481336,509361,431927,531261,1194066,2527394,6322
1325282,1732498,2086786,1618731,348106,6247064,724921,756481,546648,541501,793053,876735,4570
1062201,1331708,1703340,1509060,349167,6261972,708402,732008,548166,600311,1540868,1435864,3193
1695330,1544230,1692061,1083152,124128,5466737,708025,749177,536026,593059,1594847,2540962,6274
1966836,1916686,2530052,1923422,351927,5613722,501141,513398,547615,592799,1862633,3097704,7633
1683939,1702907,2144814,1637868,344106,6290110,702592,733718,496683,541752,818705,1701539,4845
1313736,1730776,2082846,1892674,345651,6382763,728552,984363,626064,684982,1556564,1577400,4358
1375339,1555419,1705724,1088717,238263,5691630,716952,738566,532121,600334,1528202,2424146,4585
1695195,1827319,2131893,1654091,231827,5452123,274807,517906,582887,634635,1652812,2559293,6351
1664430,1748167,2106645,1647041,353032,6328896,727437,522794,442963,481289,1186563,2345202,6102
1349312,1839149,2143017,1957077,459405,6799536,913541,945490,630288,687227,1221657,884601,3219
1383761,1622835,1727935,1148503,233996,5877143,723302,766597,584466,639052,1662064,2493762,4623
1710784,1794598,2177732,1694938,239934,5785658,274238,529140,504749,618412,1549148,2393523,6502
1748349,1838070,2205958,1709315,346849,6390655,703966,512512,535024,526853,1269775,1722482,6498
1337991,1702432,2137592,1674613,347434,6475645,728324,760799,586944,624669,1148744,876172,3240
1411178,1503021,1718471,1365148,327099,6413599,911779,934706,588166,655678,1861592,2366282,5169
1697777,1689097,2074310,1584550,228908,5448182,264051,508006,493988,607448,1574618,2559662,6430
1628902,1632180,2050263,1591738,350048,6090616,723965,515885,480079,455846,1164143,1612576,6142
1344648,1567104,2123152,1635674,349189,6150753,700839,727545,546090,601410,1179622,889607,3257
1040838,1320134,1696887,1357546,339873,6306129,727385,761452,553900,608906,1610136,1659369,3147
1981385,1715420,2081538,1581865,238356,5487190,505343,750866,574779,639009,1859577,3151918,7511
1656326,1695907,2057259,1845656,430381,6799731,732391,733360,493842,610466,1558843,2436212,6322
1392123,1737194,2131749,1678242,352715,6479587,731591,763816,591102,564329,824524,871564,4744
1360586,1314174,1704779,1350451,351004,6876941,914447,942663,597369,652010,1907545,2416218,4651
1620822,1547275,1673046,1345863,123794,5516178,490322,752156,555700,621538,1582630,2479949,6073
1935454,1822944,2472890,1897613,469731,6258090,737110,521343,467436,512206,1527661,3077464,6997
1368861,1790428,2160369,1642365,345755,6184523,699486,730601,559855,617950,818337,870949,3307
1007535,1301511,1512937,1307911,328980,6151980,700740,729952,547195,607908,1558873,1656070,3172
1715719,1518327,1727609,1382436,125059,5701376,499330,738097,548867,599931,1527667,2403440,6472
1773003,1682363,2113335,1621561,337569,5648727,487026,287037,491854,539120,1606626,2588016,6708
1632653,1720407,2098307,1638742,350699,6254586,725675,758854,483104,544656,799892,1623709,4686
1008318,1497643,1683200,1615657,467088,6736303,937081,965684,588564,647275,1561866,1720579,3252
1670724,1740120,2077174,1361561,123842,5038980,492622,754535,565256,623654,1615819,2502778,6160
1634337,1741612,2113206,1647495,349412,5706386,496859,283564,477680,527599,1522808,2347890,5972
1694241,1690242,2081251,1582177,339550,5993150,690833,721614,467911,519558,801072,1713095,4874
1306665,1532616,2047530,1588334,346064,6179841,724711,757358,543934,606824,1171460,854434,3049
1725510,1544446,1727237,1375069,238547,6216670,940576,968440,583832,645503,1888093,2421685,5959
1668382,1692100,2062128,1580546,336897,5643144,270486,283180,483975,597391,1594077,2543176,6309
1629923,1714753,2119232,1673341,354446,6520276,732780,763646,490979,465471,788349,1597671,6043
1144199,1510994,2151206,1670624,347332,6290923,701417,732641,547842,607510,1200156,888595,3307
1365791,1254443,1282146,1342228,233567,6283231,714838,754013,547294,599775,1600928,1673938,4692
2025230,1807110,2425675,1557579,345534,5231238,489695,505565,496190,608669,1807125,3062296,7248
1741854,1604459,1998389,1527871,331659,5896487,681248,712515,449873,425716,767049,1690017,6364
1400859,1563001,2015135,1565368,352503,6136135,727387,759612,505098,558619,768779,878360,3193
1067538,1266684,1232022,1287795,342567,5971128,689600,711038,494563,546084,1472382,1639962,3030
1698434,1564717,1950150,1300422,126098,5066153,496818,750043,525534,595891,1552585,2451228,5942
1729891,1565769,1980949,1523717,328791,5539915,493574,287856,444399,478972,1404604,2219582,5906
1741265,1778685,2444137,1821334,446306,6469083,901100,942729,520051,577419,792051,1687911,4567
1069116,1269192,1239162,1277854,337263,5900737,715969,746752,488354,544004,1504122,1614781,3060
1722247,1672411,2066984,1308620,126072,4831899,496934,746613,501381,575745,1502889,2410962,6113
1750830,1553315,1991465,1496948,327828,5921360,476824,284856,385010,484415,1494118,2453849,6187
1691465,1604417,2023301,1572197,346285,6237692,717900,749893,515778,503302,775730,879532,4471
1083547,1360107,1590014,1527275,440352,6622139,879664,904579,570215,630942,1609918,1682947,3126
1710470,1602050,1991129,1293893,123252,4701843,481287,746440,512263,564688,1540419,2467923,6057
1735263,1608865,1999643,1533059,336817,6073159,490611,284080,377196,479082,1423668,2289066,6170
1758520,1657177,2098055,1599446,346908,6132986,704251,735580,505682,500554,794908,913117,4911
1062896,1277087,1993730,1799149,434971,6706680,920587,962491,574537,631839,1891143,896514,3238
2043772,1631401,2001759,1251996,177224,5416951,715293,821523,550647,619930,1774009,3042959,7606
1743265,1572773,1992214,1529492,333818,5344896,272666,285292,449253,562594,1536364,2509818,6165
1686011,1631640,2050832,1589787,344914,6117369,715805,749512,449909,441363,759041,1576733,6047
1096800,1416856,2073465,1579189,346422,5920388,699136,730694,486960,547136,1138130,898733,3329
1393674,1210938,1263892,1055975,232712,6109351,724909,759181,511111,561133,1573259,2469638,4772
2051821,1797677,2458265,1863347,354608,5521310,505309,523681,494420,550723,1847490,3152964,7600
1770791,1622774,2058364,1564057,338631,6110060,702964,737493,447867,445072,780919,1771165,6357
1090118,1407279,2013202,1571201,346361,6151261,726085,758755,508885,565510,1160499,879049,3238
1433615,1236174,1282722,1071640,234906,6186926,708466,729967,501554,554694,1496027,2412208,4677
1734963,1566766,1993510,1523677,226312,4768007,270514,514538,510084,559327,1514985,2480757,6216
1691569,1684337,2069647,1595051,351599,6138551,726913,519904,404311,444688,1134176,2328253,6168
1401568,1558022,1998283,1803883,449181,6454718,895322,933002,536364,601081,1138893,869376,3165
1369035,1237833,1522814,1037986,234032,5829729,725192,758039,514493,572217,1583697,2452664,4575
2041000,1765925,2458370,1857596,351648,5458571,497122,511415,506890,552151,1834363,3129768,7476
1771566,1616757,2025604,1545585,333953,5995275,685519,506651,389946,430959,1142434,2525728,6330
1369801,1579972,1997013,1545947,340391,6145675,711535,743176,499584,558617,770413,858341,3048
1784313,1433781,2061888,1847232,453308,7269465,1119591,1151529,602732,671292,1867097,1685650,4893
1698237,1569898,1999738,1288714,225722,4682526,492664,518439,501616,560526,1559947,2460106,6111
1704588,1604844,2058805,1594209,352345,6055110,500376,504477,397462,495873,1180466,2370718,6201
1710713,1607638,2024297,1527870,327100,5907316,670216,700007,491173,495254,767809,878490,4831
1048002,1236501,1646960,1572543,345850,6169001,729817,761943,515390,576324,1557742,876215,3214
2088275,1550744,2056176,1317352,238185,5498054,721469,741255,540369,604364,1841500,3186187,7691
1729926,1579930,2056868,1579432,340824,6140494,490442,517636,389230,504235,1185730,2534841,6226
1388592,1593742,2002895,1552390,347300,6085816,719988,749312,499720,496046,769186,893795,4581
1076410,1296333,1648853,1309345,346593,5918375,695413,717681,504734,559194,1502500,1660151,3203
1700376,1406117,1596778,1088192,124325,5270821,615767,716982,502453,547598,1496651,2352807,5888
2039847,1792199,2409274,1825572,449764,5976672,479862,501242,451673,562027,1487608,3011841,7387
1412514,1433274,2063229,1576728,346000,5970080,697742,730365,505887,570161,1163507,913776,3321
1364408,1216591,1249394,1292628,230765,6066695,722858,759546,518938,570081,1589056,1672742,4429
1758555,1595057,2009532,1280297,224156,4789366,500522,518531,501506,547933,1431547,2294902,6016
1742772,1616703,2024507,1546956,335734,5946589,484205,506096,406482,504066,1138977,2501756,6459
1668609,1606337,2005888,1567424,335535,6186947,693310,722300,459305,441158,778777,1619988,5637
1103567,1459440,2096278,1599231,467543,6692422,931330,958033,568251,636564,1540247,1696119,3378
2047802,1583832,1970652,1542596,213214,6065085,679592,955155,567561,572147,1576305,2492449,7559
1705751,1588040,2053047,1594108,352584,5522221,500480,284787,464860,503802,1497654,2367185,6144
1748482,1646516,2074280,1561786,344396,5850907,700878,732487,445474,498666,769900,1683623,4721
1040149,1420494,1607715,1525052,338630,5980460,717493,749541,497836,549548,1129410,841046,3009
1755756,1458632,1883836,1310817,243560,5973192,734618,988049,550846,612092,1850870,3202224,6241
1713943,1653204,2043255,1557093,229270,5485136,273656,510060,461661,587083,1550990,2490900,6380
1706961,1592702,2066063,1595157,352927,6068888,726886,520731,448294,423213,1152608,1620449,6219
1410895,1457289,2070167,1606091,347231,6116856,698498,730205,521094,583515,1175444,890770,3250
1348444,1253832,1264144,1308779,234270,6134081,726997,762239,519202,582703,1565856,1627434,4315
2053763,1824613,2455416,1601742,356144,5434029,489601,504852,489849,615864,1825673,3109519,7397
1796420,1568831,2042224,1548792,339652,5917134,699042,710580,444987,432033,859041,1722769,6652
1397711,1416135,1993079,1567514,339592,6117630,706630,737996,516441,565758,1142747,885187,3210
1422178,1215325,1243344,1299175,237951,5955998,712314,733965,491207,548108,1492136,1666327,4806
1738367,1625781,2023268,1288931,230360,4776664,487573,516871,514517,569825,1554033,2574616,6436
1690983,1622268,2051482,1601250,350714,6148301,497109,521758,402186,501115,1148502,2324961,6011
1441722,1542284,2463200,1861445,456596,6682961,913833,952363,543092,556885,1161926,890499,4631
1717755,1489296,1679833,1367528,334046,6719387,937778,986008,530795,586593,1563428,3144259,5941
1749251,1707271,2046783,1370978,239073,4812760,423431,476622,516656,570244,1464882,2285242,6233
1735248,1591059,2034322,1549428,339473,5905975,480866,504142,397912,502606,1182611,2553235,6425
1398263,1518735,1971614,1534585,342099,6022776,715677,748018,482269,479883,767189,885911,4623
1408126,1266578,1677443,1336419,352254,6626632,939597,968232,547187,612958,1857360,2458472,4680
1715932,1632700,2020561,1533190,231161,4783942,270238,515759,509974,575631,1538815,2505063,5989
1722791,1641264,2076073,1607807,353912,6201959,730089,526819,406079,446922,1137042,2329919,6096
1420763,1609594,2047332,1584508,328777,6082932,665392,694961,517340,510520,785019,887056,4711
1051236,1240349,1647780,1306026,337071,6117820,717382,752509,503517,558071,1534819,1607283,3116
2054070,1633446,2059836,1575761,239460,5470193,498476,747756,532760,600011,1812378,3142084,7555
1751574,1615917,2062178,1572660,338737,5976336,695036,504129,403868,441193,1181258,2555913,6708
1412275,1569611,1982866,1536610,341419,5977476,714407,748830,514378,562969,779803,887094,3322
1064913,1225239,1217190,1275398,351659,5896566,712150,733904,479363,538888,1489022,1680295,3232
1684971,1441495,1764520,1271635,122703,5257542,458350,718186,507654,566185,1507965,2439123,6061
2308472,1704473,2405763,1815953,459932,6617573,947970,761959,504546,549424,1853914,3757705,8734
1418141,1550734,2022766,1566301,343268,5900211,691277,721956,480197,537050,785749,897199,3252
1049108,1257458,1270112,1315812,344214,6216525,730557,766181,529233,593928,1588285,1656854,3072
2029792,1767949,2448503,1576803,229385,5318931,712223,752919,487351,534854,1816811,3083802,7428
1761976,1630444,2026853,1550192,338645,6009239,484959,283816,410703,517098,1568104,2545018,6399
1676719,1621892,2006198,1545851,342056,6095209,716727,749362,450265,506502,757377,1010014,4354
1428299,1443722,2025858,1851329,460601,6583984,914601,940553,559969,617599,1515455,890760,3257
1733670,1423458,1615324,1031688,126234,5423417,713804,752763,489355,557670,1550170,2524707,6405
1749017,1630541,2106712,1623994,356029,5507062,268874,283064,451508,551304,1505501,2410947,6495
1838341,1607214,2083960,1566238,344392,5975697,703881,731281,462813,448457,798251,1754937,6874
1050180,1435475,1982847,1527039,339994,6011581,719930,752229,496588,563023,1142402,864112,3006
1697739,1475156,1637904,1121796,238000,5995527,932321,962134,557702,628327,1834688,3044100,5912
1740038,1605288,2043740,1569781,333547,5447594,269875,280372,466090,580868,1568728,2518634,6335
1716549,1577495,2025751,1571590,352640,6066489,725313,757683,446581,425942,765294,1624987,5851
1057406,1368640,2005561,1536012,341602,5870196,685229,704467,481121,536979,1110748,876774,3070
1382441,1270031,1234694,1026444,231243,5896335,710392,754548,475796,540164,1534034,2496795,4562
2010814,1897497,2510124,1898890,349369,5497804,488653,525300,520237,605411,1869332,3108091,7577
1655557,1723351,2061338,1556042,326539,6017778,671184,700680,483809,472223,814541,1720330,6209
997091,1516855,2050202,1631143,345793,6381127,731760,764267,551563,611644,1209835,850756,2998
1685628,1587469,1748701,1395568,346572,6389140,726868,746990,624817,675703,1897428,3143016,6122
1717182,1688367,2064820,1586330,229927,5023128,268798,509715,552609,607639,1596452,2542754,6214
1660190,1721470,2074397,1618465,351010,6240675,729254,522554,433664,479927,1175277,2388306,6037
1642537,1902851,2483760,1846736,448698,6546826,909784,949666,527180,525437,795225,1680048,6068
991026,1362270,1686196,1538971,331768,6241882,698290,728670,568781,611554,1543672,1101733,3092
1657316,1540537,1715482,1066248,125708,5641235,718622,741283,538407,603129,1544998,2432604,6262
1692472,1742420,2093589,1611766,338885,5601462,274281,286494,499735,611443,1586513,2550498,6068
1713724,1811880,2161587,1712603,356954,6523091,730432,760824,528409,506726,876532,1633728,6184
1049329,1573227,2138359,1655785,462732,6794251,920221,951852,611442,677505,1601654,1704950,3287
1723443,1666383,1763411,1404913,128775,5727889,501380,763017,590918,648354,1644459,2503134,6260
1611877,1779389,2093949,1633335,339234,5607976,385678,281987,516551,620522,1517148,2307807,6033
1745820,1861687,2178723,1680945,342726,6296081,697749,731098,543169,515944,889307,1729283,6396
1098704,1513873,2064732,1602770,341543,6152821,717338,749063,549974,607669,1203185,875921,3098
1780585,1511542,1684334,1349717,238517,6100993,718874,972388,583553,644442,1894023,3211499,6368
1757191,1761826,2085447,1605961,338636,5477299,492222,287420,500567,555434,1619373,2565407,6283
1694181,1722447,2066539,1605938,352502,6137435,728759,761503,477233,516769,790937,1603331,4682
1137016,1525618,1905732,1659389,354681,6257329,713228,740939,552637,608135,1231753,894718,3324
1449401,1274091,1281529,1045829,232739,6058449,704204,744145,528137,591686,1575032,2428956,4822
2063170,1974131,2497661,1897127,354898,5449608,503168,505014,552864,614988,1864641,3071185,7506
1748764,1729037,2098460,1589887,343642,5946641,701484,732428,477022,530070,808910,1694600,4642
1084254,1466428,1651940,1574305,347602,5986698,729902,762237,527629,572573,1164275,855312,2928
1502768,1579249,1718419,1084272,243227,5587695,722200,744039,526647,592578,1556340,2468910,5063
1781709,1692516,2063848,1588112,233699,5191048,275899,518748,517898,597764,1602265,2553598,6224
1730523,1743114,2086732,1624377,346570,6105888,709349,505080,426142,472985,1194107,2295116,6140
1432721,1721675,2101977,1910465,460166,6762103,916998,947006,587478,643341,1194976,897252,3297
1422280,1518690,1658070,1072748,229384,5327833,712253,749399,540404,591305,1569663,2442725,4622
1786416,1719757,2118669,1353813,240409,4878207,500654,513301,537632,583814,1530401,2406551,6094
1790446,1619803,2056008,1584743,337521,6015498,482889,510041,417788,525077,1196933,2545993,6376
1480117,1779900,2089453,1620770,352196,6082151,728189,760819,541088,550409,816760,884439,4501
1438308,1377276,1669208,1534173,330948,6508272,890212,919236,579901,649652,1867677,1833093,4877
1742461,1708063,2051790,1336061,232710,4830885,498289,525868,556678,594361,1625188,2535580,6282
2013149,1689980,2352989,1784555,461431,6468450,728225,760538,420023,511432,1142891,2996481,6774
1442925,1718755,2108650,1615890,350015,6012772,707359,739200,533836,531804,806801,883836,4794
1132997,1373928,1708517,1349043,348043,6261607,739191,772046,560167,621097,1613029,1651923,3163
2068391,1659935,2083429,1574713,344606,6119470,718474,969079,642989,699316,2232772,3873922,7743
1784467,1730324,2050501,1585389,326544,6058883,557157,513741,441775,545568,1191826,2465680,6441
1417783,1713812,2057274,1590683,346802,6186096,721368,753949,545607,534167,797694,870004,4434
1094805,1356919,1680018,1328429,352705,5985152,710694,733041,527620,582959,1536767,1684137,3115
1718330,1512962,1659304,1332007,127576,5512020,498321,760695,556065,613997,1646182,2508191,5873
2025537,1823514,2422294,1849396,465080,5997170,728414,522588,464522,505377,1488939,3050323,7066
1470914,1800940,2165404,1640071,351500,6251156,710632,742237,540360,602610,809745,893761,3367
1079790,1460335,1617945,1536690,333804,5968499,702250,732256,492710,548075,1309174,873251,3106
1417452,1584157,1711107,1087847,241248,5587754,710219,730009,538943,607179,1549479,2424385,4755
1757833,1613061,2033719,1543111,232156,5311188,271964,516209,468262,579202,1578062,2552868,6177
1731146,1701109,2066907,1609169,353237,6108595,729614,521555,487000,456711,1168147,1604983,6009
1440326,1535535,2095369,1889493,461548,6610383,916464,954309,577758,640203,1555235,902419,3178
1706158,1490909,1670349,1059159,127579,5478284,712298,747284,514981,577390,1552738,2427348,5971
1717007,1613533,2071456,1583726,329880,5308680,268869,319737,432444,532582,1474298,2381055,6215
1725089,1592080,2015012,1536668,329718,5905834,677189,495197,442309,421051,1148139,1688536,6448
1384351,1597701,2033348,1576669,352131,6146388,729669,761529,513409,490338,773809,886790,4560
1390833,1227196,2023486,1561297,454855,7263784,1126968,1156039,611197,679222,2228602,2478802,4358
1686315,1579179,1992941,1541811,230709,4706138,269612,520574,496336,556528,1548065,2496190,5983
1717378,1638877,2058858,1584263,350833,6209605,728734,522798,393583,435228,1123998,2362414,6084
1380198,1611057,2063765,1560377,342637,5903823,698716,729985,499607,502581,785304,887748,3702
1050185,1227737,1556095,1261580,325971,6023703,687619,720070,505783,558836,1472997,1667187,3266
2052091,1613261,2054581,1566106,237768,5328085,493897,744462,546906,605364,1818661,3167662,7751
1758634,1622893,2046623,1555752,338166,6112786,700053,513252,402756,442819,1167013,2553183,6403
1716579,1591956,2038153,1564868,354728,6113636,729725,760547,490098,497074,763843,895885,4748
1048429,1244590,1652935,1569681,346584,5965106,698516,730372,488215,537830,1491090,870934,3160
1635881,1375442,1624304,1020851,132149,5403549,736506,771233,494938,536594,1554019,2470533,5801
1734959,1590242,2017793,1563156,268044,5566837,271998,415179,433204,547324,1429118,2293215,6217
2055771,1774807,2419074,1806422,449218,6367332,917481,730675,486049,484850,1149793,1731079,6049
1081534,1271997,1646619,1573310,347156,6077902,721288,756647,516356,588388,1537135,891222,3278
1736724,1439029,1641906,1012301,123402,5238581,710335,731899,496395,543092,1506490,2464527,6217
1717194,1537940,1994907,1544129,335835,5310356,268930,283301,440115,540088,1542152,2513365,6002
1685730,1676711,2067780,1607975,351842,6131459,727427,523654,402654,444978,1156139,2360465,5955
1450935,1735492,2507704,1883881,438784,6865413,887049,926399,593905,615570,1239092,897138,4482
1713893,1541705,1665228,1329929,334614,6827664,931776,973350,604296,605082,1559286,2400692,5791
1751820,1691298,2107439,1614120,240722,4812782,270075,513713,533300,589130,1540388,2447389,6336
1799582,1686119,2042985,1578521,335889,6074734,701391,512311,441262,473377,1232708,2522366,6274
1355315,1756421,2110157,1670335,353604,6390987,730038,762591,582152,638601,848564,863793,3210
1350251,1475269,1529484,1426945,351367,6734730,895729,927140,637118,695269,1947132,2386881,4574
1677457,1742355,2103649,1631302,232835,5155421,273516,524470,563100,608883,1599278,2476319,6407
1730906,1858010,2220311,1736021,349651,6559169,498581,283862,473250,576464,1599605,2436025,6597
1707476,1724881,2099522,1612248,337889,6224556,697943,737847,540274,531132,807774,886509,4871
1059624,1335429,1699523,1622944,351129,6425069,725848,758118,546775,604865,1546116,888178,3218
2022838,1637391,2084970,1335968,238784,5515564,706824,727196,587912,644631,1909210,3265543,7715
1634656,1704828,2062736,1605544,335973,6261076,489199,471325,426253,533134,1332493,2496939,5898
1674116,1751007,2116134,1638546,350651,6285066,725084,756776,548560,525166,786651,887889,4803
1034887,1331874,1713622,1623853,337608,6139603,689071,720946,547543,606805,1599007,906503,3389
1622749,1505173,1633948,1023303,123634,5390824,726099,758800,532379,581034,1565601,2433908,5908
1650395,1719115,2496329,1895276,351850,5567746,493481,737472,579698,641676,1878713,2431782,6194
1940637,1920820,2463700,1857954,443881,6844806,923688,747540,486751,533741,1199496,2526247,5856
1030281,1521682,1836914,1682499,355141,6512815,734042,764962,554370,609477,1183132,880473,3319
1702583,1516670,1738862,1373952,339959,6889108,895030,724518,543778,607079,1942607,3259176,6562
1655983,1700420,2103925,1642881,233350,5120101,273452,531840,567564,619084,1615303,2457890,6046
1644475,1728565,2113658,1632270,351371,6344145,726837,513732,406346,456298,1153853,2383765,6092
1369051,1675451,2084421,1861545,447420,6660939,910124,954620,589035,655216,1190817,902921,3375
1329978,1511863,1691736,1069974,236400,5540794,727444,757591,537381,589911,1560975,2422422,4760
1691365,1730947,2142240,1391444,228196,5008790,483813,519866,554053,605959,1570748,2509020,6535
1651766,1668459,2027440,1595295,323635,6449447,471421,319347,422959,520383,1514488,2428030,6296
1647434,1758725,2149103,1662836,356969,6342814,738133,770633,543985,533957,783272,879808,4639
1373313,1383492,1727746,1630714,341916,6768326,910559,951702,598660,660097,1969831,1742610,5034
1648512,1613768,2045034,1325817,234519,4797121,495862,518133,512384,571649,1566168,2404978,5886
1754819,1621660,2098585,1605689,348780,6135370,492645,511487,406088,506152,1160702,2442778,6369
1377227,1691386,2096654,1617232,337188,6467342,702639,743648,567561,546482,841057,914070,4742
974245,1349274,1687183,1496595,332540,6244774,688287,718726,523374,580110,1470158,1153064,3003
1335857,1350078,1304380,1087620,234862,6228403,696972,729487,552128,592135,1570520,2522916,4807
1918800,1892875,2447810,1856597,340309,5534753,497624,519408,530540,596320,1977445,3227438,7246
1679258,1732015,2147416,1664331,354889,6348868,730912,751012,469819,514975,814810,1686751,4961
1359897,1731441,2107812,1894219,339383,6316118,702592,950915,619667,681706,1619462,1691519,4655
1338846,1538038,1681053,1067938,242802,5657178,735718,768206,546158,608307,1559694,2376955,4256
1680618,1683994,2084567,1624872,224582,4911585,265697,502276,536725,589974,1497336,2378034,6223
1974176,1907598,2452325,1872877,434795,6949822,907934,730789,500094,538042,1200504,2526316,6094
1030339,1483361,1693282,1622718,350131,6248380,728212,761779,515426,576867,1143690,909147,3432
1342328,1309985,1286300,1329455,230708,6133123,695823,727347,531836,581292,1596245,1712340,4705
1627108,1736711,2108141,1361792,237168,5046325,502202,525062,555624,622677,1581654,2401505,6028
1688063,1708879,2131349,1629409,353135,6279452,497607,514783,415842,515714,1147277,2470580,6564
1471984,1665893,2446336,1853536,444094,6860036,922404,978545,612642,605221,1208277,887275,4472
1335734,1230789,1254669,1311165,238430,6095480,717947,750713,509871,547426,1487792,1547895,4330
1743100,1601595,2078087,1318091,241153,4742199,486291,509167,491613,549712,1518849,2539032,6563
1710857,1572638,1997156,1543029,334689,6056685,488203,510699,391794,496129,1147112,2444734,6234
1399988,1605858,2041037,1571565,347459,6072740,715203,744442,481888,486605,753111,888539,4718
1075784,1429929,1625978,1509995,441496,6375972,908917,965507,542529,615088,1520278,1729951,3411
1695547,1517979,1952720,1295630,124984,5125730,497099,756975,522437,571707,1521545,2388766,6024
1760796,1543684,2023919,1545605,350016,5231955,486339,282557,428011,475028,1504519,2472658,6134
1739690,1618843,2024645,1576625,337186,6031114,715339,761429,452546,504878,801534,1719183,4747
1069666,1470134,1667780,1572264,454782,6761540,932673,971824,547723,613808,1439057,1562730,3305
1420632,1436452,1646448,988288,232481,5139366,695041,726265,478011,536625,1516328,2540000,4870
1974461,1723629,2379762,1791241,340720,5837405,495982,532176,438924,541209,1920685,3228426,7236
1722987,1613005,2045819,1565504,349689,6088243,724706,746351,479566,488467,764189,920943,4811
1316608,1383802,1959498,1512957,319504,6007428,670967,709886,511552,565184,1182600,871652,2876
1345022,1323343,1282613,1348648,238493,6192778,727565,759902,533195,583765,1508539,1571299,4361
1708649,1660796,2136146,1373652,238986,4924139,487413,509259,519340,566345,1555818,2559163,6557
1971623,1880937,2503285,1907747,455017,7073623,726042,762591,487786,557216,1237783,2517793,7654
1044171,1533435,2092854,1621036,347258,6263546,718788,740049,527670,581989,1149505,889802,3172
1382170,1293223,1269679,1059136,230159,6141896,696303,731756,551087,605963,1595469,2522584,4753
1584800,1684955,2028917,1391929,235757,4867658,399438,487832,536738,599354,1503063,2273813,5668
1688153,1710007,2100173,1633787,345723,6169406,479714,498341,425273,526793,1168520,2411871,6256
1652274,1849734,2433001,1856292,449076,6840233,955178,1013849,522869,585761,775351,1701916,4624
1034168,1320754,1305111,1370908,351855,6337095,727599,758169,535639,587764,1502041,1633045,3308
2062785,1798418,2501520,1321678,122739,4956597,697075,950297,563641,626123,1942459,3367442,7827
1608793,1754327,2092879,1641406,345272,6331476,498325,283353,442132,558217,1582088,2408865,5890
1672353,1645008,2065941,1607814,336632,6510909,694356,717404,466862,523155,819689,1221579,4830
1015217,1586165,1740686,1655799,339446,6459818,705080,747508,567215,623308,1193683,894482,3145
1621926,1644791,2072595,1317302,237530,5301840,735826,1006958,559019,619535,1870728,3100506,5893
1687571,1741865,2141136,1674132,349208,6349085,487291,282812,448418,548864,1575873,2477049,6472
1660911,1662026,2068572,1610788,342176,6278611,726476,758649,482238,463106,804548,1657057,6060
1052362,1519554,2150500,1677412,352476,6428604,728258,749424,551080,601119,1184119,877485,3235
1423057,1219175,1250464,1154688,230500,6119040,699295,738330,528310,577313,1574243,2418252,5091
1982022,1746696,2365983,1540227,343222,5300404,506182,528821,485967,616738,1850265,3042894,7217
1720888,1620695,2055395,1572528,353459,6049226,712949,732998,424310,432281,766120,1679919,6151
1035335,1365366,1973115,1523665,331841,5894046,699099,742088,491012,545374,1153811,855520,3119
1390874,1216589,1253075,1031650,237629,5951330,727416,758696,487632,536241,1491016,2331231,4565
1771975,1596066,2060962,1587361,234756,4692154,268526,506331,498303,560196,1530331,2550151,6514
1969829,1745049,2374666,1790780,445160,6667806,925381,750701,427242,454958,1142811,2432515,7183
1065611,1409090,2040929,1557046,352122,6060559,728083,749138,479635,542845,1114693,871675,2989
1418110,1202301,1242684,1018677,231804,5993311,702649,738340,503595,550081,1551053,2533583,4712
1692050,1581638,2024994,1572207,238405,4795064,269626,519912,514332,561200,1498289,2339053,5582
1756972,1553314,2029578,1559916,348117,5940738,703297,504243,377373,419816,1099177,2438324,6385
1720575,1765723,2446716,2049883,540301,7278649,1124843,1194958,615732,683926,1152033,899584,3210
1345986,1239785,1298769,1023085,238107,5866715,686671,717174,482369,530696,1419410,2214009,4577
1771920,1584416,2058587,1259903,122338,4581581,480710,727691,504524,557943,1541496,2549916,6435
1684548,1617080,2030405,1571818,345652,6052009,497533,283940,387627,483052,1536279,2418718,5934
1749547,1525931,2026916,1547409,346307,6077397,711042,732717,477013,479599,778754,893444,4782
1061304,1240833,1602273,1537469,340895,5941541,714059,756007,499666,565348,1561495,867618,2929
2000558,1585077,2017707,1292009,237447,5285087,727253,760565,520794,582825,1823462,3076800,7259
1727659,1612501,2047291,1590890,333962,6016193,457769,366340,382477,488691,1381044,2425848,6687
1723020,1534517,1976220,1526017,333911,5958141,710141,750313,490191,480779,758076,879069,4709
1084931,1431151,2041875,1566995,346502,6086181,714798,734429,499334,552008,1131513,892595,3190
1414599,1270110,1253346,1018974,230212,6086287,701184,740874,506864,574079,1565742,2566056,4981
1988078,1737418,2348216,1780756,350191,5345252,498098,489578,492470,542770,1815234,3009284,7083
1761475,1618374,2072411,1586758,352292,5931006,707868,729625,440990,487338,784349,1701981,4913
1058751,1379780,1783601,1552552,332068,6047042,701659,744858,519561,579579,1179189,870727,3192
1382330,1268918,1246482,1015206,236916,5998708,726244,760191,503376,557142,1479048,2340135,4557
1722577,1598013,2046601,1547211,233285,4674247,268532,494315,494288,553199,1523545,2517692,6558
2021329,1718409,2388254,1813987,446738,6788397,948676,754284,451214,498076,1180251,2400735,5804
1753145,1606678,2481389,1876707,458567,6835014,925790,748287,498030,550015,1484601,1568513,4652
1386031,1232134,1215471,1257070,232714,5946848,708885,750215,489325,543282,1543889,1717440,4538
1726912,1594269,2053712,1321833,224349,4903760,499754,552572,502830,552849,1484017,2316236,5968
1689219,1620090,2070431,1590320,345920,5946942,481205,282956,392775,507112,1529774,2517622,6359
1652352,1726730,2435978,1855800,442141,6809035,937771,985357,622051,617048,1188503,854160,4605
1346190,1308502,1274558,1343219,237961,6351772,735344,761439,516663,568533,1525828,1684439,4718
1699247,1698333,2107888,1348015,233061,4976524,486168,506491,546255,602715,1608959,2557765,6501
1669875,1654309,2111058,1661631,354579,5796636,502811,287157,495768,543407,1557380,2359252,6017
1706288,1708288,2150085,1668403,351899,6205602,708628,732621,477531,474014,793817,1700705,5500
1006200,1506708,1993344,1569901,322696,6279320,685112,725219,533303,598145,1159183,874257,3155
1659461,1520104,1712145,1359853,238376,6238194,727215,999160,609277,664523,1866922,3107250,6157
1689694,1669990,2096453,1593564,342494,5529954,485900,284149,475844,521212,1580416,2531752,6390
1649810,1679971,2075627,1622803,344148,6342276,727078,760094,490231,547039,801806,1626426,4366
1039201,1496746,1692992,1621552,351666,6179343,722889,742389,517218,577171,1147706,865900,3046
1653252,1506169,1958509,1325214,337875,6400805,912718,968079,525096,582224,1576752,3331341,5942
1907381,1873778,2437028,1599581,256958,5543921,495383,684211,527172,643411,1842276,2952118,7303
1749151,1698388,2154139,1657443,344685,6206603,703544,515987,481084,465771,1215237,1777163,7025
1594148,1652132,2418523,1846468,340265,6224212,722129,971523,598863,647710,1545167,1588723,4490
1343317,1431842,1315542,1382270,238648,6234178,728651,750567,553050,612391,1534665,1652408,4709
1736085,1650939,2072073,1319563,229832,4885789,485078,510436,529231,584153,1572697,2529909,6371
1899565,1874980,2433666,1875815,460155,6815424,726602,757515,466457,515248,1166412,2358616,7128
1220532,1499018,2050212,1591315,337371,6059187,684855,704774,517155,574298,1140146,876605,3093
1328195,1297621,1291512,1346219,232300,6184519,699618,740675,535945,591433,1588068,1672312,4627
1644693,1711862,2127300,1378865,240708,4963419,502473,526839,545980,591671,1540175,2350225,6248
1667853,1736583,2126724,1648638,346956,6265444,481831,508484,413045,536274,1195987,2542981,6418
1327879,1666436,2063713,1605894,340254,6210372,721779,756415,554994,544524,800537,854885,4495
1348542,1319712,1670293,1320487,350850,6818310,951044,983234,586302,636912,1870519,2401648,4705
1699962,1747520,2090576,1435608,229756,4797471,327243,507790,535790,604140,1575722,2542297,6488
1639640,1677455,2051572,1610337,342514,6340943,487109,509013,422654,535051,1178161,2366831,5948
1372599,1714833,2158849,1674243,351941,6322511,711607,735310,539568,518627,800834,904802,4913
985359,1492116,1666918,1610249,335775,6320391,717769,760386,539791,599336,1203840,875543,3293
1650968,1660913,2080531,1322751,238774,5590212,727954,998817,568572,617147,1829528,3101212,5861
1689411,1715126,2141307,1644929,343551,6268883,488598,287122,422184,519730,1576119,2521332,6354
1957642,1895754,2471319,1656107,349251,6534337,947692,990191,590381,645232,1203008,1735339,6088
1031692,1557570,1725859,1652253,346983,6390478,712520,733446,531387,590518,1164076,895732,3308
1336417,1522306,1692008,1080827,231535,5623698,702104,740365,540363,608484,1591790,2554033,4808
1958427,1874979,2481516,1903974,356079,6147739,505699,519492,467653,575357,1917435,3133765,7527
1715231,1664659,2087899,1611677,351428,6063894,704167,723629,517278,508622,787688,893973,4869
1015092,1319633,1662502,1592628,338410,6226617,714737,758890,543622,596472,1593445,885420,3172
1589310,1515744,1689260,1078701,132725,5592235,727276,761943,538332,591775,1500349,2381589,5910
1702518,1715664,2094438,1601541,235453,5589237,275544,479314,480090,593387,1548810,2455035,6630
1943016,1874770,2459880,1872228,455225,6880072,957923,762686,540157,533069,1178481,1641536,5952
1028361,1334289,1693476,1625955,352053,6162676,719474,741087,526365,581805,1513277,884732,3276
1671597,1476750,1683016,1058958,123218,5482695,698882,741711,537877,595806,1603614,2557558,6314
1626856,1703382,2080606,1610923,350479,5644841,271456,282296,471501,584373,1528226,2361402,6019
1689860,1693934,2102864,1621291,351073,6074850,704404,723592,465070,446863,806630,1689717,6250
1260412,1484997,2017559,1591334,324340,6150369,687037,726719,546493,592547,1186226,858037,2976
1629623,1530851,1702634,1346027,237155,6222296,954517,998766,589035,658488,1869200,2360976,6029
1688222,1697425,2102654,1606907,341459,5471996,270436,282681,483444,598817,1577692,2537890,6488
1631709,1696312,2087385,1633665,347136,6421292,725709,755930,491465,466793,821855,1646103,6020
1368884,1542099,2149207,1668555,355214,7222597,931285,957080,601356,657792,1510675,1624986,4631
1330026,1313856,1273090,1062340,230257,6243634,701359,740456,538060,599444,1591888,2541259,4684
1910279,1980310,2467155,1721360,350874,5673088,376610,488947,579737,692770,1898322,2996745,7197
1679810,1686261,2118820,1633535,347490,6265712,697380,718241,472034,457589,802108,1673370,6461
1021753,1552887,2047601,1592525,335598,6181106,716786,759041,544338,604725,1195627,867143,3143
1334558,1309475,1263557,1048291,238357,6159859,729691,761169,524819,570844,1506637,2369069,4636
1676690,1731716,2113975,1593324,233000,4721942,270265,515152,527481,590348,1585012,2579852,6394
1891485,1810281,2422321,1858922,444234,6934981,933484,735491,466847,462959,1175440,2431856,7239
1037655,1517416,2109092,1620797,351035,6328966,721783,743823,534583,592395,1167485,900735,3108
1361917,1331323,1273332,1057089,227543,6296539,694628,735244,556637,610335,1600796,2522697,4664
1656368,1666475,2050459,1604294,238577,4978560,271569,521953,519832,570665,1504703,2338978,5907
1665073,1703110,2112704,1635207,349395,6182456,480484,279618,413762,525709,1580529,2567406,6385
1628550,1649209,2424409,1841481,445289,6729023,943150,986540,591554,584219,1157646,867292,4546
1039236,1554362,1859336,1666263,352704,6325150,705190,725779,546725,606085,1210540,913318,3233
1335139,1274086,1246581,1310965,336713,6526985,934211,989986,592107,650407,1962551,2470204,4653
1658396,1758287,2125338,1641011,237760,4938047,269517,511554,544045,597191,1498350,2345467,6221
1719786,1842752,2502082,1881066,446143,6699641,896794,715021,459696,506705,1186441,2568664,6592
1332525,1713726,2084499,1624415,343855,6299834,724078,760732,560293,614084,804658,885220,3171
1361835,1517015,1714932,1345265,352273,6248674,950120,976471,575189,645321,1870933,2441590,4636
1675315,1689097,2088954,1615220,228000,5309520,267672,510695,517793,609478,1599496,2528692,6175
1607629,1667425,2028515,1581954,335180,6304661,699482,493502,413572,452965,1168684,2281365,6029
1384081,1714941,2077017,1608939,351358,6021465,707545,729819,521976,581172,804654,876917,3194
1004167,1310101,1251131,1316507,337288,6188850,714010,755941,543422,594172,1585729,1673745,3088
1978524,1849390,2520721,1641532,239873,5644752,499334,762290,510324,635496,1874639,3104760,7676
1717145,1783442,2164221,1653940,345798,6262005,701672,507697,481016,472742,1203970,1729324,6692
1297863,1583742,2080351,1625848,348006,6267996,736091,766577,547209,599582,1151293,865405,3133
1080346,1347835,1303624,1357613,311449,6260157,692616,714349,544144,592432,1490159,1570678,3482
1667657,1522339,1664242,1057717,123817,5540304,708230,749738,551920,607628,1601653,2547784,6301
1957431,1869055,2476572,1894142,464316,6161265,499024,519064,479726,571018,1500812,3047532,7391
1370429,1715292,2088217,1605748,346385,6102154,695424,727987,524590,518376,808798,896777,5025
984152,1329369,1669959,1330183,340631,6105451,722786,758363,515851,574407,1571853,1658766,3108
1641968,1553862,1702884,1345297,124036,5571954,499702,747597,532071,587172,1528962,2399025,6262
1674838,1734826,2059210,1578343,324329,5562569,360776,286386,493970,612229,1558414,2454119,6414
1694097,1694597,2118677,1646305,350582,6491964,733803,768625,497054,470778,820066,1674210,6364
1016112,1511696,2127507,1643127,461230,6935286,925296,952223,594901,652071,1544657,1674783,3224
1666923,1535473,1674620,1331021,123030,5557462,488105,750452,551342,609426,1588379,2536325,6102
1653862,1692286,2071670,1616754,350946,5575680,499886,284383,470777,509423,1507934,2331503,5970
1690196,1708247,2111367,1633950,345263,6141719,695835,727773,469838,513692,798200,1718530,5011
1016240,1553416,1886902,1602280,326490,6247288,694898,729770,561704,621177,1168057,875841,3224
1656644,1528126,1690399,1358222,238803,6208833,729075,976347,593346,651971,1881518,3122757,6099
1733003,1702049,2116565,1622041,339435,5542814,486849,290714,500335,547668,1612937,2565467,6512
1656313,1685432,2077927,1614833,348977,6269919,726587,759077,473692,527590,790873,1623074,4535
1018399,1543734,1721660,1648727,352475,6220838,715254,737139,538238,591951,1173886,872463,3098
1330095,1496427,1658700,1045792,231201,5478639,705351,746850,529408,576635,1566630,2533450,4726
1962330,1888936,2492055,1911441,350313,5822191,496292,520076,537466,586086,1875830,3053644,7369
1717702,1735357,2090560,1616232,340310,5945710,688638,719549,482329,526177,801945,1720660,4798
1004144,1550111,1658591,1569382,340543,6030847,723243,758037,540560,604744,1195390,874174,2992
1346981,1550002,1711345,1089525,238446,5702314,726374,750554,535002,587304,1526683,2400046,4718
1698124,1686440,2121170,1629584,229713,5634699,273443,512085,485959,598621,1602479,2546518,6549
1934076,1879547,2448498,1871516,461217,6946755,957303,759543,529859,525959,1169959,1626169,5912
1409272,1599257,2067886,1861417,457994,6757997,921965,946261,553612,548466,1421866,913153,4808
1396255,1413531,1627233,1010440,206853,5343951,667171,705872,509410,572136,1515266,2430708,4872
1682856,1561937,2030356,1565675,237678,5291521,269946,522140,434017,530486,1471119,2313094,6034
1754939,1568368,2048583,1576180,345884,5934958,697075,506121,437869,433477,1150700,1719450,6578
1381328,1390595,1906034,1466773,323257,5854252,687887,719108,468430,528069,1113013,862009,3039
1732461,1433687,1647662,1295893,243959,6000091,963466,991809,535413,600068,1835840,2407654,6221
1721949,1638290,2061038,1581294,335367,5378692,266288,285302,464735,570718,1561082,2530960,6510
1663964,1708789,2069765,1613885,335252,6302699,697128,571974,493636,463234,1079763,1588247,6413
1367758,1558327,2121202,1641972,352673,6141212,713511,735409,529093,587364,1163296,893465,3319
998986,1284710,1618978,1295104,334670,6120192,713078,757277,526221,577290,1563885,1679646,3169
1961091,1716151,2110242,1646601,236795,5559516,497999,758405,581463,644290,1852210,3096535,7435
1703375,1694481,2107630,1594797,340438,6160638,699507,507443,444515,481699,1201655,2524253,6242
1315882,1679701,2049415,1600751,344046,6382763,724564,756333,547722,601925,788803,849634,3270
1022596,1331789,1533459,1325686,341381,6238640,696223,717600,537872,591324,1515048,1656424,3108
1961770,1705347,2059205,1582236,229606,6195513,701489,961425,556403,614829,1597938,3314413,7409
1939104,1840323,2454607,1872234,464231,6141151,724262,518476,470407,519952,1527477,3072787,7378
1757101,1843861,2459343,1853337,449480,6512790,898463,932550,505919,560044,790127,1673468,5110
1073684,1273307,1254941,1295657,338831,5973501,718879,762411,509578,575742,1550616,1696659,3236
1691050,1627664,2044612,1286331,126348,4614091,497613,758350,497459,547202,1460015,2374342,6004
1745289,1613551,2020722,1523620,336613,5230476,482972,280148,450671,491515,1525162,2488460,6035
1643993,1504766,1962042,1510410,340203,5853853,713738,747405,414844,460710,736186,1635719,4423
1071174,1445161,1637895,1575860,464610,6678405,940278,966579,547422,616900,1504593,1666749,3289
1664526,1654856,2041104,1301146,122388,4781061,484897,745085,543913,593456,1591608,2526452,5987
1670274,1702268,2071876,1593016,349682,6274838,503574,289728,410461,522482,1538042,2389452,6439
1687159,1708358,2096821,1625264,350516,6144738,705002,730451,528072,514781,798159,881785,4807
1034300,1449912,1676456,1611117,337554,6299907,716881,757892,555073,606755,1507381,887680,3230
1685899,1757853,2124736,1358821,238334,5585429,714538,986575,605506,657066,1857288,3099127,6535
1689165,1730890,2113218,1605463,340562,5980044,483311,280172,411722,523929,1601965,2560052,6628
1661930,1699718,2067225,1611958,343656,6168311,726523,761234,548307,532691,810476,888188,4622
1023458,1372224,1698075,1618319,349783,6189282,717316,739135,534824,601512,1538309,907366,3309
1701390,1466340,1638605,1032716,124718,5490193,703785,744823,528845,581545,1573100,2563567,6307
1894058,1836015,2431370,1877265,445691,6215320,480513,310904,468141,575464,1860650,3019006,7298
1698803,1734531,2106776,1621333,351168,6046774,706706,732099,542577,535079,805340,862167,4720
1336977,1531203,2047223,1850726,432698,6847079,917164,765378,521899,577818,1940027,1626974,4547
1713490,1675358,1788234,1166367,128838,5785302,730275,760686,616324,672565,1614941,2402859,6262
1706943,1833067,2174851,1655228,346027,5647523,270662,282985,507512,621378,1647767,2594003,6689
1722581,2030678,2480721,1904267,455860,6753567,955111,1001291,597417,585413,853528,1659855,5942
1035760,1364287,1663560,1540251,336928,6119211,689761,710938,539500,598589,1528047,1078271,3155
1709638,1685316,1720882,1117220,127141,5713116,709196,750879,591666,651867,1655376,2554144,6238
1617428,1811550,2105830,1658787,353176,5554423,273114,286293,514270,622776,1580880,2329681,5879
1749852,1831896,2196637,1699277,351469,6339958,712339,739874,507928,480896,850039,1712118,6603
1054278,1645350,2104173,1647745,341511,6252400,720981,762637,584574,630199,1241878,903481,3275
1687356,1635705,1731410,1390787,239693,6253525,726844,983141,634815,697896,1910706,3093480,6125
1711494,1897495,2162579,1649118,330754,5568582,374269,285808,544996,649425,1618047,2475783,6541
1654586,1742923,2077262,1620660,346672,6227868,726769,759161,503256,500058,835200,1656889,5925
1065176,1620224,2138723,1670580,349808,6330597,708087,727932,578415,637137,1245173,908206,3227
1372552,1425739,1326385,1100614,232082,6227051,703192,746210,586158,638192,1648124,2544316,4492
1990695,2014816,2538620,1943859,350699,5726064,500117,535605,576968,627150,1948971,3110179,7320
1702429,1873404,2136772,1669560,351019,6143728,705398,730999,526360,579414,877092,1706026,4740
1042522,1615717,1869607,1616498,338094,6119532,719521,763753,573587,622184,1238072,896117,3216
1705195,1724955,1776280,1431335,346030,7193402,942783,767123,604440,653434,1950709,3082292,6340
1716394,1787098,2122131,1608837,233869,4911437,271889,496037,556826,615840,1591487,2526258,6588
1951630,1942027,2473179,1898841,457192,6886374,956608,761004,511181,563746,1227324,2422061,5936
1082115,1633037,1749749,1666423,351636,6158210,719334,743164,568555,617985,1221719,909773,3366
1334202,1605301,1652867,1044988,232632,5484676,707433,747500,554690,607569,1617439,2553715,4611
1691670,1905072,2154033,1697863,240900,5268759,273632,524168,591245,646757,1606750,2364185,6178
1723100,1786895,2146077,1660953,350232,6189276,707146,512538,457413,494117,1233073,2507701,6553
1380698,1914386,2157297,1691535,335491,6442102,713892,756371,618965,678823,889632,896162,3169
1377230,1640205,1740165,1361347,354040,6232546,956899,999653,625717,681617,1914185,2405439,4826
1746695,1769131,2143659,1635499,234105,5480201,272056,505937,506658,620805,1635811,2551089,6506
1689519,1819616,2125457,1667394,347926,6315124,726836,523050,527155,515662,1254173,1668793,6094
1397006,1752332,2131090,1657121,350236,6295269,717652,741779,553176,617682,1144531,917549,3303
1044884,1319444,1259300,1299472,318380,6118755,684332,724247,553510,603423,1588234,1671666,3296
1910974,1921878,2474658,1625455,236660,5592877,498138,759580,532770,662425,1914398,3089463,7511
2029355,1900760,2465701,1871907,461057,6122247,703195,506735,541064,532699,1539462,2473124,7420
1315839,1494478,2047869,1589884,338743,6096225,720118,761691,540500,596129,1205443,848438,2977
1356748,1562069,2120609,1642023,456001,6362526,731328,752198,611606,668735,1879331,2370244,4579
1736386,1535401,1711014,1330097,125299,5528078,490651,741356,542921,599846,1601081,2582576,6770
1916083,1951025,2455863,1895740,449171,6332463,544363,518040,487189,600730,1512690,3046074,7333
1358981,1710156,2108103,1638038,351777,6226851,705019,727376,526232,520233,801176,890393,4806
1027701,1327112,1655701,1334088,336895,6170909,712526,754572,559767,608409,1589862,1684332,3185
1657286,1561222,1702309,1367819,124335,5630753,497927,760322,547064,612578,1536167,2353369,6002
1692177,1709899,2112203,1621049,343177,5567073,486024,283287,486008,529687,1583204,2533134,6268
1632253,1924084,2448981,1866854,451385,6885996,958537,999819,558109,611496,801716,1665996,4716
1045857,1494891,1676644,1620267,337701,6394205,687510,710755,537722,593143,1300425,909580,3381
1352704,1550978,1697110,1090168,230066,5585282,694744,736660,574737,630513,1625669,2539279,4828
1640323,1713620,2072567,1606184,236794,5504135,270820,521688,487377,598335,1534973,2331882,6146
1706320,1757076,2121736,1647480,347516,6119159,700116,508273,500316,485809,1208237,1690185,6250
1299854,1512604,2053350,1593460,340204,6144819,723099,758126,536607,586433,1179663,859889,3104
1635447,1546670,1684993,1356346,242740,6199109,963185,996146,596133,656325,1873079,2359097,5856
1673461,1708640,2095491,1608450,314292,5557421,270750,333370,491249,599829,1596382,2522645,6442
1621698,1770380,2067343,1613582,343575,6379774,719928,512819,486268,476649,1180570,1644541,5987
1376138,1706277,2120796,1640641,351652,6041781,702372,723420,518588,517674,810488,914350,5004
1380294,1344957,1674867,1348869,338224,6834972,924633,987335,619143,688106,1996143,2480523,5103
1986648,1739727,2129924,1670116,240273,5841807,510324,769172,626627,681870,1934827,3141536,7545
1669578,1775548,2123800,1605913,341330,6007966,696854,505562,439099,483159,1205506,2522857,6164
1322755,1670515,2042205,1592485,342904,6270650,724131,758441,536707,533755,781290,855250,3732
1045896,1339462,1683163,1332445,346029,6170401,709917,730153,525394,576316,1510076,1651346,3271
1674371,1519517,1651413,1306803,124805,5559048,488951,745148,546765,603850,1602661,2575246,6357
1942521,1932751,2457806,1879607,464468,6159902,726411,520363,506563,540893,1546008,3096485,7275
1686795,1788498,2163026,1693242,350267,6472730,705439,740008,563666,556904,841001,882465,4898
1047681,1352363,1686784,1608866,342098,6193964,728335,761317,553934,611652,1589975,886208,3176
1597394,1538846,1697378,1069385,133077,5574678,726198,748143,538914,587876,1528660,2404065,5949
1657457,1703837,2039693,1563808,234123,5437242,268900,467879,473877,591687,1529899,2452577,6532
1659333,1666579,2055739,1599817,349100,6066771,722859,513276,475665,461524,1177131,1609584,6090
1340568,1513632,2090432,1875668,464127,6596124,929131,955654,587844,640237,1536466,894994,3186
1665227,1511901,1647448,1048456,125332,5543784,708177,747574,534331,590410,1581437,2544318,6201
1665190,1694576,2078724,1629247,350268,5536618,267269,283342,476847,585701,1516271,2328054,5979
1673795,1712692,2108938,1605206,338785,6012364,693837,506762,421780,471361,1191688,2550812,6501
1281456,1766329,2051043,1607642,332554,6312406,701902,731742,562173,545167,820259,901515,4321
1368416,1356350,1728751,1385309,353190,7129986,947767,976485,598843,671834,1931237,2459806,4700
1668448,1705569,2039544,1560547,230066,4791411,267176,513139,530965,585158,1571783,2542479,6123
1631897,1661993,2048086,1583036,350245,6094797,728117,522150,419251,454588,1156781,2340542,6010
1393307,1654312,2057827,1579064,349539,5980822,705249,734025,511980,569755,813170,916087,3252
1035772,1229490,1234551,1274403,339045,5908346,721079,760794,493884,547306,1534402,1658266,3110
2020459,1634796,2190329,1561308,238501,5341036,470344,726931,544242,597203,1777906,3013235,7540
1776075,1637684,2043065,1574966,333318,6176375,488113,285227,410389,517377,1570767,2521280,6544
1728355,1635772,2067397,1597920,354592,6153536,731108,763534,519782,519878,780094,865718,4714
1072906,1298555,1645779,1566125,350290,5920574,707790,729690,504778,554769,1506610,888283,3238
1678494,1394858,1602502,1016237,126042,5427034,725472,768280,505993,551537,1582513,2549137,6287
2017173,1802337,2437467,1847828,464257,5983114,498729,475967,440440,548379,1602359,3074001,7431
1753198,1613830,2047784,1555981,344049,5854939,699607,731365,496332,501201,770686,857921,4696
1057272,1294799,1609688,1534781,337158,5941344,717641,749460,523270,587125,1537857,883636,3155
1728917,1480742,1638096,1016802,123948,5386099,723909,745034,506212,560247,1490434,2414083,6275
1993339,1791407,2353675,1737008,336155,5197892,487757,748003,488626,546624,1537910,3352547,7505
1669444,1630225,2018213,1555022,352087,6006610,727867,521944,407472,438896,1138385,2307129,5870
1727809,1772236,2592671,2130108,560429,7141682,1111936,1158463,602764,674116,1180079,879225,3122
1396751,1261494,1254671,1022108,232795,5922622,725442,760194,511825,568402,1542552,2448160,4462
1731479,1614915,2024399,1525059,238048,4581159,273180,506092,476313,532830,1449784,2392606,6295
1750734,1616277,1997869,1522777,339012,5850912,699497,510224,391982,436259,1176478,2538104,6300
1365659,1595476,1989282,1542033,347486,5848947,726141,760482,499273,553920,768740,870624,3050
1411067,1441683,1612163,1282308,351083,5891861,936586,963497,551830,614810,1857715,2448927,4748
1676413,1568667,1976971,1276345,222964,4591735,495576,540661,497289,545605,1559457,2464366,6048
1706803,1567481,1972745,1527268,330489,6031414,466010,316017,389881,484690,1365458,2230021,6040
1745524,1688782,2076798,1576563,342016,5953878,700916,730643,511312,504838,770164,889799,4940
1077512,1313764,1628037,1539862,346784,5977236,731331,763907,499083,560268,1506260,863039,3164
2068637,1664504,2073855,1306639,239474,5382373,717599,737140,561566,620120,1865672,3222945,7775
1757841,1581446,2001694,1531026,336191,5977366,483140,509174,401415,502751,1166263,2538059,6319
1416285,1639399,2009506,1567274,345158,6060243,713002,747097,524499,508531,770680,876139,4565
1027068,1273275,1622656,1447038,330248,5790123,665908,689359,485351,542957,1442555,1161330,3146
1381142,1245524,1228371,1012348,232549,5938370,727240,759825,521184,576999,1563979,2440026,4521
1733941,1632603,2024618,1547825,238689,4647126,274917,506545,479639,535450,1457269,2382463,6260
1385138,1329000,1612440,1538244,348954,6337642,949973,979385,543332,606365,1816218,1640733,4530
1760486,1560584,1987821,1514884,324298,5363062,689325,729228,552105,614370,1914457,2520626,6470
1679965,1642311,2025692,1570568,350736,6105251,498251,519861,402836,498681,1129286,2388940,6182
1595271,1674951,2017206,1547829,337257,5799218,679287,698543,497819,497881,767126,896671,4815
1062244,1235342,1596890,1530883,336055,5827117,707509,751189,502826,555945,1553703,879976,3171
2016405,1584432,2013623,1283775,237320,5252175,715761,749529,549430,600571,1833552,3053951,7249
1704849,1676166,2018940,1516748,340574,5098014,485706,284033,444619,492970,1533367,2532658,6162
1693804,1653670,2020809,1567673,348126,6053940,729831,762132,482883,513296,788465,1616751,4463
1120172,1554456,1708318,1653281,356776,6307361,725730,746405,550753,611302,1209749,884191,3212
1446165,1373568,1496892,1035501,228803,5729200,695212,736212,525905,586302,1576365,2545590,4819
2019670,1938867,2456847,1877160,347271,5378985,492245,523551,538574,598384,1909735,3070922,7667
1781048,1750051,2084203,1605309,350754,5998987,704417,732693,482359,521985,826515,1716635,4640
1061953,1472329,1655310,1558855,335213,5958175,711962,751120,530837,579242,1163125,870661,3032
1476823,1593006,1681970,1076698,240521,5411577,720325,747926,543169,596496,1534499,2346749,4629
1793733,1681621,2070365,1310263,231726,4750955,485459,510895,543561,593902,1591252,2565063,6695
2032681,1854895,2418798,1849986,465201,6538551,727360,738828,480090,522806,1253160,2376001,7124
1418278,1586655,2068399,1592112,347475,5908664,699935,723740,526347,576550,1152157,907307,3292
1719088,1541525,1584551,1527650,321800,6597816,899354,954192,584743,643705,1567439,1672856,4641
1779109,1739274,2105688,1350699,242826,4850298,508704,531510,557503,608595,1564396,2379757,6082
1749245,1683546,2067588,1568372,344115,5787166,485151,508856,417915,516909,1181016,2546085,6244
1428428,1794015,2057897,1598216,343933,6068177,730485,763006,564422,561892,823370,877461,4366
1087564,1464027,1689757,1563783,467270,6594874,941216,966884,552460,619747,1528873,1661986,3134
1706156,1566242,1684572,1306105,128328,5320805,466258,724174,556176,608447,1580707,2464317,6101
1702180,1809519,2130141,1653596,357783,5642639,502261,286526,501926,547543,1564688,2363027,6060
1769731,1799831,2138696,1666029,350909,6225881,705678,735548,511385,558161,855222,1722599,4829
1036015,1518968,1693635,1604867,342633,6208221,728450,765867,542775,598140,1205748,873187,3222
1690057,1630157,2035108,1278978,238379,5284309,726496,988045,551198,604387,1820089,3097432,5826
1730980,1557967,1974855,1512828,331229,5796190,468401,285262,402077,503007,1513522,2456187,6185
1639935,1630082,1974776,1530922,334043,5993240,698918,730346,446770,498224,760783,1320519,4386
1407727,1437081,2038809,1564429,347033,5872018,696201,715672,503318,553443,1130138,895390,3284
1381901,1266121,1196532,1259245,230922,5858640,715257,757617,514223,556874,1534406,1671330,4380
2323062,1972787,2802447,1798806,351088,5245048,498843,756478,544883,661489,2156471,3799727,8447
1736917,1670676,2081296,1575936,342384,5899783,698767,730536,458775,436207,769191,1691336,6298
1054963,1416666,1984834,1524247,344685,5923161,728949,761504,500058,556117,1141946,853854,3075
1764929,1471439,1643844,1464210,322950,6741518,879340,902522,511128,563125,1442088,2690985,6069
1711494,1655552,2005110,1249257,227334,4674675,486669,510858,517032,578868,1542622,2511348,6115
2025291,1794274,2405365,1822197,460099,5923328,727435,521451,448218,493407,1477717,2999211,7269
1369499,1650087,2052563,1578079,346813,6010165,698894,732910,508407,570017,778259,885500,3082
1042217,1277906,1249002,1284067,341480,6038857,726580,760261,525455,586196,1568994,1638606,2972
1736437,1635462,2061788,1299357,126048,4798818,499759,749265,503574,545223,1477173,2392426,6218
1765751,1642026,2042500,1562666,336944,5618492,483678,284890,465739,511509,1572597,2552636,6596
1721405,1626969,2035348,1574168,349031,6223971,723735,749654,458587,507291,774428,1661173,4577
1037507,1498207,1660814,1589227,464589,6680340,935808,964642,563959,627359,1520477,1680516,3356
1718611,1707360,2045162,1320721,125244,4880538,492373,752911,532881,592814,1563344,2522540,6236
1680682,1738226,2103405,1623839,352576,5592148,272848,282150,497394,596886,1516512,2363879,6040
1770034,1729476,2099983,1579472,340885,6042965,695963,726721,484381,476974,794099,1706170,6385
1126240,1503043,2040092,1592650,345121,6152379,723822,756196,554480,607966,1191244,882227,3220
1686263,1600438,1725796,1351490,238172,6219669,927926,955512,618304,680632,1910537,2422426,6216
1699976,1656958,2038400,1549880,334872,5359908,268665,284206,495233,587708,1567426,2558587,6311
1705611,1623776,2034107,1571579,349959,6111982,729291,761610,466163,432847,780593,1627159,6116
1046765,1526671,2055684,1598057,349720,5859745,704459,729365,531962,573822,1165144,878707,3106
1748551,1596512,1682479,1354042,335883,6183695,728444,771733,628173,686491,1994377,3213498,5508
2048767,1962978,2534499,1877005,337776,5482109,313834,522193,547205,660393,1846661,3091279,7665
1818245,1764987,2140771,1622412,343092,5985376,700966,731075,502294,482291,844933,1773490,6679
1128377,1541725,2084486,1605697,346666,5944067,726864,758599,555695,606755,1188255,911864,2942
1424923,1381849,1349512,1090603,239967,6024901,719153,740411,538415,583683,1537573,2471021,4695
1798526,1692074,2082759,1584943,232312,4736669,271100,511405,551678,591961,1588026,2599547,6073
1740923,1768428,2139609,1632706,351943,6018362,720494,513934,423491,454621,1168248,2418721,5848
1471272,1717146,2471022,1923801,452117,6680480,890914,918744,606406,652646,1192681,978085,3221
1057260,1337141,1302820,1342257,342003,6095465,723869,753190,544700,595480,1595017,1675717,2994
1768824,1788740,2101263,1373420,122384,4858697,468882,715357,560714,599679,1522534,2378503,5933
1736822,1833413,2191732,1689515,341259,6247418,476906,273334,496996,590626,1694042,2610045,6506
1601088,1838471,2131004,1664500,347382,6245112,719748,751910,604324,582431,845748,868919,4058
1350807,1537955,1766944,1689774,350367,6805481,922050,948178,672564,724869,1972291,1686119,4233
1628192,1844086,2070038,1374768,174319,4970210,479989,593102,605239,653683,1611516,2408071,5548
1606754,1917294,2122651,1666999,347222,6248701,486248,265556,483626,583663,1555892,2320399,5638
1671873,1837288,2144532,1665706,335826,6053599,670737,701332,587207,572294,850537,888121,4591
1294027,1743433,2103766,1658640,338010,6289184,926734,972331,694519,759923,2063752,1585256,4287
1967943,1909287,2122340,1371252,232107,5362468,713576,736227,670109,727136,1936485,3138489,7345
1668897,1845699,2106719,1621511,330715,6113080,466770,490849,506970,593975,1247519,2540283,6197
1382955,1743783,1989424,1562781,342123,5974923,706484,735594,578338,561823,789795,794526,3825
935719,1413158,1662865,1598119,345625,5875139,693752,716563,567290,611957,1547615,834585,2582
1574419,1611049,1593535,1025901,113254,5219404,676700,718865,596321,642395,1581693,2412946,5588
1817620,1983678,2398090,1846488,453093,5964514,474083,493481,507647,614351,1514782,2984165,6676
1571624,1824089,2075801,1606596,331838,6097650,677554,708362,529473,572067,831548,1659119,4404
908951,1612582,1620483,1571923,335595,6109849,702556,736132,592006,635132,1186826,799428,2825
1277560,1483050,1527456,1041369,228287,5672986,693542,712004,578545,630956,1534782,2355571,4156
1545214,1784658,1955109,1509646,214185,4661819,244201,485068,578367,617358,1551765,2396589,5385
1555002,1820577,2002893,1570930,332643,6009049,690788,495221,463669,475354,1128598,2213212,5580
1220299,1762399,1985630,1825624,448746,6434780,891148,922495,610090,669796,1169848,769346,2356
1207638,1581121,1598135,1016710,219881,5303757,693379,731103,589315,631955,1582310,2376155,4142
1889619,2013698,2420338,1850610,336877,5811838,462510,723663,575877,685238,1496938,2266214,5507
1605576,1817265,2042529,1549442,326726,5846148,667136,472926,486418,492386,1189132,1710363,5945
1183248,1784330,1926863,1514977,321226,5881171,675577,707806,599286,641849,832043,764912,2349
1289613,1647397,1631128,1307654,338773,6257576,920512,945809,649591,717999,1935020,2375360,4265
1599545,1784296,1977405,1538309,215576,5399424,238807,481758,535152,629792,1585002,2438426,5792
1565327,1802283,2014454,1589612,336193,6046278,691909,485370,531199,490975,1154641,1503366,5380
1250315,1619908,2008206,1581413,335221,6037892,670786,695207,565720,622256,1177768,782973,2548
1204309,1415123,1203433,1278067,216325,5951697,681721,722337,591479,635940,1588834,1559527,3836
1861352,1825093,1974224,1350291,223976,5302045,585214,681956,647726,685035,1834341,2966542,6728
1563745,1815456,1990756,1546032,316585,6000801,439030,463301,465864,571880,1197921,2374772,5704
1288754,1915897,2056195,1621334,340615,6288366,704671,732352,621984,603128,841134,785443,3938
913578,1402809,1601136,1290221,335878,5884037,673129,692643,570146,616293,1530123,1556582,2550
1538920,1579660,1558780,1263293,109419,5297300,455937,716502,569214,620938,1573910,2359467,5387
1867070,1975450,2401599,1844292,447200,5929092,685813,481141,517320,547966,1485097,2931565,6710
1214559,1808252,1963445,1525171,308817,5902526,623218,648962,575395,561299,793499,756843,3960
903230,1345083,1565014,1259234,321260,5985781,679294,708877,588202,624522,1562591,1504784,2477
1563772,1658512,1633981,1313326,109701,5394826,458988,702401,593147,633127,1513378,2287689,5620
1597471,1754534,1984852,1535184,319286,5238521,441478,239584,509428,547149,1549820,2394283,5806
1536608,1755365,1957924,1539147,331802,5993002,689621,720857,514554,556712,785254,1513008,3942
926355,1632468,1594687,1555567,446434,6559173,887521,912275,642788,692810,1544052,1568932,2608
1481945,1586635,1707353,1543548,207942,5984931,637049,908898,655989,717482,1951903,2290816,5164
1552884,1858271,2008896,1573294,329356,5311645,450157,242049,519135,552482,1498845,2211325,5662
1573820,1762504,1995387,1535868,327338,5834190,656303,685568,516353,559659,795495,1593578,4107
1197585,1569427,1959571,1551012,329441,6085484,688918,719477,577739,626258,1165452,740533,2413
1586012,1626651,1576184,1259019,221565,5932433,903641,927915,605965,654548,1850633,2320538,5563
1527109,1801084,1976479,1532300,321627,5260766,233407,242641,525698,627353,1595133,2416329,5674
1507643,1738231,1964661,1546326,334070,5947354,686025,694086,509437,465319,832901,1443035,5198
1253739,1614444,2055463,1594782,334390,6049063,662240,687781,583760,631309,1183527,800259,2820
1209743,1395849,1185805,1272427,215928,6019694,683678,720116,585241,628832,1587709,1551733,3807
1867724,1976480,2416108,1559725,334835,5453592,459895,476365,571209,668600,1852358,2968231,6756
1595940,1805213,2037065,1562677,325152,5972493,661514,688651,530533,497785,784262,1581387,5920
909888,1588931,1978098,1564900,330857,6132996,688833,716575,582018,628387,1168302,760581,2631
1235410,1393384,1201772,1067779,220843,6070309,670883,692532,557934,606520,1506312,2257666,4020
1529221,1845822,1946819,1281680,212438,4573663,390008,441936,590923,641989,1564836,2348262,5744
1507944,1777836,1963675,1546445,331884,5995012,458003,480490,457581,553324,1147723,2195291,5338
1231815,1764222,2359811,1808035,442558,6359933,878602,911008,619460,618747,1164767,738479,3554
1189598,1443274,1568219,1279778,314285,6696368,893611,944285,654890,716595,1963854,2303611,3600
1549608,1856402,2050264,1617991,223226,4984031,238216,484042,597072,639449,1543229,2234971,5659
1593262,1776748,1963037,1525074,318154,5836573,441527,240147,471376,562018,1570194,2410264,5821
1527932,1794018,1937384,1529886,313390,5966055,649418,679849,517186,559980,765417,1197783,3844
894359,1561737,1558545,1534467,445970,6572376,884716,909182,601370,653022,1500984,1560039,2483
1520984,1794432,1939263,1274558,107327,4610721,453473,715213,592461,637490,1580262,2338850,5297
1532210,1786940,1980343,1554318,333310,6007480,457097,239120,458500,552591,1480120,2180280,5166
1576677,1784214,2028652,1568156,327740,5980090,657913,689046,578707,556416,781627,742383,4064
932993,1438510,1592176,1543363,328763,6076652,690465,719466,582779,630072,1565042,744543,2517
1674007,1798315,1994158,1278205,145729,5399944,669768,916988,624318,674733,1840364,2980531,5697
1582945,1804072,1976510,1533474,318449,5956078,452686,246779,482080,577964,1577038,2404616,5843
1510356,1777233,1989403,1564087,336338,5999622,690680,718879,579531,558465,787422,775723,4164
916626,1365252,1608840,1579634,339020,6013957,678061,700126,565225,609503,1527574,786822,2640
1576824,1569094,1570557,1016607,111733,5344301,683525,726154,572891,621084,1584490,2397741,5564
2138576,2145126,2792828,2110358,440189,5953044,436214,625705,568316,682364,2019734,3628436,8234
1634029,1828585,2074816,1599824,331901,6041756,674753,706768,580523,554114,806552,838493,4823
921939,1411574,1574301,1522805,324537,5962284,690313,719806,569946,625157,1561305,800752,2810
1588106,1647393,1627825,1307293,330070,6999127,897855,922230,628242,621546,1542487,2379681,5994
1613734,1724274,2035437,1572630,226827,4865803,261188,506428,575404,616861,1617584,2541832,6314
1555628,1762553,2029027,1601989,342641,6155312,706538,499759,459788,485235,1157444,2246991,5521
1309207,1776378,2174201,1910796,452922,6820371,901587,938264,628661,684669,1208235,837734,2994
1299278,1405096,1299005,1064841,228872,6028034,706038,741392,584914,638807,1596409,2414892,4545
1646749,1803587,2142726,1678624,236628,5045552,265850,511035,581320,626516,1569932,2375393,6226
1700017,1809542,2115552,1625601,337473,6152834,691212,499720,472471,505986,1229600,2518601,6503
1319291,1708149,2092812,1643759,344543,6429765,725037,759899,589793,642139,852687,921816,3458
1316024,1654354,1763912,1399497,352482,6485069,937376,963760,629650,686781,1934410,2455264,4948
1652480,1753946,2070923,1603162,228403,5398631,266814,511613,542103,633915,1626212,2527923,6161
1573326,1789557,2058271,1611819,335587,6252568,692362,485295,463819,486510,1176614,2174568,6058
1357626,1811774,2143912,1672831,345990,6100302,694666,722869,589689,636213,834172,888518,3368
1001923,1394561,1328112,1363201,338478,6341668,719228,755807,583563,634751,1628601,1676463,3418
1974120,2009411,2579073,1697481,236322,5597608,494282,751082,589537,705408,1925375,3152953,7796
1690103,1795636,2122415,1617322,337480,6133902,698167,506407,515879,494347,1240212,1737189,6682
1297857,1660383,2058847,1618018,344008,6245255,725628,756930,602449,649256,1207705,880647,3119
1003322,1417172,1719475,1568915,338320,6236530,678586,699958,580030,637913,1571922,1153985,3207
1940017,1766206,2094740,1386339,224737,6307815,927736,980429,599863,635854,1667125,3230873,7683
1947857,1984962,2525598,1925737,458452,6199362,497610,519150,512886,621437,1537687,3081260,7618
1370425,1811920,2145131,1659578,341272,6200541,696073,725299,595778,571815,855750,910384,4958
1002169,1444038,1701517,1365212,341915,6316098,721716,753756,592991,642669,1624277,1652005,3264
1651827,1623163,1734597,1377140,123919,5681260,491417,739456,573620,624099,1573323,2416481,6254
1672127,1789955,2089516,1609778,321153,5598457,377029,280065,527550,635478,1588732,2454400,6417
1632853,1762408,2090326,1640614,348567,6300278,724688,757426,518471,494327,840056,1617065,5951
1362978,1806252,2143620,1943049,450710,6880088,904925,948006,631248,690162,1230272,934030,3602
1340740,1568693,1720524,1115366,230279,5588373,717344,751402,590929,644814,1646182,2468157,5024
1679887,1824447,2179053,1673934,232983,5653014,263679,510860,512662,616723,1546031,2420108,6628
1675387,1780636,2119654,1635672,332643,6159612,690439,501302,539383,517240,1255765,1719580,6478
1298926,1756948,2085769,1634434,343329,6308777,719299,751732,580293,633999,1100985,854007,3055
1329783,1603041,1698758,1367090,348866,6139147,919879,946337,636249,688982,1927778,2416036,4756
1630114,1796000,2105550,1639078,226602,5616784,260988,507730,529514,641655,1635683,2507996,6425
1608321,1841828,2124489,1678884,348040,6340928,719686,513654,539762,501645,1201506,1578100,6026
1331726,1612133,2128246,1657279,340443,6064561,686591,719018,584818,634222,1213638,850408,3246
1631891,1557423,1688261,1609389,330937,6856732,716406,754565,580581,685333,1998801,2398184,5996
1959313,2024012,2551240,1654513,336387,5533789,490210,530333,586318,701199,1910217,3128251,7616
1675163,1747857,2087220,1614213,334010,6103174,690489,519720,521076,487059,1188361,1653447,6411
1286882,1600617,2077683,1624261,344187,6232456,719782,753378,589898,640814,1192168,841916,2923
1360331,1340069,1299787,1365045,234042,6108622,707122,728890,558537,602435,1541901,1637017,4865
1721498,1625310,1993080,1285520,223688,4517935,468440,493461,527200,578841,1568765,2503720,6313
1733045,1644024,2017552,1552990,336087,5249760,468942,271699,468789,503802,1453685,2297455,6132
1711400,1852442,2438391,1815361,446659,6401770,907092,947574,542269,566631,823787,1709613,4888
1037593,1276147,1536192,1265598,325419,5950709,691999,721890,545126,594776,1542303,1634651,3147
1726382,1461345,1638855,1308549,117626,5240087,482316,730408,538452,585672,1516231,2401132,6062
1734866,1580692,1949990,1494638,324406,5208460,461991,277422,475883,510746,1521312,2453535,6176
1644008,1682917,2025032,1571249,347132,6038631,717306,749701,476869,515117,784728,1591376,4705
1041628,1509517,1651996,1578974,460790,6446855,917811,947939,560208,624911,1519835,1663387,3235
1684864,1569731,1937195,1278199,121823,4820397,488602,756019,532152,589123,1569458,2458961,6028
1941286,1818826,2400597,1813384,446619,5936782,720910,515692,501814,544350,1436202,2259401,5873
1725443,1643044,2045888,1557342,336074,5925277,686870,717963,471703,506897,784072,1684017,4751
1049137,1473859,1631433,1554928,343567,5979774,723405,755086,512929,568767,1146350,863823,3133
2089598,1789252,2439833,1580073,241285,5328673,721939,1177714,605330,668039,2165198,3907111,7858
1728144,1625998,2036715,1566919,336382,5965321,485197,282507,418659,513271,1588534,2535246,6431
1635640,1791312,2089854,1641295,350508,6162768,724354,758205,596350,567572,837480,874524,4616
1007766,1592216,1679756,1637305,335747,6299588,678138,700508,577215,620650,1383374,879889,3380
1351548,1413795,1305268,1343630,232978,6121810,715551,747282,587031,624211,1593092,1623474,4698
1976989,1969383,2525878,1641203,357429,5462246,499103,513869,546569,660844,1908396,3183647,7527
1702486,1788940,2124819,1633305,338789,6217051,695106,730354,524256,503318,833470,1736278,6685
1035975,1547786,2078370,1629991,351446,6265174,733613,768603,562636,621979,1195722,884977,3252
1435216,1349577,1301466,1082683,237917,6151226,711479,733074,557859,613041,1583813,2489394,4884
1692652,1744871,2056775,1493653,228237,4871187,293628,515258,569865,626536,1622497,2538387,6408
1691347,1744136,2082497,1636881,346460,6307050,489615,508867,439973,532469,1167457,2309986,6279
1352589,1782141,2530499,1929291,457532,6900767,909721,952071,624520,619913,1212245,900898,4900
1349225,1413710,1304935,1081134,232983,6080398,723838,755821,567837,628074,1605901,2461122,4869
1714977,1775219,2119675,1631870,238523,4831219,269597,515219,554932,600120,1533267,2393134,6361
1719707,1801286,2141809,1643679,339479,6289056,701773,509879,446397,481857,1220231,2547122,6694
1392206,1723293,2069538,1621114,348923,6174177,725096,758033,550023,567090,813628,878858,3779
1404026,1369285,1662325,1327442,336419,6790567,907221,931303,626839,682898,1913680,2451623,5064
1736769,1858516,2154194,1667599,236670,5018839,276368,529473,604936,656590,1688646,2611911,6603
1698957,1843839,2126396,1672304,353629,6288969,731549,526372,471378,510764,1210705,2328083,6170
1762601,1892782,2165169,1655624,343872,6151852,700818,730089,579418,581071,861794,914636,4957
1824450,1937438,2711706,2375868,705544,9156179,1452231,1516605,721976,800057,2149352,3385155,7414
1976392,1879257,2146784,1392564,162737,5695688,719668,889425,665509,725238,1952162,3140978,7774
1713648,1863912,2123880,1637777,337464,6211036,492490,287726,482353,590278,1669914,2536428,6250
1683044,1911802,2124606,1668304,353195,6282223,734000,767227,598270,585163,851834,874873,4512
1099509,1489733,1792171,1726124,353602,6326183,715352,741743,594425,647417,1633923,896779,3324
1743131,1604230,1720041,1105245,125456,5498714,723181,766614,590765,635924,1644155,2479912,6243
1986260,1887658,2497421,1902446,459675,5974752,493299,496308,485340,598797,1599229,3076675,7243
1743275,1784738,2088743,1622067,319714,6303662,669617,707573,514590,487348,852487,1749518,6566
1057078,1555990,2080257,1629522,346913,6172525,728205,762696,559417,621023,1208836,901398,3328
1380638,1421422,1283652,1058187,231791,6047769,702986,724263,557952,613007,1562431,2453401,4783
1673770,1710794,2060828,1609939,231430,4928368,272887,521758,550523,614707,1627708,2494707,6054
1650471,1807735,2095361,1635001,350090,6020324,729181,522837,433220,468779,1163552,2306449,5872
1360404,1755626,2109249,1911780,453318,6649874,913096,954269,601093,668581,1195358,870459,3216
1389908,1297470,1403485,1302163,333915,6498042,896252,936478,584681,640330,1869601,2293366,4665
1764674,1695781,2061256,1571879,238172,4595000,273387,513748,508081,566638,1493790,2436167,6608
1767742,1655984,2030071,1550125,331022,5793033,688864,510047,414746,456232,1177925,2499883,6571
1397637,1641024,2008530,1559659,343533,5998105,720929,751500,518403,577547,796611,892475,3361
1395551,1442268,1619546,1302545,350091,5866024,919913,948804,549104,607597,1863220,2432027,4844
1711341,1573444,1963201,1508936,229059,5047295,268878,507170,444399,551174,1526765,2466017,6184
1687239,1698164,2019159,1573468,342633,5961998,715602,510563,404482,440158,1133541,1734978,6134
1434077,1668657,2050890,1570669,340361,5853030,692255,721559,502746,561450,774331,911244,3583
1080707,1282604,1613235,1548403,337411,6000648,709610,742765,526679,581051,1533288,905694,3359
2100191,1702047,2051720,1300958,237716,5320958,700996,722703,555096,617963,1832011,3161609,7902
1761040,1649381,2041501,1574744,335784,5990382,487039,510936,412094,509952,1187471,2536205,6369
1388854,1658884,2055558,1602012,350937,6008470,728874,759612,537299,524943,787067,868859,4595
1060745,1297213,1629826,1382858,342005,5801787,691709,718986,498948,551702,1499346,1581074,3466
1694511,1482900,1600507,1037758,123419,5188343,682979,727482,534287,592675,1540266,2379018,6150
2027940,1832244,2460738,1570715,350933,5135978,497790,514680,521750,628074,1860409,3094798,7134
2110764,1805688,2405784,1788251,439114,6346734,910542,738624,445173,488938,1164976,2530709,6311
1088027,1452095,1634858,1575382,346580,5934453,727400,762271,516737,575442,1180872,895497,3433
1492809,1788334,2146062,1393263,344864,6006829,920102,949402,611139,669519,1590332,2497220,5061
1757283,1694686,2015624,1568149,228344,4938987,276806,512056,535117,601046,1557450,2447431,6303
1742379,1793665,2049976,1600463,331410,5966954,686879,492362,448600,484937,1168873,2065352,6083
1436790,1721616,2070921,1846643,443064,6487496,895000,934278,573441,627951,1173895,909657,3451
1455984,1566865,1682315,1071801,232805,5380130,729064,763836,572129,623832,1654688,2489449,4857
1766724,1739639,2092216,1614810,233118,5394764,274604,518699,490994,595862,1524443,2387284,6291
1820797,1763885,2072376,1587559,337148,5997214,704661,516403,500656,491550,1224660,1751477,6426
1423549,1590290,2054709,1595346,348105,6027751,720968,755501,546772,599746,1197621,889607,3101
1572633,1483161,1669143,1292112,276943,5900047,879645,904015,571064,631104,1839166,2346185,5020
1767615,1748181,2057567,1610348,228861,5430612,274575,522013,504155,617591,1621762,2480882,6170
1703107,1763970,2057625,1603782,346132,5979982,717267,520842,479727,461996,1144264,1586957,6016
1474752,1642257,2125438,1629816,340705,5922127,690494,723136,550402,606283,1216693,904748,3566
1423413,1265456,1256192,1289545,231544,5912851,729916,762718,520255,563501,1570295,1689447,4761
2111345,1626042,2023823,1544462,236800,5279790,491689,727143,553957,613024,1847757,3179689,7656
1723001,1650313,2027061,1552959,335246,5853496,653153,517491,404210,504530,1199764,2537345,6096
1898234,1992083,2601577,2021811,462597,6124644,743925,776872,690723,690339,1333007,1745543,7423
1815915,1922892,2546165,1961412,536579,7638754,1082415,1125791,599121,603542,1588764,2474894,6520
1770667,1494059,1696777,1350163,128051,5434056,503021,769895,548417,599875,1623029,2492010,6587
1802777,1753353,2091543,1610277,344048,5421581,494279,286988,486135,535479,1532056,2331919,6197
1753684,1862017,2446591,1849273,443215,6452406,913829,955746,510569,568306,774801,1673103,4628
1058684,1275617,1388013,1288418,342094,5926720,729667,763072,519630,572199,1545172,1595145,3035
1770178,1449687,1657948,1299533,125245,5236412,471095,695339,514328,568449,1458393,2284215,6345
1757337,1624425,2026356,1545449,334327,5186629,490088,280582,456234,497535,1554224,2528681,6392
1709117,1710290,2042805,1582475,343671,5986028,719247,750574,463016,508831,780626,1603686,4740
1083707,1434586,1652912,1573500,455384,6364358,915845,956096,555365,624358,1566246,1739431,3566
1722763,1599004,2021042,1298544,124744,4626172,485911,751495,528884,582737,1581022,2425124,6156
1717523,1614600,2015586,1564391,341604,5300452,486622,280404,466552,505002,1470950,2318472,5901
1709807,1690065,2006224,1537994,317169,5836430,656830,683342,455018,514647,778368,1471671,4799
1396381,1408986,2000015,1557149,346361,5885367,727085,762354,496053,555559,1146036,873332,3330
1794273,1471168,1631250,1308929,235201,5897967,921327,947514,560570,623999,1886566,2455296,6384
1753424,1665714,2027808,1565456,332517,5329833,269219,281461,469173,602010,1601788,2487247,6216
1732334,1607934,1996556,1540253,336393,5819730,706770,738563,445151,423894,768121,1571433,5869
1120850,1443528,2041252,1568821,339450,5810448,698057,729841,518487,568298,1174348,875027,3089
1702466,1497670,1669331,1522289,322868,6818062,911991,948219,516761,583664,1550015,2580104,6030
2119495,1839138,2464721,1590669,337880,5420114,502238,517904,511103,634014,1837400,3072944,7674
1810497,1645737,2080111,1604485,333997,6056314,701615,742728,470475,458044,814125,1718350,6485
1081278,1445645,1977237,1541283,337726,5913848,708167,740301,495240,558741,1138031,875139,3315
1422607,1317879,1244493,1021554,235789,5822825,699098,721011,505113,569915,1509538,2436769,4810
1727354,1664580,2005228,1544045,229011,4585006,271305,507638,523506,576256,1574706,2477333,6378
1674109,1653732,2027089,1586884,336717,5961152,604793,519405,399799,503860,1131259,2288028,6111
1431190,1650661,2452718,1849711,432231,6482986,884247,928450,558256,559954,1159193,908327,4886
1387805,1301075,1254269,1017031,231055,5893970,718733,751394,528378,590490,1547768,2373899,4671
1752820,1650073,2033390,1550151,235785,4553137,267836,502369,491264,544080,1459779,2343162,6087
1716140,1659472,2009153,1537403,328230,5893666,475086,280492,388281,503438,1548906,2493103,6189
1693919,1698694,2052289,1581290,344546,5946414,725997,761269,518883,506014,773467,878495,4767
1087915,1460725,1653051,1569413,445644,6483085,905538,943203,571793,634485,1773000,1710234,3475
1726267,1614756,1986168,1288432,124130,4490386,487448,750840,515971,564375,1571055,2402282,6065
2037439,1827287,2453238,1864342,458221,6534501,727488,517109,457782,510452,1500450,2349448,6943
1734975,1660399,2043636,1566367,337020,5872347,700858,733658,511493,504283,778874,867746,4784
1062036,1272827,1619034,1558683,343280,6008670,730162,761722,504348,570319,1543915,861848,3139
2453066,1921812,2516686,1634148,305173,6113263,715600,798813,587792,711843,2269603,3904875,9236
1759498,1642143,2023094,1548875,329741,5880236,493426,287589,420415,510639,1555872,2506927,6533
1712592,1667248,2030670,1571298,342540,6127331,718065,750149,524977,516404,770081,873832,4644
1071463,1276488,1629796,1552356,335295,5826499,682439,710416,503630,559952,1504408,884390,3405
1750696,1430958,1639782,1027212,125110,5273015,711528,749152,505207,560256,1550592,2432640,6208
1738130,1648605,2054719,1596934,343210,5286294,268875,276294,463005,563513,1489428,2356154,6289
1932880,1837961,2396550,1789362,426629,6312707,877792,920635,505139,514500,768827,1663321,6243
1086125,1293162,1619796,1516557,329946,5991595,710465,744554,516644,571086,1524304,984859,3326
1438961,1278200,1241337,1012721,231513,5843665,688019,710184,510059,564525,1512776,2444677,5067
1724196,1635121,2018462,1562355,223287,4708136,267880,518383,532580,590786,1587945,2438293,6228
1743563,1637852,2117173,1934527,460010,6859127,962460,769594,486328,524232,1547853,2339966,6171
1480847,1736631,2090610,1856155,438282,6585236,897944,939006,570954,645049,1146610,894334,3488
1378763,1444831,1592858,1019692,221469,5438390,705793,737171,503030,559121,1507333,2333495,4605
1711469,1680899,2054433,1601158,221094,4889679,269736,515095,512165,578376,1493031,2314900,6418
1763502,1645321,2001957,1541014,323350,5896084,677609,497165,403232,442045,1162970,2436718,6165
1413495,1683082,2035967,1585281,347050,5990037,725029,760117,531395,584255,789610,895567,3299
1751277,1694690,2048616,1581337,346120,5809069,924977,1153133,606455,678845,2229619,3176297,6299
1753101,1599393,2026128,1566008,227091,5303064,272205,520838,465670,564067,1569045,2499514,6512
1740051,1654400,2071604,1620077,349066,6082515,731145,523022,450657,438471,1135047,1617446,6305
1397395,1650927,2030827,1567802,322862,5881997,664440,695239,514297,575261,949038,898352,3466
1040334,1339342,1261409,1282208,333533,5836447,714232,746553,533195,594888,1550007,1647890,3253
2066577,1870973,2485226,1587468,233931,5176075,487234,740066,522815,634470,1882661,3143876,7845
1756011,1635045,2014582,1548325,333630,5917090,700548,512785,462277,444973,1185980,1720002,6267
1385190,1624924,2039783,1590706,347937,6022908,729001,762220,507016,486538,764538,846816,4468
1116370,1276851,1670231,1333468,345453,6102971,706789,740095,507054,564601,1566448,1701418,3639
1689826,1517002,1625190,1126292,124391,5310958,576192,725718,537118,598376,1549153,2368560,6276
1764383,1639637,2042286,1559619,340260,5246775,268307,278247,440709,547366,1470002,2356007,6307
1783063,1847365,2425440,1819080,429616,6514590,894905,941237,529816,508087,805649,1663505,6626
1071990,1259321,1602726,1285101,343842,5939901,728630,761939,502132,567346,1550204,1624435,3121
1758249,1510623,1692406,1344477,126065,5414132,495253,740971,519686,580346,1532464,2423895,6299
1693916,1666989,2025211,1553440,333854,5238663,488985,283015,458156,520570,1572147,2496903,5966
1698583,1641897,1990306,1547727,326679,5956958,685176,716529,462798,440485,779919,1558941,5923
1094528,1465554,2002022,1565384,436494,6443517,882735,920848,568292,628349,1499987,1668120,3377
1773883,1425048,1643847,1297442,125898,5439023,503603,758924,533188,595305,1609420,2471922,6831
1759545,1708023,2070813,1592808,343089,5379678,497826,280235,452171,506886,1492390,2351085,6288
1785555,1600586,2066461,1581291,336948,5982534,700136,734868,454981,504353,787360,1709507,5171
1091985,1475844,1630114,1537370,328084,5878590,692178,722369,522052,572916,1127299,883925,3165
1764535,1573077,1984640,1309229,236816,5656698,714798,956662,569606,638549,1862606,3152577,6010
1691956,1630960,1962236,1543444,233224,5333709,269284,464885,463775,580351,1533179,2356531,6260
1688971,1672214,2049477,1593602,346188,5974653,726842,520710,448045,435900,1125891,1615447,5964
1442301,1473064,2054900,1562922,334250,5902534,692069,726718,504627,573485,1180394,908749,3435
1376832,1279474,1233348,1286077,233535,6011432,730876,762673,524559,572562,1575609,1646884,4563
2073252,1749988,2366602,1530006,334992,5218944,485608,504649,506851,617503,1825731,3044050,7463
1437814,1670373,2076272,1598670,338329,5918012,697851,731992,524623,556264,799805,906225,3818
1052851,1267857,1492832,1260761,321654,5875258,695864,727633,510266,572598,1526599,1644589,3103
1771343,1529303,1684475,1347645,124944,5410227,501626,741483,527403,587534,1515272,2371065,6573
1768466,1612700,2002001,1517267,328266,5228350,485291,281907,436568,488619,1524856,2483420,6491
1969767,1808515,2416082,1854246,456257,5932237,726989,760116,520760,566527,1153509,2324900,5809
1097484,1431345,1654975,1579614,450521,6506928,915445,942903,555835,620437,1524288,1633384,3415
1720947,1645136,1991700,1267663,125510,4678074,493314,746556,513583,569608,1543322,2455108,5973
2004947,1809544,2386365,1576207,328226,5434298,701164,491613,506669,562712,1782546,2867705,7466
1750625,1643780,2054909,1582463,332245,5913349,680664,709894,452104,499933,758094,1688850,4785
1068589,1461340,1633157,1564029,337764,5957146,729450,760503,518935,574850,1166422,887929,3198
1876214,1748702,2156457,1658091,351177,6944849,1169107,1201219,645824,722324,1899007,2443947,6413
1761729,1620705,1997191,1515836,323247,5274515,268993,281221,464428,568757,1527719,2471848,6537
1709042,1630187,2046923,1588839,348036,6033946,725352,755881,463950,442115,788256,1605906,5955
1270669,1412491,1981479,1527194,316025,5795010,645680,675334,495330,547287,1143387,885685,3315
1390493,1262155,1231441,1294997,231805,6001547,718219,756052,538048,589247,1580873,1637951,4726
2048980,1860666,2445329,1562182,341266,5172537,489015,507481,506861,629106,1825125,3054513,7689
1748877,1697788,2044270,1555317,334812,5795903,697989,732484,458869,437905,771230,1717884,6394
1041146,1430709,1948167,1512483,331320,5902573,706373,738593,502901,562192,1134248,888957,3193
6714590,1619422,9122067,6675424,1493323,14707507,3000031,3509544,523504,655116,5848339,11073169,9154
1945622,1479104,2086119,1583436,185484,5336791,461459,724783,537325,595625,1772753,2864094,6341
1734136,1608017,2017175,1559544,337769,5511899,491876,286966,434373,487516,1463221,2286338,6097
1747763,1868786,2459842,1836735,442544,6504935,907450,948813,498401,556395,772988,1690746,4716
1061082,1227978,1220762,1257082,335265,5936698,718591,751392,499756,554736,1527029,1627097,3111
1707563,1698820,2070913,1309109,222528,5414046,696882,952813,551797,618311,1830903,3055803,5898
1766989,1644706,2083310,1582475,333615,6052802,485921,284017,408545,520034,1580806,2546415,6560
1693227,1689257,2041144,1592909,341118,6129528,714192,746916,519909,527804,802035,971426,4878
1040970,1549634,1656425,1632891,443084,6774961,892154,918549,589713,655195,1574932,1676574,3232
1727473,1727184,2090252,1377693,124774,5021531,490335,758159,555724,616958,1612409,2476280,6201
1712170,1724920,2127762,1664445,345800,6370249,498869,283524,442825,542842,1543339,2339608,6377
1739358,1798776,2145185,1642109,337765,6206203,698801,728970,555621,548804,825069,906287,5140
1057042,1340483,1699554,1633661,340412,6332176,729526,762695,536296,601028,1591348,884686,3376
1939942,1784321,2107671,1364131,156887,5626091,724479,891391,624758,686335,1899871,3048608,7336
1708241,1793051,2129611,1648385,332533,6326649,483620,280921,451972,559607,1636332,2538931,6345
1647869,1741326,2097527,1637652,346537,6235139,728391,761318,554486,531719,794898,864773,4586
1087636,1364914,1732606,1679335,347525,6354517,707834,729858,570561,620516,1585264,879786,3198
1714166,1647287,1744833,1124797,125265,5721257,719912,762908,583482,651155,1650804,2488884,6397
1974104,1969000,2562785,1976267,457849,6264470,496055,517618,509352,621536,1572039,3070459,7647
3509011,1789633,5164347,3906859,902707,11602001,2153383,2495830,534130,576009,3047406,4265099,6249
1075657,1238834,1629995,1569929,338970,5991857,725098,759509,508243,565657,1551930,866480,3138
1768335,1521015,1652902,1041552,123734,5468417,699783,721861,529388,590006,1505364,2350146,6233
1811350,1734209,2075464,1845568,424607,5966368,462496,491819,543605,670195,1975011,2562930,6391
1746325,1734466,2086971,1630034,350094,6156612,731759,765077,505353,474260,822208,1621233,6080
1136144,1552329,2078803,1607410,455779,6488496,915415,944408,579445,632292,1570666,1675215,3412
1707571,1510988,1590806,1107227,124325,5350293,599114,703113,522841,584707,1511086,2321418,6323
1780577,1916831,2170029,1709369,349852,5606331,277183,289009,527048,655262,1584262,2365938,6638
1762414,1768299,2089484,1583580,332561,5926867,683487,714317,488702,462770,815435,1656036,6637
1112463,1557563,2019058,1572486,334902,6000345,710972,742982,555627,603011,1205012,880414,3087
1773322,1501857,1683908,1343414,236162,6186214,720020,964449,600865,660534,1888616,3103311,6041
1806283,1687204,2024844,1563549,324079,5436967,469293,284153,484208,537032,1539879,2425960,6197
1682732,1649853,2017056,1557898,343876,6026588,717671,752229,435511,438697,758944,1629474,5294
1071242,1525887,2030976,1590669,340669,5946495,686448,708423,522938,576184,1148972,889257,3348
1398354,1234637,1220967,1022293,219897,5824132,675489,716615,515968,557937,1507961,2351711,4694
2026980,1780019,2399032,1838313,343675,5311049,487813,509690,500645,554953,1817369,3014690,7422
1749488,1604429,2004476,1537864,336390,5780491,690995,722341,442065,493903,767680,1670773,4559
1054178,1471147,1621757,1799294,441953,6603286,938128,980140,574386,643190,1530570,866604,3197
1407578,1388468,1594038,1044725,237248,5665863,713441,735474,515744,561681,1483716,2372732,4837
1746099,1618066,2027732,1733898,299911,5311772,439289,668877,561294,616186,1801310,2381638,6279
1697550,1586372,1991410,1544424,339992,5949044,707268,512400,400237,436771,1149840,2318386,5920
1402583,1636073,2031187,1816083,453089,6360289,907023,933732,542307,605955,1125623,894542,3387
1400326,1445482,1606749,1013501,229452,5320128,704823,744734,513591,574986,1553535,2448323,4635
1721563,1605343,2031448,1570490,231275,5389875,267144,519587,445568,548006,1467744,2322572,6075
1776230,1645626,2064850,1574265,336495,5933534,690787,497528,454092,451050,1182984,1722321,6335
1378838,1608698,1954921,1524083,322630,5972055,685992,716814,507362,564964,852392,849599,3144
1397324,1519568,1666025,1314952,349342,6020674,949566,976977,550975,625889,1865451,2416462,4816
1780614,1624890,2060027,1571942,232936,5376565,273132,515208,452301,573004,1571952,2547056,6587
1701319,1607662,2005885,1567164,339693,6028960,709959,513292,472413,437023,1152204,1596271,6224
1425673,1402871,2045279,1574326,349389,5875667,707360,729618,499021,556908,1157419,868531,3303
1355369,1253618,1211341,1277149,230415,5866882,716487,758682,499756,562157,1556927,1660106,4458
1960655,1890536,2444588,1618879,262415,5507085,488804,664206,517123,646833,1803402,2946811,7351
1733173,1780267,2126043,1630151,335644,6106247,689130,495977,494495,474521,1195058,1701980,6700
1363196,1496425,2071209,1621056,341759,6214275,727008,758523,544554,604041,1202477,876073,3228
1345253,1390280,1315524,1371859,237454,6191284,721940,744032,552454,601558,1533218,1636582,4606
1728723,1742740,2122174,1361633,229172,5000206,483913,510768,565477,628804,1626435,2531018,6440
1943569,1925585,2843046,2157609,566707,7602802,943850,986566,548657,585493,1524208,2371244,7359
1189979,1577660,2108895,1643389,335499,6297353,678708,698178,540867,596955,1194244,877390,3407
1344127,1349317,1275832,1338358,229651,6131191,706332,749394,569585,621206,1595935,1641686,4576
1686582,1712022,2100590,1350431,236838,4893056,498627,520898,548765,595016,1527184,2350222,6226
1764819,1757051,2132177,1615743,341788,6090658,485714,507478,446247,543334,1186819,2539078,6301
1335114,1701258,2051379,1598993,342417,6046462,726901,759207,541276,528873,797456,880192,4657
1387837,1368853,1715111,1374602,348447,6875831,947008,973144,606351,661185,1885982,2393550,4680
1693464,1721590,2091368,1494130,231359,4995222,300750,514146,556438,617296,1613763,2516872,6175
1662412,1762499,2088747,1633796,344686,6372093,494374,511895,435608,541876,1190892,2333737,6140
1371779,1684598,2114302,1640338,349223,6251345,705724,728828,543402,534706,804164,870035,4695
1072053,1385081,1691671,1354879,334387,6197361,716667,759322,568274,619040,1601318,1666541,3294
2035971,1748594,2098775,1635289,236663,5578914,499120,759540,589089,645515,1874506,3098144,7398
1711046,1755545,2157290,1657491,341654,6194629,699902,507102,452860,490455,1231762,2546338,6706
1346125,1763921,2098038,1621352,341116,6244125,726495,760025,552882,576387,812394,871958,3650
1011075,1378170,1654469,1359721,333773,6399347,690681,712458,564520,624958,1528243,1641323,3116
1696292,1503192,1677844,1325678,124014,5589431,483874,741000,558965,609704,1614317,2513273,6020
1925724,1942760,2483770,1912628,462142,6254618,727299,519124,503223,559794,1562975,3085445,7145
1423515,1982666,2563738,1964568,456602,7007370,912784,938703,614238,670576,822897,894626,3411
1038998,1362836,1313173,1385775,337368,6439717,720918,761883,555679,623716,1638577,1704696,3382
1677156,1650306,2060454,1324234,124095,4965509,497680,760685,521848,574230,1495982,2344798,6185
1704738,1768131,2089472,1605412,326123,5529102,486489,284190,482719,543106,1557750,2444211,6685
1641280,1706963,2065590,1608790,342028,6209362,727408,759178,498201,541711,811224,1628261,4565
1071749,1535479,1689254,1627571,462695,6751871,950030,977450,591722,656996,1541637,1641286,3304
1743593,1731700,2104587,1346869,123836,4916249,481866,738064,557443,615912,1608430,2509782,6307
1694583,1678455,2095298,1653805,350302,6434885,501184,284634,446256,540501,1584004,2380018,6351
1761826,1783507,2185276,1687886,349738,6343043,707157,729385,562060,556746,837231,900788,5238
1037057,1537365,1646518,1601910,320411,6205793,685302,726173,554676,623355,1272882,888938,3340
1643227,1792579,2119302,1379637,237038,5649061,718133,989729,624791,680125,1913753,3076934,6241
1728663,1792008,2145534,1643875,340852,6168343,485099,281599,445393,540831,1604997,2554047,6626
1649174,1710905,2058387,1602735,341510,6047682,726030,758746,553086,544553,805391,861392,4455
1064271,1336694,1686568,1628267,348797,6154503,719984,742134,539483,598157,1549348,879513,3121
2013999,1743825,2097941,1348570,230239,6152049,913554,970407,607236,680019,1601885,2520565,5831
1972118,1904471,2481464,1911885,429618,6284604,496695,344480,493082,611230,1955634,3110500,7488
1741728,1847865,2160104,1692319,340407,6306106,688695,711848,571860,561275,826202,880887,4941
1060972,1335009,1682188,1608915,338636,6233610,719060,761493,540058,599140,1604558,925342,3444
1685212,1556287,1690659,1087301,124106,5667435,728222,761684,553031,596818,1528545,2339541,6027
1739415,1717322,2134283,1643498,341109,5569750,270074,282079,493224,601825,1594049,2535661,6462
1796530,1932930,2484914,1901481,451698,6934047,956155,998901,558686,546337,804776,1648826,6134
1040154,1351697,1700415,1633953,348710,6197676,719973,741125,539141,590220,1537615,900881,3379
1722463,1544541,1710695,1083879,123411,5483471,687052,728776,538509,603937,1612962,2534059,6706
1641418,1753851,2104069,1635336,348553,5585676,270518,283701,497005,607580,1571715,2373084,6205
1706257,1733621,2114613,1651298,352239,6329371,714653,737570,489097,463712,825849,1709546,6421
1032616,1525025,2054946,1608043,335219,6134581,716733,759603,549512,595469,1213587,864482,3073
1684038,1563795,1728472,1314313,236874,6342267,746434,999804,605287,676580,1895241,3068632,6070
1723229,1792031,2131285,1643169,325862,5601501,280182,283208,517606,612149,1552938,2433616,6504
1644663,1734148,2085603,1613351,341051,6177288,722685,754676,480952,467734,782509,1644225,6192
1054677,1471208,2109192,1636099,348257,6214724,717466,740400,528146,585901,1152975,879604,3344
1378605,1348166,1303604,1088495,229796,6165524,699406,738510,562196,617342,1623042,2548252,4829
1959677,1931173,2529649,1949702,348938,5776284,497756,522520,573136,624941,1968489,3107945,7438
1693129,1750328,2126029,1655513,348623,6101332,705962,728830,488229,528491,800003,1673278,4882
1381695,1750769,2418959,1883768,419531,6939439,895829,951527,628295,681486,1177657,895237,3400
1396594,1419400,1356684,1133704,239445,6489385,731557,760915,577680,639023,1590909,2388264,5000
1729099,1791402,2128778,1620389,233007,4876451,271919,496431,547330,606801,1580241,2513738,6579
1978435,1823917,2423684,1863822,450928,6704949,953939,757154,479903,531488,1207330,2412733,6124
1055772,1569251,1734877,1632404,349601,6134779,721121,742834,524252,576011,1148231,892767,3296
1337146,1556941,1680820,1071446,228582,5554704,696372,738324,546714,607137,1607065,2541768,4637
1645953,1682011,2034389,1594265,220107,4964782,270941,523499,544878,586406,1514751,2270250,5915
1709095,1760926,2139998,1659572,350164,6279760,710716,509509,430304,465989,1196878,2491561,6529
1395461,1725143,2046649,1617065,332169,6303584,713107,755625,543124,602542,795710,894268,3296
1376679,1513354,1693280,1328896,348895,6209197,954667,997454,588357,649076,1886535,2367509,4805
1718374,1714125,2102264,1589375,230899,5319774,269498,508120,469240,578334,1576345,2548240,6517
1658552,1710549,2052491,1581779,340675,6037547,729875,523895,497830,483517,1203131,1665846,6039
1380421,1722308,2088128,1638329,334627,6285439,693371,714921,559691,611262,999257,871048,3264
1024205,1366503,1307691,1355538,334713,6264986,699631,740881,572173,631123,1618348,1696679,3117
1927881,1982452,2501993,1668744,237624,5628713,490204,751572,587211,705398,1937611,3039533,7212
1735810,1687812,2137548,1668185,350463,6336747,708018,503870,476942,460174,1185531,1669875,6495
1375803,1542465,2073827,1617659,335764,6069791,716459,759173,543541,605904,1202027,863443,3227
1690234,1574765,1718604,1638304,344702,6999793,944756,984580,606931,666406,1536281,1654280,4947
1710448,1764177,2147975,1373023,219254,4917401,486734,534694,566712,627314,1637436,2569236,6587
1940291,1885932,2441964,1865113,446555,6808674,719531,514677,495165,534510,1567263,2395521,7250
1384151,1578564,2133907,1654659,349972,6329435,724211,745206,550644,606867,1163870,863475,3109
1423906,1312663,1285128,1337182,230692,6155897,700774,741040,555209,611443,1608658,1728667,4828
1653665,1781125,2110559,1384266,237774,5038986,497176,518092,559553,619914,1569403,2366530,6045
1735528,1756947,2121686,1648938,349450,6091566,483824,502585,438183,539516,1184221,2485872,6332
1435546,1726445,2456303,1893672,440711,6839150,942300,1001427,616806,615445,1230685,894706,4800
1400364,1411744,1319529,1356984,231890,6517905,719329,751873,569698,621359,1549008,1696500,5019
1729620,1763873,2140606,1365458,231398,4939738,486946,509834,554914,624163,1630520,2555184,6598
1695037,1740468,2118077,1651824,341413,6356708,499114,522384,457403,561436,1227597,2430860,6203
1373116,1764585,2127768,1646306,349316,6317843,724406,746577,543002,540218,822201,876042,4677
1028942,1327912,1681101,1330313,334753,6136869,699665,740009,553517,608023,1597836,1706272,3199
2205422,1859885,2441197,1854311,349349,6137924,731106,760730,611515,679118,2329652,3786776,8129
1702406,1825300,2145149,1641770,345278,6099387,494185,508299,441093,550799,1189751,2445506,6328
1345503,1718481,2062098,1615749,332650,6245547,709845,751770,556607,541418,815499,879846,4675
1367518,1542462,2115887,1659141,453279,6989088,940416,982857,629260,609968,1541520,1608305,4589
1796836,1513178,1747265,1367119,126270,5583430,485835,731649,540412,594063,1600636,2576490,6774
1966714,1900243,2455122,1871617,452352,6157129,731254,524965,504828,554959,1573646,3173996,7282
1397110,1759709,2128338,1657956,349462,6227311,719513,739708,540153,597271,808955,895337,3373
1041194,1364932,1539994,1313634,320034,6066824,666598,707956,545531,597474,1565258,1718431,3289
1628304,1584749,1677339,1334322,123806,5506715,498381,749577,555394,619911,1560899,2336868,6051
1705424,1743218,2125451,1655214,348971,5407119,488077,282743,488158,535180,1571885,2496341,6566
1663830,1891073,2455140,1876333,439829,6959596,941062,999895,552205,605351,818380,1678125,4695
1018059,1411423,1304055,1391205,351948,6473252,736518,769644,526928,595573,1536844,1634258,3369
1754954,1772990,2136534,1351292,124257,4912119,486720,731873,546429,602808,1606465,2569091,6905
1651666,1728548,2084763,1624680,340942,5647416,495678,280184,487042,537156,1588516,2434778,6417
1649652,1827820,2129839,1631822,342691,6240162,711298,734041,506418,553278,811546,1659922,4883
1033100,1514095,1664672,1596952,434586,6573501,904316,959524,608845,672461,1584036,1653623,3044
1734526,1692127,2097473,1616453,335572,6261274,697208,739244,493072,479992,824758,1738204,6560
1389401,1753033,2126051,1646099,347650,6243429,729325,763749,568132,613016,816495,882347,3428
1056939,1395415,1291755,1359010,343017,6154297,698987,730379,542596,602714,1585507,1705864,3317
1652725,1602388,1956391,1361218,124097,5475431,499639,763265,579034,631386,1635760,2455561,6074
1683820,1815182,2262859,1963751,449818,6569877,704929,502582,565606,618695,1898428,2337634,5891
1737217,1989667,2572607,1936462,446619,6789598,917298,964589,567188,626490,819679,1712986,4865
1025821,1325152,1274915,1343173,346097,6164900,728000,760772,541041,608547,1580875,1636801,3136
1783410,1686524,2109123,1353937,124428,4869815,492522,739490,530069,582315,1548663,2438825,6260
1703356,1717296,2086327,1608585,336424,6211099,491576,284393,444670,553806,1605190,2529967,6211
1657035,1737073,2107266,1650415,350430,6199738,728185,759590,523857,532911,803741,952563,4608
1055058,1543833,1690276,1626844,456004,6748276,914808,952315,594612,654323,1587669,1718203,3381
1700591,1700615,2058802,1334400,123461,4823831,493897,760821,534364,591793,1576731,2450184,6059
1708387,1788285,2171587,1684990,351028,6351233,498155,280756,435917,543332,1568615,2419330,6595
1736443,1703514,2107723,1609820,337186,6057660,698160,733260,542528,535136,813830,893587,5086
1083504,1410354,1706819,1635347,344376,6332371,729972,762145,547838,617026,1595292,898911,3374
2020748,1724409,2133157,1381182,127624,5594639,715285,964673,617175,686060,1948902,3234007,7599
1667065,1733060,2100035,1649060,335735,5751710,270761,283716,492661,615521,1629471,2486776,6307
1718170,1730231,2123264,1659524,343192,6303176,718383,750787,517913,498694,837330,1583335,6191
1050855,1528189,2113841,1622161,339343,6146125,699382,729385,528825,587993,1210474,899462,3369
1349081,1383398,1288705,1070437,233549,6147656,727568,760475,566561,613093,1587169,2401008,4411
1710526,1715086,2121161,1653616,237594,4954030,270723,514859,534195,590995,1548941,2416240,6245
1993724,2159354,2863567,2128267,524973,7448717,1088679,927235,563122,562981,1228081,2539706,7450
1064804,1559974,2104605,1644082,349791,6371687,725374,760807,558367,606630,1189924,878856,3185
1422059,1372719,1348777,1126346,233408,6303446,696241,716705,585806,628738,1592196,2458422,4921
1672985,1711822,2058846,1602099,229516,4832770,268779,521774,548645,615083,1615344,2473223,5943
1660829,1753327,2104420,1638189,349209,6249158,730892,524696,428375,472212,1162049,2365787,6150
8886949,5154723,16593094,10451132,3867579,21248297,7044164,7621341,1423300,1646990,9075404,16135076,31976
7979779,4231940,10420223,7295955,3170301,18120727,4299663,3121222,926088,1271098,11729472,22636332,33587
1867696,1474437,2600628,2005462,247984,6860991,285690,531069,493086,554469,1622477,2796954,13387
8395130,4729661,8416506,5955315,2024068,17413292,7662002,9558724,1287666,1639343,14478181,27215518,35623
1315938,1295201,2309897,1857106,352827,7650042,731793,764337,432419,456849,741042,1141074,8708
6814243,4191059,13181289,8774113,2750178,18389377,5649809,7673905,1346979,1650895,8938264,12953722,33520
2301149,2189969,3176777,2358859,588451,7177279,802895,1088507,712627,787299,1865623,2700662,10082
4288915,1775189,5788239,3068862,1236406,8694948,1985743,827632,366197,535085,4602401,9871603,22056
20033261,20482781,31141493,22901055,10926458,31755337,20312430,22660058,2702797,3336895,27986323,48626997,58567
19691949,7775713,26757029,15221158,8576391,27142633,19485838,22081060,1073025,1676073,25347108,52499136,63585
584880,143651,846785,501552,293069,1539743,570015,0,0,81955,703992,1578243,2573
908080,218885,1313714,801482,445236,1968954,888059,0,0,83188,1142711,2374868,3259
577280,147745,835394,505318,280451,1482430,545203,0,0,76710,697257,1506301,2294
582320,148559,842478,519280,273190,1508849,529326,0,0,87114,700382,1465536,2366
570640,146532,825624,508415,269422,1449542,522980,0,0,63729,692946,1440110,2264
586160,155979,848050,525881,272411,1480335,527929,0,0,73195,701879,1457114,2270
736160,168775,1065152,658577,347825,1659409,681052,0,0,81899,918034,1850373,2749
570240,137160,825377,507896,269109,1452280,521510,0,0,69412,688866,1436051,2233
578240,155888,836584,515286,271746,1471798,526892,0,0,60967,701592,1453579,2254
575360,148166,832325,513126,270369,1455796,524054,0,0,74164,696963,1443706,2247
595280,157921,861349,531568,278314,1550483,541959,0,0,59412,714923,1489787,2413
741040,174758,1072048,664781,349136,1664569,684755,0,0,80066,924124,1855333,2722
1190480,1632254,1722900,1321152,316953,3625844,517253,516137,0,2495627,1345409,1871747,5293
70320,56000,101813,69855,23934,174800,0,0,0,23561,78706,141137,159
65120,52685,94341,61901,24745,163973,0,0,0,20113,74204,141794,94
74240,63939,107387,72980,25513,181598,0,0,0,27172,83225,151192,115
73280,60677,105671,73474,24038,176777,0,0,0,25423,83532,143278,115
65280,54698,94282,63393,23248,160004,0,0,0,22725,73358,135972,98
71120,58509,103041,69797,24831,174501,0,0,0,23717,80212,146151,94
61120,47820,88203,58576,22590,152550,0,0,0,19867,68455,130766,96
69520,59596,100723,68902,24039,174706,0,0,0,25654,79018,141003,99
18135552,20858319,26993388,15082470,14422354,16541091,30117221,31522970,3933494,4494981,25337512,70697029,21075
18557960,8195487,26778887,11858157,16889699,14228615,30803077,32151475,5559454,5544399,26428683,103001766,4932
25305930,1124079,36751482,25575879,5678136,57551551,10772883,13333368,852123,1099333,29062182,47193692,30397
55738896,1790150,80575481,54760234,12889577,131924427,24684904,30623052,250041,853281,62395863,107027028,67968
54921851,1598058,79350019,53492054,12948141,131525766,24823909,30580873,157097,793931,61576219,106195898,68222
54809744,1579427,79239228,53372158,13067756,132075068,24789612,30381353,158261,757708,61291773,106727889,67362
53771994,1584640,77789542,52502120,12803320,129692215,24279296,30075290,161098,744873,60018425,105168311,66021
54950742,1631818,79565998,53691514,13020755,132171637,24806193,30749650,188389,784730,61305309,106904567,67390
54807174,1686504,79385854,53558009,13088870,132171380,24811748,30716735,220391,825362,61276786,107212421,66415
54790837,1708039,79416195,53586276,13021220,132050428,24520481,30619560,225710,830980,61222671,107601998,66826
54806980,1763339,79370804,53555510,13086208,132060322,24815980,30756368,242149,837733,61228464,107917880,66587
54750627,1670818,79133690,53446093,12956695,131371894,24715547,30610702,209887,809272,61238124,105823717,66720
55144947,1741359,79870648,54090707,12978470,132346650,24439561,30519545,272842,885167,61681559,107663070,68921
54910466,1764914,79404395,53640231,13008690,132105035,24792989,30751776,241089,852613,61419257,107326641,66173
55315173,1728688,79980127,54163694,13089374,131725955,24793523,30533704,225152,837326,61927191,106552020,66083
55215524,1872599,79971394,54634661,12786196,129700568,24267038,30084315,326716,919892,62105582,105793588,64894
55315547,1887410,80063499,54307186,12970794,131619210,24710630,30645018,302797,900007,62006083,107241273,65679
38238773,4589376,55167442,38279793,9055363,91853935,17056181,20379452,1001456,1993177,43480209,72319664,47858
