cpu_clk_unhalted.ref_tsc,l1d_pend_miss.pending,cpu_clk_unhalted.thread_p,uops_retired.stalls,br_inst_retired.all_branches,idq_uops_not_delivered.core,mem_inst_retired.any,mem_uop_retired.any,memory_activity.stalls_l2_miss,memory_activity.stalls_l1d_miss,cycle_activity.cycles_mem_any,uops_issued.any,br_misp_retired.all_branches
41871265,30565857,65117094,42227512,29465402,151520954,51013185,55225583,4892664,6599501,62149117,208958650,328640
79440,26502,114977,60286,50816,269429,95091,98775,0,0,0,259761,232
1642240,131633,2376165,1733072,382587,2771144,821907,962228,79531,0,0,3217695,745
40028750,95602841,57905474,45988190,7993645,67283172,14748552,17408018,10076250,10339474,36258597,64196875,35935
36144895,28485120,49899574,33383576,9128804,60633914,10325157,12015628,3173202,4185484,30022065,84082547,128773
23681265,1882110,34530143,25589572,6266981,52987759,11868529,13288565,345886,706530,18598248,37300511,27501
22961166,1754419,33454323,24988001,5894613,49685990,11193767,12635171,167725,506729,17648258,35091048,19334
22957707,1623079,33443397,25017891,5952237,50527299,11340471,12759180,117255,457535,18265156,36178750,20622
23407061,1609477,33611464,25136515,5836150,49944526,11087773,12702004,97574,438174,18294601,37448949,22005
23169016,1675779,33493372,24952354,5943613,49746745,11295916,12540889,132521,476561,18016361,36899729,19280
23010483,1625722,33586737,25121609,5942584,49650346,11264308,12675058,119387,454151,17718204,35413333,19673
23043549,1685076,33477330,25060581,5926760,49481799,11253489,12679699,155097,494581,18183129,36173710,19183
23293979,1601036,33549891,25155404,5718975,50158272,11123490,12764855,104803,454453,18186827,36832726,22443
23250417,1675791,33641345,25161650,5946074,49268216,11084026,12283633,140484,478595,18097314,36772933,20285
23260364,1523267,33809259,25141484,6054055,49736650,11503358,12937034,61259,408433,17698803,36353460,19552
22919867,1500454,33187106,25013175,5915128,49824673,11259494,12689466,65877,402707,18011892,35898173,20140
23164925,1513079,33484684,25009671,5738276,49175663,11097501,12707090,73086,417740,18083143,36684028,19971
23235174,1526099,33541582,25017803,5930065,49200025,11075757,12280670,75835,403187,18123327,36937038,19320
23089188,1469322,33429397,24893862,5964623,49439654,11304816,12729598,68127,398243,17626309,36248869,19181
22961627,1636645,33413000,24998120,6159241,49677850,11466819,12891706,119072,462973,18351172,36864600,19390
23225245,1502955,33288073,24735593,5685053,49067907,11279433,12896193,59892,407578,18227628,37317233,20529
23239614,1570053,33688003,25126644,5958928,49792185,10894983,12332568,71838,418703,18098183,36804411,21635
23067988,1510577,33403171,24895546,5919593,49359888,11262554,12628960,72008,414689,17741123,36060184,19864
22915550,1498931,33330938,24823820,5930399,49651848,11291061,12707350,84872,426033,17834378,35440631,19153
23260522,1492505,33506210,25166413,5847154,49740199,11494843,12922919,67058,399742,18254090,36948438,20543
23293683,1556392,33681367,25099827,5921261,49871805,10862663,12269772,89876,429535,18121750,36795314,21947
23200331,1525867,33567000,25033976,5969642,49578022,11333815,12746089,84057,416965,17656162,36218566,20142
22698415,1529476,33300021,24740319,5926699,49365646,11256625,12676582,88055,435378,17833538,35424417,18933
22966925,1546477,32989531,24705854,5814830,49621535,11282426,12717782,78662,449059,18099631,36825652,20145
23254174,1576175,33662023,24999754,5869937,49442792,11158190,12579808,82753,435781,18108323,37050467,20493
23255068,1559944,33596170,24998003,6032270,49612243,11279111,12734625,74915,415052,17853355,36857253,20890
22970818,1514573,33402343,24859058,5963130,49642181,11345109,12758205,77163,416394,17617383,35708890,19105
22936444,1502057,33155122,25003537,5955272,49495207,11313237,12748128,68721,421145,18117848,36304229,19913
23203112,1519176,33596178,25037587,5722909,48749390,11120240,12722404,81509,422893,18019066,36816305,20226
23280030,1544073,33659125,25113411,5983200,49606896,11156071,12343834,79791,419678,18070368,36951808,20964
23292391,1589154,33833605,25144180,6049382,49676239,11497555,12946809,91030,446303,17644685,36317613,20354
23133689,1531341,33292378,25095182,5966341,50057352,11541592,12967028,100306,450526,18385991,36888354,20232
18238742,1212004,27512605,19254425,4995791,68051776,9306462,10318409,40508,303877,13154986,30799086,78623
988988,536682,1331914,692428,337396,2699702,526051,318360,63163,151076,1106145,2836983,5927
796342,488624,1299799,856121,351731,3557262,679253,701026,202090,192566,421608,587337,2863
372960,187460,734747,601804,383627,2863449,792983,819183,96708,125151,1083844,1310740,2392
8637455,1225796,11378566,6939888,3534957,34230842,4819892,5327676,275425,569278,7247358,19455437,38366
12082834,13624820,17514429,12236493,3289194,34642538,4358862,5429626,1548964,1852812,10212159,21250470,20296
10993594,12964889,15913565,10927906,3226561,32374081,4545242,5448230,1092287,1273860,7931873,18985865,17762
10711734,13243820,16972774,11847462,3330596,34605429,4887009,5970129,1596263,1805748,9392422,19528450,14331
11262626,10139757,16057342,11096152,2964238,31797743,4652445,5747374,1524904,1785958,9811683,20465745,15110
11393498,9000342,16033682,11022657,3243238,30878148,4245803,5220366,1113444,1363007,8881711,19725203,14945
11502443,13942367,16588020,11852432,3281973,33934431,4847499,5932450,1518427,2118553,9001925,19631630,14535
10551205,13560289,16354667,11637103,3145737,32514437,4723642,5776118,1577942,1840881,9463749,20037309,14283
11018330,8848656,15459882,10694634,3106642,31458774,4577918,5520295,1096139,1315013,8618085,19597841,14784
2863838,4227269,4577188,3507781,1054943,9779709,1155867,1577980,502975,582803,2776550,6995668,6178
11086422,1419535,15625483,9067588,5129433,39459249,8675825,9237980,186365,330928,5628162,17533149,61423
28084420,5766421,38679926,22401399,14123079,93016445,22598287,22816205,1181321,1394605,20502469,66318676,129861
26408339,1149786,38147415,24218362,7370381,135048347,13806630,14939311,79743,459507,19472728,51045698,221483
26068835,2832983,37784291,22544789,10245988,100343295,18569313,19641183,353839,723332,22112603,57280945,156748
18731012,5733179,28275567,16137848,9382120,60504531,16145827,18361656,961622,1417711,22200105,48217902,66524
14145443,15029277,20578545,13155074,4622932,40868680,8026037,9466545,896151,1050330,8813303,23440895,47091
18033577,7488836,25573025,14857074,7367162,56948100,13120780,14590912,1580302,2036295,18984874,46366147,75776
31357914,20036304,45346491,30944166,8682202,139638625,17200613,18427230,4648383,5634929,27910534,54271258,220423
22601787,10078919,32981644,22249494,6328374,109130539,12514797,13506640,2229000,3021894,20042177,40603730,165747
14483912,1348325,20692561,13433720,3583228,76471647,7402887,8139741,70190,491557,10897101,26728648,107359
14717123,1401079,21238723,13836183,3922003,76803934,7162193,7890376,94640,507488,10848819,27169998,112236
14429429,1323300,21031958,13774116,3796791,77077684,7352289,8074131,76027,507937,10563880,25171439,112136
14399731,1246701,20624834,13672778,3673865,77280391,7382057,8113189,31872,478397,10749675,25864159,114189
14707877,1254055,21244716,13764822,3788985,77343506,7363933,7859000,26800,479532,10940939,27053315,116809
14558813,1234270,21054004,13751377,3790278,77375309,7159313,7668157,20368,469941,10796215,26688229,115373
14470506,1249121,20884451,13630976,3801773,76998983,7381864,8101032,27703,468919,10271171,25181953,112016
14240503,1226567,20595921,13515591,3801530,76651675,7574550,8285337,23145,455613,10922195,25902169,108957
14378660,1227122,20741417,13400556,3678890,75903306,7166619,7881654,34025,469655,10748463,26698730,106201
14511882,1292810,20946173,13585509,3908527,76574930,7172305,7892774,14573,468252,10662066,27035616,107251
14251811,1274830,20796748,13496401,3802899,76302473,7375822,8099939,23986,472669,10286699,25250722,106221
14145497,1212937,20690635,13580351,3783127,76855518,7371947,8099766,27992,464205,10736983,25374906,109640
14670290,1229436,20966669,13576592,3689798,76935799,7392173,8101888,32731,464456,10950700,27230222,113333
14453092,1170478,20845726,13580406,3795032,76796871,7168049,7892916,17190,455096,10502363,26719696,110190
14356146,1199212,20968762,13697191,3793241,77089317,7354745,8092725,14585,449353,10248448,25136964,114309
14379421,1248589,21015317,13740518,3913363,77386318,7365676,8082919,28043,484828,10983811,26564211,113776
16431930,4632456,23878692,15965589,4072724,83810301,8235334,9036961,674271,932543,11535428,28370706,123607
14751662,1485390,21293998,13876940,3916897,76920349,7276551,7909643,153498,580668,10899489,27122880,111146
14329926,1378554,20906051,13623706,3792084,76442965,7366487,8085722,88867,516307,10387989,25213604,107511
14190101,1451181,20752988,13627701,3808594,76488016,7402794,8108341,118742,558320,10917329,25863205,107137
14588529,1466867,20852295,13687527,3581929,76412834,7204385,8134709,107819,550943,10871480,26695539,108659
14486210,1397549,20863105,13607630,3797215,75821054,7165884,7686454,87148,523462,10811428,26712389,106734
14532184,1480810,21009938,13719907,3819206,76289482,7413789,8143417,152561,574619,10462698,25983007,107380
14303745,1343094,20980025,13826985,3909359,77282425,7557619,8270324,83209,522390,10838513,25995853,114694
14676674,1476428,20957577,13829610,3564709,76740770,7159644,8089206,154418,588756,10923803,26605091,114752
14531574,1359273,21004007,13751565,3808375,76550906,7176035,7683534,92038,525495,10839792,26532456,112845
14741555,1429383,21270869,13846797,3926222,76712016,7397560,8125611,112942,550726,10673444,26809310,110474
14252440,1258060,20851184,13778430,3808210,77129618,7406696,8132786,43244,483159,10530721,25267965,113022
14520021,1210486,20950297,13620307,3684383,76911383,7384075,8299310,17763,456571,10882356,27220474,114747
14541498,1214033,20964167,13741910,3786736,77022547,7160069,7672500,17979,457747,10737030,26652636,114085
14602252,1253895,21088784,13782565,3805150,77389297,7406290,8124283,26151,458287,10264120,25924121,116118
14217690,1232322,20803946,13733899,3806903,76978576,7386394,8113696,15261,465070,10512436,25200517,113058
14916451,2464655,22595360,15263156,4129665,83601043,8471520,9270604,1043500,1549518,12731707,27713803,113095
14578143,1289461,21029957,13676712,3797992,76593785,7150589,7860264,38099,464139,10945387,27131015,109762
14547847,1438838,21024128,13742882,3803729,76536364,7360498,8089723,128024,548327,10457790,25233885,108634
14230019,1348074,20756431,13691874,3791846,76576811,7383704,8110404,76746,504515,10826035,25220653,110579
14467234,1474355,20902659,13635308,3694464,76709559,7391294,8101198,151934,565397,10894447,26602824,111149
14494676,1319064,20890078,13629070,3677047,76396657,6957220,7890104,73764,491458,10830831,26736626,109026
14512172,1421237,20970822,13712706,3801874,76366377,7376782,7865830,127769,538510,10621670,25813120,110123
14344070,1362400,20977635,13759890,3921659,76790504,7565779,8288065,103723,520576,10838698,25228346,109208
14572186,1305564,20816464,13580937,3566987,76595592,7380579,8107342,83078,510297,10821651,26600979,113548
14501464,1224311,20919139,13624266,3801078,76536652,6959643,7665474,23769,429350,10687828,26585439,113972
14382927,1240568,20806482,13566984,3780966,76457544,7338943,7969940,19242,435441,10389246,25776768,111272
14504846,1238156,21173921,13799535,3911655,77096591,7389704,8117001,31213,456219,10756870,25830953,113511
14460667,1308639,20657216,13524738,3687238,76631131,7598980,8315419,71449,491531,10999285,26571587,110549
14682384,1242925,21151870,13752008,3903973,76637741,7169169,7677080,40904,461237,11003813,27409140,112008
14428990,1193762,20845013,13593992,3802833,76592059,7388044,8113265,15736,425106,10226853,25810658,111412
14109689,1253364,20832001,13600493,3812833,76545341,7372490,8101474,21768,456585,10520159,25223283,108651
14209654,1235931,20333659,13369956,3675565,76022256,7376296,8097072,28174,458395,10763653,26175589,106039
16458209,3354904,22830972,14485741,4020352,79833698,7912161,8838873,912282,1436461,13527007,30908947,120921
14505907,1446696,20931376,13656832,3792622,76019435,7351858,8077333,139110,561671,10447673,25957500,107153
14118173,1355099,20832914,13543030,3795529,75958861,7391808,8125634,91105,523300,10582024,25231423,106257
14322263,1371417,20472809,13485256,3700226,76308080,7384026,8092985,95240,520331,10869051,26644510,107490
14435878,1436634,20838571,13565853,3681224,75498260,6968061,7899907,127296,557284,10905296,26671927,105049
14446820,1339546,20882482,13592987,3816059,76166446,7192415,7690429,71375,506707,10822902,26604481,106924
14397549,1324262,20998867,13630558,3902327,76238427,7558817,8291287,82635,516031,10373421,25967238,106429
14100592,1326925,20397985,13455936,3811136,76116944,7402187,8118385,70232,497767,10793141,25917921,106100
14473185,1451020,20894114,13558650,3576277,75903807,7177646,8106403,123704,552906,10869478,26576689,107569
14437639,1407694,20811101,13566505,3793648,75963542,7173541,7681233,92156,532017,10856641,26663181,106463
14511677,1234776,20979214,13529510,3815484,76346448,7617800,8362206,19684,459006,10494317,25842841,106527
14278323,1455438,20800027,13734179,3896459,76697626,7549818,8271892,136086,576717,11149672,25947651,108803
14445174,1358327,20849745,13492466,3574470,75839729,7172974,8112762,89864,526877,10865078,26606249,106942
14420937,1397041,20830185,13578238,3806884,76058878,7191259,7691023,111392,534574,10811390,26531838,105532
14429715,1438641,20849208,13563890,3794801,76193172,7373930,8094197,121785,560186,10404970,25164063,105194
14084151,1358924,20544871,13506727,3788267,75908135,7373950,8106636,95292,533215,10809616,25194886,105322
14429044,1310746,20604332,13472049,3696126,76156727,7382365,8305109,90642,526879,11031363,27343156,106162
16837555,4338125,23508703,15023886,4003958,78800490,7512121,8419171,742666,1378560,13567155,30704274,123142
14438296,1389703,20870074,13633933,3807950,76288996,7378162,8088301,100154,522949,10371675,25847438,107078
14203675,1287808,20962558,13696596,3793730,76928475,7356583,8071016,69457,484782,10546120,25142424,113548
14380009,1433525,20588051,13551958,3677708,76596709,7368989,8103837,143740,558722,10893131,26499326,110682
14621858,1356361,21095079,13788664,3672852,76861649,6930426,7853360,88393,518582,10763551,26496970,114835
14792992,1431670,21328544,13910489,3894839,77368644,7574748,8113307,158123,571385,10630459,26661819,114340
14108879,1419672,20779491,13575627,3789967,76154709,7359489,8086745,153930,558327,10599815,25187904,106291
14251681,1432184,20378655,13376488,3676439,76059347,7358137,8063681,151085,558135,10829247,26539593,106161
14512267,1302498,20914649,13685751,3664490,76535647,6908710,7832918,86371,509461,10797803,26542965,113844
14530032,1279135,20965443,13695974,3795526,77087006,7367690,7866529,78170,488077,10558892,26537704,115199
14558850,1436711,21051914,13831864,3905429,77278407,7760375,8494372,141582,567169,10908762,25882485,112159
14313859,1358495,20692575,13469303,3669653,76514588,7366481,8090990,99300,517725,10806678,26516225,111463
14468874,1237942,20892070,13590482,3669691,76710235,6960208,7874714,28037,435960,10644808,26452096,111093
14366549,1198557,20759914,13466812,3782918,76337532,7348522,7873461,4341,431165,10474913,26637724,107518
14166407,1220219,20687913,13450827,3806364,76398257,7381886,8104373,18478,445019,10230996,25165152,106389
14128407,1225800,20386060,13299759,3787137,76009087,7542040,8264449,39215,458517,10922875,26535195,105839
16750797,5370870,24745292,16492406,4361077,85274780,8111536,8814980,651133,1164395,12352148,29314015,122873
22598049,6756546,33065485,18325490,12716159,53838471,22894304,24659391,1275577,1716218,26434358,64613480,45497
22984810,7433887,33605038,17871985,13509136,52400463,23482374,24664846,932226,1374978,27205580,67654263,48762
23600583,7241573,33927640,17983146,13419458,52235779,23076535,24662509,893976,1346783,28270638,71179478,50862
23831626,7209183,34350773,18147457,13768395,53183496,23818163,24846563,859583,1327864,27870166,70923899,49772
23967795,6578415,34900324,18506399,14055051,53798181,24126042,25864524,801314,1289285,27728756,70243930,49078
23730976,7248162,34775888,18519500,14056994,54136207,24158948,25509263,850373,1317560,27804752,70113151,50100
23696972,6471778,34347478,18001150,13705461,53351452,24183511,25386010,782419,1255424,27506737,70246116,49698
23742333,6686730,34415171,18129355,13669892,53242692,23580762,24723085,741450,1244686,27443752,70589013,51738
10509880,2980149,14990278,7952166,5876465,24164327,10255249,10675209,352358,561134,10769018,29571018,23843
7284467,2123254,9643758,4993144,3451178,16860145,6801108,7152904,432695,588933,8154453,20711717,17503
24012576,6704502,34387702,18195522,13747750,53723967,23804277,25299122,785898,1253810,28018529,71354424,51156
23850309,6895674,34663194,18402229,13987903,54580032,24505134,25804002,824830,1285330,28074522,70791452,51873
24183018,7176320,34599183,18494928,14059635,55070652,24310342,25647439,789548,1259202,27777134,71580187,52113
24194199,6632445,34726770,18224011,13855861,54327258,24384966,25503416,795303,1274829,27563472,70491513,51370
24230077,7226120,34853632,18557917,13781330,54467865,23532409,25035095,765277,1237802,27655512,71910999,53267
24081181,6707468,34681190,18326157,14044093,54127075,23932754,25003984,801162,1263090,27504595,70477287,51651
23704571,6450037,34779672,18407907,13935276,54429476,23845664,25418419,804992,1288516,27863926,70468385,51594
23560922,6689794,35053366,18536878,14094151,54623333,24215062,25533813,760901,1243247,27454092,69741030,51376
23994092,6703514,34654725,18375066,14095110,54016710,24306706,25661058,782057,1276536,28043753,71320023,50556
23835522,6534738,34273192,18359439,13925907,54249610,24190433,25301513,767877,1240936,27861367,69481951,51946
24244088,6837194,34787354,18647679,14116069,54264238,23749564,24935248,817016,1289813,28128873,71583708,52790
24001528,6658063,34669683,18481295,14054088,54674678,24327886,25461249,798621,1234537,27420913,69748661,52170
23920149,7033466,34543573,18122214,13685068,53430577,23755560,25176406,796117,1275781,27831706,70822259,53173
24239838,7856692,35024643,18582179,14101474,54861800,24066416,25376644,919638,1373158,27772666,71837257,52142
6154882,1911769,9182338,4668741,3371947,14905786,6572212,6923860,309034,444246,7268591,17753825,15729
3295561,629234,4916501,3295759,1391501,10732542,2091885,2197598,302957,364595,2499747,6914304,9216
23493056,4900628,34957922,25822053,6542828,71677482,13335410,14845035,1224853,1522104,18299926,36004301,44608
22961609,2002663,33381418,24926575,5998203,48716353,11375620,12792686,196606,584782,18142917,36497717,16309
23097335,1951308,33224630,24821966,5774447,48416450,11168415,12785325,169667,566148,18161613,37074575,16919
15558723,1482449,22273954,16504686,4069873,32418744,7309966,7856598,154951,409547,11745904,25015311,12375
795408,375778,1346612,780857,443536,3062648,864771,907974,79098,106386,280208,1495643,3330
365632,203306,815088,668188,341516,2663168,663735,685806,84280,110662,814947,705414,2633
767852,290760,811586,358049,97553,2146505,634682,657195,93754,122694,877977,2292781,3586
5839688,1891850,7693194,5110611,1126639,12332866,1886844,2453729,456421,441613,3570260,8751420,13637
21932267,2090080,31270807,23301601,5493446,43358215,9987989,10999671,253894,543389,15864628,33568741,13970
22904240,1933986,33268814,24804808,6108782,48453679,11582550,13011896,159220,513757,18032692,35991834,12669
5013911,906521,6469557,4178847,1068907,8630681,1990435,2192936,179615,233041,2890414,7361787,4638
20237145,1990199,30033981,22659793,5417041,43050122,9723873,10645824,288563,573426,14934129,30551927,11819
22436732,1849547,32331087,24240264,5733104,46751925,11068977,12467839,156422,487498,17576078,36189320,13076
22735189,1947081,32879068,24473667,5799200,46929890,10972694,12363842,188602,524472,17808565,36649145,13101
22626784,1912490,32715772,24376491,5891612,46703894,10948421,12139799,164318,510486,17660090,36445436,13197
22600729,1994292,32894190,24432175,5987328,47471135,11337631,12758006,203264,546799,17375328,35819274,13676
22255610,1844325,32196271,24174140,5892125,47080725,11192980,12568681,148586,491030,17735511,35842114,12322
22488641,1933814,32595616,24147478,5785787,47008229,11203065,12818610,222748,551173,17986135,37212198,13144
22570932,1840533,31970067,23271283,5616570,44901209,10459107,11557569,168958,485191,16745717,36231043,13147
2693638,1516069,4420687,3324010,912658,9503106,2200115,2581684,365152,427861,2712693,4232875,3357
457736,232761,929731,740235,455730,2738006,845203,903848,103001,125230,863223,1620381,3454
672704,96798,913686,393003,93769,1430604,433209,685039,17838,29973,759986,2166654,3097
672041,77760,947280,511479,342104,1983546,437202,216098,18718,27421,708798,2072004,3018
685150,94344,910161,534750,330680,2156077,643197,666612,40735,50457,276273,631225,2706
465544,235035,679484,416603,305749,1772087,568284,591353,11135,27133,607161,0,0
415772,164375,603503,380358,307145,1679250,571004,594208,3356,18965,596780,0,0
449601,163969,650725,447189,397540,1855618,736365,764383,3861,19841,759634,0,0
326625,125681,470178,332459,292065,1386181,541508,561894,4663,19338,559693,0,0
296474,104486,427279,317013,288338,1318676,533944,553621,3431,17444,549941,0,0
307550,116553,441601,325746,296222,1385959,548848,569199,2059,16988,560834,0,0
289188,113033,418141,314566,288244,1302112,534088,553810,2852,16829,547243,0,0
585018,71137,845919,396198,380492,1526460,703444,728305,4283,19608,678710,0,0
455271,65548,658684,320995,289535,1320415,536940,556809,4263,18230,361480,0,0
1196196,456056,1531053,933056,477739,3521621,897684,726392,104783,130859,557373,1297589,3094
549402,291051,1097352,900651,377639,3765462,731694,754335,142717,171239,929383,863939,3101
884377,224930,890546,553472,348210,2969361,685239,718624,42714,75309,1117279,3171515,4054
1021542,348242,1394080,816470,354964,2344368,428476,507506,85175,115843,1115927,2832954,4057
846365,232175,1144386,662496,369203,2614599,698774,714366,43581,67009,362262,1581496,3869
492688,295221,1144618,689431,349185,2584087,693517,727744,72583,102363,667764,845328,2820
196603,85051,287027,685447,416304,3402027,787253,821156,54929,82927,1006099,1124871,1255
24250583,4064957,37269033,21392625,14247154,71551812,19363033,21427421,750246,1233034,23928770,68404540,135485
1452687,734629,1969188,1307493,517512,5535995,777297,524931,159071,197308,1204281,2686016,8598
772714,362070,1401836,903335,371671,3787872,707722,721711,109237,150410,697802,961600,4235
556769,305312,787978,745185,340366,3686861,673788,706987,150230,187624,1040906,1686583,4391
12023124,2310781,17160832,10165221,3558262,47212181,6188972,6723610,420719,711221,8840687,24161338,86759
66240,45952,95927,63318,24857,180832,0,0,0,15745,72631,147254,178
69360,47763,100311,66141,26053,187424,0,0,0,17135,75928,157283,166
75600,55170,109309,73807,27351,180542,0,0,0,20982,85659,159198,138
69760,49115,101132,66261,27639,172974,0,0,0,18488,80662,154288,145
75200,53813,108830,72848,28915,185297,0,0,0,21851,86701,161245,188
81120,59717,117304,81079,29455,179162,0,0,0,25316,95601,159562,153
76080,56326,110114,75310,29047,172058,0,0,0,25066,89311,153781,152
83760,65350,121239,83401,31442,179736,0,0,0,29299,98306,161176,125
2147853,902551,2858209,1499861,932556,4870517,1588650,711571,284130,394255,3134658,7405052,10379
1148022,766241,1563460,1036494,259997,3037733,268657,528111,144490,252002,1170037,2633500,6515
1102148,738048,1507838,1006520,361819,3501055,473011,434394,105500,202454,1036909,2668721,6304
1059448,621261,1477160,964201,396114,3434990,760233,789245,161364,145684,427306,940386,5020
2623418,2287558,4908847,3445059,1192361,13758768,1953557,2029173,557283,557844,1940565,2970716,15475
1206772,843720,1804426,1082273,302231,4410578,1076468,1119596,273542,322482,1572746,2469333,7373
1648987,1099364,2270771,1661053,272133,6435716,286862,536463,309795,436064,1484932,2946976,11769
1686062,1103278,2291618,1722675,386533,7846691,759913,545111,387622,388071,1219376,2070699,12201
1025881,790102,1854968,1317323,402502,5265138,770889,800506,228430,287281,799827,963711,5169
1120763,749122,1575070,1133281,397266,5717124,954757,991870,338420,417426,1723291,2763362,6780
1449571,978498,2064020,1296735,258797,5371233,515933,536743,361245,424335,1431425,2729514,9026
5871428,2500289,12430010,8490854,5766475,19786687,9050555,10050984,704012,1061115,12686041,17541510,27654
13775477,3331803,19015214,10081959,6655345,24109786,11759476,11984865,638807,1058158,13631603,37833963,44317
10925447,6253553,16491759,11568156,7880410,24063195,12681656,14159630,1417346,1671372,13815874,27232464,33629
1312728,446582,1388616,956954,120235,4402747,507592,759594,159041,232899,1272694,2832691,8153
1494598,783173,2057246,1422410,489996,5294287,511606,514937,135718,261308,1268798,3441501,8366
1277424,659635,1627574,1118037,398278,6598770,1057260,1095099,250334,253128,943702,1981474,8365
394340,181615,914885,570859,374803,2825169,709683,736132,75547,115408,1025028,1681141,2355
873914,265421,878315,548943,109486,2335299,484265,761921,70405,106314,988342,2407676,4044
911116,361265,1233977,732852,383213,2288674,471157,236239,40384,76365,951322,2439453,3955
23115248,7870224,30803380,14927074,11439626,30427432,21730674,25123056,1453559,1953979,28149298,74905397,75370
225107,12404,73245,47877,209308,506547,558323,495653,2891,9823,414634,1036377,556
295920,6830,39018,25224,8852,282360,486295,503078,1263,7186,406850,1018115,633
9987591,3947323,17241813,9368617,8320104,20808260,14351498,14662613,960228,1194902,13795023,22537979,32376
970189,562822,1780161,1245688,401757,5274802,769329,796636,225424,275124,872315,973624,5781
1557304,781324,1639339,1148549,266880,5944602,1003316,1030976,340666,399613,1749928,2968174,10952
4919345,3933541,6557422,4122567,2035802,12347791,1819107,339030,513746,836782,5814873,13605822,23733
34846009,25338588,54201386,27382571,22821253,55446522,42517450,45128093,2919462,4102126,43055691,100328286,102840
47095591,51846574,63852729,35458747,25010345,68745930,45562921,48552700,5547967,6560521,50784953,124417002,140818
55165917,33382750,76277839,40136102,33186674,70956030,59508885,62502308,4370616,5485984,73213500,171966618,150962
65079816,16895895,94852628,46544849,43215940,78796737,78097914,80275091,1583061,3297183,88238351,207991021,163180
3252537,833265,3570452,1955931,1052347,4742312,1204143,1755043,185626,265955,3400656,9904844,13775
14473808,6874256,22098849,13405222,10035884,39352238,24847249,27216118,2664502,3188940,27199056,46656902,48919
23713387,14204302,33894911,17112644,12401096,36654276,23094926,24461074,2263321,2872219,24794631,55000371,67625
19555004,7307707,20895337,10513757,5946696,29872539,17316412,17108205,1480846,1552620,19360574,56255742,59199
7090050,3208660,9680417,8072896,5295706,16960906,9398172,9505942,685220,912103,12760948,25367967,25234
34590583,14674006,50293983,26157596,21956031,54573252,41768930,42559666,2915216,3427799,50699101,107251472,106954
31589972,11292111,48096411,23867093,19052011,40829972,28167312,23906784,2245730,2733901,42814314,107236024,103211
18418884,13964020,28854364,17211238,12937951,35269943,20720588,17913927,2203023,2607401,21643412,47977885,60230
13803319,9171244,24155214,15820692,12919106,38134017,26552894,28049444,2423366,2477500,26936618,38507579,56105
17605552,13875608,26213348,13881220,9632752,31738244,15558206,15822743,2271219,3102148,26782180,59721546,62335
37282654,26208685,50242654,27176616,21693311,57155668,43090274,43614031,3665069,4738085,52536290,116689387,109564
38197875,24024676,55006589,29559616,22872788,58694710,40945675,43680835,3887193,5094940,57409824,123056425,113866
36666547,25027034,55670316,29664958,21084725,55061919,38977437,41674198,3676026,4429131,45086770,104470081,113793
23554808,11657500,35921006,17702140,13127601,43777405,26537323,26606620,2524915,3271269,26557837,58547420,79949
19219387,10190158,27495298,16172319,11524282,44536379,20646352,20028957,2663942,3184854,24619186,55985124,76554
19270544,10393227,35611084,19172389,14689407,42467483,25253716,28024014,2799545,3089813,29245996,55480281,73344
26742149,15309994,41210576,23837556,17105580,47109717,28015921,27978903,2876366,3391730,35919007,69488666,90447
25886069,14912610,42494180,21358312,17737017,45224546,33832841,38816650,2443936,3364679,41145706,102102735,85331
27856823,14304240,39632093,22369489,16776889,44524000,28977396,29544152,2213148,3082573,38273147,94325337,96159
14754353,6270529,19795364,11972197,7613692,27123940,13485205,13770463,1721313,2005636,19334141,40154718,59494
16285818,6522610,23134029,11672774,8843147,33821886,18708811,20410069,1987291,2622664,27882088,60421650,59132
16856673,12279261,26037890,16441360,10171864,37716325,19393042,20274871,2358109,2654651,23496287,46313446,64680
3002721,1887233,5681682,2765838,1960397,10170911,4518395,4593284,512323,598479,4678060,8489991,14692
952254,976935,2193211,1625258,635846,8025167,1205110,1272647,498193,583391,1909395,2953623,7724
3152265,2303800,5920187,3795951,2098688,12326370,4498288,4892170,943636,1127774,5739454,10854621,18981
2111907,849111,1987150,1848339,528203,6829503,1185568,1464630,491686,580405,2822408,4730675,14875
40078517,26996552,61841131,30526701,26416763,54357391,50028149,52071512,3102115,4239454,53271518,134279350,108237
18370429,8156799,20423905,11241897,8888602,33088936,20167065,19610231,2308621,2768232,28349040,59459051,70437
19109283,7931464,20966338,14253122,10491170,36807371,23197625,23921697,2285458,2813983,28780121,52433274,58125
11572766,5497244,16609221,9589277,6084331,19432210,6217352,5975995,1103303,1468551,10408327,29764408,45214
57348830,13434443,87384455,28365231,65041239,42886618,128337570,127720694,2107693,2519823,75619738,326379719,27204
24131391,15069905,34509529,18378488,11977485,38675857,18502911,18863913,2154304,2859096,28711093,67456857,88172
17866155,8371824,25935325,15244503,10425182,45004074,21573042,20665099,2318419,2626342,22144632,46635020,72543
26933389,13881942,39755966,21028850,15134287,51199394,32042275,31296766,3000081,3755532,39175896,84689919,96107
34084962,12809184,45542197,26395927,20209224,68784755,37323435,38064559,3366388,4096064,44335741,103485417,124710
27939783,11366850,43105327,24334321,16851772,56810240,29316740,31822395,3021370,3651373,36491704,81677165,114521
26903598,7404137,37558804,21018762,16509114,49781025,28394612,28514034,2055803,2739270,32684440,75843161,93335
24283042,7433025,34365794,18509070,12620586,42906593,25139258,26461602,2022619,2703314,26357859,62687525,84445
28324111,8510774,38678133,21103514,15696661,44390791,27934078,29202665,2060559,2617246,35063725,74911367,96175
24294063,9338707,33255380,17443410,13346319,42455378,26489324,26434888,2106979,2694137,28258262,69636519,80506
9068321,4219728,11765629,7223260,3831025,21972253,6811465,6333520,1144551,1389986,9485961,25253405,41914
8317723,3862624,11239619,6740010,4116073,19414458,6533743,6446816,947670,1114440,6634363,13713669,32349
4834056,3134492,9778950,5913265,2881168,16469322,3754982,3914912,935486,1343780,8928610,13254189,25492
2045229,1700439,2855755,2261112,416573,10276394,781268,797692,591316,664918,1164153,2231085,12509
2824624,2878462,8511142,5290266,2611362,17053591,4874205,5202125,1094121,1280062,3416390,1819755,10671
3668502,2442903,5114153,4533401,2359605,14757739,2316596,2590457,763455,1067063,6477708,10485760,19313
17009652,9482647,22622334,12492597,7064699,27203366,11359823,13323483,1432751,1978384,18298546,53752175,63109
22973159,26252984,30466120,17789662,9499126,41881196,20522011,21597020,4127340,4641067,23146203,55732737,78408
17559544,18364967,21502641,13743429,10287681,39821424,19896315,19602463,3256406,3518212,22312286,51573528,64545
4028387,2371429,5716047,4597033,1739715,17240819,3420951,3180026,993470,1135437,4160509,7608722,23220
14333086,7408508,19736533,11470928,7607304,32319027,13543871,15057882,2056132,2204440,13499302,30544882,56195
9273255,5614355,18874066,10752103,6534065,29570425,10622285,11410939,1890709,2422765,16567867,26346230,47951
3231512,2451975,4793292,4232119,1420888,19225441,2466456,2068710,997431,1244329,4178888,6826678,22655
8776929,6116444,11551898,7593916,3259340,22178229,4246771,4879945,1529359,1642764,7572355,15858169,40796
361440,71031,522991,63695,19231,338399,922115,960604,11591,22802,462025,1002269,1500
318800,50295,461326,39702,13664,206166,658846,686201,2601,11151,432092,944904,841
792880,422887,1147572,650902,285006,1581250,1482430,1559889,10462,83216,1012937,2114041,3396
519920,334681,752164,448296,490448,1266798,642941,474625,30392,44876,691070,1432753,1695
1480480,603920,2142695,1337811,743972,2685441,1376148,1109265,50949,173837,3215386,4793698,5615
330480,53981,478277,283480,174390,215980,24019,25618,2666,22622,871202,1786018,805
340160,64888,491833,298072,171618,223878,25090,26630,5790,18727,2189588,4335911,1850
333760,51984,482516,293675,167821,203311,26545,28275,2620,13509,822352,1591265,1745
348320,61109,503882,310105,171008,268484,32573,34593,6531,17797,1039158,1988661,2137
603565,86518,736803,452500,249138,548960,51449,54524,2310,22232,1741192,3317328,3807
1214428,156115,876143,571551,265344,1126491,290257,306912,72824,78879,847246,3150108,3630
499529,68893,485929,298957,166224,438561,27261,29047,7944,14614,454148,1314945,1491
493946,67900,477741,292694,165357,414518,22490,23968,1658,11561,447196,1297878,1451
578705,86989,479689,292072,167491,356398,26131,27887,2146,12536,449828,1552215,1154
649152,90550,704323,429481,245894,598034,29875,31934,3296,17956,665650,1712783,1965
2473853,2345300,2680117,3223065,1742497,4956227,3367531,3636095,463313,570201,5510768,8961414,8397
14429897,4907396,21346224,13467484,7392181,22685406,15513544,15733687,966854,1455990,20363663,35165696,46947
347520,12838,77959,51672,16863,552097,732304,763698,4928,14155,459592,893447,1115
331360,17845,57263,38549,11946,442488,504841,526486,3860,14349,448634,861386,1086
379040,610938,155365,111610,30876,518307,747854,779911,7119,40725,510174,954610,1146
498880,28384,101072,68533,20394,641948,762683,795374,3202,20281,675667,1297670,1489
322240,44317,460990,32913,12118,245716,499094,520512,1584,10512,440913,861453,565
323760,60755,468022,32665,11870,174432,497057,518370,12493,17066,441045,847864,707
337600,48525,488595,40896,14171,204651,615086,641456,1574,12225,453344,874366,989
343600,54525,497215,46802,16456,244542,707453,737779,5479,14322,459261,886743,1034
498880,75133,722293,54716,20272,280952,856817,893543,4213,18452,675922,1302126,1491
365280,62466,528206,64166,22741,332748,434185,1114782,9980,27940,478466,929283,1119
2960920,1449179,3072911,2068544,565748,5601535,1283282,1641075,439574,438148,3574950,8876281,15826
340400,116759,927148,574900,306997,214565,24705,214352,7582,18699,449272,862699,1306
339200,86917,869456,531061,304604,210934,26125,27856,3373,13909,455518,876578,1116
758240,1030276,871812,570555,260706,1348238,1192131,1243239,61666,84317,1017999,1888706,2516
482960,18597,71960,48376,15415,658288,653440,681334,15020,27439,656157,1255696,1081
564640,528137,495527,324470,144557,906290,660527,1194946,6588,27622,748067,1405491,1713
405440,30699,168461,105825,50749,710829,383644,1345540,12475,51655,513749,1029916,1267
755600,563125,1003680,542556,213276,1366898,647928,1616693,30883,84122,971338,1745148,2531
644400,553941,932253,450628,141316,1363273,541452,1505941,10232,47064,829384,1458208,1862
756000,836097,1094125,385646,252856,899847,860375,790941,119251,146068,999286,1786126,2416
332880,52922,481818,301238,297537,703789,598335,27837,1671,3852,447934,833412,1022
332400,55015,480948,300804,286838,677576,576777,28072,1861,4231,448128,832294,994
324720,48796,469510,293236,241583,522391,485817,23598,1989,3943,440386,818218,903
542960,444092,785951,503352,364341,948769,1063526,465512,46196,58772,523072,1317594,1348
487680,79837,705432,441760,233737,915319,734513,766742,1318,4086,45909,1226630,1579
356160,60898,515481,324528,166584,624045,500187,997878,447,6796,52888,877261,1143
346480,57316,501660,314869,163894,509208,327909,780145,0,0,48362,865786,1103
324240,47830,469396,290456,160935,323748,323031,519496,0,0,32110,839439,641
323280,48942,467685,289311,159592,346097,319903,603907,0,0,36159,830353,648
484720,78746,701284,438929,234070,610990,470137,662501,6323,0,41512,359196,1483
476080,80670,689277,430855,231180,542976,464518,664644,9762,0,41058,92985,1191
483120,89988,698702,442043,229756,605962,461977,741616,21154,0,44816,102882,1148
370560,58042,535920,329256,186764,464994,363234,978796,5035,0,82873,218926,736
359120,62587,519813,326476,168591,564549,336632,1066742,7703,0,57112,132858,1091
482000,71567,697573,435035,234109,610711,470200,672013,1636,19990,42018,92828,1321
324320,50282,468966,292538,157217,418851,315490,507020,2280,18365,30642,68249,152
331120,58164,478949,298142,161065,377240,323344,613964,3909,20003,47318,98321,276
317760,47472,459757,284869,157331,307297,315723,512926,600,14232,31794,69118,152
330320,52235,477715,297993,159459,418387,319665,597235,2103,20176,37821,83236,181
324160,51419,469022,292848,157280,405176,315629,508829,3382,18559,32378,69930,149
494640,81547,715693,448737,236759,665063,475159,612895,10801,57304,76685,67147,214
353336,99462,511099,331902,156139,647046,312572,326637,50813,72696,0,105917,342
70789,69665,531838,336022,169914,599043,339819,355456,15861,48178,0,141765,355
52100,57699,493441,309605,161851,492225,324103,338688,7641,28784,0,100464,231
37882,52281,470741,293884,157375,424506,315822,329867,3080,18518,0,74476,178
48373,77535,698135,436548,233769,612784,469435,490222,7122,27333,0,95338,238
40997,52936,471116,293088,159405,356415,319507,333729,4664,20987,0,82967,207
382834,482874,809705,531815,242086,999671,489996,513964,44276,35672,1085314,1115546,1492
57449,19506,151979,458719,233124,702558,468687,489673,15413,50927,1156784,0,263
96632,21550,139525,346540,187118,638764,363728,379787,8001,55350,1479744,0,334
50826,16766,73896,435007,235950,537584,473470,494441,4606,27924,1051560,0,234
44385,14766,64210,294237,159700,367835,320225,334496,2614,16288,832173,0,191
430830,655381,623647,607482,255186,1307502,516368,541461,78581,98971,1495334,0,0
2959118,2312219,4582497,1240768,253135,1658472,516797,543224,128734,151111,634418,359605,0
0,82374,728298,465253,155404,437381,315251,329552,3288,14697,32736,75487,0
0,83359,714344,456040,152615,447513,309699,323718,2895,14302,31474,73627,0
0,119755,1068330,674969,233160,551342,472980,494407,3488,18703,47488,108613,0
0,90054,863267,547096,157999,470939,320105,334708,1056,13061,37856,88603,0
0,106469,979183,621752,159672,495206,323165,338002,3045,15176,42555,97410,0
0,200550,1437105,918824,166790,602229,336517,352170,4490,17925,256382,135553,0
0,0,998527,636849,157718,479128,319571,334103,5964,17372,459040,73359,0
659038,2556021,2953001,2266569,668663,1637498,711417,747950,114752,141559,1122113,975573,3904
47050,13890,497105,415146,304181,759138,412223,334697,5282,17298,459934,85735,284
37905,11954,479402,305173,238712,561115,485389,329478,3901,15244,450905,74750,206
45012,17599,707158,454142,371607,920122,757176,481662,11500,26783,661775,91256,218
35426,11513,371222,298958,237948,444225,483958,330308,2216,12334,446070,69318,165
1309400,220280,1894804,666870,163064,720874,317476,577222,32642,52777,790911,1935015,3927
584311,93209,845347,537388,14284,216939,26585,333885,2787,14562,456457,825076,1734
491087,74827,710175,449919,12214,171542,22668,329537,1004,12379,447855,811971,1413
484919,78594,701468,441552,12031,175943,22354,329495,2443,12034,442075,810174,848
488185,80554,706495,445887,12509,176548,23288,329800,3846,14613,447241,813770,1040
622368,98954,900472,572479,15001,236868,28167,335584,3372,14865,458357,831186,1813
726209,135592,1050875,669686,147431,282922,34744,409868,8708,26214,663729,1193148,2291
526862,592122,762151,494101,164294,192946,24223,25821,29050,39763,498326,879468,1366
499323,81001,722308,454563,155723,172700,22979,24422,2173,12297,443473,813004,893
2942777,1882780,2784598,1252637,533374,10687627,3853737,2817187,583955,724594,3709333,5723534,8958
350320,61989,506500,322109,162027,915637,0,0,2228,15427,466538,852248,1078
497040,86446,718761,456905,233056,879768,0,0,3514,23001,675934,1219285,1556
464240,93773,671623,427712,218683,663754,609629,0,3090,14318,633800,1145322,1095
331280,55694,479350,302039,158294,513541,577064,0,734,2679,450342,830539,709
486320,78289,703431,446395,230909,626230,638122,0,2495,5232,662454,1203362,1137
497600,100875,720362,465921,227327,868452,706233,0,4541,7564,668997,1195848,1320
542640,89277,784941,495660,258417,1308672,1166797,0,4454,9000,716517,1332989,1619
342800,59148,496281,315287,160011,469954,701733,0,0,3135,460248,838392,959
310960,59718,449854,284330,148291,314325,462496,483170,0,4417,214207,776206,577
335840,54892,485906,309246,156403,440305,481255,502798,0,2171,31566,822009,1016
898880,976072,1300471,898545,352995,1863692,899803,943953,0,236881,888511,1927590,3162
344720,63228,498953,323162,155161,493980,26673,28456,0,27303,819644,820031,1128
486160,87761,703608,451658,227206,499267,29191,31090,0,27282,914683,1188896,1084
363840,404664,526724,343721,162631,353514,498783,521487,0,46628,402282,871571,701
336240,60928,486790,313848,153272,450984,468852,490221,2976,3199,32359,269363,1028
365760,73137,528922,343029,161921,574161,469950,837613,10782,3750,53268,124294,1159
377760,72590,546487,352748,167002,646883,339468,1167122,8546,0,64886,150484,1189
485200,85417,701841,449847,227389,481838,466222,521269,4340,0,40010,95326,1032
334960,60276,484615,312945,152888,423555,313139,327592,3510,0,0,71565,932
334560,56966,483868,312108,152869,429395,313103,327552,592,0,0,71835,1010
343760,63991,497273,321570,155320,467502,317790,332565,6132,26778,0,86694,284
340640,64762,492707,316160,156996,379421,321485,336312,4938,24257,0,100765,260
639680,120881,925816,599213,295104,654572,606177,633779,13728,39642,0,116205,267
385040,67249,556634,354207,180238,598840,356199,372529,2003,39053,0,258598,348
354240,64983,512684,330444,160119,520299,326624,341867,3496,37102,0,0,262
333440,60688,482414,309158,155136,350784,317309,331936,3027,21994,0,0,213
340560,68477,492756,317623,156046,381444,319319,334050,5415,21134,0,0,269
236075,66387,483959,313266,150470,441863,308409,322774,4024,19606,0,0,158
48562,83312,713011,458648,227261,604099,465879,487270,2168,19742,0,0,0
38240,59646,484300,312455,152959,424276,313272,327722,2804,14565,0,0,0
50247,59153,502101,322597,157958,489195,322678,337715,737,14013,0,0,0
40871,58753,478831,305554,155406,345418,317863,332503,1468,12593,0,0,0
86100,64233,529872,337850,173648,508271,343810,359381,3589,15896,0,0,0
87605,51099,767278,494277,236471,788984,482581,505054,4843,24729,1671489,0,0
0,13611,488131,315053,153807,435106,315228,329773,1690,14217,689846,0,0
0,13520,480367,307959,154968,349028,316970,331597,2743,13614,811013,0,0
0,14756,490623,315891,155091,413188,317229,331956,2638,14978,807532,0,0
0,16145,552832,365043,165970,461391,343594,362486,38914,50394,763639,0,0
0,20086,910503,596231,291598,756125,598929,626298,6256,28152,1098968,0,0
0,22360,62725,350600,161987,357970,334962,352480,33858,45136,744998,0,0
0,20935,147740,367339,183600,637627,362771,379527,4681,18604,743388,0,0
0,0,89170,333722,158622,497648,324301,339426,8901,21045,473897,0,0
0,0,57659,311359,152905,410447,313196,327639,2005,14028,453493,0,0
0,0,86662,312407,153347,423163,314118,328604,1824,14233,453976,0,0
0,0,0,420168,227492,501293,466404,487741,3581,19957,668731,1585550,0
0,0,0,45329,157306,466751,321327,336309,1768,14097,463749,1650484,0
0,0,0,41894,156108,473727,319500,334327,3650,16499,463865,1425354,0
0,0,0,50459,153714,429170,315032,329568,4145,16374,458759,1212243,0
0,0,0,34459,153234,412637,313803,328236,1029,13174,453031,1240593,0
0,0,0,78542,240514,678866,490474,513398,4375,22756,703371,2991724,0
677223,0,0,62645,114151,488530,322450,337593,2635,15551,466692,882368,1922
571672,50736,102021,0,14633,465302,317779,332551,2725,15260,460680,818017,1655
499255,88334,722314,0,12431,186264,315158,329700,3104,15498,458442,809311,1492
501054,94064,725009,0,14898,216418,315414,329938,6625,18405,459958,808744,1400
884333,152758,1279647,0,22227,336289,622368,650794,3901,24026,882975,1585216,1191
647107,109751,936289,0,16259,241621,453776,474542,4927,21793,658241,1161493,1672
531678,168854,1433906,0,68440,378861,357390,373809,5040,18851,502939,935328,1486
339120,124854,1027457,370423,0,267699,304983,323180,5386,18160,450564,802270,1046
338080,88415,727204,468967,0,200047,24154,330259,2893,15786,458299,809180,971
333040,96311,839891,537125,0,200465,26104,331881,1848,13190,453600,815686,725
500960,129961,1089404,702271,0,260859,33851,491533,4146,22383,681583,1203429,1442
342400,97066,855311,551879,0,220667,26801,332156,2767,14985,460785,815043,1007
333120,87306,719212,463885,0,171572,22108,327376,3824,15280,453500,798714,934
321840,86275,657163,511317,244254,157568,19930,295785,2575,13411,438549,788044,604
339120,60466,490167,559784,283154,0,27439,29193,2287,14015,459278,824353,744
502720,88762,727440,701140,348012,0,33535,35801,2939,21654,682583,1204636,1468
415840,421516,602137,330787,140131,385884,552756,578456,45185,45088,546273,964462,1255
336480,65707,487154,38625,12248,179453,476367,498047,8045,19136,458321,803414,966
331920,64092,480452,44990,14035,217510,499060,521770,5694,15791,452409,808774,636
339600,63234,491569,159149,16614,242263,632306,660213,958,15234,453844,810870,1026
491120,91145,710659,457870,16296,241587,0,649934,5880,22827,669157,1182740,1514
486000,83196,703256,453020,18389,268967,0,734176,2934,19192,661055,1174280,1192
348400,84196,503950,326812,12352,172550,0,500269,21425,26750,462108,829917,861
921722,577007,963764,742603,77044,1769608,126722,539227,217746,249804,1567644,2997471,4392
370448,119224,1049157,630326,13677,256236,30470,347857,4015,14839,448951,904986,1283
485120,158200,1320039,790122,487970,212870,24547,300866,7666,23601,654136,1302950,1576
331440,98344,840142,501051,303288,279513,29994,31973,6182,17616,440849,880598,1211
318720,77218,702924,417650,256783,179368,21757,23188,2750,13456,432287,863699,1044
318240,82631,699072,412852,259806,230168,27887,29636,4589,14025,432535,873604,763
326640,90399,831709,494325,303414,218227,26552,28349,3377,14389,438350,877880,1030
318640,76354,698292,414821,255477,183667,22457,23982,3033,13257,432346,863231,1005
509120,177846,1454191,1012505,609593,710027,42265,45229,6405,27495,674777,1335994,1605
325840,65319,471522,510393,306977,721370,24938,26622,3780,18039,437168,868405,1054
354080,67641,512224,941789,577665,1165073,43778,46649,2277,16903,464547,939063,1054
327600,55022,473775,499218,305489,667880,25950,27730,1908,13212,439368,875637,1038
316320,50459,457551,412917,256990,538147,21771,23274,2268,11565,430741,860905,965
479120,82372,693376,628654,384932,852112,33340,35535,1532,21665,650962,1291250,1505
311680,50502,450828,406729,258641,412380,22031,23451,1305,10439,426221,862273,660
469920,97733,679578,552092,318552,829406,413467,447149,3325,15797,432432,1242256,1420
334160,58390,483749,609214,371331,845659,333023,347309,2098,4693,42429,892393,1145
387200,401828,560628,366811,619866,1346232,760486,387465,35495,38945,122232,1005309,1241
489280,85466,708091,424103,442483,987538,866708,513796,4414,7807,59562,1312694,1539
318640,52478,460993,274795,256413,572477,502253,338089,1006,3222,31969,861397,1009
319120,52768,462049,276011,258084,568243,505540,337979,1580,3571,31845,862629,993
322400,61723,466712,281205,293712,719765,575942,332215,5364,3796,38532,464560,1065
321920,55389,465768,278439,258327,570687,506482,340167,3523,2346,30283,70806,990
333040,57439,482055,286754,369434,623663,762342,361496,2967,3812,42563,97498,760
469760,76275,679734,404282,246462,712867,662604,690216,2858,5165,41373,94662,1409
319520,53383,462186,275919,165749,575701,504608,525643,2806,4572,32535,70618,1007
367040,66497,530922,319465,183205,1397441,1266039,1318810,3778,6378,74133,173361,1196
328400,56959,474992,279812,177954,486221,567424,590951,3467,8762,78275,221363,751
337600,61664,488315,293590,171433,790186,707076,736606,5139,16221,44731,98846,234
471760,77808,682796,406963,246493,747163,662175,689773,3915,19332,42065,96787,218
320160,56504,463263,277059,165843,573573,502532,523478,4971,15323,31885,72599,167
476560,77490,689616,409298,251619,718309,764364,796108,4241,18542,45425,104694,244
468160,79516,677472,403882,247207,573595,667376,694979,5395,18594,41008,93802,220
115628,63860,509658,306487,177189,719930,989288,1030576,5107,15853,58187,135677,363
51552,81920,695096,415155,249652,622951,770100,802218,5981,20050,45640,104071,243
41138,57726,468424,280122,167215,442047,562055,585483,6649,15214,35335,79509,189
41091,54952,458825,271280,167929,350222,604290,629338,3887,12215,35229,82306,194
37568,53048,460546,272278,169050,324640,515720,537108,2250,11772,30182,71694,162
48697,57886,481083,288576,170204,469703,697955,727046,7122,14991,41817,97444,244
38836,20074,465136,277258,166758,437189,548345,571225,1050,11617,436291,75368,213
43995,13326,684214,408917,244766,633735,651864,746538,6550,21523,642491,86206,226
45854,17011,462994,274489,168409,364292,329182,670983,1290,17948,433899,86137,253
39734,14229,468291,279568,167767,432587,327980,622673,4358,22126,436677,79639,193
84783,25574,530295,319623,182651,623322,356037,1274711,1679,39744,473037,169232,419
48590,17480,467860,280461,166577,427098,326167,531280,5828,21110,437444,89756,257
49606,14740,667847,395677,240360,599022,470460,670755,3573,24162,625589,95704,230
42857,15557,61631,275928,168790,369694,330234,629886,6206,22851,435211,83606,204
37351,11440,54666,279810,166192,420749,325198,470123,7678,23563,485247,74275,195
54511,17913,78970,408779,243045,644383,476314,496476,5907,28561,991812,108480,268
34449,10042,49183,269888,165627,363521,323997,337728,3215,17455,668513,66889,146
75656,22453,108009,432731,257404,736243,502824,524452,3751,40281,1527015,131594,381
49605,18539,72469,264023,163119,483002,319167,332771,3788,23559,824314,1568825,287
49773,19929,72185,46575,171096,496338,334582,348945,3391,24122,917826,1823112,245
41856,13532,60999,39928,165713,466565,324260,338094,4119,24463,801537,1586620,203
36383,13336,51926,33213,165797,408936,324336,338068,2215,18182,670671,1336146,168
34346,10899,50334,32606,165987,411840,324679,338397,640,16813,692975,1381930,199
52449,19908,76141,50034,248501,534281,486121,506690,3692,25410,1000636,2007255,247
145996,13850,56650,37051,136440,463030,316911,330470,2759,18432,872137,1733249,296
317760,12810,49770,32041,11781,418413,324754,338502,2468,12625,687601,1366463,1501
341120,16238,76024,49066,18248,514738,339152,353795,3132,15065,1113303,2216826,2369
346320,18694,89337,56869,21341,541510,342714,357556,4235,16007,1251112,2485723,2537
478640,19740,80737,53308,17638,634077,486422,507028,4858,20243,1004124,1991900,2229
324720,13275,62762,41019,13896,449445,328322,342339,2334,12909,793936,1579932,1714
326240,28735,297065,40503,13920,472813,328758,342788,3880,14181,787047,1563548,1717
316080,51136,457299,31116,11807,163455,324143,337848,1961,11929,663350,1323074,1418
467200,79521,675532,48139,15615,245186,482603,502882,5839,19105,877350,1767665,1297
495200,85446,716895,63537,23403,331159,497908,519268,4876,21984,1386613,2750066,2976
337120,56870,488081,50965,18221,258317,336249,350770,2855,13927,1034233,2059712,2289
329040,57903,476452,42660,15615,221221,331472,345668,3942,14627,901265,1792450,1929
333280,57551,482105,202477,14266,234723,228838,345055,4134,14930,885930,1756636,1927
312320,53827,451814,267147,11881,174174,22138,338252,2884,11715,666825,1345268,951
354560,69874,513686,310306,20671,324276,38845,360530,5652,17956,1414407,2803130,3155
478960,82186,693014,414284,16986,247156,31543,506666,5187,21189,1014501,2004528,2249
318400,56214,460628,275173,11414,168202,21186,337669,4411,14950,671526,1332839,1485
309280,49020,447503,263586,11334,154849,21032,337683,689,10028,662820,1335680,1002
319440,54136,462262,276411,11609,171628,21583,337870,3821,14215,668371,1326264,1483
350800,71678,507808,306409,38171,368100,48072,341796,5460,18411,1464647,2913253,3390
496160,89753,717859,430208,254230,337075,41619,44369,7126,23506,1282373,2545390,2725
316400,51589,457500,271905,165679,159298,21807,23252,2327,12427,665353,1318334,1441
311200,51554,450199,265858,165705,168201,21366,22774,2643,11430,667268,1343174,941
319600,54627,462418,276497,165752,169241,22050,23570,4312,14370,668277,1323077,1469
470080,80350,680383,403472,248381,260712,32170,34401,4609,19206,998390,2001181,1712
634031,108025,889752,532663,318457,551699,39470,42164,9373,28801,1195137,2377791,2360
882906,64484,497468,297384,176228,467438,40086,42576,3677,15604,1223105,2468137,1778
683437,56873,479473,287232,170117,459836,29143,31065,3458,14878,942258,1876569,1929
582303,54863,470150,280540,168329,437463,26929,28666,1499,13814,803685,1597146,1705
574364,54396,471268,281484,168062,444409,26403,28195,583,12975,791936,1574605,1684
618716,54741,471216,281364,168441,444477,26083,27784,944,13631,855912,1705009,1815
940217,88246,697261,418245,246648,702180,345798,40955,1639,18122,1290196,2564105,2987
488906,55502,466949,279746,166539,438003,326073,23194,2300,4112,669453,1331541,1557
481449,50023,459175,273297,165713,408739,324189,23098,0,2029,664254,1326222,1456
568119,53414,466485,277718,167793,420084,328032,27264,2773,5002,784227,1568603,1607
695434,95187,512320,315623,177002,975672,348796,55927,101140,105829,948653,1732645,2123
1246916,94482,752469,452894,263464,786870,514610,57620,6374,10764,1715732,3421672,3560
478813,54651,466317,279444,166061,430747,324966,338657,2161,4057,503261,1298874,1517
570392,56696,469586,282268,165555,477828,323942,337782,1858,4014,0,1545378,1827
2533755,672305,1434904,1815793,846537,5021356,1673440,1751164,346459,410953,3119143,10563779,8621
40804,55242,462109,274519,167712,382641,327866,341776,4626,22184,0,79512,213
58083,113981,909036,548222,323438,815450,633773,660415,18324,45708,0,116844,292
38027,53254,464884,278412,165756,426455,324240,337981,3403,19269,0,71851,178
79303,32999,527858,319788,180065,640920,351203,366615,8181,42140,1534877,152889,410
36521,10143,452961,269957,163640,353776,320395,333924,6636,20626,667371,69728,152
49968,13216,490467,293670,173835,483114,339623,354191,2108,24767,973436,98455,253
34873,15542,460932,275349,165601,432373,323973,337703,5345,20836,670121,69523,158
45089,19666,677907,402248,246628,596523,482681,503015,1078,22362,897340,92601,216
45762,15322,477784,285999,169314,479019,330803,345041,4758,25891,885578,89195,238
33024,9801,449013,264921,165615,317134,323962,337619,3504,16960,665477,66017,161
43629,13887,309349,283022,165837,468007,324535,338425,4528,23434,775320,84637,222
36885,14693,53785,276687,166030,430703,324793,338540,5498,21509,696148,72770,159
70814,26151,102392,430522,255256,725000,498666,520029,6831,40743,1441040,139744,330
62024,19086,89900,302362,174781,555802,341024,355818,12464,39167,1186840,123559,308
116954,854267,169564,311438,177851,345672,351958,369047,5432,19662,724413,224444,266
809810,164258,1172888,716598,340980,1366360,673048,703899,123482,146234,973391,2155293,2504
682487,126125,987833,322984,165193,523256,323139,337037,5108,3445,42088,947425,2230
642971,107355,930167,554129,247196,629203,484044,504462,4817,4224,41148,90560,2070
711871,123968,1030029,613554,242930,513912,476052,496034,8709,4484,46985,107087,1428
818171,930923,1183464,748698,358989,1212167,711840,746886,87241,6810,98632,226393,2384
53011,17241,77218,50976,170529,494374,333081,347364,3360,26556,949191,1889122,265
35488,12094,51090,33022,166023,416097,324790,338534,1585,17259,692195,1375161,154
727796,152082,1245261,744744,474905,1295075,694163,726093,65641,102709,941888,1783949,2248
514640,648413,1098426,664251,390314,563792,515897,539946,31101,51160,46648,107989,998
715840,611553,1012264,637248,329304,1029924,676880,708248,58909,82413,1051413,2075319,2423
326560,13725,59521,38838,13585,466323,328007,342022,4874,15760,798558,1574122,1842
322560,26062,68922,47254,13764,434035,326081,339909,4725,15280,676047,1341541,1529
22225219,9200550,32129299,21453109,10525704,34745213,17798089,19007061,2370710,3000807,27210438,48543119,64547
5341501,3428641,8940203,6072895,2230609,16529321,2967209,2595165,658828,1082016,5478717,11269791,23557
14562220,20828371,27017857,16993587,8587468,30952375,16439679,17539299,2127493,2418229,10282153,15941034,34370
28939513,23587862,42202236,22990456,10344526,43348288,27594535,29460996,2705938,3399825,37000139,74460865,101164
7881133,4140852,11153871,6507303,3539882,12054829,4744009,5767245,664644,1074594,10602193,22810840,25935
318240,57379,460040,258748,180770,384852,353569,695851,4939,22550,36643,79965,253
907760,451410,1313589,788340,462683,1566441,909978,919681,74613,101435,1332706,3483102,4096
480160,85188,694670,396524,267484,576331,524249,546367,5351,8531,0,2054430,1884
473600,94087,685247,399303,253754,693242,497744,518871,9281,17084,0,0,5370
384880,85320,557297,332426,194179,752685,378248,395118,11772,26645,0,0,0
322800,54973,466792,270885,174268,449493,340751,355281,2475,13483,0,0,0
874240,486093,1265151,769215,437431,1334052,860933,899840,56565,85418,0,0,0
316000,51912,457194,265857,172383,334790,337229,351418,1583,11292,0,0,0
353747,57430,453132,268191,164100,387980,320724,334431,3669,13507,0,0,0
0,255046,1065700,671056,346121,1115023,683071,714840,64306,88425,564151,0,0
0,72602,458695,272922,165705,415891,324157,337862,1625,12377,32107,0,0
0,78329,451931,267749,165749,323581,324238,337944,3533,13264,30634,0,0
0,97581,677584,398561,252855,407220,494905,515664,2781,15580,40931,0,0
0,125372,483318,287903,172993,435662,337741,352193,3967,14514,48917,0,0
0,192865,883203,305822,173585,607003,338401,353241,2932,15708,151340,0,0
0,0,971423,285323,171235,395752,334803,349132,6771,16982,445110,0,0
0,0,873893,366820,169336,486987,331428,345587,4115,15024,444551,95398,0
0,0,921467,548578,246402,612456,482228,502550,8042,23445,645776,93228,0
0,0,826874,492505,167936,457970,328295,342313,3530,14417,439507,85443,0
0,0,1065207,639554,242956,614127,476136,496197,10440,24627,636733,102303,0
0,0,685492,397911,163622,326578,320414,333992,3374,13311,422255,87815,0
129323,0,0,1496488,592197,1382090,709065,742524,65562,91933,1008967,1664552,643
47651,0,0,0,337589,616326,484063,504477,7222,23066,647549,1287494,206
45849,0,0,0,358408,466352,332693,346950,3106,14105,442099,889258,211
35453,0,0,0,266462,309615,336748,350992,2804,12064,442287,895016,159
727757,1751287,1426657,0,954358,1600302,698404,731162,202663,231247,1148673,1990520,3599
351600,33922,313262,0,0,1236766,329422,343590,13710,25071,455812,904668,1357
321360,57032,464434,0,0,0,324354,338089,5803,16473,435303,866373,1068
482080,86210,697839,0,0,0,488276,508961,6969,23286,652586,1298331,1586
321120,52853,464898,0,0,0,331150,345141,3103,12687,437138,879840,771
356640,63405,516167,66685,22853,0,845200,520177,4743,17222,464968,931528,1240
333440,56591,482200,45739,16011,0,691104,719903,3525,14700,444831,890368,1052
329840,54860,477295,211778,14249,209377,596660,630621,3680,14087,439987,879951,1083
468320,83330,677882,402671,17294,246290,0,783102,8774,20105,638007,1283546,1156
326800,58245,472727,283102,13399,197370,0,651464,6927,15819,440234,876138,1025
319360,53915,461947,275824,11335,172532,0,526893,3912,13831,433112,860383,997
485840,99575,703154,429145,19298,308497,0,790927,21550,32959,650277,1278936,1435
340880,56620,493532,294581,20204,280794,0,939253,2016,13628,450718,908554,1093
484400,82288,701311,419508,19432,284577,0,882733,6652,20984,655080,1301759,1504
315680,58119,456664,274764,131678,169815,0,506334,5983,15993,424875,839221,1078
326000,56681,471634,282097,168095,197357,0,0,8885,15891,439294,875522,1018
803840,594704,1163090,754599,357203,1111244,0,0,120018,120450,1024048,1921523,3181
320320,53991,463187,275415,167914,519926,0,0,1329,13596,433719,876758,786
311840,50710,451315,267107,165748,413628,0,0,932,11710,427048,862403,714
472160,76893,683214,407298,246490,726412,0,0,3428,19506,642873,1279286,1444
311120,56270,449867,269777,159545,585708,492799,0,1222,13798,418969,832459,1009
376640,409391,545060,339359,178444,999772,716391,0,36136,44510,500404,966153,1346
346800,61455,502144,301503,175708,1088201,976183,0,3299,6551,457636,920246,1101
331520,57751,479560,286782,170087,770934,685488,0,2770,5070,443360,887812,1058
482080,78627,697256,416580,249625,884226,793395,0,4481,7557,651901,1301887,1535
320240,58081,463414,277628,165753,567346,504586,0,2190,4067,434666,860437,989
317200,60208,458640,275493,161586,682453,568679,614813,2437,4784,162068,841663,1014
469280,86538,678906,403213,246060,717824,749754,780928,3646,6203,46525,1288777,1214
481920,86460,697649,420288,248075,735958,661867,689495,4185,6662,44801,1298472,1325
503360,89258,728080,435885,257846,1025743,1198641,1248585,3100,6539,67259,1348562,1567
317840,51121,459846,274203,165665,412812,503781,524780,0,5976,33601,860584,988
322400,52809,466810,276239,171091,346956,609839,635128,0,4415,35963,890052,699
340720,63396,492919,297296,171731,519360,691548,720410,4234,6882,52008,207199,1071
318560,60104,460934,276291,163542,434189,495854,516561,7825,4598,31575,73850,1019
318560,54626,461131,274988,165847,426790,504608,525631,5344,3877,31964,72769,990
899120,557232,1301294,817811,424550,1515362,881706,922440,87138,40036,930546,1853551,3197
317840,55398,460145,272752,167800,356729,24647,26320,958,21006,806606,1625905,723
328160,56930,474770,284621,168528,445694,24828,26479,2573,25847,916037,1820375,1005
325200,53200,470177,280657,168090,433552,333605,27380,1574,3573,789813,1568397,1697
367680,80380,531544,323099,179990,637023,351441,243153,3974,7929,1453033,2752865,3115
477040,76112,690787,411429,248840,625101,486780,507367,1229,3856,0,2025418,2305
324800,53157,469713,280388,167868,448539,328175,342165,1931,4120,0,1577981,1771
1789668,2028248,2800690,1926982,754717,4347110,1491239,1562885,496154,825944,0,2474187,1557
490104,53575,465468,278847,165712,443375,324170,337900,3969,14767,0,0,0
764768,96064,703736,429594,243215,746951,476665,496808,15988,31610,0,0,0
630432,86062,661532,392487,241212,467979,472496,492440,6455,19502,0,0,0
0,70141,526538,319824,179177,640885,349266,364572,6491,19225,0,0,0
0,58646,482086,290202,169113,494231,331010,345150,5704,16728,0,0,0
0,54986,472923,282544,168234,459878,328894,342893,3178,14297,0,0,0
0,54172,462614,276327,165897,424772,324568,338277,3674,14043,0,0,0
0,566572,1148939,734724,366897,1382943,712833,745439,87155,110671,0,0,0
0,52653,669862,398187,242434,557619,474283,494359,3419,18294,975721,0,0
0,13921,471713,283995,165656,486239,324259,338165,6093,16630,787981,0,0
0,14702,460679,274136,166104,420906,325055,338827,947,11204,548357,0,0
0,0,467913,279264,167792,437599,328030,342017,2535,13198,436872,0,0
4257046,0,8234472,1392926,495245,5473574,2072556,2167634,371517,445899,3187414,6919897,16862
62279,0,1137393,673735,404063,693815,476996,497332,7782,24643,643354,116846,314
51202,0,0,596118,362402,505323,332876,347161,3837,15562,447046,99970,265
40050,13021,55112,443913,263491,633020,321225,334901,6014,16717,433623,73926,219
35423,10447,50237,420140,257270,567241,324264,337971,4344,14882,433507,70158,177
42134,15418,61256,486204,309389,476099,328124,342106,2372,12025,432262,82541,209
1005404,190904,1454635,1563250,594218,2317837,1140679,1191347,123172,162093,1647494,2283338,3207
507042,165458,1451034,847479,20458,362544,240745,362836,5260,18462,469220,939046,1699
334640,75570,617133,630374,0,232955,29374,347551,5134,16226,445784,889795,1073
310000,54766,448719,408279,0,0,21776,333776,2539,12560,422660,852803,765
333280,60408,481790,585223,0,0,30692,347402,4670,15516,445411,893951,1110
317360,50404,459134,416175,0,0,21518,337840,1387,12219,431596,865173,998
485600,82648,702500,744638,0,0,34894,511392,5829,22085,655889,1303903,1549
318240,51274,460533,286415,0,0,22567,338675,2221,12651,432480,860856,987
320080,54795,463072,276564,85006,0,0,340240,2846,13691,430556,859817,1025
327760,57653,474163,283706,304231,0,0,27483,3319,14122,440689,880169,1083
7834976,4607079,10788489,8311511,3426079,14631682,4337986,2699541,1035992,1143045,10948782,18743030,27698
13217737,6565333,15449436,9703446,3740723,20170904,8915877,11032760,1449950,1942007,19021482,33844333,51890
53566630,126195761,73556703,46907306,20723339,62006952,43462351,48028075,14426504,16380568,82200198,153890704,133317
35834728,172501366,51008391,36560327,9647298,41048689,21130258,24802876,18278614,18766321,46975094,64468398,56568
18704127,25065278,28818142,23741502,6035275,39520673,10891880,12741794,5789045,6197323,23634069,32453800,19906
19081915,30065479,27261095,20263806,5152929,35291390,9117304,9363333,1517354,3031332,18568488,32406241,18967
28289665,54422134,44541160,32849204,7702679,52395488,15997758,18105725,6128874,6349267,29578490,45067271,32724
29532518,58683243,42422084,30672704,6876574,50158723,13832646,16378296,4762765,5197661,28139054,47771252,33312
27080278,51033076,41849651,29044846,6777083,45527849,13977159,16694516,7693039,8136600,30932744,43292186,28255
21216696,34776215,34456055,24950225,6007943,45527493,11962456,12640214,2826522,3181877,20564733,32279463,23866
23858606,30443469,33675632,23780990,5392406,40309896,11135767,12650369,4692405,5065581,18993966,35455433,22558
16026115,13148049,19497550,13923403,3283179,25230605,5387204,5661559,333021,1263385,14864438,29782207,21507
25120797,38937733,37003945,27360718,6464382,47973868,12567012,13380440,3574475,5072758,24922516,40995931,29630
20172842,39915590,30717294,22000418,5414995,42874263,12379500,14391349,3269494,3630417,15397581,31399629,21866
20297593,32305826,30687787,22977267,5383162,43501321,10317733,11268996,1491464,2981808,18555639,30945380,24349
27630084,37149488,38011692,28992320,7221672,51632350,13358888,15155243,5841467,7248754,28640991,47730123,31896
29742522,64990449,42094034,33015837,8195444,51445527,13731446,16101696,7714746,7955386,29274080,45992397,33134
28401747,79380566,44642553,32832291,8072938,52302462,15741180,17105634,5343286,5309329,23714984,43117306,29130
26482635,36863864,36532179,26089669,6291453,50804146,13292510,14010696,2691857,3084988,23883493,43243787,33800
31109586,65119149,42005678,29212628,7187601,51454252,14837322,14521448,3501055,5680173,31188669,50945391,36444
28314782,67291132,43271727,30835234,7440134,51229518,14529560,16063236,3696572,4488978,24504206,46473335,32357
27829314,52654213,37660358,27789623,6192744,46909783,12023208,13829704,4085324,4910406,24529815,41620760,29461
28938088,47651460,38264468,29356045,7024950,51115385,12901383,14308607,4124285,6577696,27164291,44835463,32443
28606328,45751713,38068374,28827515,6745548,50973956,12560978,14317451,4372220,6669330,27459536,46813377,32553
27553880,42787492,38219692,28767751,6986622,50121153,12634303,13479200,3458807,4625851,25559870,44323957,32732
25026847,17554896,33733109,21251874,9046804,43834094,21673046,23899241,3312469,4082407,31566650,55767774,64187
32141408,58915578,45521603,32406159,9938799,53848794,18166971,18455004,2204855,3643837,31555570,62215180,48445
25903922,18768666,38682423,26788966,13676333,50724052,27245998,27023217,2769105,3477711,33854116,64609759,60470
38547081,29486504,53977848,34669257,16286125,58826915,29886703,30410497,2275025,3363098,36285356,84803973,93460
25139551,11449436,33674377,24470275,10324526,45649720,19790363,20496816,2026538,2495816,26399854,52403961,55246
24528108,8081214,36634078,22104585,11962906,46770799,28799802,30785595,2018617,2864485,36436078,69997444,73403
22926165,7925864,32518445,23039169,10026652,44012443,17896279,18367307,1582952,2403866,30355229,59891817,68701
38822535,12332135,55588552,32755931,18829247,58143230,39784042,43049033,1530032,2772832,48573384,104355095,100236
42162145,11652326,61247860,35420238,20243521,53112728,39615604,41159455,1130721,2161099,45686215,105253507,103724
39538881,10375590,60073273,37008784,21187809,55695819,39381478,41859405,1204928,2365311,48972729,107421603,103830
33111788,9144226,46693022,29129202,17633309,53611128,34357089,36377258,1500470,2497219,41621162,91702819,83562
35355671,54836790,47189748,32394684,11955575,50040053,22391071,23752993,4470846,4083849,28513495,63508244,66490
35811971,18074534,51750476,31800299,16203975,55089527,34439334,37999457,1833884,2755885,42358577,91722340,93426
34421347,17399620,49434945,30213729,14458507,52859017,29067220,28931959,1883917,2709125,37875686,80654910,88811
29809519,29915758,45085829,32376282,11233086,55355766,21393142,25208869,6259808,7038000,35702378,60224531,48377
33786171,34153622,48561136,31884270,10987354,53701629,20247577,22621009,2999486,4628467,33486123,69218648,72674
24495932,62623858,32988512,23402888,5724320,40283187,12092006,13355906,6132475,4250401,15696780,29672269,25469
23853895,46839021,32437275,24189704,5625465,37610831,10037910,10377164,1128128,729663,16718758,37636301,27525
24014492,64575653,32361911,23282888,5319916,30203926,7061371,8474312,3822680,6128918,26458322,42752735,31607
20798214,38182901,25736164,16167164,3669760,32283763,9433952,12003781,4403978,4772529,21563029,36163870,23186
16248595,3270309,23397382,20338924,5546877,42451787,12515807,14187192,6495095,6919467,25610208,32028840,18241
12326025,3458468,20196196,17745210,5014332,35955355,10661872,11981052,4763599,5153364,20440843,25198151,13865
16758075,27646201,31709191,24941102,6089204,41757081,11604533,12854237,4266941,4559373,15700883,22335077,15214
24377033,66478640,35853397,27110819,6622345,43143974,12427879,13361059,4805462,3078128,12649626,28347036,21383
13955480,4333564,18403190,14761717,4431388,35389841,10962609,12821482,4675718,4987761,21244762,30445830,13945
14697913,9222004,27525524,23800749,5944670,41546125,10942788,12321039,4376484,4827467,19808043,23402631,15115
22282123,57439166,34830632,26176346,6488294,41048243,12505304,13772659,5954545,4650699,12197086,24733270,18371
21525389,47097387,30912853,23109389,5475070,34420578,9315912,9119622,1173953,716402,14038248,32022968,23397
23516208,46771956,31197762,22538171,5311159,34853253,8197869,8671152,1579131,3801246,23246925,40598307,25504
21226877,51044442,26580064,16591743,3662710,28433042,9061129,12230154,6715792,7176648,25959268,39677238,24904
16452691,13623501,23400326,19710888,5595595,40495936,11700001,13553811,5319176,5631333,22937727,33086225,17221
19790177,45498884,32511256,23989316,5717493,38018212,9687539,11226764,4291682,5573906,21081947,31249716,23216
16182522,43304518,28670513,22093319,5439076,37276249,10589202,11594888,4528623,4779216,9670317,19222102,14624
23849537,47327536,32904599,24687185,5930140,39242886,10495100,11609356,3273017,1461440,12779462,30129912,24092
7785751,21155719,10090052,7466797,2497954,13165436,4671998,3942568,535711,407471,5432367,11477737,18323
628446,931976,1653639,1176089,365525,3966611,739858,765411,287681,325745,888483,892255,3047
913177,758315,921471,702712,240519,3834454,709833,741950,301724,348369,1299273,2462347,3802
1133094,963861,1576626,1117491,244440,2914426,276105,529747,278545,317852,1229359,2315723,4283
1190630,1063010,1632633,1151990,364527,3928245,726044,516075,180160,218652,880247,2387708,4542
921756,1095144,1642672,1382771,465881,4440283,950023,1006348,355749,413705,941468,884131,2989
14856991,2086733,21597389,16595696,3918714,33941046,7529960,8166781,455289,733874,11547307,23139101,12962
21299870,2972073,30905697,23175045,5389932,43950047,9942558,11356177,513020,882968,17117442,34313439,13663
20872801,2739380,30415763,22829368,5383830,43889774,10082859,11212605,377553,702811,16456953,33530410,13531
20940438,2844652,30875195,23160282,5496485,44324536,10357261,11656804,451532,801119,16272356,32510490,11704
14499205,20500840,18910653,15396147,3511900,26516842,6809502,8774086,3149764,3406739,15846865,23926694,17081
26048924,52846979,37671364,28384334,7558206,47581416,13160632,15336326,6286353,6270088,23791267,39277056,30939
2069314,5340658,2651726,1304122,364989,5240342,1660670,1777525,980432,1063868,2890444,3814279,5868
631082,718008,908828,928327,361810,3830834,710962,743869,285418,325064,1271958,1693684,3125
1153280,1051011,1587527,917209,232530,3509850,710322,986174,351500,412554,1657491,3098191,4520
1151881,984010,1601792,1120408,361361,3906401,504987,285284,143064,234395,1170613,2331851,4546
2516666,1410606,2506239,1737591,578127,8503168,1639227,1722988,580075,612430,1949881,3593277,9803
1452932,1118535,1656854,1464842,462030,5473841,747078,781994,290369,499100,2027560,2996378,5902
1362954,1274491,1854100,908184,233285,2930501,521198,559426,416246,471116,1452855,2465862,4515
1196698,1068370,1627326,1158959,350721,3826685,502307,288335,191438,283646,1316333,2433327,4282
1144523,1059954,1607835,1151582,360207,3921096,736903,767207,266558,251528,506707,860904,3622
927300,719156,1291660,1171088,356096,4244308,927403,970326,326112,382585,1642309,1659439,3574
1158452,987012,1593558,899369,241897,2921226,510681,531052,275041,322395,1285536,2381204,4207
6485641,1554058,9377503,6900780,1544438,13952629,2542186,2723516,227913,409866,4288296,9395473,8979
20886756,2734828,30643186,22841665,5390921,43809686,10210996,11553856,502482,816670,16337341,33121048,13129
20934019,2417329,30643435,23445178,5448960,45967971,10391784,11637910,518771,829455,16979035,32581247,15155
21463014,2677257,30720526,23010355,5285929,44695664,10155522,11441877,519189,845222,17175770,34221684,17011
17412854,2626598,25036909,19156960,4482864,38333131,8227857,9216787,367262,678334,13591575,27406456,14306
1023913,747889,1879611,1388948,363320,5696381,742226,774770,197621,208391,577543,933037,5744
924316,572476,1722443,1302448,358077,6368891,715175,748626,267930,373879,1502388,1891376,6262
1359156,569645,1475452,1077684,124495,4919251,508741,775040,226805,310258,1413279,2567437,7523
1340117,736999,1852887,1646100,460068,5883881,561016,508882,220596,360685,1657987,2453101,7198
1371891,971055,2286336,1628675,455370,6194789,923257,974927,206474,221055,574433,1775123,7051
757761,369947,1483093,1119002,363136,5885362,745052,777895,215165,298626,1370894,1690642,4124
1406907,562260,1508822,1107653,128366,4927525,501621,747960,197228,281024,1353549,2600174,7526
1467709,1150768,1981742,1487416,349041,5137516,500635,285970,303333,377229,1564796,2700052,7920
1321031,709730,1882307,1386503,364440,5734313,747476,780251,147123,212008,576809,1657835,5086
744778,569833,1696559,1358217,458932,6343901,908748,946995,255083,338242,1323664,1818252,4102
1341486,541560,1458835,1077079,126094,4889587,504091,763641,212414,291891,1385117,2549259,7218
1346526,739243,1886267,1368749,361977,4922652,505676,280881,129601,196391,1289470,2506712,6914
1381826,748665,1859902,1333369,342609,5550707,703027,743856,124216,192830,554257,1784552,6066
716645,530534,1427144,1337645,359664,5604863,743427,775832,191892,283439,966264,938016,3855
1375154,747188,1855767,1053181,244461,4743374,726892,981935,249824,331651,1706497,3412884,7129
1353462,722392,1831920,1356549,349524,5238573,504627,290926,146026,222445,1398010,2630557,7121
16282625,24014787,23269000,16864837,3844329,28928442,7637024,7789106,717658,1604281,13108413,26064686,24788
22979902,49429461,35986402,27175375,5762212,41565901,12347198,15514969,7555489,8157108,28558107,36217711,25559
1628685,1415290,1305740,1345836,237664,6784692,948798,990297,616430,692933,1961173,2429327,6156
1719960,1915466,2558588,1671592,347069,5510674,708760,729937,661213,715368,1940543,2450658,5965
2001104,2030426,2438230,1825441,447425,6253127,702238,742884,524144,573567,1235884,2531622,7267
1118240,1653451,2107033,1646209,354394,6101212,724489,758300,570135,618879,1204400,902675,3268
1464206,1536766,1348935,1370089,233820,6044082,686904,710887,578864,633875,1600207,1807916,5158
1723766,1757189,2090065,1354222,237550,4754997,509600,536269,567276,628794,1630710,2532906,6184
1684099,2003151,2175735,1690862,357104,6133861,501413,518865,502286,604389,1248190,2389384,6169
1435408,1699883,2442042,1803492,452790,6294267,907495,949394,585992,574999,1191385,906517,4778
1112185,1427949,1282838,1327463,354188,5761334,725317,758968,544782,618719,1552465,1658541,3392
1781768,1769808,2036065,1319620,126786,4449945,489247,728985,554457,605440,1544680,2492379,6199
1738237,1830547,2031496,1594525,326621,5426112,492712,285513,522915,575945,1604876,2443054,6484
1670752,1963521,2144372,1696111,357547,6124833,730396,763131,554078,602406,908132,1630298,4560
1063726,1704522,1737916,1647170,462939,6665612,919237,959276,641128,702601,1627289,1742998,3236
1729367,1926837,2145510,1421682,130577,4878579,507697,775513,614113,672103,1659875,2456669,6126
1728704,1895946,2160482,1658181,358160,6150680,505251,290249,461173,578672,1569560,2442863,6427
1696832,1841828,2063538,1590751,340391,5979523,706084,746588,536880,524908,883708,1708809,6183
1227800,1689467,2057349,1603443,340770,6021240,698577,729340,587129,627645,1189828,865268,3092
1698170,1663504,1742141,1389491,244012,6116254,921298,959202,644092,718185,2001843,2530758,6486
1935518,1965796,2442180,1861251,444529,6063151,483301,506159,584849,631899,1610495,2460179,7127
1686512,1734615,2054311,1572196,354287,5783233,723636,744949,469140,459053,785827,1631477,6177
1026277,1578571,2060677,1571256,342044,5819091,692463,725663,543533,607547,1222742,905578,3240
1363582,1414298,1319838,1090039,241949,6023530,732101,767901,584144,642856,1616699,2460774,4748
1737889,1828136,2116084,1462443,240817,4510101,328386,517161,561119,606422,1545834,2482484,6412
1964337,1976118,2399409,1814002,450091,5669699,711741,525632,495659,541028,1590563,3293473,7236
1337213,1786077,2068637,1616537,353914,5857138,720999,754511,564881,620563,833619,882296,3142
1018524,1444912,1295213,1331878,343667,5807827,697838,730236,558371,613741,1575357,1719156,3387
1557969,1761276,2017415,1308147,126864,4434170,500211,757675,558283,603932,1546658,2383152,5813
1627836,1794787,2084847,1596127,354073,5909879,494613,280908,424019,531743,1500639,2417576,6222
1692443,1884168,2434556,1817145,445968,6338126,908538,960503,535750,592002,801961,1046082,4488
990772,1416740,1295893,1336589,348290,6066512,715544,746756,587199,633087,1562111,1612898,3229
1712408,1793068,2114461,1350712,129770,4566651,491103,728538,558412,611831,1560066,2504485,6559
1670357,1893377,2095356,1643677,347859,5965398,506689,289312,468319,578933,1656046,2513844,5980
1658820,1898939,2146748,1686297,361182,6224971,738272,770777,607632,603055,868885,880259,4391
1323092,1508104,1735458,1638825,357326,6573520,913851,953743,630013,699146,1996838,1726173,4356
1622556,1940675,2089615,1370278,130899,4619454,501519,737591,602263,655835,1587024,2379790,6129
1949418,2005239,2489539,1891099,454734,6590574,702449,474972,450638,544631,1580373,3103044,7503
1690989,1713416,2057149,1581104,339481,6065388,696506,736678,548292,546069,816165,900712,4816
1027659,1426040,1700207,1637220,355733,6097944,726099,758161,581968,630283,1592001,905850,3358
1694962,1643425,1708471,1350843,237958,5880118,694664,944744,620784,683207,1946956,3339270,6079
2503123,1568923,1742713,1631503,354806,9364464,1564644,1612227,797043,874699,2722646,4041208,9879
1350097,1245962,1283508,1002711,234478,5561331,679216,718603,515969,559452,1490631,2362424,4368
1680585,1738123,2057803,1584509,240215,4528144,273433,529901,514880,576247,1485961,2354944,6031
1782998,1702158,2044144,1559262,341827,5776839,686033,503894,411191,455076,1154519,2528202,6719
1381809,1591126,1984256,1530011,344709,5794123,722405,753145,496271,557774,786295,891794,3342
1408112,1487560,1645089,1252676,345019,5642937,926981,951720,540115,600751,1761709,2385328,4623
1761738,1656260,1984503,1502916,230536,4985860,267344,497612,444737,563819,1517857,2509087,6398
1682578,1648105,1962553,1518018,337266,5711533,697313,494042,414367,448737,1137307,1982965,5902
1426823,1668088,2051360,1575886,352796,5777865,709817,733050,517964,573952,811266,904377,3142
1062004,1312254,1247045,1263921,329112,5692649,684711,724214,497635,569162,1484412,1672674,3148
2008588,1862126,2406071,1549852,240078,5092199,496475,743893,512134,612766,1791990,3044996,7387
1748413,1645259,2052852,1566835,456189,6296076,904340,725622,506719,505259,1558036,2555495,6338
1378505,1472898,2020934,1548653,344552,5801481,725063,756498,535018,584287,1178909,887510,3106
1280807,1348164,1261565,1302124,261963,5827017,724172,746452,507898,574087,1497276,1667572,3664
1700533,1451781,1598322,998708,127578,5162741,706701,747829,534990,577990,1562924,2520209,5910
1989957,1857737,2420351,1832480,461049,5872732,503121,523149,455245,580880,1480227,2992372,7405
1439513,1697240,2058470,1577689,350973,5724182,701751,730193,513693,507462,761238,866809,4903
1431173,1551109,2077867,1611807,449084,6830113,943148,989440,606833,565683,1529190,1630334,4954
1693216,1426920,1629332,1288150,126332,5112636,506360,758066,518864,568431,1503193,2393196,6095
1754189,1689327,2011464,1514845,333311,5061930,460240,283639,464722,567220,1524868,2487062,6562
1691018,1632028,1954193,1508056,345579,5711103,717408,747135,463870,445392,760705,1590341,5517
1098617,1480799,2019718,1548178,463910,6326973,922757,947750,552239,610857,1495152,1666190,3162
1715495,1502050,1640382,1288641,125342,5128025,485909,744633,522878,583919,1562731,2529089,6080
1714478,1689756,2021731,1549306,353528,5097179,497650,282449,456010,504583,1476136,2325860,5952
1792872,1630083,2008491,1543604,341291,5630572,682948,713567,458643,519731,813079,1673077,5181
1141851,1572261,1737041,1582619,343582,5707537,725513,766062,560909,604882,1228888,916575,3230
1749308,1558249,1669083,1304213,241657,5751868,682092,920521,584883,640776,1794246,2972032,6193
1769488,1779503,2037376,1557374,338937,5028827,482901,283590,498888,547308,1568275,2522974,6314
1707889,1673023,1998430,1552184,345148,5720696,713670,749117,484031,537820,826074,1608782,4419
1818348,1900497,2475911,1864395,454209,6439722,895403,921091,612157,619073,1205399,905202,4609
1393033,1404631,1261864,1316351,234438,5709163,706170,747375,551320,613983,1578351,1673303,4496
2058912,1975781,2498431,1644964,360430,5242359,501315,526393,563015,677118,1909778,3125974,7485
1804704,1774339,2088770,1588651,336146,5818581,678794,552434,510102,482697,1137292,1677605,6847
1393072,1596476,2007824,1551888,338854,5830394,710237,741237,556492,618910,1198389,873725,3007
1422794,1387896,1268497,1346229,246968,5979628,733516,754978,545090,606946,1539000,1638032,4427
1778156,1682998,2049238,1320239,235936,4558283,480356,506093,540885,603262,1583698,2514797,6233
2061293,1993969,2458692,1874020,467355,6566233,720299,749858,522924,569607,1218699,2346956,7052
1095235,1529043,2059181,1579700,354268,5750071,702536,720497,507087,577556,1166539,913313,3316
1421476,1308408,1233216,1177919,215671,5559055,664299,700510,528863,578921,1498383,2043950,4636
1726466,1629842,2006901,1277629,234812,4504876,497157,520860,519230,570794,1498328,2332717,5985
1768094,1715572,2032095,1518610,339965,5583188,473077,494009,412024,521439,1169443,2523922,6354
1375260,1649689,1973606,1520774,342493,5730067,721466,753326,515462,512044,791713,887396,4510
3272400,3661044,6525036,4621251,1402826,10504831,2085502,3157452,1176795,1398474,4450745,7610069,10818
1761970,1791444,2089013,1598805,355024,5837705,713404,732867,487313,477106,808895,1666212,6324
1442747,1790462,2065099,1612410,342630,5873478,719664,759588,587290,575549,879418,883304,4378
1099437,1451475,1694919,1335997,351853,5858279,717665,747810,553482,608520,1521289,1615123,3180
1786192,1565335,2048629,1576305,229542,5664276,672965,912971,585986,668321,1913126,2508835,6325
2024471,1917295,2389777,1811745,448838,5713996,705969,512608,506937,553365,1570444,3150984,7547
1473531,1789033,2115822,1630072,358849,6027887,726731,748063,553375,601557,854996,914599,3179
1092599,1366660,1288156,1320922,342785,5857373,698724,738790,547427,605738,1606920,1719039,3064
1726526,1709108,1936043,1331433,129140,4922407,502106,759318,569295,624899,1561734,2347331,5834
1768423,1834302,2097997,1598733,234013,5008552,272859,509064,493595,607126,1558944,2497239,6399
2064354,1910600,2414738,1815889,458128,6298441,958004,766138,536506,528890,1199959,1684206,6100
1132475,1430131,1677387,1603810,356136,5701247,724609,746011,563322,612530,1536038,910604,3256
1784413,1522776,1643301,1015617,124807,5094214,694628,733558,548385,596466,1591764,2553261,6419
1728529,1795644,2005717,1548901,349422,5036860,276852,289432,500311,615243,1546371,2353605,5667
1798389,1774352,2068688,1583058,355859,5776356,712683,716312,476536,467895,864243,1675949,6154
1388168,1572245,2019047,1810886,434784,6286576,898822,950492,617377,675827,1604386,888516,3184
1807598,1647667,1717075,1105326,133585,5237341,722860,750264,575501,614089,1554239,2367761,6461
1808482,1722896,2041542,1569125,342545,5080756,273001,285840,479887,583594,1532810,2494166,6561
1726299,1732593,2023561,1567505,343174,5739668,721766,755984,489275,484219,802161,1678693,6090
1064034,1606837,2331025,1740440,453609,6302835,922098,951006,540446,598116,1122128,884818,3098
1738579,1455130,1592462,1272927,333387,6205216,892834,936913,568940,631009,1556622,2506705,4723
1934341,1853579,2319078,1537811,345993,5090181,440962,489769,526209,649741,1837140,3023871,7002
1754745,1719181,2038008,1570370,348498,5691504,702773,723822,470912,459046,795754,1644356,6297
1084705,1467258,1998760,1539068,339230,5771169,705422,745614,530014,583978,1180566,888298,3252
1056815,1337855,1239488,1284309,349036,5706462,716874,749529,522224,582443,1463837,1625957,3179
1757696,1677558,2015111,1250233,124941,4353208,485098,718898,517637,571651,1530587,2501134,6301
1951275,1769001,2315373,1772023,448489,6378534,706466,491716,404666,508004,1558788,2720577,7028
1393877,1723633,2055305,1565238,354362,5810602,717042,738451,520825,579347,780251,866676,3047
1043604,1351739,1255682,1287359,336085,5806482,692522,731130,541751,594588,1561046,1705835,3194
1675141,1741901,2071093,1336719,127277,4832257,496659,751074,549330,605682,1543093,2363916,6004
1677073,1822593,2117813,1635429,351455,5959603,482134,282220,451698,547908,1546915,2495370,6390
1657607,1806391,2418244,1854926,444937,6436827,929556,988417,631201,631814,1222755,885287,4580
1206017,1457756,1302990,1335812,263818,5872384,724943,756559,562306,615220,1545891,1654233,3720
1746305,1860644,2142712,1362993,127224,4690095,486165,742162,589029,638995,1653217,2618068,6568
1670415,1967941,2125054,1659447,349726,6014081,510714,288772,500548,607133,1649186,2415758,5897
1686977,1874329,2111348,1631291,354281,5921294,716624,737329,575115,571456,836779,885450,4542
1061392,1538069,1709556,1600261,342354,5849963,700318,738713,591161,648830,1629740,926105,3175
2276398,2057276,2475276,1625511,347554,5911941,938009,979983,698548,688286,1929383,3093891,8278
1778829,1704993,2043896,1569690,351863,5560769,485655,486043,410238,516054,1256938,2512576,6285
1697771,1637640,1965909,1506424,340618,5683506,716823,747922,479438,448511,800362,1629947,5805
1080725,1589052,2109671,1614637,361267,5944724,739739,757537,535662,602035,1174235,899105,3202
1459386,1479752,1304169,1077509,231451,5777865,691455,727030,571992,627754,1595414,2500181,4638
2040127,1895912,2413280,1842687,358117,5188118,510423,513990,541277,594007,1920052,3123061,7258
1778932,1753506,2090757,1594895,355992,5832711,711507,733449,478134,535094,820903,1676242,4804
1123708,1657091,1765412,1605672,343634,5821978,711683,752408,576701,630887,1233906,910108,3198
1396502,1375337,1283766,1047666,241105,5772829,679991,707762,529333,578042,1453446,2214976,4673
1770773,1806315,2083761,1610859,238225,4431844,270439,507926,563430,608442,1600016,2546357,6325
2027761,1904551,2397391,1809783,448818,6472390,939337,746617,494573,551473,1212641,2440759,5971
1135329,1565611,1656968,1554365,345354,5748346,710410,734484,535115,581099,1169666,905433,3266
1479152,1543604,1662830,1062712,231300,5202524,688118,723351,544353,600731,1593315,2526886,4985
1751327,1779679,2051761,1581044,241665,5121390,276387,524668,493252,608307,1562892,2402194,5863
1785903,1839222,2063994,1593462,337581,5697972,676213,470181,450605,498404,1210580,2183404,6340
1443596,1720252,2051070,1829335,447627,6464964,924374,979440,620853,674320,1216615,893345,3197
1706104,1787544,2030942,1320156,348803,5972412,931360,751044,556596,608480,1876288,2999480,5678
1762996,1743587,2053049,1297319,234044,4536779,473185,494816,543392,596094,1547745,2508963,6404
1747628,1654268,2059482,1605807,347083,6339068,492937,514254,414038,516038,1184233,2390786,6321
1438937,1783590,2105258,1605719,357699,6050182,715253,734827,529213,539660,826000,897264,4724
1095734,1408196,1659719,1473459,335279,5867291,682347,721748,552346,617961,1571184,1305483,3144
1997719,1835519,2082815,1344297,236778,5248326,737958,769873,634991,683001,1897047,3108256,7338
1731708,1795107,2128223,1641273,362189,6166768,494706,514862,460682,570955,1219685,2573344,6489
1321070,1787305,2056578,1581770,344402,5966214,716760,756568,581344,570855,850877,863465,4507
1090805,1430935,1692152,1332335,362454,5917311,734934,765253,562774,608503,1532478,1664375,3145
1345373,1634360,1660868,1043646,234673,5096202,704782,743319,580483,630327,1620256,2613055,4853
1885328,1984779,2442291,1862922,361078,5261491,502388,525040,569509,625715,1936141,3183202,7135
1666336,1817872,2090767,1592891,357920,5835887,708609,728974,499143,551466,829215,1709932,4720
1035007,1544830,1663371,1578342,348049,6135401,721702,763722,575327,625665,1221899,875890,2924
1360752,1642531,1731275,1111771,248369,5659402,743757,775255,576818,630248,1552958,2404400,4617
1732832,1837981,2130477,1621872,241296,5329394,274484,513872,511820,622476,1584871,2627629,6600
1923620,1967397,2418253,1832865,466574,6579963,966911,767118,568079,565080,1217067,1674489,5987
1329518,1791068,2102460,1874187,363148,6020108,731700,986642,612443,674098,1785948,1651974,4429
1674338,1778438,2048003,1321607,325237,5215838,689272,757681,628395,696791,1950785,3339408,6224
1625123,1777747,2084056,1614747,245164,5463882,275270,527369,526768,634770,1572139,2414353,6010
1668120,1859872,2126793,1653318,362116,6089254,714981,508501,510026,497048,1212272,1713590,6468
1391001,1626635,2091615,1609335,353270,5978941,728059,769758,570508,628406,1220600,901867,3254
1623957,1578828,1671973,1295265,243728,5731527,965362,1008563,593094,662641,1862139,2399218,5961
1711141,1792606,2118103,1615113,346100,5304731,273006,302677,498979,612739,1587964,2603493,6640
1601483,1750354,2023781,1562864,336315,6081123,702014,541072,514231,486729,1126754,1571923,6092
1330270,1644652,2125781,1636720,363067,6195996,730461,751404,576873,626982,1183951,893483,3275
1037411,1469624,1653849,1297550,346420,5852314,711556,754910,569251,624881,1595789,1755640,3120
1949342,1769563,2077233,1607945,243731,5315283,493932,758735,613024,675930,1891684,3099595,7318
1683865,1825254,2099964,1603577,357568,5853830,710317,513102,451328,498271,1207568,2586976,6294
1328042,1786660,2053210,1578432,349842,5881867,731649,768612,577244,618444,828991,862241,3263
1003770,1498598,1583451,1326894,345597,5975635,701634,723103,569944,617789,1516201,1667903,3079
1734738,1667069,1742316,1386493,130408,5484083,497084,737247,589992,646713,1637084,2615596,6688
1946311,2011332,2448409,1856798,468894,6114436,729889,519823,524197,570091,1604385,3216685,7305
1380962,1831869,2113042,1634458,363993,6146335,723980,744692,591042,642633,854085,882003,3044
1000273,1477998,1309888,1337062,348309,5977633,715689,757134,577718,642984,1631351,1750468,3008
1642924,1811064,2132007,1355838,127359,4707949,507158,768279,579574,639375,1569386,2391000,6386
1666085,1799420,2072260,1604131,341100,5419672,488820,283788,475857,532259,1519830,2477877,6445
1646550,1980235,2469329,1863610,456025,6879295,946181,992242,592828,649966,865110,1698854,4661
1026115,1482180,1333821,1407200,361851,6188477,732416,757681,587960,643581,1549118,1642637,3210
1670541,1776375,2065959,1313556,125114,4683278,490295,740428,560509,622690,1615031,2603220,6365
1633193,1739552,2045255,1597766,358723,6173681,504123,284790,445558,555072,1569536,2419675,5687
1628843,1808761,2103589,1615776,362908,6078724,721489,742397,562696,554825,812254,860924,4509
1035597,1617873,1689273,1593297,348582,6014105,716930,757792,582969,635572,1480142,875393,3128
1655240,1801840,2060494,1338456,245686,5352653,718470,986399,622595,682130,1887814,3086207,6098
1688133,1842229,2099741,1618780,353207,5887584,477377,278989,456792,561702,1572160,2547891,6308
1675014,1736956,2058011,1586605,350299,5928464,727526,766655,560119,547876,835408,898201,4694
1065814,1415208,1712827,1620416,360955,6085150,733729,757341,563040,622366,1546196,901306,3284
1705323,1621806,1703368,1085001,126592,5485461,710352,743707,577369,641754,1628904,2629066,6388
1919539,1989714,2457139,1865074,463006,6081376,510353,313940,524178,644951,1971713,3234443,7240
1716782,1784664,2104763,1616846,358432,5952043,714365,735550,566759,557779,817402,874499,4530
1006113,1584035,2082319,1619798,348617,6147725,726922,765465,571031,625063,1220834,883065,3155
1342391,1460968,1300791,1079412,355364,6728831,950305,990934,629507,687491,1869419,3124690,4591
1734150,1858319,2122330,1593831,238917,4641599,270129,508622,560941,612753,1602099,2598454,6361
1977804,1896453,2427917,1819716,471512,6527678,970087,772419,509682,548243,1213296,2485299,6254
1039541,1559522,2056812,1606523,350044,6127950,703441,726131,557582,620970,1168699,877073,2977
1390552,1413760,1295045,1065790,237836,5997281,710246,751455,572848,632181,1606702,2591938,4536
1615988,1773085,2050209,1576904,244707,4660712,275980,529666,567127,612566,1541272,2417110,6047
1722873,1769986,2111363,1620472,359719,6039534,708351,506374,431817,479511,1207600,2520021,6360
1345627,1736096,2043706,1586747,347577,5998797,724623,768839,563644,614711,821289,878286,3180
1363198,1636276,1664655,1300562,360798,5929348,963636,1004881,609608,661193,1860143,2397655,4512
1718543,1813486,2056619,1573020,222419,4675585,272069,510530,571228,628038,1550531,2479483,6349
1643531,1817206,2085096,1608380,356964,6092567,739454,527534,464185,500689,1197391,2474470,6062
1384830,1805633,2110711,1618355,363973,6013025,726083,745011,543389,604782,827014,895482,3349
1060489,1426820,1300636,1331009,346576,6052086,704823,745631,585022,634490,1627999,1759363,3250
2004119,2153450,2551503,1682764,248809,5514961,510059,769632,618203,728752,1974619,3215777,7475
1745152,1915402,2165788,1662597,363434,5980169,718679,516831,542559,535360,1281330,1744715,6441
1334268,1801200,2024184,1590357,332030,6069844,691771,732424,590576,649717,1009388,852060,2977
1070468,1610036,1752731,1665250,482552,6848101,969621,1011213,668016,724880,1926833,1665277,3090
1705145,1959451,2162761,1392730,235064,5436398,690994,944921,683377,752872,2040797,3358840,5933
1983682,1933263,2453099,1857364,472928,6765967,738999,528109,529860,578266,1612392,2480586,7204
1413991,1844644,2211631,1709895,365886,6114700,728899,751923,626529,675145,1257237,923706,3296
1394808,1524812,1364142,1377702,241251,6087758,717133,758004,602687,663000,1657635,1766358,4818
1712507,1857665,2125903,1387951,221117,4756612,507315,581924,601507,650126,1615879,2437873,6086
1743875,1893195,2150557,1662907,362332,6157590,494510,287618,468481,572872,1606395,2577494,6526
1671287,1863363,2463059,1892542,455819,6809530,945560,1002012,660450,670387,1286932,866955,4591
1403814,1571257,1362665,1409923,247015,6125728,739343,771118,608713,667763,1586514,1654867,4384
1763739,1889370,2159840,1381916,241642,4739899,493549,514999,603003,660235,1648656,2587713,6565
1689311,1947701,2129972,1654702,359715,6001131,512195,531111,511127,622201,1307652,2491651,6033
1501167,1777195,2098295,1609842,363985,5967397,727436,748852,563302,558780,853146,904749,4690
1081787,1539942,1726817,1620473,349104,6017124,712124,752778,613813,669436,1667067,913834,3124
1951220,1881045,2111799,1389411,248867,5484834,731828,763561,650934,714296,1964785,3167702,7257
1739077,1916144,2177761,1682681,364001,6169589,498073,513976,498322,599010,1267910,2580699,6704
1382985,1817511,2070842,1611389,350796,6038407,730828,773704,592204,580698,884216,894250,4585
1085159,1388656,1687321,1340370,364908,6005614,739822,770932,542431,606129,1502728,1662668,3198
1847306,1636559,1696478,1287992,129417,5086874,505073,733405,562914,627216,1606609,2600995,6559
2023753,1843031,2380757,2049617,566485,6561799,725825,746452,550247,671342,1918152,3225466,7232
1456228,1813538,2099036,1601253,360009,5981040,721077,740124,562419,557650,844995,913579,4830
1117822,1426346,1658503,1318316,347923,5853301,708422,748912,557155,619519,1591150,1745748,2929
1721397,1557223,1636676,1295996,130269,5158879,500608,744589,551830,591586,1516300,2345562,6205
1787448,1818021,2118875,1642797,359979,5308492,495744,289049,505894,546742,1580364,2532892,6564
1983693,1919603,2377150,1796095,453847,6471946,942683,759374,551596,544442,1170777,1637112,6181
1075565,1444333,1606123,1536382,340942,5941537,692337,709130,506000,559160,1234634,892301,3258
1450981,1568685,1629135,1054860,235106,5028949,667962,702491,535961,600889,1516807,2492138,4860
1725620,1734244,1990999,1532797,240712,5089040,273588,519804,491542,595117,1533590,2403613,5929
1765561,1613551,2004793,1530310,353382,5575196,699826,499980,450296,436599,1151131,1676033,6216
1369228,1504963,1980328,1751637,456692,6277746,940145,997756,578474,630538,1542998,867998,3009
1667958,1491910,1610024,1023116,125737,5131858,726953,758233,516440,576478,1478812,2359097,5921
1748412,1710633,2016111,1536521,298008,5128547,275855,362354,461626,575933,1522940,2505153,6617
1705635,1616829,1955509,1509408,334552,5843245,695402,511254,475770,450550,1148991,1616793,6158
1411338,1482875,2001891,1508232,343415,5772264,699068,718281,512079,562201,1110041,899613,3227
1404424,1315396,1196976,1262745,236868,5656984,698895,737312,512776,586095,1561805,1729606,4607
1991481,1822924,2730711,1807182,461449,5852742,699181,729274,597797,705648,2191798,3109059,6999
1710201,1651315,2029412,1539358,361486,5826108,717101,738116,459849,438856,794675,1690315,6133
1204584,1474627,1925919,1470258,327272,5699907,677556,715966,505451,578265,1139735,880192,3079
1413289,1337919,1255731,1320757,248020,6004110,724239,754871,516141,573086,1485537,1596202,4715
1740877,1711892,2082236,1301648,242420,4508021,489079,511658,528389,592030,1558530,2597704,6449
1974371,1889597,2399477,1818934,461889,6693706,729918,761415,489327,556745,1231077,2495158,7455
1054192,1622007,2113956,1637734,362706,6011298,735631,755514,573155,621955,1181507,865871,3070
1351529,1454970,1308905,1087311,237181,5938231,706878,742169,589207,642851,1619335,2590374,4715
1658310,1734737,2060937,1496261,243517,4722704,294583,526713,571102,622156,1548005,2408252,5712
1708559,1784558,2128810,1643758,357540,6125467,491109,497091,444821,542740,1191187,2501753,6397
1399318,1792821,2445854,1832241,457279,6500165,937965,994418,618011,616507,1223738,889846,4651
1361745,1425854,1288072,1069927,243673,5863835,732542,766700,558914,612752,1524061,2406255,4659
1719757,1757766,2083621,1570902,239733,4389043,277170,515782,539657,603316,1589430,2638286,6705
1731709,1554181,1957723,1496122,343114,5800627,712940,508962,422796,453026,1180198,2447866,6061
1126926,1517353,2114017,1661042,363139,6476451,739463,773287,561194,622726,1222528,875696,3191
1395956,1300925,1253429,1227889,217351,5747735,665421,693452,528803,586419,1525330,1899739,5003
2315848,2142095,2796775,1846693,470961,6013874,730852,762292,639115,699423,1974224,3220442,8251
1716503,1764734,2480363,1874074,467553,6671784,934026,955603,546080,542274,1165809,1694387,6247
1037961,1609133,2064287,1568608,346972,5905535,705036,743258,560405,610539,1201491,910040,3228
1344182,1404769,1264976,1042843,242820,5837901,730507,764023,560770,614527,1563331,2424101,4623
1714481,1817611,2119721,1613774,244870,4758023,277298,517012,558669,611960,1565540,2555626,6390
1938155,1982717,2381977,1817203,440497,6504143,791185,765375,491293,537723,1162870,2425099,7554
1055617,1586276,2047583,1577719,350959,5925283,715577,746383,546465,592623,1163330,865954,3063
1359746,1439479,1283234,1043097,237886,5700096,704558,735553,537012,588694,1560550,2589257,4804
1641075,1709573,1980872,1517274,235636,4402906,271474,524961,526406,588171,1512089,2429147,5933
1698219,1650363,2003254,1521057,352627,5713037,709875,506676,386164,429633,1115140,2413089,6226
1415481,1619781,2163443,1727696,432728,6254183,879679,930586,573127,635717,1142048,888008,3149
1388894,1340525,1219664,999999,235792,5774508,709528,735989,503731,561634,1459036,2315397,4517
1740349,1659406,1982787,1518848,236261,4392381,267932,483517,503870,559770,1462394,2457864,6628
1701373,1620134,1959137,1491511,340206,5795466,495402,282085,415353,507331,1508087,2420765,5954
1786108,1792848,2098798,1615024,361694,5992582,728918,748804,542035,545100,839847,917126,4944
1429028,1403928,1631793,1507987,331937,6215389,890877,939105,598024,666922,1914089,1731122,4518
1726461,1665472,1997136,1301394,219298,4557614,489850,560929,535648,593478,1542105,2377763,5837
1740697,1710674,2016336,1524071,351956,5724060,476522,279237,409884,522897,1489295,2469244,6209
1848122,1860772,2363660,1793484,442483,6480157,908803,960732,605094,597890,818127,884158,4398
1083855,1299238,1634515,1558877,355541,5796605,720590,753649,533134,579342,1486321,865623,3048
1768324,1553842,1662223,1029020,125847,5232721,700776,730391,528246,580033,1542558,2566166,6548
2020427,1911581,2417793,1838337,355538,5256891,498621,522542,563782,621950,1939602,3194590,7348
1725645,1632032,2019937,1541397,356007,5767793,712628,734753,453162,453869,801648,1669115,5337
1051080,1532342,1917348,1463083,325334,5752379,670288,708355,516300,581114,1138182,883100,3168
1382392,1277390,1209970,1006722,239225,5692549,718072,749840,514073,567905,1478199,2313145,4336
1742076,1674220,2053815,1563066,236793,4446551,269710,510808,525846,576397,1524999,2528139,6392
2056652,1770103,2286208,1699335,439275,6244826,914651,738364,447894,485742,1122425,2408560,5991
4679098,1721319,6836902,5348099,1134188,10919133,1769846,1908397,511456,611145,2694794,5349051,6176
1413809,1465760,1596073,1012755,232658,5244392,695686,724420,513330,576886,1557316,2582919,5198
1634138,1619789,1935350,1487982,222648,4542067,269059,512772,524903,569744,1479165,2321341,5949
1747634,1671909,2022641,1540236,355323,5906813,703989,500379,400087,443050,1141410,2485259,6396
1353667,1709139,1989156,1755689,448611,6290545,914661,968331,580466,653014,1155271,877666,2964
1387884,1477009,1592589,1013386,240319,5197400,709312,737763,519884,567304,1468371,2311666,4510
1769182,1626947,2001328,1515250,230567,4922157,264668,499287,464352,559105,1493649,2490429,6451
1793372,1733022,2006658,1534816,337052,5848257,704351,511421,477040,469459,1191846,1706444,6492
1381502,1754336,1991948,1545406,335027,5712118,683417,710422,544539,593192,928554,886564,3126
1155759,1420173,1252657,1275198,342909,5751907,693231,723936,553818,597327,1597494,1757851,3288
1957688,1853710,2322127,1535627,243025,5178106,483522,736213,513237,641893,1870452,3149291,7413
1776614,1821945,2070768,1581018,355102,5925071,713678,511386,491692,485970,1171297,1679837,6414
1403739,1564504,2037336,1560359,347782,5797542,711572,752937,554791,606889,1205445,894247,3006
1402104,1426509,1273023,1301746,239370,5740177,720641,753785,552011,588097,1519399,1605058,4415
1746682,1767374,2033080,1301832,194579,4458127,493022,573396,521081,586314,1517247,2478662,6427
2039895,1878993,2354800,1770776,448397,6228260,711119,505577,488163,528500,1573125,2502226,7632
1452992,1601164,2057082,1568490,349914,5788099,709257,735634,541572,590532,1182591,898561,3092
1406858,1336936,1221855,1265359,237355,5788944,687872,716236,518591,580197,1523351,1715693,4886
1665381,1626421,1978076,1270577,240522,4438782,491243,514849,519861,573539,1534816,2444378,6070
1748214,1709978,2061372,1569901,354527,5832679,494590,513002,427338,529584,1149588,2480525,6278
1553465,1667320,2393364,1768886,455052,6469656,922066,976408,574893,578868,1163059,939751,4903
1355096,1340353,1231351,1293840,244695,5846977,727507,756539,525958,586361,1496642,1610127,4634
1767730,1660651,2032449,1283712,234743,4348271,473240,497314,523587,575374,1519051,2524610,6710
2009535,1821260,2321817,1731243,334300,5625272,481317,746615,491729,593893,1567549,3260343,7181
1704977,1855722,2327117,1744152,448117,6426491,907038,942935,493199,488219,776065,1574110,5861
1365371,1263312,1585217,1237048,344685,6252434,915120,955847,535787,605172,1895811,2581055,4480
1690813,1685214,1978004,1438973,236242,4422057,292597,526908,541227,578505,1526062,2411743,5883
1752175,1802642,2127124,1644913,360592,6241237,509268,518876,426335,540349,1180995,2491517,6537
1333022,1736251,2060763,1572736,346417,6097272,713211,754159,562831,549555,832018,887850,4712
1044607,1449641,1679561,1320148,361506,6073903,737097,770544,572991,620199,1561095,1646448,3398
1702980,1619401,1674616,1332692,123693,5258111,479435,726611,561913,615807,1564980,2538439,6304
1891548,1891542,2392684,1800726,459666,5792356,728048,525185,480882,527866,1590600,3322687,7349
1377340,1736758,2070322,1582801,360349,5980513,731547,758568,544105,567906,807202,852604,3225
1065253,1386761,1630995,1331051,338576,6010951,683336,713547,570500,625005,1571870,1737440,3276
1626264,1598545,1684082,1331022,125594,5436313,505113,768511,558292,610064,1552595,2449153,6059
1699242,1835028,2096329,1609364,361177,5318776,494610,275572,502445,557450,1556347,2506347,6332
1702542,1955128,2430115,1805295,453247,6404172,918885,976430,554667,611896,830046,1743729,4985
1087757,1406394,1290042,1342826,364254,6042445,735753,765392,560823,608072,1555121,1662859,3341
1696040,1713381,2058651,1316522,123450,4538888,486790,732233,555644,618731,1582398,2571672,6438
1641618,1767530,2009987,1559913,330214,5279928,495216,281631,515439,564490,1566497,2409784,6142
1708604,1791015,2067386,1585269,351814,5872338,714977,742992,499084,542728,823908,1639090,4726
1361707,1781919,2028155,1799840,562420,6939621,1118394,1167004,611770,670334,1582606,2532274,4810
1620574,1715754,1999825,1294699,124067,4449999,502308,765486,543825,604503,1547136,2433738,5870
1682739,1775796,2099020,1591041,360756,6040492,495599,280310,422438,528300,1528962,2503021,6355
1702717,1738948,2052780,1559241,350191,5989732,719531,758739,566647,548850,823519,916274,4789
1034382,1606451,1641163,1581537,343723,5894208,703815,734166,579163,622748,1361978,872144,3128
1378010,1653448,1698673,1092771,241227,5264828,691840,719132,566480,629220,1565157,2491694,4661
1959127,1863422,2406819,1807630,347627,6029053,498651,523877,487812,598683,1955343,3344643,7433
1699010,1776635,2083785,1586919,362422,5931266,732988,758719,561085,553944,823729,881595,4648
1061250,1443922,1676768,1590174,349325,5786637,703059,735411,574213,632619,1614698,889525,3286
1666064,1539914,1633658,1041763,123424,5219108,732911,766238,559217,612299,1578446,2455327,5986
1702341,1792157,2084139,1615842,341731,5369251,266419,314278,501127,611871,1552472,2489223,6183
1996973,1981189,2441630,1813785,452904,6516747,923463,741656,584271,565617,1214045,1742331,6315
1032066,1441787,1695141,1626856,362779,6105830,733707,767512,565530,621393,1555138,891020,3366
1740581,1517415,1651591,1040469,124073,5313705,708002,733762,522869,584154,1551418,2569113,6403
1670743,1735970,2053421,1583080,348094,5403927,270378,279914,498981,613709,1594375,2529703,6313
1688804,1816687,2088591,1597601,360258,5794982,730391,759666,492228,478150,822363,1673879,6262
1481604,1741423,2430445,2046670,565491,6848303,1124092,962668,584776,652397,1926708,1701961,4818
1660188,1488227,1585881,979942,123603,5058074,734028,765650,519068,577032,1531015,2462439,5642
1769987,1643626,2025598,1563964,357260,5205330,268828,281313,465584,578576,1507854,2455298,6126
1753232,1584725,1943168,1472081,331766,5768672,682871,721724,458791,445338,805521,1725552,6243
1068801,1485823,2025398,1547514,358628,5943120,731628,763166,513457,583826,1151147,890127,3218
1763710,1498627,1618830,1232801,240847,5673812,706003,941280,560196,625946,1859727,3378800,6486
1657989,1610365,1928384,1490352,326250,4988747,303745,278568,460197,572350,1513130,2384019,6088
1734221,1694141,2038520,1534561,356557,5794218,722137,751199,450021,434629,779958,1632459,6240
1079958,1521374,2008263,1520783,348417,5609208,702585,733512,523656,584494,1162721,883252,3216
1347059,1302594,1216226,1009681,238651,5635678,730984,764605,529190,578181,1525916,2431594,4371
1752669,1623685,2014039,1533759,233554,4652410,270223,505439,496397,550411,1467573,2418584,6309
2020107,1858209,2354954,1733286,456357,6181977,930152,748484,452642,509164,1159446,2589612,6108
1077321,1540583,1882078,1550512,349321,5897169,709734,740388,531328,577528,1132632,866785,3152
1426685,1418956,1318343,1070670,239482,5895743,706309,736711,545249,596824,1552789,2547145,4746
1659469,1715562,2017319,1566021,236637,4698667,270927,506567,570329,629029,1590252,2482171,6192
1650271,1788157,2081258,1604579,355640,5976823,722207,508271,449952,490642,1177156,2370459,5979
1365223,1715297,2057763,1798131,573716,6853943,1134479,1184676,647167,718882,1544393,1698967,3143
1661854,1657661,1999105,1295213,348609,5948164,943838,755043,518254,581273,1878141,3157938,5912
1719276,1707891,2017726,1541742,224852,4623089,264466,508310,512734,572705,1443781,2390250,6418
1733323,1643916,1979747,1505855,339079,5712347,691993,503608,401561,442210,1172731,2545003,6163
1393644,1697933,2031063,1567541,356664,5888379,725452,760192,533670,574682,789886,889843,3337
1390959,1459885,1595782,1271770,359011,5734633,910931,945371,536244,608686,1858913,2525451,4881
1712194,1665651,1990809,1530982,231805,5132464,272272,526745,482046,585241,1552979,2479934,6058
1701873,1649959,2031515,1540419,357062,5908187,726187,520744,461040,442193,1121727,1617886,5992
1425963,1689455,1997875,1508178,337183,5707161,680452,711115,513551,577406,1030261,867291,3367
1065332,1304690,1618052,1544682,355953,5942468,723259,752249,530137,595157,1523922,867724,3070
1774585,1584898,1678502,1032631,126563,5013107,698287,719249,530587,589550,1504256,2504446,6691
1437602,1599235,1666074,1282031,346972,5753779,930269,970431,593219,654325,1827023,2354095,4591
1715440,1622872,2036273,1542248,234799,5072763,270949,500958,452393,561508,1534119,2541955,6629
1698197,1692839,1995559,1514695,348016,5754335,724913,525810,469145,459156,1162058,1656110,5978
1425760,1776848,2093070,1620109,357218,5893486,720597,742822,544125,610827,1124969,890952,3104
1119696,1323098,1227159,1258118,341497,5776235,707429,745732,546931,594758,1595460,1775845,3350
1998853,1884532,2392176,1578361,244865,5176146,488618,753529,530230,662140,1895851,3141465,7191
1791493,1825575,2072235,1835866,456303,6475206,892683,707308,552937,548617,1497806,1644245,6226
1419274,1562298,2034844,1586061,344577,5887056,716121,757545,568028,623234,1208302,855941,3062
1450509,1488655,1312558,1340051,239253,5826451,724746,752407,552019,594416,1522383,1671040,4579
1774476,1725739,2033583,1287497,231129,4383131,478529,506880,519635,579186,1541731,2556999,6405
2014120,1989144,2384094,1799964,444590,6452736,692189,569618,510683,564273,1474183,2342323,7325
1436012,1552035,2062198,1586769,364961,6016908,734234,753341,536914,589273,1189049,914885,3279
1415146,1381380,1284057,1309089,235928,5802975,698614,738413,539073,602875,1596950,1714641,4519
1741460,1560356,1646337,1304629,126560,5197326,476951,730144,542575,587213,1485941,2264846,5828
1772720,1755845,2053549,1554544,349070,5106991,479414,283095,487742,533808,1520805,2516997,6370
1723503,1956149,2392716,1795740,454396,6330072,945464,993344,537498,596995,850008,1694563,4719
1103408,1387818,1535652,1318399,340475,5870605,691321,711061,545831,598595,1497825,1658546,3304
1804492,1600669,1680901,1311335,124772,5136864,480851,722556,561742,609931,1594544,2572379,6818
1681457,1984488,2539090,1951511,476265,6797686,749971,555653,596834,674826,1525383,2389134,5814
1413422,2058177,2558734,1939501,480837,6943424,964366,990180,630700,626902,835721,896968,4491
1155179,1443396,1713038,1340638,352159,6034143,715741,758520,564905,629562,1633100,1771735,3422
2003845,1730908,2046005,1581538,245503,5053757,504365,757878,582937,654386,1883360,3163513,7172
1769766,1806198,2062091,1599330,343866,5864194,611990,513194,457247,552824,1173382,2417086,6385
1409214,1688810,2201472,1761519,430204,6301608,887026,939281,599312,603884,1160149,886022,4450
1143868,1471205,1674439,1305641,356508,5860599,723911,753183,555684,610205,1520627,1666751,3429
1763951,1414377,1609995,1249203,125816,4981177,488316,726301,508471,569562,1546716,2585984,6347
2017313,1797898,2342118,1744417,455455,5653112,727971,527986,464889,499520,1498554,3202437,7342
1409816,1727532,2069814,1573769,361007,5983481,731112,752103,505318,576084,796265,879528,3118
1042831,1522818,1664890,1564025,346630,5956704,715404,754965,572728,623249,1508106,897371,3158
1330291,1637582,1668713,1072589,244432,5233329,716113,746932,570854,618533,1526507,2317133,4492
1716573,1772503,2101569,1600610,242880,5114347,273673,513608,513504,622148,1585388,2581905,6422
1966162,1916483,2423835,1833108,463577,6526142,963593,770348,561540,553930,1223096,1688857,5893
1018830,1406235,1697715,1619639,363161,5964464,736737,762117,539778,591477,1528029,876102,2981
1719398,1567740,1676743,1054964,125706,5227640,707250,737317,551814,608671,1591130,2574532,6187
1648070,1788543,2063025,1601646,347268,5334642,271731,305673,505148,624988,1581983,2454845,5986
1662329,1800256,2094469,1608957,357978,5813811,712486,515162,509259,500971,1184443,1670648,6249
1394577,1587182,2085653,1849606,461295,6695537,939429,994649,616105,693300,1622222,922643,3296
1665819,1592741,1649278,1034137,125274,5194585,729017,761390,546532,591940,1519107,2377424,6117
2056197,1980061,2496790,1871700,359707,5241471,273857,514122,562355,677192,1941629,3414892,7762
1643813,1659430,2019185,1562582,351973,5938604,732214,766350,488558,472572,815175,1698690,5831
1073611,1591954,2111768,1627064,363921,6142075,735876,759875,551167,599412,1165145,873493,2998
1402654,1406415,1289845,1277632,220947,5960342,663619,695527,571471,622609,1558318,1819540,4940
1924257,1960846,2413954,1577726,357455,5136189,504574,525210,546372,667532,1918826,3230856,7110
1706397,1785912,2122634,1621592,359834,5952529,720793,743529,496896,499498,857626,1721095,6472
1076188,1521430,2068551,1565606,348454,6008588,715955,758947,551544,609580,1217621,907188,3073
1356090,1424582,1273815,1048591,243595,6003433,736125,767749,561264,603179,1539504,2391209,4577
1706300,1784743,2084840,1591779,242739,4495068,274269,513609,552840,611349,1569756,2575983,6520
1955041,1893957,2377886,1804952,445924,6544578,812387,769096,487591,532164,1145741,2399857,7449
1044474,1621952,2070304,1600070,358174,5886034,727834,753640,543952,591751,1155699,889703,3215
1389976,1347325,1274530,1048159,239539,5847656,709060,739694,561736,622001,1608689,2616480,4869
1694714,1703212,2055397,1595835,242641,4734118,271344,525978,556992,612797,1558454,2448194,5907
1712790,1798103,2100964,1601253,361807,5880413,492171,283887,461106,567627,1585523,2570297,6359
1683327,1925595,2385842,1811410,441075,6533124,915855,968030,632515,634640,1025464,869826,4589
1041171,1426520,1293329,1350329,367002,6082273,742004,769544,570011,618998,1542463,1671151,3115
1712272,1796841,2103155,1339137,124793,4606722,475371,722470,565191,626044,1590205,2557812,6686
1679613,1705609,2051603,1593305,354689,5994511,501936,282343,457251,563381,1599134,2489367,6026
2072868,1885729,2480430,1872203,473328,6693279,945872,970644,607131,534769,821597,897330,6140
1043005,1419416,1690050,1566159,342723,5883322,695956,738214,571244,634750,1606310,898456,3096
1966306,1751093,2067471,1341935,225253,5177301,735021,804831,609104,676662,1916033,3187899,7173
1694963,1848358,2112623,1631068,361994,5891974,495657,284575,459232,570348,1590591,2555128,6439
1634491,1762293,2057185,1583947,346819,5979091,722981,764481,566083,553196,836186,877963,4662
1059472,1427389,1727431,1648851,362690,6155201,737996,772092,571699,621030,1542073,882556,3298
1715995,1610144,1711938,1072550,124082,5327654,707002,735875,563061,625405,1603754,2611437,6603
1973375,1879860,2409082,1820600,468436,5879782,503239,525111,491741,606898,1571753,3281386,7426
1490589,1789815,2122252,1621971,363689,5904010,733952,754955,562895,566878,848257,888239,4781
1007184,1382587,1645280,1534480,344568,5799379,700767,738677,556758,618315,1597833,942993,2845
1361067,1349176,1284259,1058283,245792,5956946,734334,765547,555831,604810,1526079,2372222,4534
1709212,1791190,2098692,1609607,239355,4674319,266925,509767,543083,600737,1566609,2582709,6447
1979437,1898092,2418657,1811449,461461,6478724,961424,767627,492020,540617,1210570,2524550,6257
1084148,1616437,1712297,1617926,363365,5935547,737921,760524,563137,608379,1175060,914994,3313
1388432,1461424,1624019,1049604,239374,5410334,712064,740506,546478,606394,1605177,2639105,4975
1626977,1664629,1986262,1544711,225062,4751988,272390,524922,546988,608980,1515755,2327271,5731
1725321,1742659,2112000,1628051,363546,6071353,721317,512086,453010,484762,1182323,2528083,6363
1696363,1992431,2441668,2069553,563417,7014007,1144687,1210856,609129,667271,1193391,1711334,4788
1334983,1560739,1667583,1050152,243681,5222918,733858,767131,558357,609981,1546815,2392857,4602
1694686,1757505,2091031,1604865,240231,5161561,268448,510740,484052,602280,1581692,2600639,6394
1717438,1782583,2118737,1628146,356751,5950195,745310,532229,529647,516456,1285493,1757169,6057
1430692,1942225,2138152,1667745,348126,6222851,711157,734251,614005,665199,1003908,930514,3342
1072737,1426008,1277708,1348757,351684,5961572,710881,744664,567967,630664,1634247,1756901,3216
1957756,2030394,2429853,1623936,245120,5197874,499344,761901,604644,712942,1976142,3184929,7066
1713903,1778594,2135275,1646080,364524,6044402,726666,517074,518287,505099,1200900,1696670,6388
1415456,1846980,2117425,1647084,350566,6116759,728720,770873,605536,592503,885195,897595,4880
1065591,1457955,1711459,1365414,364302,5967828,736644,766322,570153,628227,1557522,1646397,3240
1699790,1688438,1710016,1200941,126967,5229043,550439,704680,586229,644623,1588783,2512413,6466
2006595,2015775,2478907,1884725,467640,6108882,499280,519171,552439,665576,1657417,3280968,7527
1382341,1869594,2125131,1666071,365120,6222310,733862,755135,599220,596221,891519,880741,4515
1096749,1559077,1744577,1383486,352550,6002548,714482,755347,602441,660091,1658005,1756577,2980
1657603,1608051,1684624,1341777,128433,5400406,497757,760345,570291,617192,1558366,2375408,6084
1728281,1944568,2493879,1872567,481084,5885449,713412,507895,548644,596891,1558616,2561245,6462
1700254,1926710,2439422,1855468,459458,6600352,951711,1008252,568292,567191,844653,1684495,5115
1389652,1584247,2097544,1612800,468944,6728588,728270,759404,571087,694431,1879698,2332237,4526
1719206,1594157,1700205,1320513,126230,5128642,491310,736947,568648,617607,1599440,2610260,6372
1651673,1842674,2111988,1637136,356640,5341237,503805,284476,531036,581506,1628686,2492903,5956
1765735,1909107,2186431,1688994,364016,6233015,728181,745243,538673,596470,893362,1681097,4666
1119525,1660875,1725511,1624147,462448,6679661,933663,986655,632336,707647,1636491,1770959,3178
6983668,1950387,9224219,6468763,1300487,15207260,3143192,3860282,604101,747066,6112661,11526226,9717
1730237,1751761,2006662,1545430,242006,5106480,272559,464818,480692,597119,1517070,2442461,6593
1729091,1727977,2013614,1553099,345296,5762846,720075,509826,510600,491908,1222548,1715365,6142
1379292,1444058,2029714,1555396,353789,5933126,716352,739829,525576,577670,1171852,864802,2998
1402462,1318721,1224153,1251458,233077,5566228,681357,716111,512023,571935,1487839,1682072,4819
2007603,1780129,2366756,1526821,356478,5178061,507134,527263,511678,634175,1876365,3204574,7273
1759019,1617201,2001735,1542382,349760,5694060,693994,710442,464144,451019,819278,1629656,6120
1299252,1495036,1949334,1494263,328005,5698792,672990,711290,527907,584987,1172606,874462,3117
1410872,1299382,1258951,1318151,248467,5989759,734874,761784,524182,579535,1498554,1638928,4865
1785358,1657845,1987514,1256480,228833,4532489,482482,505059,515204,565501,1477957,2479533,6577
2066774,1816539,2383119,1806415,460840,6517687,724300,758733,486455,537374,1230637,2523620,7589
1377804,1710518,2423155,1800888,461897,5730918,710328,730237,570434,632377,1461454,1613071,4517
1436268,1325841,1248422,1038194,231959,5706070,693953,730677,524736,586059,1550653,2546439,4823
1670521,1619210,1957533,1341689,237730,4391608,372050,488020,524439,563185,1479587,2319032,6031
1746222,1680792,2032496,1554531,348639,5783569,470600,488758,405524,512718,1157692,2442075,6268
1402710,1692184,2387943,1781789,458006,6348834,938430,993807,579430,587426,1164245,918410,4672
1078150,1274613,1230238,1284047,359333,6001447,729381,758734,522573,579158,1502908,1675585,3243
1744770,1678162,2028752,1257058,124377,4333325,479287,727080,504549,569693,1515062,2563130,6328
1680255,1640596,1986584,1523367,353972,5757542,502920,284165,409451,513971,1543348,2456881,6028
1768159,1657517,2057883,1565103,361729,5855420,726123,746921,460900,507409,802149,1107811,4695
1051402,1488209,1599596,1487738,332876,5749159,678512,716950,506867,567217,1136841,888600,3057
1695943,1662880,1998957,1284029,240361,4908499,719994,983508,580643,644358,1847720,3101443,6248
1730728,1622762,2016673,1538580,353024,5778663,484313,283105,409843,502259,1506165,2498874,6264
1694286,1639640,1990189,1529617,344294,5686637,717054,750251,491710,479895,812763,1692549,5903
1087407,1505973,2064481,1574670,357171,5927011,726791,747769,525170,571323,1164770,888534,3252
1420520,1320769,1266581,1139243,236174,5736730,687752,721157,516577,578417,1516380,2407318,4904
2061336,1809177,2420192,1565662,347668,5155040,503603,525633,518082,632663,1868227,3149854,7998
1736347,1633304,2008041,1523741,348471,5747926,693658,714694,449058,448522,785646,1680658,6457
1373904,1449563,1881705,1437466,322155,6114536,867125,918138,557730,631028,1471699,1612611,4203
1380965,1265413,1216195,1008774,240469,5825752,711329,741207,496190,550445,1456571,2317442,4441
1747124,1662089,2044649,1527037,240829,4310270,271439,508022,515453,573458,1546950,2604288,6423
1943416,1769022,2298921,1744139,443423,6244183,672904,470456,425340,501656,1511874,3037988,7492
1437645,1665448,2080811,1600780,361956,6051305,724278,746081,524621,580795,810232,910405,3298
1056643,1268360,1227321,1278871,341191,5891756,696834,736382,544623,585390,1566805,1727466,3109
1688798,1612516,2003787,1264196,126016,4462513,504585,758730,526053,580057,1508275,2362018,6203
1753550,1769700,2055504,1559988,351667,5678539,482855,284920,425798,529910,1504959,2522164,6265
1693938,1617309,2348739,1770348,449168,6419618,933378,983382,570950,580162,1157223,878011,4514
1133338,1276813,1238396,1301361,310668,5687970,690967,716029,518889,565633,1443720,1529603,3318
1764467,1446485,1612306,1016693,123986,5058449,704039,742592,519175,581631,1568996,2616312,6668
1671072,1666780,1988601,1543598,348906,5054255,272732,284342,485963,593528,1504900,2327784,5796
1777277,1598072,1993116,1524828,349403,5656050,693661,713978,453226,441766,808037,1673130,6314
1044263,1485753,2002227,1526483,346718,5742732,717548,758518,528301,598127,1191190,868416,2952
1669444,1538451,1627752,1257087,245650,5629131,739339,1002877,559052,622577,1810552,3114177,5936
2042654,1837941,2370650,1492301,335318,4967601,501998,520138,507033,625153,1857154,3313203,7321
1677540,1647146,1997492,1537023,346600,5795004,722501,753338,478994,460770,779558,1675657,5835
1066048,1470846,2272901,1790261,451808,6506127,910445,932377,562013,621897,1438989,880858,3187
1380803,1333975,1228907,1005019,235864,5549580,697455,737737,507211,568766,1522628,2576592,4835
1977016,1826319,2332626,1757245,348021,5079885,496734,516883,519189,575242,1820986,3094973,7394
1785678,1655974,2064231,1604554,366207,5869987,722695,743860,469901,513724,801215,1714359,4884
1072416,1510085,1835803,1573074,348693,5909471,721511,764992,556768,606016,1207288,866493,2991
1325033,1342061,1250650,1040551,244266,5832277,735098,766140,545932,595094,1513420,2374816,4360
1698794,1822687,2148466,1640270,242102,4868313,275415,505473,570007,626752,1587389,2565882,6726
1995050,1879026,2388685,1793266,467209,6516246,967730,763979,493668,546868,1204096,2496436,5965
1362401,1557847,2085164,1608569,357099,5973140,711040,734929,547300,602977,1169101,897790,3213
1354045,1398764,1266627,1301171,236624,5934071,713284,754084,564579,624663,1600963,1743549,4657
1664424,1698984,2050906,1334627,232878,4720794,504742,549818,556338,602574,1547433,2378999,6014
1694996,1757481,2090285,1601645,358635,5887667,489697,285273,435702,534607,1543194,2560815,6177
1684161,1746944,2406162,1816278,450051,6631477,935483,983039,613192,621615,1190972,868293,4542
1389043,1434845,1333036,1371555,245632,6185531,740637,764378,566339,628141,1569658,1710494,4862
1715929,1757118,2102416,1334314,239019,4826300,480646,502300,571016,625399,1612053,2591339,6822
1671375,1768744,2086247,1608229,357479,6038301,502904,526381,454531,560570,1213438,2477730,6248
1411853,1785825,2143724,1649297,363595,6159733,727438,748584,561792,567364,841716,899587,4835
1056695,1355901,1665918,1567212,338503,6139577,695710,733936,569223,631487,1592037,917532,2990
1977744,1813417,2104130,1350221,247597,5348682,737878,769741,637874,685030,1906076,3156786,7347
1705024,1743507,2094152,1615421,358867,5934582,487722,509183,434655,534694,1182023,2586676,6580
1326419,1714489,2089921,1619570,353230,6316355,736242,773159,574775,559366,840492,877138,4748
1021501,1470375,1717862,1369062,364833,6088469,738028,766428,553082,602911,1540071,1674779,3247
1705931,1564676,1674833,1286544,124963,5413734,493428,738029,566555,624060,1613476,2604959,6493
1924044,1975476,2450414,1881581,345363,5676393,505069,527231,576709,634889,1891284,3065551,7099
1718019,1834542,2118361,1629967,362581,5931291,716390,735555,501341,559078,827144,1694702,4645
1024358,1564464,1665998,1583663,348000,5930341,720207,760966,566052,622338,1212504,895597,3122
1353465,1599162,1705787,1081893,245870,5420093,732715,761948,562911,615312,1535335,2427259,4638
1719021,1801323,2130331,1621352,238902,5279965,268041,508313,518457,632753,1612142,2600974,6640
1966786,1927097,2428880,1831985,464748,6490382,966098,769420,560544,555096,1221884,1697807,6118
1035936,1554110,1644918,1593358,343899,6055490,697878,718157,565486,618989,1299233,887206,3019
1404986,1593040,1683094,1068800,239104,5513449,706626,746816,565219,628791,1607078,2579597,4824
1647195,1730227,2070433,1606289,244283,5305226,270932,533214,499468,614439,1565332,2448347,5929
1721941,1737409,2110796,1621080,363210,6096871,717756,513807,488647,467101,1167828,1706489,6508
1669490,1795899,2426576,1845492,450750,6632699,928427,979858,612751,601482,1217289,904551,4659
1683645,1535908,1667388,1323109,244882,5902777,955851,995051,605300,662342,1880334,2387242,6148
1708289,1825262,2111378,1598464,328121,5182866,269503,332126,511676,624483,1608321,2616914,6497
1617470,1763233,2049197,1574397,345920,6007911,720690,509620,514479,501248,1237890,1693896,5936
1377634,1615729,2158365,1658400,366645,6133115,736670,759911,560173,620333,1189986,888835,3126
1059844,1362657,1675013,1327972,346782,6024255,714213,754928,565935,623186,1612638,1735108,3224
1925302,1725413,2054189,1576287,244816,5387651,498272,759913,606412,660532,1885937,3111662,7355
1724974,1792759,2118190,1629803,357517,5797647,706846,509796,454973,497649,1219187,2590596,6661
1301156,1763494,2039479,1568295,349702,5775729,731540,767275,577245,575080,836095,875273,3636
1058965,1378777,1702706,1358447,350842,6147895,712527,736756,566986,617312,1526144,1574307,2984
1705682,1625411,1725775,1360403,125905,5479574,490474,739820,584515,636463,1622363,2589822,6560
1964263,1969198,2446929,1870401,470443,6009288,730773,519369,511479,560710,1566391,3208682,7280
1853110,1768400,2024668,1588904,235257,5507401,286510,525598,623098,691461,1705522,2716946,7358
1641242,1817595,2116731,1633740,362379,6242922,736486,527087,456253,491040,1180803,2413001,6161
1386595,1805684,2159961,1644523,354096,6255777,709587,738324,576937,615471,846979,874076,3697
1329890,1548374,2012189,1567527,340618,6080329,709627,985304,620827,685273,1937707,2458199,4295
2314638,1788712,2072662,1587072,241524,6103229,712163,966734,679097,739353,2238628,4008313,8911
1671964,1809648,2092816,1594921,347428,5985729,709373,516291,467568,506815,1244288,2589984,6288
1332094,1768377,2083496,1615836,362610,6034146,736497,766209,566357,627150,827977,871340,3179
1072220,1399591,1306835,1355891,359640,6106005,711697,735230,563634,624518,1581937,1702980,3128
1644008,1554585,1676708,1100357,129430,5515964,740402,772260,571030,626624,1616555,2479334,5720
1666150,1794075,2101711,1619028,278655,5511237,272952,424684,506591,615009,1503861,2372233,6237
2040385,1943595,2473700,1851849,457459,6683898,920500,739037,568717,552806,1198501,1720250,6391
1052356,1442357,1667731,1584482,358252,5987368,734569,765117,566057,626536,1581433,875061,3106
1656990,1622059,1679533,1070217,124592,5236517,709403,730187,562073,614743,1551343,2495638,6274
1682333,1758009,2050824,1568795,347120,5134015,272271,284902,501311,612764,1601233,2559704,6021
1609263,1788827,2098516,1624726,365415,6165311,741360,773201,511809,491756,828613,1649914,6005
1230841,1601821,2065363,1861238,457957,6551266,895539,933614,604464,666690,1594053,880532,3211
1651397,1591926,1675078,1077957,123867,5288770,712891,746195,576957,634705,1587121,2427476,5831
1648230,1813298,2109236,1612314,359924,5323236,268957,278367,495545,611816,1521778,2447503,6216
1731504,1812567,2126795,1640351,345056,6349604,703268,736721,524526,521430,874670,1786781,6753
1058738,1609512,2077915,1595071,358209,5971782,738882,773898,566948,628034,1213696,895656,3216
1714720,1578820,1695386,1182356,241505,6008038,770491,968834,626467,687719,1931147,3340016,6335
1664960,1761873,2059345,1853673,449443,6072808,481184,505310,589071,706049,1991903,2558809,6052
1650771,1770465,2047415,1592014,352921,6047560,717520,748751,488117,469518,798738,1581690,5982
1379272,1775157,2090690,1572258,348822,5761624,701926,734007,549692,605789,816675,887452,3227
1089496,1512092,1318209,1345980,356671,5944589,736317,768046,598653,651866,1616535,1673918,3023
2066100,2099711,2553899,1658076,246825,5351413,506605,755766,581512,706098,1937148,3308255,7918
1711735,1812962,2093555,1597788,348117,6005591,713463,522160,466416,510500,1249410,1873447,6015
1372388,1876566,2108930,1644813,361583,6273963,735241,767171,594300,640075,849188,860317,3185
1048327,1470422,1294047,1360968,360211,5889659,711752,737765,582280,638794,1606836,1713159,3135
1660695,1908864,2116656,1394531,128482,4698950,504889,770342,615731,676960,1677453,2521774,5902
1670784,1782743,2086152,1609368,357374,6080531,492748,279336,439180,536370,1504304,2379335,6060
1751707,1990990,2514684,1874442,457351,6769501,921319,975624,603304,596769,887078,1779060,6709
1075162,1394918,1659498,1377086,357807,5918800,735122,768307,555488,616903,1562166,1584767,3114
1642617,1632835,1657496,1085528,124276,5315071,676699,704413,564029,628008,1536402,2443185,6392
1647999,1847080,2075108,1629207,347651,5436520,273014,285782,538032,654829,1653913,2539807,6010
1688001,1798249,2109283,1646975,364498,6265224,740905,772818,529440,505740,857906,1637733,6069
1011908,1638960,2121763,1631195,468895,6660981,924583,964106,631952,700037,1603323,1723498,3248
1661045,1554546,1679721,1332310,126005,5394567,504699,764520,552487,611540,1591470,2483214,5914
4441554,3162822,5634830,3938610,1396148,9329872,442768,463452,749637,1062755,4325418,8734591,18288
1648687,1757237,2026342,1562081,331476,6163850,683638,486540,462053,502195,1225700,2301424,6303
1353697,1828306,2077292,1625385,362749,6079679,735635,765394,584346,637255,853522,875100,3223
1336764,1657150,1730487,1381200,359392,5974050,926630,963043,642777,698037,1958063,2576892,4611
1756910,1606605,2012592,1552813,238164,5323557,275523,498219,486626,586669,1554353,2444843,6308
1759816,1642490,2017099,1533119,350881,5887552,712411,514358,462510,455396,1129266,1624981,6383
1431423,1529632,2040719,1555478,342456,5865298,690202,719673,533613,597758,1178935,889799,3222
1199526,1311368,1238000,1244720,272629,5624417,673165,704695,521520,568083,1437957,1536803,3339
1740254,1456860,1576677,1020751,125795,5162436,682459,704644,497000,565872,1481797,2451322,6239
2021401,1829058,2294030,1730702,437662,5654780,490391,516186,478367,580102,1499540,3216176,7187
1359330,1657691,2021052,1559418,358075,5851190,726216,759995,530856,513223,809508,882373,4492
1050480,1335086,1636715,1263942,349882,5689527,698710,728754,519421,580798,1534898,1720741,3169
1664298,1473568,1606523,1254343,127087,5069960,506698,767481,507562,570221,1540384,2459843,5953
1716667,1665006,2068263,1584914,363337,5188592,450675,281241,480319,579688,1502650,2481716,6209
1737003,1855199,2400108,1763838,448813,6366561,906943,960621,536161,515183,802950,1712435,6237
1372794,1676871,2000626,1820671,480704,6407114,968819,1010213,525536,578206,1137055,1616481,4325
1753377,1628003,2006300,1284830,341470,5784378,886996,719718,516091,568513,1856701,3270897,6152
1678760,1643523,1977664,1507697,234116,5060397,271812,517552,484038,590639,1543580,2441970,6032
1698081,1716528,2033891,1536086,358238,5738007,726872,518576,453210,437872,1103040,1631568,6122
1418105,1591605,2015974,1788988,458640,6222055,916043,961269,560541,631209,1462709,901831,3348
1407224,1499072,1641618,1029783,242990,5077433,730709,761915,541989,583447,1541045,2454829,4764
1759757,1625688,2013265,1542498,241828,5204100,271457,498244,470199,575362,1485151,2454924,6353
1703060,1695892,2005586,1517387,339955,5771210,698524,511536,472422,471664,1184651,1714569,6265
1437893,1481836,1987288,1527981,349992,5735566,710056,742728,515020,571737,1131375,881022,3148
1767922,1458580,1644063,1295013,240900,5755126,919423,954157,568623,629818,1899510,2582510,6479
1723526,1613485,1962802,1488425,333530,5080245,272008,293729,467178,567329,1529709,2452166,6139
1715673,1687425,2015925,1550752,344769,5859398,698177,549066,446881,450263,1074594,1581352,6259
1466319,1474253,1972348,1490601,340862,5652568,691501,724219,512985,577975,1164245,896712,3204
1369533,1298490,1231748,1263035,234033,5773802,709202,739638,511644,572778,1517716,1619019,4314
1737762,1666258,2022624,1272917,245956,4362797,480716,497006,501022,557971,1462409,2434054,6098
2069043,1700056,2274324,1717055,438961,5721261,704715,512875,455109,502945,1509925,3214303,7485
1412584,1772458,2065836,1598060,357266,5777295,722657,753624,540335,580130,828777,904331,3449
1104580,1403765,1521807,1281879,333389,5662770,668129,697034,546455,594481,1529699,1723179,3119
2013682,1773788,2008977,1553962,233697,5185621,505089,760878,615808,689418,1929125,3195272,7065
1780868,1720439,2045566,1567864,360359,5199714,496421,287205,478144,530337,1518087,2463583,6184
1754877,1889046,2393298,1793474,449483,6499223,907974,961299,546750,600926,856677,1720317,4458
1093136,1531221,1315115,1351304,361585,5877800,731639,762955,570080,623531,1543175,1603528,3011
1773061,1509427,1655065,1038335,126544,5129296,703862,736094,528284,583096,1572261,2622550,6571
1731000,1713750,1973203,1530459,287983,5161377,274194,360056,494885,594008,1510912,2317726,6145
1729422,1700651,2038965,1554159,352871,5832234,718317,503026,470616,460091,1148061,1680610,6373
1440168,1499222,2021424,1789509,453080,6428295,908261,956049,593670,659442,1537446,894981,3216
1688082,1456570,1581603,1016656,127233,5163386,717679,747998,520167,571697,1522063,2393368,5926
1730578,1731396,2067770,1568511,357672,5066513,268063,280691,474722,590908,1510982,2472802,6084
1699428,1656080,1970501,1516599,335977,5825644,693017,733230,463257,455480,801330,1696405,6259
1211037,1514578,2020045,1575274,353289,5855313,716956,746493,531788,585091,1121886,889038,3149
1776445,1456817,1643161,1286970,237950,5830893,908165,947289,581917,643032,1922340,2581278,6449
1658480,1665591,1991532,1514765,346179,5084920,272127,283099,463287,586549,1565772,2476783,6013
1729417,1722573,2046319,1550752,354421,5938231,718535,738757,463259,453077,803037,1663803,6311
1103740,1492291,2024484,1539839,346257,5849470,704588,740038,513021,574991,1177640,902515,3194
1411307,1347159,1273826,1055842,242341,5867971,735496,767637,557055,598188,1547389,2434789,4557
1768799,1664308,2032248,1453327,236188,4531467,292256,507973,509747,560463,1483256,2447478,6519
2034679,1844332,2828953,2874491,951394,8864111,1695903,1801732,677179,772555,2928618,2550935,7766
1086729,1499939,2015988,1539607,357447,5788697,723366,756270,512110,559631,1114161,867075,3159
1407182,1342643,1242789,1022986,233966,5653076,694283,723567,501564,562592,1503545,2560315,5027
1730236,1637750,1998685,1527568,238316,4451335,275912,535531,528639,584872,1565942,2538995,6227
1756494,1616937,2009195,1564403,353427,5873989,717398,521320,417201,455650,1143172,2377022,6249
1412914,1631066,2336907,1747220,441747,6343511,884955,925364,569790,616316,1139664,888681,3482
1401084,1348339,1245134,1013959,233335,5753622,711259,742693,519126,577151,1478187,2365182,4463
1808772,1712354,2040978,1580690,241139,4625696,272461,512129,521340,579207,1509633,2492670,6440
1709226,1615386,1960858,1504670,335166,5690956,487768,283216,419954,507748,1518942,2474356,6375
1696687,1647026,1972106,1523996,344069,5778789,700342,732708,525168,528547,791008,890555,4618
1383679,1315637,1594224,1496436,341629,6241112,902048,940648,580635,638602,1905037,1743160,4495
1654801,1602116,1952342,1259878,157305,4485117,505390,659126,513943,572546,1506834,2328063,6008
1712576,1723323,2050441,1571278,354408,5908555,493208,283854,407708,513977,1470052,2406643,6306
1752530,1723940,2036180,1545900,343949,5874151,699752,734080,521738,512516,802177,935311,5057
1432017,1483485,1679875,1565475,356175,6288219,947446,986140,607029,663211,1880420,1657708,4560
1759510,1555035,1612200,1266407,346357,6435898,894718,1148856,632149,702921,2251440,4162558,6333
1746670,1755795,1999095,1541421,342323,5710334,490086,516499,453850,560958,1239544,2495215,5833
1569963,1757824,1997961,1526726,342160,5769977,694734,726792,535284,535607,810346,883319,4337
1118002,1451449,1686781,1588966,352271,5797233,703496,733800,551356,615115,1588383,890385,3039
1741392,1538775,1647451,1060209,128788,5283776,729783,761069,564575,605280,1579774,2470764,6192
1785368,1770366,2108631,1621526,365760,5408053,276060,288178,490310,605635,1560926,2496408,6279
1803521,1929214,2406397,1777287,439169,6331944,885093,937924,555025,561801,857766,1710583,6215
1108255,1529735,1652634,1562263,359617,5843055,728985,762483,538273,587852,1189444,891785,3053
1445633,1485819,1539088,1075139,243636,5505455,710713,740851,567984,619078,1608231,2575717,4603
1680037,1745805,2028838,1552147,238673,4480002,273902,528185,539422,597066,1584378,2506707,5978
1739960,1814771,2040626,1587564,348008,5812455,705686,507536,449325,493694,1177585,2348065,6001
1468205,1732383,2044388,1804352,451787,6373635,902057,945915,614272,670676,1223555,895354,3211
1409450,1545503,1661758,1071470,240428,5406487,721671,751216,560553,618459,1572545,2415927,4520
1797075,1897783,2121641,1624505,246575,5101210,271237,506969,511228,629186,1562376,2498363,6125
1730104,1704205,2035070,1572900,346740,5990544,500996,508145,443405,547051,1326661,2555574,6114
1749967,1828257,2089206,1594295,356605,5931586,722176,753336,566395,553174,851041,905547,4653
1423521,1397286,1657084,1575493,346220,6440619,910288,949370,595211,671903,1946401,1742648,4499
1742765,1773559,2044692,1605743,351456,5323180,722611,751822,626734,693321,1963458,2487635,5759
1782474,1771432,2079746,1595375,351208,5881280,492176,510701,439576,547463,1198358,2440931,6477
1391909,1783490,2000526,1509862,335809,5646946,685858,727952,544100,544072,842222,920779,4672
1102071,1515986,1634793,1330957,355254,5782073,722782,753999,560881,619998,1553124,1594606,3101
1400987,1392661,1327246,1070720,245736,5744997,673441,704780,556507,609824,1537773,2434544,4609
2043748,1929849,2338792,1752064,334441,5210295,498396,528061,540913,597306,1900178,3176600,7089
1690426,1689437,2046956,1560677,362243,5750991,736834,759933,443702,498132,776451,1657733,4646
1101155,1476409,1632791,1543841,347885,5871182,704960,741468,536056,593913,1204663,886452,3279
1387920,1450920,1644095,1049183,234862,5227424,719160,749384,501660,557572,1502231,2399448,4733
1742151,1783508,2064047,1556977,244286,4975613,269115,511256,476274,583858,1506471,2515155,6306
2022900,1810772,2326956,1769490,435437,6449173,892104,705533,470372,519579,1190005,2154593,6235
1059300,1483112,1625264,1551527,349248,5759971,707369,739693,528091,573995,1133345,863333,2992
1392804,1510513,1635227,1017797,227947,5087739,672968,703040,509863,560039,1478513,2472564,4859
2162260,2039859,2587788,1501028,238334,4997094,517922,766577,622689,756716,2070905,3363992,8553
2044484,1890010,2450814,1828264,465695,6603675,939526,739830,514421,457847,1156987,1704005,7760
1383331,1502048,2020639,1810333,448489,6507297,909213,955856,562229,645203,1561638,889527,3172
1528212,1492199,1618755,1027148,166617,5200020,688739,718834,538117,585516,1478070,2285184,4740
1746436,1798562,2382200,1796406,337539,5776740,467622,709028,518948,628265,1514741,2446081,6011
1726408,1664065,2024162,1552914,340175,5862936,705131,514277,478259,473097,1202469,1702471,6119
1386102,1620897,2007801,1542011,348292,5766601,710878,744514,512930,492139,791482,882787,4734
1439395,1267450,1686186,1314268,341353,6437706,901136,940996,581175,645396,1927191,2521584,4928
1676750,1715449,2028471,1554330,240049,4531669,273280,520604,530370,588699,1551002,2417835,5979
1737302,1721407,2053872,1574178,352603,5815318,679514,510497,408254,518689,1157511,2437898,6372
1382269,1633959,1963541,1492585,335871,5637507,690775,730431,535029,522916,806974,885790,4311
1047521,1246384,1607408,1272605,355145,5866997,726522,758397,516989,568659,1506332,1593930,3035
1775347,1581297,1690828,1313542,127009,5159410,488556,728935,532841,594658,1512611,2484420,6404
2006449,1761540,2324916,1760511,339963,5790373,488346,507839,468003,577002,1912974,3146178,7068
1717272,1691646,2033191,1545922,349814,5793627,715313,736607,509640,508154,788141,876708,4639
1084792,1461440,1638986,1500762,331857,5649132,679793,712926,517678,585425,1433312,893420,3206
1403361,1491452,1599591,1022544,230554,5253757,705157,736093,539207,588737,1491226,2307984,4478
1761653,1627868,2039380,1556354,241393,5158756,271895,508627,456900,555856,1518887,2482533,6229
2060672,1859238,2386790,1790757,441659,6402546,919863,754538,529221,528141,1173891,1673536,6081
1404000,1546132,1996810,1798826,462866,6307342,941243,747059,503174,554945,1799546,1616904,4588
2076809,1685677,2033031,1311305,229391,5778211,889886,929347,574659,581827,1545518,2549495,7791
1728773,1627668,1970711,1519027,329565,4929750,267834,301157,476083,574525,1551803,2434979,5945
1706445,1686442,2001956,1543798,333494,5931750,689118,541398,475273,457550,1104724,1555457,6346
1413766,1518987,1980426,1754410,439206,6153401,892672,938974,575667,646765,1530812,893714,3167
1750304,1503614,1636036,1030988,128988,5229302,732254,764470,526127,591345,1528809,2382575,5944
1771905,1664898,2016314,1567030,340258,5124360,268293,282379,475117,584559,1483359,2386398,6347
1715931,1601796,1964266,1504981,341333,5580055,710927,752004,465644,440555,795317,1678339,5895
1055536,1480926,2023580,1572030,349304,5900506,715594,745509,522917,585578,1153991,882304,3224
1401952,1310354,1517342,1256388,329808,6260877,881866,921683,596909,654376,1921775,2537077,4694
1700177,1616580,1995135,1545462,237404,4548277,275381,513354,524599,580628,1538919,2377139,6160
1716941,1720323,2044889,1569584,353334,5918151,715602,509279,417545,464201,1139741,2414279,6022
1406343,1656888,1990079,1521342,335828,5758012,693640,733700,521725,580322,804003,876871,2907
1070744,1319784,1247701,1263449,345080,5725456,707117,735797,534913,562239,1468682,1592168,3151
1757753,1671498,2028544,1275851,126889,4494912,486033,717881,504051,561445,1519585,2472288,6394
2040246,1857305,2340726,1770004,432304,5818929,710831,513269,482421,538872,1545491,3199934,7595
1756998,1630770,2009809,1551392,345360,5964092,711032,729551,520846,505554,818373,898329,4909
1065415,1334020,1610313,1514154,334367,5704577,685646,723080,526227,581661,1550562,890210,3112
1978654,1700699,1989637,1264342,231189,5768026,724780,759067,520589,650178,1859728,3050467,6841
1777964,1699124,2045989,1567598,353553,4954497,270844,282992,457724,575088,1508693,2481718,6417
1854601,1780872,2321055,1739852,436462,6280181,909608,960667,516496,511632,795181,1691459,6076
1050827,1305615,1592955,1547808,350885,5915186,715024,745700,526814,577858,1499863,886874,3103
1792698,1498872,1646173,1011570,128891,5166141,666760,692079,518078,581852,1492990,2466068,6753
1691052,1650358,1980964,1512642,344231,5125662,275313,287603,465458,581288,1548079,2457565,6138
1663898,1825522,2100824,1626187,354078,5919364,725029,745066,508037,488595,836636,1624805,5916
1043505,1585217,2076901,1592635,448507,6616372,910437,958748,618197,690407,1605755,1705504,3078
1635033,1611272,1697649,1261812,126356,5495910,520737,756763,581971,638614,1574742,2381007,6162
1690852,1864621,2155638,1665474,354644,5407991,275109,283421,528592,630896,1574337,2468858,6375
1664813,1817238,2093031,1631046,339244,6059877,706805,747884,538529,524490,867341,1723858,6411
1060519,1582789,2103065,1641009,356346,5981704,731185,767457,577148,624989,1205508,896480,3187
1404512,1438172,1283643,1044813,234970,5793780,696941,727657,575226,629236,1582731,2550142,4965
1909899,1964937,2429708,1613003,239157,5432379,502230,759761,570738,691212,1948595,3125057,6824
1689004,1843179,2146678,1656121,357839,6219615,718650,514905,486117,507120,1209549,1756661,6643
1313630,1772817,2027315,1557501,326894,5832478,677684,714807,571760,627980,895622,905269,3072
1318418,1643146,1676854,1614289,355572,6034888,723978,962407,646450,697690,1899606,2283226,4685
1724109,1810238,2133345,1362971,124199,4654794,482742,735731,567965,629387,1589116,2554412,6481
1972963,1883534,2403862,1828981,451112,6410467,724840,519485,505600,556317,1626463,2513794,7333
1333584,1665704,2113481,1647658,352496,6032220,723464,752376,566872,615969,1199849,896929,3110
1353597,1425880,1307656,1336361,236731,6035456,700213,729018,581354,640389,1620650,1744652,4578
1638918,1648346,1664865,1147251,129562,5382723,620697,719432,582293,646260,1530059,2292956,6166
1708994,1846621,2121303,1640253,354323,5298419,270541,280755,507329,630106,1578044,2497459,6488
1628544,1884341,2370524,1785366,441493,6284232,918128,974471,546572,530971,813765,1657616,5938
1074029,1369783,1614993,1280859,340292,5822561,696579,729198,517707,583109,1460279,1612914,3271
1742499,1472826,1615581,1264629,123656,5059760,483765,726545,523023,578028,1542589,2530371,6184
1688431,1613897,1970399,1510578,344329,5099592,498828,286057,469356,523104,1558813,2414785,5812
1678057,1689449,1967536,1503954,331490,5723805,677226,697608,457274,446792,776408,1611921,5802
1394202,1666113,1961497,1735148,430422,6255737,888282,940963,575936,643867,1164029,881798,3026
1362845,1569815,1642083,1017269,226115,5056227,697187,728990,518187,565023,1439184,2235371,4575
1749264,1658040,2032660,1562999,238711,5024040,275127,509884,465487,579506,1543440,2534719,6498
1770068,1746230,2043410,1583532,342260,5892310,719323,519695,503128,488428,1239036,1681208,6033
1402446,1458955,2396277,1815862,462815,6506470,943598,976789,568783,622944,1482855,873003,3035
1254806,1315418,1226185,1265407,248771,5850989,699170,729564,537174,602828,1562485,1702516,3715
2000784,1918527,2398729,1557216,234209,5241345,506386,765437,534023,664564,1904058,3144481,7391
1760352,1686650,2068025,1598852,359335,5852060,720558,503380,475257,466433,1197520,1712456,6284
1394047,1445207,1977386,1501882,334893,5631824,690364,732031,534325,583695,1197514,903370,3050
1383343,1348743,1250720,1269814,238674,5730559,724934,760844,521208,589588,1513776,1643709,4811
1734636,1721366,2039379,1276036,239385,4461844,485525,507497,525493,585930,1537918,2513119,6226
1983259,1765909,2363148,1785741,454990,6352749,727063,742283,466713,513568,1279030,2482225,7052
1388591,1503855,2021918,1551576,339167,5876637,695548,723007,523554,569811,1123953,873001,3074
1391995,1331988,1224127,1273184,233274,5738165,689489,721197,509780,571558,1526453,1699515,4883
1748941,1624453,1941561,1251167,228882,4427567,488110,507281,530978,583215,1486940,2316504,5964
1788060,1666475,2028019,1553485,348275,5127246,479272,284457,465666,525091,1521385,2485670,6475
1735986,1829760,2354249,1780526,447534,6408936,935424,991721,543873,596216,813107,1672363,4276
1080276,1263349,1274448,1281371,349115,5887028,715100,744119,508438,559763,1476769,1593191,2967
1720421,1567712,1721006,1299298,125337,5026951,448806,689681,537297,599664,1496748,2394910,6218
1691072,1631339,1987598,1524860,347842,5121963,490865,286038,450562,503498,1520805,2412349,5870
1763931,1738715,2083280,1616732,354376,5901677,720911,742156,485287,533448,823327,1657207,4834
1062828,1469625,1614979,1504577,442012,6358107,901002,955626,574416,625347,1546524,1709660,3148
1681237,1535087,1987692,1275896,229017,5772878,918738,957100,562088,623214,1786406,2301430,5657
1752916,1708355,2077813,1594315,353076,5110022,267411,283474,483353,583265,1563241,2556737,6270
1740949,1729054,2062404,1596816,330378,6131109,692261,616556,491725,492515,1085841,1596124,6447
1411454,1537243,2021866,1534441,342717,5765307,704854,728768,513509,569812,1117923,889187,3160
1432100,1311795,1240139,1607670,348443,6783296,929910,978010,597531,674718,2006900,1772669,5116
2008507,1812679,2320462,1548868,341390,5191326,480037,503577,518884,648463,1827803,3034848,7332
1781142,1631479,2047251,1562554,353230,5727494,711091,733709,469356,456811,813887,1652896,6291
1077524,1467912,1985120,1506904,339081,5755899,705466,744191,519415,576294,1177572,925690,3208
1375413,1319338,1224175,1175720,232254,5810934,697941,726629,527366,578222,1464713,1992659,4547
1712554,1663213,2016141,1289167,231341,4344690,475027,498799,506928,571199,1509441,2480862,6483
2018525,1774116,2335850,1752699,441281,6313591,712899,749559,473396,507191,1168149,2372616,7431
1071470,1514988,2027089,1550800,353063,5773285,725091,747929,506846,568440,1146264,887508,3192
1380532,1345910,1231478,1011822,234957,5613980,697521,731389,531426,599275,1563374,2533042,4656
1678305,1616488,1996729,1537737,242576,4543913,274045,512346,531384,585872,1553614,2385939,5843
1755790,1712642,2084122,1602146,356702,5936437,679480,511395,416826,514771,1167119,2450046,6260
1690919,1828360,2337982,1766238,440144,6411999,924292,979391,505054,567544,783413,1675185,4501
1096719,1471234,1625265,1588996,455622,6508157,928306,966754,593791,636686,1483839,1588096,3202
1742541,1666044,2051189,1280377,125955,4470311,485156,726447,516176,567989,1558946,2550208,6474
1678260,1727392,2019212,1547826,347203,5774270,498974,284911,423155,537352,1536489,2403984,5845
1774513,1718326,2073609,1584747,354795,5907706,722003,743334,528150,531197,810598,903911,4884
1075891,1439430,1622150,1543956,341891,5863471,703703,742510,544467,601698,1537813,929276,3013
2022733,1887947,2379901,1803847,339748,5868766,490665,524401,501745,610937,1974305,3240495,7265
1783846,1815724,2090147,1602960,354838,5836379,723364,742870,502855,488949,841249,1647485,6049
1116686,1491071,2017219,1547636,337078,5753701,690360,729854,516026,574644,1174757,896445,3183
1451335,1469526,1308057,1072793,242631,5871346,722154,749467,565326,615205,1564590,2373567,4551
1748598,1703024,2043811,1563844,240619,4477451,266242,501335,510049,571679,1520792,2470928,6195
2024931,1810280,2306969,1736139,428982,6169598,882012,706221,468680,463227,1161830,2474127,7277
1080083,1426795,1998071,1546502,347605,5758233,713781,750498,497643,543660,1135101,893968,3222
1396887,1304835,1232459,978566,234005,5597470,694387,724902,513247,575060,1529994,2536126,4888
1680184,1636746,1952902,1511700,234708,4426642,273981,512688,512294,580929,1552498,2406171,5798
1730437,1655060,2056861,1589248,355016,5905121,727300,515796,418388,453486,1156441,2397277,6091
1445716,1678333,2059891,1824451,445423,6746191,908612,958200,593925,650200,1203628,921664,3389
1640806,1426970,1677239,1256869,355364,6354080,933765,974789,511884,575922,1504829,3040450,5588
1738125,1731329,2427294,1819464,345598,5058243,465461,705160,564093,630375,1845386,2501363,6271
1902643,1777047,2133002,1629045,330451,5720900,670934,520551,513030,559014,1238061,1775898,6080
1048960,1302117,1609557,1529263,351593,5730890,732875,765665,524376,587613,1538899,869939,3065
2019131,1737637,2032632,1273653,239923,5105210,712967,734317,572862,639722,1858320,3221637,7417
1690975,1622615,1998565,1533134,338430,5137690,493523,289967,471308,513743,1574873,2476693,6038
1706589,1692685,2056240,1565900,348931,5928130,714940,748280,468230,454306,783490,1579462,5846
1053640,1528182,2036485,1556899,344009,5685732,694386,725602,509042,579948,1172035,893877,3245
1368508,1294807,1227104,1013575,229924,5759555,712655,743902,543596,593550,1549874,2378576,4418
1731645,1644305,2004882,1528653,237338,4482475,269581,501313,497775,556623,1479228,2388238,6038
2020280,1873450,2359061,1746313,440543,6256591,901382,718937,465247,514866,1182268,2525116,5764
1052733,1503533,1626699,1543941,353352,5855878,725074,756989,530570,582650,1154184,855831,3196
1276203,1371291,1251405,1272077,252003,5624118,690382,720845,514462,576191,1522321,1703583,3961
1709081,1640083,1994852,1256998,125404,4381375,500516,758436,502279,561040,1554440,2475864,6016
1729059,1672333,2023176,1563572,346082,5708852,492224,281345,417204,519542,1484160,2360934,6088
1753056,1659932,2381442,1753291,440705,6180055,900008,947420,569951,557951,1155981,889354,4660
1382806,1304086,1233824,1263673,231150,5872408,719107,752028,517208,580457,1525476,1650876,4777
1736935,1693716,2020964,1278320,238368,4375908,485503,504058,498170,557585,1477625,2456559,6155
1690755,1581293,2316435,1744281,437292,6274135,692193,711641,454428,561156,1607571,2494580,5691
1673040,1637613,1962495,1527535,338983,5794198,697940,728476,523166,499718,777002,863592,4433
1422632,1362706,1606024,1545955,338727,6372422,891860,931512,569522,624187,1883911,1703248,4693
1691234,1646120,1928213,1246427,229561,4449197,477561,500524,500357,574235,1483793,2346775,5869
1767781,1654642,2019265,1532562,347917,5690563,500950,520900,402503,494025,1117695,2388424,6340
1454988,1650787,2046772,1565268,340371,5934566,696140,731571,533024,529292,830121,906445,5099
1061892,1319659,1595312,1309340,348576,5731798,720952,750461,531734,574166,1533807,1571982,2948
2054514,1640822,1958633,1314652,238722,5016783,608040,683518,548758,613685,1781066,3081302,7431
1753898,1702936,1988237,1522080,332364,5663567,477246,505005,404974,514709,1158042,2498599,6183
1723055,1698525,2018458,1555055,352573,5905403,723730,753962,458113,514150,798774,1622777,4786
1085566,1484072,1567579,1458738,329422,5469139,668591,699258,495996,557473,1142586,891527,3287
1396268,1442219,1566098,994509,234258,5091831,714024,744056,496203,561410,1503987,2383018,4545
1789400,1818839,2097372,1629042,240778,5175638,269460,509882,513797,615275,1566428,2431930,6094
2074748,1910702,2360021,1765282,424366,6355211,867966,698657,495380,527378,1167347,2092784,5901
1139243,1641981,1693315,1598761,350773,5867287,720040,755789,553249,617555,1199477,911082,3366
1480046,1570502,1653894,1044160,238683,5039026,693613,717677,525171,584656,1521164,2492175,4998
2078511,1874958,2382380,1829219,331563,5695683,481065,745867,565989,684710,1605976,2480866,6292
1751330,1715291,2059549,1566751,351532,5679137,723894,519163,488407,466310,1172758,1647934,6109
1413838,1557619,2024018,1797318,452923,6239955,909476,949105,569813,626781,1564966,903621,3196
1498324,1677269,1634664,1055985,161625,5051004,690222,720523,558457,626518,1533595,2287441,4416
1784289,1741569,2057654,1579604,236126,5277237,276246,517550,483927,591292,1524899,2412474,6231
1808130,1745870,2029106,1556125,331932,5751636,685456,517477,505010,491086,1211229,1661337,6158
1404339,1526764,2006489,1544145,348423,5864894,713682,744945,526831,567961,1123423,888228,3300
1780514,1454711,1607929,1275672,231858,5650441,888573,918136,539494,613403,1822673,2456480,6428
1711899,1613639,1972342,1493899,232200,4321476,271636,518696,531288,571746,1554839,2441374,6051
1705376,1699814,1971457,1505202,341623,5759212,677285,503323,402882,498537,1115454,2324124,5906
1406694,1690632,2004164,1527641,334781,5666464,684975,719572,528065,526008,783797,872409,4674
1065019,1288595,1594845,1280104,350029,5727343,723733,756285,522282,576467,1525780,1597577,3000
2044179,1690292,2027942,1544397,234155,5057732,483240,724186,574946,630937,1832312,3168336,7518
1705227,1673860,2028602,1291486,125205,4556132,496425,756403,538484,569937,1519023,2389532,6257
1717580,1665258,2009882,1534775,347041,5633828,483486,278783,402354,498451,1492526,2451478,6296
1673575,1729631,2400349,1815499,450296,6458399,947027,1004202,545664,596055,1163119,949594,4681
1076055,1522683,1608045,1554740,352839,5863685,723801,755605,524261,573045,1148064,869828,3144
1759646,1609325,1983108,1257196,236397,5129653,697583,920939,563202,629832,1894451,3268621,6206
2007654,1850200,2364543,1785732,340687,5593562,484789,522421,485493,585186,1918605,3189186,7335
1677278,1735552,2067728,1587799,351162,5881852,718314,740158,530121,532507,814819,886282,4749
1012813,1359053,1643572,1554035,337779,6093658,698080,738548,550495,602887,1585733,892331,2946
1603213,1615438,1706603,1093450,130771,5485835,728960,759998,574432,623688,1556962,2317379,5531
1667072,1789738,2083136,1374008,238175,4554484,427637,481229,558494,617566,1554420,2435980,6550
1947243,1928418,2430502,1861640,448816,6781162,717791,750327,515216,564380,1220484,2421263,7472
1057357,1643824,2102867,1618860,356629,5923880,730137,754137,553580,603001,1171444,874739,3167
1381972,1366792,1258785,1046840,235137,5842096,701787,736666,578778,632967,1617217,2549694,4720
1655796,1739224,2050762,1582818,236223,4618173,268414,525869,547054,603669,1555216,2405652,5942
1697011,1775623,2089980,1616845,352541,6128764,705915,502712,456628,500823,1208892,2455998,6113
1375671,1743307,2398592,1813838,432161,6443203,892632,948090,626594,621656,1221008,871513,4396
1350260,1424792,1291461,1073544,232669,6060982,712803,745736,572007,628843,1538560,2290395,4442
1723828,1782612,2106278,1620724,234549,4702592,268492,504181,547426,607912,1572994,2540617,6423
1630119,1747378,2034648,1581931,341123,6025959,722829,521841,440563,486414,1209952,2443918,6024
1355868,1842461,2136268,1648518,359676,6138603,739124,763227,571497,614919,839399,910154,3369
1065607,1339064,1242580,1290467,337866,5887745,692066,727313,545592,601989,1586676,1715774,3345
1924877,1782192,2231185,1588724,236220,5362173,498571,758334,626264,688921,1957469,3139057,7217
1716782,1854750,2096415,1611113,347204,5972595,701471,506672,449037,486720,1184721,2434513,6256
1362599,1816876,2038995,1579154,337295,5892584,704429,745598,567073,627639,838610,854896,3137
1018274,1382383,1669991,1610519,352572,5907215,722205,753740,557587,621845,1524898,877246,3046
1750003,1614810,1699509,1058102,126425,5277637,707940,740657,546265,610670,1603221,2574250,6654
1908413,1925782,2406920,1815256,463873,5840580,506335,500261,500093,611660,1681536,3228833,7084
1656628,1817776,2071882,1615260,352185,5878073,715067,736147,571530,564756,839603,860071,4354
1047790,1392474,1662116,1581334,334655,5980057,691897,731769,565023,622365,1588000,861527,2879
1630274,1602374,1671444,1074260,126309,5415302,726017,757217,570576,626661,1558213,2326526,5946
1723508,1820503,2107217,1626869,350949,5252735,268104,279722,503590,611054,1556863,2493204,6558
1652969,1976666,2407366,1839956,445355,6285773,934347,990506,562319,550801,831876,1661782,5820
1030054,1390734,1679244,1406720,351962,5919260,723398,755072,540734,598224,1513259,1517274,3111
1690042,1554589,1680620,1056931,124188,5365543,685115,724438,558955,614562,1595000,2515948,6161
1661122,1776445,2061976,1586385,351250,5328393,274737,286956,502506,614591,1585021,2419349,5848
1708659,1739506,2099686,1623337,355006,6163535,721011,740398,496333,486937,842252,1663604,6218
1049917,1596184,2064826,1583563,445582,6531751,910603,964726,628264,696362,1595214,1715334,3129
1645403,1654124,1698013,1350772,229526,6076918,709804,979576,646239,705476,1906128,3023862,5870
1704496,1786958,2080652,1600994,350349,5233592,476525,282739,495558,571821,1571617,2486657,6162
1614162,1754557,2039375,1583199,328327,6031534,693901,488555,443371,489181,1203829,2210946,6033
1343824,1804242,2094162,1623280,356482,6078160,732822,754401,555791,609638,847418,878230,3119
1067562,1377438,1279626,1310293,345627,5902359,707121,742028,562640,620523,1622730,1746877,3290
1963108,1925835,2423785,1585384,238786,5305850,500528,758218,543457,663680,1897884,3107262,7056
1757189,1641617,2038830,1559007,358025,5805939,717966,515193,453164,452717,1161602,1658488,6269
1389626,1506616,1986109,1524209,338848,5702874,705666,746656,521779,596402,1157584,856748,3080
1157923,1269916,1218034,1275529,294081,5801424,695667,727625,510031,558270,1455121,1519918,3394
1713570,1695020,2019532,1266320,123382,4375171,472355,714711,524350,580115,1543000,2521945,6558
2008705,1777029,2306119,1738468,441672,6378835,709936,516771,455105,500991,1501682,2365996,7263
1374366,1529845,2027326,1557956,353351,5719991,721650,742161,521622,580156,1130231,873274,3057
1466493,1273310,1221584,1264231,231777,5717557,694582,731436,528833,576428,1564044,1708599,4852
1694183,1606175,1952448,1237709,231091,4515487,498395,520507,492542,554541,1489984,2346967,5792
1762189,1756079,2049989,1550821,351412,5671243,486348,447527,418824,518766,1284053,2460818,6224
2081009,1798842,2688917,1999776,541979,6937524,905257,959381,563976,630563,1556721,1683032,6018
1381637,1310263,1218125,1276055,238458,5706196,722161,753696,507879,560737,1484228,1621299,4441
1717074,1528973,2025457,1548853,215783,5714107,662631,912776,579701,654696,1894426,2505209,6014
2366987,2031450,2849476,2155743,552635,5157244,496494,336988,620862,692972,2354574,3985021,9707
1731657,1992615,2542391,1931668,473313,6912435,961285,988207,563890,618404,792454,1635973,4850
1082087,1468142,1756084,1554319,434598,6373244,901681,954626,575367,648282,1572880,1654108,3087
1708072,1726310,2039980,1584577,339939,5876630,496061,523126,418322,526432,1188878,2493291,6318
1420614,1672468,2037503,1583879,348264,5876128,722802,753718,533798,530899,820210,905292,5000
1092167,1313267,1666951,1311070,349261,5830782,707072,738341,543172,589657,1597647,1716171,3326
1687724,1454255,1621966,1256922,124190,5165095,500074,761043,524435,585564,1587539,2424212,5934
1705300,1704714,2011499,1531747,342365,5086213,489825,280998,462636,510128,1453683,2335537,6127
1717242,1846927,2395005,1798005,436190,6369550,894743,944748,510670,534620,799451,1673130,4955
1077579,1326352,1597020,1290365,336522,5871090,701457,734113,553510,598374,1503809,1575339,3013
1754399,1465345,1660393,1299126,125333,5076907,479584,720355,515618,571771,1516392,2447602,6568
1692022,1713549,1988082,1523091,332662,4941464,478321,279480,468887,528449,1545685,2478047,6151
1692224,1654431,1997416,1550452,342375,5781340,705912,736751,451982,501678,784633,1587765,4657
1095594,1445651,1637856,1558771,451260,6338211,904604,947176,551753,622383,1551246,1709960,3366
1647543,1534258,1637467,1017817,126911,5209766,720230,752360,536705,594740,1547348,2367050,5698
1748458,1687391,1989395,1549893,354137,5805510,466978,630646,509378,627081,1765878,2974785,6323
1730599,1603826,1974248,1508606,329435,5674291,686901,495862,462351,438882,1165413,1680185,5952
1399629,1504234,2047444,1586935,352350,5994820,727928,757485,535117,591438,1165727,878612,3290
1761912,1547085,1660317,1293729,235899,5588505,907581,941646,580140,647757,1890485,2484869,6299
1720836,1599701,1963553,1512275,339461,5119298,272370,282645,450230,559591,1546641,2453628,5904
1726911,1662684,2060750,1607609,349149,5890406,719375,748030,471213,457340,832151,1617791,6008
1262052,1458600,2020168,1543381,331890,5764745,680713,710578,532601,578563,1198093,859524,3130
1334627,1349335,1240054,1277314,235439,5792200,717178,749172,534352,594195,1523408,1581804,4434
1753649,1644975,2020628,1276932,237929,4415870,492115,508938,503535,556116,1475063,2410847,5924
2056013,1758401,2335456,1747304,432628,6218292,689706,724509,450790,494215,1171290,2489424,7358
1100512,1518109,2019969,1557749,347763,5679879,713878,743541,528623,566620,1142967,883537,3266
1398359,1315102,1228515,996626,235600,5653536,701899,728540,505438,573089,1537226,2497315,4903
1710915,1673900,1941520,1375095,222742,4407936,314354,513320,544105,600425,1525384,2365975,5896
1709347,1657729,2043298,1573939,347201,5889740,490048,509605,405622,505259,1156418,2322312,6053
1737389,1803049,2342391,1739683,434084,6102212,893517,946419,516651,567553,762842,1651087,4580
1097618,1302053,1258473,1296063,355588,5928092,737387,762456,517095,570914,1548601,1641809,3396
1794406,1694261,2031670,1280387,125295,4396696,481236,713570,528299,578819,1517480,2401144,6473
1697534,1674072,1974750,1753784,431513,6197256,690491,495136,453952,579210,1913173,2464827,5900
1696638,1637795,1987899,1542803,351566,5636511,726797,759165,469175,513090,785497,982673,4380
1102261,1499756,1643021,1546832,441348,6322029,885268,922541,591488,646222,1548543,1703146,3271
1730070,1548046,1957278,1244221,124847,4423617,498091,748165,500123,558212,1536073,2396859,6009
1742129,1688824,2078664,1575502,354609,5797510,503253,282799,399685,501417,1478923,2415491,6392
1757888,1664547,2020458,1531857,336762,5645254,697080,741393,499377,510179,792774,893830,4936
1075407,1316771,1585594,1498109,335623,5556775,697670,730395,521918,572476,1465960,858680,2992
2016164,1617875,2008055,1266941,140981,5166006,703987,922607,571637,626262,1850323,3156187,7349
1667764,1676605,1996503,1542188,338484,5727989,492763,281775,407086,523687,1579362,2488502,5982
1680516,1729229,2032195,1566185,351572,5738487,724494,754834,513125,501689,767818,866536,4485
1076811,1283469,1635852,1557183,343476,5658251,693437,726727,521831,581269,1563538,881572,3400
1720067,1455535,1600350,1001688,123713,5040394,725646,756323,535000,573020,1571443,2434408,6048
1715540,1743383,2048549,1575386,345387,5107142,270430,282236,468744,581696,1502093,2388848,6215
1978395,1840468,2336970,1749830,428887,6154478,884249,924920,508552,512221,799721,1669352,6136
1056072,1290417,1601899,1489218,339760,5719859,707172,738802,523448,577385,1509741,872631,3050
2023999,1584579,1987081,1247033,130586,5244672,698028,939817,556601,616722,1874231,3205375,7530
1708647,1721987,2018243,1560708,338924,5064572,274929,288247,488947,594479,1606172,2511526,6157
1740035,1805564,2435435,1875032,450201,6491816,924994,966110,555795,558870,1174359,1576505,5848
1118514,1628236,2061207,1583559,448363,6247693,898494,936571,593028,658039,1521664,1672800,3349
1702091,1620544,1632326,1144701,127479,5225668,594287,719913,567081,625214,1582954,2325390,6014
1784113,1827016,2067619,1570448,239184,4409930,270599,501457,539897,601450,1523317,2412222,6191
1763227,1770429,2046030,1588850,338281,5803643,705505,522881,444140,495922,1252062,2507550,6041
1395302,1788715,2076580,1630600,355576,5944183,735996,766579,568792,609129,835675,890757,3069
1436027,1560496,1662111,1317089,344640,5805347,909594,945253,604146,658678,1937678,2491002,4630
1744509,1815528,2039288,1580262,233953,5197893,274326,515466,496306,630896,1594086,2421894,6012
1757352,1750689,2040357,1566628,347245,5747269,718209,518827,421771,461672,1155302,1820278,6036
1439850,1815128,2080814,1604325,341678,5687286,700898,734203,567829,625078,868488,896484,3281
1071269,1367651,1241891,1273437,337877,5811883,709533,741589,547748,599023,1548988,1632909,3091
1765876,1833027,2082686,1354172,128291,4529984,497120,743030,549162,623240,1578262,2439629,5980
1728205,1587940,1654133,1316105,239710,5466162,725340,993848,578910,648818,1873156,3035975,5865
1751511,1747245,2068325,1590550,348335,5090710,483110,282225,488764,530267,1580215,2514690,6253
1706885,1610645,1978700,1518846,334575,5713369,711232,751319,462657,456729,803877,1672447,5367
1073945,1513968,2067761,1563973,348684,5861063,721771,749178,524024,575552,1149646,895568,3253
1778141,1504290,1590373,1257677,318974,5728531,678934,710657,569241,642555,1864818,3166147,6118
7647272,2176856,10538730,8093556,1780372,17055904,3218782,3323322,514734,667940,5786750,11645227,12783
1723153,1629193,2004423,1538580,344980,5669215,692289,490587,456953,435012,1150751,1669790,6200
1368618,1523533,1992999,1526331,336534,5667589,712619,754571,514215,585811,1181590,876479,3163
1348396,1324529,1236546,1290961,246379,5707548,716582,753511,512949,570277,1485223,1622091,4346
1786842,1657730,1984602,1270218,126736,4524807,477711,685125,500647,569671,1510396,2439567,6703
2019973,1794721,2343731,1786564,443942,6341970,716313,511711,474879,507843,1554580,2377206,7314
1381361,1447072,2002102,1527920,346073,5786017,713752,735238,486243,547050,1127676,874674,3045
1390818,1317532,1203737,1257082,230588,5691876,700074,741223,510010,577734,1541460,1702947,4611
1684474,1643853,1994164,1279471,243016,4483621,488969,509337,512835,575816,1517868,2342429,5753
1770359,1705400,2071662,1596411,352694,5737767,488203,500897,422683,522580,1203293,2471648,6303
1632937,1584769,2301241,1730226,416435,6207475,880183,933543,571015,565225,1166327,860674,4568
1357238,1367503,1212713,1290823,238233,5865825,719648,752220,520141,586681,1506652,1600604,4493
1754948,1706933,2039499,1263841,233391,4370069,484179,505730,520512,583725,1557165,2522916,6214
1689619,1587555,1962799,1516151,338593,5782248,499585,521882,395778,501923,1149665,2360705,5748
1406508,1731643,2076406,1607043,351437,6069797,722566,743667,521995,512462,804188,874535,4718
1056722,1325424,1632961,1284713,338795,5789769,700220,743042,523339,588400,1585855,1715638,3308
2019951,1675756,2010182,1396763,238615,4844154,552904,753582,555177,628721,1853516,3075913,7291
1736903,1693012,2011295,1543986,342526,5679920,470448,487097,417160,507123,1143839,2413418,6158
2497927,1789297,4689928,3721944,827566,9838297,1669672,1860322,520642,527127,1343825,1047163,5576
5367051,1499748,7131202,5543935,1337847,13352702,2473818,2735336,518364,626907,4231868,8116069,5659
1780119,1506597,1658073,1283100,123774,5059300,488805,733871,533281,578933,1582911,2559257,6568
1994199,1931799,2416807,1830109,451567,5909796,728985,525258,481289,542415,1573815,3207820,7453
1427373,1691521,2042366,1564748,345925,5710751,707503,731558,516996,512644,780327,886608,4275
1047206,1288863,1598548,1253552,327178,5608377,680269,719655,519857,580609,1565708,1652778,2966
1406640,1469322,1604645,1005059,233715,5268624,719038,750538,517809,572906,1500594,2286196,4494
1745304,1878234,2495112,1909361,346806,6026111,492121,738069,548836,660605,1533854,2463104,6189
2056857,1722613,2328264,1754033,434338,6342993,918791,745670,506673,499273,1129737,1601780,6036
1067290,1342911,1614490,1546327,345251,5858362,711755,738343,512094,572388,1488494,879577,3250
1665624,1517374,1629634,1006732,134906,5146217,695112,728000,516563,579175,1566679,2557293,5814
1659117,1666600,1986029,1544865,229493,5102714,268387,529427,457388,573260,1557811,2392802,5976
1745304,1697378,2043630,1549968,345698,5656095,706987,510499,472335,453787,1149042,1644572,6209
1692505,1690200,2382659,2036794,544206,7102867,914542,968286,579992,716499,1957807,1719800,4314
1722104,1472706,1626721,1017128,125643,5224317,718519,750928,499252,563338,1481001,2307263,5998
2132181,1710138,2065835,1584739,347508,5856673,464683,486260,526520,649642,1897305,3253480,7859
1682990,1621181,1988754,1550799,338844,5786169,722842,741630,474148,459516,875628,1664091,5882
1325265,1598057,2074621,1600984,342359,6099277,706798,730345,548434,601686,1177490,872271,3111
1398982,1432889,1281092,1344265,232139,5959748,698588,734230,566961,623633,1607456,1705218,4922
3700584,2045657,5372272,3863490,878595,10444764,1909080,2375328,570293,739255,4488967,7011376,8545
1749354,1680153,2025801,1569867,349228,5802482,706884,728654,455720,444962,813576,1666061,6320
1026896,1485843,1973813,1496075,333210,5668936,698751,739632,498885,574833,1163661,863755,2881
1401032,1289048,1222476,1028694,233582,5854008,707201,738756,520621,570722,1478752,2225083,4528
1734371,1749791,2055841,1390110,235618,4466629,386870,466673,539494,592947,1534658,2414305,6461
2010580,1830138,2358901,1777004,438457,6361986,701928,736437,460542,512063,1173467,2380764,7283
1071085,1531883,2060503,1575085,350607,5813171,724174,749282,533560,594441,1157759,887988,3195
1421899,1316918,1227994,999707,232807,5712703,697488,729445,530601,578215,1583590,2556321,4725
1661632,1674560,1998906,1546742,233472,4413428,268217,530750,530029,592526,1570665,2402562,5784
1736778,1701708,2031183,1557389,347922,5745479,705541,509481,405747,445838,1116890,2404591,6132
3582623,1809354,5397848,4059423,937039,10812979,2033977,2516747,600061,653537,4242744,6030234,6365
1347404,1419231,1282900,1058133,236629,6066258,720545,750516,565892,619638,1550912,2312532,4635
2042629,1727327,2090811,1601578,234758,5304363,455383,710887,593852,667105,1948289,3287818,7757
1690221,1676244,2007910,1541761,338896,5578698,720426,521002,433734,463603,1189113,2465591,6071
1361455,1812838,2098493,1622909,354921,5960110,737018,764217,550561,599621,829461,895412,3237
1021234,1342989,1212184,1287400,343790,5826274,706602,741023,533847,598101,1615490,1709866,2984
1914273,1782628,2209436,1599966,235783,5152837,468826,727218,616245,674566,1901749,3034376,7037
1733508,1785538,2110409,1630962,351750,5935028,713984,518015,428119,473418,1169346,2397745,6333
1341828,1765834,2049859,1585329,338401,5847665,708042,748709,556232,614206,837942,899766,3234
1027351,1459009,1276439,1330436,351752,5828201,726336,758561,567459,613576,1548767,1581095,3208
1675904,1816872,2095542,1331248,123644,4478682,484524,729337,573987,633974,1598171,2522389,6319
1924653,1892011,2391025,1810815,447630,6356383,724563,521480,434270,535588,1599598,2563639,7092
1363002,1758792,2101000,1622372,356355,6033195,734548,759259,534169,589762,820384,874627,3079
1041670,1456373,1290287,1332524,335532,5866543,686364,718005,594319,645544,1624568,1703790,3266
1669927,1793315,2055422,1333975,123565,4576925,497900,760326,564490,615851,1576143,2398162,5932
1715500,1811375,2118809,1642283,350263,5853451,488925,280306,460541,567331,1578799,2466752,6488
1689570,1680337,2412903,1801549,442018,6290767,923778,980922,595691,594161,1201087,895183,4543
1295286,1425013,1276585,1335364,250150,6149060,733412,766160,548255,596831,1548741,1609950,4256
1637960,1805317,2057954,1318477,130312,4576488,486895,694002,567552,625724,1575236,2428987,6203
1668070,1709397,2061504,1605414,439681,6704739,709864,510953,501317,623056,2002571,3180247,5856
1649456,1857308,2116721,1636051,351100,6071409,727891,752576,575760,555520,846658,872890,4722
1401846,1431880,1673634,1597476,339957,6446559,913292,958075,621561,679907,1991548,1694515,4630
1594879,1779560,2023452,1315514,235871,4467988,499479,520255,570377,622494,1588221,2360393,5635
1706919,1787842,2121261,1635583,353953,5856228,492967,506550,431056,531005,1205993,2431943,6139
1621739,1807304,2079077,1597710,326191,6001886,683410,723227,574935,565884,852657,889672,4751
1042210,1423104,1686198,1625926,350776,6014820,727534,760265,580643,640176,1587934,870701,3084
1691763,1514072,1667756,1039619,125236,5173422,690967,720508,536666,598346,1574375,2470675,6215
1947583,2013880,2462609,1868735,448676,6072542,498958,524696,520628,632080,1624187,3203587,7075
1382074,1832415,2104414,1628770,352050,5972905,728455,753135,566976,557729,841228,877707,4771
1033019,1392360,1681518,1334496,339194,5930863,696282,729973,562515,627322,1612528,1697856,3172
1664558,1535719,1626134,1134747,123554,5369703,588858,727457,562078,621055,1544827,2287045,5831
1720820,1855372,2117172,1633990,352446,5243893,269802,282127,531974,637825,1575628,2459160,6272
1675478,1977703,2440404,1859231,440115,6457051,916524,967276,578210,573602,860953,1682300,5844
1033875,1368951,1672337,1338374,351860,5921274,722913,757123,567704,618530,1573207,1584005,3029
2062270,1740558,2101509,1341885,127206,5306396,705742,959454,592208,656278,1955033,3325819,7846
1637859,1764782,2044966,1581805,340269,5155713,497196,283973,500144,551970,1624321,2471886,6103
1685841,1739883,2098690,1625720,456242,6778676,939701,971511,561092,553963,1187439,2336075,5608
1037755,1620881,2075341,1581181,441060,6493090,901873,946654,621015,683907,1609793,1697817,3311
1706483,1757592,1733368,1392502,126690,5329588,502089,772757,616230,674651,1669402,2439471,5881
1712047,1844575,2143216,1666942,359294,5185349,505626,285480,521918,578148,1616446,2456928,5935
1773309,1885556,2132688,1645805,342000,6047919,713265,757270,565702,606978,892537,1715684,4676
1050232,1734663,1743057,1672753,353693,6028331,728728,763301,591137,636345,1218004,886516,3230
1387999,1602645,1603245,1113527,237853,5594187,699574,729911,620160,677322,1661913,2507813,4630
1988954,1978485,2444269,1873504,337114,5384905,486935,523458,572214,624951,2004574,3215813,7302
1736582,1894912,2168309,1688787,352011,6111411,728888,755127,527019,568007,882319,1653985,4890
1091859,1723372,1719031,1634412,340274,5884719,701240,733898,619214,673011,1287677,913124,3314
1388539,1699216,1702944,1512707,366292,6720913,990733,1038413,717300,782637,2146818,2431458,4614
1769344,1943808,2157817,1993434,468973,6845166,964486,769535,643631,637563,1663834,1643748,5928
1417244,1712766,2134290,1927693,459321,6445461,914043,957201,620884,683974,1554514,895067,3170
1461623,1721809,1756944,1143074,217775,5531527,702036,732009,632068,690910,1664167,2378353,4801
1739180,1922712,2173845,1688762,243683,5439883,275772,520706,539619,652471,1588736,2427533,6308
1787421,1813031,2131587,1657476,344875,6040303,703367,510866,523560,512641,1274091,1759458,6561
1680037,1924153,2491995,1673550,352608,6070605,944279,985348,679606,739802,1630862,1584160,4296
1723852,1687381,1715891,1361046,239472,5734194,933790,962532,628231,684363,1949463,2476656,6221
1718720,1819999,2091518,1628364,340038,5141058,271437,287206,534368,636773,1622417,2530779,6396
1659088,1729173,2053331,1604358,338972,6081514,699488,587281,486630,470743,1056326,1535799,5998
1388987,1628785,2104731,1640171,344052,6042355,688334,721115,570136,632605,1215758,885814,3303
1387651,1444819,1342210,1346800,234800,6119592,731323,757921,583117,636044,1629985,1723907,4805
2023193,1943088,2522538,1640389,354618,5415426,499571,515771,560822,679505,1889426,3158156,7518
1744997,1824698,2110387,1626125,340774,6056139,698877,734150,533935,527053,883365,1725107,6542
1079486,1626342,2056791,1596423,351509,6013295,724282,753898,581307,638335,1209572,872221,2927
1374905,1422653,1313025,1278320,227719,5960503,683491,704093,581026,634979,1543417,1981685,4691
1654551,1799916,2055898,1329521,228626,4476972,488187,514681,588047,644480,1608603,2480251,6181
1690427,1743041,2090621,1630091,354662,6072756,497826,521106,447835,556438,1197977,2349125,6170
1368245,1795629,2487395,1874101,462503,6261077,914232,954214,608871,612624,1194936,882244,4465
1360054,1455016,1315213,1091265,238779,5938960,730173,763527,574337,640942,1633999,2481765,4625
1687678,1773991,2104844,1623536,239697,4500131,270180,514955,544559,598598,1527344,2405164,6204
1742410,1782764,2108352,1619075,341741,6155973,652613,509264,454045,561400,1250701,2594938,6712
1374434,1786618,2058237,1610218,349471,6052355,719364,748062,579412,569589,845468,863738,4413
1699078,1403352,1704113,1356370,354387,7224333,1134957,1163303,675167,747766,2260677,3192010,6153
1753450,1786296,2128793,1658849,235290,4852762,271442,527995,607058,661369,1661081,2577855,6527
1658952,1852547,2111144,1642681,358135,5965478,735417,520879,466628,503243,1221542,2360558,6024
1418286,1671960,2083078,1617661,353480,5746177,703028,735853,531011,592995,807844,879558,3221
1071312,1279774,1371139,1273320,344894,5718056,725593,758549,517971,560317,1539935,1678869,3160
2068203,1660874,2056229,1576483,242131,5214069,468436,711800,561418,624354,1805183,3058440,7541
1776266,1683781,2009916,1518309,332486,5647325,680502,490442,423431,471119,1187454,2462142,6265
1397556,1674183,2001585,1542626,351786,5743272,725814,758383,530541,586444,784495,844313,2870
1114410,1290572,1257833,1313404,351868,5693580,706158,727295,511943,560693,1495744,1643510,3238
1731269,1648173,1986440,1273673,127680,4459483,480270,736235,519757,572244,1556227,2510365,6162
1947297,1864190,2375389,1818438,453169,6014544,684424,478866,452967,534551,1513648,2956403,7217
1717496,1703360,2014077,1543163,334268,5696309,695995,505770,426331,466690,1230853,2505907,6135
1397552,1724321,2016339,1557050,353304,5798901,725718,757510,535314,578999,774939,861459,3004
1059876,1328529,1226558,1285983,351393,5583044,699915,729698,512318,573197,1522186,1711000,3271
1713137,1646439,2001113,1276830,127511,4439430,498075,758373,528558,584551,1564014,2442532,5801
1716189,1645256,2045740,1826198,471576,6393021,738091,524209,448651,549834,1850372,2422792,5868
1767583,1835191,2430095,1806125,439152,6433301,884052,926948,577363,593058,925579,925574,4854
1080462,1359648,1237615,1257715,343518,5699005,715693,747411,528815,593706,1527210,1638995,3026
1715236,1547814,1675527,1044850,127728,5106933,695996,717037,542972,596586,1540623,2453678,6088
1750275,1737578,2015847,1565946,341322,5039791,275071,286842,495625,614767,1591587,2483092,6036
1730598,1812952,2070478,1613605,356279,5793438,728358,760340,512509,491837,830890,1616385,5948
1163514,1615399,2084535,1582917,449569,6371944,898602,939523,603947,664413,1591114,1734528,3549
1664689,1522881,1613396,1119203,128242,4998175,589706,723510,532030,588478,1514620,2313602,5931
1807054,1913580,2145934,1642869,357263,5204119,275264,289433,512497,632245,1563966,2452770,6437
1732563,1757942,2024051,1558661,336326,5731685,691173,730885,478794,466197,824327,1694677,6136
1100026,1588331,2035646,1588142,355922,5813107,729123,758948,572823,614012,1197814,877819,2909
1808039,1538872,1667845,1315040,242238,5723265,705672,948910,584112,640489,1904854,3290250,6328
1769680,1756477,1992754,1553622,328417,4983918,474363,285579,498379,555414,1549009,2427184,6240
1773466,1825211,2084848,1622244,351966,5931255,720075,751877,515576,498332,856836,1635806,5679
1109373,1551287,2069782,1571146,342072,5758887,691710,721826,547255,595970,1203253,906711,3341
1422218,1424990,1264109,1035319,233840,5792390,718671,749842,555640,614671,1592088,2399990,4366
1745002,1795960,2072704,1605374,247487,4482102,277517,510161,534262,602178,1527669,2429562,6102
2116721,1963039,2459662,1834208,451114,6387960,919492,745528,512062,557905,1230149,2572072,6255
1443495,1695888,2023768,1835671,461529,6577424,938912,979679,592403,651318,1184613,897978,3137
1454541,1457665,1553350,1054078,245833,5520948,704060,727311,547287,608441,1558689,2507210,4832
1702248,1681961,1992546,1540172,230936,4424608,271220,518450,530677,592330,1573543,2503736,6039
1706380,1676421,2007505,1570658,344630,5824556,709309,524047,415747,452200,1134260,2306611,6110
1385299,1701434,2026323,1811081,455810,6313470,908491,948258,572486,638087,1194860,873246,3100
1386817,1580779,1686011,1063794,232811,5330946,723408,756902,546858,621153,1559196,2430748,4666
1690065,1839237,2100540,1614454,241117,5205637,270827,512155,502679,621516,1545310,2396281,6008
1702424,1683967,2061492,1575597,340232,5881318,695852,509217,473113,473828,1196567,1806102,6436
1360369,1746642,2029879,1578867,340304,6006489,697380,726494,559886,614480,831274,883761,3085
1397533,1608125,1703473,1355282,353360,5890972,919245,945141,615702,687705,1955531,2502145,4879
1675008,1784225,2036391,1567095,231354,5203611,271938,519223,511055,621286,1601005,2510792,6430
1647448,1786218,2088433,1632715,355607,6075998,728169,524084,502261,491573,1194462,1624311,5921
1410304,1577860,2118382,1613417,350214,5942090,705606,736502,555328,618372,1213261,871023,3028
1326653,1400559,1305943,1353404,241591,6095950,733682,765512,579141,641316,1614197,1630273,4222
2018547,1983779,2467822,1603634,272295,5227989,496749,651876,553948,677035,1846570,3096967,7557
1740954,1832944,2133855,1648030,342610,6210703,704245,517959,526038,510487,1260409,1783023,6658
1361402,1589769,2065026,1609749,354536,6034167,728203,761309,573962,627934,1209117,886790,3161
1703336,1608970,1654667,1584900,344083,6449623,908609,935892,606647,660535,1562401,1722689,4916
1657935,1747739,2037302,1313141,234071,4616523,502813,530193,559975,610073,1605768,2507510,5935
1638664,1871621,2109073,1645062,359225,5899897,499424,521384,462992,574449,1205844,2345606,5799
1599876,1771922,2447350,1834267,442834,6396074,882299,921326,605866,614163,1210143,885175,4715
1335915,1501868,1316126,1346972,235985,5998717,718060,750278,605273,656812,1614791,1646146,4522
1730046,1698162,2091507,1341451,241411,4673629,496478,513092,540007,596960,1519188,2415930,6245
1724332,1779911,2068996,1579468,339537,5907494,483119,509441,447515,561022,1237020,2557066,6267
1376471,1767344,2055404,1609129,355236,5957268,723419,753061,584231,573720,847020,901312,4520
1403332,1373813,1692289,1318590,357625,6280063,928323,956368,580357,644890,1907654,2483652,4643
1740113,1613969,1974356,1428454,231137,4466681,307521,510524,523482,580660,1561703,2456875,6003
1711710,1723316,2044401,1579095,344804,5816419,482693,504147,407493,508187,1147815,2315280,6065
1390870,1733693,2072109,1577650,348432,5675747,703588,734706,529062,525166,803214,887440,4816
1065941,1371564,1635184,1293141,346010,5739187,724470,755328,538321,598109,1556304,1654426,3082
2072490,1648877,2034270,1563158,241089,5031981,506584,754648,571434,631834,1857976,3193363,7617
1737052,1671154,2024160,1532424,340398,5733951,699274,513994,416696,462594,1187056,2524943,6196
1979858,1755470,2321752,1772160,451791,6433750,920583,958673,467745,513756,821238,1873109,5619
1417848,1645208,2011634,1817778,447466,6316039,888520,926585,516863,572299,1165005,1646529,4513
1372272,1458992,1595001,997791,233995,5057084,720468,756086,513686,567852,1546901,2452497,4586
1722999,1707978,2060185,1587036,245877,5052391,273679,516245,459341,581816,1499357,2410652,6123
2114978,1936924,2419106,1801901,445970,6126980,901688,734141,567306,560224,1199516,1706828,6198
1109443,1388613,1635032,1572274,350962,5866677,728768,760650,560151,620360,1599589,902878,3238
1746029,1642143,1682267,1060755,135212,5104203,715047,736559,542497,603515,1536412,2453357,5884
1751758,1732962,2003681,1549774,243746,5083556,273660,467537,495679,614029,1566629,2471026,6326
1735224,1799192,2091785,1633840,362463,5673245,738201,525062,522647,498975,1221347,1620702,5877
1437806,1558629,2060887,1851147,463166,6335247,912972,947462,585080,637200,1553729,899678,3232
1756126,1654250,1650316,1071688,129132,4936320,713155,747927,557379,625301,1591072,2444886,5927
1782475,1746694,2057196,1565947,355177,5080450,271533,280613,472526,575449,1508527,2403862,6055
1802565,1742274,2041846,1562227,338780,5644109,687286,719186,503893,487087,861293,1704075,6133
1304997,1605660,2031748,1569080,339367,5880643,708143,741285,565584,624893,1226275,893205,3106
1739931,1651954,1722809,1352690,241357,5947840,947016,973105,644802,707186,1956752,2506996,6117
1717801,1915614,2102011,1658441,235237,4664382,275853,523623,601752,660618,1665825,2476843,5874
1702420,1809591,2115274,1639741,356974,6052341,729385,534426,445801,492843,1170261,2351884,6124
1435452,1742055,2092632,1592351,347298,5810076,700652,729151,547322,599818,830631,901579,3286
1374505,1472333,1624184,1534884,449885,6458642,940521,760425,522144,589651,1909827,2378129,4639
2058703,1703668,2124103,1509932,231473,4997772,457792,702182,570499,630356,1754055,3022283,7468
1716483,1618229,1987780,1518230,336426,5685938,692629,513929,399353,444199,1169317,2486856,5985
1398989,1667915,2010613,1545921,355500,5722808,728091,759797,536671,568952,779461,867720,3127
1067178,1304414,1239962,1288324,353056,5627105,704040,726434,503775,556494,1496784,1685672,3317
1716601,1468363,1630242,1040331,129372,5217754,732326,761770,546599,587433,1592950,2451164,6098
1743483,1718139,2063846,1569460,357684,5155020,274867,283473,460047,570445,1506733,2439754,6176
2051597,1847072,2384931,1769636,443729,6231444,898276,895020,516669,513354,919356,1692832,6258
1078732,1294569,1587269,1537887,338269,5797447,695401,727440,532004,587651,1510608,868268,2973
1747440,1521714,1648325,1033869,125887,5090503,707680,728721,519960,574395,1520270,2436994,5944
1692729,1650845,1973720,1501940,339975,4952791,273379,285885,447631,572490,1551234,2522908,6138
1720218,1688057,2004425,1550597,350406,5616995,716387,747888,473810,465602,795307,1586801,5933
1127028,1515058,2071699,1697340,463552,6337159,914514,957709,602659,665670,1566863,1610815,3324
1686499,1429191,1554390,1019780,126279,5064155,685402,716555,510842,572856,1492074,2303730,5709
1710378,1723882,2051833,1574511,353892,5150195,270630,281157,466835,576642,1487173,2390831,6055
1788816,1648900,2038589,1547008,343854,5637012,703258,738711,472275,465264,808123,1709084,6304
1091953,1446845,1955928,1499490,342798,5657460,707219,739997,509599,553664,1125745,877679,3188
2099349,1652744,1974608,1525482,346560,5588282,712683,939565,597865,666405,2175160,3910103,7503
1720554,1672061,1965015,1508121,331410,4849633,463216,283149,469641,545087,1508979,2452838,6022
1663622,1686070,1991090,1554875,340127,5764896,698802,728889,477777,459407,809036,1586335,5664
1406426,1759029,2027486,1536471,338449,5610604,686465,716452,547048,608626,803823,856969,3066
1044316,1271170,1212177,1270669,345422,5674778,719517,750957,514998,570958,1519303,1578139,2885
8218774,2172561,10889911,7954803,1677277,15518904,2716203,3148101,542680,728984,6127429,12780434,13537
1742589,1630985,1992457,1512366,335419,5789928,691904,512035,477933,442159,1147848,1684459,6471
1359554,1561001,1999413,1543797,350552,5865151,718340,748451,519929,584716,1130958,868794,3135
1169293,1359218,1241071,1290944,299785,5680557,673469,698871,524760,582197,1487571,1601448,3483
1711609,1649957,1996992,1281669,126254,4490014,487445,748632,533941,590687,1582200,2464873,6141
1710553,1697465,2030122,1552615,345328,5843406,499870,283958,407411,510423,1472866,2307119,5948
1741735,1872189,2404561,1803561,441523,6351775,900797,952603,520447,519261,807202,1744317,6191
1133027,1435095,1698569,1356150,360446,5862593,734811,764870,593277,630922,1595994,1619965,3122
1808760,1669791,1721819,1356512,129129,5124789,480300,726415,559689,615411,1578040,2490345,6349
1733661,1766555,1943348,1502766,314624,4976190,386172,284727,477646,588662,1481500,2344899,6226
1764289,1847678,2115518,1630393,475548,6453564,960599,1008850,558439,553027,1213308,2422340,6277
1415641,1455540,2018375,1545090,455463,6870113,1100119,1146230,630783,708840,1943664,2491587,4700
1700858,1562693,1674076,1315659,127092,5111018,491414,758368,561022,602694,1587447,2443389,5921
1801448,1864882,2075874,1607609,242175,5181014,273556,503133,500631,622045,1543120,2436980,6346
1748653,1686545,2002344,1541570,339965,5728556,705537,513908,481286,462472,1214168,1735722,6194
1417457,1803040,2087366,1629852,357582,5979337,728600,760571,574171,632175,1118461,901042,3183
1460811,1593221,1705429,1333878,337537,5889132,871501,906190,587034,657687,1843253,2391299,5002
1758381,1692672,1983196,1513489,231580,5049068,275641,523494,475649,586231,1561649,2455448,6044
1735266,1798825,2078444,1614596,351770,5844005,719253,521459,502024,497949,1186300,1597769,5936
6054539,1962048,10181727,7694561,1729569,16968357,3368219,3756740,565387,714451,5318389,8255851,6345
1392014,1305530,1240264,1285117,236913,5793451,706231,737039,511239,562099,1501808,1592807,4624
1771053,1703075,2051882,1295070,227628,4467542,489770,527055,513364,581207,1488882,2443855,6147
2033886,1848716,2340912,1745890,436182,6255271,682058,508222,470652,502359,1505997,2493211,7531
1418372,1462947,1977578,1533910,345961,5654402,709007,739361,530005,573762,1148674,901536,3263
1424911,1326259,1238910,1290299,236519,5719905,695588,723682,524323,573078,1544202,1717165,4761
1657821,1725860,1975003,1268653,228211,4322869,490959,517093,536499,595849,1538022,2417380,5866
1717369,1695948,2040386,1571663,352444,5805847,498407,521875,392488,495899,1142455,2372631,6023
1451683,1643919,2460544,1831781,456301,6333852,919769,960755,587848,586126,1208657,892796,5000
1074147,1352427,1528062,1280767,336716,5925758,688527,718802,529671,588753,1475725,1611931,3114
1756202,1476711,1650971,1298213,125364,4890600,482447,724944,517970,573235,1535449,2488746,6343
1724219,1647995,1986130,1515946,339367,4928264,490081,282415,475297,510619,1568733,2526573,6316
1686343,1695387,2013394,1549520,352280,5680681,725767,759709,464161,525976,799332,1609561,4445
1079466,1482800,1603971,1521869,451353,6211721,899627,939510,566754,631603,1523052,1713057,3095
1721466,1641571,2000324,1309911,129712,4639383,497767,755345,529585,582082,1555769,2406665,6348
1706192,1731062,2041352,1573091,331692,5364380,488381,284665,463743,512165,1447192,2311627,6468
1707440,1633647,1972237,1512245,330592,5703642,687212,497631,474553,453862,1188342,1701235,6097
1371950,1487982,1965833,1518401,344163,5743789,708065,738498,527621,566329,1107685,859884,3152
7709897,1819874,9878516,6962900,1420169,14988552,3216210,3766244,567431,714381,6544778,12591151,12779
1683589,1656376,2018210,1543686,342948,5198685,275304,286812,468910,598280,1577207,2472502,6077
1162082,1453334,1371437,1378690,358400,5932464,696291,736740,556189,608799,1586357,1782497,3810
1684456,1540778,1779654,1289758,122708,5061584,467469,711616,533715,588049,1455890,2258802,6024
1757907,1693278,2027724,1540617,335945,5176243,474465,282037,471358,511083,1552546,2513956,6473
1664671,1639068,1968606,1530761,342633,5797330,714739,745326,454827,514265,782225,1604307,4578
1396291,1510096,2063020,1866647,472218,6448453,926141,954082,588565,647372,1537140,885132,3152
1704362,1473948,1621906,1051215,127867,5187763,706325,745168,538589,600523,1587940,2475392,6281
1980647,1675496,2023069,1541741,352598,5734442,484815,502195,522006,628541,1810526,3006824,7044
1748408,1700457,2013947,1522102,339479,5657886,683932,678339,466084,458381,920845,1694613,6256
1412127,1637937,2044769,1588010,341661,5868751,714365,743567,570395,621530,1192058,876542,3040
1774342,1602541,1663326,1310249,235466,5877277,934868,962443,614035,674067,1883018,2409159,6043
1758200,1805729,2100968,1600906,342816,5349373,278424,291438,495814,620420,1642295,2583212,6551
1772131,1742848,2006907,1557857,342472,5763258,699325,503709,436456,477592,1161208,2255930,6163
1472387,1732995,2054461,1572612,344170,5685683,691544,721765,536551,595792,857218,909206,3365
1082972,1373280,1337605,1282924,341631,5787143,720083,756261,547813,595882,1596647,1670005,3038
2090624,1871851,2105850,1609996,243045,5226169,495525,735705,618547,685734,1877918,3054761,7257
1832203,1711552,2037518,1549488,336258,5767459,684612,505959,434036,480175,1170131,2508347,6446
7019462,2057629,9898459,7639324,1768180,16151630,2996222,3239741,557839,707467,5363030,10365304,7555
1101069,1342277,1253056,1311746,351364,5816008,708549,731747,529661,588127,1523371,1676238,3356
1696129,1435619,1580017,996651,123029,5015831,713565,755338,509904,570780,1544668,2464694,6019
2007740,1799760,2317986,1764711,438287,5638569,461919,343607,470163,570377,1693300,2940035,7101
1756102,1639748,2019767,1530765,334449,5769226,677613,707506,519822,505337,788415,864139,4728
1405530,1443210,1979660,1766409,453628,6431405,947763,984923,556043,623483,1513999,873079,3120
1721312,1521217,1628661,1287217,226840,5998203,921060,946117,565312,633980,1798974,2404483,5953
1759060,1682412,2020560,1545433,338466,5101598,269043,281260,444201,572652,1546906,2540626,6432
1713432,1623664,1985544,1536697,348329,5730636,713876,746488,477734,461577,801879,1605196,5902
1086464,1471916,1981552,1705974,442539,6335566,873988,896900,546262,601094,1426454,1138393,3264
1684289,1481888,1571357,999448,125015,5081909,702462,741229,510379,578995,1527592,2451990,5952
1753924,1704915,2042553,1587327,343098,5307721,278076,292638,472427,570576,1453839,2269380,6339
1745462,1662457,2019305,1532121,341375,5555347,689253,719392,460858,448811,804427,1696824,6320
1057678,1472125,1969555,1509593,341940,5654069,716875,748108,516216,557224,1135264,845976,3082
1718372,1489813,1585333,1241998,237737,5702387,709635,948482,530938,611856,1790681,3103872,5980
1691650,1676805,1964945,1505053,324464,4931592,376053,280921,454067,567538,1506534,2441833,6266
1676965,1588801,1952745,1495319,347827,5659543,715941,747226,442684,423047,783233,1589325,6057
1387391,1687332,2004430,1542428,342400,5729283,684333,716498,521173,578979,787724,853613,3086
1052101,1280836,1229744,1278393,342860,5754491,723365,757296,524899,579089,1563054,1629299,2929
2051322,1807821,2422580,1535241,238455,5105865,497035,747594,516195,618576,1799592,3095369,7250
1755073,1679452,2023791,1541289,339999,5711540,694606,503655,463964,453879,1172326,1726739,6340
1397972,1673300,2001404,1546995,350245,5650334,722296,754162,539718,592680,1051045,867890,3090
1101704,1281681,1252317,1288202,354606,5776819,714953,738717,511117,560811,1510631,1665164,3365
1702055,1894151,2394206,1549862,224627,5219758,682897,963052,609596,673062,1583079,2511527,5790
1708028,1688501,1994379,1538567,343568,5789159,488660,283891,417144,512787,1462876,2245172,5823
1701554,1619420,2396648,1799652,459969,6138593,908668,949506,548064,566766,1159979,852127,4347
1377291,1301848,1249615,1270633,233346,5655427,722568,757947,506426,551607,1530659,1657896,4629
1700883,1657508,2037495,1287759,228875,4466514,498693,533277,500895,563502,1479121,2372175,6154
1776685,1700250,1989710,1506993,325813,5683743,471871,299716,419262,516526,1457331,2418537,6596
1699727,1608900,1967068,1518138,348145,5799662,722412,756940,506448,496386,777130,866040,4657
1401049,1304214,1629700,1558715,352435,6345798,930487,956301,578972,627433,1854570,1637052,4363
1734682,1652314,1993668,1266839,230845,4464406,484555,512824,523300,577111,1552838,2516180,6110
1684466,1666865,2016808,1552654,350120,5020614,494219,282174,464899,503402,1473989,2356321,5954
1748861,1663285,2006644,1507696,337414,5617211,688122,718012,444977,480450,784657,1686668,5156
1060473,1501669,1895904,1507154,331873,5667152,693864,724160,530125,596223,1134260,873491,3036
1725708,1418387,1605972,1266176,234800,5631628,715581,967152,548020,607848,1837973,3179411,6034
1717459,1626846,1974546,1492888,337336,4994499,484401,282989,463486,514875,1555187,2527223,6006
1700395,1787578,2023684,1572088,354297,5703119,725949,757244,497853,539777,813790,1595627,4519
1122982,1604286,1687003,1613633,352233,5741812,701949,724658,531541,587933,1191325,896524,3264
1739011,1705019,2006412,1305574,333718,5751645,926493,982699,604438,646141,1576097,2480115,4713
2044492,1876957,2382243,1809004,332251,5325564,492349,522413,535950,586900,1796259,2959139,7251
1800797,1839629,2114022,1608742,342045,5801923,689423,719653,518772,577875,856895,1710134,4984
1112532,1536548,1653019,1556824,346494,5792144,727116,759526,540722,597497,1193450,884152,3144
1490163,1577081,1685449,1096185,236889,5296691,701700,721466,561276,611168,1537267,2383228,4702
1765922,1580830,2015247,1530680,234056,5232613,273493,511893,464403,568050,1555496,2544402,6286
1700932,1649139,2016437,1551238,353301,5843260,724470,520041,458787,457345,1150993,1616821,5951
1436306,1656308,2009800,1793598,452032,6241775,892630,921520,556845,618253,1319778,883878,3258
1409124,1424649,1301818,1335617,236089,5806515,705959,735003,550798,615634,1575954,1618880,4544
1734256,1687705,2051461,1288410,238453,4383330,493499,510513,507401,563621,1478193,2409622,6410
1748040,1603720,1980406,1504328,330028,5638742,472155,494988,398712,493407,1161445,2484433,6339
1373999,1674024,2021341,1557770,352963,5824189,730492,764446,533486,517621,799830,863038,4522
1394258,1274485,1613787,1263531,346795,6387721,918334,943865,565307,639939,1857943,2440962,4437
1705753,1696315,1984506,1409339,230083,4378217,301441,513661,522838,585477,1541375,2504101,6015
1690218,1603159,1979482,1550571,344682,5927458,480422,501617,395292,499445,1145565,2275988,6018
2049216,1886825,2415422,1539462,338610,5662467,895908,935042,523706,584024,1175616,2492035,6154
1718436,1684429,2050926,1571542,239050,5081497,276581,512169,448624,567401,1527251,2500185,6176
2023455,1816463,2387128,2039700,555005,6927725,1162654,981671,580820,573158,1531913,1686661,6213
1073409,1320090,1647430,1570960,352422,5813314,719644,743054,516824,569814,1502689,883645,3202
1637843,1496695,1618998,988873,133871,4974654,694030,729928,524226,590148,1550946,2530605,5887
1697127,1635760,1944356,1504485,236806,5082138,272467,488247,466465,579203,1494720,2315656,5975
1756377,1635996,2035833,1564288,353081,5725674,711499,508019,466904,447817,1157894,1649022,6178
1380400,1643248,2359532,1789576,444078,6462727,933818,988625,561328,568693,1156800,856832,4650
1381144,1320956,1230383,1036380,236088,5777192,716598,747199,513567,572801,1470868,2326710,4597
1774647,1631867,2022498,1522808,229943,4406080,270342,503179,520671,568379,1530440,2496142,6443
1681676,1630092,1981187,1513408,344359,5646863,711694,518185,412209,474661,1154679,2382954,5818
1407507,1734302,2011551,1532522,334323,5847000,680928,701315,525568,526528,786721,878113,4386
1087183,1235385,1620352,1274274,333287,5739660,686441,724822,512203,566481,1534103,1661113,3106
2003402,1696744,2036561,1570251,240364,5056633,498027,753795,594385,636468,1861786,3078311,6921
1764259,1665546,2043004,1564182,348160,5723623,689550,500480,391784,434908,1130906,2461569,6376
1390827,1639828,1939886,1504568,324290,5640924,681998,721664,529131,593542,805609,869462,3174
1106497,1267260,1232647,1302074,349645,5895814,719555,754483,537426,588840,1523915,1620032,3276
1758892,1552970,1813962,1313250,125562,5155519,454667,695791,545436,606391,1536236,2423141,6498
2013444,1955983,2405781,1837671,450709,5926428,712586,527366,506634,555720,1564759,3120147,7299
1434774,1931502,2438451,1848388,455044,6471452,918946,948549,584962,660429,836155,899569,3245
1094032,1532256,1352095,1391757,342696,6042706,702696,743175,604812,662507,1666712,1705931,3237
1707887,1867415,2104473,1358529,124621,4749001,505368,762286,582067,631175,1581729,2381332,6029
1709079,1950046,2159135,1675640,352708,5135731,270076,285029,554469,667542,1664098,2564068,6388
1990819,1975372,2449740,1879791,439821,6713704,923768,882450,587592,590015,1082128,1588203,6004
1121346,1507011,1730219,1659067,351379,6098267,717430,741061,578684,631816,1560764,891898,3312
1752443,1712610,1710571,1103608,125767,5432770,698906,735500,605575,667547,1666970,2537834,6383
1671084,1804936,2085622,1624213,351138,5530239,274225,286425,527599,634242,1582715,2354965,5702
1764348,1950039,2165622,1677022,359667,5981833,722273,744083,542670,526520,887538,1691339,6346
1049173,1703546,2094818,1631187,344749,5898944,717353,757672,600815,653998,1257510,880761,3118
1955293,1996510,2414207,1785790,343565,5197814,290505,528720,573147,695246,2003183,3198478,6895
1704336,1946924,2140536,1662915,349718,6201636,717176,737452,544071,524007,878398,1632545,6260
1108265,1661823,2071840,1594152,339456,5755221,695749,734098,576623,629655,1235007,890765,3225
1387327,1573986,1317772,1109395,239644,5888591,728644,760522,617990,670697,1628322,2358730,4381
1689578,1794071,2072052,1602010,239591,4526718,269310,505165,555995,609899,1559270,2443637,6094
1982067,1893444,2456721,1855765,453498,6660388,942424,766410,496452,508361,1200878,2484822,6253
1055354,1641737,2075584,1656719,345791,6280385,709645,740801,588947,644089,1195811,879302,3296
1360400,1424041,1293080,1058350,234264,5804841,692564,723444,553113,613244,1580315,2533067,4817
1612734,1727692,2007086,1292544,124344,4402429,493728,752691,542992,606447,1562823,2400515,5822
1727834,1823213,2074618,1592627,350959,5901426,489171,280647,454114,554009,1529527,2447769,6264
1690413,1779853,2419356,1832496,443727,6340407,915213,969730,624631,625771,1216587,871548,4655
1267492,1404232,1254859,1312765,242190,5841799,728409,760898,559629,611416,1552596,1595337,4215
1658097,1758616,2064792,1319282,140470,4684902,485934,678390,549865,601259,1532811,2441886,6583
1723276,1746837,2045917,1571949,341156,5819768,499826,282790,454406,556934,1614025,2499734,6214
1687287,1825936,2104278,1633426,352269,5913275,723748,751633,579134,566984,844215,879099,4732
1354712,1353578,1649144,1558583,341492,6513743,905837,945530,585097,656724,1955027,1696019,4679
1631363,1571753,1668436,1321826,125575,5412714,495633,751741,557165,607203,1544032,2363133,6053
1737088,1819356,2090332,1626166,351432,5235504,480967,279308,520122,570903,1564819,2462863,6316
1646323,1765673,1988928,1549103,324236,5747063,680482,719917,512398,496066,833183,1670129,5770
1000601,1609890,2064002,1603661,350160,5855762,720469,754689,561398,612618,1184341,866398,3166
1343432,1388604,1258029,1026941,229577,5634246,689424,718254,547734,599024,1568876,2518195,4805
2247355,1977267,2720599,2016628,457085,4975598,495958,518427,576894,639252,2293600,3943044,7959
1706954,1842673,2138664,1652477,357333,6104199,731071,752533,526175,577193,859790,1639420,4939
1355315,1749892,2030364,1805027,436374,6539280,893260,946858,614619,685917,1215204,893571,3130
1323657,1377255,1434650,1052327,237768,5949470,696051,726958,556485,608699,1511654,2251426,4400
1769033,1803327,2090920,1605902,239217,4600110,269410,503766,568021,628469,1565491,2466747,6323
1973350,1962358,2412159,1849922,442423,6610001,922755,753904,520569,567647,1220918,2455075,6184
1036948,1660074,1690582,1619598,352556,5976757,722490,753924,569733,622713,1179095,876354,3151
1397606,1540687,1665618,1040009,242127,5337242,710820,743770,542961,600499,1581543,2583042,4886
1681482,1730183,2019899,1557360,232020,5115828,273573,521649,501814,615630,1580131,2433606,6158
1666719,1806307,2077242,1609514,352746,5890494,720904,512148,446282,492420,1194054,1803586,6053
1695142,1779698,2422713,1819171,440030,6498005,910932,965603,628138,626932,1206599,864742,4391
1322885,1451113,1281517,1343125,238803,5983965,723650,755903,561986,608258,1516129,1591656,4536
1713084,1727362,2092830,1340863,236365,4631602,481933,502931,542293,607864,1565438,2515438,6409
1655223,1713415,2051957,1593637,341553,5963504,496989,519729,452491,562595,1229906,2465433,6113
1389079,1827672,2111381,1623782,357640,5950527,732832,756504,570885,554496,846572,899118,4776
1344012,1363658,1672759,1398038,345198,6420864,922235,965782,632071,691169,2004670,2427820,4603
1655376,1690523,2013107,1322362,240192,4570272,477612,508794,528215,586905,1532061,2361564,5906
1713742,1792134,2114322,1626989,354326,6242702,494138,510711,436755,544126,1180671,2427237,6243
1378251,1787449,2081045,1596948,340955,5998219,707322,748402,577193,564350,844183,873197,4838
1333775,1561086,2032825,1580421,457521,6692850,935397,974609,606946,586673,1514398,1606191,4759
1722168,1596612,1702727,1352301,125543,5262075,484843,728002,548080,616202,1584592,2542983,6580
1997776,2034617,2485781,1874091,457855,5880035,722870,531930,548245,607572,1646827,3294784,7526
1349627,2056704,2160495,1693730,345917,5989651,708499,734506,639483,620623,907296,882792,4354
1051589,1431062,1683545,1331727,348459,5852839,708115,740224,564822,624860,1625732,1740487,3136
1714178,1699283,1718067,1372461,129609,5452861,506817,761003,611001,665768,1637988,2409318,6128
1722122,1953783,2144083,1674747,240755,5208302,270921,503549,549385,654800,1627839,2494688,6417
1979347,1993180,2430228,1843933,446291,6375523,932479,753425,568720,565764,1243006,1681147,6081
1029904,1354750,1673123,1597671,351750,5948524,722862,754458,530960,591679,1498380,872143,3231
1444893,1554276,1679741,1041403,183664,5368327,670472,700019,554498,613166,1555942,2455194,4966
1638243,1843149,2068057,1603963,234413,5347799,269582,517259,513871,635115,1610086,2398240,5886
1729920,1847125,2135012,1631934,355929,5903987,730348,522190,525400,508453,1201550,1655525,6140
1352939,1620824,2057651,1837335,448606,6399621,917506,972261,617896,683047,1597698,889568,3234
1598816,1576311,1649870,1048427,125075,5216957,731551,764358,562952,621765,1570701,2371776,5634
1736450,1705594,2052434,1585670,351494,5164547,267814,281164,488823,585173,1521742,2447610,6014
1695681,1799880,2057475,1597708,329339,6043900,694306,669659,522611,495846,993395,1586783,6312
1624296,1769477,2463800,1900828,454599,6745397,928125,750118,565322,624626,1516818,1570676,4549
1361347,1362781,1291671,1317039,234672,5972556,696538,727682,533048,592285,1563234,1687980,4775
1957536,1943114,2413257,1590880,348507,5227765,496489,518561,561725,677423,1964537,3192304,7348
1665257,1797072,2090567,1613796,356399,5835108,728495,749978,480983,480082,801638,1639073,5987
1045305,1481331,2016259,1536199,338089,5913781,693979,733306,521272,584960,1167933,881475,3099
1066249,1357872,1428361,1346005,354413,6070494,725146,757545,554904,610391,1543838,1604741,3377
1722230,1604176,1687150,1342189,125239,5209349,481682,716039,574624,628347,1581497,2514742,6660
1941105,1925806,2389697,1819086,450046,5820799,721448,521311,475491,519342,1567800,3203582,7202
1370594,1684816,2072019,1593144,352531,6100067,723954,747107,522855,578705,790063,857919,3047
1061005,1369571,1289128,1337694,346276,6067004,707771,740710,558855,610861,1603057,1697153,3458
1698978,1779344,2044317,1306627,123764,4663783,504930,761107,569814,621686,1574863,2417018,5897
1706985,1818109,2094096,1613280,354596,5461386,485747,280034,489740,567595,1559852,2481440,6314
1650541,1994385,2420426,1825960,438884,6352993,911567,965444,585554,641713,853925,1654752,4739
1021795,1374758,1650756,1579749,352554,5800490,722984,754761,551303,600770,1512670,870669,2994
1685381,1538854,1680915,1049519,124755,5248221,696020,726265,540549,601037,1568214,2516524,6359
1645541,1949260,2396763,1814353,456322,5745371,497098,519290,560287,675644,1563553,2389753,6077
1741077,1728125,2101021,1609545,356694,6010779,721665,741535,478972,464000,814991,1673215,6407
1410943,1805173,2443767,2041914,544015,6314665,903309,957087,678015,739719,1933651,1846043,4845
1646879,1673464,1689917,1060173,124533,5277101,732738,764828,580106,626865,1564804,2355338,5860
1662259,1807692,2068571,1599086,351479,5060666,269607,284298,510359,625393,1582214,2479440,6083
1658110,1644524,2012981,1569212,339329,5974748,715860,757455,476407,461598,805416,1658143,5981
1071026,1602373,2087052,1607237,353900,6054669,723282,752938,546853,594357,1142363,886752,3229
1404324,1433244,1325288,1085728,237074,5828896,700736,731248,551485,614789,1581204,2550659,5222
1904346,1842810,2393045,1820336,332722,5420858,353606,521254,543072,666104,1898937,3098821,7259
1691310,1807792,2155267,1662760,357170,6241662,724379,747612,514657,500486,841987,1654046,6353
1077217,1592751,2051982,1567006,337408,5845965,696230,736536,565136,619757,1206736,875869,3076
1302978,1378075,1273628,1053238,238482,6088246,721521,753348,553444,606933,1544428,2351564,4653
1733946,1771990,2064288,1609840,238120,4578417,267311,500836,550969,597738,1556746,2467650,6230
1995338,1926830,2423687,1827417,450625,6464359,721423,518963,504844,547574,1590998,2435924,7401
1360395,1756320,2057569,1580317,351592,5776599,725474,746577,559854,605021,1072559,890717,3263
1014206,1422141,1262676,1322519,338124,5826781,692876,727951,568792,626816,1611111,1710582,3234
1627178,1872368,2068049,1357028,126506,4469818,489170,748151,606482,657970,1611375,2346297,5852
1773136,1868988,2144593,1658058,361101,6006783,502680,286667,475099,577598,1620301,2512005,6374
1721097,1795946,2432576,1838201,446989,6508488,929403,981190,620561,619498,1210749,878494,4686
1630702,1565353,1656706,1341573,240627,6008058,937754,978746,619190,679810,1874877,2263715,5711
1733762,1672930,2074544,1327180,221968,4634950,481339,530268,530805,584945,1548619,2533244,6598
4764495,1928971,6945225,5263712,1198995,11763274,1724475,1436057,457731,602431,3076687,6288979,8955
1723640,1705585,2042688,1560827,347103,5799448,708972,731066,527268,505429,785239,881640,4955
1433609,1325211,1639783,1542450,340684,6423091,909354,955431,574613,649222,1947180,1744275,5061
1712633,1662049,1990336,1279357,238372,4490758,491974,515105,518507,584375,1496825,2369090,6097
1783825,1643937,1977476,1515548,333582,5800505,462950,479222,416420,512287,1140449,2315110,6154
1477833,1643374,2003514,1531049,338230,5774055,705230,745786,528900,519249,800486,862251,4558
1061776,1358148,1578762,1502275,334861,5749900,687565,715061,501761,552976,1413265,910463,3240
1427227,1299540,1239325,1001125,228062,5519556,671851,701412,518701,570373,1523226,2491566,4852
1992827,1797891,2338382,1746139,341086,5006767,495481,519476,516926,569625,1874263,3139809,7262
6934322,2012694,8909189,6532674,1625742,16887642,3399291,3702209,480569,609128,5278134,10772920,8195
1045014,1437571,1564902,1481990,330272,5631789,682709,722093,500572,569566,1157435,862708,2939
1386262,1369052,1534756,986042,233629,5238363,712571,743770,489861,543116,1461891,2270188,4509
1720810,1664811,1960258,1504310,214329,4506034,268650,494494,516545,568032,1437174,2314583,6270
2053584,1800305,2343982,1753591,440475,6424972,919771,743504,442486,488858,1144542,2481053,6454
1052461,1498602,1622929,1544866,455769,6466976,926305,963904,559781,635806,1456871,1583609,3241
1453647,1318924,1245487,1250909,226731,5684241,686060,725948,527078,577975,1552482,1762034,5283
1658179,1643976,1985667,1248933,236517,4345625,504965,529260,512316,569695,1513414,2390771,5858
1731558,1686284,2044286,1565853,357661,5712723,497667,513431,411388,509986,1150682,2473218,6156
1560884,1658386,2343621,1787814,432869,6392452,903140,957221,590274,590979,1226554,852598,4447
1375749,1339383,1254290,1302492,240235,5854494,706018,736876,516237,563387,1451604,1558886,4682
1729012,1640416,2024441,1260937,232378,4514835,483813,503876,494528,559478,1514761,2501984,6675
1700107,1669667,1996763,1535961,342239,5796408,496435,519943,414725,514752,1161951,2433806,6087
1737913,1653347,2022983,1552941,349029,5894828,704289,725861,447785,506691,782263,1624434,4636
1062196,1472087,1634903,1531509,343367,5819779,713546,753112,523698,572448,1168957,881369,3082
1718189,1411160,1762761,1241012,238939,5677456,721133,969235,564811,620299,1813370,2983592,5979
1754816,1737974,2047293,1550280,343966,5043484,471462,279480,467811,519623,1518988,2491202,6513
1728211,1593613,1972465,1512847,339065,5745055,711967,751511,452244,510482,789387,1656126,4648
4024216,1562626,4896562,3579091,809398,9584246,1567633,1759426,517227,612641,3717742,6753484,6038
1815901,1529138,2169835,1419562,316378,5983458,851040,866550,537533,595375,1639789,3270380,5483
2237258,2077679,2767337,2087425,350721,5856401,503918,753399,542979,663218,2307625,3924710,8609
1752365,1724415,2087399,1598528,355739,5813991,711538,709979,494902,472281,922799,1706113,6392
1405145,1654482,2097083,1643963,335862,6129866,703888,744740,586778,647367,1212638,890603,3212
1326165,1457101,1299292,1369674,239059,5966478,720572,750775,580768,634608,1553790,1625708,4807
1686698,1850316,2112755,1334966,234263,4453558,481727,504708,561460,621068,1598298,2528018,6393
2077727,1940239,2417555,1829226,455984,6407410,725067,758416,529048,561986,1232482,2445687,7541
1100402,1518872,2016868,1554329,345426,5836385,702092,721215,526917,581025,1151013,900364,3228
1424635,1419614,1282155,1106667,236660,5810470,702900,745378,547626,611384,1606532,2464076,4707
4945689,1790208,5492376,3847681,690708,9934433,1511484,1892468,592783,687977,4281387,8616787,8468
1759808,1804992,2126031,1650411,348521,5386305,482990,285298,502678,559670,1581834,2531657,6351
1725535,2118380,2496608,1906306,452406,6734676,947774,991316,611560,670394,893045,1690486,4851
1047455,1496363,1301037,1343490,353667,5878630,723407,747578,570987,618249,1543109,1647376,3323
1670220,1790216,2039179,1292287,122824,4434034,480197,725468,561639,617123,1582796,2538993,6529
1650420,1687523,2022730,1581576,349101,5802285,493811,282332,442515,538984,1552723,2385820,5872
1671373,1757110,2077321,1612705,336768,6169325,684006,706659,501547,545131,834546,1442913,4745
1108510,1855433,1776874,1680771,343945,6052512,715438,756955,632667,687312,1294108,894778,3302
1696986,1685864,1701946,1351528,240101,5854509,950183,991058,632618,701059,1900099,2376815,6034
6364049,2080882,8757358,7071383,1704982,16163952,2825466,3292912,491807,696590,6162870,11124977,10207
2025836,1817148,2334912,1770565,443570,6479792,928749,970840,475580,473986,789667,2340116,7646
1078759,1483654,2001223,1542852,352434,5684127,712543,735804,509944,563854,1153001,887519,3135
1395046,1308385,1232364,1180538,217803,5733418,672113,711217,531615,590668,1538354,2058872,4593
1964977,1874914,2373601,1522200,346718,5089761,507416,529532,511138,633226,1863020,3083649,7369
1740379,1701201,2060444,1585914,352366,5794344,703415,726784,467934,458568,812243,1690130,6408
1039206,1505291,2000635,1542657,339569,5788299,712741,755433,522237,579035,1177484,867362,3038
1387385,1424182,1303428,1071633,240089,6018469,736494,770541,583683,636919,1550176,2391272,4827
1663427,1801291,2085937,1588174,237938,4507945,270482,503008,557053,615996,1607716,2561333,6187
1899045,1878664,2382633,1816364,454651,6600844,889466,752810,489357,534734,1180245,2379527,6971
1070025,1621738,2098903,1626196,348988,6175718,708979,730639,559181,616308,1174811,869867,3076
1384442,1428561,1280157,1072077,232394,5858790,700150,740307,564845,624296,1593942,2523311,4778
1647116,1769698,2057502,1603508,238877,4574482,271440,516937,563341,618381,1559864,2348844,6110
1696345,1810268,2089754,1616287,351946,5870396,699277,502320,448048,486905,1193561,2510006,6663
1684562,1829581,2372191,1779010,449623,6369256,944337,987470,589148,592267,1091394,873409,4576
1026563,1384956,1276129,1317843,351402,6008559,720795,744326,547052,597543,1510872,1663063,3350
1758716,1773309,2050126,1290412,122713,4649575,483214,722828,559980,621408,1599211,2513273,6291
1653524,1769283,2068898,1617063,356834,6186206,501103,289511,449495,566169,1581064,2398727,5953
3938022,2091406,5989086,5049005,1318917,13766131,2582356,2556996,522641,549974,2598765,4039222,8636
1063448,1450754,1692857,1600091,342809,5849673,714022,755918,573274,635565,1609440,872660,3130
1952996,1833005,2091276,1362429,233509,5220807,731483,784773,632953,692382,1928865,3105230,7459
1655969,1824912,2059512,1580166,334827,5863109,464583,287248,455090,561407,1562375,2463355,6228
1605715,1806803,2033711,1595405,346647,5952524,724008,755220,514746,489764,821154,1624632,5823
1018444,1623643,2097925,1621078,355508,6008610,716871,738818,568858,622279,1183450,866695,3109
1385138,1350247,1261643,1040573,233177,5856425,701793,742445,543562,598275,1565926,2509154,4533
1917952,1849744,2429290,1863413,352507,5368785,495700,518167,545542,601050,1890689,3048653,7259
1745152,1816275,2121476,1633095,349971,5989139,698773,726946,506682,548804,842509,1692172,5175
1089331,1558390,1919431,1544019,326093,5857959,689583,728825,573440,627844,1179826,869600,3169
1395633,1437418,1308525,1104163,240806,6133749,726560,750583,576530,632434,1547257,2371945,4771
1717970,1856539,2131298,1630983,232658,4608410,268655,501508,582663,635403,1607883,2531671,6405
1948677,1936558,2408651,1845521,458043,6482199,946939,751497,508060,554161,1200733,2375591,5974
1050312,1670637,1722462,1648653,355658,6002963,719082,741924,580117,632867,1205898,872426,3081
1358905,1600787,1656256,1053442,237329,5268040,710703,751046,565495,624636,1626400,2555198,4726
1904547,1937290,2411304,1847032,338322,5212302,492808,759948,619274,616509,1517987,2272391,7074
1769542,1769358,2133569,1630054,357883,6095625,707524,501745,437678,475412,1229908,2568327,6749
1641258,1991160,2388916,1821643,434819,5907403,706963,745957,642625,696043,1205109,1618079,4362
1337599,1655776,1703852,1330682,352499,5906603,947138,987526,631286,692964,1881308,2350026,4484
1722654,1811922,2065744,1319455,228812,4624240,481679,508830,558947,612718,1590462,2523144,6549
1653935,1781631,2051622,1595670,351169,5927806,496591,515298,458140,562234,1207253,2343163,5838
1575141,1809648,2105048,1628758,352444,5935083,702775,724051,564452,552247,839980,887567,4817
1080428,1453026,1682868,1582087,339652,5763219,708485,751998,582967,633191,1626969,919354,3316
1968489,1690220,2047092,1304879,240657,5375689,714554,745840,592360,660067,1851183,3056767,7382
1688728,1790492,2114646,1623193,350325,6101366,490202,511899,437132,543480,1207850,2545675,6181
1401426,1715541,2030213,1560373,347257,5837950,730577,759937,554282,553183,815474,876317,4493
1059071,1447483,1682535,1328937,356240,5871424,726533,749737,571205,622983,1536650,1677899,3277
1355547,1514508,1559982,1063695,229583,5625276,708638,751840,583353,645200,1638686,2580325,4806
1939272,2010450,2443540,1855980,345923,5198880,490296,520761,566070,620823,1887921,3019085,7252
1681330,1805065,2074901,1599353,350723,5901496,700689,729479,485904,541673,837118,1690494,4700
1044431,1524033,1655049,1572553,340461,5968270,718598,754898,555966,616008,1217142,842927,2914
1355942,1571873,1707498,1090439,238720,5507748,722930,748707,558873,618263,1523382,2346317,4539
1720808,1738079,2071253,1586611,232952,5262425,272161,507455,482892,591181,1564365,2539673,6505
2261639,2069780,2759734,1828840,460082,6525680,1164567,979644,584568,604029,1548384,2437640,7596
1374254,1502511,2044644,1568904,342091,5906375,683003,702907,528462,580716,1167080,898357,3334
1381264,1440876,1287789,1344336,235531,5929759,715724,759606,585456,639923,1632070,1671729,4421
1690105,1816738,2082976,1327312,236966,4617196,497716,520882,567716,620941,1542954,2351279,6083
1724673,1838028,2103463,1604795,343442,5868455,484445,505915,455490,568743,1230393,2527105,6314
1335564,1771255,2024128,1565152,344336,5857932,723879,755570,564076,563596,831801,847486,4478
1390671,1399179,1683527,1359049,352202,6667395,947562,975531,599510,662259,1864259,2399669,4729
1675627,1708218,2030446,1378352,231437,4747544,397018,479425,519843,583630,1542282,2464650,6504
1620831,1748354,2056493,1606363,345984,6060602,483753,508273,454877,556579,1201098,2336247,6194
1716165,1804875,2101419,1619756,344753,5961759,692856,728085,501072,551895,835541,1717843,4755
1034230,1636625,1678780,1582582,341928,5991722,719884,753509,566558,621871,1210506,869221,3033
1693981,1824803,2106055,1346187,237184,5280412,726289,993152,617646,680449,1880797,3167206,6076
1689428,1814937,2088594,1596953,342320,5887037,491167,283243,451009,559128,1616003,2571304,6505
1591651,1810708,2019517,1587428,339684,5940428,703961,734694,514855,572832,836364,1209184,4460
1071080,1519004,1645115,1554299,347167,5710908,698129,720446,518051,569680,1144944,880209,3128
1388671,1488655,1604749,1009418,229931,5072534,701186,742430,529177,582946,1557269,2496381,4579
2038804,1797905,2365387,1810235,350761,5809221,493660,515558,452513,562844,1791156,2996260,7431
1768225,1707840,2434108,1800819,445195,6329821,897883,936520,529507,515327,1160847,1670544,6314
1066695,1497674,1985770,1523307,347261,5776682,724939,756731,518629,580648,1134885,860014,3169
1436544,1358023,1259857,1192010,239408,5793313,705385,727139,528113,588498,1492621,2191790,4794
1763013,1832872,2052116,1322463,229222,4400823,487547,513275,577230,631468,1624544,2514471,6215
1742342,1748938,2023152,1551524,353126,5883070,497739,519801,422347,528690,1170223,2344597,6023
1773626,1601522,1672217,1295624,239129,5427037,930283,975463,584150,631877,1826871,2306971,6185
1840452,1772297,2061441,1568339,340031,5161129,274462,288768,493848,593634,1551223,2509892,6650
1710105,1717286,2011068,1567509,349071,5723542,723267,517537,446488,477609,1190442,2389082,5901
1457253,1773184,2085149,1605395,354609,5686511,712141,735675,552110,569524,871963,897501,3692
1080716,1412177,1639272,1286041,330584,5654734,683353,722761,537867,602563,1537793,1649109,3036
2064785,1791087,2062856,1609829,239353,5120305,498726,758944,618996,681471,1932892,3065778,7251
1776875,1770835,2071789,1592499,345493,5686163,690300,495803,434979,479651,1212851,2490284,6457
1425347,1725265,2026850,1558724,339134,5556380,712157,755368,541100,602804,829529,908043,3313
1138528,1425755,1286351,1336812,348648,5709767,715207,746444,557563,614693,1528181,1616135,3260
1771041,1549900,1879278,1283358,124154,4971076,494065,735617,548461,606904,1625895,2576235,6290
2286371,2134183,2716047,2043407,442052,5600521,717848,758121,566838,630681,1908174,3780476,8035
1483939,1712805,2074887,1580734,353010,5888682,714819,736374,523201,584660,811418,868361,3239
1111553,1426272,1269198,1306253,436575,6342310,896757,949155,616631,686901,1974932,2468076,3110
1768887,1715567,2018538,1292306,126690,4390756,498547,756793,547739,584372,1524840,2344968,5945
1786716,1775968,2065926,1577706,351405,5648996,486609,285594,431747,524959,1546788,2502538,6421
1736592,1973629,2374988,1798021,435644,6281991,914428,967465,608901,622041,912338,901281,4331
1082726,1366260,1253808,1285478,349333,5871737,716271,745357,533108,585600,1515908,1629745,3026
1804187,1656864,1691683,1067348,126723,5276546,694307,732622,560110,625612,1601543,2556460,6728
1738162,1708701,2038433,1583975,352692,5247054,273316,286405,482734,602334,1559747,2377751,5994
1804131,1762829,2087057,1605957,353788,5682987,704496,727777,507049,484813,848606,1699240,6284
1102701,1558518,2020454,1544967,338586,5724162,710106,751663,552969,612390,1230906,883221,3103
1687248,1598768,1604581,1123503,237902,5738946,804103,944956,608801,672718,1816799,2930114,5867
1793716,1819562,2106350,1612182,347210,5118690,276043,288683,522978,627473,1628960,2552766,6316
1723390,1727580,2010190,1556069,335281,5799810,708196,739208,488921,484942,827135,1624243,5916
1454245,1791615,2071713,1596324,351835,5847113,708606,729043,547398,601015,860724,888199,3180
1084575,1405270,1266338,1293707,335337,5688788,695697,734637,533369,598389,1546989,1662380,3151
2099804,1951717,2391458,1561131,226772,5110979,498364,756509,561402,666019,1844232,2974822,7124
1800902,1720503,2073851,1602763,351706,5717157,702230,507093,435203,475933,1209812,1899869,6507
1426923,1664234,2046849,1570465,343850,5995325,724498,762497,546969,594434,825218,923735,3316
1127920,1493489,1300577,1335611,341535,5854078,699726,726580,560681,616216,1518114,1592548,3009
1773352,1756904,2068156,1304606,126834,4545291,487349,729888,549832,611208,1577316,2524636,6299
2025697,1921089,2392961,1836184,458121,6547143,730059,526118,496656,542290,1569502,2371508,7401
1464619,1566453,2071090,1588946,349108,5800936,703286,724440,536643,600514,1186879,878657,3215
1325310,1422513,1267357,1295155,245923,5658149,703739,746094,546120,606659,1587481,1725049,3847
1702062,1703118,2037821,1294880,126358,4570547,513316,768470,559608,606726,1548218,2378257,6133
1744451,1690820,2044044,1587505,346409,5834621,483652,283919,422071,522620,1542188,2474409,6394
1687114,1643799,2357844,1771382,446932,6281083,937885,989448,567816,585319,1163734,865348,4499
1407640,1359737,1243705,1261031,228823,5732867,704984,734993,505151,554666,1438126,1619687,4658
1775927,1649044,2013175,1263097,233229,4461401,483748,502767,508842,559934,1551164,2527351,6440
1717598,1660036,2000168,1540592,348075,5143834,470434,283042,474180,544406,1493445,2349248,5914
1735831,1675734,2003415,1542269,338153,5691967,675404,693642,474727,456310,810670,1685449,6217
1040305,1479580,1944320,1492687,329626,5592267,687700,728270,513700,567371,1147837,868102,3017
1673657,1502010,1622223,1285012,237954,5578652,719804,989488,571524,631133,1816585,3056618,5636
1754717,1693334,2047881,1548847,347363,5007186,480564,282694,476171,515558,1563072,2545209,6242
1708028,1659636,2026683,1549829,345298,5876724,730360,755305,472457,520717,808449,1685611,4775
1403669,1721598,2070135,1800484,454870,6412884,923444,948814,579092,643463,1136612,887390,3258
1142690,1281087,1219079,1247439,288080,5552669,679478,716685,502884,564726,1516085,1617243,3247
2029137,1883511,2410237,1546633,238013,5102624,492294,752321,524514,644380,1856700,3064904,7511
1735254,1629504,2020251,1563680,343198,5709213,686322,493687,462716,457755,1177089,1707338,6311
1364844,1429660,1959443,1496678,337335,5567978,712032,746734,518633,562783,1163393,842229,2919
1445308,1271863,1287143,1345869,240178,6238943,726671,751139,519694,578150,1497107,1663165,5126
1766842,1708170,2066921,1267859,232060,4438922,492988,514472,517542,577394,1559649,2591546,6835
1968727,1816036,2334693,1786958,445810,6426076,690704,626509,468031,511317,1361637,2323319,7358
1420326,1520200,2051143,1547818,341210,5791351,694413,717214,516047,576204,1122500,887629,3214
1367524,1250404,1187104,1247852,231449,5750624,705223,745671,504300,568729,1549982,1714656,4496
1718417,1582746,1970259,1244567,225066,4524113,497183,519157,514278,554749,1447133,2241771,6039
1725578,1689035,2068420,1587195,358129,5731978,491948,514246,404688,508251,1163679,2554102,6268
1388413,1638883,2319063,1749400,442844,6192081,930590,978756,558794,567887,1130957,862015,4630
1260077,1513045,2040879,1549648,344948,5622980,688410,713754,515154,571667,1154800,886231,3266
1374307,1252938,1226884,1265454,231668,5809296,702477,740923,522491,578111,1540119,1661124,4495
2000993,1802425,2411462,1553653,352596,5028413,711983,506401,517360,563175,1814405,3039003,6977
1759735,1631736,2025928,1536614,340043,5151236,490533,291319,445243,497289,1548348,2543980,6766
1963049,1807789,2352418,1788188,451580,5758494,716955,746320,521450,564237,1127759,2285093,5693
1058642,1472288,1634671,1523824,467081,6244558,922905,949066,563358,625897,1511612,1703259,3281
1708553,1524045,1855888,1246367,124962,4699552,491042,750350,519046,579718,1537181,2483720,6059
1712325,1582081,1991568,1540940,347496,5237216,488338,281767,451867,500230,1476284,2307274,6092
1784301,1720737,2089045,1583782,348195,5843835,696229,724914,471475,521530,783381,1707280,4878
1092438,1492228,1645384,1563907,342254,5934300,720202,753805,520536,581986,1196282,885452,3170
1757275,1608643,1671811,1284415,235793,5673836,927419,953316,576990,646228,1855547,2459792,6263
1791040,1752746,2033508,1568800,339796,5095421,273653,284861,494763,609650,1623723,2545235,6215
1736886,1720479,2036419,1575245,349045,5755416,713906,734255,506758,485111,876748,1583463,5909
1424973,1595116,2025308,1552559,340681,5606233,681088,708882,521460,584664,1145168,889158,3194
1403468,1386549,1270830,1271964,226511,5581540,712617,751087,559347,614354,1597838,1692978,4318
2075133,1879147,2447364,1578375,353966,5195459,490253,509569,524232,646929,1848360,3077976,7452
1802186,1821413,2089756,1590622,344657,5807877,697507,728156,514037,501790,846924,1716267,6373
1385773,1669872,1980528,1520661,343864,5708090,709065,738935,515692,583220,813546,903039,3260
1084953,1288938,1243715,1260940,342234,5510969,684500,705361,497204,553911,1457260,1646313,3244
1707226,1443581,1713767,1283668,124997,4930423,454557,722636,511297,569835,1529590,2410735,6150
2019597,1714232,2048593,1572619,351615,6029355,702767,507653,527884,576174,1821035,3035476,7620
1742227,2004747,2474319,1862083,458927,6260429,912332,952161,545900,609004,839808,1698734,4454
1097793,1355593,1276798,1305281,341603,5734697,718655,750142,529056,572074,1530556,1613225,3154
1765259,1833815,2071691,1316392,127768,4524856,499288,744615,540609,607915,1531656,2423312,6213
1809511,1683786,2000453,1514505,334555,5616212,481322,279158,419636,516638,1545799,2525371,6528
1705281,1727812,2004411,1562444,339374,5765776,694486,728489,503267,550709,853564,1174528,4678
1088916,1515342,1656008,1542470,453401,6365190,901035,926424,567768,632758,1467877,1650517,3196
1691329,1642770,1971220,1275945,124823,4506764,488397,739758,532531,597446,1563834,2464232,6218
1696311,1626578,2023823,1565455,352759,5687632,497728,283636,400277,500587,1480731,2329081,5949
1736474,1652536,2041957,1547290,346286,5706525,696741,727463,500877,496129,785541,858211,4735
1085928,1316550,1632831,1542138,343178,5849820,723537,751599,532425,583682,1530471,867578,3051
1924849,1757286,2074221,1322484,150338,5174667,717775,968496,587166,647789,1852546,3167297,6512
1683125,1691149,1991905,1516279,332666,5158584,266277,280969,482962,596168,1559236,2511668,6166
1712129,1706021,2049872,1585405,352301,6037547,724313,755498,479029,452908,790955,1605223,6113
1047238,1503446,2069112,1601512,348495,5951920,695886,722946,539291,597003,1177077,871157,3263
1340796,1381973,1313946,1095976,238475,6136734,729032,764921,567671,628866,1611070,2474023,4633
2027967,1908315,2536856,1899792,360549,5287914,484086,523060,521128,619110,1877652,3209181,7794
1726051,1798667,2076637,1590744,449899,6556619,908157,950984,579353,568542,1218163,2519503,6146
1104842,1601356,2042693,1591180,348424,5888979,722158,751612,574972,627678,1209757,903982,3319
1426570,1399239,1298464,1055904,237846,5740083,719270,743259,549532,616116,1568726,2472124,4764
1741422,1692474,1999379,1530275,229676,4531984,268692,513192,545626,601059,1577695,2546085,6136
1685390,1749421,2039928,1572189,351269,5808170,723120,520126,441905,473094,1158430,2322148,5950
1410067,1793173,2161076,1882398,462836,6350762,916061,952877,604883,667565,1196648,891210,3321
1304227,1414525,1284370,1066370,234047,5727782,721189,756338,563705,616199,1589937,2449294,4464
1698232,1830990,2095956,1614709,237645,4490845,269332,514731,557965,613448,1538168,2390469,6244
1728824,1782702,2081515,1594711,341096,5782169,695701,506359,450114,486958,1210959,2554386,6639
1396672,1749458,2015022,1559840,346777,5844752,722744,755053,560235,616538,818625,869947,3154
1376519,1580079,1664638,1332137,353146,5937256,933589,959471,591778,668274,1881052,2419647,4548
1671862,1745493,2025202,1552524,231302,4999693,270535,513947,499260,608398,1575560,2505248,5943
1657945,1779331,2012946,1568532,338731,5934003,695709,490692,425818,452699,1146345,2024568,5985
1404094,1825171,2086658,1603931,349707,5709375,698684,727039,548457,596278,798167,883457,3401
1072131,1419487,1291401,1322826,336712,5757515,707947,742240,563267,611277,1578576,1681215,3203
1997403,1967395,2472437,1841393,351328,5568843,722301,981531,583898,706121,2188870,3126326,7444
1703457,1766744,2079521,1859812,448989,6466338,901849,720289,563236,569046,1627771,1749770,6657
1357891,1555664,2010620,1560399,347930,5916381,724703,754304,546409,601389,1168338,854956,2934
1057764,1339139,1654389,1492699,343562,5791444,682484,703442,536816,589437,1502988,1232619,3122
1679075,1583157,1652606,1036450,124980,5064452,718231,758216,552027,599835,1584337,2506767,6221
1968491,1908827,2434820,1854229,461865,5730578,493782,516211,475740,594348,1510683,3059296,7343
1401205,1745145,2076454,1570393,346256,5718829,702384,734876,518111,508900,792314,901612,4943
1033901,1331728,1660185,1307300,350630,5940399,737043,769278,536580,591882,1574095,1635991,3105
1718417,1577652,1673234,1331246,125895,5312505,505998,751349,555896,611895,1551986,2445617,6122
1747849,1732690,2093029,2105205,551933,7103809,845055,749158,519154,647621,2421778,3397547,6153
6021870,1950732,8237615,6348912,1509017,15413265,3033438,3471200,423233,486956,4441116,8633737,9470
1014933,1491456,2045378,1572112,461679,6536647,911657,937620,561897,622186,1493573,1670323,3261
1621504,1496615,1630633,1297080,125413,5323645,500073,762432,526172,585200,1574728,2510525,6228
1665309,1777840,2080018,1610384,357438,5288960,498273,285199,469277,507672,1497239,2366177,6177
1721711,1773585,2058062,1554847,344405,5718339,695520,724653,485314,521713,793822,1715807,5099
1011201,1562470,1753726,1551556,345295,5831131,723987,755955,538268,587199,1173116,872825,3106
1638081,1625970,1649244,1297862,237225,5788360,717548,957388,595562,663905,1854154,3147080,6215
1691913,1742598,2046130,1557632,338040,5252082,479870,280597,476436,525094,1567955,2558663,6655
1593483,1907684,2394120,1821496,460014,6626898,936593,979884,524590,575347,785794,1624593,4610
1005330,1468870,1629959,1554908,352893,5687301,700221,719512,498565,550022,1127204,890711,3280
1317210,1492610,1607035,1014313,229843,5110069,708778,750126,513267,572006,1540108,2488826,4672
1979847,1933139,2436616,1832267,355531,5674225,506738,523909,487135,564410,1842844,3113920,7364
1718372,1739424,2065358,1567105,347910,5869370,704970,735799,485038,527042,799253,1699001,4869
1017557,1568074,1628479,1548176,348641,5825695,733431,764068,526044,575425,1164363,858479,3072
1287092,1602729,1674147,1030653,240841,5227097,729153,749802,524665,584198,1511333,2429558,4690
1647350,1738864,2038879,1550397,236577,5207400,270825,509975,478396,597989,1577068,2569613,6275
1648468,1761070,2056117,1590984,357795,6061405,731803,526887,500321,483602,1178442,1613807,5937
1378101,1548369,2058317,1831500,469922,6301456,927180,953207,573449,628140,1506404,885585,3308
4683512,1617174,5111260,3253910,703597,9556073,1689771,1884804,536833,630179,4489218,9563533,7573
1666770,1644527,1990834,1544186,233752,5070635,270823,518920,428147,549247,1450510,2326590,6245
1791189,1716993,2041366,1521544,338732,5585292,688038,497621,470477,463660,1186728,1720888,6519
1371812,1443891,1925454,1488281,334067,5678429,704432,735349,507991,560464,1143098,858654,3136
1738631,1490633,1638957,1268274,238005,5699188,936820,961623,552501,616302,1807161,2376007,6069
1743964,1653891,1991015,1528084,334314,5028726,269025,281562,464102,577646,1539857,2511480,6304
1665339,1691757,2008604,1549774,340599,5944812,620182,524725,395308,494464,1080996,2243669,6190
1440544,1698457,2062926,1601876,344947,5861903,690299,720624,518391,516160,792611,869730,5189
1066097,1307790,1614752,1279983,340189,5739678,719479,755956,529990,581015,1548841,1649735,3089
2055954,1656077,2022010,1550498,238523,5170748,506038,756619,553846,611726,1831171,3137465,7506
1749663,1673770,2027413,1527183,341064,5674919,695292,503033,406708,453521,1168953,2545724,6384
1377800,1637697,1973016,1515188,347702,5666247,719667,750140,506176,566289,792469,883650,3160
1107413,1314259,1412230,1292294,350856,5666480,709647,732116,538253,586272,1520538,1684141,3383
1704310,1445233,1569481,1224380,126297,5139135,490778,739150,519208,570939,1550980,2514066,6150
1983350,1830563,2376684,1796171,459408,5631489,721578,518915,454674,506463,1464191,3009946,7429
1411269,1672730,2022100,1555891,343806,5623751,687784,717133,523434,573504,784404,858628,3123
1056310,1299730,1230762,1238378,328326,5688365,693910,729410,507192,568973,1503418,1648362,3025
1753213,1710380,2043758,1283537,127072,4487659,487994,737258,498455,551951,1461412,2373201,6396
1758587,1615442,1987406,1515365,334743,5202825,468894,278675,442396,512820,1532878,2490567,6361
1720374,1648682,1985336,1525855,345308,5633823,719801,755049,467492,505066,790012,1629254,4633
1099145,1478619,1619675,1536144,460383,6360057,923753,950412,547714,611053,1470868,1638658,3299
1704469,1449078,1553020,981685,123858,4884162,685834,725112,507687,550706,1486207,2359100,5816
2010583,1815381,2360967,1776818,456600,5620366,496093,283345,448958,555935,1772377,2978591,6757
2119814,1878794,2402263,1797311,436886,6369000,875364,911804,451528,451535,781959,2413052,8107
1165065,1457829,1971313,1517720,345436,5775933,721361,752568,514668,580766,1182765,876902,3152
1766114,1475076,1644407,1277121,233035,5687626,921941,948711,569832,629477,1822447,2421247,6252
1745727,1647223,1993400,1508841,337318,5120424,269725,282125,481760,586229,1559868,2516092,6328
1671975,1659213,1964012,1526826,348944,5771813,716067,746384,460207,439595,767320,1587535,5679
1416153,1713897,2035746,1555676,342109,5712237,682038,713500,518859,573030,784115,878743,3274
1089214,1327238,1262174,1290560,345561,5789088,726367,757879,520995,584368,1542473,1667097,3300
2019367,1841120,2381550,1536426,225470,4544255,493891,743038,564119,624298,1803422,3057816,7511
1740303,1668630,2047927,1559342,342700,5744047,701080,508281,404436,449860,1202586,2563871,6413
1374178,1695632,1962966,1503944,339764,5773584,706575,737495,528883,585835,780349,874545,3162
1058524,1326281,1222302,1280125,351527,5667328,709549,730913,503333,561760,1495771,1644944,3023
1705385,1555010,1948184,1231576,124634,4284722,486406,744463,506260,555951,1530025,2502170,5975
1988321,1844802,2361963,1801534,456723,6320684,712634,508420,465066,509805,1480749,2271719,7278
1177210,1288887,1224448,1283203,280264,5756474,687157,708104,514759,570977,1426919,1509186,3301
1775261,1662041,2026711,1274015,124702,4535682,483601,731052,519170,572951,1555885,2522417,6472
1677456,1668122,1959329,1518441,336292,5795998,486781,282606,399292,515565,1473814,2298460,5866
1768991,1675897,2022517,1551033,352796,5637551,710262,731863,509226,493967,779330,878670,4840
1412498,1472912,1995246,1794003,434372,6381637,903223,956182,586023,652259,1575914,886418,3164
1988901,1753405,2026626,1279726,236946,5055498,730216,762231,588972,647170,1859258,3055778,7169
1749419,1610814,1997808,1542878,341068,5510385,480156,466575,408348,502089,1263164,2508808,6555
1650268,1603866,1939002,1480380,336042,5620174,711589,744253,498929,493855,771338,868722,4469
1071067,1314462,1594346,1519309,334453,5687187,688286,709510,504541,557365,1418611,863124,3108
1760939,1468917,1618055,1005527,124034,5109151,695804,729561,504468,554605,1551168,2539660,6526
1975105,1826219,2375073,1794552,463760,5797079,503112,526112,453179,577303,1521085,3144290,7332
1443984,1728473,2085856,1590228,357952,5798166,717511,738289,532292,521258,793124,889483,4966
1031661,1414230,1664759,1410099,337754,5830941,701894,743328,557242,607605,1583642,1608942,3275
1688793,1560601,1651324,1086945,124719,5276884,699717,732889,571302,623147,1524379,2263948,5962
1749196,1810897,2099912,1598908,232413,4615235,270670,503869,559445,623135,1601805,2547196,6657
1977608,1922909,2404425,1844549,456850,6589934,948019,753286,494525,544795,1200214,2398320,5934
1112819,1583878,1690110,1608619,351702,5978520,716179,738078,552350,604001,1168813,886820,3252
1405498,1580318,1661988,1037620,230890,5140099,700289,740825,554646,610695,1594403,2538437,4817
1670701,1786743,2064268,1598438,238289,5034417,269712,526707,520370,608564,1553799,2374546,6033
1722214,1790959,2096671,1619848,349898,5807127,696954,492245,446063,490822,1214320,2446070,6257
1367557,1757716,2064057,1579101,342940,5834508,723036,768086,554961,618903,843842,886036,3278
1703290,1783573,2097195,1621506,458925,6659451,1170718,1225026,602233,656984,1869911,3073448,6133
1765429,1699542,2068113,1567897,232843,5264488,266723,499581,461677,585181,1571268,2558791,6572
1693227,1805296,2066417,1605328,345302,5913018,722774,522510,532370,512703,1243412,1675448,6027
1401332,1697206,2094749,1624606,353559,6015445,720238,741543,576917,632674,1226157,902730,3209
1109739,1433482,1281438,1326295,333025,5915872,699357,741011,588373,642724,1643712,1726647,3258
1997207,2066297,2512731,1661649,236375,5455841,503118,762246,611825,731281,1962678,3090752,7472
1731928,1855060,2161767,1688102,353317,6232504,708412,511795,524004,517055,1244392,1708778,6542
1397689,1776115,2139199,1665705,340176,6053044,715883,758200,610483,666373,1282123,886929,3184
1104558,1483274,1722154,1369092,352942,6133874,726317,746740,569756,625621,1566134,1670497,3352
1796378,1698919,1716411,1362077,126031,5272579,486506,737117,591919,648916,1647987,2560408,6527
1982202,1904996,2393019,1836294,462419,5824878,670678,518472,506361,603349,1543464,3111691,7200
1431226,1765871,2079640,1624123,348005,5930123,696982,717594,558687,557257,841358,858513,4633
1132138,1520446,1713801,1379910,340681,6003229,711444,752923,620355,676438,1655675,1674685,2968
1740416,1628451,1692831,1354498,125315,5318507,498162,756139,574813,620740,1534572,2317549,6044
1809160,1877878,2139113,1648548,349317,5234369,486906,284808,534369,578354,1609249,2549385,6518
1967316,2159663,2824321,2115419,462587,6426880,967254,1242516,637867,694799,1251710,2455832,5702
1429833,1806847,2531288,2132363,584373,8422598,1190409,1005484,735557,799060,2404487,2410362,4986
2122664,1941198,2150868,1668568,226237,6092589,689893,944399,686718,660621,1646912,2562747,8143
1668628,1808722,2065286,1620830,349481,5118773,499604,284720,515835,565228,1588128,2375056,6058
1817160,1936192,2174685,1691828,352260,5834943,711435,733310,546589,601605,910982,1680122,4849
1067910,1568166,1644105,1581948,337648,5820516,709777,751650,554297,611423,1220441,893617,3231
1672600,1826723,2079878,1351219,236391,5114484,724391,994070,604889,662041,1889989,3060617,6192
1729021,1805182,2135762,1639342,347566,5494254,490831,291443,503900,566787,1612882,2564540,6698
1650306,1733899,2033972,1593439,336710,5945103,706654,523884,500765,483563,1180658,1596988,6052
1363107,1481403,2077371,1610854,351586,5975197,719680,740995,507959,568169,1151192,869106,3144
1364047,1374740,1274344,1328553,230871,5906719,703229,744322,554508,609602,1602172,1696966,4414
1974176,1957508,2474217,1626073,351826,5257008,499627,521818,564135,676035,1897948,3060116,7557
1720333,1794507,2122773,1635464,352865,5692957,709924,737774,507610,498232,839557,1707771,6285
1090947,1592950,2080777,1622535,343260,5862419,728598,769758,568541,628901,1222059,863798,3131
1359183,1461907,1312437,1350705,237414,5867945,724876,756511,582576,627683,1543748,1664288,4682
1758827,1782658,2104762,1305844,231853,4437522,483113,502851,556493,605887,1607992,2560663,6646
1950298,1934448,2421825,1854031,456893,6377774,725174,755776,503473,557378,1214218,2398103,7335
1034293,1590289,2115248,1641633,351833,5920562,717641,740308,550906,616983,1201020,896512,3246
1699548,1550838,1660281,1310776,331016,6534313,708685,752111,567075,700909,1993992,3318693,6165
1655727,1646502,2037468,1568648,237665,4478257,271921,517935,518597,569874,1512948,2337079,5965
1747999,1756985,2067203,1592478,334885,5599488,550745,504656,418866,528557,1145938,2416253,6549
1384807,1738472,2403675,1824242,437797,6231674,931459,986382,621583,615810,1197376,891549,4701
1062387,1587852,2106746,1627639,352997,5805910,707945,729802,539131,597222,1169370,861566,3174
1353185,1375650,1251948,1052705,230222,5802568,712763,755930,550592,598022,1577736,2467992,4691
1690166,1789118,2113656,1634923,240450,4564292,277486,526729,544165,589659,1532394,2386482,6322
1714234,1694436,2107490,1592254,347747,5708898,708200,518206,412068,454017,1173175,2560544,6340
1287863,1715352,2000536,1547506,329411,5763022,697189,727566,523177,512206,762861,864897,4223
1349928,1299880,1648041,1290596,346363,6545283,936350,962793,556722,626261,1853707,2405252,4777
1707654,1628563,1992742,1511858,231198,4260516,268393,507994,491863,554474,1523811,2524310,6136
1676789,1601155,1986425,1537324,352435,5675904,725140,520020,383031,422569,1136096,2358351,5818
1765035,1769394,2050220,1567992,341913,5520112,691506,722991,525025,515016,796193,908083,5008
1072101,1338803,1602828,1539578,336404,5549235,715198,749581,533055,587299,1575657,878136,3134
1933859,1646937,2011979,1263471,140585,4962050,718149,966261,559706,612194,1793718,3063358,6727
1764749,1731967,2002033,1540652,326684,5664157,487090,285979,400473,504762,1537102,2455708,6382
1748100,1719086,2011731,1565292,347327,5805217,723558,755830,542847,523978,797014,855692,4384
1103905,1336254,1677397,1600651,453184,6435656,912659,940746,581588,637782,1878328,1604830,3209
1721784,1573221,1633230,1022192,125911,4982794,708680,752167,531533,591437,1581889,2526004,6010
2080959,1894245,2431215,1845406,349561,5104038,483983,516132,510829,607790,1841449,3056095,7395
1760719,1754155,2055463,1554195,342963,5489648,697894,728856,468317,451714,785049,1698335,6221
1060256,1545636,2012921,1542864,346043,5558961,730029,762944,522771,578381,1175154,870863,3041
1440012,1393005,1269769,1049797,237328,5749328,714612,736088,540478,588340,1530042,2410923,4673
1771411,1669671,2018733,1534380,229421,4398408,277200,520076,529761,581089,1566701,2521179,6339
1733471,1764202,2031782,1583434,349484,5657256,721287,525322,431583,474456,1155956,2316143,5731
1437170,1663289,2051464,1813450,461201,6136987,918064,947137,541906,598083,1149683,874796,3269
1135785,1457987,1281763,1322426,308858,5544811,692261,720798,555583,618264,1547551,1540985,3240
1773862,1719780,2050773,1296582,125745,4301319,489501,739894,510250,559630,1492274,2385514,6353
1756198,1742743,2034267,1541790,335797,5551296,476392,280872,401807,512025,1573333,2525536,6305
1715866,1780265,2033462,1568399,350768,5626166,726470,760818,528575,521495,805167,875163,4483
1439532,1345450,1658287,1586498,352319,6063586,924150,952080,556160,613469,1870842,1661368,4734
2087406,1904565,2366069,1513950,331789,4741715,711164,521037,544014,591760,1958590,3303483,7384
1729334,1732281,1973988,1550300,330069,5651527,465783,384720,408378,520300,1342379,2216241,6115
1868401,1952983,2407488,1822291,426456,6269237,852296,891582,585666,596718,866235,931842,5084
1082902,1334121,1618419,1535781,333889,5678276,712653,745064,532667,585111,1561930,880272,3104
2040869,1734673,2056370,1302101,240403,4932585,729880,752786,565575,622891,1838157,3118854,7243
1793262,1762894,2029945,1557158,335337,5541549,485311,508030,412563,519656,1166010,2484400,6235
1402892,1685282,1985845,1540993,340731,5656693,708473,738889,528688,510685,778454,847662,4469
1110857,1453174,1676999,1495325,339031,5537588,684789,704187,531085,589961,1515184,1277493,3037
1727112,1524892,1618950,1025682,128163,4950686,710771,751691,512263,570307,1565003,2558472,6388
2071737,1879486,2370417,1827153,443764,5715122,494490,514565,475177,586037,1491762,2943624,7478
1751836,1651680,1987416,1503966,332496,5466619,681093,711057,458180,509485,770434,1678891,4804
1034410,1396318,1554144,1496774,335038,5524968,704592,738041,494804,553182,1135389,847237,2928
1367564,1453800,1601334,976104,237188,5010620,709143,730662,498576,553986,1461994,2370210,4519
1725135,1626993,1970413,1505471,234224,4480859,270916,504530,483988,540660,1522477,2522546,6270
1680207,1581976,1946129,1503923,347021,5615422,717577,521047,391544,420402,1105348,2296920,5709
1375662,1630528,1996893,1787253,443857,6201467,883858,913537,535372,601545,1114694,875536,3214
1376748,1479145,1616488,1007090,227896,4932668,708950,748551,511744,571662,1539326,2468849,4758
1711212,1699658,2071479,1314668,238079,4544028,508763,523995,505443,572334,1512375,2409362,6112
1736734,1637811,2033062,1538104,338462,5687871,486792,513039,397993,502034,1163286,2542154,6387
1828331,1767161,2336303,1795287,442249,6461227,917297,952274,576346,496924,788151,880739,6069
1439490,1318299,1652574,1533698,337760,6281723,902264,926505,567674,628133,1836058,1697069,4749
1806590,1724587,1986978,1292641,228261,4470480,481369,507971,544278,599727,1561254,2446071,6142
1750193,1723781,2045011,1583965,339097,5720344,489181,509236,422588,522649,1157055,2297846,6308
1475912,1737903,2045794,1562597,341462,5644789,687886,720527,526292,525932,819495,894460,4648
1093246,1421848,1653574,1312249,337842,5745449,719817,753991,554351,614530,1582564,1648746,3045
1761490,1602282,1979662,1326755,242212,5583423,724078,974211,583935,647301,1905555,3214675,6464
1781836,1839197,2049362,1573742,321863,5179354,480214,284940,499912,561394,1573856,2432608,6235
1725569,1729594,2045969,1592887,351599,5763332,727474,759990,476897,526764,819430,1613271,4627
1129727,1637283,1686007,1585007,340274,5683072,687253,715905,538626,595720,1185503,898898,3276
1418454,1533859,1612547,1033369,232715,5072655,712292,751075,531845,594439,1571171,2425810,4504
2062241,1874061,2411091,1823774,343960,5687689,492256,511984,467809,570860,1818001,3019468,7194
1836389,1853962,2116636,1619527,340409,5925382,696463,723513,558392,543400,856491,915308,4943
1307378,1511559,1989935,1558536,332787,5821317,688518,719216,537222,585938,1177224,864636,3114
1461612,1435673,1284954,1325935,234945,5712514,680184,702160,541183,598189,1533712,1639037,4761
1728285,1752339,2009048,1280161,228141,4304887,494254,521381,539738,601950,1587693,2471710,6009
2112929,1988951,2520725,1937707,454966,6734983,704429,514022,451011,556756,1582364,3073697,7949
1377002,1607689,2423400,1808139,455145,6256375,914727,953282,561511,575728,1180646,890336,4188
1381906,1376964,1286303,1044169,235950,5908249,729950,760332,545168,597638,1544608,2420438,4382
1827898,1827961,2123804,1494384,239867,4485131,322075,517143,554573,611713,1553574,2430352,6256
2132798,1964352,2473126,1865020,432662,5912756,484391,513131,497038,612519,1614888,3316301,8267
1755701,1789647,2062471,1607289,353327,5671849,729475,762188,507933,551136,836427,1600117,4685
1120709,1496871,1638939,1549209,451169,6398436,901972,938436,573746,630410,1567894,1732293,3435
1754344,1738588,2039546,1334074,128626,4674609,496812,750679,551684,612681,1603624,2435056,6201
1757949,1868295,2102726,1608989,347584,5894091,492014,283084,443190,551880,1532013,2349818,5935
1778512,1722279,2076511,1604365,340222,5857055,698583,730800,483930,534973,822695,1077572,4909
1140587,1661877,1674499,1603982,340416,5894376,709642,741200,580161,622349,1213823,897226,3162
1775431,1722755,2070853,1326190,239220,5257602,714932,957236,581172,655042,1896202,3207569,6461
1723519,1635157,1982095,1523866,335992,4970660,270152,284000,469056,575457,1573237,2474572,6107
1720685,1646854,2010340,1543676,345948,5842522,718217,750052,451202,449016,790106,1616303,5961
1095933,1495196,2008613,1523402,329491,5672146,670342,700157,514245,579765,1169513,873758,3247
1382418,1432248,1589563,1320487,333808,6287768,924283,967275,559702,622792,1516331,2249288,4433
1741910,1723346,2067301,1311161,237118,4412452,484092,508408,524166,580738,1508733,2420142,6113
2446437,2069174,2809779,2073847,446388,6311236,700686,943746,525996,580160,1542076,3332604,9474
1066778,1507583,2013377,1569446,353468,5866282,729436,759250,528199,582016,1153366,879772,3193
1092222,1305617,1249127,1271627,335257,5564280,676194,708733,498689,558385,1509790,1699532,3449
1705086,1650957,1971770,1252653,122657,4355097,495878,749194,538565,591830,1563978,2427079,5862
1727525,1649456,2035161,1557562,345547,5676990,498259,281653,420932,504316,1494694,2341487,5938
1741692,1868020,2364443,1769533,426927,6236177,876943,924906,528897,587893,776435,1440195,4427
1072355,1327180,1237264,1272926,332886,5878586,694840,725797,520847,582791,1495394,1580354,3051
1790686,1686632,2068994,1320863,127072,4510169,492431,734395,515855,573268,1535216,2464310,6322
1703315,1608125,1988032,1523715,337672,5617856,487696,281494,407626,506308,1573917,2535103,6301
1687851,1643534,2018801,1561346,351844,5821833,728291,762587,512801,505016,780872,867677,4716
1171323,1323109,1603351,1527391,377368,6239812,847692,884121,571035,628151,1797161,1596721,3337
1686547,1643426,2000906,1290241,124748,4551738,496030,747401,547063,603894,1570948,2384110,5823
1736920,1771225,2081414,1593646,347376,5927424,499147,282618,411845,514141,1480432,2342690,6240
1768239,1684430,2054540,1569198,337967,5775569,698338,733009,515956,510493,792250,896741,4925
1084266,1334862,1613496,1526005,343244,5702266,715275,745304,524151,569647,1515356,879079,3098
2107663,1673848,2021506,1278040,233250,5101845,713716,735535,562832,636812,1860562,3203434,7679
1746526,1639987,1975430,1528747,320841,5756399,465071,421736,414474,516800,1342354,2396736,6239
2028462,1685361,2057356,1577167,353599,6671445,936099,971772,516438,521432,1107055,2293847,7515
1103686,1523997,2037084,1557367,328728,5731012,671556,701677,529955,583106,1167746,869893,3345
1374120,1315453,1246742,1017928,234690,5808918,726176,757134,525240,581019,1563917,2404014,4459
1741920,1714099,2064449,1577419,238514,4415919,264825,505469,515932,572062,1497263,2432254,6283
2072505,1789240,2392295,1784785,442824,6195920,911328,738357,447248,500512,1164007,2534881,6073
1071748,1485567,1767314,1561690,349234,5757835,727535,761950,527393,566956,1168888,888254,3172
1422837,1284292,1246771,1011542,235472,5741180,693677,717593,496198,554811,1487249,2418699,4665
1748315,1605808,2022929,1304240,125038,4506030,497702,761920,523120,574803,1583014,2441300,6075
1731006,1687989,2012654,1542734,341289,5675149,489856,279193,400830,497802,1454917,2331097,6126
1766612,1678950,2349644,1753406,430598,6203519,882789,929834,553161,562894,1135865,897507,4890
1360532,1293053,1202170,1249657,232545,5625190,714865,746536,514379,574081,1529012,1615959,4304
1774630,1717281,2052776,1289304,227987,4397730,482613,518596,511172,569482,1497047,2418648,6165
1698688,1629490,1947896,1505909,324644,5666346,463418,288990,403457,518931,1521087,2386933,5771
1712006,1646417,2028918,1580744,347286,5811852,717117,748966,520652,504378,781362,864626,4612
1425074,1318188,1621109,1553159,340948,6299979,891480,933263,555165,615674,1865111,1652095,4690
1690331,1685083,1999666,1290980,233127,4424654,488958,509340,523798,580629,1539028,2421987,6009
1756513,1637529,2059976,1855277,452150,6627748,701717,720019,464455,571712,1484421,2405447,6368
1418048,1688249,2043649,1549938,339319,5734262,698407,735139,516238,511887,790383,912821,4815
1102294,1325029,1603098,1486636,334028,5813569,696987,728133,518073,576772,1486816,985246,3145
2074044,1621933,1978959,1278225,233310,5041240,701245,722620,569442,629099,1866584,3152387,7312
1712862,1622806,1965723,1497863,331755,5660136,487114,514606,408232,502620,1143588,2455372,5883
1405000,1656764,2004668,1562868,341827,5799129,707903,739461,519438,511967,777803,864512,4657
1089126,1508639,1673998,1577705,343077,5757350,700518,731758,534032,598308,1186557,880225,3285
1389357,1503777,1645910,1037932,232037,5139007,719765,755308,543163,602785,1548031,2376475,4616
1748004,1622385,1984092,1536751,218723,4694057,270075,502387,519675,569354,1451036,2278334,6210
2054318,1850758,2390398,1798279,440129,6380215,912830,737329,461617,513606,1192089,2528190,6038
1075650,1505261,1627509,1533222,340585,5908041,704092,735459,516590,566879,1093617,849122,2994
1420202,1473957,1617386,1020891,234162,5095044,688923,711470,519631,572733,1525618,2430849,4598
1730681,1612129,1990688,1518755,232061,5071857,269181,518814,454881,549757,1553616,2464563,5945
1749177,1667731,2039804,1573865,345263,5717726,484266,498884,427628,522504,1164700,2355116,6009
1571357,1653172,2321003,1743881,413551,6255229,853338,906639,570564,570792,1143811,894840,4916
1656486,1516321,1605275,1276655,235891,5740986,945059,986386,589506,663219,1900846,2318098,5287
1778556,1672155,2017847,1302936,244054,4479147,483171,499941,514223,563349,1519642,2465078,6136
2071051,1788981,2370127,1788855,429878,6445798,687233,727524,479012,582988,1189820,2434731,5856
1410342,1684528,2017561,1564690,348865,5850018,719557,752251,509347,495153,776507,874904,4564
1404080,1305461,1633058,1280412,349341,6309666,920409,959873,553615,628345,1934384,2556376,4918
1713154,1679998,2014756,1430249,233031,4384682,297113,520482,539852,584045,1565583,2413476,5882
1779199,1683409,2020139,1570921,342172,5264030,483423,279526,463357,518600,1498453,2387281,6351
1746846,1561791,1961750,1507071,331727,5708793,692255,732702,461372,497851,782987,1658873,4545
1054981,1508075,1623173,1560524,346926,6001131,711725,737752,516703,580338,1154669,905896,3236
1432677,1550505,1658911,1024992,230956,5158243,693280,722417,527098,576442,1509284,2456894,4820
1414932,1332148,1611213,1262929,348495,6376498,950229,986882,567800,620971,1860783,2391792,4715
1721351,1625805,2011996,1479186,227859,4489128,289151,507260,515692,569553,1551122,2467948,6232
1708556,1630150,1947121,1507406,328779,5800011,541301,523428,415632,514663,1095248,2267883,5959
1762098,1709152,2046865,1567361,341273,5798442,684832,706695,467160,514123,787858,1645505,4864
1047595,1469129,1542402,1487714,323943,5710681,686470,726008,501830,570670,1170796,868091,3123
1761443,1678444,2054099,1336453,238837,5132808,717228,986718,580660,643141,1847598,3072943,6073
1790945,1727185,2038415,1548375,334748,5700894,475247,282446,440455,527841,1570681,2490604,6387
1661768,1731533,2004312,1545092,338560,5757770,714614,748473,514953,521323,770017,889394,4478
1085182,1464418,1609245,1568954,336473,5937428,693581,716831,510578,572734,1236697,892641,3235
1737001,1464319,1661068,1039519,228016,5736058,845990,900461,579444,648368,1870951,3108783,5711
2021865,1873894,2431857,1843213,351880,5721927,497793,528787,489430,581554,1907351,3102770,7155
1747975,1639381,2051439,1589880,344125,5732275,695652,730384,452798,453842,818161,1739156,6458
1093053,1493724,2020503,1548694,340121,5684422,725751,759971,533819,585020,1202333,885150,3256
1396537,1344339,1225540,1027226,237262,5869771,719088,742393,517366,579762,1485795,2350488,4598
1719110,1682848,1977080,1338925,231826,4452975,368577,483413,521772,578252,1527725,2409881,6164
2041611,1781836,2314777,1795783,435300,6615754,687598,717650,472985,524268,1173587,2293942,7337
1074741,1490506,2046225,1571571,347227,5748317,704804,726387,527069,577525,1151120,876116,3236
1418647,1315802,1230953,1023976,220910,5687554,680404,719670,506449,568225,1515725,2426888,4795
1704399,1692754,2015570,1567983,233186,4339224,269522,519942,531266,584211,1496358,2292207,5960
1773570,1643526,2038157,1572513,340832,5669718,689640,498330,418282,449431,1191658,2499189,6284
1402468,1668620,1991678,1539436,336548,5779783,716223,750145,538843,551536,805607,856701,3898
1391399,1293260,1598494,1249958,338206,6287815,927502,957445,557020,613744,1792420,2306377,4486
1756127,1644872,2024235,1558245,226751,4525214,271039,508662,531736,587484,1572756,2491110,6254
1686531,1715869,2026312,1561619,347926,5779228,727369,521401,416922,454013,1161633,2373571,5847
1406875,1717178,2029650,1566388,342584,5721402,694524,713512,513453,581037,798276,878362,3248
1104479,1274719,1235390,1288182,426956,6285323,895325,953475,595934,651163,1929178,2404566,3247
1929607,1702568,2056981,1305205,148961,5178557,727363,999937,564310,631801,1841440,3137714,6501
1767090,1722696,2051963,1558538,331490,5712868,480480,280744,425826,538544,1560800,2468676,6291
1689653,1607895,1975999,1533286,334857,5788398,706221,739746,522410,513607,800160,869274,4357
1037769,1328657,1592711,1523308,340626,5672430,697442,720650,499567,563440,1453416,866281,3052
1747488,1461138,1605593,1017006,123796,5167798,685599,725485,509997,578800,1545229,2476868,6188
2016719,1863956,2381957,1824083,455607,5825798,489788,492436,471170,570811,1565765,3022635,7360
1724925,1676016,2050655,1575707,337778,5896973,679972,706108,508223,504468,798365,872566,4983
1083732,1325339,1629909,1555057,331748,5829256,709092,750640,535799,604831,1569317,879274,3184
1410699,1331143,1253844,1038446,238169,5893001,716875,737819,505580,564335,1483037,2358497,4611
1800609,1651585,1974281,1502062,220112,4495018,270439,501248,518733,573337,1491081,2437204,6390
2027556,1751476,2364240,1808795,457534,6512750,946358,750155,460415,514026,1167141,2336202,5961
1098244,1561913,1726314,1603164,348830,5861202,702507,723638,530314,591809,1157470,882250,3107
1362250,1299762,1280651,1012137,226448,5560690,673570,714437,531283,589736,1529892,2357102,4615
1728671,1683018,2010354,1558454,233072,4496369,270894,511215,522379,565519,1478522,2275815,6041
2063329,1889042,2410006,1545157,341262,5661251,895024,719324,463872,508463,1546905,3258291,7324
1378169,1663645,2017988,1553476,343582,5729805,728003,759665,528367,585137,781110,856225,2958
1450659,1480746,2058470,1838377,452534,7065209,1133254,1167766,606997,679167,1850607,1672160,4827
1748046,1677489,2008292,1271355,226607,4611434,475791,502457,524332,591793,1533467,2492544,6338
1717182,1608747,1923204,1505485,316054,5797161,437799,378088,417006,513620,1304977,2143374,6061
1766323,1694154,2033903,1548141,341517,5701745,691004,720267,521256,514947,802502,892076,4813
1036574,1303471,1609865,1548856,328727,5840178,701787,738994,538117,603804,1556437,853298,3015
2021305,1651352,2022245,1305063,238680,5155161,699111,725480,564697,625251,1797560,3013527,7085
1794537,1658420,2041901,1558471,335508,5924135,481183,500531,416706,504595,1165926,2478158,6452
1372343,1691069,2013386,1558676,347548,5953208,731167,760241,523140,527805,791748,881721,4609
1068539,1296162,1635003,1434167,351929,5764417,715475,737333,500541,557579,1495557,1458819,3242
1760240,1486670,1641407,1025614,125060,5140493,695297,733619,519606,575295,1561857,2498896,6011
2027005,1877910,2402045,1816033,455198,5879235,498577,521107,471251,573648,1478332,3009855,7360
1404761,1623429,2005181,1540073,338601,5695599,680407,708400,497377,498790,790070,887762,4662
1057996,1287033,1608663,1264687,339676,5627905,720851,760125,503677,549111,1538114,1649835,2981
1696059,1502034,1599785,1263809,123724,5071711,486408,731315,497681,557084,1435030,2276102,5633
1753144,1625599,2004041,1518939,340540,4997875,461065,283689,441918,539028,1549793,2539275,6293
1701993,1703929,2004720,1562333,343116,5840936,716888,746871,469993,465614,789523,1610169,5923
1090192,1465077,1994953,1535428,448975,6298611,907460,936829,554304,618460,1463251,1645093,3393
2072698,1593760,1943171,1504363,217849,5865461,672795,922590,583910,647981,1564230,2496907,6309
1689706,1679654,1980693,1528354,342946,5172352,491178,282388,460297,493901,1454856,2266900,5817
1752994,1616607,1946614,1497705,328799,5493351,661034,690363,431037,494172,780397,1625651,4749
1052058,1402620,1651397,1480451,328806,5551655,699089,737221,496723,537396,1141625,862653,3100
1691718,1512317,1652589,1288894,235735,5760321,696603,950751,574870,640576,1806851,3000537,5947
1773055,1648329,1996955,1516862,336340,5035622,477109,283986,474350,520930,1557676,2502757,6311
1704451,1650390,1992379,1540209,348916,5804245,715979,509747,435287,429860,1129501,1629052,5972
1408981,1433141,2001292,1550807,352680,5720423,708786,730643,493903,543428,1139508,868578,3031
1369398,1277792,1208756,1247522,225651,5607160,685843,726021,493054,551938,1495797,1606122,4498
2001665,1860180,2398681,1534596,344291,5067393,500147,528176,491946,601006,1788963,3032994,7405
1687770,1650049,1990830,1532593,330442,5692600,673613,559647,446062,430143,1065745,1614874,6045
1386280,1477777,1945571,1494784,329883,5648599,697762,728289,524621,568651,1134333,856055,3016
1401447,1314429,1232469,1294281,238250,5737975,723745,745335,519213,583697,1496752,1648243,4581
1748599,1612834,1993833,1260019,228079,4580010,478326,502318,524103,576171,1547262,2481100,6172
2016948,1769717,2385598,1815541,464737,6412237,726333,758593,450098,504984,1149252,2328397,7103
1055577,1542140,2059069,1582890,351209,5755199,705219,727034,526492,573040,1139703,877297,3043
1702903,1430081,1597244,1437081,309107,6454173,877292,924191,578667,568349,1519422,2023491,5912
1709698,1649353,2006550,1285549,231898,4584563,492325,514439,509853,556423,1442260,2280745,6002
1796092,1698481,2055547,1561700,343801,5704384,484754,505828,387368,506856,1165668,2536851,6416
1391060,1646816,2001648,1537146,343746,5672989,724297,755847,528433,506001,776610,886830,4590
1386348,1289754,1607032,1253407,350131,6409572,948603,977429,555719,621221,1850549,2435872,4811
1776378,1757917,2060762,1585259,232093,4497496,272313,515004,548674,613449,1601775,2567468,6346
1736335,1661784,1996589,1547254,344651,5840115,663494,513182,420993,514827,1166564,2319499,5873
1467642,1834561,2121823,1632247,351514,5943884,702840,724738,557973,546380,843024,916239,4947
1081277,1362471,1637767,1301557,333124,5813873,705743,745921,527570,588037,1572778,1660284,3128
2073142,1784326,2078626,1622389,240563,5229462,502924,753558,620669,675556,1900203,3063854,7315
1771953,1749693,2080304,1563698,345200,5690120,702440,510390,426814,462895,1196929,2549711,6382
1380314,1736867,2010674,1550224,345676,5738508,728932,759628,542322,603541,814719,886234,3019
1105754,1420571,1411781,1353813,349340,5963456,716087,737827,555948,604144,1537864,1617743,3112
1728699,1546485,1647876,1290491,125930,5055025,475386,720062,535661,591365,1553514,2494496,6256
2056347,1859518,2434188,1848990,351334,5812043,499580,521032,475112,579142,1895627,3046988,7278
2054596,1792021,2378500,1762153,454561,5946651,906211,944945,528738,537486,787373,899289,4866
1076567,1392984,1617168,1510541,328163,5676560,697384,732464,531603,585765,1537148,876417,3080
2112784,1696636,2040785,1327863,234302,5958777,937966,750751,520282,566748,1832659,3080654,7425
1777473,1711800,2062442,1571212,329151,5239458,278090,307688,484339,588668,1581629,2503495,6296
1716092,1800735,1979414,1549105,321916,5810097,673080,523261,496840,496677,1125191,1509325,5765
1992087,1862262,2310656,1740583,328636,5603567,485613,519626,463387,565493,1923423,3180377,7062
1724763,1832957,2066014,1597230,349198,5890033,721837,754020,543723,537647,822766,890825,4521
1107693,1380680,1663199,1567462,339747,5757385,693837,722390,528417,586621,1580741,903492,3369
1695503,1529993,1660660,1055143,129264,5200706,736307,768733,540780,600898,1589990,2378830,5546
1712987,1713059,2043830,1552008,348650,5137253,274290,288155,459493,563370,1470463,2385343,6091
2040478,1815309,2314326,1733680,424406,6237141,882197,812309,504568,491086,1009286,1584350,6225
1098183,1294103,1625811,1550201,341052,5872823,708360,739689,529998,574095,1498118,898827,3308
1724528,1500832,1642979,1008343,122925,5212515,703115,729529,516331,575296,1546206,2498494,6414
1710489,1654602,1979465,1534484,337465,5051969,270460,283369,477040,588906,1568090,2455147,5859
1721575,1662874,2007669,1546051,342116,5771078,707862,503975,392568,435328,1105157,2311650,5945
1388312,1694669,2231134,1777843,431265,6289763,886293,937012,576700,632397,1117841,861349,3199
1351070,1267670,1207245,993490,237525,5875324,717255,746281,514507,577464,1523946,2348270,4478
1736612,1720503,2015986,1545481,237300,4327054,265942,481869,510016,571162,1485776,2401595,6301
1732078,1577342,2342386,1768603,430585,6282159,904087,726158,458545,503371,1545788,2473480,6072
1363757,1631738,2031112,1579749,354251,5976627,736500,769223,522713,564832,796124,910798,3121
1379696,1516203,1631409,1267176,339668,5686436,894170,936265,558090,621914,1890931,2493553,4723
1695072,1651994,1974976,1523813,227836,4538613,272049,522569,517918,581993,1534730,2397299,5951
1764527,1659251,1995263,1531043,337250,5879314,697887,504915,381957,423418,1098062,2313695,6112
1381551,1664253,1985312,1507614,329414,5652899,680136,717324,496482,566198,755560,880881,3252
1047500,1294226,1214249,1265567,350163,5744982,729667,763710,516491,574442,1534372,1608547,3038
1769576,1671424,2048147,1304583,128091,4506268,487793,730411,505657,556018,1515521,2439196,6426
2020578,1768620,2330082,1759272,438964,6333278,700674,507478,450623,489315,1547159,2508913,7525
1371896,1606419,1965366,1534057,340950,5747109,710093,742040,510061,564048,1034274,869638,3095
1037946,1311461,1219367,1272902,345056,5669909,698390,729314,509237,559238,1538451,1686544,3150
1668708,1444568,1568058,978845,124046,5028498,708217,739010,517424,563941,1502885,2328322,5718
1704265,1683005,2002906,1544905,346787,5158086,270475,282734,436268,563152,1499765,2404182,6140
1733812,1796906,2343295,1744652,435038,6208540,902562,957663,501035,498465,771728,1694129,6169
1044450,1232293,1536305,1212972,346290,5672306,717853,749063,493485,535727,1470757,1586237,3171
1744615,1492589,1609485,1200027,123997,4934736,502908,729852,492923,554270,1508497,2478494,6257
1642559,1607928,1921436,1482266,319536,4986545,288408,282237,450048,564818,1478697,2308774,5670
2014084,1805928,2403522,1814998,451075,6462588,928284,962615,506040,481318,781746,1595567,6091
1074348,1479573,2010229,1524043,441589,6268373,896632,934563,555611,619276,1551749,1730068,3374
1689538,1530653,1621624,1288417,124577,5060907,487441,749380,520807,583757,1525653,2378797,5973
1778314,1682530,2033841,1551999,346737,5038088,488468,285710,471838,521127,1513038,2419193,6176
1745346,1766322,2017805,1548731,334802,5735898,698085,739026,496829,539815,852485,1735534,4803
1063649,1583276,1908871,1550298,334378,5834419,690698,721599,531322,589651,1120164,857723,3021
1761802,1555677,1649088,1318560,240341,5656669,691091,931112,576835,646313,1882788,3198491,6166
1754930,1777164,2044922,1577318,333746,5044123,492388,290947,519646,547296,1599466,2420236,6033
1717500,1713881,2041266,1570637,347047,5776269,717845,747212,460810,519227,811971,1632310,4709
1444719,1608633,2055512,1567994,335157,5690753,694772,734814,559493,619598,1246449,879808,3122
1386867,1372720,1243095,1295146,239576,5747987,729956,762727,526328,586815,1528006,1615829,4290
1732039,1755638,2037239,1304276,179507,4407078,492594,601378,545001,591097,1522027,2372129,6047
2066392,1943554,2411432,1827184,440901,6311387,706209,510136,491787,540415,1597596,2479453,7329
1392447,1544521,2018148,1559962,348335,5733792,718077,750250,524629,568429,1117977,892903,3185
1395639,1336516,1238429,1270358,230301,5553922,689006,716856,532942,588452,1578584,1725692,4703
1659784,1805631,2313520,1485502,338156,4969220,703196,736615,555768,616432,1526776,2402212,5612
1749922,1669818,2044885,1558491,345089,5036001,482618,280833,476484,520141,1518349,2439035,6308
1989772,1980993,2684388,1983475,523473,6985617,1087768,1154817,504089,489327,776100,2409909,6929
1045010,1292217,1622459,1284822,342437,5839542,707729,739086,526580,585761,1494972,1545034,3124
1792015,1626615,1680078,1331480,125225,5043015,485711,731429,556435,606919,1593366,2517856,6176
1697423,1697586,2010678,1544149,338346,5132345,496536,285879,465235,519271,1575064,2468549,6002
1778014,1880146,2099903,1619409,348837,5939392,720318,747742,495197,544633,839569,1641116,4590
1084076,1502971,1639348,1573640,444596,6290483,906361,950124,586782,650117,1582037,1682388,3303
1745344,1652356,1945065,1321139,129416,4998682,506688,756674,559301,616177,1584217,2401275,6111
1776901,1766072,2032147,1578166,337904,5241783,477510,285177,490778,547146,1504241,2348196,6052
1759013,1708176,2027425,1555820,335558,5799436,700287,741203,486376,524679,814746,1699047,4554
1090865,1654142,1685126,1616040,350713,5965477,721937,752085,572825,626122,1192186,880574,3155
1442518,1586042,1675913,1039091,236997,5060285,700866,726706,543874,596347,1550838,2510751,4880
1399980,1657489,2036951,1859639,461241,6212921,924958,951505,604642,673884,1567827,867611,2875
1682555,1509015,1612181,1030984,135169,5173129,702048,743293,538069,573349,1560259,2463339,5795
1737295,1796813,2059629,1603797,259180,5293006,274396,454260,505673,622334,1529419,2269663,6147
1806170,1756415,2082770,1583133,338153,5809302,476278,496966,436125,540337,1231947,2539302,6608
1415978,1723670,1993259,1544228,332311,5791580,696163,729241,534236,545422,810751,889907,4478
1402767,1256740,1609135,1546946,446285,7045845,1135668,1168600,615225,680301,2164576,2383989,4314
1727913,1617205,2036058,1548417,231171,4541205,272920,518674,515929,571841,1580516,2539480,6112
1701668,1690642,2024748,1563502,346906,5812362,713984,510553,417454,445396,1141657,2298668,6020
1365352,1668141,1980300,1530190,323526,5574340,652592,680186,502657,511244,792490,866223,4385
1068187,1265796,1610481,1269011,332464,5777811,706929,746949,524539,572006,1560806,1650800,3080
1734288,1668052,2011374,1314790,237766,5106696,707460,960838,572501,635955,1820162,3092142,6085
1775649,1606412,2010000,1527712,335952,5831017,482918,280922,416243,506760,1576709,2524151,6248
1637170,1651733,2005220,1562965,349084,6060492,725982,758261,508016,504468,771497,851501,4318
1061345,1289817,1634885,1571153,346606,5818739,699766,721267,515681,570319,1490409,882314,3111
1516327,1441408,1593526,1020812,162011,5110045,674117,713483,524299,571497,1521505,2355757,4778
2034076,1898104,2400883,1822925,341053,5798605,498984,519838,465700,573206,1830726,3004075,7373
1741482,1645082,2011975,1541265,340846,5611886,689670,720313,506776,515554,798546,884765,4756
1057147,1296197,1645196,1541712,338202,5822335,720404,752350,541095,587528,1562601,858461,3057
1713511,1520481,1640774,1015580,125796,5233157,719279,739684,514197,574815,1491500,2364869,5969
1746363,1672996,2013888,1532086,333383,5020102,270916,282492,488102,589027,1559252,2474143,6020
1679067,1603730,1968916,1528285,340041,5887531,709631,696323,450338,443880,912579,1582956,5891
1400307,1497087,2006605,1792117,455563,6238491,911672,937567,557425,610346,1467108,883136,3178
1723492,1562458,1937423,1266630,215800,5801220,890625,942244,570795,638781,1568268,2502098,5991
1757722,1637881,2022330,1564441,342275,5237000,272505,288189,452344,557832,1471721,2303606,6226
1781931,1636975,1998020,1515393,335624,5670146,678416,710552,434209,434025,783764,1732977,6633
1358872,1654773,1997909,1535207,344237,5679929,726861,761129,528631,576171,788645,859740,2995
1379959,1330184,1343020,1278181,349964,6286369,931045,958081,548389,629232,1844689,2385210,4557
1743140,1676013,1981585,1514402,225849,4358042,269803,513401,530055,581489,1542876,2498439,6118
1690293,1622117,1970445,1522515,338923,5867751,700561,513625,410705,451755,1126918,2232606,5750
1430809,1710768,2043758,1551845,345713,5616974,694197,722836,500208,562749,776250,881994,3228
1051869,1271231,1227423,1288013,337395,5805581,720214,760350,529733,591532,1581934,1654679,3022
2036449,1823324,2421382,1546363,233061,4982916,502224,759520,537096,622413,1825121,3073084,7278
1715220,1641102,1974016,1524369,319300,5794532,450131,298614,410768,516663,1508746,2379301,6272
1695102,1695266,2010356,1552396,350395,5814004,726282,758193,531875,511629,759249,835429,4351
1076741,1295581,1608725,1548764,342139,5635129,691228,712560,495355,554271,1469677,870517,3087
1693340,1473320,1613055,1020214,124885,5081021,712343,753825,524090,569948,1557691,2474941,5995
2031480,1809137,2371601,1802763,454655,5640132,487848,511252,444615,568663,1480265,2992830,6977
1756775,1839647,2401839,1783747,450155,6202575,905041,942715,563325,504440,775884,898849,5669
1060141,1262025,1589775,1446228,325543,5813890,687730,715008,512476,559635,1510128,1132402,3068
2056614,1727565,2056638,1301743,233382,5936943,923463,947598,551489,544573,1440190,2359329,7207
1793850,1672122,2013833,1537775,334233,5149692,275313,287789,457336,563952,1532357,2515423,6479
1712798,1663337,1976725,1541256,336016,5814734,698889,728560,485549,457254,790449,1555992,5818
1057237,1391153,1986044,1520992,456427,6284059,911678,935082,546234,604316,1503796,1663643,3117
1701242,1487814,1621928,1278595,124406,5072523,481072,742145,526231,592516,1553528,2469219,6049
1696361,1620049,2004839,1562265,338773,5267006,386487,279267,467059,566962,1482417,2259751,5910
1803971,1653112,2048060,1543515,332585,5805614,676299,708332,461277,452202,799221,1640264,6428
1067936,1466527,1988655,1521849,333070,5839578,708068,738794,513015,576608,1135365,858890,3005
1447567,1610965,1696954,1312361,344254,5744170,922186,947007,577389,638796,1856413,2401276,4561
1752400,1729859,2013883,1545756,228472,5130654,272272,517378,486632,601189,1580926,2511314,6050
1730638,1687499,2029487,1569091,347250,5746905,718606,512397,481241,464650,1172899,1604970,6067
1450850,1809290,2111119,1641998,346079,5908012,695468,725583,579532,631860,1116581,894362,3070
1089569,1395174,1284149,1313820,332590,5790240,706688,740863,553839,619863,1566734,1642118,3085
2110742,1955613,2455316,1582506,241394,5087647,490145,743104,539086,637173,1866694,3093581,7222
1797903,1688845,2006697,1534155,326688,5597351,669863,489269,466580,459090,1186623,1678166,6008
1403698,1660886,2037892,1579039,344283,5805865,720454,752812,563637,620902,1174500,880182,3010
1454354,1629015,2083426,1606738,448748,6388563,700559,722125,559625,670546,1919353,2413384,4583
1777052,1535699,1656346,1228183,127413,5228292,515638,753707,538790,599231,1593969,2503028,6426
2003648,1884146,2413773,1844152,454954,5752211,503205,519167,472008,586386,1472272,3029775,7366
1717885,1681608,1984876,1537242,328406,5165994,485466,283863,464316,527864,1534350,2409840,6101
1719410,1704950,2063019,1586215,350826,5881545,728578,755614,457397,502443,802811,1640027,4739
1041151,1474259,1626011,1537226,340587,5713345,700126,733955,517619,576651,1185780,892940,3245
1361699,1487236,1566801,971943,235061,5143597,726428,758890,502321,564319,1515630,2365130,4292
1796609,1705170,2080988,1290966,229845,4456006,491004,516502,531032,581348,1532838,2465990,6295
2030266,1797483,2280732,1739523,417313,6370376,667717,539337,462462,506264,1425044,2315735,7296
1382441,1497274,2046640,1594727,347181,5849768,716209,745933,528665,576652,1148029,879210,3111
1391291,1289824,1232629,1274033,227840,5735089,684155,716692,515647,575975,1555210,1722464,4896
1687269,1670944,2001472,1280516,234247,4445003,497173,518613,529582,585249,1544275,2427410,5966
1743845,1628960,2014496,1548875,342237,5863041,492344,511298,394879,505744,1135082,2364161,6170
1412687,1658836,2342385,1750447,424306,6184395,874268,927265,560957,574481,1138627,888825,4543
1074814,1289512,1501370,1261297,337384,5866778,700315,730784,523917,575514,1480691,1590019,3024
1754861,1553882,1639441,1286386,123455,5071057,474792,701308,512967,582352,1500709,2454641,6437
1708723,1558121,1975595,1527024,339318,5072900,495096,282032,460665,510029,1565271,2453687,6061
1723361,1714370,2478784,1873136,455882,6561791,937621,966273,526479,569062,1140526,1619674,4916
1053439,1470407,1602672,1514741,441965,6249626,901345,946356,541933,610133,1519082,1669227,3139
1680140,1670962,1969989,1271024,123898,4437290,500226,750815,524998,586218,1513930,2340569,5694
1701151,1652948,1982214,1555099,333423,5324965,492760,281583,454705,499127,1485344,2324009,6163
1681199,1677253,1977372,1510992,333003,5688497,698547,739363,454341,509838,767330,1715001,4456
1065622,1462171,1609143,1564136,347328,5921398,718812,750254,530541,573914,1154051,846788,3121
1416869,1489910,1640653,1020084,236193,5118958,694936,723964,509846,563461,1522109,2488572,4834
2001546,1818652,2377809,1789936,340134,5744709,499025,526228,456636,567026,1938800,3233885,7249
1733128,1667189,2011468,1550358,341566,5705037,706217,729656,511179,497484,789068,892362,4684
1053616,1473722,1609549,1518292,329294,5692918,675910,710663,530978,577008,1411289,885012,3048
1345866,1516327,1617810,1013809,235186,5155057,718499,751990,525235,589704,1525640,2346248,4287
1764738,1627675,2022910,1547286,237498,5065134,268918,508769,450059,550824,1497357,2425180,5891
2059713,1869637,2369682,1805518,439147,6407719,707417,747842,470179,531125,1185851,2472531,7350
1080024,1472211,2021866,1555051,349651,5786413,723350,757388,509705,556181,1144896,888844,3278
1408825,1289704,1241614,998542,233064,5686748,698633,729808,514785,572576,1550532,2536920,4866
1989939,1801124,2329159,1615080,339290,5065673,540927,748222,548832,621278,1531454,2379735,5475
1735090,1680750,2049008,1579835,347835,5852232,506613,514433,415712,511787,1128538,2362048,5927
1741917,1796888,2778121,2041766,538652,7171079,1109733,1175811,638600,636431,1174247,888779,4534
1380718,1311586,1239333,1021554,233793,5927681,707181,740081,510668,571448,1497394,2304902,4790
1756095,1658921,2036008,1285018,123616,4398526,471258,717859,515256,561973,1534399,2488893,6361
1723444,1737889,2020033,1553365,333887,5752352,492381,286630,446700,561097,1580420,2371302,5801
1729810,1678144,2037734,1558739,351418,5906204,726619,747975,486293,495333,777331,933760,4569
1091239,1541031,1639301,1575231,429165,6364282,876677,922508,589076,651445,1615320,1680550,3207
1759755,1807795,2072260,1332678,129607,4617869,502753,755316,560547,614733,1557883,2356220,5766
1724828,1781163,2071482,1604451,352075,5754916,488146,281351,420445,535534,1546672,2437389,6115
1767526,1729077,2013134,1563961,332441,5755132,694080,732460,561081,535592,841900,894240,4684
1063864,1407155,1734547,1667802,350547,6085085,726123,760939,568794,628573,1569320,920921,3426
1366560,1475464,1317085,1087193,235648,5943249,708450,740039,576096,637864,1647397,2556368,4854
1896346,1972955,2422026,1677685,345512,5459291,399154,490173,586157,714114,1963878,3078016,7087
1690613,1822842,2144750,1664808,346173,6126397,707389,728995,512823,491782,834805,1619423,6261
1017426,1634611,2082795,1604554,335164,5900718,700771,743717,581713,635955,1235228,874155,2959
1331007,1448888,1293017,1069738,237600,6042510,729640,762297,573288,622202,1573747,2351265,4551
1711778,1802007,2107400,1641172,237693,4688745,269135,507817,550573,614767,1586580,2506917,6198
2261948,2088625,2775756,2095474,531425,7250044,1125924,954692,495237,488896,1230427,3191600,8270
1045887,1621244,2150220,1658508,354021,6232487,731221,763531,569771,616781,1186522,879787,3147
1354083,1468453,1325597,1107150,227080,6094707,689270,719722,592735,648389,1617312,2486227,4537
1627780,1730952,2055307,1602563,234664,4879873,270456,521365,578577,627328,1579399,2381585,5729
1673480,1869959,2152802,1685807,353660,6340361,723041,515057,462014,498704,1200590,2406460,6197
1335572,1781093,2091430,1875582,444120,6670478,920722,975105,619545,682723,1234019,870309,3006
1362295,1474278,1544027,1087603,238675,6062061,726366,758185,583608,634429,1573727,2340155,4633
1749817,1838693,2167934,1657639,236551,4775289,271959,510053,567988,629205,1612394,2557291,6858
1630661,1754454,2055266,1601253,333863,6201923,708377,520925,455959,493170,1218154,2456005,6114
1658226,1821246,2108501,1629901,350650,5974990,725033,746538,552729,534905,819507,878746,4645
1323824,1435934,1690447,1597006,340582,6506667,916702,970884,634799,689623,1992263,1685381,4607
1337743,1821684,2101269,1623013,343257,6044172,698744,729789,585076,575739,849350,871598,4723
995195,1451406,1694032,1457510,345498,6229458,728649,761168,580960,632775,1589492,1512095,2962
1634905,1632841,1710880,1082684,124084,5443916,709772,739310,554969,613000,1547954,2384126,6012
1685178,1791779,2112275,1618901,341953,5550115,270307,282053,518501,640125,1629901,2552852,6134
1666728,1796349,2102645,1635461,356934,6186139,737581,769148,501125,480746,806462,1592522,5859
1058370,1594615,2138066,1654744,467960,6605835,930173,958704,615285,681078,1586612,1683016,3324
1650581,1563986,1677661,1608959,223825,6140294,706694,987266,636754,693789,1995693,2478035,5801
1699556,1803848,2089897,1622695,352676,5393053,488040,285508,493635,560396,1532465,2370919,5926
1682227,1938086,2123993,1635640,329154,5912879,669226,701014,548906,525335,871649,1715155,6011
1036821,1758467,2119513,1650027,346073,6034675,729959,764619,602755,656852,1247959,880746,3017
1713680,1721337,1739266,1389998,240451,6132995,722935,973489,637901,706161,1954113,3197778,6150
1699226,1818210,2085466,1605958,338506,5502400,485289,281841,511003,558295,1620295,2533319,6059
1734089,1949981,2170979,1713642,357120,6202017,734297,764188,561007,595630,890999,1640712,4856
1089642,1674370,1763181,1676193,351408,6110240,709773,736761,599132,652357,1251081,913041,3311
1345447,1546483,1420081,1139402,233485,6000084,691991,733093,622582,672411,1636498,2373788,4365
1988550,2083418,2562401,1964577,348542,5489181,491899,522130,598904,645995,1927336,3060894,7242
1739807,1908849,2163035,1664952,345147,6033387,702696,734270,542904,585180,880473,1689817,4731
1065387,1769254,1773431,1681819,348371,6156952,734510,765886,608662,670600,1282777,898299,3205
1379329,1734493,1761710,1133027,239647,5502967,720568,740761,600880,662652,1616827,2453735,4871
1742606,1938613,2161480,1664991,232971,5449734,272175,514653,564907,677554,1672207,2540752,6169
1652716,1799627,2036566,1599034,338881,6038606,698659,489437,456007,492276,1220829,1893518,5772
1668871,1940270,2449664,2121040,567776,6852584,1120223,1157057,649451,716438,1249862,890599,3089
1388269,1729310,2116920,1406666,326187,6200588,917219,975776,695150,760859,2057512,2504927,4530
1723693,1870321,2168004,1678250,238480,5609815,280025,533004,541961,643385,1589589,2403103,6201
1712385,1850753,2163115,1651115,346766,6103246,706552,505750,513457,496215,1245507,1755664,6510
1372259,1657728,2096752,1628885,343388,6221374,723023,757396,579995,642081,1217408,882166,3197
1546442,1629730,1740562,1378364,264932,6138008,960584,988817,629435,689698,1936635,2453796,5245
1683995,1804077,2062592,1596873,224396,5485613,268930,513299,519392,636606,1613426,2504051,6130
1630157,1782354,2066744,1624790,351875,6114548,732037,526324,505303,484023,1202517,1619866,5965
1334145,1657554,2145276,1664420,353977,6190821,712240,735655,568450,617320,1201456,882362,3309
1347986,1400317,1279852,1331872,231397,5811678,720602,764526,546906,609924,1600761,1667798,4622
1950810,1928478,2487489,1617207,351611,5322208,499480,520342,537793,653823,1882436,3080268,7323
1716124,1775791,2111028,1608825,341947,5947504,696282,706737,491679,478156,900385,1704750,6482
1339092,1597359,2084478,1613547,344544,6094409,729710,762163,586735,636754,1211312,871349,3091
1357708,1385539,1273576,1344499,236663,6088693,718287,742019,557530,610004,1552275,1671928,4707
1673963,1802207,2090347,1337363,230141,4723934,485457,511700,574266,632698,1622528,2538584,6076
1935249,1917960,2448096,1890326,465060,6671373,729650,762424,498053,540477,1181858,2326497,7138
1039953,1617510,2138166,1661628,350890,6065428,706567,732158,544973,601569,1204208,878911,3194
1338003,1393043,1281915,1105742,230699,5887500,714351,756952,554063,615485,1602173,2394542,4353
1613883,1860572,2452817,1654670,339167,5416468,649611,707740,622544,674185,1762739,2208460,5687
1754694,1774942,2133124,1629913,346263,6187524,488208,512169,449029,565188,1247693,2596600,6626
1339130,1759703,2055728,1603431,343892,6076312,727544,761272,582635,560413,826838,870290,4485
1372015,1458925,1733768,1384010,355992,6956905,960904,990100,641091,698902,1950859,2458281,4566
1706453,1797050,2091818,1599815,230436,4746897,269562,513352,567808,619743,1623042,2529406,6215
1646547,1806152,2099812,1636677,355546,6206161,737848,533488,451583,487915,1198472,2374980,5988
1310378,1841934,2081703,1622244,334216,6044250,674782,699383,553448,543692,813694,859046,4335
1012495,1433340,1709283,1367041,336530,6127135,714396,755348,586432,643004,1637307,1659752,3175
1983528,1832188,2116332,1633410,237496,5430332,501330,761737,636943,695796,1878067,3081157,7188
1690191,1782765,2106574,1615034,342388,6025745,698069,505940,462938,503497,1217376,2513916,6087
1309026,1785382,2079291,1623347,344829,6258713,729258,761638,575388,631078,825879,847350,3021
1059327,1442854,1319567,1376568,351714,6226903,716081,739944,568178,615804,1540424,1650214,3154
1714826,1726132,1885633,1366317,124180,5305959,458436,715269,605415,655569,1612623,2456961,6130
2006649,2156811,2555367,1986763,462311,6337708,722672,526947,571692,609892,1622716,3085783,7454
1386220,1911661,2152184,1677694,349593,6057513,704686,731305,595184,654885,877380,893356,3299
1066535,1453408,1306933,1371845,338593,6239503,719496,762591,612260,668772,1679593,1686779,3133
1705412,1957730,2164194,1422622,127141,4927999,502407,763095,590136,640025,1582337,2363359,5942
1730798,2092940,2549630,1908341,445947,6692166,694171,501749,534371,644145,1641364,2559234,6480
1696162,1891703,2140886,1685013,347347,6165381,731644,766577,563373,604723,883829,1049893,4666
1083838,1682559,1731570,1641359,461703,6758574,936512,963190,619778,687886,1595784,1701011,3300
1754833,1939918,2138942,1396482,127194,4929691,489959,746857,630832,681327,1700229,2576926,6115
1684328,1936162,2146630,1678801,352902,6309404,501791,286635,489844,589353,1614482,2365627,6014
1755921,1946939,2159965,1688419,356297,6160257,715684,741456,604694,612435,900088,887947,4572
999045,1396206,1711257,1642956,340083,6369359,723179,764158,593645,647237,1626320,858187,3108
1869580,1889766,2162471,1398796,139146,5572762,728536,998445,637087,687088,1885453,3072533,6802
1696852,1840241,2128669,1632762,343276,6043724,487439,285904,461000,568616,1617866,2531065,6332
1627931,1794976,2098658,1642723,346114,6210482,730479,762435,568673,560947,810905,860844,4617
1042140,1478320,1738490,1667781,351038,6180126,718423,741530,570209,626982,1551048,869924,3189
1687904,1596408,1678671,1057960,124179,5515843,700314,741237,572499,631896,1605363,2512842,6114
1943701,2038119,2509465,1931175,464797,6320969,500474,513126,526398,634650,1605325,3075880,7414
1628844,1778272,2051690,1600644,334848,6038216,672733,697510,575094,569743,842630,878150,4721
1314951,1609567,2080112,1891340,448511,6698433,947456,755972,579039,628712,2018830,1700697,4454
1675906,1625367,1713225,1087413,123994,5451077,726014,760207,567105,610431,1529528,2358123,6152
2019377,2044728,2538696,1915348,442168,6083183,469082,490807,580082,696520,1605143,2552024,6559
1630355,1969910,2479067,1894005,456282,6683235,961958,1006789,569095,558513,846169,1683284,5905
1037291,1397672,1707618,1354674,350608,5945326,718696,741004,549444,611764,1553265,1640468,3166
1631911,1551499,1615327,1089218,123917,5282009,594385,712691,552506,613080,1562465,2436463,5855
1628325,1801094,2094507,1630259,351154,5346552,269704,281265,512768,624610,1569914,2323766,5659
1699946,1806458,2115838,1641597,343227,5967624,694931,722316,493156,480209,812182,1663166,6422
1031206,1568818,2033654,1600836,336608,5989844,717899,760701,554591,611570,1219906,878520,2984
1699435,1592831,1729551,1388580,242437,6232705,733537,1004167,613814,681007,1919485,3099940,6323
1733446,1818121,2139146,1637792,341941,5450956,484022,286584,518815,560079,1618361,2553682,6601
1596543,1794880,2025635,1575586,329942,6061366,698590,729721,514359,486816,824400,1639699,5759
1014063,1669641,2136929,1666494,351599,6218061,719993,742016,573974,637493,1201167,859252,3092
1348748,1395084,1280699,1062364,226547,6142876,692638,732931,564659,621514,1569001,2470486,4380
1936042,2006791,2492992,1916495,353858,5501251,500306,523324,571643,616491,1915228,3059665,7395
1737031,1745020,2109994,1640568,349620,6084127,704065,727032,511254,553402,832545,1690841,4963
1041639,1602354,1689787,1620525,338063,6009616,714582,753917,582077,631008,1232632,887635,3201
1252635,1423684,1295799,1353890,254963,6274423,725607,745596,567213,621815,1553286,1653087,3943
1703894,1773353,2086551,1344078,123416,4918691,484423,738235,562537,627845,1627177,2546000,6465
2182674,2177027,2807808,2132234,561375,7406261,943922,747159,492766,547314,1561413,3030377,8437
1338421,1580373,2103858,1619897,353554,5938206,715524,737468,549407,604824,1185812,876143,3000
1344554,1402831,1284500,1346178,230144,5978420,709040,750799,561072,615657,1599843,1690061,4641
1660473,1767253,2099005,1353962,237724,4735269,496317,519438,546389,598382,1539159,2339772,5966
1710331,1764635,2115600,1623556,343520,5912731,484093,485525,442591,546322,1292468,2547338,6298
1627531,1720840,2030027,1562426,335571,5916397,717699,749683,555674,543737,812600,869441,4481
1409944,1382736,1665092,1621483,347001,6719165,936449,962751,606097,672280,1863631,1611956,4443
1727212,1777795,2140330,1354511,234604,4941135,502074,525826,546826,606365,1618984,2571821,6380
1642308,1836929,2092672,1641017,349932,6204103,503242,525397,466347,572176,1211308,2351066,5585
1366485,1819175,2133085,1662422,351975,6109870,710327,732150,571832,563429,833539,877486,4666
1018903,1421775,1685990,1398463,338613,6046388,713206,755150,564850,630244,1618542,1608328,3064
1913219,1812070,2087139,1404985,238518,5335154,672258,728057,619468,675873,1868294,2973212,7212
1717949,1771380,2116890,1618094,345205,5994903,483959,505880,449873,551899,1207395,2547627,6381
1614871,1749982,2060930,1601123,345831,5970133,723725,758105,504625,550528,818440,1623048,4453
1024649,1624568,1721593,1652263,351954,6184908,714001,737099,550397,608461,1181335,890375,3093
1346546,1545888,1656098,1052209,229808,5310424,700905,741367,552285,596882,1574245,2522534,4558
1963406,1907739,2461477,1891117,349710,6001647,498549,521184,495133,609285,1918667,3054103,7198
2010313,2035185,2502783,1930383,441192,6832139,881033,707342,505109,550606,1205180,2222337,6104
1099493,1497917,1631497,1551003,329911,6023454,703682,741505,528241,603627,1197313,894555,3201
1415285,1494463,1618541,1033575,236809,5381364,718162,746653,512917,564814,1495798,2343888,4620
1737491,1666691,2079790,1560296,231443,5013279,270503,515138,462589,564970,1557366,2558281,6265
1960677,1785339,2336613,1780675,449516,6385427,941262,744666,507548,501206,1145115,1603488,5866
1065660,1322963,1646900,1584771,349332,5803440,712347,732882,527107,577981,1515907,859691,3055
1585540,1461934,1636592,1015846,154815,5284929,697678,735101,514628,564835,1552683,2522997,5092
1732382,1620052,1956215,1517607,224845,5178588,274040,511944,452011,559275,1431930,2217250,6135
1767798,1680513,2042319,1567814,344139,5757183,694056,498766,453474,435380,1153172,1694420,6372
1363751,1499529,2005505,1546331,339464,5824864,722595,761715,524433,588497,1182489,860608,2963
1732077,1507526,1635507,1271731,238358,5673949,907447,942967,543519,599025,1786504,2204034,5765
1770166,1627025,2019466,1402169,216582,4569203,269640,468744,511178,563174,1553404,2291541,6365
1699537,1645476,2008386,1398086,321695,5662995,634306,486106,374384,487495,1134014,2184302,5723
1443746,1685001,2095978,1530410,331537,5837194,668432,691189,522404,504989,796295,891343,4630
1097863,1355987,1618771,1275195,437368,6368448,926447,982454,599148,660685,1963513,2490598,3285
2008522,1661789,2003152,1562889,238430,5213927,491742,741985,559518,631321,1816929,3013711,7208
2072361,1860296,2401803,1794464,433468,6367102,681339,497955,412704,524688,1527998,3182479,7289
1344129,1676518,2041869,1586299,346862,6027678,735816,768170,542532,595788,794343,858515,2987
1071786,1365778,1353587,1311962,346683,5937813,716108,736887,523816,581679,1485790,1657445,3247
1773571,1476573,1638636,1275019,122764,5191806,474384,717747,515148,581022,1550971,2491863,6551
2051138,1813781,2359207,1790290,456569,5759292,718643,524201,468039,500897,1509773,3081256,7214
1424979,1664512,2020088,1552712,348066,5906123,703707,725264,497402,560617,794844,875674,3114
1055496,1277049,1230636,1301663,337710,5854792,713868,756135,526180,581054,1566363,1659848,2865
1718661,1631482,2045844,1318082,128816,4717800,491291,738385,511595,562031,1478207,2296829,6161
1757755,1731822,2067214,1552033,345510,5602865,485625,284810,418008,508976,1525314,2522696,6288
1644010,1825674,2318378,1772503,427870,6484272,906749,945533,509336,570253,771939,1397418,4539
1044376,1319345,1601228,1497710,331842,5693266,673664,695905,474614,535502,1409406,892231,3215
1767661,1431571,1582574,1004099,125054,5199944,695357,733948,503433,555061,1533236,2497174,6115
1739221,1759155,2063820,1605904,347065,5301509,268637,282997,492465,597943,1541367,2326042,6138
1808821,1824169,2100565,1625822,348652,5767232,704029,735422,485111,487588,850820,1720315,6270
1085832,1555822,2024066,1562644,339762,5758388,724134,762166,553636,599153,1196535,872138,2952
1746395,1609003,1631550,1230549,225046,5862235,900607,934402,592039,649371,1817319,2606099,5984
1805384,1777857,2036990,1561054,329008,5106093,273631,284737,509281,616935,1574808,2459481,6373
2011454,1895657,2430031,1599641,354621,5989665,935690,740483,494330,547772,1543716,3008171,6905
1459596,1859281,2105574,1608089,347295,5873102,696768,718459,550409,609862,844283,888487,3173
1079701,1370969,1239658,1321672,338037,5829842,715695,757826,552367,607386,1610901,1691556,2913
2009038,1976627,2423202,1593204,222574,4629165,494236,754557,605681,655379,1823113,2936702,7194
1738810,1753818,2076536,1577406,344209,5822203,699675,508229,403187,440502,1163905,2517126,6269
1394097,1699341,1991052,1555930,331939,5910452,701714,731659,546150,603107,810777,867503,3085
1136206,1475700,1310434,1370302,353196,5902303,725230,749131,549367,603569,1561372,1674876,3251
1791642,1694709,2020206,1261468,125379,4595008,477467,726434,521036,580614,1542631,2502975,6364
2037243,1913216,2380466,1813555,459315,6496156,714029,518419,491655,534239,1527585,2324061,6885
1447634,1735586,2101175,1624108,352679,5868658,708073,730029,548329,605241,1116897,873475,2996
1111717,1414853,1274832,1321163,329128,5914817,693675,736616,561774,613784,1577736,1645171,2893
1721865,1786756,2062728,1325321,124900,4499997,492188,742627,561866,615780,1523666,2311904,6080
1799019,1765956,2079570,1587736,340004,5826952,475931,282762,447682,547970,1596147,2510709,6231
1750378,1824554,2050620,1596761,344257,5802432,727848,761580,562414,569494,835020,868137,4408
1412131,1296701,1599645,1517506,345773,6303861,941114,967514,545791,608341,1828858,1646198,4504
1713462,1522343,1617492,1197352,123892,5169174,496551,736707,523799,581179,1540659,2480456,5807
1681395,1576772,1943837,1511260,331988,5153962,285518,282352,460102,552923,1440273,2183326,5646
2039875,1741371,2088905,1596045,355100,6631999,888584,922715,527595,518385,1124795,2373467,7297
1072198,1459901,1973270,1513887,336513,5774607,716041,755101,492640,555215,1131381,868674,2992
1714933,1501775,1648954,1306562,238615,5860460,727469,988319,567844,624509,1839313,3109970,5882
1735336,1671272,2024237,1540632,338773,5110291,483780,283962,458081,508517,1556481,2506114,6077
1671146,1681608,1988344,1547380,346421,5867875,726368,758978,472218,502695,771648,1608893,4573
1387043,1682756,1993266,1557589,327801,5846343,659056,677881,502650,561848,848900,873234,3162
1087885,1297041,1232201,1265284,333830,5788995,710003,751964,528117,579635,1553550,1707596,3064
2087044,1799052,2402420,1557736,240290,5262945,493337,733300,502667,610934,1807562,3034673,7648
1753443,1652763,1999519,1505137,332836,5517792,675232,493132,442154,440300,1138382,1681446,6313
1359139,1462140,1989298,1530952,338039,5743551,714472,749801,505849,560474,1141759,882693,3078
1381056,1343450,1244817,1292920,231979,5945107,709264,732782,529959,577432,1503513,1649920,4528
1696739,1674710,1944997,1224416,167293,4535542,486169,609419,509271,569208,1495203,2389680,5874
1972201,1885197,2368816,1813272,454191,6429805,707605,500689,459646,502012,1510399,2321798,6912
1420407,1684122,2049754,1580640,347086,5861904,698768,730863,504638,500381,774031,868522,4749
1374677,1468310,1992314,1540147,444687,6384044,725149,760117,534862,652784,1940061,2373429,4266
1736776,1497360,1670709,1320141,124664,5264654,488889,742796,520873,574100,1496175,2344540,5969
1742699,1688228,2365339,1760483,424056,5761064,674473,484480,513982,577753,1871786,2456775,6352
1670354,1658243,1978219,1541929,333958,6030096,695527,722647,452440,439709,779517,1645540,5681
1082944,1543612,2094319,1617290,460215,6558682,927080,953489,594000,651630,1529675,1621563,3015
1723293,1468946,1621819,1286234,124599,5267554,488876,749347,525875,575562,1557392,2497428,6137
1694830,1701639,2056081,1571806,238627,5201474,270627,518626,445365,554494,1473631,2361062,5986
1744666,1684337,2047814,1551713,342492,5697001,697662,503402,441772,433852,1155693,1701291,6193
1387741,1486335,2030988,1569359,344317,5837123,723328,758792,535105,586523,1169601,889403,3150
1622868,1487257,1623342,1275752,248750,6058643,942596,969124,556034,625399,1862587,2441783,5359
1758051,1672239,1986310,1524004,228062,5202358,271913,492842,457278,571861,1508101,2472576,6432
1779250,1734166,2034277,1588844,339004,5938795,697631,512562,501441,478266,1167346,1548573,5895
1465666,1627698,2100040,1606372,346208,5729721,695907,720540,541547,596890,1185929,876422,3160
1091965,1407987,1667768,1330714,338433,5882292,719318,751073,557923,623229,1627348,1635226,3021
2072732,1751944,2064165,1580730,239109,5161178,491348,741499,560029,616807,1829972,3133194,7413
1815753,1813095,2053578,1587243,335774,5841994,676167,503887,441011,516980,1239546,2518861,6282
1393903,1740755,1996835,1569538,332085,5933055,691759,722097,547470,528503,810591,857098,4144
1100309,1469370,1685927,1335962,349693,5801841,702476,724168,544329,607880,1553101,1643127,3068
1743822,1563036,1642197,1313464,126083,5252784,502348,757326,549278,606205,1607854,2511400,6154
2385117,2091059,2882262,2182664,568402,6780789,943568,745893,541314,516019,1537225,3060891,8564
1494925,1882997,2137107,1630585,348757,5848105,702064,731621,558371,618318,855376,925714,3331
1088278,1394786,1641270,1567616,342368,5954249,716767,746609,541042,595956,1546714,885207,3108
1533140,1640641,1709751,1072222,194030,5192247,690237,713671,550059,611238,1522037,2362256,4754
1749969,1651365,1996547,1525760,225820,5239730,272073,504262,450829,575465,1535678,2486869,6157
1720964,1747310,2007836,1574732,339448,5943972,703284,516254,498333,464095,1139433,1534337,5831
1420692,1461222,2022996,1831349,453609,6426012,903996,938032,549259,625499,1536827,894435,3293
1707049,1466077,1619350,1034204,127684,5166716,723082,762099,508445,572156,1546121,2459048,6012
1699016,1671171,2040987,1470192,334881,4931496,271037,282231,444076,553084,1494900,2275074,6127
1722855,1695414,2015181,1461753,317060,5733476,653155,595337,440167,437203,994873,1542676,6086
1374100,1499063,1996436,1549963,342041,5788038,718360,749593,532912,583965,1136358,844124,2926
1733360,1477620,1651417,1319657,238702,5991241,943912,970303,565860,624383,1877885,2410355,5845
1725783,1743154,2067737,1584654,338789,5355045,269906,280380,501782,604118,1595789,2532389,5862
1674836,1778959,2087395,1636320,351400,6193298,725235,755443,499199,473966,807826,1595438,5822
1093393,1585572,2112972,1640359,346668,6041975,694172,724383,558668,613849,1210849,899009,3312
1362193,1395598,1294048,1200336,230318,5881663,716253,757002,556711,614234,1603843,2238727,4517
2304993,2176715,2872113,1876079,448970,5981539,710807,520737,561624,677803,2203031,3747678,8350
1703767,1500956,1659767,1053112,129464,5467787,725561,754216,515123,577084,1530549,2337923,6031
1758437,1730212,2078876,1605795,349426,5220740,269941,281944,465591,576677,1532480,2454417,6338
1689386,1658824,1984269,1524251,331779,5763669,702268,743582,457210,445219,785758,1635606,5849
1062636,1507412,2030905,1573077,352419,5886629,728889,761323,517258,564813,1129749,874134,2974
1383991,1323145,1250639,1109285,233460,5761952,698091,729341,525467,579909,1565229,2397400,4564
1959237,1857374,2351351,1549227,339128,5113257,499685,520065,512113,640280,1890757,3138896,6963
1750767,1668402,2067985,1583090,354724,5872325,721988,745672,446969,432838,789016,1673882,6301
1075640,1490475,2031031,1544493,338396,5799835,700775,737356,512648,580765,1181439,892394,3198
1381852,1324448,1238753,1011188,243038,5830365,737457,768015,515391,576248,1536667,2381422,4304
1758057,1653976,2033736,1558858,237883,4509814,267560,504294,520164,572036,1528684,2483705,6238
1997839,1822470,2309492,1755892,426141,6293446,876194,720878,459309,476623,1162949,2432070,7055
1075601,1518048,2042321,1587977,351270,5882456,723528,757784,512154,561808,1123155,872906,3078
1410107,1298823,1231375,989508,227989,5721550,678049,708724,505434,549543,1510268,2459589,4697
1659593,1696062,2014508,1545648,232281,4546432,271710,522554,526382,591261,1564965,2420253,5818
2045049,1905663,2434424,1851939,465246,6624064,953262,515477,398294,443796,1496944,3165180,7209
1690366,1704992,2339008,1747773,434340,6290507,906756,961405,556866,565550,1111565,865646,4328
1087508,1304726,1214549,1546853,428587,6512816,901089,941411,579081,636344,1802857,1489589,3177
1724560,1818824,2129978,1363860,128375,4800070,492944,737849,560058,613557,1571619,2496697,6573
1684118,1853362,2100686,1642910,342449,6086751,501602,288374,467042,575885,1655784,2474371,6118
1705134,1957186,2155557,1674662,354598,6105301,732068,756634,590006,575939,877202,893206,4649
1385366,1475067,1698009,1614168,341873,6696851,916636,961047,608407,676528,2004820,1701344,4698
1642997,1905537,2105935,1375483,238020,4768034,502213,525593,591392,645611,1593898,2371534,5788
1712213,2006882,2173257,1692353,339982,6246421,468210,370915,496891,607838,1460993,2376956,6539
1723079,1812279,2106112,1624670,339569,6086187,709189,752708,587459,572658,865059,933058,4781
1049491,1583382,1742581,1692134,350559,6264375,721069,753358,606728,654169,1602427,866167,3045
1735645,1685224,1741747,1118453,125847,5508936,701818,731982,584672,631367,1591230,2509007,6215
2027556,2048893,2486092,1894386,449651,5971699,498494,521206,534664,652427,1659303,3254782,7356
1349227,1770726,2081546,1604152,350432,6021053,723565,747899,529608,529551,812475,873288,4643
1082906,1377060,1682546,1471156,339573,5959921,698605,734149,544103,602734,1603113,1494645,3405
1736636,1733315,1727143,1120280,127944,5537989,730652,760966,621616,669731,1640765,2406179,5893
1736339,1874217,2129581,1667326,238662,4834628,265988,494016,575378,626702,1590368,2469227,6260
2036997,2164854,2511939,1921720,445562,6606354,940168,760054,550854,599553,1276483,2480574,5914
998392,1589206,1678923,1618371,350335,6109623,726291,760422,538861,597999,1159244,888786,3206
1377765,1623375,2140097,1354455,336627,6033478,901272,939367,610480,683743,1976731,2540709,5121
1663026,1776325,2093677,1629107,235278,5007451,272677,526559,557393,625036,1603504,2426565,6158
1674662,1824815,2098919,1625360,351948,6157641,721392,512914,442292,481709,1171575,2407170,5991
1344602,1775084,2059665,1857558,440010,6632875,909028,964183,605845,673496,1202632,870081,2948
1334781,1558534,1660766,1055506,237530,5429312,725199,757561,560083,611855,1560915,2316519,4297
1712117,1813880,2118643,1346808,234582,4715070,482232,506823,543038,603868,1566489,2511090,6195
1681622,1718776,2054191,1588892,343065,6089195,500306,523869,427248,530234,1194038,2435960,5759
1448194,1859032,2152443,1675291,354278,6285747,728039,748062,558099,553850,851427,893202,4750
1377919,1379396,1665004,1584645,328371,6635991,892413,939467,617116,685055,1957490,1718205,4546
1658449,1729451,2039807,1319194,238242,4788660,502165,522517,547005,602545,1551548,2373028,5791
1701509,1785824,2090406,1626363,352588,6012876,487609,502771,426798,521013,1163864,2455134,6122
1374960,1744838,2048171,1592322,336463,5939180,705797,749217,551370,533722,810050,858716,4540
1053621,1418394,1694950,1357174,351035,6116820,726239,758595,555805,597871,1530920,1585590,3283
1732185,1628062,1703477,1337086,121696,5458063,483430,727461,542726,607544,1583714,2534252,6409
1950496,1950633,2405650,1842284,433148,6128629,540052,519453,498683,615984,1566175,3144886,7423
1364487,1828100,2122231,1642199,348309,6236862,721678,745043,560543,542973,829606,890621,4748
1360592,1584705,2094360,1626594,439358,6862865,900647,948422,637827,703808,1607633,1700284,3207
1609042,1594589,1714703,1363592,128885,5509993,507472,766250,561899,617433,1556253,2347679,5573
1702621,1842368,2140785,1658357,352389,5406367,492711,282604,499797,541662,1555691,2448371,6260
1659189,1937259,2443474,1856014,442645,6656692,926951,982790,543657,598067,797841,1682940,4766
1034210,1461132,1553736,1355299,337621,6308068,697610,728630,569653,619102,1503380,1581134,3263
1741458,1567020,1645423,1310134,123089,5302831,490413,710190,540340,598500,1535444,2460932,6351
1661712,1726680,2056094,1604466,340995,5515401,499766,283786,505944,558969,1599130,2441360,6055
1712853,1784210,2127296,1654872,354212,6194757,724892,750539,474528,518125,830641,1653193,4775
1038177,1568292,1677462,1589303,446698,6516690,914529,960701,601678,660423,1572921,1697345,3259
1639536,1794146,2099331,1367124,126647,4852985,501478,768235,561075,603461,1568131,2386904,5857
1707569,1784420,2115879,1641355,350785,5478729,486221,276901,494599,546825,1567819,2456754,6413
1705430,1762428,2059318,1603422,332804,6116668,698003,736122,507908,553556,822741,1695526,4776
1378320,1695462,2146900,1663672,350950,6085702,724987,758609,577589,632901,1212734,892557,3226
1424526,1590444,1354188,1388254,232795,6094722,700478,733663,598032,655608,1662362,1739710,4894
1951156,2025508,2471948,1657168,345662,5538035,504704,527355,572321,699787,1988969,3169555,7118
1679148,1975555,2174497,1961607,467672,6790613,949019,976060,587330,583314,1231906,1641322,5947
1153531,1702380,2112697,1643470,338771,6175437,704991,746547,597941,652519,1252614,877341,3165
1654285,1717986,1734885,1673931,347648,6983474,936015,976166,601112,633300,1578431,1683921,6075
1767977,1961134,2176700,1404075,240635,4683444,492844,510377,583268,639493,1632843,2561914,6780
2006167,1985180,2470581,1888622,445300,6619411,720475,761478,511696,566880,1246798,2473237,7482
1062640,1708810,2143874,1660852,353352,6208614,729695,762301,579092,637078,1214663,876972,2970
1368628,1428147,1319470,1079675,233884,5973041,700036,731813,553965,611869,1603132,2505464,4530
1633295,1743259,2050035,1554901,234962,4759620,285977,518942,550959,607073,1568616,2387093,5683
1677001,1809512,2091810,1626402,338295,6039594,504052,508995,423137,545726,1149693,2357224,6179
1384498,1790400,2493176,1877280,443940,6690621,917583,976456,623565,621744,1232211,927285,4720
1336491,1425945,1293117,1078358,239243,6233869,728423,762049,560545,605714,1560506,2331793,4621
1687740,1780891,2104510,1618073,235466,4641735,264874,503485,543139,601420,1567164,2501425,6387
1628717,1743652,2030537,1581526,337545,5947039,715987,516517,431666,476867,1204401,2458013,5784
1332675,1819884,2124817,1651306,350401,6153370,722513,756731,574908,619881,829684,870817,3243
1377819,1424404,1599427,1326546,329030,6648702,886622,925912,606858,681816,1964317,2527276,4754
1665178,1774224,2060566,1611176,235913,4798806,271430,508179,576017,629504,1581261,2384696,6014
1709221,1816842,2133428,1650039,351569,6032976,715671,505422,445289,491372,1193102,2421245,6050
1354864,1837102,2095059,1623136,336831,6175387,700741,743871,551328,613228,828017,892578,3179
1016951,1451345,1307757,1346773,345540,5999805,716210,748104,561701,613887,1549404,1566957,3199
2036582,2003121,2544749,1648906,233920,5503178,707868,959054,553626,608032,1607004,3339592,7641
1947324,1991380,2415082,1845680,432275,6208675,723596,524267,502644,552346,1586528,3170240,7121
1351904,1831972,2111292,1636276,347209,6222459,718035,749926,571047,626888,809250,852568,2996
1083198,1412221,1296786,1340966,342591,6071247,698366,727484,545835,605226,1596943,1725510,3348
1643813,1776930,2065409,1339014,124484,4785073,493950,756282,564558,622462,1595653,2412878,5895
1724390,1796524,2102808,1619583,350788,6041682,491852,279839,427059,528984,1517410,2422573,6163
1726472,1932589,2451932,1839606,441904,6599379,919073,976825,602636,599395,1057024,916180,4758
969595,1424164,1282499,1350720,351961,6035019,728099,764456,559140,603820,1564756,1602272,3180
1669783,1824410,2105037,1351651,123479,4658220,474021,718628,552165,608070,1557753,2453825,6344
1675721,1752537,2050837,1584851,338530,6045031,494440,281187,439415,547625,1598257,2469984,6095
1710503,1815253,2121488,1640713,353046,6184896,726652,759702,552509,539121,805510,896391,4747
1394858,1427176,1700006,1603722,340480,6472843,908912,948974,611123,684798,1996425,1716756,4684
1678103,1682369,1965328,1246427,216484,4459286,497284,544047,517427,578347,1533848,2369108,5716
1728483,1712528,2021879,1555074,341158,5898133,484878,281144,394941,498211,1470034,2385779,6038
1677960,1662744,1967349,1504627,327361,5724895,684661,724735,514739,505451,788441,868436,4481
1078794,1312547,1614101,1551612,352224,5842256,728882,761163,522322,558169,1496432,838563,2935
2053886,1664802,2000859,1281176,224804,5857409,889596,722318,496457,553610,1835645,3188244,7617
2117317,1764770,2327093,1752185,436307,5808368,479578,501214,443292,554684,1521343,3215438,7693
1488379,1634964,2015921,1544892,341555,5883750,708578,741596,494736,489393,780340,883000,4748
1062640,1326911,1615122,1487927,326738,5689376,668115,697649,518577,579133,1519576,984789,3266
1676251,1447465,1586489,978723,123777,5077726,723922,754438,504129,568651,1539562,2400222,5816
1732656,1658547,2024671,1562221,346705,5105072,266472,280431,462271,561783,1484635,2382502,5897
1711822,1824306,2360437,1760417,438641,6350477,910951,966031,511651,504589,781064,1665032,5835
1108433,1362383,1671275,1319781,351177,5849113,730455,768443,534822,569971,1526671,1635805,3463
1724883,1514646,1647133,1266733,124790,5059089,479209,718308,509678,560752,1520798,2461600,6336
1682208,1658251,1948857,1503787,320504,5115542,336362,282047,450839,561187,1484883,2371849,6127
1717270,1709519,2041885,1572007,349849,5872501,722889,511196,395024,443761,1160276,2402211,6078
1396842,1628126,1954410,1757048,430315,6294468,883479,933213,565640,630695,1158674,876138,2980
1347483,1473898,1601465,1004334,235084,5210077,725925,760054,516935,574754,1533661,2353253,4203
1733499,1740313,2042974,1553028,237774,5070821,270092,497942,447808,557646,1482261,2429865,6229
1706527,1661461,1972778,1535301,333828,5828798,705580,520261,464809,444497,1177611,1653005,5948
1695069,1895999,2376057,1805810,450085,6355513,924296,965772,561531,550228,868719,874859,4138
1382466,1501562,1610649,1250863,339800,5664289,894087,933841,546098,613715,1884408,2483285,4629
2025562,1836944,2385504,1795193,336283,5196671,274121,531511,540282,650595,1953390,3166832,6954
1732369,1691003,2045847,1569785,350274,5912847,720222,516891,458525,440706,1133655,1630194,6049
1402440,1504540,1993045,1518243,329324,5740281,680650,717465,508103,575455,1139066,860825,2982
1353317,1297683,1216168,1266579,238471,5808137,730523,762356,510001,567207,1516309,1611386,4314
1760268,1660576,2009277,1262567,208752,4409198,476244,538288,501024,558517,1470269,2411585,6106
1993948,1883858,2368943,1802369,434926,6385451,690384,495057,475424,521772,1586656,2506311,7294
1392395,1509729,2012588,1555325,345591,5825560,714275,748050,512125,558190,1129327,890023,3163
1415466,1341630,1249062,1276909,234160,5778222,691055,723313,497854,557718,1528890,1706437,4821
1714911,1472449,1612674,1280711,126112,5240606,491982,740567,516290,563711,1497809,2325463,5867
1724422,1718194,2027067,1560048,345798,5216768,479962,277959,451022,504562,1485058,2370407,5965
1752521,1823640,2332464,1740692,429631,6251621,889503,942659,514641,516720,768201,1640791,5208
1052157,1345298,1589532,1279665,336501,5895956,696660,729940,522774,576676,1481261,1571495,3223
1764122,1505945,1600979,1256681,121074,5005858,482660,720687,500717,560590,1502879,2480899,6330
1689859,1618221,1964745,1520029,338664,5185502,497124,283872,469679,520039,1573720,2452314,5702
1729525,1698050,1990802,1527263,347597,5757164,718423,745825,435564,481876,768279,1607068,4480
1027235,1516038,1617558,1538280,444928,6246998,902964,942565,556619,626073,1552516,1689608,3039
1660964,1600193,1923942,1262241,125764,4663959,500932,750231,532518,574866,1517701,2341735,5792
2115342,1912584,2386222,1808306,332282,5475958,500122,483143,501671,563643,1782889,3019565,7958
1734724,1679476,2009675,1530110,339106,5750517,707032,748246,461272,504150,792778,1733827,4757
1071872,1507643,1617099,1527902,344865,5750987,716646,751139,509749,561296,1117774,874393,3231
1697535,1677071,1988291,1241251,235830,5051805,702878,943729,555399,617829,1870150,3277175,5957
1800878,1632377,1967716,1483847,333484,5707822,690551,724373,509788,494764,788083,908367,4858
1049556,1353582,1591283,1524013,336581,5825539,706926,738307,518156,575967,1501016,867358,2972
1463987,1550505,1660562,1023921,190244,5202025,679832,702962,506780,563439,1447062,2321066,4751
1740752,1681909,2001057,1550055,224701,5287999,274183,518434,465583,575731,1551078,2473627,6239
1696937,1720552,2027389,1560687,351905,5890068,729341,522040,457611,419613,1124020,1596532,5897
1380042,1492671,2000639,1822961,450672,6304692,898300,934945,546324,623266,1518229,898314,3194
1698135,1463283,1598828,1012010,124730,5116280,713671,750813,515087,570949,1545646,2411590,5956
1710317,1671257,1997533,1524838,346377,5140267,271602,280481,453528,554714,1465677,2324517,5807
1716922,1729885,2004194,1530186,323268,5790204,663755,617091,481795,469969,985441,1606601,6171
1353664,1717082,2009821,1565538,346270,5856650,714451,746741,517251,507299,765644,847588,4326
1385093,1272931,1586966,1259264,340781,6310843,906483,934432,558513,613860,1840427,2435351,4434
1716046,1654299,2001439,1540665,231071,4562365,270234,516131,512615,569334,1573647,2504933,5947
2015934,1933634,2434356,1849302,456239,6484702,724649,518917,400816,511197,1479765,3017860,7131
1431050,1663431,2020712,1520011,334839,5648410,686107,715879,498643,559448,784400,883702,3255
1055421,1322298,1375281,1240742,335576,5726894,707482,739135,527734,579223,1529615,1634980,2919
2014407,1694888,2033251,1568202,239660,5186792,498780,738208,571717,637688,1853626,3112770,7355
1776117,1640501,2011412,1521993,337791,5714386,701173,513811,412409,444964,1167186,2518199,6186
1383638,1606262,1965469,1520535,346425,5796145,718142,747931,494067,557585,763982,853264,2995
1045949,1338624,1225572,1287196,347095,5766676,696512,717532,513252,569810,1496772,1649103,3079
1718356,1656224,2005252,1288410,126832,4441017,490693,754481,522054,579332,1579753,2497373,5889
1735300,1717698,2015573,1544087,342421,5536952,487744,284652,443365,500756,1464312,2306634,6047
1714069,1820862,2400440,1796399,448787,6280012,904794,944981,503320,567167,793351,1679180,4391
1059092,1310639,1211169,1259482,337700,5744217,717641,747904,509085,559560,1521736,1587909,2867
1719625,1726925,2031819,1292736,126154,4600327,497689,737681,514427,574958,1481262,2361442,6032
1720122,1661487,2002841,1531832,336565,5214257,267829,281404,463472,577815,1570972,2527698,6022
1712082,1681592,2023448,1563247,350513,5718671,726325,760202,453674,432107,769599,1598071,5872
1134682,1520328,2027252,1787392,443952,6380297,888007,923789,574927,632513,1508578,962481,3213
1990461,1620280,1931009,1251462,227686,5697521,704523,739221,513091,636521,1896853,3118615,6993
1717429,1715494,2038687,1563327,348306,5182028,271555,277378,457521,564184,1481451,2349181,5954
2095296,1846825,2416064,1808851,343685,5729958,705756,941853,516577,496613,1126845,2436744,7800
1086087,1524405,2011546,1547740,350878,5926810,733676,766441,510955,570298,1150818,868828,3068
1778683,1555102,1656595,1303814,239509,5810519,717615,967477,563155,639307,1880010,3221662,6210
1710961,1622119,1925004,1470220,318554,5047894,358596,282404,467723,560895,1486210,2372065,5878
1656530,1659916,1978790,1518429,345969,5754785,717932,747944,438569,431362,762894,1563157,5885
1068460,1546470,2038750,1576847,343895,5810841,690958,719328,530844,584885,1171052,886406,3043
1360165,1287759,1233941,1019057,233143,5775489,722461,756580,510668,567422,1555683,2429986,4392
2056026,1896818,2446537,1839157,346193,5388551,499368,525898,511159,567751,1793802,3048567,7314
1761343,1611833,1977687,1510025,330504,5679435,679871,712764,444178,493101,779148,1685159,4982
1076318,1485682,1828443,1520078,328847,5886101,688622,718680,516193,572249,1125765,887399,3234
1100063,1369803,1252689,1309404,350908,5739949,703871,725575,534376,586462,1553548,1670860,3184
1682145,1690589,1970063,1268013,124673,4497920,480939,744650,524412,581172,1560313,2450166,5766
1696510,1687606,2014196,1566182,341569,5859085,487577,283018,409361,511029,1471811,2270583,5847
1732736,1694794,2440275,1801171,452692,6205169,915513,956174,554891,559418,1155890,884201,4385
1366663,1353243,1222951,1277218,233574,5800225,716904,746576,525009,582001,1515764,1605022,4381
1717868,1707600,2020997,1282688,218126,4576315,493678,550973,496467,559306,1500844,2415882,6030
1732302,1723146,2014189,1531336,336725,5686246,481815,280708,404970,516824,1572527,2536768,6040
1902731,1628722,1970883,1521152,352424,6611023,915667,956229,536205,521649,1155129,2210746,6201
1081118,1558241,2075170,1589221,452232,6440654,899683,938344,567764,634138,1502081,1621647,3113
1668086,1466470,1556889,1234374,124064,5091233,486034,738685,500021,560107,1508808,2369555,5768
1711484,1709964,2034293,1553771,347304,5128916,500328,280295,451000,494147,1471348,2337460,5942
1739848,1659304,1992030,1509914,339009,5695550,698263,734880,444331,457420,771699,1691572,5210
1076111,1492276,1976114,1528052,343737,5701185,717889,749095,521486,568771,1142055,867600,3014
1752490,1518976,1605233,1265255,237509,5662988,711781,962087,558045,628259,1871095,3226454,5980
1725226,1641960,2005901,1551425,229967,5218941,275403,522619,479951,581988,1573330,2461352,6346
1731096,1676159,2012532,1552716,346471,5835754,718405,512360,448617,449560,1133022,1598378,5860
1397748,1504686,2027193,1537569,342699,5679652,698022,728853,516895,567730,1154520,853367,2975
1339939,1333986,1224502,1255125,237558,5750018,708159,741603,515723,577140,1504111,1632282,4140
2043487,1892854,2409413,1541575,249710,5195727,490722,685139,501491,624517,1825493,3105526,7446
1757558,1785525,2000542,1536110,326376,5753900,679380,499873,494415,480254,1222508,1704583,6179
1401675,1657372,2004630,1551540,347551,5801145,719432,752230,540718,590603,1165780,869875,3113
1454808,1523123,1301879,1369142,240032,5881840,708924,733515,584288,638285,1621196,1687661,4540
1740406,1515060,1634668,1293474,126210,5289747,491469,743529,514334,579864,1550208,2373009,5893
1770499,1855101,2482014,1893439,454378,5958671,694286,491451,567296,615711,1872046,2395135,6019
1749881,1805187,2340686,1746209,420941,6370302,860000,906527,487987,494396,779884,1675655,6086
1076207,1387524,1629574,1302839,340812,5869700,706840,741127,542079,597670,1519407,1591544,3085
1772625,1647505,1671507,1318661,128141,5113513,484743,727851,557446,606734,1579166,2441674,6121
1715581,1785344,2010339,1553688,339569,5177574,495236,286361,485789,537840,1585170,2495502,5677
1755823,1799929,2043682,1599721,345030,5901243,710189,741698,494497,540267,832015,1614081,4429
1067450,1574021,1663159,1575417,451212,6306933,897732,938372,582242,645838,1530739,1701518,3271
1673726,1487482,1770606,1281233,126583,5106637,468149,726284,520515,574013,1541005,2391717,6231
1731677,1718081,2050539,1580428,347934,5133557,486372,278472,461114,501292,1496517,2376509,6124
1760489,1693532,2022150,1528587,338043,5728075,700471,736176,464801,509368,811673,1708527,4750
1078228,1555927,1619676,1526750,339600,5777389,704200,738350,536832,586973,1115270,869851,2984
1723132,1651226,2005823,1260298,231642,5026649,692779,933245,556919,616027,1841935,3158661,6114
1674665,1707753,1983380,1516784,335971,5616474,491853,284776,406167,517866,1554204,2478765,5598
1700481,1697117,1994315,1563446,341208,5870012,708076,738915,461469,504108,785239,1041380,4641
1428249,1516783,1981243,1514424,322102,5740571,660283,689618,530420,585475,1159154,858449,3045
1377470,1477057,1617078,1515963,340687,6337116,933814,975064,572459,636977,1506652,1593021,4297
1745678,1744912,2078819,1291574,238605,4574284,496815,513658,518653,577294,1505525,2419831,6216
2352278,2021933,2752365,2033071,534996,7044366,900612,952884,532107,581937,1154684,2515675,7540
1076951,1531756,2038460,1581270,350336,5899685,722882,753078,540719,578902,1125718,871207,3144
1415386,1298445,1215204,1079806,230627,5733523,683448,710105,518783,570842,1496615,2335343,4608
1701837,1651169,1952206,1281335,226480,4425959,458009,488969,521662,571232,1502251,2349514,5997
1745450,1656487,1971528,1492473,341902,4994130,477663,275335,441430,482428,1428244,2328292,5970
1736815,1865840,2392291,1768929,433730,6235566,888804,941053,503434,563260,776094,1741742,4586
1074082,1313403,1225370,1280411,348295,5741396,722098,755567,542821,586492,1536853,1631377,2953
1774490,1663620,2084308,1301197,123521,4509408,486937,732181,516320,563995,1551012,2530348,6411
1699140,1655744,2012522,1560499,333021,5709915,488050,280536,442916,516732,1566450,2473573,5863
1679960,1723692,2012743,1555246,329278,5898316,678061,707150,464801,500738,764471,1379983,4570
1053411,1497834,1622043,1545764,452207,6262718,900862,938736,556824,623677,1532366,1699649,3138
1634939,1698201,1986834,1265621,117299,4333258,480780,743394,557274,601361,1574690,2407984,5476
1761406,1799280,2038353,1580956,334615,5792490,470694,262633,457895,546885,1518255,2351860,6020
1769435,1727048,2021571,1555599,329524,5735542,677465,714520,564116,546354,821290,881399,4415
1072794,1462903,1606799,1552547,336015,5672699,698003,729011,578266,629749,1546086,838822,2665
1819031,1739170,2013766,1278684,170378,4991660,637160,873590,595108,639581,1815263,3051379,6091
1950008,1933131,2266894,1734064,417114,6102294,662321,465199,437805,547522,1565489,3085392,6614
1695367,1654863,1981235,1535380,333013,5747367,681773,710764,512603,497568,758423,834927,4261
997844,1344301,1528508,1477649,323194,5433126,653531,679057,517610,569843,1488131,788348,2714
1262964,1267055,1124331,940074,216606,5478829,684050,714416,503011,550808,1450676,2246377,3762
1621045,1688582,1915813,1482331,222971,4112860,233583,472457,514999,563859,1471737,2294791,5351
1926983,1826774,2258084,1699870,415676,6054888,784194,703704,477156,501161,1068909,2323838,6747
973655,1567578,1923357,1504683,330938,5630313,679116,707193,560957,595905,1124545,725607,2533
1303022,1325620,1118503,934072,213152,5415554,641160,669576,511664,558012,1465168,2331913,4218
1636153,1629754,1835782,1411532,201551,4157084,232724,481111,522653,567401,1458763,2255618,5326
1617629,1689390,1937273,1489807,334259,5463576,685581,474948,409129,444509,1109718,2230748,5305
1636253,1814247,2245139,1691294,411163,6026650,842869,896507,577306,576135,1010719,753429,3874
936483,1322253,1126538,1200993,323198,5498900,666064,699621,526318,566108,1447588,1452431,2358
1658260,1734841,1893918,1178643,106890,4058110,442426,672314,533967,581877,1463492,2275100,5623
1582648,1637199,1847184,1447263,320232,5408366,454447,242578,405498,508812,1525261,2345323,5260
1614884,1713068,1882716,1459063,325308,5435190,665555,695622,521257,507280,736686,741556,3775
1295277,1331702,1509446,1462118,322965,5942556,855575,893594,577490,636735,1874841,1552746,4197
1582772,1642654,1865801,1175917,206609,4187320,462000,504963,527845,577874,1511227,2285780,5099
1958113,1948317,2307197,1755423,429945,4838244,227848,237900,543854,649235,1772351,2941306,6580
1648184,1679571,1919789,1472965,316420,5591860,656971,697890,473205,443528,754559,1604244,5833
974926,1503103,1913891,1500068,331458,5704650,677598,706369,540614,580409,1134874,739240,2544
1637882,1530875,1528289,1210831,218261,5288742,658216,910271,572527,625143,1859366,3206260,5687
1596497,1659956,1875966,1443118,321859,4730830,455776,237753,469669,508257,1512585,2301836,5172
1609596,1681695,1895089,1465922,328248,5572359,673612,699833,460876,471914,732142,1464884,4182
945236,1511138,1807583,1434234,312224,5346642,637087,666264,535258,581992,1117255,743524,2524
1243899,1349785,1105061,941903,214012,5634861,682454,714436,541426,592906,1501114,2237040,3793
1634162,1663549,1913831,1479016,215854,4231340,229674,469109,522510,565183,1451139,2265099,5496
1978980,1916433,2289293,1712267,422579,6100554,873007,682623,491526,529819,1162471,2373737,5460
968335,1471496,1487622,1452642,328549,5451047,678677,710767,512262,554679,1081692,750173,2569
1307032,1514971,1498016,926428,217950,4710235,651031,680614,531092,573987,1483338,2345324,4134
1554601,1682852,1773283,1386619,185998,4213861,231119,478829,537521,583576,1437777,2106927,5022
1563238,1654553,1896961,1471944,334601,5493620,687895,475357,391504,425031,1096461,2216503,5164
1292790,1677146,1867873,1682218,420567,5947431,849386,888089,571870,625487,1097539,721022,2392
1524051,1593312,1507599,1218973,222896,5586288,910991,951381,597749,645994,1822553,2152219,4546
1686984,1682060,1930185,1207385,219995,4181640,455197,467915,511830,567197,1473199,2321899,5657
1995086,1762551,2212811,1677095,316187,5313311,450322,689019,469585,555406,1471311,3043462,6703
1527197,1716359,1961989,1523553,329011,5864903,680693,710027,534565,528241,768581,813452,4352
1333801,1315438,1595558,1540872,336177,6215759,875423,916593,586403,644933,1908122,1593487,4525
1670077,1703525,1982086,1263578,224207,4460701,487469,509858,546499,592663,1527940,2330852,5808
1711359,1697083,1970054,1522294,334159,5696595,481005,498206,424652,511832,1098371,2284381,5937
1692088,1703812,1981608,1522779,325758,5764256,683024,722799,497491,533585,816136,1659158,4578
1042822,1519991,1625448,1554577,344668,5783926,711214,742571,532281,571329,1143318,874322,3324
1424170,1368969,1539198,1062759,239705,5801879,707678,736653,547136,596544,1587529,2536759,5222
1960088,1890074,2357053,1786845,334008,5077836,484756,513382,548041,597077,1947907,3167982,6960
1647897,1871555,2128914,1645396,349802,6082270,723814,747318,517106,559781,844605,1627736,4742
1018376,1700934,1721843,1636003,339283,6084431,696747,729138,608172,651824,1245626,881248,3421
1301978,1675880,1705825,1101460,234971,5360878,722715,755704,600570,651106,1621473,2380470,4555
1662030,1919121,2163742,1680583,235810,5356343,263787,515389,551855,650291,1610075,2470680,6242
1929330,2032048,2451515,1849413,440184,6428946,921582,744815,544308,571155,1240236,1822377,5967
974722,1698515,1703150,1637869,348962,6056866,724791,757746,609008,647688,1236880,878051,3207
1315442,1704711,1701099,1073883,235987,5344054,700857,732029,596749,651588,1625665,2520829,4651
1850571,1792516,2047831,1597213,231636,5969852,481380,742060,603349,713481,2003932,3136467,6975
1677698,1809769,2095841,1614811,351593,5988343,727518,517452,507110,482021,1175139,1608347,5809
1338890,1645341,2125359,1914790,447365,6593635,912044,958640,650684,705256,1632339,886431,3379
1563850,1717180,1695024,1092453,125506,5383913,723074,755254,608844,659095,1614197,2379986,5532
1609818,1899709,2100502,1392278,236399,4600417,428692,472613,592743,643165,1559543,2385433,6220
1589452,1848498,2040396,1598026,335095,5947799,488337,516961,484983,580696,1242925,2484370,5886
1289109,1843329,2122445,1663218,349782,6018473,724138,754567,606616,579844,862825,851966,4461
1317669,1513006,1725914,1354588,344500,6554700,918433,957444,644603,708883,2028996,2548014,4787
1571679,1850153,2076132,1625316,234271,4690098,266649,517674,594947,645505,1608231,2408467,6005
1603133,1889802,2114271,1654763,347849,6015600,710974,504261,477806,524075,1230787,2397302,6104
1276580,1929712,2070942,1608043,318832,5916910,662825,703597,633593,606578,887250,858112,4124
985600,1474216,1656383,1318289,341554,5911361,708871,740401,593907,638808,1573012,1586969,3067
1644274,1679961,1681991,1340499,118140,5155452,479486,722927,580948,634767,1596796,2467409,6060
1856627,1970111,2391564,1839109,437030,5832372,705937,511585,533882,567927,1614588,3250730,7017
1285101,1925854,2097954,1644418,348343,5993993,721837,753662,604541,642310,855002,845088,3004
981689,1582279,1323843,1376595,342795,5917430,698926,729779,618742,664910,1660469,1688583,3213
1512604,1690237,1818657,1330770,120672,5116562,460114,718593,587673,642646,1569774,2294826,5796
1606210,1907819,2094521,1793448,437997,5840668,671347,460476,601136,649176,1862103,2742539,5865
1641373,2101238,2523940,1915622,443964,6738407,911896,965307,613017,668459,872902,1726132,4507
964406,1518125,1685515,1632255,348499,6023784,719266,753443,597663,640482,1565859,848238,2975
1641169,1689120,1722680,1091674,121384,5256308,691295,723725,586390,644425,1611064,2512627,6360
1607289,1844531,2086798,1617766,338378,5394362,266986,281382,536236,644582,1633796,2427916,6021
1681590,1918691,2160232,1680244,354869,6233640,737508,719671,549321,511889,979862,1638962,6196
1365765,1681428,2102005,1902480,439093,6599131,901174,950881,664486,719945,1628886,889717,3394
1625345,1693760,1695636,1082486,127315,5451525,742149,773724,601752,650744,1629005,2415497,5956
1714282,1826646,2073500,1609792,352524,5214668,270429,282447,514127,608871,1560477,2453788,5992
1655537,1808076,2073998,1603750,335092,5850832,707633,749235,530275,501959,852941,1692043,6129
1334212,1805688,2076330,1608695,351798,6004489,727787,760149,569026,612111,802868,850080,3071
1302103,1427625,1399633,1339455,342223,6359118,894165,932418,623583,686055,1963685,2443935,4742
1624506,1816738,2044640,1590636,234429,4482076,269663,519704,582847,624661,1591397,2416562,5848
1700168,1849197,2115034,1629535,351177,5940532,716855,505961,448271,491712,1208104,2431143,6297
1630196,1981808,2428340,1814039,443066,6356043,916160,971541,629792,621551,831030,893723,4250
1009771,1433798,1283290,1336826,352778,5909709,725398,756412,578236,616385,1557149,1602856,3149
1688852,1832707,2112468,1346572,122590,4422074,484598,729690,558068,620062,1597442,2490931,6196
1937627,2131597,2735213,2069044,527051,6905138,895261,714744,523898,610154,1596947,3113658,7463
1402837,1799931,2091587,1601143,350632,5811887,726977,760739,548037,595078,793967,907012,3226
1065557,1354722,1252606,1277583,334747,5577728,679190,710690,512245,575769,1527430,1689291,3276
1710019,1646400,1984752,1255612,124052,4379941,498545,761300,533022,575818,1542262,2417217,5851
1743148,1703141,2000276,1539648,341147,5587470,480073,275573,415212,520485,1486046,2349914,5942
1715297,1674474,2371225,1763780,437167,6166381,907080,963666,581293,579148,1153442,874966,4426
1123395,1311988,1215405,1264835,290085,5780141,690243,721482,521130,563931,1460134,1519848,3479
1741672,1755401,2048969,1301257,127803,4438897,492969,726396,520380,577313,1540555,2455921,6327
1651619,1684803,1984593,1533973,333277,5044509,269463,282379,477867,599493,1562594,2385873,5997
1724414,1729220,2052764,1579966,351227,5671498,726812,750531,465137,447786,803699,1630156,6056
1048526,1525786,2000706,1522008,431656,6252362,885976,933125,570928,637952,1508475,1636923,3259
1642479,1597078,1641788,1318261,126049,5273968,499669,758735,555520,606364,1563097,2341205,5710
1654640,1835222,2057276,1590870,337692,5202768,375982,276829,495405,596610,1506992,2365255,6299
1655999,1790792,2037223,1572936,337539,5875312,709393,749142,501406,472072,817725,1691270,6248
1068631,1645227,2097794,1635058,351662,5977623,722976,755809,561195,617394,1180685,901919,3296
1377358,1401292,1255478,1039087,233684,5622068,692647,725569,545717,600415,1572703,2526922,4703
2262749,2097171,2798979,2102751,444350,5968871,719251,743968,632782,609638,2003812,3242217,8576
1697246,1836824,2101534,1617280,352554,6090410,732834,755740,508504,558467,854572,1666215,4558
1093582,1610232,1836303,1606525,337666,6014613,702605,740482,574500,628063,1241627,916545,3339
1362422,1418584,1294178,1077223,237928,5954815,726976,761896,582250,631860,1574367,2347414,4375
1741056,1870410,2126013,1642161,237270,4460576,267155,494090,558662,620178,1569610,2453553,6447
2024277,1964282,2430811,1852649,442746,6546824,927341,749523,523554,577394,1251647,2520653,6034
1048185,1649323,1689162,1634009,352148,5992868,726384,759420,573326,618020,1190880,894883,3190
1360092,1418793,1284302,1310381,233014,5787501,701440,732994,569399,624835,1611088,1721169,4895
1628384,1788861,2080158,1352627,226480,4641964,503285,547872,563892,615487,1583597,2376640,5740
1708408,1803313,2100656,1631343,350741,6068656,493374,288017,455669,554502,1544439,2404731,6140
1685194,1811570,2480431,1880058,443654,6728480,921771,977445,650859,641441,1236243,897352,4691
1378244,1489249,1298652,1356722,237489,6025325,722620,757372,581686,630963,1561003,1611163,4674
1683085,1851144,2144780,1286037,220763,4301429,482345,506918,586672,636923,1628042,2429197,6438
1704668,1752550,2064575,1532017,328185,5712143,495778,522329,456085,566917,1281533,2420094,5950
1412902,1875090,2127910,1646069,351252,6097247,729126,761610,581905,571280,860024,901914,4770
1417981,1536352,1723422,1585397,330944,6369059,888589,928276,670880,731161,2020489,1851081,4653
1658871,1814341,2068968,1343573,237221,4436270,501790,522128,577690,635149,1616336,2403169,5811
2080388,2094515,2543280,1932480,461955,6633299,710194,515662,467501,578455,1581517,3133628,7371
1373061,1802646,2102564,1617318,342374,5991506,712830,749420,577065,561089,866141,925494,4783
1039239,1581426,1741544,1412173,356250,5984442,731780,764225,606290,653136,1619630,1634681,3278
1689593,1563979,1669899,1302943,122206,4971801,487417,729317,552337,613189,1582388,2504744,6541
1958511,1934085,2379769,1821380,430149,5892116,583428,523211,506402,612822,1565193,3174505,7128
1724622,1802580,2076275,1599882,346688,5887487,717154,736729,491588,537141,812005,1627652,4560
1037422,1602770,1658763,1575284,337222,5851647,698941,737782,557625,613592,1210398,863453,3151
1368286,1609409,1678038,1057911,239970,5314522,731645,759555,550305,606415,1568629,2391952,4659
1742276,1671950,2055306,1578122,240520,4980952,266336,503839,450588,562580,1513467,2498528,6532
2032836,1805444,2332547,1756056,438288,6185725,924149,744303,523850,504466,1173263,1668676,6012
1040368,1444466,1596832,1527189,345236,5672249,715624,747559,513175,565447,1357825,893277,3136
1383617,1534652,1604364,981259,232787,4905568,680390,710879,513167,576720,1532054,2469873,4775
1672148,1649468,1985667,1519982,231299,4951352,269518,519834,480727,587970,1569758,2406139,5669
1735714,1689558,2024328,1544624,345678,5659133,715467,502189,454682,439071,1132154,1635130,5989
1740351,1632595,2340574,1752656,430485,6137634,1088433,1149791,608222,685317,1911826,1667587,4746
1693408,1522522,1606429,998050,124509,4883407,706205,739066,511196,563428,1475263,2284971,5645
1731462,1704496,2012081,1549945,330705,4870716,264339,303164,456766,574103,1510208,2429851,6119
2025161,1770672,2254970,1718246,418211,6136599,684159,498957,448802,495113,1499693,2333693,6969
1397291,1504182,2034292,1571862,349168,5811421,716765,748938,511712,573390,1131008,907365,3265
1777459,1467481,1605506,1287498,235480,5712938,896288,934489,557910,622809,1865227,2463226,6212
1639444,1691412,1991304,1541144,235848,4415110,269508,509937,526874,584278,1513687,2366423,5821
1752674,1666224,2020583,1549534,347081,5721949,706081,505902,390953,434586,1131309,2414646,6336
1392105,1646509,1982933,1504175,331198,5575884,689021,732761,510232,526215,792343,899590,3624
1059275,1312688,1555203,1247378,331189,5676876,688370,721162,517938,568305,1461245,1594697,3440
1766261,1511615,1651020,1315238,124599,5009138,482801,730307,518626,577982,1560041,2541417,6395
2005535,1802359,2330006,1753408,438705,5656160,715609,523840,445372,489467,1508881,3185068,7163
1384267,1710097,2047307,1576101,351628,5773091,725099,751629,508505,561954,779514,873283,3243
1090425,1289953,1227456,1270991,339926,5580934,695482,726483,510304,563519,1565355,1717723,3405
1686012,1592038,1920490,1233740,123799,4461658,486440,735871,500994,560779,1492152,2339869,5926
1731464,1664215,1935880,1486236,320002,5100774,484155,283976,445789,492272,1415198,2252072,6146
1734530,1841679,2357184,1757874,439398,6276861,913737,968278,528697,584404,801902,1724260,4400
1054130,1314723,1209072,1246950,342598,5629252,710254,742088,502089,543855,1453922,1552509,3065
1754351,1672796,2041466,1310660,123950,4354633,476607,721262,526708,581339,1534083,2449273,6251
1983700,1747563,2311354,1738823,433363,5473538,495651,283249,454371,554407,1881948,3147108,7094
1693750,1668245,2042316,1561915,352219,5618301,727391,757116,504221,500417,778619,895604,4635
2059704,1897940,2926988,2432206,787800,9272640,1618126,1715591,684021,758039,2133843,3742608,7653
1636228,1612359,1662658,1047324,124728,5543835,718929,751284,565928,625109,1572452,2343959,5942
1680735,1830020,2127784,1652351,345129,5369872,269281,280874,512877,623999,1575613,2425818,6446
1701907,1695495,2031773,1584166,337075,6054381,719345,762346,488611,472386,814296,1661444,6212
1062148,1612237,2123217,1648481,352317,6071540,729479,760241,541598,591556,1159354,919547,3540
1369473,1389354,1259632,1022330,231222,5638513,696630,726230,552167,610787,1591276,2520851,4683
1923844,1966030,2407263,1707096,340503,5291220,345749,487581,552665,676517,1939421,3131459,7412
1700549,1849965,2117682,1647431,345451,6048639,717403,736506,495182,477806,842185,1617464,6392
1040436,1582051,2062292,1574369,333816,5903244,697850,738100,566671,624831,1229537,891176,3226
1312220,1407312,1263352,1060624,235768,6004834,728048,762300,558377,611860,1573956,2355736,4385
1694395,1828997,2120132,1633722,237686,4580818,270818,509482,558179,616762,1583838,2473054,6216
1962471,1946162,2438006,1874983,441430,6707604,938719,760122,505698,486469,1221752,2468757,7024
1032826,1606680,2082913,1621634,349426,5947191,728099,758832,549147,596725,1161394,875888,3160
1377800,1407732,1291510,1060156,227841,5846138,688693,719805,554316,607162,1581827,2489165,4838
1622102,1801725,2072767,1599850,232202,4641489,271074,521545,573771,626490,1616128,2409505,6010
2035417,1805166,2086854,1623019,349950,6731724,701867,492324,499447,618867,1914631,3138973,7412
1681385,1756520,2472926,1869258,443070,6730864,932057,987244,611240,615240,1229269,915673,4559
1275733,1424221,1267304,1333413,248651,6027966,731588,766046,553212,602487,1560812,1596931,4236
1699704,1784397,2070054,1313980,124821,4578208,484723,700650,538934,591999,1540688,2428931,6581
1664274,1726629,2049469,1602084,332733,5944806,498186,279777,428755,536887,1597645,2440783,6315
1706563,1725817,2107003,1622074,349291,5899117,727036,752518,541309,525918,814089,906791,4852
1363018,1333702,1640928,1572419,337959,6426302,913026,958062,583475,648792,1977087,1700954,4561
1634610,1713633,2061734,1327374,233611,4694694,500668,527138,555127,611138,1584647,2402914,6049
1650833,1757368,2082193,1607035,349843,4986880,479014,283479,492437,541820,1548187,2475605,6379
1621799,1687926,1977040,1540485,321586,5772287,685196,724388,467275,447149,801871,1681281,5939
1016471,1605734,2096830,1625871,349111,5916270,730109,763141,554383,605314,1181078,889735,3185
1369528,1420381,1284840,1032699,232515,5915255,703365,735429,553461,612870,1615425,2542889,4866
1902097,1951730,2411208,1853248,343135,5376826,499476,521338,557028,609283,1962203,3128990,6854
1677438,1793269,2088348,1622914,350096,6088445,720937,743289,485547,540044,821414,1636752,4524
1333656,1840326,2155370,1882788,441180,6655683,918507,974275,644739,641880,1232450,870909,4448
1293032,1468812,1404398,1070565,237875,6040672,698759,730098,583568,634585,1542462,2238347,4524
1715037,1796540,2339778,1594801,210742,5342460,654117,897913,598966,666315,1904690,2501419,6521
1957439,1953182,2466117,1878590,447553,6647930,725354,520386,510816,554782,1618121,2444266,7386
1340215,1684263,2146244,1662779,352147,6210463,734370,757591,563042,620067,1203566,890891,3135
1333332,1408093,1246857,1305035,229628,5966598,702621,738128,538725,596433,1593658,1727159,4702
1615717,1808968,2080936,1355401,236435,4768176,497664,520211,570155,621080,1582789,2342823,5753
1691551,1851864,2128895,1654358,349260,5980357,486825,447698,461431,556755,1358790,2442479,5972
1693171,1786733,2427808,1847195,435027,6532269,920385,976178,619232,610058,1183863,861823,4501
1349578,1449232,1293719,1367119,236334,6087765,726482,759289,555104,613978,1555440,1597796,4607
1743368,1580522,1705388,1323948,126045,5288655,492833,739458,557067,619456,1629535,2550540,6684
1621122,1766090,2039983,1587523,342883,5308355,499456,283170,513028,563517,1589061,2400483,5862
1701487,1778760,2113930,1640153,349162,6053019,718519,740686,502624,552740,827184,1632024,4579
1026362,1570979,1795844,1576193,440361,6361595,920256,976174,609617,674305,1595854,1668520,2919
1620920,1749945,2029041,1570974,331799,5213935,485464,281372,499231,550243,1595451,2397893,5805
1683738,1804978,2108796,1641174,349319,6063360,727061,753807,497047,537059,819686,1607912,4636
1061303,1560432,1670123,1606523,338665,5921021,699254,730693,561926,624788,1233315,878940,3237
1316770,1565166,1661568,1064588,234790,5353083,727445,760186,567249,622822,1589871,2372042,4428
1719644,1762625,2105080,1621017,236068,5240620,266836,509267,492994,601782,1551207,2435882,6228
2024862,1871209,2433020,1830556,537440,7055078,1125185,961234,581407,604158,1587230,2547844,6034
1058245,1630614,1680078,1632388,336329,6166849,701306,732981,585838,637404,1233670,892076,3183
1418908,1807008,1798228,1156629,235162,5445621,702805,735651,620310,688253,1691139,2529860,4859
1674766,1847305,2127914,1669166,231580,5585535,271548,522122,544796,655508,1658810,2462416,6294
1743053,1900969,2183445,1702612,351183,6149044,728423,518799,529058,508233,1233796,1655953,6224
1428433,1685718,2142267,1930696,446947,6532468,914730,958201,649517,719254,1674112,903476,3338
1379501,1504966,1334296,1123707,236766,6121883,730335,763146,597235,652668,1612806,2351953,4713
1730264,2094944,2615355,1776580,358731,5932865,666202,716582,655938,722332,1561461,2427202,6473
1722394,1501871,1636010,1310976,222353,5973090,688695,949354,607661,667284,1878508,2924292,6510
1778263,1699959,2034497,1552730,333484,5024381,472346,281711,459297,509777,1516957,2442502,6516
1689070,1805977,2381948,1810175,440824,6253660,948126,998679,505639,564435,776579,1652354,4669
1032036,1278054,1192714,1240459,334572,5538471,703898,730001,486743,535045,1433374,1589424,3232
1742890,1658038,1998706,1258577,122002,4475161,484068,732945,508641,575161,1576012,2521641,6366
1636754,1614056,1915735,1498326,321464,5001097,497679,281276,450151,492314,1476131,2238101,5760
1723895,1695743,2036444,1577881,341531,5589388,694665,491783,461188,445563,1147765,1669140,6283
1393400,1461220,1961912,1516236,327808,5630640,702401,744478,507111,559809,1139312,860680,3020
1715017,1496914,1645896,1290780,237457,5653760,948083,989886,547155,614624,1825395,2320608,6293
2094557,1869796,2421254,1814635,431715,5574461,458677,280367,443211,559476,1913140,3237004,7959
1690736,1605563,2018959,1578195,343030,5908898,733362,764438,456320,436937,776008,1635386,6157
1209154,1510884,2021004,1556663,331745,5790810,690121,712549,511046,567951,1129770,869941,3073
1383200,1284765,1198214,1266896,229196,5623087,688736,730170,507329,572278,1555023,1651546,4606
2076800,1676279,2000359,1558358,226317,5120443,488461,738290,567843,626757,1795712,2895080,7342
1736742,1624081,2021224,1564610,341750,5543156,697371,504740,399297,444318,1168917,2497112,6266
1349042,1669013,2004821,1548191,334824,5614589,720896,758121,531643,582600,790323,865552,3072
1073197,1308905,1231626,1298548,348369,5826132,733207,755723,513746,567994,1511334,1659206,3351
1774120,1504511,1881564,1277733,121572,4965967,482081,735380,536797,591546,1606430,2516042,6332
2007470,1802990,2346338,1803787,438970,5806978,693173,497470,452462,507371,1520449,3004619,7203
1413668,1683359,2034996,1561144,340838,5700302,701100,724619,499201,549081,758995,880341,3316
1030748,1269713,1197141,1232838,321987,5565350,686089,726422,514392,568947,1541261,1683255,3068
1730340,1453978,1614569,1002074,123753,5049363,705479,738895,505568,558689,1466843,2280951,6015
1769836,1681316,2000872,1509486,326886,4972068,268870,280934,463947,574380,1523402,2437991,6307
1954320,1765939,2663974,2017352,541158,6797509,1151979,1184828,547839,553274,1184641,1608201,5724
1060838,1294063,1646070,1604716,347685,5828316,719014,741572,516273,572735,1523207,858342,2911
2041221,1608900,1961063,1208806,124584,5049418,693097,949642,561014,619946,1901918,3198098,7265
1678860,1660487,1993545,1544823,341637,5024358,269074,278608,454283,557273,1483992,2279431,5858
2176433,1971951,2575712,1982569,463766,6897885,934062,962087,553790,461062,813628,1706207,8609
1350332,1660093,2000005,1544726,333846,5805170,721177,754730,515607,579113,778455,875827,3106
1373986,1294766,1331300,1277889,336342,6319591,890346,918121,550848,610069,1765647,2201791,4489
1777082,1691360,2027625,1548922,228634,4508578,270064,496409,516554,570700,1560308,2484201,6407
1699061,1670520,2032451,1579718,346745,5905508,729266,523323,401369,443872,1154511,2349614,5951
1410098,1670608,2058042,1585171,346862,5642252,704904,727670,501033,550910,792017,903221,3355
1023123,1271540,1191399,1263831,334546,5734814,715386,758823,511460,568800,1582887,1678293,3086
2073231,1913569,2484370,1622910,232902,5330356,500078,760209,520367,660630,1889450,3051140,7863
1798775,1774276,2068799,1592271,327312,5764025,668510,475631,450353,486988,1237730,2072770,6356
1715931,1715432,2015928,1576819,336296,5770870,716615,750212,546760,538341,808274,871279,4446
1106475,1440959,1682334,1610130,338305,5830044,700607,722796,543057,601409,1552817,897368,3094
1739446,1551402,1601284,1001427,125878,5067302,687734,728650,531142,590145,1555986,2455913,6316
2103111,1937443,2475848,1916963,460877,5860536,502139,523477,492224,600838,1582366,3036091,7153
1431760,1775256,2074864,1598608,339664,5633121,691115,719298,532120,530488,814184,895715,4758
1091064,1377358,1652693,1454793,331103,5762793,710963,750557,552831,611435,1615157,1464137,3069
2070920,1501695,1618708,1017268,125012,5805949,929076,969268,583386,632366,1836951,3007542,7071
1780582,1685435,2029025,1552435,229646,4425324,272985,502599,526113,585994,1583293,2507827,6359
2069767,1935309,2424408,1857192,453673,6373724,946445,754883,499148,540407,1216435,2333086,5945
7712766,2038772,10255308,7721671,1699143,16916366,3021265,3194366,442538,648032,5454340,12083529,11923
1403194,1712031,2056476,1594197,346198,5893347,724199,757155,519578,511760,776842,870439,4502
995111,1343257,1681419,1419474,337720,5809610,697999,730812,527111,583169,1574053,1571705,3278
1677810,1559791,1651357,1048427,123313,5197307,719789,758993,554011,604743,1584129,2387120,5812
1677943,1881895,2141252,1671492,341358,5482150,265399,276660,520867,643148,1566205,2376852,6264
2027450,2012617,2489535,1887205,439105,6561695,925834,748598,506979,556002,1236652,2544542,6306
1034618,1610156,1688787,1653091,347989,6158520,730585,761356,570722,617355,1209883,894370,3380
1382980,1612567,1724591,1091758,227746,5321126,686997,719270,547376,607860,1576066,2471700,4791
1663134,1735169,2065456,1598977,230002,5059704,269692,521919,531810,624807,1622363,2422605,5839
1679627,1799101,2096980,1633592,334943,6081833,706362,494772,441379,477718,1174581,2254873,6138
1384625,1844592,2108401,1921552,439563,6725823,914365,960953,636534,712540,1248535,902287,3298
1324849,1621740,1702203,1090339,234536,5437595,727683,760431,596729,655889,1631288,2353043,4304
1742244,1771938,2112712,1637546,235832,5224962,268546,509409,491745,599974,1569081,2424305,6072
1685205,1694858,2029906,1583378,333815,5903481,495446,523263,435995,548164,1218988,2428233,5781
1685233,2041543,2512246,1935968,450395,6724349,941343,761999,564841,555320,1178444,1554575,5601
1417885,1433432,1752523,1612826,332090,6731930,901145,940199,641643,709580,1994250,1895804,4958
1628807,1807629,2071003,1343364,228019,4703068,502132,524834,574889,628968,1593552,2345420,5919
1745071,1789981,2134967,1658899,348268,6217423,494012,510292,432307,549270,1216572,2424380,6448
3300575,1858029,5087265,3860250,952508,11869970,2313761,2608460,535420,552534,2889365,3831631,6310
1079188,1283391,1594560,1260181,340377,5842321,716748,748966,511185,556092,1500987,1604238,3260
1782770,1512924,1632283,1280477,123016,4962155,475402,719141,500303,563152,1519537,2450602,6278
1981874,1812856,2352833,1779202,321229,5129375,502614,528946,504757,557110,1916341,3108878,7196
1730947,1720629,2062217,1598559,342993,5802853,718003,740411,452929,501996,779980,1627310,4648
1091099,1449584,1595750,1530325,328836,5665998,686221,721701,498986,553774,1179974,897219,3321
1371407,1464430,1607284,992946,229177,5101944,717735,752215,497734,563251,1513172,2331936,4590
1777571,1671279,2037456,1561861,235737,5032485,268536,506940,450846,558291,1520300,2460350,6314
2008223,1824811,2381370,1818806,437588,6390765,933976,755888,513411,506902,1200105,1671609,5694
1054722,1534826,1646004,1592350,341900,5931037,717002,749776,519038,575167,1350674,857430,2980
1416667,1596759,1983153,1262369,340595,5619710,892819,933502,541493,610051,1513089,2438049,4573
1720016,1647556,2010842,1280603,229372,4474805,502202,523420,511263,571227,1535001,2360510,5970
2092313,1843995,2398078,1829979,337529,5702149,483364,703187,456073,562206,1457005,3023303,7514
1411891,1639967,2395274,1782515,433979,6328776,914077,967954,571991,568263,1184691,912985,4619
1396582,1293930,1238824,1014208,239467,5831605,723210,752272,502469,564751,1494923,2294772,4598
1820341,1754568,2088174,1509533,229584,4551576,293266,510816,543033,596503,1572611,2463837,6357
1715096,1707221,2016557,1559492,331726,5704122,488232,513743,423164,530707,1216284,2389566,5715
1454346,1800233,2108357,1622368,348542,5780657,729283,759795,533122,527142,815981,871988,4518
1098727,1576151,1673175,1593086,439299,6413477,918157,970918,586184,651039,1602574,1735219,3557
1743023,1797689,2095747,1351356,128323,4487513,500185,760450,560460,623477,1605404,2386574,5986
1817558,1738287,2124764,1640974,349436,5822260,497481,290694,438239,541538,1603821,2514762,6589
1721408,1688890,2013790,1566113,335290,5747156,715712,758767,521673,529532,833661,963856,4585
1050454,1488802,1600373,1572553,332072,5872867,695678,727473,518056,577857,1185003,878595,3055
1413514,1489839,1649372,997987,225479,4960817,687872,720557,518591,569263,1536211,2469852,4587
2330985,2107444,2839833,2135035,443738,5710244,488870,522338,545548,677466,2369015,3926762,9234
1750514,1688124,2074461,1602743,346364,5910120,725537,750072,503088,506106,782301,898232,4942
1046207,1458686,1979321,1502552,327825,5643051,698281,740041,506577,577066,1166900,880484,3055
1369931,1265122,1206406,1006804,230886,5748261,695671,728017,499050,552961,1458173,2201814,4322
1743575,1703565,2052642,1380026,234269,4402950,383222,477238,522121,575373,1512348,2378914,6139
2087535,1793101,2354582,1781338,485022,6976162,893441,939019,521935,569983,1488816,3020731,7142
1128316,1501716,2082836,1628385,345082,5934574,722465,746596,519278,571595,1163374,932255,3589
1445821,1248485,1219642,1002992,230324,5861950,701159,732515,509613,565777,1580140,2554381,5088
1687632,1593563,1969348,1528977,227926,4399927,270229,523712,496889,557962,1500670,2323099,5843
1753934,1656945,2064158,1602067,343193,5779032,487888,278485,403902,502197,1547064,2475723,6573
1692702,1817515,2363611,1803479,418353,6357346,895337,952720,515825,576502,785981,1231228,4657
1091903,1310956,1239563,1295294,343268,5873098,718120,748783,506407,558006,1484715,1614630,3218
1735080,1680341,2065909,1283518,123647,4398048,475153,719410,507509,563222,1543425,2498486,6522
1692617,1677489,2026721,1567278,335705,5840696,483633,280885,394218,512470,1556547,2389789,6246
1741063,1683754,2087112,1618128,347418,5823494,720490,744245,512987,505664,782431,884426,4821
1027356,1259867,1599448,1517889,328077,5647411,689678,730764,511427,567662,1554189,871636,2899
1369766,1648669,2414932,1824942,457265,6137305,921374,947199,546688,612965,1162018,882020,3141
1402354,1260177,1217080,1004048,219976,5634052,683233,726104,504692,559428,1509481,2383304,4613
1715571,1661223,2046449,1585415,234367,4470833,268485,521589,510603,565334,1514323,2349167,6130
1812157,1697738,2045331,1549127,331527,5544182,688667,499163,394173,437367,1171478,2511891,6541
1363200,1556973,1944156,1504281,334405,5712093,717158,749845,484437,545200,772604,877621,3245
1408186,1367999,1515608,1295703,340890,6070764,936613,964303,564910,625921,1848404,2366158,4612
2039321,1803327,2338097,1757148,321021,5080044,462427,717104,499883,564335,1558281,3203845,7028
1720673,1696871,1994537,1576648,339680,5815641,713274,530158,424396,444627,1147836,2297339,6020
1825261,1845250,2163939,1691340,347752,6123165,708690,742469,554934,537126,831615,922201,5460
1063278,1346534,1613515,1548897,334554,5581464,715381,750967,535663,585040,1579776,889307,3125
2074857,1759364,2034026,1314159,234880,5177765,723421,746423,584540,641323,1851310,3068629,7312
1777080,1706564,2038177,1562961,336856,5754884,486156,495340,433766,545316,1255786,2510406,6190
1672565,1768072,2000166,1577266,330117,5762044,690800,721848,554401,540608,832734,843345,4143
1098302,1353962,1702064,1629111,353497,5919451,720378,743158,529065,586310,1543329,880318,3284
1739706,1539087,1632219,1059043,128662,5174163,695131,734724,530826,594573,1585900,2452342,6050
2059016,1958033,2455646,1850427,341431,5016975,493307,527406,533083,583071,1843710,3051165,7370
1780494,1698413,2048739,1568917,342923,5649094,705252,735124,457529,507484,803908,1714640,4897
1095192,1617071,1681723,1590946,341454,5801473,722878,755501,557238,606243,1193168,860470,2870
1409257,1375316,1367365,1053577,233520,5797125,680136,701436,519927,581181,1479423,2290742,4567
1756154,1696487,2030391,1556098,231187,4529574,273842,517751,542178,586637,1596967,2535944,6143
2042462,1970149,2474275,1902108,464877,6546501,961110,763186,504217,545151,1222198,2340900,5881
1430040,1788212,2065041,1861902,462041,6194235,924122,953813,576985,644394,1180225,880636,3085
1777410,1769808,2045001,1346614,325528,5174304,707193,751793,614040,678278,2001389,3217994,6036
1732911,1731618,2082112,1591194,237112,5057829,271259,522754,464227,565096,1505547,2365953,6029
1771001,1769460,2044963,1558718,326993,5669663,672936,478826,432893,480396,1236474,2049882,6219
1397012,1702824,2025834,1578964,339826,5864991,721783,754212,539117,593801,797551,879541,3016
1407760,1455624,1626459,1241917,333797,5739359,915193,941759,554850,616097,1824577,2424550,4592
1713414,1583912,1960532,1487482,230345,4842464,273609,517459,433437,539762,1519799,2543210,6087
1675700,1642686,1990225,1549955,349970,5727234,727758,521825,449491,430982,1141035,1581668,5902
1415263,1454511,2032791,1552908,343731,5603695,697610,723423,504519,553551,1147312,867640,3159
1057448,1259425,1627405,1432224,338397,5903438,725363,757852,513842,567240,1553533,1413192,3034
2028315,1742171,2064202,1284300,233370,5185437,729025,753039,582772,636867,1866621,3132635,7555
1740811,1670198,2018290,1553773,330730,5793329,483680,510219,395349,508186,1157237,2487313,6307
1372488,1621966,2006743,1552456,347432,5787975,729148,761852,515561,496136,769203,857138,4344
1064907,1290585,1630992,1293298,344960,5652168,700565,722634,493764,555564,1493278,1667633,3203
1727489,1466779,1609329,1288265,124764,5077283,491180,752491,526141,581131,1569356,2477194,5844
2032660,1827482,2409809,1848660,456900,5821756,693966,510155,463025,565375,1530018,3031187,7397
1767989,1656737,2060092,1564919,328620,5745562,678385,708853,465392,509638,794858,1639997,4819
1036872,1469381,1598595,1536062,338115,5709604,718728,750894,526432,582118,1168057,878047,3030
1713457,1478176,1612782,982875,232040,5550408,908054,934837,527139,593694,1774095,3051719,5727
1720651,1682782,2012239,1555231,233041,5174325,274797,510054,457536,580161,1581362,2512335,6260
1712150,1644400,2019819,1556107,346731,5759712,721861,524609,451811,422680,1117636,1563141,5970
1380642,1536640,1968567,1795742,446182,6155748,898679,933643,543614,618381,1467142,898123,3215
1395740,1450410,1605258,997429,202534,5017503,691391,729244,525693,571726,1538445,2358416,4669
1687987,1677076,1998898,1545864,231964,5024656,270893,509224,448319,555986,1445923,2273655,5818
1765855,1617284,1970686,1498872,326223,5608183,476871,501209,397510,503172,1157022,2451394,6272
1382578,1670569,2010477,1553899,345529,5699921,720244,752852,512043,507604,761146,900056,4586
1415516,1338925,1642355,1291394,341298,6423388,913113,936448,569246,638202,1879917,2457282,4895
1696921,1604154,1967811,1512713,229526,4419455,275038,522926,502063,561035,1572568,2463520,5905
1713457,1673336,1947697,1501570,323266,5696034,562250,509896,384954,492808,1072153,2195825,5966
1391507,1660789,1982262,1526065,331815,5558723,678469,707186,500873,494319,788691,871318,4619
1035239,1263447,1549346,1219984,326347,5652230,694264,725356,496326,549855,1488973,1644203,3054
1739557,1672190,2030953,1278705,235401,5036202,713947,965875,554416,615767,1868985,3206311,6085
1729531,1620463,1954588,1485614,329459,5643646,476566,279750,399596,492154,1529329,2484615,6049
1691240,1635145,1995400,1551395,348195,5708549,724363,758299,513725,494933,765114,872574,4621
1063916,1475780,1594136,1839193,432587,6379537,872620,911088,572458,634449,1693144,887409,3171
1328169,1468827,1598032,999582,232046,5095085,724545,760227,523801,584161,1568184,2401872,4190
1795419,1770562,2093889,1623618,240742,5386977,276475,510950,471180,581487,1508899,2340313,6117
1697106,1701705,2040903,1303973,237911,4950092,726880,999182,564662,629866,1887769,3043084,5897
1834678,1768553,2064655,1581243,345460,5655124,488428,283884,438689,533305,1556765,2462127,6238
1700007,1786323,2033457,1575004,336296,5608886,716921,751633,488656,475981,817099,1638544,5775
1231194,1516917,2075062,1604810,350735,5848364,730075,752916,524525,576683,1177756,881999,3262
1462210,1411527,1269898,1310722,232727,5675021,683252,718498,553818,612609,1595112,1675169,4971
2037376,1859008,2417437,1599586,352137,5156528,493351,514140,513421,638628,1906461,3106358,7387
1808727,1785505,2133182,1650138,352503,5807963,716509,740515,495737,480141,866460,1723501,6673
1062252,1509313,1987306,1536382,335822,5537370,713580,755981,527052,574859,1184633,867192,3007
1383233,1367375,1229051,1017517,234132,5684896,712488,744809,519482,581612,1504076,2296542,4577
1763614,1662792,1950573,1317615,126206,4743086,479049,724503,541756,596341,1585810,2490195,6271
2024833,1945168,2402351,1843870,440549,5807268,700461,514206,489276,536797,1546188,3061571,7394
1411040,1723579,2047901,1583818,345748,5785849,710348,730994,515884,567532,795203,874313,3134
1376671,1484438,1616279,1506877,433342,6123055,904789,959991,501958,564439,1526711,2495110,4668
1727459,1609665,1981939,1255121,125228,4359409,501535,753305,486363,540358,1461941,2291093,5909
2135172,1805697,2363306,1782456,439602,5351093,475912,283556,456948,557141,1853802,3176372,7301
1678285,1792487,2287696,1730236,418070,6145861,894998,946989,528805,549012,822734,944328,4459
1057072,1278997,1223811,1308595,349736,5786953,733722,766848,506171,563410,1496577,1632449,3140
1794442,1530270,1666611,1018733,123588,5188391,689514,729536,528003,585349,1578064,2528528,6773
1682826,1616158,1962513,1528887,343981,5004799,271557,283992,454590,567348,1494974,2328806,5795
1751115,1589278,1970623,1498844,339917,5454662,691278,713034,432655,421442,778196,1639501,6180
1019426,1488843,1950775,1521547,327419,5730197,698738,740158,514312,580070,1156731,863790,2934
1663013,1491085,1597920,1094298,232644,5781944,847474,958433,569509,628095,1809785,2893564,5757
1763912,1653938,2088075,1581807,345865,5083979,276678,289206,453488,568886,1566538,2520060,6437
1693778,1625545,1982842,1521656,335079,5778448,717644,749776,452756,434265,773250,1612651,5933
1360508,1660083,2027102,1562026,345034,5707966,705524,728176,501429,554728,770975,870801,3180
1046435,1282133,1221596,1238673,330345,5629494,697830,739185,502747,567774,1539035,1704302,3079
1995794,1819026,2379761,1548145,232857,5062446,502058,764047,509218,612778,1835147,2994901,7049
1686110,1660013,1996022,1534570,326302,5674643,663031,478583,385423,427749,1142672,1956509,6050
1404400,1672829,1983597,1534063,329876,5745646,704889,739022,520462,583046,766958,867483,3050
1062203,1250258,1218036,1298567,339459,5806113,706358,732593,500911,554482,1469807,1538980,3044
1751471,1651889,2020761,1262366,123519,4418559,475811,722723,514900,572368,1541702,2494115,6398
2027717,1738638,2357739,1800662,556765,6390633,691495,722670,504142,629168,1856085,3699597,6912
1392307,1701300,2058295,1566376,345967,5672218,701379,721464,504260,503921,774740,879108,4829
1045578,1242399,1588498,1410056,333093,5782922,709642,749663,496395,561055,1559332,1466535,3130
1678125,1481705,1627163,1005633,124926,5201460,730016,762513,515750,566086,1507237,2337651,6028
1761409,1636787,2014190,1533807,332170,5076023,273223,285704,449094,553102,1525520,2451382,6214
1686277,1843347,2377894,1810448,446951,6429223,949599,992358,510199,500285,757589,1628351,5828
1039875,1424766,1711327,1361227,350409,6129732,723922,746188,550942,616071,1556487,1645298,3325
1666686,1597699,1677031,1331719,124412,5439660,486166,742147,577523,633493,1643685,2547385,6369
1653824,1830789,2121980,1672208,240418,5188262,275413,527326,567824,632578,1583418,2325011,6126
1696085,1825068,2109047,1639133,343490,5873913,698005,505635,454726,495386,1215464,2456028,6245
1338144,1772797,2061565,1618566,333407,6138874,715941,751796,576467,627017,826706,853762,2941
1350580,1636405,1714736,1356007,351048,6092349,960229,990384,599796,663722,1902278,2391981,4684
1691471,1786142,2104856,1615518,230783,5340228,271108,513746,492581,614036,1619126,2538783,6626
1650651,1748710,2072230,1622364,346093,5988181,727141,521862,499900,484053,1186964,1598291,5845
1386175,1677684,2101373,1630333,349565,6021857,715766,738582,555228,613110,1140425,883381,3247
1043227,1405822,1261825,1332216,311356,5906795,679236,717029,555339,610389,1559041,1591013,3190
1977554,1964508,2808206,1904921,327738,6194242,682376,950258,637517,757571,2241312,3038168,7143
1723759,1834064,2124483,1648160,346419,5879811,698684,505669,504856,478111,1202512,1695255,6513
1366858,1570972,2082956,1601211,340794,5933389,732018,767778,553329,608512,1237662,875418,3074
1349437,1469072,1306864,1377387,238389,5970020,729677,752618,570924,633478,1575528,1640203,4557
1666692,1801195,2068347,1329466,227238,4745736,482915,509473,567947,622112,1605610,2507093,6207
1904693,1962234,2433058,1880415,441918,6707680,698541,594838,520324,558866,1469213,2289141,7308
1348995,1572995,2097105,1629701,349662,5968889,715234,737645,546453,598381,1175417,869617,2946
1039860,1338707,1675417,1344446,336716,6060456,720859,763845,557281,619950,1608079,1642384,2955
1706137,1618255,1745430,1390466,127204,5531231,504676,765101,569742,620799,1550587,2346837,6263
1737303,1740531,2097366,1598344,337163,5208287,479517,285333,473161,526711,1577338,2511818,6452
1668673,1799720,2311562,1766632,441960,6232585,932804,974111,510316,560780,770855,1579710,4284
1755355,1637295,1939096,1484549,309716,5638142,643865,674400,455571,502162,786006,1162709,4778
1041222,1459515,1573021,1517196,336321,5671487,706409,738074,495595,551851,1107183,859130,2917
1428455,1510480,1623620,1007979,232864,4997622,694738,714161,499557,556840,1460820,2367985,4579
1710439,1658450,1991689,1523850,224618,4998885,265697,513416,457318,575044,1565372,2488888,5832
1973747,1874166,2401579,1814709,460524,6216794,953849,761014,506614,430285,1135882,1605017,6696
1427660,1433586,1995216,1821600,445926,6212717,903021,941884,550204,619327,1533089,921573,3389
1860984,1634182,1948128,1260566,235500,5786702,917077,751270,512537,560402,1913878,3074017,6196
1696876,1684066,2034436,1568425,233688,5147513,272294,515800,439444,559352,1469845,2337652,5903
1752603,1677858,2053062,1568539,340997,5821505,701709,510700,462093,440936,1182796,1720489,6514
1372361,1393144,1969335,1529475,345594,5727769,729628,760243,493183,547673,1137888,858563,3031
1414822,1305070,1648173,1298778,349233,6342834,925687,952116,562879,620596,1892900,2472543,4646
1673025,1725191,2033490,1576121,231341,4671642,271725,519602,543340,589841,1588777,2490695,6160
1658153,1777499,2110672,1649951,350047,6161529,703234,520523,434397,527149,1184207,2345496,5998
1374336,1715249,2041252,1543661,329932,5658468,678938,709621,510447,498686,777925,878248,4695
1070608,1331214,1628099,1290479,338801,5840230,716748,748670,530252,585822,1546217,1651345,3303
2114638,1593651,2016418,1552430,237873,5254393,496800,734887,551038,618518,1845321,3130321,7621
1712941,1642806,2012151,1529465,335869,5681118,701419,509684,392323,437287,1172231,2508544,6063
1365488,1651605,1972095,1527218,345488,5670935,716933,749455,505276,558507,762569,873782,3083
1041082,1268600,1274026,1270325,349179,5517171,705010,725215,507153,556619,1524923,1675383,3231
1684358,1469705,1632979,1261820,125100,4936653,449970,714441,503266,570519,1510371,2374216,5987
1715220,1667141,2049041,1583911,349793,5034876,501766,288486,460146,501422,1496937,2360482,5992
1733744,1816327,2402662,1773110,443890,6051262,903951,944668,499125,554291,776307,1685439,4447
1014955,1285027,1208832,1237028,336978,5652630,719153,751507,484226,549784,1504315,1646086,3222
2089995,1817273,2347098,1523243,219604,4511865,484691,724494,534109,599806,1758541,2973419,7321
1762375,1716879,2027542,1549633,328895,5635793,475747,285070,424459,526016,1583513,2478645,6366
1696910,1702970,2013367,1579322,337155,5870801,699992,610100,468065,439010,1032229,1514897,6050
1429453,1490342,2071062,1861411,452214,6263194,906587,945998,569688,631896,1555818,873117,3214
1754138,1549526,1645432,1040960,127728,5185776,717049,751065,538927,600949,1584660,2453326,6243
1757428,1690504,2015265,1576609,335588,5142860,269064,278164,465891,569812,1464375,2304274,6090
1814908,1766441,2082004,1590730,333849,5758350,691090,727583,497245,486636,857878,1730703,6496
1081567,1566805,2021852,1570014,345964,5606743,727666,764047,528359,595571,1171568,892765,3166
1835427,1642136,1704425,1260092,225583,5973753,903501,933732,629009,686932,1919218,2809183,6455
1690198,1741887,2013602,1567739,231674,4425069,271749,512609,544023,603060,1581185,2444363,6032
1747202,1761737,2080111,1624723,347075,5936048,717967,509184,416341,459735,1175987,2320602,5828
1459136,1834078,2109152,1596641,342571,5616635,700783,734320,544471,598699,832201,908856,3370
1076274,1373852,1256735,1283194,334715,5709726,710244,744860,515506,579914,1521724,1621388,3186
2125030,1904722,2439322,1590962,236534,4469219,482606,733238,569784,639128,1873662,3177128,7498
1730912,1690206,2007674,1536844,335500,5710377,704113,515738,421972,452720,1200101,2519483,6098
1402332,1781134,2017790,1572590,347000,5705566,722269,754743,533508,591213,814567,877010,3103
1386585,1340514,1240262,1312322,348160,6256660,896992,923745,582404,641480,1880712,2334208,4429
1715702,1686745,2009208,1287529,127561,4442662,498888,755074,521117,576784,1572924,2437744,6079
1767254,1738602,2079771,1586589,350995,5792379,503909,288950,408303,503948,1499006,2375682,6293
1757934,1840363,2457319,1838673,446670,6178598,908108,947858,573750,575972,1101720,907038,4938
1073406,1286893,1237250,1271050,333314,5625444,714398,744500,517561,563207,1524024,1639254,3284
1713904,1702301,2010778,1266919,123082,4233036,470064,721067,491761,556520,1470402,2355375,5973
1743921,1625773,1978807,1504346,329729,5657615,475433,281413,402808,502277,1553748,2508769,6162
1657236,1615771,2005997,1550149,348204,5740184,729103,764574,498687,490043,772785,875308,4533
1081307,1430535,2004167,1544289,449822,6384248,909931,951935,534492,595451,1530131,1713997,3326
1689128,1465088,1613073,1222828,125541,4995131,513257,762714,501970,566576,1559816,2450808,6057
1680718,1672816,1985169,1534983,330361,5022289,294037,276368,450199,551675,1435544,2254054,6016
1769621,1648862,2019199,1526684,332439,5606529,691973,728329,454024,430103,776465,1694208,6435
1069748,1527923,2025054,1561087,346270,5831359,724498,759304,526878,590032,1164475,887416,3133
1756743,1427457,1619322,1281376,231016,5546853,680932,931181,534320,598284,1811353,3125338,6085
1781199,1576580,1928680,1476873,324857,4956437,479196,283284,454493,489165,1506850,2442025,5966
1710596,1655970,1994476,1558829,451999,6389589,938204,750203,498953,493256,1464245,2320863,5861
1393887,1673235,1987284,1518189,322031,5548459,662103,692475,511516,562192,879560,884088,3205
1060641,1326014,1242708,1550925,439733,6392841,933539,975848,580023,651277,1900062,1594340,3107
2081041,1752663,2394702,1528009,237972,5103041,494285,743268,475460,590282,1845566,3191740,7678
1723646,1632878,1994899,1516568,333177,5678018,701842,521566,455637,442685,1173447,1682797,6073
1371637,1464059,1965015,1511227,337640,5666478,705329,739370,496439,550384,1101345,854879,3100
1392817,1297996,1216452,1272580,230449,5581559,695654,720397,507864,562027,1509227,1650381,4404
1657120,1403601,1536759,1079760,124594,5079064,553935,705946,488418,550422,1475071,2259886,5850
1713534,1690116,2074426,1603286,350830,5158465,271886,281543,457441,562714,1503309,2391925,6208
1774642,1849271,2377710,1761584,423789,6254549,878362,927649,508939,502989,791086,1694522,6437
1067485,1293480,1630049,1304827,346764,5987535,728242,760905,526565,590264,1527891,1593551,3087
1763295,1413587,1620293,1281891,125921,5017138,480837,724571,487085,546674,1500433,2448348,6418
1717211,1667802,2009024,1558346,333354,5108896,490165,284328,461727,511243,1572010,2480843,5998
1700685,1698294,2024878,1554530,343992,5772074,719623,752262,444017,427955,753180,1577661,5389
1065710,1437197,2018735,1543601,443765,6170547,895299,935111,552962,628653,1550330,1685336,3241
1386395,1453192,1595068,998651,230664,5014276,709915,741503,498106,559965,1490552,2318909,4527
1784796,1735912,2094971,1624056,239585,5304961,271682,514302,478528,595056,1544281,2436737,6154
1775130,1691289,2005868,1528082,333837,5618256,700199,509146,463458,454742,1199143,1716714,5908
1427169,1609781,2072119,1615989,352147,5739354,731591,762612,534528,589223,1156584,859300,3149
1670761,1724325,2017064,1550975,345839,6301252,1104427,1146063,620155,693185,1904786,2483727,5668
1730628,1826735,2073196,1622534,242243,5384739,280950,499108,508799,631128,1620840,2423597,6083
1727773,1758189,2035709,1561552,341408,5660258,710164,509972,455089,436147,1126939,1610304,6064
1425726,1806215,2042744,1568767,333589,5806476,695515,736458,553178,537001,839491,897740,4536
1088510,1365690,1644799,1305636,341496,5828373,712649,745476,511112,576845,1501391,1562911,3024
1819377,1554063,1662385,1318435,127414,5041022,482542,715485,530735,585552,1524892,2400693,6126
2055967,1890721,2379392,1807263,442997,5695252,706376,523079,474096,536624,1578694,3269939,7105
1404439,1776952,2051846,1601657,331994,5887503,687114,720098,534662,538080,809755,918511,4617
1118336,1491284,1749614,1366593,345108,5896892,705640,735431,585975,639997,1653489,1735565,3312
1664232,1556346,1667947,1314733,125584,5211780,499430,762240,541186,595792,1580969,2419784,6005
1681674,1758265,2082233,1609389,348411,5211919,497390,279622,473228,518037,1512325,2393319,6209
1667256,1871775,2440009,1834919,440436,6428038,915103,967696,528773,596911,808281,1696758,4698
1011876,1397499,1284149,1331401,348443,5957987,729011,761898,544751,603256,1559695,1626691,3118
1691951,1570271,1764134,1344173,125359,5120508,457392,699922,551454,599872,1524353,2360981,6394
1653591,1830891,2072596,1628451,335245,5357313,493114,285511,528084,572389,1639089,2475086,6083
1654609,1826547,2124436,1656293,349323,6114464,730208,763637,506295,552480,826223,1617229,4659
1364735,1821004,2088697,1881221,553094,7280526,1115026,1165342,672066,680199,1600746,1701971,4584
1644584,1811401,2041408,1317990,123929,4706495,500304,761255,574046,628209,1615763,2419713,5729
1700539,1863254,2165165,1703038,354513,5728679,277206,289458,524010,634616,1592757,2442944,6413
1662958,1822480,2038493,1582806,321672,6028983,679574,643038,505397,482283,1007038,1617463,6363
1330167,1643915,2081925,1639025,345592,6030861,719510,750393,580351,627363,1192461,860363,3243
1671539,1646235,1695725,1350926,233779,5886061,915283,954371,612293,682863,1971984,2504157,6119
1655361,1780708,2078121,1599002,337755,5386842,272558,283286,514890,630580,1616386,2436033,5999
1675273,1810844,2107679,1638830,350123,6142545,729464,756042,498445,477560,815593,1635838,6029
1043778,1615533,2112343,1625239,340089,6209986,708073,739813,566236,629326,1254970,927152,3374
1323899,1408484,1292380,1208591,234859,6127401,728634,764313,574095,629605,1607213,2212701,4542
1661961,1894732,2127634,1363108,232319,4781204,493989,510895,565610,616654,1558126,2396944,6179
1997701,2021236,2468872,1865880,442249,6604497,707218,747056,511460,561496,1228492,2531198,7459
1083196,1623780,2099462,1641889,345827,6080026,718041,751089,565524,610641,1177287,860395,3153
1403548,1357434,1273394,1061631,233467,5925083,698008,729003,540989,604155,1583442,2514887,4785
1933204,1925992,2438368,1865200,337211,5252519,496436,520789,551412,610897,2008371,3224775,7042
1688899,1818265,2103575,1633819,348517,5998863,688074,514370,425721,518962,1179450,2358154,5750
1359223,1740248,2451349,1852704,432667,6561683,886702,927752,621035,619283,1220853,885069,4399
1340056,1688197,1703054,1653792,447934,6907864,736088,759148,574406,702226,1925121,2294326,4590
1753125,1806233,2128102,1360363,126399,4749063,491772,734575,556765,622106,1593499,2492439,6350
1663003,1764662,2075347,1632833,338658,6097339,496712,286465,447909,560226,1635698,2492279,6142
1684636,1764644,2080595,1610379,348495,6001690,729667,762912,534131,519525,792945,893130,4704
1016638,1410908,1651829,1584004,415874,6451392,886986,927105,596919,655477,1902388,1608748,3411
1576740,1725564,2039828,1319399,126104,4583139,502408,764706,541359,594961,1570628,2396833,5696
1638140,1732575,2091654,1618564,349981,5967652,496844,280276,410684,510728,1515601,2365057,6126
1701217,1662545,2054451,1574637,334765,5883820,699711,740362,527757,521269,808493,885637,4891
1023468,1351160,1671759,1619891,353395,5954225,735206,767158,544238,595435,1554864,866277,3059
2075013,1783599,2127468,1346132,238236,5368295,710803,734004,612209,681997,1965750,3277910,7904
1629283,1793288,2016102,1590599,320873,6126264,463068,370652,453822,562225,1471427,2397405,5950
1665095,1844045,2133453,1664741,349816,6177239,728821,761706,578311,560168,820325,868225,4491
1032287,1382206,1702190,1639916,337457,6009100,691566,723165,563087,624218,1596737,853675,3011
1669540,1572287,1677890,1067995,125107,5326599,729482,763092,560126,619040,1595407,2415627,5904
1738881,1776159,2135854,1665370,350893,5532394,267560,278246,499218,618206,1566936,2409710,6195
1984662,1976447,2458608,1852028,439207,6535369,926342,750238,511307,558000,1223799,2512594,5895
1339415,1822127,2278955,1877754,437715,6045775,698683,729526,624603,676670,1494000,1528730,4160
1402028,1416515,1298401,1082053,233848,6006000,698678,729899,571647,627293,1610485,2510435,4762
1673031,1833569,2100833,1645885,234777,4900175,275006,516370,581646,635856,1628529,2414033,5915
1665299,1847955,2117246,1656966,351256,6118690,733884,520128,449101,494550,1222465,2382276,6109
1322626,1838617,2106973,1896561,443296,6602894,915780,961939,621222,689556,1226231,890563,3216
1351454,1606817,1679373,1062125,235032,5367691,725424,760017,546113,604332,1579436,2389333,4418
1698535,1813831,2119235,1639269,235567,4826056,268994,511225,543673,599603,1558110,2460502,6271
1672311,1765817,2049096,1609729,335443,6012820,495767,284661,437153,554360,1625397,2476019,5938
1657723,1788763,2103488,1649259,345971,6261301,721519,752492,561654,544903,822538,867329,4368
1410626,1448470,1738614,1654793,342944,6697677,919598,960346,625160,695742,2007355,1705589,4748
1655147,1778196,2077166,1342889,234565,4800629,502029,524462,570660,628656,1603608,2390325,5861
1723873,1802877,2107714,1628612,349922,6011357,490942,507513,434461,549388,1184278,2404892,6006
1464422,1741629,2074396,1603272,335978,6021455,705364,748506,549150,539458,802941,880918,4654
1046041,1347091,1667194,1596976,344780,6118294,719362,749858,556350,605629,1532752,887953,3200
1712446,1575642,1691012,1069921,123848,5354372,704219,729487,549070,598555,1575379,2489695,6159
1950444,1908485,2431142,1846387,339593,5389425,496780,519522,543630,605519,1979835,3182455,6989
1671936,1788262,2131218,1644840,350666,6125413,729712,751949,488241,530365,807120,1632519,4601
1375606,1613203,1682605,1607074,334667,6697450,899458,951517,636151,706154,1611798,1656553,4622
1339068,1545790,1630240,1070824,237218,5465321,730213,764190,572356,633645,1599469,2371330,4471
1639341,1868931,2098608,1651035,227004,4822997,276967,514898,563706,612427,1553125,2370962,6318
1995559,1969024,2436993,1874743,440963,6563581,934713,754363,509174,558304,1246563,2512415,6119
1006400,1657890,1687281,1626511,350283,6060080,729540,762695,554784,615970,1172865,870239,3045
1378956,1638668,1706177,1067532,234254,5293837,698669,732416,551041,610003,1595252,2491414,4681
1680182,1760045,2062873,1609868,232170,5408062,270976,521418,500097,615436,1614766,2427684,5960
1682783,1811876,2113792,1644190,349637,6065367,726767,513589,504096,487710,1180224,1647535,6111
1419061,1774982,2062077,1868156,432107,6646432,891546,936261,620646,680189,1343057,911982,3302
1337090,1677829,1716642,1095251,237801,5551512,722853,753479,591779,658170,1607308,2357259,4663
1708812,1803503,2109862,1644344,237285,5339145,267035,506053,503512,617001,1584602,2451626,6146
1663408,1761585,2064342,1606654,336476,6108377,713923,519547,516135,495312,1230738,1681324,5934
1338403,1627440,2118979,1658654,349936,6149987,728124,760357,560175,609493,1166586,866275,3122
1404660,1359740,1695196,1326685,338176,6539258,912114,953741,615913,680946,2009650,2518153,4884
1592631,1837561,2455309,1734808,343904,5341630,567480,726923,641047,706052,1951604,2301050,5685
1760054,1808520,2114368,1634709,344216,6056670,481820,499006,450134,546068,1190677,2407537,6334
1376049,1765462,2056708,1586587,338085,6085939,708897,750841,566819,555488,840155,914923,4543
1024434,1456495,1705894,1618665,453482,6592092,940181,984790,625095,681313,1905142,1572347,3094
1705600,1610861,1725831,1374402,124757,5364061,486185,732915,564508,623644,1602344,2491523,6285
1966038,1924479,2446413,1878872,445557,6020622,725113,526711,478968,522490,1594002,3232986,7342
1338628,1793430,2099824,1643947,349464,6057119,726026,755879,553377,545171,824528,880526,4092
1045144,1633709,1682832,1600897,329700,6092595,691477,731922,570167,628965,1219133,891593,3290
1354685,1585410,1676911,1060290,237983,5497654,731287,764111,575422,628626,1579813,2342662,4310
1720420,1818704,2121226,1653222,237764,5296126,268064,503694,523549,624772,1576066,2458666,6105
2026676,1921985,2428997,1862351,442520,6580444,937241,755793,557034,555303,1218553,1663750,5629
1038104,1442544,1729432,1666823,353077,6195800,727513,760146,555464,607082,1553046,925092,3377
1586749,1662176,1708675,1061586,136057,5289899,699997,729798,558621,614501,1619297,2530641,5691
1627733,1836931,2090175,1634424,236963,5399490,267209,508785,521563,650553,1632214,2429201,5990
1675901,1830457,2119237,1646694,349578,6175384,727149,510641,502695,489582,1193867,1647930,6205
1332400,1593772,2083161,1892824,440819,6707386,914092,968426,619478,688870,1610963,858331,2970
1622973,1565865,1653366,1047002,123723,5310715,727842,760267,549153,602981,1552182,2322854,5453
1707222,1793942,2137019,1655352,352549,5417647,272449,285084,496740,606420,1553287,2441154,6055
1678403,1757675,2041627,1593348,336467,5973200,718205,754461,496753,473918,821750,1653102,6028
1279358,1612283,2472118,1915690,439480,6894804,909508,949313,622051,684283,1525475,889860,3215
1674341,1627654,1693597,1343488,233436,5933648,907836,946716,618842,689855,1991022,2520577,6314
1054271,1481838,1339585,1408851,350586,6398077,730377,753301,585143,638878,1574692,1644104,3213
1690821,1848679,2113607,1357064,125234,4777096,488250,742124,578549,637449,1640023,2537952,6413
1654508,1811746,2089341,1643503,347962,6210986,500828,282172,455674,568115,1596496,2374624,5948
1714253,1798423,2140685,1664601,350927,6008753,710506,733222,556750,550442,829670,888102,4729
1050465,1540937,1642027,1594980,321920,6101664,688694,729835,568671,628174,1357514,851633,3061
1691416,1738075,2072274,1336912,237638,5462830,719682,990981,609155,672476,1880525,3036331,5786
1709139,1799681,2141578,1639414,344695,6042857,489948,285272,457913,564919,1626530,2524384,6154
1631508,1838949,2094369,1644823,343028,6234049,735971,768845,592077,577084,836791,872035,4466
1013506,1644657,2121256,1645712,350475,5993015,714009,734919,546688,601953,1203165,899549,3273
1366067,1401490,1269103,1054621,229241,5903423,704467,748037,571971,629478,1645719,2513121,4623
1921993,2004029,2458849,1727067,348921,5318815,337623,491715,583932,696872,1902578,2954803,7233
1646603,1863298,2119416,1638954,341567,5975246,694759,725484,512835,497358,848150,1675422,6223
975987,1579032,2062380,1604153,338776,6029542,723615,758814,565539,620074,1224235,843948,2964
1375269,1418592,1271226,1062016,236497,5944843,726489,754097,554915,600719,1534882,2373404,4570
1703720,1765648,2083660,1594040,229903,4623450,273428,510067,562032,615271,1605007,2538651,6245
2214769,2206228,2844581,2185521,558726,7440435,956068,760752,521608,579370,1592450,3064905,7706
1356907,1889919,2131186,1641979,348384,5936223,704247,728376,572965,633567,840051,881408,3179
1026836,1376915,1290358,1343816,335029,6155881,716207,756810,565170,625922,1609696,1668640,3062
1688063,1779407,2102542,1349874,126065,4809945,499542,761245,544418,592718,1538772,2350392,5952
1705746,1799420,2120527,1628727,336313,5975473,486244,283811,451448,559326,1606115,2488981,6404
1628221,1805906,2070237,1626157,343643,6096133,729084,761959,571412,560155,816761,847445,4236
1298036,1404615,1689169,1630138,360773,6682565,949217,974561,597300,664702,1907341,1643357,4135
1677994,1786865,2054428,1312632,125538,4797795,482829,717014,563056,619831,1577310,2466914,6094
1690334,1811408,2124587,1658303,353186,6101219,501958,285270,463724,565231,1588236,2357958,6090
1684319,1869132,2140048,1661775,344303,5972167,697181,733003,518882,498919,835225,1716682,6456
1024399,1580566,2065845,1605668,339065,5956381,726536,760035,566011,619884,1224227,858958,2950
1691697,1610000,1691959,1343167,237621,6045535,730733,988934,604515,661569,1892159,3143303,6032
1696737,1806246,2062590,1579294,336330,5395287,481020,281135,497001,556417,1601457,2532663,6259
1602673,1816031,2045498,1603472,333393,6063053,694382,725687,502774,490144,818092,1601467,5545
1056036,1602781,2135248,1847189,461442,6192630,929458,960513,563847,625246,1522639,901275,3279
1330995,1401096,1258994,1060111,228838,5967730,712668,754888,570304,625637,1622006,2496644,4471
2002451,1962250,2504415,1930393,349197,5539345,500342,523350,571180,620848,1929590,3037994,7283
2053082,1789050,2123216,1627109,339917,6779096,901919,716086,578760,565613,1598770,2453106,7566
1341142,1613972,2090197,1632459,346050,6166458,730246,761555,581788,633473,1208325,885531,3185
1114201,1453358,1314203,1376274,289923,6176394,692978,713933,567086,625636,1529501,1583360,3586
1687363,1837283,2094655,1347804,124873,4777068,488479,749089,584212,644007,1643770,2536043,6236
1980443,1938098,2475930,1914788,456875,6790349,729221,520900,506158,552096,1558235,2288756,7172
1387121,1569485,2066704,1606257,336447,5925855,680574,709353,544886,601791,1161451,882954,3156
1373326,1276870,1246933,1282395,227440,5729041,700642,736973,504287,564414,1529443,1631889,4418
1742180,1646696,2032841,1285834,235447,4440786,486631,507080,494628,550062,1462684,2336349,5999
1755451,1649049,2004463,1523291,317697,5258033,390284,285441,447663,554630,1490983,2431870,6800
1665205,1618242,2001721,1546909,343786,5842938,721164,753618,429633,420516,758169,1624693,5977
1084348,1492966,2064260,1601796,456821,6353859,918367,946585,575776,641453,1545341,1656653,3109
1701200,1374851,1566139,1244138,125303,5101124,486072,750840,496168,547211,1535264,2451326,6070
1681818,1643415,1994987,1546798,340675,5072748,492772,284240,439682,487308,1435558,2272170,5846
1759986,1645640,2026716,1539936,336727,5659177,688352,716809,453652,496822,779735,1672373,4830
1036548,1468579,1753499,1535297,341570,5791256,727533,760304,518351,574716,1156634,854468,3006
1722778,1473665,1595708,1260569,233258,5726339,715452,949247,551067,611201,1806397,3059777,5942
1689805,1623696,2322180,1742190,316800,5562179,454627,703766,495141,624114,1866538,2480981,5904
1718170,1608980,1948872,1515424,338909,5692287,709794,512640,454345,431717,1113861,1562711,5825
1439268,1397252,1991742,1537075,333914,5618875,675971,704048,488782,542126,1140460,910785,3163
1349712,1321374,1270166,1321068,232938,6094174,729702,760492,542400,604984,1606715,1658733,4644
2010211,1961438,2508548,1621308,338091,5347693,500755,539539,531644,639879,1879163,3103551,7623
1676088,1777128,2073310,1604514,333002,5993074,690276,517580,502464,479509,1198670,1669273,6452
1322046,1592986,2038959,1595193,344274,5850051,725466,758220,548292,606922,1178800,857158,3053
1013347,1435130,1675381,1340097,348305,5941414,704175,726330,555207,616615,1579266,1667053,3192
1686265,1569378,1659358,1340359,125924,5384273,494958,761736,566640,619700,1631614,2483948,6051
1651006,1847423,2128479,1664300,353101,5500244,502668,285863,501215,546907,1543862,2356403,6027
1703229,2028502,2518491,1888607,449159,6435315,914423,955503,573427,603882,829860,1687852,4942
1052759,1410187,1591334,1328530,329098,5904099,695825,723762,565738,622558,1557817,1626506,3033
1717394,1605186,1716970,1373020,125030,5446753,489566,740651,556836,615382,1572381,2439764,6367
1683315,1776591,2080206,1599003,333011,5288999,483323,281512,507677,555780,1615914,2524654,6064
1652924,1808839,2086564,1621967,348450,6074566,730628,763516,518478,568468,843422,1609675,4512
1023987,1614571,1680064,1610071,461890,6531199,926753,954680,607255,668798,1566324,1674493,3054
1675764,1717400,2025316,1332050,124804,4748259,494166,760459,546823,606069,1612053,2467828,6033
1660620,2030794,2480387,1922112,439387,6297065,713757,506903,566521,618250,1509569,2236008,5863
1717968,1853260,2145389,1644417,337768,5950241,692990,724518,505257,549739,824130,1725623,5145
998733,1697708,1733570,1678689,347866,6371692,733561,766500,589226,654615,1255199,874898,3175
1699593,1845110,2122063,1367979,237817,5380779,720545,976731,614878,686569,1933782,3198968,6187
1700073,1790740,2069279,1584485,334427,6042319,487681,284257,455916,554170,1619671,2526007,6086
1639170,1831351,2089094,1656199,348846,6190960,728129,760793,578681,558495,822536,855319,4374
1221387,1641082,2150844,1678223,344814,6169059,699725,731767,574102,630373,1229217,875362,3205
1335797,1451997,1317309,1352873,232950,6101644,718100,752499,568823,626366,1606558,1614569,4516
2041917,1996648,2549309,1659888,352297,5519480,498425,515995,546194,667681,1904789,3167137,7887
1688443,1817154,2098179,1616001,337576,5990604,704041,741445,495303,480211,838174,1726121,6410
1018520,1625357,2050643,1603205,348282,6057002,729864,762652,555450,610378,1186476,853348,2967
1350811,1456192,1309872,1103193,237587,6094604,710205,733562,573390,623032,1584806,2462941,4584
1666023,1831618,2087770,1511183,229204,4710390,294697,516881,576117,629783,1624816,2500791,6087
1686550,1827286,2106419,1650306,343862,6171089,487060,509009,456909,560373,1191236,2298294,6115
2048419,2276749,2933606,2176711,446776,6537186,911302,1177077,627186,702318,1232871,2509545,6113
1023357,1404174,1262800,1311996,342717,5884015,730054,764372,559989,613655,1588663,1635866,3100
1721008,1811541,2117191,1356347,124841,4806162,494294,742368,562294,618927,1554108,2428544,6125
1987882,2013905,2459329,1877610,434500,6700347,694756,503648,459965,561720,1618659,3270166,7238
1662664,1784635,2100182,1649202,349713,6129111,727919,761234,531176,554207,813888,944707,4589
1010603,1656479,1731975,1663695,456827,6806705,917956,949956,615154,683549,1610178,1677350,3089
1639028,1798396,2073510,1349658,125350,4724703,494941,761585,570613,622525,1624915,2428207,5870
1676680,1900979,2150123,1669105,350350,6219839,502929,284457,451032,556955,1546493,2365315,5970
1767729,1792309,2129705,1637285,340092,5976581,699011,730403,560259,555199,814861,896467,4910
1026036,1446697,1703334,1627799,344361,6068298,731384,762475,567086,624482,1593621,883739,3254
1973318,1845461,2086425,1344003,153274,5469963,716051,882882,609696,674651,1887719,3132382,7433
1718416,1810519,2108798,1618149,336963,6045639,489063,288137,460837,567487,1654756,2581385,6442
1660854,1827049,2086043,1639338,346052,6032605,718718,750955,574000,556872,822313,838454,4440
1055343,1403734,1698163,1644376,347381,5986949,702242,729924,553097,613078,1590293,903015,3365
1673839,1592651,1691098,1092405,124977,5405043,717958,756802,571530,629985,1621077,2465439,6046
1990317,2014510,2528197,1929639,460900,5910353,492491,517696,504770,611048,1549540,3090979,7264
1636325,1798320,2053674,1611257,220669,4725504,273509,524275,563825,618505,1548927,2284955,5757
1698134,1838256,2127577,1659880,350186,6071315,719252,510101,432987,479178,1181877,2423651,6270
1348461,1753602,2044458,1572366,331250,5943301,696555,737767,552963,612624,812182,886455,3098
1324375,1456469,1313328,1364581,349630,6710680,941632,982771,618032,673490,1900169,2250240,4473
1705796,1812938,2097571,1349123,122964,4727399,483766,729671,561367,615232,1581154,2487738,6173
2011403,1958967,2474324,1910690,443945,6714492,718214,519481,516250,573827,1647623,2479202,7484
1306579,1824885,2138987,1664251,351901,6196368,731110,764003,567801,619732,1050376,873953,3103
1006688,1438972,1305252,1364069,340874,6009435,702471,734506,561180,613169,1608968,1680099,3245
1624872,1789274,2074161,1350006,124805,4829339,490358,749875,557364,618400,1582088,2360234,5845
1684017,1789865,2126079,1644200,350380,6077880,494235,277485,440713,556370,1555675,2416500,6104
1727998,1697084,2442794,1842290,440805,6572969,921563,977314,607671,600232,1203943,865533,4410
1370697,1453182,1300632,1354665,239037,6049046,729742,762299,558809,608410,1559664,1598680,4618
1701154,1839501,2120887,1355753,224511,4696958,492137,534256,564369,619656,1592967,2510227,6337
1628699,1813050,2047165,1594672,335081,5974224,495962,283245,440706,541544,1609443,2445320,5776
1658547,1911047,2125576,1657554,344632,6193115,717859,737575,508857,492574,823466,1574014,5961
5214858,3037745,9418886,7400562,3626733,20275607,6727145,6702279,1035761,1483270,8573782,12776916,18381
5638947,3158525,7335010,5122887,1464186,11039056,1655615,1480092,738089,960995,5305427,12156765,30596
2233684,1439534,6428870,6242707,3051104,17956402,6866509,7199265,1038028,1299873,9122353,5334895,11257
1542759,1235760,2090121,1491744,247742,8568527,734535,753929,565161,654803,1728831,2761026,10642
4616911,5044099,9755302,7828906,3740034,16494372,7542338,8776394,1538228,1929470,14020984,16829344,23374
6281546,2994968,7931761,7538802,3383579,25004737,7774622,6186421,983963,1279503,11001612,17767439,34242
2326420,1985703,3228274,2340686,348634,8387781,726250,759335,647494,723554,2533402,4177167,13508
2288750,2068985,3125543,2341717,701790,8028911,488726,513171,528099,650227,1856322,4521631,11010
4217761,3699669,5886772,4924462,1691373,10808454,4276658,5120809,699435,803621,6160189,7894513,19036
34889992,25202902,50692215,31802877,16349194,44429314,33101075,38006699,2936272,4202786,51323851,99494127,111746
5625691,3017350,5910926,3552187,1893551,6682470,3861132,4048495,286110,385492,1973961,12253975,15300
857192,306756,1238953,623101,372529,1745710,737206,772608,3004,35265,897662,2151719,3848
768479,266930,1113130,476491,287386,1516483,560668,587838,3399,28176,677528,1959651,3347
771701,326607,1117572,475837,287364,1502620,560565,587745,3022,28750,676006,1951567,3166
773327,272994,1116491,475903,286684,1505035,559316,586425,3054,28938,675665,1939619,3250
597680,195185,864950,473013,288278,1457831,570419,597226,2908,28002,677655,1505215,2646
868969,349040,1258300,609539,369040,1678530,732661,764858,3708,33700,890180,2103862,3347
733324,249043,1060835,469889,284674,1475645,561125,583117,3176,27146,670339,1842339,3009
743088,260810,1075148,476670,286074,1483042,564187,586119,6424,30497,678062,1874838,3002
839193,308191,1215241,615870,371838,1682052,738768,771213,8042,38125,900145,2120235,3411
749767,283042,1085058,470407,285436,1494183,562797,584582,2318,26854,671699,1887635,3002
763826,260037,1109833,482977,292235,1524202,575846,595139,3419,28205,689965,1940107,3156
858830,317520,1241800,622741,365587,1788097,726206,758224,12963,43164,888489,2164362,3373
2069491,5032264,2993702,813819,199946,2765902,365590,258059,133454,149060,874162,2085275,4360
58320,38009,84678,53811,23317,159868,48446,0,0,0,63391,135095,111
54240,34633,78511,50367,21491,149884,45242,0,0,0,58554,125663,108
48720,28076,70491,46072,19147,134894,39981,0,0,0,55325,109291,125
36160,18376,52421,31425,17138,109415,35840,0,0,0,40925,93200,89
35120,15926,51128,30010,17386,111156,35837,0,0,0,40581,93782,110
42960,22449,62086,39105,18575,120438,38525,0,0,0,49479,101396,102
35920,18641,52087,32579,16321,105625,34048,0,0,0,42081,86748,86
228560,593038,330661,240279,78492,474725,161508,0,0,0,284000,430106,559
35572066,36123714,52167086,24044860,33522150,26842627,62489848,64704396,9269051,9215090,49442184,155199773,24531
83920,689617,121414,104481,13632,0,0,0,82862,83018,119356,104254,118
50116142,3091244,72443319,50126298,11321209,114422331,21577173,26655546,622531,1234846,56814210,93025078,61170
54969287,1749361,79550573,53732316,13054852,131951803,24834155,30816802,232997,833747,61622684,106523586,67302
54818515,1603152,79328986,53531082,12969652,131668850,24634127,30545425,184095,802636,61396040,105919703,67102
54849204,1617487,79359941,53455051,13088774,131912632,24938910,30653629,169697,765290,61270988,106369180,67952
53908685,1524467,77897362,52648352,12658367,129689730,24161365,29982623,143557,724102,60262910,104774131,65689
54777272,1753390,79303921,53456575,13062326,131944104,24813485,30735537,233683,835078,61367599,106789584,66547
54781581,1674523,79208361,53473964,13049194,131822452,24701632,30461816,227396,822013,61243894,105606300,66650
54844410,1676166,79384834,53452933,13001879,132032401,24805053,30739743,182016,798691,61311180,107980354,67780
54485899,1608938,78865161,53214081,12991262,131595838,24844560,30739828,159657,752040,60940766,107399891,66523
54389619,1641280,78533881,53215082,12781412,129628780,24231002,29880657,189664,782192,61131349,104446993,66927
54767009,1639144,79278042,53538216,12996729,132509035,24674108,30588404,204786,793634,61303793,107267501,66496
54860484,1669314,79374804,53602939,12992528,131877467,24684460,30757095,198217,795952,61421519,107316831,66068
55896105,1705431,80839901,55067954,13095690,131773166,24776544,30550408,228135,846670,63059281,106872605,66787
54814475,1708819,79416093,54121859,12772345,129399570,24382827,30185983,272828,854197,61767193,104505565,64920
55119884,1866520,79775924,54032055,12981624,131572652,24641589,30524453,296628,905607,61636979,107427880,66355
13215061,3554393,19090100,13575534,3188640,31730218,5968997,7496126,481313,652009,14189438,26235474,18416
