cpu_clk_unhalted.ref_tsc,l1d_pend_miss.pending,cpu_clk_unhalted.thread_p,uops_retired.stalls,br_inst_retired.all_branches,idq_uops_not_delivered.core,mem_inst_retired.any,mem_uop_retired.any,memory_activity.stalls_l2_miss,memory_activity.stalls_l1d_miss,cycle_activity.cycles_mem_any,uops_issued.any,br_misp_retired.all_branches
45460229,32715286,77324003,46740554,28110167,145107522,51816378,59385271,6813099,8073699,59924769,193376353,270203
95280,43960,137685,76657,54672,301695,103375,107525,0,0,0,285906,262
1754960,253272,2539467,1901687,374627,2851095,808414,947772,148940,0,0,3135836,699
40999155,86408212,59370408,47314251,7121355,63940017,14366170,17269577,11083741,11382508,37818002,64492237,38625
37398908,30605707,51287163,35634518,10271698,77090386,15889525,15974491,2348646,3074437,22424662,61943614,107829
23002024,2882256,33547933,25310001,6107970,49292386,11628715,13127458,753307,1177292,18645556,36234203,19505
22737718,2359355,33066559,25186127,5799091,47092083,10981511,12353851,445049,884468,18234117,34539157,16067
22952426,2031440,32971160,24900239,5580052,46957077,11031752,12434095,292605,709495,18131893,36099613,17850
23140103,2046468,33443203,25187466,5979867,46936054,10907228,12261348,280189,693842,18139636,36898972,17757
22993564,2066280,33286989,25092912,5874165,45986434,11148621,12538991,302462,695432,17713525,35167738,17533
22644671,2006473,32991053,24971537,5866533,45756321,11167410,12554358,281684,688056,18072529,35102261,16551
22895554,1973235,32900452,24768850,5657544,45577479,11190726,12589187,260655,654461,17997003,36478085,17937
23004943,1936040,33179240,24949114,5898247,45553688,10821788,12207297,202670,617423,18106655,36790975,17900
22918095,1904979,33173875,24991865,5895529,46057192,11206477,12611813,207404,621436,17613194,35741110,17395
22678036,1914639,33234555,25028316,6021880,46336773,11390358,12785292,228977,623863,18140002,35951819,16383
22946059,1849090,32978687,24790267,5681785,45312780,11224494,12621741,202173,588059,18101739,36654048,16819
22919778,1899196,33087650,24807782,5951271,45028698,10890621,12296954,198202,578929,17929475,36802193,16539
22905572,1944407,33051765,24792734,5927358,44848635,11283188,12703994,203478,578914,17590141,36084715,16627
22593034,1825714,33055858,24819542,5930011,45320668,11288152,12686433,181450,560389,17735163,35308183,15559
23148710,1908167,33234386,25003775,5946128,45546452,11482089,12885501,173756,555087,18312476,38164754,17087
23076547,1814712,33302168,25009241,6033714,44948234,11071327,12264595,169502,555486,18150311,37610654,17177
22877330,1774473,33070238,24906675,5927644,44947328,11260341,12653088,154037,529465,17386695,36118373,16290
22620983,1801410,33129072,24975272,5946754,45006282,11288567,12695770,165799,553225,17646984,35514925,15719
22729022,1775114,32708417,24776072,5819811,44900776,11284962,12694602,159927,542241,17917284,36910516,15572
23023671,1817248,33291982,24987694,5916875,44700300,11058174,12446791,161554,550892,18054644,37303840,17008
22960676,1822488,33184328,24962503,5936918,44920270,11281465,12690425,154311,544654,17366944,36319347,15979
22544097,1761423,32893006,24964444,5912763,44972713,11263921,12692875,147511,531212,17554879,35281763,15481
22678715,1790997,32751247,24859075,5882797,44964915,11279198,12678798,161592,545835,17816319,36111289,15156
22847666,1796974,32965409,24776563,5699689,44319289,11048436,12679925,157396,547809,17862815,36817985,15981
22967323,1734109,33220673,24928758,5967244,44862894,11104990,12266062,141593,533922,17789520,36995178,16984
22895785,1842270,33313341,24991662,6033732,44913141,11438450,12864972,204702,582685,17616169,35408590,16424
22702978,1717351,32644192,24741691,5835337,44785703,11323008,12725176,142541,523796,17833915,36165478,15931
22857486,1731495,32979528,24745909,5830478,44136328,11082828,12476498,151933,532001,17811055,36968850,16551
22868869,1691697,33052711,24892782,5918670,44701064,11074365,12465108,128837,516937,17628364,36936619,16569
22874472,1732918,33086088,24879905,5959269,44618441,11316845,12778285,163089,541651,17371901,35603742,15267
22867537,1750479,33001541,24964376,5965349,44975394,11507406,12907026,170602,543889,18093761,36319328,15905
22914583,1787064,33186924,24809880,5939201,44013945,11089670,12512554,162596,555277,17989075,37496578,16674
21229812,1481983,30491427,21248114,5754629,69584824,10274529,11388676,159136,484533,14945516,35901162,88524
637325,459299,1153731,752248,382587,2895933,760441,788534,132304,141516,538280,868127,4693
478068,537578,992031,689796,346148,3522329,683166,709832,208356,223847,875827,1298949,1853
979655,323223,1014486,460366,206659,1922814,613103,626322,107275,134918,1040849,2815449,4453
6467046,1229269,9591661,6425317,3193307,28238721,3939136,4431928,223027,506739,5907270,14966919,23966
11530121,9286819,16637199,11020566,3382074,31633976,4970639,5959674,1206511,1432147,8742272,20446197,25964
11035015,11527461,16101145,11511071,3215806,29828635,4684720,5726477,1758699,1866574,9487291,18863911,14635
10717494,12872812,15740447,11317949,2867340,27937356,4326409,5588082,1661924,1903677,9552765,21230595,16656
11596359,9612526,16285509,11659641,3344275,30552738,4566539,5382648,1601833,1343011,8959097,19767460,17483
11302663,12616444,15860301,11292767,3220913,30591658,4801161,5601913,1607280,1890598,9118090,18831544,16059
10339061,8935033,15218646,10993576,3122674,27783487,4465950,5411043,1138709,1358064,8920393,19489528,15242
11519416,13996998,16427521,11823628,3115085,30816540,4703820,5831650,2034237,1827440,9068389,19371042,16758
10604894,13187993,15937433,10981722,2985344,28830295,4107647,5306317,1627425,1917463,9694582,20848560,17154
5429306,683946,6999755,4627937,1748661,14713433,2553122,2760675,531575,607457,4019006,9914421,9323
581802,240380,1075233,762919,458167,2910555,853999,883325,92827,119306,825929,711658,2451
27858893,4509142,35408398,18741694,14012570,99653503,30907968,30723214,1313477,2033677,33706439,98027770,157962
24044091,1251632,34839906,22256624,6875541,123607743,13405691,15002471,110207,466125,17991803,44845751,192525
27404458,2234528,39245222,23931107,9206912,122512809,17611125,19409515,307690,739148,24067508,61532205,183132
20863878,2609881,30021068,16617037,10081794,66720827,18381346,18868717,513581,956811,23544537,61956229,77373
16167935,7686605,20994946,12696643,4390854,43010456,8848978,10601685,2611292,2390791,14127652,33740732,44190
11591516,4321170,18194999,9839954,6609909,31330890,11584170,12993021,672752,934637,12494604,31292472,29183
28457194,18067589,41324644,28562228,7876046,132912305,16117247,17490285,4040560,4992262,26050641,49896219,195462
28022400,15533621,40911212,27673868,7843154,130880293,15675974,16852912,3382353,4289097,24459079,49634336,204307
14696214,1515965,21251167,13974405,3807008,77723485,7145070,7861401,93815,557236,10735134,26613856,112597
14521632,1396969,21412713,14035702,3899702,78574091,7594833,8325041,25379,503631,10733665,25156810,116940
14519134,1444568,20806811,13807637,3683686,78118455,7359351,8077881,28884,507117,10910903,26402816,116036
14629985,1412290,21175007,13854461,3686333,77397752,6962251,7879066,24648,493790,10944040,26596600,114011
14749499,1400725,21267301,13893971,3898628,77910374,7211170,7860645,6071,479609,10901620,27163769,113817
14443383,1447221,21109781,13830002,3803955,77745517,7383095,8093370,20251,500300,10454387,25167467,111907
14284854,1403812,20866937,13723574,3773058,77456277,7319200,8043222,14502,480432,10923594,25846133,114981
14813128,1406508,21204086,13912612,3688550,77897089,7174037,8106569,25138,494230,11177094,27159564,116841
14682779,1403586,21186470,13886296,3800261,78037239,7364351,7888521,17558,480891,10713017,26633139,117365
14677736,1438385,21404900,14001563,3902413,78264556,7580067,8312777,27105,510269,10481999,25202569,115941
14385941,1386371,20807887,13887479,3794474,78302672,7353504,8060902,13502,485878,10869525,25767846,118641
14692211,1371951,21006774,13858722,3556575,77984010,7131048,8064361,12020,475529,10971936,26657641,119343
14846906,1422265,21416597,14014642,3914025,78177770,7372478,7871341,10866,485603,10932708,27226208,116345
14466121,1420744,21140162,13883678,3785205,77756305,7334251,8055234,22371,484454,10452131,25157329,116112
14411353,1369793,20828887,13875914,3790807,78511692,7370429,8100683,19818,493489,10994904,25971173,118506
14753005,1418012,21323818,13765700,3558734,77534750,7367702,8326424,8934,487423,11113562,27008214,116216
17114070,5065194,24384477,15924959,4121432,80813067,7571503,8187827,486462,1145401,13345737,30701443,134513
14648511,1573914,21362157,14013727,3879476,78116320,7553442,8278760,89686,566733,10579671,25720352,116381
14445635,1614811,20927121,13953513,3798059,78179785,7388371,8111511,138737,614538,11111288,25870457,116192
14730060,1534100,21242783,13895245,3561841,77619775,7127866,8053490,108228,571443,11061296,26611595,116675
14773986,1561974,21317579,14066656,3779362,78053257,7127079,7628708,139206,591201,11043683,26442490,119054
14746743,1658338,21337482,14056521,3796087,77956192,7343261,8066023,151389,621709,10668143,25112260,116483
14374316,1513670,20995019,13946649,3781331,78117598,7357436,8088069,89576,558608,11033197,25109116,116362
14736320,1619798,21229965,13898156,3628482,77851684,7350899,8291662,113833,589906,11276453,27064773,116354
14677602,1498496,21167928,13884804,3778753,77611032,7117505,7627332,70797,540534,10978087,26607127,116960
14693865,1584362,21217416,13970729,3779835,78021922,7356224,8074845,141836,607117,10623119,25113888,115580
14517686,1401326,21167601,13973214,3907168,78271665,7576366,8285755,14995,482693,10917325,25196441,117346
14753046,1405910,21077567,13815506,3566670,78376920,7353555,8083130,12205,490575,10972585,26680458,119650
14835873,1417108,21428370,14020951,3919322,78378553,7163904,7806043,13398,495443,11068580,27189546,117910
14683112,1423658,21212771,13889067,3806090,78418312,7378127,8091473,18558,484102,10524864,25238791,116846
14396555,1338280,21057316,13915055,3791426,78575088,7377164,8112174,16403,485969,10993193,25260400,117267
14693032,1381392,20999824,13722489,3566121,78279467,7371235,8091447,20890,488132,10968639,26557077,117225
14686970,1374079,21220522,13909337,3802913,78510203,6980824,7685795,17547,484382,10979897,26646274,116836
15213821,2684410,23122928,15634244,4381372,85213340,8729153,9519155,978101,1505250,12345461,26966360,115573
14390208,1505876,21012720,13853270,3796642,77918237,7376853,8095462,102595,563670,11036790,25913061,116678
14700721,1607562,21011195,13786902,3545291,77737207,7323348,8054400,167514,629053,11152042,26564759,116188
14661807,1486793,21200342,13938739,3789378,78005188,6904230,7604595,93472,550665,10996541,26408081,117125
14817991,1657901,21415210,14131659,3789462,78431491,7333623,8054779,164724,629111,10658733,25769857,118268
14339662,1502869,21183969,13916181,3783900,78208672,7360028,8090951,91031,540421,10801802,25128995,114953
14653966,1392931,20960295,13774822,3677630,78221774,7362606,8302995,32676,494442,11177470,27117875,116997
14661265,1412841,21165441,13850911,3787540,77879847,7139798,7647704,23188,488099,10955188,26594003,114895
14632889,1449202,21140264,13841235,3792985,78263459,7359900,8073059,20679,502579,10517058,25843475,116963
14356801,1388923,21221270,13885189,3816729,78451412,7399510,8107081,12441,494037,10748018,25229133,114968
14754775,1365785,21120938,13918501,3786035,79122692,7562422,8295943,17036,478505,10984654,27393962,119627
14780814,1418832,21350810,13956998,3787380,78010806,7140653,7851671,18612,503584,11172306,27035765,116189
14912577,1446210,21516573,14079278,3911438,78758647,7544713,8255529,74604,528703,10531440,25855318,119133
14377274,1383245,20968470,13897781,3775478,78309597,7353889,8083144,16573,498936,10740919,25169434,117657
14442740,1385328,20738279,13694611,3677653,78201647,7338912,8064117,12227,475747,10901555,26391115,116766
14685430,1389114,21197160,13872559,3673917,77979646,6937602,7857936,16811,480842,10971140,26638302,116868
17134525,4773873,24466344,16336341,4411977,83848723,8082511,8520352,411995,977769,12568910,29876883,134604
14311508,1467795,20951588,13882829,3794960,78120069,7345094,8056398,33994,509230,10684867,25110826,114271
14557809,1569915,21028881,13780827,3667749,78054150,7341973,8080834,123164,588581,11081800,26576639,116680
14662069,1402129,21155952,13846063,3684896,78155608,6947752,7876140,15297,492373,10920134,26497175,116190
14637676,1393156,21159241,13868936,3783869,78264607,7322987,7843349,18918,490719,10753820,26340399,116580
14413257,1391653,21052157,13789953,3775350,78071349,7350963,8074612,17532,479217,10480925,25103358,115853
14465613,1398334,20888131,13731943,3793963,78105674,7584788,8294877,18266,486272,11128819,26472875,115543
14629108,1358704,21119462,13867544,3668033,77863080,6932734,7847185,22609,481453,10884706,26598434,115526
14708740,1476296,21221579,13938533,3782280,78625345,7361444,7855777,47799,508336,10752313,25773644,119451
14601841,1615472,21292055,14032867,3790300,78638016,7350376,8047973,126030,602302,10841584,25140036,118319
14607530,1573689,21009469,13946254,3811060,78194774,7520651,8255542,125344,591425,11070410,26460674,116497
14851886,1508383,21463199,13962573,3678371,78215353,7159920,8087865,89717,558844,11210844,27133394,115928
14575738,1385337,21063021,13780814,3791434,77953125,7336618,7837532,11552,475061,10675550,25818769,114165
14391100,1398708,21053681,13788825,3769579,77973811,7347785,8076988,32331,499756,10724873,25064488,115408
14488055,1420171,20731819,13780003,3678839,78362836,7354500,8054876,20010,504542,10931247,25807162,117188
14612303,1364466,21118564,13764930,3664520,78115181,7135057,7846396,13206,478331,10918300,26499825,117162
14744849,1369326,21283673,13873915,3913512,78312681,7369876,8073668,14515,473122,10721831,26500999,116544
15201513,2124967,22434639,15060111,4176176,84072079,8438389,9185452,855931,1375513,13197391,26923286,120789
14494512,1446051,20749396,13778197,3674125,78156952,7363594,8094991,46132,512717,11020185,25861300,115629
14602380,1338123,21107418,13749008,3675817,77808312,7152332,7870877,19239,472796,10899948,26410320,115953
14719538,1312323,21223374,13924093,3787903,78781724,7145178,7856529,16141,467262,10696747,26696492,118818
14579953,1457654,21278515,13980293,3777616,78621110,7350540,8067817,50972,530269,10545432,25192414,119904
14570851,1450553,21093215,13931692,3787021,78910348,7588360,8313980,66712,544204,11196794,26457177,119083
14722087,1375792,21243945,13855310,3661944,78369421,7135203,7847835,21189,485613,10983113,26614275,119776
14657437,1422514,21172280,13892860,3781126,78265043,7119007,7821418,31229,506775,10683104,26373338,118389
14548194,1383040,21213383,13933069,3796520,78513036,7341961,8048890,18434,482843,10487675,25161784,118636
14377937,1353532,21053656,13861294,3793499,78820799,7385170,8115258,18862,491592,11039377,26001162,118169
15064193,1374026,21486134,14038621,3786829,78585864,7354457,8076052,20462,485372,11333705,27748392,119981
14750836,1376672,21280914,13972409,3793722,78895419,7347010,7856776,16754,472725,10720702,26666708,120216
14524879,1382988,21182333,13915412,3767654,78617731,7341779,8061040,24582,493797,10456648,25134923,118342
14293901,1378622,20898448,13736878,3795049,78050125,7351957,8065780,19154,480562,10922423,25845183,115115
14528316,1348920,20744493,13639630,3560428,77474187,7150117,8063008,16404,474087,10879306,26564437,112365
14762422,1404438,21306636,13932531,3780994,78106225,7118609,7829300,22511,491410,11145644,27003880,118085
14691108,1423584,21186717,13881499,3795911,78506729,7353339,8071076,14412,484442,10523185,25212556,117463
20616411,8358403,30484993,19421927,8639031,76818565,15383221,15988181,1353009,1938611,19659591,45194580,103191
22748940,6744583,33987661,18340619,13541188,48649540,22852520,23740295,965877,1387582,26449879,65465494,46591
23318960,6760316,33751902,17979361,13426910,49261456,22905201,24675823,829251,1307465,27500288,70219637,49155
23636928,6593866,34204472,18225033,13832411,50244614,23833431,25122042,796491,1247914,27494606,70240876,50076
23430019,7148289,34164740,18203113,13852506,50686666,24064173,25483296,865563,1341123,27478591,69009694,47949
23533947,6579344,34225196,18150300,13847053,50335483,24116401,25481759,821048,1267982,27439704,69928538,48517
23595709,6760570,33944242,18018186,13620927,49975235,23514025,25045911,790623,1267848,27477261,70290552,49514
23762599,6735524,34391278,18235410,13757004,50456902,23904879,25257272,796162,1255080,27614259,70653903,49854
22071049,5953320,32075356,16941619,12868271,46920392,22403240,23671114,728806,1211449,27461350,68227039,47140
1112053,509090,1509663,971865,398205,4467731,988760,1233059,208965,249149,1585812,3275497,5092
16420047,4615131,24464524,13184939,9717577,36475698,16879395,18365594,723083,1083295,20837089,50435107,34859
24122214,6859529,34823670,18438439,14141078,51052573,24304091,25445337,869043,1341622,28502460,72791605,49595
24283839,7442627,34986957,18429516,14037339,50821240,24124531,25212010,870133,1337492,27913037,71989511,49890
23692151,6999674,34508879,18296134,14162715,50844407,24342811,25425521,893820,1358743,28094805,71562765,49213
23590094,6925979,34546191,18261573,14152660,51279817,24844980,25911706,871467,1292578,27591951,69610338,49631
23792665,6854230,34720018,18497546,14029778,50301082,23882002,25041591,839795,1321914,28075753,71236065,49823
24213475,6380336,34978729,18521104,14090146,50802092,24420076,25490934,848023,1325029,27942021,71846857,50165
23729429,6683677,34508277,18243443,13872241,50201656,23811065,25126986,812477,1278674,27553925,69866614,49197
23876382,6445990,34602678,18433974,14033320,50824799,24423387,25718961,833199,1296810,28256580,70880169,49782
23509682,6233898,34185433,18271048,13849242,50535938,23968266,25404053,815628,1227577,27717317,69646486,50450
23931272,6324609,34597563,18186756,13875230,50652042,24108556,25187899,733554,1199247,27666775,71330272,49489
23944392,6983237,34713599,18535344,14086167,50811546,24359181,25702240,886983,1343884,27966378,69742094,49211
23997056,6811360,34962731,18648828,14111601,51370535,24319501,25680648,852240,1316645,27867686,71324778,49788
24306644,6889769,35059047,18556339,13934034,50428151,23786867,25354064,879750,1357997,28216265,72314692,51244
19361765,5294183,28288141,14990025,11195916,41092349,19363786,20402005,686278,1063683,21889390,56211436,40112
800293,305393,938084,757626,400907,4127171,963933,986248,142364,177745,1237491,2452932,4463
16102981,5834299,21254660,14466878,3995233,40656409,7134658,8044858,1077905,1366774,12007631,27811299,72024
22915436,2466186,33325532,25272283,5951718,44788594,11306123,12811648,382606,799857,18309802,36096840,18811
22983980,2267448,33067704,24921881,5738270,44584195,11304780,12715916,260064,682602,17979741,36876200,18342
23014792,2295778,33285121,25087436,5988130,44535574,10914595,12305435,278814,691043,17983314,37110601,17356
5156419,736869,7575297,5459685,1559363,12002132,3171586,3479442,138616,200755,3833558,8490618,6754
345534,170731,790391,596863,322952,2654185,629293,652661,80444,102849,775604,1049484,2589
814582,267026,810748,347083,93020,2132776,635374,656265,78239,106760,850765,2320378,4268
1947631,1347942,3021496,2065552,573428,5109204,369489,598146,396947,546605,2372266,4329467,12870
10341444,1361083,14536328,10891144,2701823,21479620,5515405,6547502,273396,498605,9139476,18124586,12167
22978691,2566181,33462759,25371793,6065491,45377491,11523002,12963937,412768,835917,17859320,35472714,20372
16693189,2047299,23969580,17825403,4186136,33170494,8465495,9531828,335088,687071,13399154,27224231,16033
7547738,1119915,9931053,7101918,1782316,13867645,3525337,4186961,297467,474788,7287182,14021406,8486
22465552,2462109,32283318,24498967,5740299,44264662,11112514,12480664,452857,851440,17788976,36327860,17263
22547953,2391793,32632203,24548814,5746811,43117307,10694348,12285367,333195,740646,17800540,36504116,16352
22420918,2257652,32453375,24429071,5861430,43434079,11112830,12304759,293200,689427,17416389,36234511,15254
22359715,2412811,32498895,24561400,5986461,43493480,11305458,12670401,329105,733473,17446526,34841725,14676
22234004,2211224,32203507,24273014,5742038,43208875,11095033,12488778,262697,651468,17601930,36227979,15386
22751522,2162635,32856627,24560562,5789519,43177624,10955525,12536363,256102,646237,17944288,37160920,16508
22552479,2186319,32554540,24481645,5876660,43245850,11131227,12329428,263922,655880,17454463,36502484,15322
14753664,2204515,22162765,17053886,4178142,31708763,7972871,8941053,384708,654315,11412836,22713679,10364
848338,697486,1005490,710386,343164,3764478,911623,928728,311030,338480,1363448,2355827,4261
723011,183770,979020,555828,209334,1708052,209896,439860,53154,69884,795627,2215544,3370
710076,198445,994809,572143,340942,2010389,662075,452507,62025,69435,536808,1351471,3088
499142,78802,930221,499957,335544,1937452,631696,651449,8827,22271,475131,653663,2164
579873,145389,783166,563618,370824,2442001,335836,343623,9023,46552,806549,1626574,3194
636160,69921,920336,453410,397211,1832698,330954,350653,1850,16862,763077,2085442,2162
505120,67665,730549,367428,304304,1605845,299654,317463,0,16804,586258,1606091,1821
491040,67865,710467,356103,299958,1503202,282889,299702,1439,17412,577488,1578598,1666
449040,64903,649950,317589,288201,1305367,220871,233998,0,16479,547670,1503705,1340
446640,61789,646037,313669,289403,1288168,220760,233861,0,15932,548033,1504765,1362
444000,61908,642557,312845,287036,1299168,216792,229645,0,15319,543885,1493368,1353
575760,66446,832941,396121,382919,1516789,250274,265133,6594,16343,726998,1990245,1635
446320,58596,645925,313255,289364,1309224,221821,234952,8778,13830,546452,1505273,1336
584480,93373,845556,415100,378318,1635392,252359,267326,12540,33601,734361,1968976,1708
1061419,459632,1414086,785010,254620,2802591,470164,487643,127770,171185,1068148,2589153,5925
874217,251398,1417791,798247,487674,3289534,709255,729196,16007,75542,598969,2300361,4531
751363,168139,1307403,705580,458462,2819099,874794,907898,10372,37466,585872,850547,3405
660606,256259,678073,571075,242580,2640693,710850,736336,49264,78370,862295,1560919,3378
816840,176358,1099396,507367,244673,1975485,488838,503268,11421,40040,792154,2306716,3673
949131,220663,1361059,810233,397094,3651194,571055,604546,32802,65979,556633,2266432,3481
12853782,2543365,21511702,12060110,6975876,40285201,10231443,12422061,315380,749974,10718423,31388293,58873
13618019,1920384,16672513,8630576,6237690,38232622,11831081,12615399,582716,852637,11912814,43796458,82795
979445,324578,1287883,724848,125190,2987553,499168,752350,123894,168747,1024716,2496495,6721
1008970,406110,1373842,870241,372649,3173895,492419,279458,63880,106654,959924,2491836,6387
4912252,1655415,7030302,4314656,1769214,17964600,2907017,3108607,210447,421994,2931078,10509662,35554
6707489,920560,9653141,6435213,2216144,34192600,3873598,4233922,121176,301674,5830391,14205430,47574
0,0,0,50403,25147,181042,52227,54888,3427,5774,61084,0,0
0,0,0,51255,25789,178843,52306,55066,2310,5912,62796,0,0
0,0,0,58201,27333,183691,54168,57098,2539,7114,70754,0,0
0,0,0,73525,28561,180599,55258,58308,17535,22154,85817,0,0
0,0,0,86383,30643,188682,57757,60996,24510,29935,100493,0,0
0,0,0,85414,31896,195109,59166,62536,23835,29221,101176,0,0
0,0,0,85916,32570,184989,59002,62399,24170,30713,102813,0,0
369387,73800,439817,554458,752106,3021149,1713595,1777321,119562,173309,2320009,3747028,2260
1131966,763252,1572789,1048374,396168,3016224,272587,283781,136967,236360,1144596,2597797,6493
1090415,693900,1473191,960902,366063,3394574,701846,605409,110265,92128,674532,1748441,6431
820134,526637,1500599,1004063,392956,3491060,761493,790597,197612,241996,832189,971024,3939
2012789,677851,1933366,1138770,385108,7039261,1457607,1543138,459838,524594,2518794,4207367,15723
3416945,1871785,4169635,2590608,835425,7795375,1077361,1021453,235748,348302,2650480,8602040,23532
1553828,1127580,2216535,1678800,410623,7091536,784786,817276,328714,315558,799986,2005850,10518
985366,951094,2218449,1665135,392767,7467968,733767,763268,393412,468357,1178642,1119893,7821
1294830,790047,1465673,1355394,260801,7208838,767625,801528,394016,471284,1592694,2707338,9633
1511060,921520,2072991,1118578,403264,3537700,523336,538286,220524,325937,1563977,3458812,7547
1724437,1386420,2357506,1791873,391432,7841652,744436,777022,440897,445764,923183,2113628,10915
3594072,1565501,5666195,3550421,1876907,12566120,3506118,3627364,542862,525793,1177486,1430714,12052
4771789,2621355,11170190,6341262,4737378,19620273,9941615,10294433,857465,1119266,9522974,14943150,21087
18733880,7531556,26970415,16343794,13437350,37886878,24616535,26374253,1496662,1896203,24493602,52366678,52970
1363976,1011451,3186735,2289844,1008093,8104905,1427570,1511060,334333,493499,2123643,2844649,7673
1380118,837365,1931835,1143161,260758,5169869,765126,1053627,332797,404962,1736526,3422282,7992
1401384,773732,1931596,1367456,393093,5788305,504421,282577,115767,242464,1376869,2806329,8230
1757590,873007,2352030,1597921,556423,5971683,860324,906790,287190,265948,923064,1779390,9555
522725,295859,1118303,933721,394696,3547317,758201,780552,114186,159881,1055608,864167,2935
1092591,487309,1137105,585416,126777,3014227,729090,759517,143616,194272,1165243,2670930,5090
1357099,701245,1858197,1212157,505167,4099732,497526,312294,92957,172444,1461845,3346518,7047
20252820,8603457,34514111,20021643,15880284,37989664,25853125,25270048,1510529,2116876,29282752,60826916,68868
926612,820456,1911910,1661914,1678038,10051860,3188003,3376352,576281,699192,4332743,9583312,6812
1194090,718402,1704832,945072,135040,3439057,533591,800812,218028,271536,1204871,2607432,7345
3577996,1334892,2606841,1991267,1132736,12239173,3196184,3313649,623243,867072,5651170,13913331,17427
13786308,10061171,19948982,11700587,8540417,21957343,11323422,12464975,1462407,2102614,25314821,50229472,48542
61158862,60611856,86385773,46591214,34255303,89026936,59648510,64763724,5973795,7934956,78844272,182920515,192963
41559239,23896520,64996147,31801022,26889735,59962225,51588072,53153251,3781845,4623488,50618104,115118643,110241
65533727,25449139,92802103,47460161,42393662,80818881,76175304,79644771,2749276,4533463,88443670,218352669,167076
21735197,3896583,29658377,14096819,11905135,23647439,20330240,21194810,340753,915289,29953084,73743529,56370
9856751,3239507,13661351,7165755,5014097,21675617,12749338,13272747,1369184,1827876,18404252,35849979,36950
23776842,14787547,37208386,20432328,13540599,43902652,23789414,23949704,2321670,3053172,25083679,60395545,79673
21074861,8997621,33136012,19882887,12632785,38936919,20511389,22594692,2053497,2725670,27399942,62816279,70102
11153047,5579515,15270675,7927509,5256856,17044672,9472364,11021589,934076,1184100,8792513,24073318,32770
27064922,12210371,38115424,20232748,16427295,39331075,30302605,30609521,1692851,2241701,34926082,88319996,78467
36614180,12101770,55872064,28404945,22871540,52584603,38467030,38307271,2457151,3240180,42201194,109786176,112123
14759290,7620824,22598252,12208769,8950506,30924286,18637666,18449525,2002838,2250746,17986432,36993503,46264
21387249,14724230,30952600,18821036,15300969,41941855,25439828,24767206,2301895,2792902,25250743,56941211,66566
14744227,13191046,21202244,11694743,7753445,27594136,16286218,17071122,1966918,2254340,17471563,47978034,51615
35650449,31505527,57442212,33913025,25839953,63296895,39934859,37508267,3656629,4674935,48231322,101721630,105018
41322600,23020300,56341093,27532569,21477895,54729239,43299241,46774544,2848386,3566796,49710300,122838017,122529
34209574,20390015,53870037,29862281,22942743,57435834,41999502,42911029,3255724,4111693,45517393,100392085,102966
27336841,16947541,40384860,20397954,13734943,42042862,26256144,29051147,2761998,3387377,31448937,72908688,88188
23471250,11684320,30414676,15554010,9408395,37520485,18334976,20504569,2702990,3402445,26279273,60857899,80953
22648427,10081862,31543785,17266472,10832074,43751358,22442889,24392875,2474285,2924133,27831043,61619856,80862
30009371,13941477,41232658,22672409,16594043,51645514,31832874,34023406,2914343,3774654,40757972,88266187,91024
23779532,10830562,34819079,19453930,15015693,40199789,28320908,29371588,2156117,2672372,37176642,79929224,84102
26742986,14487936,47615280,25011138,18104250,47951615,33720628,35931444,2692186,3365001,35069518,65644372,90383
16706079,7280405,23830566,13269861,10197526,34525948,20271731,20271407,1669674,2054065,21793909,57765489,62135
18373877,7668937,26839454,15347258,11849539,38746006,20364546,20914942,1928750,2488675,22560542,53279798,64909
18674794,10782239,24199493,13371227,7922095,28726625,16892514,18296206,1931522,2294887,19853318,49406761,68881
6366646,4247748,8824374,5395962,4081582,15247501,6527810,5857554,977993,1226473,8986987,20078433,22106
1782282,1155549,2474340,1794698,390166,6422368,527008,546799,387954,440806,1901939,3755476,12455
5390927,2423437,6651669,3718946,1815162,14235838,4788865,5605396,910918,964218,6075789,14060068,25759
2129405,797850,1911136,1373365,384589,7201087,1222499,1269322,250571,380350,1984894,5160085,14993
38378303,22708765,53417992,28452627,23337703,47921460,41848937,42454496,2771587,3559877,47995230,114748878,100435
19094970,14752544,31411860,17741627,13815703,36638474,20675027,21770420,2437537,3094887,23356551,54451457,60550
22210565,13368516,31936053,15706700,9978433,32449187,19603892,21531576,1913862,2513921,27136945,67325440,75479
10450881,3621560,13605692,7337819,5270609,22956978,12261344,12557965,1205712,1337593,13273478,30344582,39658
10538124,6262214,15072430,8651197,3828412,21653514,8015717,10018353,1453093,1567703,10088345,27132798,43978
24051763,11976790,31145562,17649929,12554369,41324069,21008014,22153345,2241953,2840843,30138733,74082947,88094
19117886,8422169,28814356,16802355,10592193,40263607,16965232,20012048,2314894,2702496,24532850,56469148,79318
33228582,16561491,50262846,27495080,19732356,59265443,35494311,34920165,2795308,4027586,49237108,103797275,116162
30359492,12162436,44007411,24421461,16999595,60314433,30852052,31756078,2992596,3857256,37953374,92199815,106592
31869148,10403179,47593230,25083783,18093707,58124112,36232917,38999904,2662605,3620409,42564733,96388378,110931
17943387,6861207,26592543,16153677,10779526,38128217,18691713,20038722,2022083,2599336,26630477,59081446,71844
25186368,8528012,38033840,20123640,14714843,46320570,27592384,28647004,2198909,2853447,31895689,79402955,90048
23294412,8013660,34550970,19802376,14494807,45626649,28722897,29795944,1925532,2486581,31255574,70638565,80214
19187679,7532508,29620820,17026627,11474280,40774207,21592788,23868382,1885450,2657489,28583270,65326420,74506
6687860,3490200,9316578,6854865,3414478,19479242,5949432,5908544,1158468,1415641,9103174,17441174,31429
5844906,2149098,8269410,6904490,4382114,21935053,9146688,9785928,1108260,1403332,10594470,12915939,25533
5718065,5458846,7442593,4738117,1864997,12060556,2125792,2776481,999098,1124703,3972156,11158608,24915
3712617,2135670,5189062,3587503,1384115,13559298,2568436,2407452,505604,529692,1394170,7842825,21353
1583181,1007407,3900795,2974372,1380835,12221285,2814129,2853835,655331,779779,3851365,3120818,10935
4619971,2560266,6058136,3236708,1121846,11219451,3055540,4451746,749437,921684,7263919,16817250,24663
19413299,14396348,30743243,15816043,10232130,36323038,20139520,22173063,2503863,3272197,31446316,60104988,74303
21560721,28373870,32936106,20616555,13026320,42518010,19731547,21567003,3807230,4578343,28058886,60082610,70817
8204899,8472027,12558393,8084984,4893908,23692304,8601247,9536794,2016559,2174282,11742890,23851609,35348
11901002,5631728,15611892,7851941,3575324,23819756,9430290,11206199,1316861,1422188,11956067,30763424,54496
15561703,5735369,18658003,10977069,6959722,33755341,12100522,12540768,1699185,1947439,16274855,39124637,66225
16221993,11280819,24710451,15433896,9990950,31754258,18221574,18114485,1788197,2332489,17157243,36738356,53018
4505494,3187054,7720263,4860818,1263900,16092839,2996357,3790905,1254354,1414338,4114940,9611148,27444
7213908,4484758,8439677,4820656,2454720,19143075,5601469,6741503,1240883,1406517,7208696,18084114,31772
709760,204705,1026570,621108,359473,1223534,703714,733813,5194,0,0,3584301,2420
364480,402189,527285,311621,192655,415695,382131,401452,2169,0,0,1571679,907
788960,446849,1142045,707960,381874,1591941,753129,787462,79626,103286,0,4697760,3566
543920,343258,787036,470350,280276,819297,556356,582559,5895,9632,0,1846934,2081
896224,534697,1615483,1016317,527800,2104467,1044648,1092725,65163,139644,0,1847046,3402
43091,81900,491749,297481,174191,476320,345316,360357,16765,47274,0,0,299
43719,75045,691385,407471,256380,511589,509023,530981,2674,23249,0,0,241
36880,52547,479465,288203,170078,458941,337726,352437,1957,13179,0,0,0
36482,70552,497309,307049,168649,514873,334542,349189,9352,20826,0,0,0
115648,502162,936243,611674,279410,1301033,556521,583723,62668,83812,0,0,0
0,54302,501558,309144,170174,501580,336928,351750,1782,13801,0,0,0
0,578329,1033780,650331,337637,1073676,673181,705015,34711,58557,1679747,0,0
0,18345,478675,294467,165241,423143,327736,341976,8251,18898,688807,0,0
0,18797,465668,283815,162725,362531,322945,336983,4188,14478,674616,0,0
0,17301,479433,294024,166257,364440,329967,344301,2854,12665,708231,0,0
0,17822,490914,302187,167449,467867,331818,346366,2422,13375,812655,0,0
15486004,4139856,22013305,13662914,7378697,20535923,14689362,15825239,567639,1103636,22100288,40064125,48158
702602,595251,1016372,495059,249035,761711,498986,522800,7471,10240,47461,1740304,2113
492897,74557,713065,288891,165347,327364,327956,342196,1413,3397,31721,1312216,884
713885,120525,1032892,308616,167629,506673,332093,346711,2793,5281,42672,1861888,2074
594755,88399,860232,299992,167524,454706,331984,346534,2717,5240,37336,1558408,1634
737820,108282,1067593,436530,244594,643041,485057,506133,3540,6448,48212,1928372,2096
467596,69328,676578,274593,158866,320187,315071,328760,2765,6038,31456,1248894,908
492733,70430,712924,293186,165386,420709,328005,342277,1421,3330,32169,0,1394
499108,76472,722139,300304,166326,442038,330152,344521,4805,9461,43688,0,1413
947420,137145,1370768,327991,176025,562015,348203,363746,4142,7406,54242,0,2688
943702,143143,1365588,343530,192261,600111,370336,386331,8060,11484,88727,0,2427
846541,145370,1224841,442675,250389,670099,496338,517980,8597,7299,52056,0,2426
1400762,1936830,2926917,3299502,1134846,5142946,1354101,1428047,349889,388779,1805209,1727602,5674
583760,177803,845079,542667,256775,910590,508739,545739,42869,62715,770101,1459965,2711
390080,381484,564398,356548,125192,563439,252361,382316,29307,42546,1117207,2182739,2233
418975,63457,486368,296265,13501,223435,25639,350427,3265,13676,731948,1854827,1479
751251,112008,711405,435092,17574,265292,32679,508542,3092,19334,663478,1978301,2322
1004387,148634,526905,324185,22850,335147,42583,364689,4854,17590,474815,2657187,2843
1003545,182591,721445,450438,129784,262865,30393,394835,15483,30753,666054,2584203,2610
511592,85047,485306,300977,163304,239099,27310,29014,6094,17492,450007,1323117,1574
1109481,177783,704029,483038,188814,1218044,254629,268464,99973,102971,604397,2882233,2860
746272,854979,1081155,705767,328642,1255176,703029,735051,11355,89701,982228,1684702,2525
39229,17063,480635,302441,158186,454237,492301,513907,4212,15862,447486,72663,191
54647,25648,490489,308689,160626,483892,602127,628525,2461,16675,452382,99009,274
39224,15986,472365,296113,157279,428424,489084,510529,2056,14314,442194,71918,188
44224,16541,463405,291628,159819,360633,579946,605270,1621,12802,440063,84747,232
60167,25318,86827,320876,166223,539358,917502,957731,5295,17562,465442,117497,305
58404,23155,84716,453238,247197,627798,801350,836538,3669,21553,684166,110189,317
349035,511368,504609,524818,262634,879404,1124434,1173854,12309,54887,754173,804818,1121
351065,499593,507944,504132,264803,838016,1031475,1076782,3557,46158,741023,837788,1266
42077,15205,61126,299303,166492,446502,600758,627139,6228,16106,452813,82945,215
40549,15386,59784,266705,154351,427112,399846,514000,2276,15750,423863,347576,216
54255,22938,77922,53185,237405,598147,476797,682266,2989,25140,657389,1232773,240
82019,29044,118557,78293,244789,779009,490002,1172014,12768,52074,688582,1285614,409
54264,16096,78712,51010,227328,654170,457201,738848,23822,47975,648058,1193078,293
45997,18115,66254,44557,159531,462688,319812,605346,3859,24149,448475,831678,219
50515,19765,73116,49833,161738,502790,323921,730596,18002,41706,459047,846277,242
382262,32802,91436,64486,164281,678088,483473,855371,7450,36643,673018,1263184,982
332560,14023,63292,41735,14031,361614,327057,617822,2058,19022,452124,849769,683
331120,28665,71196,49010,14043,436994,317965,516323,3138,19556,447081,827391,967
339520,22921,66556,44852,14021,486946,321766,601172,3631,23835,454679,841933,1036
326400,13381,56994,37998,11982,419326,315774,509183,2634,19238,442224,818763,963
327680,20573,57141,38390,11906,423483,315772,511077,3238,19743,443060,820530,958
522560,70764,577005,81788,28387,666917,494326,1244168,5703,46749,692011,1294528,1535
326320,55847,471843,36911,11510,171096,315495,509096,3004,18922,440853,819779,935
350800,63662,507829,59997,19186,281814,330334,855389,2202,29411,462050,864546,1049
364560,97580,527827,44916,10328,201731,324654,1340851,68092,114093,475606,856299,1103
589040,589382,852202,412986,149957,881946,513150,959922,6248,39244,775343,1371126,1961
490000,81209,709091,51581,17749,266360,480874,782630,3146,24508,672933,1246488,811
326800,55051,472962,37435,11915,180814,315852,511235,1850,18227,441789,820323,936
366720,73828,530398,232792,26059,387287,209392,1099207,5806,43957,473093,893154,1160
488720,97444,707045,449653,16512,255357,30719,772734,21161,45342,655564,1204151,1274
325200,52899,470675,294914,11423,162166,21225,511053,1442,18210,440507,816970,895
498720,93190,721271,451625,20307,306598,38137,528665,7170,35112,1096496,1255972,1231
625840,536433,905746,619047,143373,1484601,294410,530445,9353,41080,1291775,1369424,2526
693280,670966,1002424,706684,335543,4737173,2096727,788320,129618,90188,422431,684044,2445
321120,62304,464508,296784,148368,644668,468018,488929,4259,12530,32986,74594,909
332400,59979,481000,306588,155488,626132,485691,507409,3903,15252,32726,74935,217
330880,60724,478769,302775,157504,509965,576642,602423,3188,13740,38206,82683,214
513120,99799,742630,473485,236941,1336613,1056172,1103423,6009,24997,60195,135692,349
352080,68280,509211,326869,160556,824877,673070,703160,5853,18336,54339,110770,320
452560,993344,654511,440719,186199,1146198,882694,922177,84823,97084,254213,378776,484
169586,57372,470560,299950,150362,729584,549003,573537,1626,13889,36394,81824,229
61868,85468,538239,348859,165073,1675348,1198689,1252305,14840,28791,53969,114821,352
52054,87238,710887,454234,228198,838729,634930,663318,4929,22415,43256,95795,226
49337,66496,503672,322477,159879,845004,713489,745395,6138,17984,41780,94058,230
37809,56740,481419,307090,155492,607043,486400,508151,2649,14071,32529,72509,181
72423,73746,533994,342470,166955,1187692,992856,1037256,7457,20663,62563,138580,407
56464,55739,723264,468255,227190,937680,701590,732858,16568,32687,652729,108863,270
563627,722217,1275297,869635,344023,2046577,1627069,1699829,7107,121085,1093562,1015994,3400
51761,18664,508477,325753,160980,510145,681502,712033,4839,16575,466763,98157,267
34864,10889,468754,296032,155410,328687,487430,509223,1455,11381,444243,69065,165
39128,14725,480906,306211,155464,436695,483342,504962,139,11969,449770,73864,186
46022,17057,491887,313751,157703,478558,571999,597577,2974,15184,457352,86637,220
38532,13697,133875,309946,155701,463185,477628,499010,3663,14880,453274,74319,188
58928,23730,84523,461234,233130,671715,726258,758740,3987,21959,676160,106867,290
75867,27153,110000,342406,169390,537713,1100974,1150238,14669,19866,485265,147928,438
36522,13902,53092,310289,156231,442349,486158,507915,2819,14258,453984,70767,181
2086762,1478362,3018286,2230664,785270,4723050,1252449,1937106,538228,581135,2724140,4074700,7380
38570,13785,56806,37701,155531,480296,315726,515810,5590,23390,452579,818656,227
490227,30361,109527,61331,18217,589385,467329,749615,3066,27395,655977,1219545,1380
326640,57091,472737,39538,11927,182979,315591,511548,2322,17307,445511,820187,776
339760,56528,491824,42656,14129,218760,319712,603202,2691,22187,457445,834728,1187
508080,97003,735475,71621,24811,353728,469374,1161707,16823,54577,673539,1229434,1654
504480,105821,730168,50615,17472,267631,460694,704287,25056,47982,675960,1202353,1721
494000,83550,714933,65803,19831,304011,475187,768795,2756,26018,672319,1232153,1216
512080,540425,740476,245754,52725,309842,466435,675866,17238,38223,700138,1238685,1254
672400,566928,973074,668292,162279,1550686,318286,1154501,2108,43544,850132,1461987,2563
577600,472791,835693,557855,247351,846381,505333,520171,62877,82800,759550,1315103,1993
333680,62206,482664,313216,232555,638093,477694,23054,2240,4214,449520,790864,1105
334640,61480,483743,310785,280510,487489,576045,27605,3518,5729,454395,814798,649
501520,89895,725816,469768,329818,781332,677341,33872,10003,13271,681749,1196376,1465
320560,60518,463792,299312,222604,571046,456852,146676,2572,4836,399357,764203,987
402560,92506,582568,381814,549011,1810123,1438766,386200,7096,12510,81298,923010,1319
335680,62495,485764,312488,155117,509439,576185,602275,5396,7895,37882,815810,715
346000,65035,500684,323485,156431,690753,600440,627814,2452,4716,38874,831783,1008
504080,92930,729485,466931,235069,766744,651952,681675,4904,7854,45480,1230004,1467
336720,61215,487537,315726,153037,583221,478942,500746,3133,5426,32392,800609,997
345280,64544,500032,323640,155593,693051,553845,579086,1545,3985,39409,676170,1043
328240,59198,474454,304532,153044,397947,483864,505776,2763,5658,31929,73190,610
411520,426669,595489,393089,174681,726716,1096603,1146527,52115,45911,132452,234518,1189
660320,126796,955872,624717,296328,857074,736189,856307,15314,9998,52199,109627,1819
333440,56422,482480,310829,152865,416513,313090,498645,1029,0,31960,70504,976
349120,65472,505413,327319,157474,501671,321681,727116,6820,0,41991,93475,1028
344000,64653,497648,322422,155371,467849,317877,579450,5190,18635,37481,86852,917
346240,64477,500824,322922,157208,491207,321174,693860,3212,29219,43106,95724,238
497280,87005,719599,465319,227627,595494,466681,536225,3429,27948,38969,93769,250
338480,57829,489823,316794,153698,444994,314991,329527,1681,19462,0,71039,181
353760,67678,511467,331011,158943,503832,325071,340239,2910,28331,0,107505,285
361040,70462,522471,338013,161763,542852,329734,345253,4468,36217,0,128886,323
345440,62201,499651,322463,157125,462831,320995,335968,2254,26853,0,0,245
334677,63386,485735,314486,151751,469536,310312,324683,3377,26663,0,0,213
52564,95596,723896,461051,237233,526490,486151,508464,6479,33626,0,0,285
56158,67294,502644,322260,160641,400847,329076,344282,5925,22758,0,0,315
47364,65614,505723,327552,156692,508027,320679,335558,3921,27960,0,0,271
37102,57892,484046,312684,152833,426279,313023,327467,2227,20246,0,0,175
48319,62254,502729,324739,157516,494072,321846,336829,2225,15395,0,0,434
62195,77415,716057,459165,229330,558689,468838,490537,2559,19984,1204229,0,0
53320,18889,717289,466880,222885,665717,457500,478612,4520,22249,1023530,0,0
55875,32401,501973,325322,155992,488418,319241,334065,5026,18040,832471,0,0
45170,13782,489822,316733,152614,472001,312373,326859,3995,16793,830075,0,0
36175,12768,484496,313393,152803,428925,312965,327404,3397,15473,698813,0,0
65292,16805,705348,452845,227511,497932,466445,487768,1859,18648,950549,0,0
0,19342,247173,323592,154714,508134,316139,330846,3233,16335,952595,0,0
0,18172,64047,322011,155278,465645,317563,332302,3312,15944,857264,0,0
0,16997,55977,312566,152819,425501,313001,327443,3018,15059,692294,0,0
0,27432,95706,346295,164308,560995,334689,350478,7235,21184,1344883,0,0
0,12205,50053,312752,152816,417862,312993,327408,3592,15422,690696,0,0
0,156728,1326979,513481,242402,627543,499432,524696,30555,48494,452334,0,0
0,243362,1158557,369273,172325,559809,355702,374427,26479,40173,491928,0,0
0,0,796600,391892,157152,442888,322104,336969,5188,16939,460087,85669,0
0,0,718089,461660,152821,415156,312984,327397,1930,13879,451981,70029,0
0,0,716546,459850,153703,339257,314998,329506,2324,13536,453128,70151,0
0,0,1832613,1180490,311916,817881,637691,667217,6328,29857,918948,173910,0
0,0,1147953,742804,224333,579896,460119,481373,3937,20057,665379,116077,0
0,0,646493,510307,164509,489562,340291,358271,33099,45997,517187,710071,0
0,0,0,458024,153045,337946,313544,328005,1822,12944,450043,75512,0
0,0,0,313988,167312,443838,345166,363426,31852,43622,512277,1151024,0
0,0,0,0,230944,649849,473391,495221,4336,22682,680943,1214292,0
0,0,0,0,156088,475179,319419,334241,6199,18758,462574,824094,0
0,0,0,0,152851,418474,313080,327497,1882,13737,454024,802479,0
0,0,0,0,152839,318311,313042,327461,3294,14072,449466,801133,0
475246,0,0,0,108428,429277,305861,319974,2224,14738,444708,782461,1280
1077608,0,0,0,36913,584310,358161,377293,33189,47304,536275,937786,2550
770379,0,0,0,21008,697968,491261,516174,34047,52587,736822,1276054,2094
50414,0,0,0,288793,462754,320072,334875,3847,16119,461935,821986,267
37814,49209,112399,0,249290,415379,314179,328653,866,12796,450474,805053,212
35017,13684,51617,0,233377,550846,313166,327612,793,12591,453288,800620,170
294875,17682,63470,0,274856,917437,312638,327025,13487,26410,462310,809092,831
505600,21649,86005,0,0,994609,478527,500141,7503,24950,682508,1239221,1555
673520,228797,399549,319009,51691,3024680,690473,718834,252138,254543,892517,1238749,2990
481600,17481,70660,47308,14934,641315,490986,511670,13673,27872,890460,1795264,1841
326400,15535,55194,37043,11597,440845,336980,351255,2393,12886,682984,1377589,1542
392718,15841,68327,46205,14076,531598,345881,360733,5988,17313,1194146,2407650,2655
821740,69286,635515,63274,19547,501224,478602,498940,4725,20277,1127321,2248742,2512
477501,48039,450558,32250,11284,157049,323927,337627,680,9910,663488,1337941,1067
483686,53097,459064,33575,11444,168361,325943,339741,2159,11625,665795,1344195,1242
485818,50384,461473,35349,11494,176218,324079,337811,1931,12054,668528,1329577,1497
949785,73911,511195,59843,19220,295914,339898,354817,10598,23021,1299980,2550099,2749
1005262,60821,505058,58255,21412,298423,343754,358734,3337,15243,1382712,2739780,3116
706660,81497,676774,389542,17586,267861,128569,494284,4898,20427,969747,1936408,2123
591563,53791,458183,271048,13426,184381,24986,342464,2500,11713,822215,1654854,1157
648607,84059,499255,300681,13925,206468,26194,358891,9191,19983,639024,1768794,2061
605424,89435,491208,293287,15623,266977,29768,358007,6377,17142,454769,1684027,1840
592732,85468,467975,273889,13606,204548,25248,355656,1907,11138,439330,1699541,1130
636517,94467,687046,403049,163411,213652,28742,469241,2194,16590,650110,1794177,1547
784999,117749,494004,295859,175293,252476,32561,34754,3998,15094,453524,2160390,2355
782601,116120,494370,295142,176041,257000,34735,36978,1986,13143,453719,2163746,2205
737536,131721,703511,428388,246050,251210,32239,34497,13597,27762,652024,1969746,2019
570493,82887,465461,277024,168628,192835,25258,26961,1393,10929,435597,1588786,1150
789566,113720,696145,416533,248949,247852,30811,32778,2322,18129,651392,2152085,2478
574791,85334,471331,282787,167738,193330,25245,26961,2477,12815,437641,1567599,1679
633940,94692,640683,276049,162076,217648,23996,25625,2135,13103,424337,1728021,1961
583426,86147,844322,281408,167792,430068,24970,26709,2713,12725,437814,1593834,1624
563781,78693,815802,271927,167743,347279,25138,26836,2745,10741,431428,1579368,1101
484635,76038,701090,279250,166249,417968,21816,23332,5761,14045,434574,1321250,1414
1051948,163228,1521794,437914,256118,724762,47008,49973,5435,22905,669922,2875130,3049
574384,84517,831140,284765,167814,455436,25570,27351,3171,13860,439713,1562072,1709
600026,96790,868348,420294,162349,470064,86834,28257,4242,15004,424970,958896,1806
742612,112518,1074448,634005,186660,529284,369104,77089,59215,61906,516137,998844,2105
601010,87553,869791,515542,171401,457239,335107,27750,3232,5300,444344,892675,1848
641395,95233,927922,550206,250436,604867,490404,30630,5984,8596,650965,1302210,1961
365062,71743,717444,423081,220219,329894,331066,23744,1061,3138,435442,878777,751
530880,162300,1628400,963775,602665,670819,522928,90178,49594,53634,713705,1401275,1341
470320,123112,1129593,679718,404187,636912,468549,343305,1049,4359,470869,1070667,1318
322560,70388,703626,418017,257514,416262,326231,340058,2536,6641,44112,88958,952
470720,91225,918991,545551,337134,561925,482409,502726,2110,6126,42113,97119,1378
350000,138183,1010658,604271,365346,522586,347520,362434,9615,6148,45579,97737,1093
328960,58830,528204,553392,347956,636197,335482,349776,2080,4536,35880,79679,1009
328560,56499,475176,497852,311339,632768,334433,348710,3246,5709,37396,81359,946
311760,50068,450852,402968,249539,560403,318317,331817,437,4862,31935,69675,1052
319920,50092,463173,419959,257122,561816,323982,337707,1709,11920,32837,69154,158
477760,80725,691362,769936,483055,872255,490547,511302,5122,18933,46904,103168,260
342160,63816,495104,658784,397119,845304,338039,352720,5197,16782,46860,105607,270
334480,58135,483953,327678,370463,792431,565392,347591,3742,14528,44486,98568,264
319520,50979,462319,276369,265628,589900,520340,338359,2015,12322,32621,69797,165
254960,54215,479017,286036,302635,616505,593034,349697,2233,13090,37455,86636,241
52931,76016,674055,398956,390953,596801,765789,506405,4009,17243,47649,97634,241
35853,52856,462952,277495,256349,537527,502108,337787,3278,13187,30686,69185,175
42237,53668,471161,282279,305555,678655,598513,342126,2816,13301,37231,80267,190
64261,65858,511613,308970,501166,1138030,982862,361225,5454,17474,56070,127768,340
58849,78838,685334,415088,332697,816838,652945,493709,6615,21365,52391,112594,321
55510,76035,691619,410863,392332,687906,768550,513708,3302,17482,47463,107398,293
42258,39634,459530,276210,292269,738564,631773,346652,2821,13460,300618,79495,227
49808,17563,483380,290147,170579,522569,730299,760733,2762,13533,445579,97266,252
36176,19378,460167,274904,165663,404877,504666,525698,989,12683,432543,68751,176
36272,16048,458790,273461,166486,342149,508821,530049,4537,14004,431810,67155,168
40760,13194,460340,273316,167744,352508,601973,627063,2234,11062,432241,79462,200
47530,21572,682420,407197,246366,589856,661065,688615,1659,17673,642852,92044,215
66740,30297,278232,297403,169276,555432,908744,946633,5320,19027,445325,125259,338
43375,13679,62305,284767,168249,449122,371287,668352,1105,16807,438404,80909,220
48319,16980,70003,277732,168890,364388,330466,647755,0,16304,436432,94069,258
670545,159648,970280,392001,188749,581710,378621,307195,90478,98633,567244,1785208,2062
757958,112267,1096546,444414,258616,641425,506091,35553,3940,6877,662934,1915988,2293
574763,85270,831817,486379,174302,449614,340804,27406,2203,4711,443567,908076,1721
457593,72626,662209,386581,162679,321175,318287,296712,434,2352,217516,845435,912
974632,143314,1410286,838764,188440,589762,371564,389999,39098,42752,127855,1003799,2827
737981,111128,1067367,634919,175260,506296,342962,357690,3426,6577,49891,916662,2020
883094,135354,1277773,763426,325278,778066,638063,664916,5712,9162,55637,1696056,2385
433780,89784,852550,508508,208423,469193,328714,342747,1795,4341,39203,875090,1323
317280,71803,699392,412362,261290,309519,330399,344370,1797,3802,30655,875114,636
333680,166435,1386016,825811,505618,501520,328453,342860,6501,5583,51323,269513,897
327040,87518,850730,507196,309458,457449,328029,342038,3340,5417,37907,79479,1006
319280,74219,702060,418777,255658,412169,323975,337703,2456,2759,30839,68620,966
480880,113216,1053667,627400,383403,628361,488229,508991,3318,4562,46314,103797,1497
313280,76594,692159,409873,256610,333047,323967,337668,3233,2631,29955,66178,685
349120,145693,1367723,814899,498376,556265,342494,357375,5080,7526,55917,123232,1109
333280,99999,915174,546922,330967,478201,331161,345410,4024,12947,41594,90814,359
326240,85756,869615,518263,316811,453594,328555,342550,2978,12972,38262,79802,189
473200,81201,767162,611241,389368,587767,492570,513336,3218,17076,46500,103961,289
315680,49715,456598,414246,259049,457812,325963,339760,1295,11068,30398,67042,160
319120,49664,461827,417975,256843,572270,324088,337820,2410,12317,34339,68694,166
325760,54717,471571,497872,304507,671336,328047,342055,3454,13729,37941,81783,187
508880,86082,736665,993280,607263,1350857,504549,526249,5595,22803,73556,162555,457
336073,99490,893999,750855,457457,927275,628747,655237,6703,25126,58459,130929,348
39347,49992,464590,290414,273870,592244,495006,338779,1998,12256,31809,70166,211
38679,58974,476426,286496,318014,728882,623475,343832,4770,15520,35358,76819,189
61955,79912,512484,313610,483767,1199634,947650,354903,12702,24581,57124,115137,322
51171,57800,483090,290722,362684,825188,710431,346838,4624,15785,43262,94298,246
34995,49459,451366,267937,259955,418172,509216,337494,2194,11013,29767,66125,179
47376,52983,713097,432977,335343,741885,662413,514340,26028,40855,661602,93343,225
34756,12827,461288,275724,257362,560973,504136,337818,1553,11843,432597,68030,155
57624,20376,500154,303187,440302,1175960,950765,360881,6709,18512,453352,115213,348
52062,18522,487882,293123,172018,882801,782918,815556,2859,13994,448424,104872,275
38391,14003,457401,270826,167981,499797,640082,666611,2209,11431,431236,74996,179
241974,238750,763194,506480,245938,1357518,631459,657962,21436,36915,629676,156289,1023
41223,13704,59440,279068,168103,687790,614058,639658,1981,12609,435517,81309,204
41319,12448,60341,273809,167805,492656,605964,631075,1560,10984,431875,78134,188
47776,17192,69761,290338,168044,807244,712796,742537,4158,15170,441697,94824,239
1435342,1304057,2075849,1606700,850429,4461210,2045492,3025846,789375,431905,2533199,3042495,5828
510000,92489,738120,446698,257313,780449,958357,1251234,14682,7605,66157,148837,1706
475920,90853,688663,419406,241005,642769,472662,672540,15632,12670,43972,98192,1491
318720,54627,460805,273705,167747,354683,327940,630193,2824,20260,35626,78949,192
324240,56785,468548,278363,171004,350987,334340,634210,2471,19028,35981,79735,199
332240,59870,480405,289452,169017,468651,330722,638401,5282,24983,38022,83647,205
470400,76032,680956,406047,246319,592521,482082,690829,1720,22352,40692,89560,203
319360,52693,461906,276147,165656,404024,324058,524386,1878,16649,31213,67856,158
244287,52022,462423,274456,168135,358327,328791,616705,560,17474,35898,80624,204
55341,59907,478924,287700,168981,470877,330763,627982,0,19284,50862,102368,285
53908,58326,491360,295088,173015,509373,337887,504332,360,30334,35649,105327,295
41448,57346,471855,283406,167780,440094,328013,342021,5298,23685,0,82263,199
50241,84005,689419,413097,246162,641260,481657,502049,5918,29988,0,99885,251
44439,68857,468338,278051,171077,355098,334492,348670,8142,24430,0,79758,203
54516,65313,500412,298583,178914,497838,349417,364484,7163,32179,0,105467,261
36098,52113,446918,263795,162778,430736,318502,332006,1814,18467,200136,70947,179
38159,13502,472544,279859,172443,430150,337408,351691,1835,18590,704924,69992,179
76436,28026,726609,434648,257363,742551,502695,524344,3692,42699,1581470,142014,399
46000,19743,486715,293614,170772,494175,333908,348238,5272,28489,922277,0,238
52593,22502,682996,411292,242764,609302,475768,495913,4372,27192,994258,0,232
36039,14298,461670,276156,165662,423095,324078,337805,2113,17181,673843,0,162
34044,13077,430938,267302,159403,427760,311879,325083,2625,18999,649241,0,167
51536,18666,74992,408951,248771,549819,486645,507225,3613,25942,1024981,0,252
40494,14901,58530,280681,167791,437329,328021,342000,915,18606,797244,0,196
42332,18840,61861,287438,168712,460991,330068,344173,4596,24453,801955,0,196
49567,29730,71770,280059,166712,420824,326382,340206,4437,16599,678159,0,238
34603,11884,50179,275657,165915,421771,324559,338273,1831,17839,703344,0,198
59564,22563,85749,248278,168539,448457,328975,343269,3896,16557,1209058,2392346,214
56187,20878,81298,52722,250878,644744,490566,511397,2179,18111,1153796,2292902,0
48577,21118,70079,46859,169967,481765,332061,346322,4541,16041,937605,1856902,0
43953,17982,63986,43351,167634,457600,328475,342369,5495,16136,706067,1396067,0
41984,16354,60769,40570,167891,459179,328208,342195,2478,13172,810616,1606710,0
33058,12423,48406,31776,165601,336978,323942,337643,2334,11854,669108,1341940,0
513061,20837,89074,60042,156684,690670,491864,512802,3966,20009,1215339,2401623,2162
1182375,28166,117209,76797,27691,665665,505645,527407,4447,20934,1633508,3262191,2603
632177,18481,69337,46540,15047,619392,471802,491675,3350,18539,865104,1708861,1878
483695,11902,50000,33071,11489,333908,326026,339921,4558,14340,670424,1337487,1001
485341,10836,48484,31567,11518,340805,330359,344329,1583,11082,673818,1346685,1070
776174,1139688,236829,173430,48136,661612,516560,541603,43831,59849,1068831,2096403,2265
667751,58187,480571,50591,16480,282766,333442,347861,5123,16510,914879,1819586,2082
483359,52605,459931,34034,11545,171315,324101,337800,2127,12308,666655,1323815,1396
487555,54400,466012,46230,14172,211414,332702,346773,2495,12195,677243,1361348,924
508465,51236,470216,36181,11613,186150,330940,344954,1790,12282,700769,1392162,1428
869071,59424,499392,54423,19704,282178,341734,356587,1385,13587,1194210,2368854,2577
911279,84518,707631,58670,21394,301352,493853,514921,4362,20353,1255543,2487038,2593
584571,53156,461461,37309,13749,192019,328646,342611,1788,11740,811089,1628267,1252
461521,52822,439492,204402,11497,166541,228727,325109,2186,12318,636308,1276206,1162
587860,55439,479264,286010,14500,219135,27109,349649,2325,13355,810668,1616644,1789
571315,52153,467563,278875,13625,201596,25330,342070,1667,12316,785863,1570324,1721
730206,87032,695630,416080,17297,252744,32122,508961,5219,21508,1002350,1996346,2312
475632,49496,449642,265535,11561,165045,21485,337781,811,10404,660418,1329014,1069
955592,90294,506634,304948,22442,313228,41831,359659,3384,15546,616006,2612145,2639
683196,117118,649367,390445,209751,401189,31969,225533,8777,21117,603791,1849777,1710
484864,76266,463261,277517,165665,426675,21619,23131,1094,13023,433780,1317696,1505
859368,141439,709527,426385,251573,683473,34761,37116,2263,21421,659580,2328728,2582
478882,78211,451906,268073,165610,333014,21109,22514,1370,12075,427743,1332152,995
579331,90112,502994,300133,184247,476201,73692,76662,3984,14259,459695,1563694,1730
577247,91781,476566,285782,168851,470157,30106,32070,5023,14890,441305,1579268,1712
486038,79908,446780,267096,159733,430390,288181,22732,1772,11485,416965,1320560,1550
671003,110060,481795,289876,169959,486273,332078,31352,2332,5145,445557,1820957,2045
940011,147568,698458,414898,253811,551555,496340,41656,1389,4546,654711,2609177,2059
574551,90776,471047,282516,167789,442988,328011,27128,2726,5259,438859,1563959,1633
678131,103005,481114,288957,170274,477126,332681,32044,4993,7403,444291,1852980,2083
477047,76298,450490,266464,165711,318576,324162,23027,4365,6430,425847,1338280,942
698257,136599,533841,324680,185861,428891,367339,378229,43976,46575,191482,1952376,1580
641739,99790,691526,410070,252898,573304,494993,515855,2074,4679,42321,1773311,1825
490735,88787,471099,283500,166647,437711,326252,340181,1100,3238,32660,1322761,1468
1006917,156441,694412,306949,176825,567320,344914,359964,3001,6709,57535,2743523,2832
712928,107413,1031473,408927,242814,623353,475878,496031,598,3747,46200,1927015,2042
562202,86408,813668,272794,167750,341533,327944,341848,2932,5119,35664,1567852,1068
630311,93979,912291,408558,246680,590446,482896,503261,1004,5355,43500,1005416,1870
481621,77109,696998,275908,165660,421231,324073,337805,2567,3414,31896,0,1414
595678,88861,861700,293349,169194,483167,330994,345123,6408,14729,52103,0,1792
588624,94185,851626,282923,169665,377044,332242,346338,3800,6003,44112,0,1114
729578,108378,1055532,372783,179424,491844,354650,372132,28700,50902,128320,356217,2027
517258,81350,748569,446438,174503,433410,345398,362283,28694,66838,148251,217636,1511
621917,99201,899785,536312,240118,613960,469969,489788,2687,7594,44157,92047,2048
956187,154018,1383169,824030,176664,550148,344531,359556,3768,15885,56612,128075,0
575449,85213,832674,489202,168059,339061,328537,342456,1109,10387,36772,81087,0
573955,89573,830712,496317,168498,463090,329593,343682,2491,13729,39467,84799,0
480577,78534,695534,413920,165605,416866,323978,337704,3064,13552,32347,69553,0
732819,109682,1060126,630001,248770,616396,486636,507218,2200,17828,47168,105359,0
576379,91882,813970,479904,162778,370670,318501,332007,2932,12366,43056,94853,0
0,69846,691341,408163,165630,326585,323997,337654,787,10292,30851,68013,0
83466,194797,1784396,1058242,487149,705654,512818,534890,6071,22745,71054,161990,447
46948,104997,913575,545585,331371,557220,476018,496032,6145,20609,42243,89882,220
46277,97547,920400,543781,342300,477319,488333,508815,1613,15770,41046,88223,239
42774,97511,913281,538009,341424,364667,329679,343659,2290,12554,38055,83325,223
36589,86245,678517,404018,246161,404024,311975,325210,2337,13022,218456,69400,162
55021,0,1093954,657737,393627,532442,341867,356633,10257,21436,464072,105621,275
35254,0,717419,425819,263543,421416,336747,351014,2035,12694,446595,68820,156
34202,0,710361,422611,259347,423048,332055,346133,1994,13115,441717,70004,176
51310,0,1037074,611176,387711,470513,485936,506425,3310,17424,640144,100831,239
51811,0,1131247,675245,410474,507873,336016,350525,3542,15047,451098,105087,255
60549,0,1167082,697514,422385,535733,339278,353933,5397,17316,456897,116315,314
48705,0,0,492094,203412,510508,352525,369826,31688,42634,494921,228993,230
483040,0,0,0,11534,411932,323967,337668,2404,12880,432073,858397,1423
735016,0,0,0,20147,568420,503081,524485,3625,19001,665047,1337275,1805
584605,0,0,0,14242,453994,328809,342808,2078,12587,438873,874417,1778
604694,0,0,0,30992,467624,349385,366550,29487,40384,489361,936390,1801
398505,80718,840460,0,14191,393440,329474,343555,3109,13935,440235,876142,1181
350320,153759,1385555,0,0,308609,344403,359401,4273,16273,460932,921862,1093
628240,151998,1425802,0,0,326203,638471,665474,6549,26561,850474,1689479,1672
319760,70896,699841,0,0,187717,324429,338164,1699,12234,433779,858862,1011
332640,112443,949918,0,0,231277,328224,342357,5116,16603,443234,876201,1085
319040,50164,461326,0,0,0,323943,337643,955,11943,432796,859041,971
319760,56909,463205,0,0,0,328540,342532,3176,12729,434426,871974,723
316640,58268,458213,281665,0,0,314020,329620,4267,15162,424124,841370,991
472960,78689,684012,550163,0,0,28390,502348,3510,18788,645368,1274240,1459
326400,54217,471976,496861,0,0,25359,342071,1991,12879,439249,872021,1007
353360,66935,511337,791003,0,0,40735,359975,5739,17832,464554,927023,1102
319280,53677,462079,419698,0,0,21128,337656,3958,14220,433193,858796,969
329920,53690,477623,557259,0,0,28647,345559,1661,13033,443452,882947,1037
471760,87579,682633,612738,376829,0,37491,389034,7284,23260,638671,1264002,1521
325200,63569,470508,437954,269324,0,21852,23243,7895,18227,441371,878027,977
325920,52864,471591,488174,307032,0,25508,27237,1431,12300,439878,888710,1012
314480,56191,455128,410092,259426,0,21090,22495,3888,13545,428404,862142,637
348560,62226,503925,815853,501933,0,40682,43376,3642,15461,458732,917609,1101
628560,108789,909509,832343,506932,0,42259,45139,8257,27956,851464,1690524,1658
320320,57838,463224,289676,305058,513560,23461,30821,3542,14863,426612,846885,1039
318720,55047,461508,274608,319908,513020,0,25440,4329,12922,432917,868993,704
320480,54786,463681,278165,262073,577737,0,21941,2178,14191,433292,861254,970
337040,62602,487371,294162,375646,868457,0,29745,4700,17562,448862,888159,1059
332000,56667,480396,288377,358561,781989,0,31803,2158,13877,444747,884987,1023
462560,73444,669008,396222,338082,570574,0,29677,587,15861,636203,1274229,1051
315360,53224,456879,271901,254375,443417,510868,23185,3470,9906,429649,858411,744
319280,52469,461824,276404,256382,561906,502186,22887,1212,3450,433009,858541,973
352240,67342,509603,307971,520052,1135681,1018703,43817,3845,7513,462307,925730,1080
336880,60847,487469,293836,359937,822586,705685,31793,3133,5656,450773,892237,1074
463200,74115,670587,397523,339758,591946,665555,29933,3348,5661,635869,1277079,1098
323360,49510,467787,278831,260098,560979,509511,23092,760,2771,438860,875603,994
331200,57346,479347,288598,195607,688916,610326,508620,2402,4831,56700,880487,1007
325120,54407,470498,281760,167801,657972,594810,619605,2401,4841,36164,872273,1002
317840,53450,459808,273192,167743,485466,603702,628730,3741,6062,36994,871043,676
662880,118619,958486,574191,341406,1410493,1406528,1465042,3930,8919,80895,1778954,1796
470000,76083,680000,408163,244093,680355,660412,687826,2511,5335,43237,1268885,1212
320960,52303,464440,278558,165679,581215,502618,523566,2014,4096,31325,861286,1015
325760,55954,471525,282845,167770,674037,595454,620276,1607,4097,36906,869918,1018
307520,55372,445047,264492,161552,500441,578382,602369,3113,5362,36578,538181,690
569440,950583,823849,512543,275933,810914,751186,787187,72568,105374,243365,377004,1517
326480,57910,472309,282210,168644,692410,596333,621218,3134,5140,37694,81003,1041
318080,50024,460058,274433,165708,563371,502696,523649,994,4305,32249,67965,994
324800,53687,469937,281104,167810,667414,595750,620583,2000,3948,36642,81666,1024
335600,56102,485126,288365,174490,759343,935714,974500,1292,4892,50671,115228,791
314160,56021,454939,272733,161577,634652,570615,594418,2503,10454,37346,80826,698
477680,76969,691381,412295,248845,869299,770902,803037,1985,17318,47399,105619,272
1183073,1063195,1454527,971557,415323,1331755,453466,417041,121988,142970,496595,1120800,2473
328400,58725,475342,281209,174560,219569,0,0,3173,13760,445781,912133,754
338400,61842,489896,294307,173499,229526,0,0,5194,15201,452912,904197,1031
325520,58034,470829,282597,167731,191596,0,0,2149,14803,438532,871312,970
880800,544445,1274609,792336,423251,1284022,0,0,0,85643,1170627,2249093,3126
339040,60549,490645,295006,172271,510886,0,0,0,15527,450285,900280,1108
481200,87690,696313,419853,247229,613553,66993,0,0,22080,648627,1292767,1295
740160,527481,1070517,673261,348777,1164538,578546,0,0,99513,976708,1856578,2248
321200,57526,464690,279196,165618,435553,323997,0,0,0,435630,860282,1022
869280,524623,1257700,774456,427225,1262768,840706,1430440,0,0,1103047,2249424,2765
318240,54510,460765,273529,168105,351756,328646,643095,0,0,35519,873995,696
317440,50852,459468,272390,167742,351064,327899,626621,0,0,36226,872982,705
17083211,11786503,25599125,15184699,7272995,23102951,15548336,18051459,1078111,2212073,23831053,44743313,47405
10292651,5159798,9291086,6316753,2172974,19775841,6378759,7087495,1517050,1737164,12253277,23554763,39284
16335377,10015628,21968949,13522975,7080704,21597784,8410864,6456911,2028622,2553572,20900260,48126396,57079
20685017,19224394,33206297,20338930,11752376,43208738,22454478,20508351,3261233,4200245,33299316,61678509,73548
14995198,8808611,21447170,12688035,7276467,23019704,12661004,10884781,1245217,1558501,13910313,40603380,53981
367280,481574,531205,309126,196452,497858,392499,413629,30482,32772,0,1590683,1858
1458320,657262,2110248,1310043,698064,3060582,1374964,1436464,106018,194974,0,6109824,5957
335600,65257,485722,280634,180942,539954,353923,369109,4773,16647,0,0,0
523085,79731,693488,393780,268392,646721,525345,547579,1961,18648,0,0,0
1484520,454906,1191269,725717,410628,1657635,789638,825782,60903,89821,2495309,0,0
0,18093,566591,364288,250318,650344,490907,511638,7094,22248,890180,2178029,0
0,0,118003,77763,372213,982046,733038,766816,32878,55698,942324,2307354,0
40954,0,3603307,2205622,552811,799515,361624,377124,56771,68521,505343,80433,222
53620,0,1058146,600737,412479,661831,520118,542165,2661,19195,648975,104898,271
34875,0,705881,401622,275461,426831,349544,364329,2977,13353,437310,69471,193
40714,0,842601,476164,333747,356209,347843,362623,1167,10948,432492,82402,248
44544,0,716923,401307,272659,357269,333495,347610,2709,12566,420191,84510,278
667578,0,0,712635,367702,1356958,717929,751275,68268,93873,991610,1862073,2208
675355,0,0,47080,16279,484329,345430,360218,2244,13622,444433,1923841,2159
1292454,0,0,75656,27463,760638,522290,544836,5732,23853,674843,1469732,3738
654059,0,0,0,15570,480996,344248,359037,2123,13479,450030,919725,1984
1898305,2051688,2591218,2602705,929036,4532126,814031,1470949,354211,411028,2375875,4264842,7181
317760,25858,239964,34008,11181,923290,500845,521741,8733,19745,422678,857275,1241
329760,56463,476862,45974,13985,245421,659453,686949,2140,12560,444832,917862,876
477520,75175,690778,44168,14899,221209,828114,862630,1718,17767,647695,1289952,1639
488400,85019,706896,55578,17539,276745,753334,784904,7573,22294,657340,1303998,1695
353200,69128,510954,63843,20886,303686,1001444,1043191,10830,18780,461762,920716,1132
473600,93861,685300,46863,14978,244036,648421,675423,19582,29075,638138,1257514,1255
327520,52964,473867,182154,14137,213079,567942,606881,240,11941,439660,877197,1072
1871360,1246966,2707410,1803159,661726,3273696,1521067,2937339,31505,73021,2369471,4296699,6365
781280,582173,1130859,730832,289143,1027045,687296,882069,112091,138432,1013554,1878874,2904
423600,974345,613111,394158,192764,736678,607485,0,84619,86670,579769,1058904,1195
329360,66081,477037,286217,170468,621436,732638,0,3040,5348,442436,888349,790
330160,55433,477734,287231,168321,523084,627911,0,4531,6847,441492,878574,1118
321680,55281,465190,279125,165918,437100,493173,524933,0,3053,328289,861436,1044
1341841,296199,1664610,1150859,440458,2953152,764536,800318,253553,247426,2700964,9419200,10810
708585,115644,488740,296510,169903,509075,28214,30106,3123,15842,447176,1926226,2320
603475,96323,466432,278552,168080,371185,24972,26613,1371,12596,435074,1679987,1354
640899,107218,479143,289851,166576,505877,27821,29646,3511,16042,439705,1737810,2150
483689,77924,460363,274994,165604,409948,21454,22954,943,13004,431883,1322323,1500
835767,127337,700507,418885,250863,637499,36216,38577,1659,18403,653542,2287824,2505
460847,76741,438902,260841,159475,340002,242077,22786,1474,7961,412533,1274692,1008
1738954,1523111,1839737,1075183,444199,2551245,883302,591617,189228,218371,1373790,4375044,5548
1026932,188888,1485387,502146,255042,954717,506408,281687,20620,33220,717073,2649662,3213
661845,137635,957632,450741,238396,693877,474675,31082,6304,9264,663703,1684326,1973
739773,124570,1070500,439638,248007,623753,491858,35926,1804,4862,673318,1942607,2118
489411,80647,708112,287455,165332,334360,327916,23217,4276,6090,444777,1306126,978
987628,762429,1428552,891858,425688,1794473,839614,834944,11692,43831,1366463,2377798,3563
53980,28796,78212,54288,165080,496755,327448,341827,2691,22950,838041,864565,320
46302,16705,66477,44875,167777,465083,332518,347075,3257,23537,860035,873320,279
42332,17498,61240,41104,164937,459706,327161,341502,2863,23251,810716,857960,207
49212,16917,70693,46311,247944,630190,491768,513142,4337,29894,1073144,1284150,244
62579,23538,90572,59057,175938,556653,347560,363106,7294,41123,1408031,920286,315
300487,20160,71869,47921,58032,491996,322394,336625,3354,25966,890125,849941,754
328800,13832,52593,34882,11655,400319,327761,342026,765,17433,686274,856545,920
929241,269181,349622,281279,20849,1628424,362031,377711,95289,111158,1122649,3071503,3598
771235,277742,1129344,0,27386,2057480,560805,590751,174801,197043,936298,1587417,2975
346320,74553,501111,59430,0,0,577225,350537,8394,20032,459206,897298,1181
333840,59397,483220,43146,0,0,603189,346687,2416,14050,448114,875278,1100
6882249,4566497,11197139,7429747,2068164,10892332,1798891,4643771,827148,1335308,9282387,17705355,23925
10058989,4976525,13162563,9618670,4363759,23013293,11169143,12380443,1710475,2210808,19335772,32035682,38301
44817178,107020525,64625218,42281106,21503173,63446150,45513913,50033599,10903110,11486330,69802667,114027165,96182
38017290,194532387,55706637,41723502,11005103,44177405,23884655,27607783,20527452,21623011,53194029,67486559,57031
19677892,23816838,29260039,24421330,5976577,37519253,11449343,13572262,6212575,6674477,26063638,36026748,17942
17246777,27282846,25366694,19327271,4615756,30534826,9160725,9611986,955505,901777,14054029,26962216,21914
28033585,63748576,45125433,32863299,7943295,48231188,15578337,17443848,6603815,7312548,29949950,46399308,29852
28825676,48331933,41565577,29427013,6895664,45770097,14495347,16110988,4878364,6005305,29238024,46313089,28876
28231600,57537546,42813736,29879020,7095334,44175738,14709163,16779631,7416424,7929792,31749388,46157993,28994
21503998,31224510,32314242,24264705,5371368,39077902,10941755,12404177,3150242,3588966,20459255,33661765,22308
24944583,45181565,36090389,26528489,6107096,37821938,9912427,10897465,3210043,4853958,19016605,37125690,27685
13136557,13417471,17949203,13084772,2991527,24384500,6816934,7676149,408924,734813,14980184,25940975,19657
25587738,37872420,37068281,26930327,6165430,42778313,12288320,13362649,3773217,4723111,24614005,40845203,29106
19096108,37707259,30178928,21297089,5162404,40892624,12145164,14186151,4288177,4643948,18571089,28886349,25220
23485205,26393311,32879360,23569017,5101806,35397931,8577396,9689840,2093384,3593482,18010545,34250337,29669
26991558,35150208,37439987,28532748,7255935,47015182,13582932,15135361,5938365,7284142,27599163,45749296,28322
28437347,54434821,40533192,31369101,7917747,47767363,13920722,15788842,6053090,6440263,26488240,43872942,29168
28970079,57957940,39776509,30370363,7427865,46234021,13176182,15402249,6851082,6963073,28129717,45108076,30875
28395650,43064972,38375681,28411233,6859339,49025068,14437096,15485721,4780589,5838207,26981074,45371152,33685
28392645,32054449,36563831,26549678,6377115,46871317,12990319,13748152,3612091,5318446,28522818,47581586,34552
28665501,58020267,40872584,31151390,7899325,49011317,14480784,15570195,4848657,7169427,28615257,47065906,29200
24718167,33340162,34772740,25310048,5385094,42415289,11974802,14524147,4838759,5319431,22895840,37776758,26213
28135826,64728903,40953761,29759684,6981612,46484741,13715763,14038317,2450194,4294487,26789930,45893782,30147
29830312,66944319,41251347,28776178,7111575,46806880,14480458,14757175,5156115,6232425,29173773,47275773,30791
29624532,52569206,40343375,28866914,6783047,46680172,13241782,14093653,3294005,5595693,29045072,46955219,30189
20148534,26481349,30118805,21632053,7702222,40917908,16726904,19594979,3536322,3969527,22055405,36624317,38293
30444850,33000780,46610923,32146455,11399518,50794102,24989529,27349409,4084693,4810103,36847719,61830550,47775
30600675,41953370,42711758,29658146,13020109,48866879,25144066,24897211,2294821,2759604,29054349,52663841,67023
37033990,23545935,53019429,34162160,13788453,54040817,26535778,29527592,2207384,3257448,41001108,85449516,100347
28833692,19389554,41910009,26932337,11168838,48496698,23333909,24033279,1740722,2376202,28412395,56644253,64329
31202178,13447944,43757890,29169408,13752772,52544536,24507406,26846943,1844803,2882054,31250067,70490670,86592
24230580,8306243,30536964,19492484,8140009,33118782,14115833,16243377,1664577,2228296,27076453,58734097,63570
31545610,11691530,49955346,33553043,18235355,58442984,39967189,43018129,1631644,2944851,45581958,80734893,73603
49781101,13816935,72893102,45145719,25180329,60941944,42631046,44051343,1344165,2834167,57335735,129208190,118411
39481878,10342573,52171391,31208815,17914950,50550649,37885702,42167973,1308071,2819195,59048129,121274187,104119
28439921,9533751,45137379,29384622,15385864,49733629,30852015,33699535,1311578,2329988,38306843,72193283,83456
29974300,46636041,43691571,29547838,10814482,50246463,20623788,21668709,3307253,4709576,33716990,60809355,48875
32824070,10646194,44059563,27258477,13437604,47868046,28114020,29891892,1727849,2792766,42564500,95230780,93547
35626695,16830431,48655905,32084157,15753602,54322677,32643893,35713609,2509563,3806571,49434688,100974958,95281
32407200,24269618,46872021,33159987,12854037,52098295,22719721,24648460,4152350,4373195,33555181,63848737,63154
32308517,31472277,49034703,32116485,11645283,54322245,26482254,27323713,5133751,5714304,42267340,73476334,57008
21829800,15468642,27178217,19940191,5261807,40643649,12286082,13823563,4807442,5333451,23304077,38939815,24298
18515026,10244565,23510612,18596901,4901181,38568903,12188230,13582520,5629418,6036483,24394504,34604049,21611
23216804,58381251,30785707,22366181,5102954,28038322,7484347,7420956,1060114,3303739,20989592,40505530,30477
21923133,37932452,28543988,18869192,4287587,32559732,9821459,12297927,4599574,5011910,23263067,37957246,27008
15078322,4516487,21606470,18873528,5559327,38392662,12567304,13883633,6247084,6683596,24519243,31058681,16029
13595879,15562261,27361713,22617239,5383805,36434489,10987842,12611443,4642104,4989732,16424719,17759929,13630
22502777,45739542,30194418,21459976,4724818,31009719,8338894,10599636,3898356,4964426,20476511,36716878,25600
21499278,30466926,25792106,17667754,4518334,36475606,11837595,14281691,6412760,7017795,26907176,41062948,26310
11404716,2006905,21001079,19782834,5302818,34810949,10668600,11992970,4646904,4954808,18676308,18959441,11826
16878390,31629630,32117091,25220552,6167424,39185018,12052517,13366954,4405431,4746888,15431460,22864862,14248
24901175,67814392,34484712,25300779,6095231,35777463,11463157,12418087,4974244,2794690,10968524,29052603,24565
22751114,45128159,31354592,23138979,5268686,30045479,7227700,7378517,1647996,4052239,21798228,37371660,23108
24590158,55501390,30209739,19791734,4255654,31977785,10507280,13550023,6218001,6812452,26455570,42933404,27489
11810940,1596258,17679669,16088896,4773194,33836554,10605313,12015787,4626226,5005633,20039324,25337220,11656
15357755,15926590,29877413,25025126,6196514,38995484,12110093,13758807,4526819,4872925,18905109,22878436,12781
19689834,53652805,28889785,22507315,5137064,33454239,10290875,11684526,4588367,4843442,16883424,29532824,22831
23500563,43621880,32535548,24581585,5930344,36591226,10718455,11284331,1940748,984288,13280854,32046170,23496
24409364,58701525,33792142,25346154,5867288,33672611,9208214,8994478,1677745,3552803,22819394,40277850,26411
6179794,21101486,9448017,7449270,2371207,13225683,3956813,4806322,2810263,3430431,9325208,11520163,8274
581680,844159,1239103,1122329,467834,4423258,938054,978854,304144,363161,1255272,1659911,3078
1119705,905276,1506183,851682,126372,3067725,509773,775758,262411,301319,1232473,2348061,4401
1152622,1053551,1579484,1120623,353022,3532184,503530,283711,208131,247565,1166536,2308502,4391
1143968,909472,1554885,1073354,347852,3785993,717538,757154,165498,205240,444900,1664329,3711
2413130,986159,4310060,3577191,1044611,10088581,2449104,2704199,300199,371139,2713121,3319028,4200
7545637,1644291,10963189,7904539,1934342,16515474,4254241,4965553,425287,619618,6995103,13718607,8945
21168547,3089317,30445663,23112196,5498745,41065030,10485944,11763589,531825,937733,16609152,33758610,18627
20405598,2787930,30269045,22935318,5456857,40776766,10340071,11647356,484011,918488,16464857,32624562,16342
21144901,2743569,30313124,23108800,5483096,41312355,10464839,11550595,518983,983998,17284426,34301365,18587
15873253,12374668,23488065,17861101,4438203,31943919,7729705,8368218,1481799,1976662,14811879,26758389,22101
22598463,39126870,30145577,21294051,5848371,36625498,12868599,14385183,6080537,5208882,21469753,38159186,24388
11265628,28694327,16645694,11857314,2998729,20077105,5974764,6019459,796861,1570751,11380032,18084398,13497
1178011,846394,1272147,652757,239994,3966771,918373,1000973,339467,393569,1641117,3076599,4934
1183015,1109377,1650663,1170986,246708,2984023,276762,525306,268903,314416,1213574,2343994,4442
1133861,968280,1544187,1074570,336316,3824026,581768,519515,133227,231113,821223,2354154,4572
840248,964960,1552564,1092329,362081,3859152,742487,774753,246909,227774,463710,848408,3554
864106,569485,1201297,855613,357159,4365860,928013,957117,280215,334069,1529341,2378459,3825
1707983,1391848,2320117,1383122,347752,4341376,517692,783718,265043,468072,2059156,3864612,6487
1156396,959131,1598270,1114889,364137,3854773,511313,280924,128432,215792,1159093,2320753,4423
1166313,957295,1586198,1099518,349271,3812650,712128,747855,235265,224067,466472,863361,3581
600839,799808,1196686,1105804,348198,3910760,715006,745822,263743,313937,1040606,877123,3050
1163930,951542,1578500,848529,242761,3305886,726000,979731,280839,333730,1536142,3144078,4399
1155479,950624,1557796,1092924,346637,3829072,494526,279629,133118,233606,1243067,2445434,4455
18946464,2912179,28716517,22228772,5092555,39441518,9525987,10576427,591975,899866,14019747,27514881,18999
20836464,2729452,30273597,23394817,5377723,40713360,10217269,11437504,598830,1043589,16788246,32037787,17594
21902060,3051172,30730346,23040255,5225542,40524643,10289767,11511957,651885,1095493,17449261,34681623,20901
21335957,2966516,30962670,23515026,5342116,40477302,9815492,11245369,555340,966977,17059132,33980890,20581
3713392,1458495,5948050,4855024,1313346,12309898,2344541,2614518,220978,329848,2602902,5361601,9472
638777,493704,1753635,1259397,362546,5065350,743257,775283,179171,249102,895731,915550,3728
951903,280581,917137,668229,242431,4961244,698890,725101,182759,255567,1283652,2558650,5568
1249331,656008,1731836,1233507,236300,3545229,268734,528495,168509,242571,1316031,2558691,6813
1273558,699430,1789115,1275566,362011,5050777,740958,527606,48943,104663,871765,2454735,6889
954271,670739,2101078,1503783,451364,5581717,908229,948093,221566,285698,870268,908828,3936
954261,274196,934354,693160,244228,5212251,747772,778617,167168,248019,1305738,2514782,5199
1406697,1118795,1917056,1100892,128641,3985388,499355,744007,268861,343091,1386849,2639803,7705
1261673,703867,1713785,1235372,338673,5043746,483354,284481,56779,189217,1319578,2551971,7081
1268594,699264,1779083,1278511,362139,5142870,743895,776468,170456,175879,520264,894754,5241
952122,286772,1345774,1251699,356939,5622926,935581,976446,222085,312886,1691352,1758807,5023
1256968,769559,1733573,974993,161671,3654343,511235,664839,209554,285796,1315816,2442285,7107
1288735,708433,1790763,1275981,364151,5151713,506574,284816,49331,178230,1247173,2523854,7281
1295098,704589,1766833,1246557,345217,4993114,707442,747665,168953,176337,514524,918442,5408
918988,273288,1341125,1251809,361429,5786693,957637,999424,225828,308017,1628466,1630689,5092
1284226,488799,1351815,971497,240187,4976524,712759,973889,222887,305858,1683514,3482998,7063
24683884,54636382,36463882,26369844,5959312,40421543,12628507,14383985,5524013,5713540,23682312,39773645,33101
11917499,22450242,18377054,14326857,3450940,23220000,6736767,7328364,2325580,2011189,9889216,17727565,14096
1032117,1548224,2081485,1584695,343818,6163956,694757,727354,518105,578216,1187505,922921,3308
1332849,1256049,1240197,1006066,236825,6135892,720095,754146,492151,547883,1520998,2419284,4800
1691126,1854033,2129611,1632471,241243,4694463,276146,517007,533529,585614,1553533,2504034,6630
1987567,1897152,2441811,1837736,449819,6852283,933511,758181,449633,500067,1169463,2566821,6320
1022161,1525242,1669004,1632551,361484,6475991,738901,771318,526841,580586,1186999,890530,3098
1354668,1408643,1576598,1084046,241583,6176325,704882,734753,508413,564954,1537428,2523333,4991
1625904,1711469,2060899,1586649,235562,4796169,271552,521197,523762,573771,1568602,2487540,6489
1669206,1778606,2124476,1628864,354855,6463529,727898,519762,394346,437938,1145049,2406670,6349
1385640,1646578,2082654,1870188,461204,6924940,926634,969315,561087,634137,1198972,913132,3322
1321628,1639560,1668824,1040281,235062,5403317,728918,760665,555068,610856,1586939,2412252,4517
1689191,1694007,2100148,1614674,243086,5565857,275919,513778,444861,558226,1504679,2472032,6210
1890002,1916423,2350051,1787094,434869,6660969,467843,411383,400990,578864,1739291,3185536,7146
1655169,1710511,2095722,1629686,352973,6343404,720369,753973,514170,498045,786445,911862,4871
1338365,1408133,1729084,1899573,453989,7537286,1129137,1179312,659805,730693,2359800,1786988,4892
1626224,1654656,2032733,1290518,235497,4730070,499826,521219,503828,560032,1522906,2451834,6169
1627452,1666704,2057557,1564084,348714,6203394,497022,513918,367865,476160,1096554,2398434,6437
1333629,1617647,2025756,1545386,340183,6133879,696629,736674,491706,489485,758119,913801,4867
974541,1232900,1641157,1319193,355019,6191770,725559,755492,483918,536337,1484993,1590843,3163
1641606,1497954,1632554,1056919,127682,5407527,653123,711508,492096,548940,1471296,2454137,6367
1977211,1873030,2405181,1823462,450848,6144341,493857,520922,442497,554095,1549887,3334660,7657
1309581,1604006,2034703,1568820,353266,6196069,722583,754280,477179,461602,734365,887570,4704
930428,1293228,1608094,1245695,341389,5841304,688001,717931,485052,537808,1494111,1701776,3111
1627993,1439476,1637002,1265591,127832,5541966,504543,764430,486124,550299,1507862,2434492,6328
1570488,1697240,2064035,1565583,356631,5326410,496975,288724,447657,491691,1472439,2449343,6305
1589150,1914022,2414266,1812195,442237,6603376,901908,955448,506586,503346,778066,1741378,5814
1002440,1264908,1623274,1283778,356280,6163635,729274,760419,488029,537837,1464657,1615533,3090
1321175,1476371,1652499,1008173,236356,5420999,692121,724017,478194,529965,1495108,2555514,4915
1607513,1611486,2004747,1535655,235350,5414587,268827,505731,435768,555184,1527796,2446241,6173
1671487,1628932,2065866,1566272,352600,6057157,721733,516469,410065,395158,1102963,1672349,6490
1326192,1441759,2456727,2089676,560398,7406672,1130768,1186367,606559,682957,1909409,927694,3501
1460805,1368007,1580598,971478,154303,5302658,726667,758477,457278,525002,1485100,2393875,4798
1631509,1680437,2060499,1585914,240762,5513034,273592,507663,442381,555709,1475799,2455735,6334
1611600,1646274,2013498,1538701,339970,6021315,705928,516938,425190,408622,1143188,1713295,6495
1361825,1389393,2007010,1552733,352651,6121990,724738,757280,475068,524602,1087778,892246,3217
1643926,1440185,1617492,1265242,240182,5750939,924149,964999,530258,598064,1905470,2585665,6356
1632956,1614889,2015537,1547913,345174,5383949,272383,284804,432540,551931,1555002,2499374,6349
1614388,1652949,2043861,1568024,354984,6151716,726913,725061,427204,410017,870058,1641770,6138
1283203,1471271,2028990,1534846,342252,5911925,696351,729356,485977,545893,1144377,885096,3111
1305632,1196602,1230878,1283009,237988,6230929,727427,758042,480736,542051,1488223,1641923,4378
1647219,1683585,2077646,1302183,242862,4695515,495288,512016,490317,547458,1493775,2479811,6576
1939372,1816892,2384724,1796305,450936,6597700,713870,755123,424346,478872,1153198,2529395,7537
1337108,1619323,2037884,1548755,353177,6062099,725093,757313,480509,536858,737054,896049,3211
977808,1242096,1302345,1264376,345328,5991814,697991,726711,477180,537080,1522389,1730493,3192
1607015,1497604,1639536,1260405,126706,5282622,487624,743036,487116,546849,1506792,2427448,6186
4155686,2641749,5056563,1693929,364446,5597537,2086793,2144576,725084,890821,4263175,8632788,16482
2085071,1756256,2406717,1818048,445863,6984962,915278,743443,511040,464356,1113494,1698235,6934
1336767,1341084,1959536,1764476,467393,6706053,938835,977457,498189,493930,1420876,911887,4578
1712746,1350611,1593516,946038,126801,5074856,699367,729478,441002,502273,1452019,2587633,6766
1647206,1518847,1939069,1461030,342639,5122369,276578,292822,391861,511513,1450511,2458000,6293
1654696,1501132,1940024,1477771,341257,5849438,692176,562789,395853,373559,970387,1588006,6137
1362650,1338894,1960658,1721513,451121,6347462,905167,952197,509511,575766,1493372,890946,3115
1663017,1356259,1560222,965739,124353,5179624,698300,730556,458679,519056,1406935,2333364,5995
1720439,1566525,1993835,1505085,357190,5119991,270351,282465,400174,512377,1428460,2512238,6532
1713567,1464702,1908259,1448913,333619,5661367,688744,729975,394913,383783,735321,1702275,6505
1031587,1328128,1954132,1492103,352038,5909812,719786,752208,460409,513232,1094466,896977,3243
1721940,1315614,1579417,1146992,231655,5933610,899076,936920,488636,557239,1801934,2988178,6768
1630811,1569686,1954394,1496406,348290,5169020,276370,289101,413172,536663,1497909,2478431,6251
1657436,1553640,2006612,1515330,362892,5898745,735999,757734,392419,376909,719796,1658033,6176
1022979,1358862,1936662,1458870,332722,5785845,675252,708464,448244,501338,1070362,880225,3256
1334313,1195874,1189594,957968,237693,5951709,718788,748405,457918,515389,1441461,2399696,4543
1724307,1576824,2001304,1521429,244354,4462807,272101,502308,456279,522657,1438608,2493464,6485
1980736,1635836,2301033,1920203,548296,6923335,1052965,991041,451548,509051,1441283,2460514,7758
964683,1438148,2024425,1559828,365498,6099089,737632,771547,483517,541160,1123621,918807,3107
1377984,1370034,1654323,1549365,459528,6714755,910506,737353,483435,547321,1901161,2570640,5230
1576155,1595838,2001183,1276571,124912,4755763,503002,768161,494186,554858,1522484,2454703,6200
1606826,1618448,2042402,1540956,362019,6066598,501829,284833,354896,467862,1457146,2471983,6214
1686558,1758697,2420350,1791204,457399,6667229,928070,981077,548340,549958,1058633,897788,4817
1012460,1147867,1203036,1258225,362512,6116637,734155,765711,462942,519416,1473478,1656587,3279
1633045,1662785,2073614,1275969,127302,4690426,496196,740572,489421,543169,1506582,2567978,6804
1674969,1755355,2084910,1609020,349107,6326255,501106,288266,426940,538449,1597990,2570074,6303
1642552,1563403,2065974,1567775,359699,6298028,728278,756202,488041,484846,755201,888489,4583
1300480,1302253,1644432,1538992,351990,6579513,921890,961503,539929,608956,1908203,1745715,4716
1646540,1603987,2071762,1309464,233709,4973318,508408,547344,501567,557991,1541082,2531826,6836
1653293,1614875,2026757,1557057,348528,6194668,473397,292385,374585,486191,1431854,2421101,6593
1598180,1625593,2023461,1529776,346880,5874740,707782,748096,485290,482571,758272,891102,4821
1011835,1248999,1604571,1522623,362135,6127310,734752,766475,490257,547662,1484329,902743,3154
1653307,1393953,1630527,1022441,126423,5426845,696299,717263,498300,540729,1476387,2500283,6611
1954242,1737553,2381302,1780720,459207,6043882,494834,526850,419454,536240,1520770,3385403,7521
1367812,1623478,2068784,1576893,361158,6123212,736538,768546,492792,481382,767447,895414,4871
1346013,1633924,2386575,1833476,438068,6768569,680389,718336,530244,634950,1497752,1701380,4846
1277782,1261559,1216316,991896,242783,5844097,732378,765138,495646,547346,1486465,2427853,4407
1664931,1653420,2075508,1573138,243710,4761434,272090,512217,495445,559517,1508317,2546520,6510
1945529,1708211,2342216,1752093,454094,6516486,933820,750253,420008,470705,1141469,2533352,6055
963299,1441647,1651873,1592926,363038,6264697,736826,768418,500615,549981,1122272,877332,3055
1319622,1429452,1639760,1016905,241874,5442248,707827,738727,497681,548768,1517056,2588509,4916
1553138,1615041,1965772,1494382,223622,4676900,276849,526975,488235,546802,1481277,2411273,6353
1713381,1553837,2040504,1549950,360893,6005193,491847,277834,364843,466537,1461996,2515243,6484
1611798,1576537,2396277,1769364,452696,6730867,920203,976405,553635,550133,1141176,892565,4810
1312107,1272595,1252093,1298284,244769,6215222,734204,766786,510096,562404,1505934,1692951,5101
1703495,1626622,2063722,1301131,243912,4818096,493289,510468,496570,551711,1520392,2578604,6589
1656020,1571717,2012636,1525520,347771,6116960,497387,523722,385433,494752,1146004,2537395,6193
1469660,1615316,2069869,1578662,363125,6136476,733206,763759,488793,463780,747516,894256,4866
1306340,1278651,1643223,1544011,350298,6548653,922204,962605,555153,624004,1943060,1778536,4899
1577968,1625923,1970956,1252906,240739,4560507,493830,515154,493634,552664,1507062,2435789,5982
1722561,1679831,2090753,1602299,362957,5529921,494425,284283,441699,492681,1525396,2581826,6717
1679242,1548673,2021174,1557515,349435,6175137,727173,767385,430775,479167,753519,1722557,4828
1289846,1675560,2085032,1591343,364157,6195718,959250,999839,570320,634411,1467036,1630274,4815
1371532,1266985,1493915,998754,236451,5882135,700538,730886,490436,547923,1506600,2564368,4867
1931474,1736932,2363485,1758424,352462,5415463,504155,524789,481124,531589,1884948,3272429,7374
1587879,1686242,2081755,1585533,363225,6111552,732907,754024,459192,503771,775078,1667949,4741
987949,1472260,1668721,1561409,348121,6137306,706569,742853,522760,577538,1181188,916871,3193
1252074,1416552,1597063,996343,236352,5426725,716617,747284,501103,555659,1483097,2373322,4375
1708210,1558208,2026927,1529909,243441,5234531,266187,506968,402285,512513,1461634,2540058,6300
2019623,1674923,2316345,1741231,444265,6518915,921212,737547,437220,455828,1130582,1802766,6173
1034159,1366972,1579095,1485260,338477,5999460,694724,725228,449070,504288,1067850,902831,3289
1373629,1397819,1644645,985952,233739,5272511,694124,725418,458869,522523,1465408,2569995,5287
1660879,1548190,1979083,1495913,235144,5126451,272312,526895,428699,538661,1495506,2493700,6494
1665884,1510098,1997094,1529385,355005,6083970,720477,514159,401456,390201,1087216,1636416,6419
1356506,1292335,1936458,1696227,447925,6396406,902501,954928,488005,563724,1475474,890346,3090
1324203,1119579,1177032,991613,239572,5993472,724385,755443,472287,526154,1454531,2347357,4725
1711667,1568465,1983150,1297145,237220,4528273,399607,472831,462875,520458,1429156,2455397,6464
1912052,1653244,2292921,1696334,459901,5643395,497278,524070,387760,507577,1479694,3324354,7128
1369191,1550871,2047851,1545766,364008,6011449,735666,761151,463924,452565,742319,926010,4958
1364452,1136275,1579043,1230249,440443,6999240,1096085,1146253,577007,642478,2209272,3336021,4765
1681730,1457392,1912663,1438860,336383,5662394,692213,503147,338432,370807,1100574,2524568,6574
1325958,1513223,1942830,1483610,349033,5892394,710534,741007,453799,508543,726680,869757,3247
1001817,1198963,1449945,1237756,339773,5861265,673143,703285,465292,516425,1437401,1713364,3161
1645856,1354153,1598424,1252443,125567,5245386,501687,767426,491506,548694,1531707,2484910,5920
1664866,1544533,1984899,1494506,349148,5269689,496126,284435,392490,443114,1381421,2357130,6212
1746403,1809373,2412263,1785540,456429,6583550,911594,953241,467300,533774,755675,1786690,5146
1047268,1207807,1218740,1270118,358991,6085224,733753,761985,479110,530293,1506960,1687286,3217
1706636,1538624,1991591,1243604,125072,4456158,473682,722531,464498,515717,1438311,2470759,6464
1708509,1518323,1975149,1484047,345933,5486335,503909,294735,398452,458698,1513585,2624610,6541
1656999,1543440,1977834,1509539,358159,5981392,727368,758870,395594,444917,721958,1632339,4635
1001746,1334646,1554042,1497485,464552,6406749,909210,943543,509397,574267,1484919,1730409,3107
1677395,1483520,1919651,1220721,124328,4618183,481856,729645,467873,514811,1459161,2420882,6313
1658529,1546581,1993402,1511097,355056,5940434,504348,283191,347687,450004,1420443,2406102,6342
1678222,1516668,1967223,1474231,345732,5700473,694072,726061,451826,447354,731230,906186,4985
1033645,1277849,1561748,1468300,347880,5917145,721345,753180,454829,509828,1353828,904448,3281
2077676,1737182,2407725,1517780,247967,5442828,722343,1182877,556943,629346,2121890,4035768,7946
1660793,1495857,1930458,1480170,339635,5234983,273738,287608,399053,523377,1478186,2486107,6045
1680064,1501322,1958926,1504285,349118,6023356,709964,740377,417632,392658,734298,1615738,6161
1050459,1387831,2015231,1498593,350275,5837309,699251,729724,456744,509524,1097852,870138,3307
1344302,1205775,1211905,977210,240292,5806666,737978,768304,471474,530543,1491194,2466602,4479
1691663,1512426,2002376,1467259,240271,4549493,290094,510315,454583,512513,1416613,2422257,6374
2008593,1657323,2318851,1685702,442301,6213979,692265,720321,402403,442798,1086594,2534647,7888
1010988,1365790,1952295,1494286,354173,5948703,717428,746137,471288,528419,1068017,891365,3103
1050253,1198535,1236443,1274102,352458,5971812,697055,728520,481195,538257,1496241,1727083,3240
1685149,1512873,1971627,1235758,126362,4547900,497340,755650,450207,506982,1477212,2474544,6589
1673420,1566542,2024004,1550100,355910,6112836,490411,285451,353416,464039,1433579,2410592,6455
1704811,1746585,2347723,1730979,440530,6460076,882333,924454,505307,522712,778855,937052,5059
1063323,1169592,1201065,1235828,353994,6024561,726916,755948,468167,521304,1478019,1694982,3285
1720589,1561656,2007821,1235076,126995,4593048,494947,726010,459778,525553,1451477,2492066,6465
1637563,1541902,1943821,1476093,338944,5776964,473572,281187,346295,462676,1484541,2527883,6185
1727417,1634603,2045252,1547293,360744,6089405,733319,765151,405412,388431,738503,1707138,6630
1043922,1363825,1997464,1505070,458752,6542934,909268,946423,500625,576248,1477471,1797995,3513
1596099,1365396,1554642,1049203,235454,5891867,815415,939385,499963,579638,1778695,3071512,6033
1695283,1490185,2000988,1514282,357251,5168954,272523,284521,405143,505476,1437864,2450724,6262
1675246,1520348,1966146,1469803,340128,5921850,692199,732049,403812,391574,735322,1726624,6176
1014920,1370035,1985977,1518549,362365,6078103,737037,768704,463847,529974,1099867,862884,3052
1720690,1375184,1626234,1267147,244131,5880824,715505,956384,512734,571123,1812470,3354737,6178
1653094,1502997,1947512,1471532,239120,5197039,269500,512526,401068,519710,1491441,2485380,6107
1718764,1547267,2035200,1544526,362508,5861705,730581,514321,356068,393529,1099729,1880774,6515
1362505,1492467,1960594,1468765,342081,5737914,692849,731364,462962,518865,746077,881768,3103
1017553,1175488,1186134,1211030,351757,5819265,728085,759277,458805,526536,1466302,1657779,3257
1713271,1603031,2036939,1274519,127413,4774550,493510,738703,475356,529813,1449765,2528820,6762
1973213,1681521,2336293,1733625,447924,6504380,697495,517071,405590,456769,1495274,2541787,7844
1325906,1345241,2012018,1548549,366631,6057925,743083,773079,469146,513714,1093045,872806,3119
1269786,1194201,1225161,1266583,252743,5886763,699120,729098,438180,491520,1458277,1751110,4431
1661084,1540559,1968251,1231019,126144,4473166,501125,761215,468576,529723,1504243,2510452,6072
1687676,1516560,2001458,1525032,352393,5933421,499395,280881,345848,445353,1424482,2418279,6442
1719336,1473338,2367597,1726345,562852,7067877,1122245,1180997,564308,593006,1501709,1728661,4787
1358951,1183043,1215609,1230543,230739,6109279,711177,742532,470423,527476,1475690,1706257,4725
1667244,1542809,2366960,1484407,342957,5301007,695787,715796,503262,569535,1746380,2494317,6280
1689416,1500449,1957995,1476771,344357,5821021,495470,504011,346197,449011,1143524,2568459,6330
1620888,1457575,1931037,1493329,345533,5970222,702507,729179,452050,436138,720363,887423,4744
1029146,1394530,2012363,1499475,464651,6371910,920086,960729,514536,580132,1477785,1759759,3268
1648118,1317379,1579329,1236063,125380,5386337,493550,758957,474408,526992,1485747,2446817,6078
1713998,1517545,1971351,1479283,353036,5046596,498552,284755,389916,445174,1400121,2439363,6306
1702799,1578594,1988111,1506027,343073,5943866,703819,744265,416137,472711,743430,1755904,4748
1019867,1349125,1587779,1482781,354136,5937834,720991,751958,455263,509062,1074071,878446,3053
1669983,1323765,1629275,1211559,239026,5792404,671394,902589,494434,554917,1746345,3204731,6513
1686699,1500619,1952631,1469855,342635,5120390,487262,286631,404785,457610,1470415,2509493,6489
1677198,1526776,1974779,1504273,353792,5964423,719686,520656,394331,371552,1049164,1635961,6333
1353363,1337534,1912037,1436525,327484,5812454,667049,702111,449333,510729,1070224,882231,3108
1340077,1140066,1173693,1216712,243586,5926702,737613,767319,463366,526958,1470645,1666909,4605
1720726,1544974,2018820,1258664,244334,4551631,494778,509512,453883,517254,1446005,2529622,6474
1973120,1672255,2275804,1688530,434284,6297669,671693,613650,412153,432277,1285113,2413635,7576
1329650,1342799,1977787,1509267,352781,5990816,716249,745511,447498,508894,1067532,898138,3226
1740234,1385138,1620016,1531246,344697,6555791,900267,942996,525509,529535,1501773,1800835,6839
1618592,1348713,1575438,1219406,126566,5248888,506154,769164,472322,530420,1492924,2490997,6172
1672596,1501401,1938276,1474919,349510,5188455,490266,280788,395866,443138,1378790,2406919,6218
1681913,1690473,2363914,1745694,455104,6539638,921105,975137,457305,520057,735637,1759190,4683
1027386,1179672,1350613,1224395,349158,5818814,707916,741017,463852,500116,1396635,1556721,3149
1709711,1390495,1617871,1245609,125428,5214569,484798,726980,451598,502471,1441579,2543586,6641
1675242,1517433,1939265,1474139,339232,5106415,490769,284545,409530,460713,1473959,2504139,6367
1675199,1514971,1989649,1502387,353783,5918564,719084,745318,393374,432596,721279,1640167,4746
991276,1356710,1579168,1457792,456696,6237116,906297,944523,493349,562878,1451650,1721857,3113
1622183,1537508,1977702,1236030,128429,4492625,501568,764496,469040,536504,1498568,2476179,6073
1730398,1568641,2046019,1559333,363409,5634097,498848,282960,386758,449852,1461203,2527461,6651
1672732,1452105,1928657,1455866,338089,5761492,691986,729280,394516,437998,725552,1755422,4812
1031192,1396378,1607974,1516625,358188,5979505,725998,755129,468994,526265,1083375,903818,3234
1689887,1597259,1975207,1205024,238261,5137542,701244,933988,525738,588167,1818261,3322775,6400
1605375,1542434,1918426,1461307,239653,4387800,271775,516436,464452,521147,1442278,2414888,5813
1726557,1593208,1983695,1512330,348993,5949619,699027,496411,370758,408422,1094632,2417848,6135
1679644,1492812,1919644,1473134,340424,5946424,709910,750822,444406,468891,728877,974640,4826
1336120,1580495,1983110,1819663,445664,6142726,706542,760051,541714,602910,1481589,1606948,4649
1379578,1349634,1598310,966653,238926,5143256,696659,726781,462593,523348,1492184,2575863,4886
1964040,1699844,2319630,1705511,346814,5616285,493853,518444,394901,512597,1862054,3267468,7794
1662820,1552147,1984665,1512146,357830,5934617,727644,748566,446205,448495,717403,892521,4766
1028850,1118072,1563809,1470432,339478,5848039,690573,729735,451487,510043,1482367,890752,3106
1604804,1348056,1562973,980573,128255,5360703,711020,741422,469414,524784,1432775,2333163,5776
1696051,1500273,1911549,1269996,228067,4571898,385799,469298,440224,498100,1370727,2374033,6555
1974134,1658653,2333351,1746178,460070,6563635,725075,759323,416840,466515,1131779,2516650,7502
1027636,1392946,1987593,1500064,345166,5921125,699039,721052,468942,524888,1053955,896283,3198
1369386,1219070,1187491,975171,239240,5905786,709413,742670,475223,535246,1518672,2641160,5088
1656473,1593996,2024388,1548315,241348,4892825,274540,528007,495172,552198,1514877,2475374,6252
1661107,1622174,2066384,1568541,361711,6118580,721371,513249,391984,434952,1115137,2509719,6382
1271504,1556966,2325371,1733473,440140,6512449,903150,958290,528977,525251,1134659,882635,4386
1260635,1228821,1221531,1011991,243995,6148954,727154,757053,493430,544544,1474945,2383013,4568
1812328,1860493,2347977,1546636,262817,5508935,488585,506749,530101,657756,1750352,2760970,7897
1941965,1806697,2383994,1803124,456550,5964803,721697,764721,514477,503148,1165530,2547442,7404
1329472,1614367,2463607,1875433,363486,6352143,742363,1001735,559004,616246,1462800,1607010,4628
1354771,1316275,1246464,1017790,238342,6063885,705369,736403,509166,562224,1530416,2611525,4893
1895115,1723304,2380559,1653029,349162,5383646,324532,524529,461538,593691,1880623,3298508,7566
1619932,1633228,2037623,1552590,355880,6021432,723776,744553,434677,416944,754695,1664394,6211
986799,1397044,2017868,1522954,345377,6105367,704865,743405,500820,558342,1159206,897724,3082
1285613,1265850,1248530,1015572,243696,6161535,733440,764989,504121,555643,1492857,2424805,4775
1627709,1659682,2063008,1566814,242966,4509079,269432,508439,493048,548407,1509155,2543168,6608
1957477,1862312,2420846,1830649,457423,6785369,947702,764146,453562,439116,1155249,2535564,7187
1008712,1485930,2033725,1555924,360692,6087381,733377,764934,486292,534107,1082303,877074,2966
1356336,1170728,1232823,999429,239214,6017897,705719,734640,493330,552650,1524636,2604155,4913
1630471,1623334,2041030,1547303,236940,4669302,273832,530326,506402,572152,1558869,2543173,6543
1679255,1676398,2063884,1581005,350715,6181698,710668,496595,381536,420233,1116362,2429775,6463
1351309,1581620,2047500,1800767,456000,6679801,917502,973399,543315,612734,1142225,917136,3304
1294326,1346904,1550573,1004829,241986,5542420,732493,767631,489016,540674,1491261,2435677,4659
1691862,1644139,2002697,1522489,223721,4774468,270339,509422,491754,550657,1466331,2452033,6375
1640486,1559397,1986476,1539000,346286,6078153,723927,525077,373582,415491,1146391,2558567,6346
1285987,1674747,2049956,1576960,360942,6074901,732834,764630,504087,555769,749164,866659,2991
1661007,1642017,2043767,1309735,347137,6272795,1116206,1164456,603577,680491,2258098,3329497,6092
1566836,1600675,1996876,1513557,237083,5304802,270612,522497,439267,556446,1527473,2505077,6094
1654637,1635427,2078280,1594377,359471,6165580,728531,516697,423772,417790,1124608,1706836,6362
1363101,1628314,1987174,1500312,324155,6062248,664227,701867,502668,564833,871462,908439,3195
1027469,1134650,1188167,1256884,361271,6106680,736272,768156,487244,538792,1488779,1648676,3089
1617642,1471780,1647638,1029945,124357,5430424,696477,728517,504702,555858,1511586,2543748,6414
1924122,1800639,2377550,1782859,457772,5993384,501026,524746,442611,552956,1510559,3271181,7712
1360953,1665446,2079369,1588807,360950,6218197,734887,757681,485881,477869,764926,883743,4768
1008933,1243179,1667155,1296385,348113,6204021,702718,733441,487392,549499,1549321,1756305,3348
1574083,1450488,1590081,1080326,124380,5546443,597905,733445,520918,565772,1489479,2383046,6229
1635698,1677738,2058297,1563426,361399,5257554,270357,282443,448617,565678,1499466,2539800,6566
1643972,1760973,2395536,1782218,452254,6543456,925026,979643,501044,494705,764761,1735131,6129
1005030,1193097,1619982,1278310,359279,6070210,734150,767630,478458,523557,1452444,1637639,3199
1637731,1409590,1636110,1276294,122341,5273851,485509,736462,489361,542661,1503168,2611761,6472
1588282,1586174,1990647,1529722,348231,5297003,499497,282798,439711,490992,1539308,2515242,6128
1697824,1627409,2045399,1560215,357358,6196184,726007,750396,424022,425383,778134,1652723,5724
953278,1521404,2064375,1574518,462381,6697040,924803,970839,572692,642624,1561050,1757235,3294
1936198,1407547,1627942,1284961,124224,6266831,714439,984453,566876,625535,1872121,3159388,7412
1636993,1646771,2066319,1574573,359609,5370950,495215,283592,445287,496812,1510072,2529387,6442
1575723,1635597,1980819,1513749,337181,5962239,698003,737507,437848,488318,769038,1669686,4670
953068,1461588,1637450,1560406,361286,6058660,734315,765840,492736,537124,1098086,868251,3081
1232118,1265352,1259584,1301120,249111,6075839,702290,732792,503196,566357,1553397,1732258,4070
1922359,1679076,2329388,1506531,238754,5323704,493911,757279,476600,607552,1867040,3216327,7286
1613354,1679221,2065140,1571816,360208,6116330,726270,514617,443883,427925,1116468,1680409,6215
1337696,1423352,2022028,1545209,342600,6094376,700637,738656,500663,561096,1150337,880549,3021
1327373,1187174,1223847,1277259,235126,6265582,715156,744037,492794,541835,1472119,1654965,4542
1649559,1727345,2074747,1312190,244844,4863096,497591,517909,507071,554856,1539531,2567237,6630
2002863,1867693,2439678,1830161,459054,6752756,724788,748108,463466,510398,1245791,2570195,7941
1313278,1478796,2053548,1577001,344114,6163736,698601,728441,506163,564214,1142945,904464,3260
1018842,1461366,1685521,1329637,345766,6108725,706512,748409,543595,601588,1623345,1783140,3268
1642166,1532407,1642252,1296358,124920,5510918,495676,758634,507829,569262,1524896,2420155,6058
1694723,1722259,2084400,1606014,354759,5467534,498542,287351,457418,499575,1506757,2487967,6548
1607623,1891230,2767657,2031841,568424,7072092,1166580,1236870,562250,627682,1157536,1726056,4601
1052155,1353464,1303463,1644987,476810,7074149,960928,1001299,576773,633285,1857958,1609696,3141
1723214,1543995,1758453,1306762,127641,5410536,452656,698818,514569,569419,1513616,2494086,6624
1635116,1713954,2062393,1573885,352759,5484875,504347,285093,467826,520270,1588744,2525745,6304
1615892,1810023,2071601,1570651,357931,5996935,725913,746891,451645,502974,803340,1646771,4664
1299782,1445305,1992617,1771723,453981,6653640,926917,981538,565616,628790,1565636,886192,2978
1624473,1468507,1646331,1026453,124566,5516896,731841,761777,507867,553859,1475466,2371278,5931
1661038,1665410,2065556,1570143,355894,5338964,266213,281831,447048,551748,1514120,2562852,6452
1541642,1653673,1962775,1503628,330441,5886374,692192,630787,437555,416993,972313,1618145,6117
1349046,1499848,2085391,1589331,360005,6150672,734956,764833,536299,592988,1163580,897322,3204
1353607,1212122,1226220,1265890,233174,6045771,700813,729201,477971,537369,1520792,1751686,4847
1874506,1770639,2380319,1530696,359921,5463340,510717,529005,489124,614447,1901694,3246738,7348
1700255,1625342,2068702,1574554,360185,6042793,721539,742497,424402,412099,744563,1691358,6651
1299839,1555572,1972063,1509211,345575,5867772,722932,764055,482365,540345,744509,850017,3109
941870,1307647,1388985,1282733,360862,5983079,733470,763465,502182,556312,1469022,1647411,3200
1673203,1407835,1649592,1270909,124989,5189356,487135,734692,474624,537430,1517756,2596772,6624
1971580,1645682,2347807,1734089,462429,5927380,736227,524782,407439,458354,1481600,3272077,7800
1265543,1652023,2048235,1566992,360275,6129872,729963,749837,509684,560072,761854,882211,3048
1359975,1389248,1645384,1549095,453999,6848390,916459,969262,544523,613612,1540793,1760119,3243
1587088,1603602,1995764,1253816,124353,4666140,504953,768539,495839,551291,1486184,2388129,5796
1664616,1699973,2079850,1586256,361020,5590644,491898,281274,433354,487885,1498478,2567566,6780
1581255,1851614,2389281,1796646,456504,6566390,944778,1001068,501741,561976,774436,1708393,4659
965599,1259402,1216960,1278108,361190,5981979,730099,761028,504800,556922,1478935,1664027,3199
1697583,1603733,2029725,1250078,122311,4635941,483635,716211,492747,549243,1518221,2556376,6579
1598121,1542514,1981141,1499798,349668,5940830,500900,283538,366554,474970,1498668,2476060,6021
1609554,1625773,2030946,1552510,360139,6073804,731797,753007,494472,488758,743061,869083,4623
949989,1351845,1602196,1521884,345985,5896445,707036,747568,485320,549778,1471992,872183,2913
1631225,1654191,2046184,1293152,231563,5566387,714345,986406,568026,628865,1836621,3086102,6215
1641948,1714057,2097874,1612972,362022,6160681,493709,285179,403179,507156,1525356,2571868,6766
1570324,1727854,2014796,1547551,342484,5994474,716796,749552,459933,441960,787951,1704831,6180
1215678,1548662,3629823,5678850,3892230,15329596,7822884,8048672,1272227,1470797,10802985,10478296,3709
3038032,2832013,3933537,3161622,560445,9622905,667152,347906,692087,929118,2832144,4094110,15644
3405112,3139823,4336942,3356847,647657,12222347,1281475,1325529,767126,795535,1095692,2019021,10546
1415977,1337337,1928556,1966194,435146,10456256,1002362,1073944,878829,971146,2669037,2149746,5971
1790874,1783961,2892467,2081294,421011,7694849,440057,471209,652433,775925,2096559,2362471,6897
2080819,1560099,2023958,1416503,328303,6555849,837960,872932,487844,487872,1155174,2342397,8189
1054331,1453250,1993881,1517670,350208,5992847,719830,750957,489091,553774,1142959,911862,3107
1735790,1511642,1652402,1279040,244425,5945189,721801,976507,529469,588706,1810253,3324857,6556
1701345,1568352,1932384,1458578,323523,5282670,396839,283521,400077,519999,1463157,2460747,6415
1697726,1662579,1999833,1542253,359082,5945200,728968,761866,442629,425258,803156,1683719,6159
1022166,1373850,1967921,1489667,351579,5826462,695711,718859,454392,515430,1080683,892334,3233
1336741,1154151,1180252,981297,237927,5873404,720938,760362,464208,525948,1494475,2516541,4571
2020705,1698329,2367748,1478937,239765,5223537,505635,747871,438007,554250,1750699,3186183,7523
1691792,1541810,1960600,1476260,340201,5882169,691960,507010,397785,389866,1097392,1722221,6544
1349532,1498295,1979729,1498457,359614,6009920,737914,771343,454983,526007,990054,917820,3259
1034319,1191435,1216814,1250075,362564,5801592,720429,742613,454785,510323,1450787,1700776,3184
1688961,1477627,1912262,1193202,125552,4501861,492155,736667,458730,504286,1463106,2527932,6281
1685207,1589886,1993294,1532777,352659,6028243,487038,286794,357557,470679,1438250,2376667,6472
1645416,1744395,2356367,1726002,447643,6352842,892353,929819,465617,445891,729120,1682979,6547
1003275,1394699,1942752,1476809,462517,6555081,949816,990444,523063,590798,1458221,1667014,2950
1685870,1373231,1588560,1150330,127588,5292136,506430,725836,455994,512453,1380298,2407922,6298
1695041,1560161,2178531,1772656,449301,5946926,477302,498628,466294,610479,1909772,2628670,6637
1647990,1507623,1978881,1502021,359752,5887963,727695,760032,411346,384998,731637,1653833,6203
1036248,1334593,2010147,1523723,474398,6717055,926902,953074,522982,583611,1477001,1712721,3304
1666793,1365730,1554941,1230831,125785,5230433,470050,731561,470198,529790,1468074,2444800,6129
1671281,1560565,2017312,1533010,357574,5367571,494955,283391,402009,452840,1429164,2406826,6257
1718874,1486516,1979272,1482463,343959,5692864,691211,722824,391933,420364,728821,1729422,5506
1007147,1308378,1849326,1436205,328086,5929603,684422,711343,460272,514197,1079780,890325,3066
1707575,1356575,1555455,1206571,244677,5974067,725373,954626,499806,566457,1737049,3177404,6303
1732692,1609888,1987803,1498209,336663,5295060,474524,284691,434538,494310,1492026,2553530,6612
1629656,1502914,1915651,1457132,346555,5975378,704183,733900,403979,454984,722025,1600267,4487
1404065,1390853,2022368,1511649,350744,5892584,695593,727123,454949,516317,1071553,896901,3243
1325124,1232100,1230083,1281450,240834,6106511,735326,769607,469225,527166,1530964,1699900,4763
1997089,1906320,2425546,1546931,288876,5279169,507123,641122,495138,612063,1784508,3139298,7647
1705445,1570841,2006888,1500509,347432,5848405,699435,503783,414149,399067,1127306,1747613,6514
1345312,1319113,1958795,1491301,358539,6015986,739923,769788,475920,534496,1117799,905756,3242
1343284,1166703,1192003,1238356,244469,5927021,712737,733570,447128,507523,1434886,1684108,4707
1671468,1521723,1938296,1213426,233634,4554174,484362,507752,457827,521427,1487327,2550281,6153
1659140,1657270,2343357,1754542,461739,6630892,692135,721519,390317,506837,1086938,2351704,6127
1560556,1474050,2342464,1740766,458344,6414973,895449,928806,480307,495585,1083434,875808,4560
1358858,1167656,1206908,1237517,232932,5909031,712300,747505,476763,529959,1491747,1680526,4697
1663834,1548860,1975636,1228632,240934,4591004,484132,503948,435972,495277,1391963,2367386,6271
1702909,1568958,2039274,1531247,351141,5873632,487835,508350,349021,458128,1137813,2645248,6854
1367302,1532847,1937108,1480789,349746,5947341,719123,749985,469206,469641,731967,895791,4792
1014364,1365353,1588966,1470530,463224,6437942,902772,926127,502302,563267,1429061,1717841,3200
1653744,1375561,1775848,1208554,125966,4922129,495554,753940,451267,510814,1462876,2525104,6085
1648931,1506260,1959196,1489707,362625,5127276,502792,281392,388668,437591,1420247,2403398,5873
1715334,1558962,2006143,1517331,348065,5880274,688731,716978,415202,461703,746566,1719071,4978
1022770,1353759,1585769,1476221,348450,5857388,729664,762536,466013,521650,1113180,908393,3198
1718363,1707283,2034556,1273727,242304,5421082,720142,967773,542415,604780,1803907,3194914,6307
1692116,1553233,1977724,1495062,341945,5195868,273333,283795,427010,525626,1509985,2580278,6476
1690670,1628260,2013400,1537406,359322,5978256,728356,740270,438222,413844,845555,1635792,6267
1357281,1412822,2001259,1495154,352801,5748332,699502,728980,447752,506669,1073546,893749,3326
1328001,1215997,1192389,1226248,235709,5723216,717517,756802,462119,522899,1488600,1687666,4544
2023668,1845518,2421152,1542469,350319,5272314,502065,524680,493767,605117,1796884,3147272,8179
2022994,1740217,2345142,1719610,440609,6525234,881005,920622,396367,388848,724479,2516035,8102
1322641,1506873,1917487,1457122,346196,5865557,701601,731878,446200,505892,732432,880651,3077
1041264,1230428,1250698,1239627,348450,5817613,689537,711902,446801,504401,1403928,1649106,3168
1676912,1332953,1620354,1239472,127074,5175844,446290,698684,457495,523506,1430504,2405641,6427
1688266,1462189,1955248,1498075,358332,5257944,493023,279836,388090,436575,1418207,2380350,6086
1694990,1697642,2321299,1704506,448560,6367433,878278,917817,441401,494388,726106,1708941,4566
1015688,1240095,1208172,1223876,346806,5807859,724798,757814,463993,531413,1484162,1705082,3176
1693220,1546870,1975676,1214144,124171,4500408,506328,749634,442415,497289,1414726,2474589,6570
1696226,1541868,1925595,1465877,330367,5840885,473960,285172,365539,464328,1458781,2485553,6342
1666953,1509005,1960013,1483422,345620,6022457,699415,728442,403512,454994,741923,1331740,4760
991028,1320156,1573165,1486062,466853,6479171,915615,940935,494748,556597,1410704,1657171,3206
1706053,1514009,1923532,1210212,125347,4461518,481434,731118,438123,503296,1461214,2567925,6524
1677291,1453629,1917314,1473260,353430,5797672,491565,282349,341605,435327,1415679,2368957,6277
5712005,1754225,6469596,4342880,873949,9843489,1663444,1818324,492223,522959,3248387,7745405,9816
1281707,1548450,2318476,1495427,356155,5820235,964641,1005792,519633,583265,1447144,1670211,4585
1669803,1312917,1564054,1120355,221512,5817880,892326,918720,483900,550377,1694607,2733586,6226
2022092,1685962,2326633,1726629,439483,5914453,278610,291884,397701,573484,1846227,3366447,8240
1666966,1567295,1994318,1521220,357707,6019346,731740,763793,418042,381933,736087,1673259,6329
1018244,1357515,1980149,1491445,356553,5802485,705820,727723,440052,497694,1092960,878429,3288
1327392,1195429,1186972,954765,235958,5682855,717646,759046,465028,521503,1474708,2517442,4625
1989742,1670813,2339631,1737697,350170,5138504,461394,517646,438653,550962,1728569,3100536,7608
1698399,1494854,2007490,1500962,351641,5754359,706148,736356,390047,379529,726495,1738074,6577
1000155,1442572,2010899,1529981,355282,6121166,735801,767476,488884,545005,1104264,869457,2984
1330750,1210913,1253593,1018828,245271,6308057,731792,752921,492973,545029,1466011,2502484,4916
1686041,1819383,2103895,1602347,238895,4814807,272915,516912,539774,603622,1600347,2662640,7033
1557942,1626511,1997077,1536302,362714,6035583,737548,530059,386815,423880,1139347,2417497,6007
1310205,1630746,2169147,1840278,481670,6777072,939990,969828,533613,591277,1124121,874434,3236
952712,1284420,1220269,1264835,349112,5940313,734179,767916,504306,568801,1545498,1676202,3083
1657982,1557524,2018698,1254214,125741,4640169,503707,755895,455303,516107,1438284,2433747,6200
1610191,1682824,2032201,1540646,345905,6060652,483632,285649,376524,494071,1535768,2559518,6412
1591122,1624535,2006361,1543132,351440,6226038,721190,752228,502016,485205,751303,884463,4571
1334126,1195728,1613631,1525503,363341,6712230,949625,974510,517781,586594,1817092,1688688,4736
1574879,1675425,2015294,1275430,229779,4605448,495024,537204,504865,562456,1565277,2616569,6381
1926258,1807335,2371774,1801051,454182,6108477,471507,318893,434362,544969,1726417,2979046,7649
1642571,1657909,2067325,1580861,357643,6076728,707304,738407,505001,489587,764780,892769,5022
934651,1288903,1587828,1494415,346346,5857610,721691,753729,494614,550533,1513281,879657,2983
1942547,1688091,2059279,1306358,243423,5446932,715089,742404,560309,611808,1812687,3170418,7692
1666777,1611836,2057566,1540180,350121,6086108,488016,507583,362674,470787,1142714,2645091,6870
1274951,1617258,1984081,1524312,358446,6076388,738253,767215,481821,470132,744186,901171,4804
1024514,1260649,1675988,1505787,345183,6204241,688988,706779,495165,554918,1464234,1137806,3315
1272034,1191512,1211750,1009112,236580,6014649,723693,765543,479240,542550,1536409,2551470,4658
1925602,1771970,2411552,1808148,355884,5390373,503062,526859,471108,520686,1780981,3150696,7409
1671536,1648075,2047919,1545777,351273,6038012,703045,732010,430172,469862,743392,1753867,5277
1030078,1440792,1624896,1538362,353470,6218809,740076,770860,508316,567101,1154936,902389,3101
1315636,1429933,1619990,986270,243336,5361362,729614,752593,464489,520238,1443214,2498870,4819
1708722,1554701,2058097,1540418,234309,4764759,270335,514475,488343,547620,1551789,2668298,7508
2168412,1643242,2029481,1561801,362002,7840836,1184907,994535,508673,565409,1894939,3937431,9489
1277205,1640229,2048466,1839258,480517,6719647,937292,963397,541480,595581,1123458,877353,3069
1269736,1460834,1621680,1034596,236987,5452191,722936,764473,507146,563785,1552599,2552987,4457
1979494,1810528,2466839,1591399,246422,5561818,489969,754213,505444,618825,1839639,3147082,7974
1663278,1622825,2070815,1562930,357400,6179356,708667,510324,425088,401283,1121479,1765752,6740
1294532,1596185,2013392,1531239,353722,6075277,737809,767175,487505,552274,1009635,889166,3169
1347798,1442694,1653872,1301050,362165,6112378,962146,986704,531972,597167,1817991,2493403,4785
1634870,1637162,2023228,1267478,236588,4739327,491398,519300,507640,568427,1556323,2653711,6579
1632483,1633265,2058229,1591501,362642,6346387,504798,526612,386524,492943,1130440,2384171,6117
1291429,1676079,2046443,1566613,350778,6081355,693758,718291,488113,474282,743701,880844,4857
1030554,1219563,1607933,1253393,348687,5919278,726007,765288,475507,534355,1515833,1714486,3122
1909990,1682438,2090643,1502690,245618,5527445,521790,760714,553552,623740,1830749,3247976,8017
1681525,1657092,2036238,1544173,341267,6038512,488901,508597,371641,480841,1123859,2571253,6785
1262930,1671609,2017983,1551292,358643,6281654,744636,776322,524565,510330,766338,889521,4653
1010232,1262566,1665946,1327556,359457,6410601,719212,739598,514140,576627,1512455,1717105,3181
1599120,1474167,1630722,1272445,125433,5482196,484692,745368,509743,573556,1546800,2581161,6237
1919437,1828936,2429038,1839419,480072,6221810,735885,525660,433599,479428,1480566,3169954,7768
1320247,1668282,2084295,1591790,360957,6164366,713063,735974,501008,530934,759216,885143,3653
1287544,1466097,1954081,1552001,442619,6708147,918508,972430,578208,646842,1515365,1698702,3164
1600387,1478759,1651569,1279673,127461,5403712,507955,767179,477534,535475,1464353,2434068,6259
1672294,1639295,2054059,1833521,339591,6273846,481878,729331,526263,655610,1941739,2627641,6810
1610607,1626475,2044066,1577465,358967,6326889,727303,526808,449242,436487,1137181,1632857,5958
1267098,1490020,2057315,1835390,480768,6661062,941241,964774,557756,615983,1499179,884434,3196
1646971,1419716,1630978,1019479,125774,5331616,713584,755266,483869,543401,1536925,2598378,6541
1568844,1620038,1991241,1537412,287518,5302848,270467,397967,440839,553496,1447283,2310798,6370
1706884,1679244,2099741,1589776,353699,6194623,704328,511082,460191,445493,1177931,1777157,6884
1291458,1400474,1985893,1501776,350943,6040260,734753,766173,491326,547871,1141516,883132,2997
1623268,1433274,1649042,1278951,236585,6159849,952110,977645,544820,606988,1816487,2474134,6099
1690525,1682689,2074130,1575092,350004,5512124,274386,285899,444337,568514,1562331,2603924,6731
1553450,1627988,2003566,1532849,359269,6086762,735830,767102,454229,438977,772072,1641090,5801
1185756,1468959,2082500,1604425,352901,6374970,704908,725615,500938,559537,1121168,870899,3248
1321919,1319897,1253998,1299980,237778,6020997,714745,755626,513239,577672,1581714,1764789,4673
1960851,1862521,2433834,1579922,361614,5509435,495170,518216,495302,619526,1839820,3131003,7725
1597098,1695318,2069934,1547920,352810,5967772,708970,513392,393591,439267,1170305,2612649,6651
1296162,1633511,2048328,1569639,357384,6287380,738457,769518,511360,575412,769573,861416,3070
1021537,1222005,1252445,1318210,362759,6367611,728694,749556,488713,551145,1485422,1670888,3064
1642596,1464307,1885658,1280535,126447,5359042,489748,747601,504805,564257,1542446,2606104,6453
1926344,1971284,2766539,2063264,574470,6892147,924005,724298,486282,544732,1528618,3230956,7573
1292388,1737452,2088719,1590212,360958,5992863,712018,737334,499008,555346,763469,896103,3345
990882,1245040,1230804,1281972,338359,6136847,706479,750068,512367,568506,1556449,1679521,3142
1639815,1621530,2067378,1294062,125542,4809612,502354,767508,494236,549172,1470281,2440288,6288
1621611,1665033,2070342,1558318,352267,6061329,491145,286328,372939,481790,1535051,2611159,6465
1615503,1586373,1997902,1512457,353387,6058323,735513,767308,451882,486139,759351,972266,4862
973207,1434079,1635921,1547280,480902,6765539,962875,987971,535615,600387,1466333,1681037,3118
1675929,1612147,2033229,1264118,126737,4745478,487446,745557,486201,549066,1544654,2615025,6621
1522857,1713201,2018942,1550942,354126,6113870,488454,286089,395416,506368,1504251,2363160,6033
1697383,1603241,2059574,1580130,359594,6060198,710390,742446,426695,406672,750506,1750412,6530
958927,1462277,2034530,1552113,351913,6121265,734716,769096,505751,562280,1152018,875487,3023
1599917,1443772,1609317,1081965,244352,6145699,910070,962433,547893,609776,1782302,3088858,6215
1634725,1660065,2068477,1561793,351005,5466317,273790,283654,448079,557877,1548977,2591509,6682
1611495,1665452,2016390,1556803,357497,6192080,735521,765659,436282,418993,756662,1670126,5983
1044416,1542368,2100935,1606987,360327,6190019,716170,737345,513230,581726,1161207,920198,3315
1308811,1377566,1248585,1027345,239192,6081814,721686,763030,528775,585168,1599955,2641606,4641
2289700,2039792,2868474,2158235,477687,6428089,714312,759539,583350,661595,1855635,3175562,7764
1680889,1643175,2034620,1558861,337473,6199141,671312,695122,421659,412744,753465,1720293,6398
933938,1487494,2007323,1531815,349073,5929126,729135,766607,506445,562527,1133100,862106,3008
1288110,1271095,1239916,1011795,244644,6071728,724206,752158,496041,544701,1459620,2409823,4623
1677313,1619708,2059172,1555533,240194,4820395,271180,504959,489578,553783,1559016,2656660,6847
1870153,1806896,2385191,1795669,472444,6749926,965090,768639,441715,492609,1140611,2477890,6048
1317207,1488891,2043589,1552440,361228,6022464,712955,733697,492928,543889,1113377,906155,3048
1056000,1315426,1217589,1266784,272672,5967790,698270,738346,506468,567563,1519494,1626824,3188
1610207,1653481,2055993,1307832,125928,4877285,503737,766036,509621,561340,1477102,2399023,6088
1645375,1598270,2028753,1536820,351376,5968974,482092,286460,347864,443346,1473912,2580138,6665
1595550,1669927,2043809,1552077,356032,6105350,742072,773040,511188,507927,764886,890652,4671
1349294,1338071,1661435,1580877,362757,6797106,966183,994918,555778,619119,1845149,1702144,4766
1704306,1898466,2194609,1453508,245874,5440235,516888,552957,548866,602473,1578514,2565212,7053
2021265,2420505,2974275,2386306,421841,7958936,564961,605063,772967,928688,1727005,2230593,8708
2358817,2474210,3131207,2462074,454115,9235507,451422,398391,620354,725166,2080844,3302773,11184
2145281,2257105,2937200,2392330,548235,9750735,1132589,1158371,807374,828445,1622887,2093847,8909
1329738,2131819,2407190,2275803,552334,9196117,1019671,1071250,885241,956744,1905241,1837242,4950
1652170,1636313,1970698,996916,232592,5371378,925611,966090,556298,626291,1889946,3168848,5947
1728255,1747392,2099892,1594055,246817,5418544,279226,528806,440764,558357,1502722,2493084,6457
1726338,1643836,2005396,1525415,336348,5933190,685148,501199,400861,427073,1158861,1832357,6603
1657419,1604311,1984804,1529970,351062,6006800,712154,742864,487985,466976,761496,893152,4745
1427581,1325649,1655996,1534105,355922,6544494,903539,940525,514882,581885,1845523,1702557,4846
1685957,1672082,1986518,1271810,234033,4507643,492565,518849,488234,556197,1510916,2489898,6273
1737914,1663812,2029995,1546179,355917,6015926,508027,527478,386057,486093,1121631,2407331,6229
1391339,1585565,1992849,1511944,345022,5833178,694296,722864,466288,452068,762314,904889,4769
1081390,1367957,1648192,1332767,361167,6158401,739585,769145,517586,572610,1552363,1659158,3180
2114427,1700906,2022525,1362620,245832,5361938,618520,688652,534907,601203,1781405,3171225,8245
1756103,1620205,1980096,1497852,338131,5858826,490590,515724,370106,472804,1122387,2562824,6598
1718477,1666479,2062787,1595413,358664,6177748,726609,759337,443921,487869,798247,1656953,4873
1072038,1465866,1630393,1511418,341078,5903114,683008,712320,489564,553879,1152763,937403,3465
1354623,1482505,1618424,1004400,242076,5216324,737324,771043,493321,552336,1555472,2508368,4498
1662619,1572285,2000697,1513137,243331,5189094,274717,521166,399179,517458,1435772,2490311,6287
2004321,1693057,2331857,1730462,441248,6489057,893617,712696,424017,464908,1121520,2174667,6336
1019880,1294947,1557692,1493919,354402,6013878,720116,749271,462174,521975,1120630,903779,3168
1392059,1391917,1629567,996348,348241,6047622,901637,929606,526137,593239,1813098,3263627,5099
1669989,1567632,1988205,1502185,236299,5225407,272247,518249,404564,531716,1529370,2557933,6449
1657631,1572667,1977321,1499168,357260,5862236,727292,525552,405911,393733,1064290,1636797,6042
1358781,1347075,1987040,1756340,453913,6477887,900623,939498,521123,588455,1469365,888061,3180
1461538,1323537,1569703,975447,156980,5268334,702669,732901,477278,533946,1463022,2368383,4830
1665488,1598413,2014217,1516253,243738,5181568,271620,516068,400293,514970,1429351,2461187,6090
1709687,1535125,1967917,1472537,344302,5763268,696821,502261,381041,375344,1094332,1776401,6542
1338694,1350591,1967769,1508128,357433,5955605,721446,754600,463193,522609,1079945,894614,3286
1689293,1315929,1576181,1230101,233486,5772900,908411,936778,509026,573454,1821540,2539326,6438
1648228,1537025,1963783,1494656,239821,4656410,277491,521447,488113,559516,1529123,2521960,6161
1679810,1512565,2014040,1526035,355759,6065769,687400,506698,349029,453914,1109024,2416026,6406
1377227,1553864,2009736,1522265,343936,5900662,697296,734062,464336,445858,733265,894763,4920
1033163,1152152,1576546,1231647,357992,6010448,736673,768364,477603,537199,1491653,1676253,3179
2007940,1595198,1993248,1513802,236754,5328135,491274,729737,527717,597564,1797682,3225911,7748
1342115,1198179,1218978,995581,246083,5895598,719895,746382,465970,510498,1399383,2369416,4598
1694002,1584829,1983138,1477935,229653,4492994,269965,509385,448748,506240,1463839,2553986,6451
3987231,2031673,3382259,1885656,500568,9517416,2385218,2245523,662460,872799,4668473,9198619,15926
1637603,1730259,2119361,1635845,355802,6431684,706136,728216,474963,527345,800570,1677463,5359
990919,1453696,1612467,1531722,346097,6059459,718652,760785,500160,557247,1161149,915454,3297
1594558,1602266,2020379,1285455,238049,5397876,728160,993654,547254,607350,1816057,3129862,6174
1604935,1668499,2049798,1555787,355963,6039748,491072,286270,385519,488901,1529496,2606749,6577
1601002,1606582,2004698,1519749,352775,5939203,738528,769809,492199,482274,764263,891204,4674
987301,1380372,1662570,1583306,362846,6134740,734278,753831,494702,553512,1453918,889589,3178
1359140,1354092,1593899,973040,208540,5249615,680624,719236,469703,540326,1490320,2521332,4914
1889091,1766978,2413613,1545500,361690,5535850,504684,526462,488164,609759,1830461,3149573,7844
1613038,1656264,2044824,1570232,354406,6085035,702907,730326,438339,413429,756471,1742892,6507
987961,1497701,2069607,1571160,350966,6184709,731008,768841,509506,568252,1164670,915504,3246
1320107,1208035,1245481,1017117,245927,6139177,735025,761370,488131,544772,1477681,2465618,4798
1624265,1653229,2037957,1529584,238714,4675182,272167,505436,491811,545866,1530973,2609148,6694
1870434,1839866,2371329,1796842,459755,6894009,813576,766171,450540,501884,1122271,2385246,7515
1026172,1395073,2048781,1564534,356972,6107905,711281,732120,475749,545840,1116604,902081,3304
1583799,1437541,1601837,1248195,346439,6445414,926099,982098,558108,622520,1544682,2580743,4749
1638415,1675503,2071042,1307635,124808,4818249,504970,770326,490028,549838,1480129,2443969,6342
1978707,1805942,2464253,1818085,356104,6095120,496118,504134,433245,541150,1881459,3390660,7931
1597285,1603337,2011796,1533059,354836,6106534,735594,767155,497381,482162,747523,880189,4620
1006495,1407677,1608572,1550748,467076,6907856,935517,958305,531271,599671,1641216,1693288,3331
1563746,1693572,2005860,1257013,126151,4555616,487480,736658,504347,561270,1530226,2578313,6320
1584551,1616299,2027499,1552830,362748,6203619,505855,287325,378526,478453,1495307,2422266,6114
1682227,1554005,2044010,1551272,361523,6150108,714054,737008,472483,463733,747788,892315,4877
927144,1285395,1640026,1546654,349102,6102310,729017,771669,503562,562243,1544311,868145,2998
1656151,1470276,1696547,1202286,245002,6215839,767606,990747,553685,608049,1826993,3280588,6609
1699458,1593713,2050314,1555793,347820,5577649,271145,279307,425416,540847,1541491,2640014,6789
1580348,1732661,2050085,1576451,361237,6104803,732681,764510,463957,442168,793596,1684118,6158
1043381,1460103,2090957,1580106,363000,6231911,727882,749355,494059,550301,1144582,920545,3248
1309578,1343858,1287013,1063329,237561,6263411,701491,740907,528557,587951,1557204,2554416,4799
1901416,1884778,2460320,1866306,363984,5375723,506517,528818,522727,574384,1878814,3159322,7580
1687889,1648215,2089146,1584723,358539,6027728,712870,745722,433870,452346,761285,1765901,5422
967775,1480095,1997771,1532594,351640,6014515,736469,767978,501946,562299,1152962,905806,3294
964668,1265833,1236718,1292866,363931,5964098,725143,746530,484794,543620,1480859,1706159,3319
1650597,1630574,2003639,1259789,125653,4755672,492326,744888,485665,554952,1530613,2579292,6335
1887608,1825582,2433722,1822456,584974,7518204,943203,760264,507506,546289,1812416,3045002,7432
1350566,1369772,2058608,1563934,360184,6184795,711494,738688,495989,550738,1139471,899007,3260
1219780,1257035,1236165,1267949,238551,5893571,726198,766892,500716,551575,1528148,1698093,4197
1633718,1683408,2047218,1290169,148449,4786987,506317,688246,498162,554600,1426713,2303710,5997
1667555,1645748,2059811,1551334,352058,6021660,491217,284770,369806,478309,1522559,2604868,6608
1567759,1628546,2014058,1546433,355126,6154274,729951,757034,505188,505648,769473,917371,4827
983688,1400886,2020625,1524447,475779,6578750,929039,954253,529305,598491,1491691,1709097,3116
1644788,1475393,1626833,1280473,126087,5492935,497398,764079,505325,565586,1553280,2560902,6067
1589775,1682222,2071648,1598411,362360,5597535,502154,285439,443445,497880,1484064,2404388,6229
1635463,1630827,2017839,1541783,336445,6172586,672170,701055,435238,429250,763365,1699296,6096
985270,1393226,2006594,1522088,354332,6158614,739914,767706,484887,544360,1142384,908568,3258
1591434,1486045,1641909,1288369,244039,6068374,723816,979021,553429,612684,1812448,3238459,6146
1662653,1671787,2073651,1581089,348264,5461343,489392,285102,453643,506089,1565974,2610937,6519
1560670,1618646,2014758,1554561,363209,6268454,737841,769592,449460,487004,754712,1649509,4728
1348992,1455438,2076029,1589318,356754,6172689,704486,734897,503165,555295,1130478,878120,3218
1179109,1225175,1237725,1266540,266970,6045644,731527,765771,486244,539559,1508148,1689825,3346
1950649,2071095,2871358,1855074,343715,6291634,695876,953533,557710,681962,1862786,3266610,7984
1682603,1799673,2105393,1592201,347939,6289377,702157,512502,463680,440684,1185940,1785775,6919
1330285,1480982,2021564,1555463,357629,6095871,733802,767347,502895,563233,1143362,886126,3241
1335834,1313757,1249061,1303250,245712,6125800,727026,748131,481917,547300,1478270,1681702,4550
1587637,1655007,2008651,1280988,238275,4793589,498404,522746,517069,573948,1556347,2571819,6233
1636550,1576532,2016769,1543391,362425,6033026,501283,490664,365095,462899,1190994,2385691,5867
1664560,1856227,2485316,1830317,464251,6724466,919834,960890,500330,497266,754042,1749567,6371
985908,1234691,1631192,1279999,355091,6088660,733664,765325,500198,558592,1523171,1696310,3244
1702582,1477304,1665823,1296624,124207,5474528,489306,740506,486804,546855,1482018,2492180,6545
1598902,1678087,2006628,1518963,338711,5212101,489796,283710,442840,496350,1531265,2570241,6456
1612039,1560109,2027978,1558546,364923,6257286,741702,773526,430068,472875,754784,1655236,4852
986793,1465174,1731574,1569952,480337,6787232,937322,966831,538736,602675,1513167,1721560,3212
1540681,1482713,1625862,1260980,125301,5179596,472577,739493,504083,560733,1509956,2446579,5968
1598330,1653547,2062886,1576138,363305,5421570,505842,284856,428628,476174,1461262,2412675,6123
1689180,1638745,2042930,1548111,347114,6086065,705430,514186,432317,419347,1152729,1746734,6459
1260185,1422618,1983523,1790327,470373,6776604,950004,992079,561655,620593,1490122,882418,3164
1714445,1459525,1654897,1281284,244039,6081168,942324,965635,536404,600413,1841139,2552347,6494
1958857,1816737,2413534,1816540,443420,6157889,477641,524621,496413,551925,1558177,2599909,7826
1592902,1640867,2009508,1562600,347161,6200522,705851,572120,432281,407915,1013964,1535587,5968
1302320,1450755,2070159,1561526,357214,6103384,708912,737439,495756,550150,1130182,889484,3327
1234540,1329624,1234827,1261139,234107,6002203,724157,754382,509704,563513,1520345,1714942,4630
1957277,1866023,2454508,1565556,363239,5266753,491461,505541,493881,612764,1814008,3245755,7860
1654956,1614290,2021226,1527696,346035,6169155,713374,518786,383094,429577,1155784,2633684,6541
1307791,1559655,2007008,1534551,360288,6166420,736018,769732,481318,525796,752450,897291,3378
942337,1285102,1479873,1262108,341482,6027015,678908,705925,506284,558764,1473698,1730065,3151
1628117,1430383,1635467,1291879,125398,5402199,499527,766395,514695,565356,1539292,2520366,6186
1646510,1715509,2045165,1564894,354069,5621216,497066,287127,446645,495230,1469270,2391772,6271
1785212,1726419,2412757,1770165,459903,6631129,917091,953296,436096,511989,743245,1780777,5176
1052052,1212094,1211289,1258541,348897,5920144,719188,749988,480171,528491,1463052,1618357,3147
1701809,1546439,2012847,1251450,126051,4555244,488334,735640,467293,523811,1462647,2490224,6552
1668515,1538851,1937439,1452145,336307,5328831,479419,286634,411930,468563,1462765,2504954,6102
1626698,1535883,1960783,1495393,357938,5988744,726989,756151,392829,444698,719285,1620904,4635
1056906,1325895,1572303,1503125,458433,6488660,893829,927471,499325,571697,1454130,1679562,3333
1958615,1679399,2306287,1475759,225396,5066110,695900,754707,463734,502242,1848727,3264271,7546
1719545,1501501,2001018,1523405,354730,6015885,487049,289522,355757,452340,1430936,2427603,6525
1719170,1504938,1995337,1493098,347236,5841026,697729,729314,445986,442677,729211,904340,5080
1027878,1299522,1556071,1442049,348390,5879137,717346,747759,437856,495736,1345189,889070,3190
1662304,1367106,1577005,1228289,243222,5711375,924654,951875,503811,554933,1799641,2520886,6048
1703031,1451287,1905566,1435997,334452,5134344,270467,284162,395832,505231,1444266,2487907,6185
1648287,1569972,1986009,1518378,348685,5984017,712651,743269,405433,386005,721297,1647036,6289
1050104,1379175,1993401,1500429,350031,5841110,697865,727341,462221,528314,1109611,895793,3245
1363585,1160885,1195170,959593,233156,5657132,707338,738551,446971,510133,1462235,2429348,4711
1682199,1546525,1988710,1456647,237366,4514376,287107,518044,473602,520772,1442310,2455938,6350
2008876,1658967,2303168,1686112,443375,6394042,703208,732036,409109,455339,1108928,2512656,7797
1022925,1355161,1951684,1486994,350823,6008605,715307,743995,460488,515786,1086467,875227,3111
1034412,1174297,1206434,1269607,349393,5834911,690917,721994,456300,505780,1460547,1685902,3343
1664067,1531548,1960026,1240327,126947,4644749,486281,739873,471750,532581,1485383,2449906,6339
1681194,1511520,1971504,1476180,357730,5688416,491893,281178,328717,425964,1395005,2432264,6121
1692736,1756478,2363256,2161917,664233,8930309,1318828,1382642,750917,788673,1745337,1771671,4854
1040091,1209811,1197732,1253804,348811,6026239,723606,757347,472884,534442,1482280,1663162,3301
2076418,1784464,2402650,1545863,232824,4585833,487841,729257,523787,593097,1785919,3175825,7911
1694495,1661133,2003372,1546647,332161,6047920,475121,288695,370117,492457,1515191,2501778,6399
1723405,1515142,1984571,1505446,344672,5982106,704286,735540,401556,379946,723505,1596988,6383
1043376,1386906,2023835,1517090,451761,6480383,906853,948315,505646,581876,1510168,1742357,3376
1611837,1408249,1545855,1042965,123699,5131309,578250,708797,479979,548009,1425126,2298719,6099
1681775,1596561,2007975,1527855,352308,5288257,272975,284546,402724,525888,1446813,2439064,6378
1671762,1523311,1955690,1487731,335038,5774479,687567,727258,397122,378350,729939,1683603,6287
984660,1358477,1941976,1493468,350067,5939403,716752,748007,475898,524003,1078375,873746,2992
1708372,1345013,1604554,1246546,240026,5811711,696244,941881,489031,555926,1798265,3265100,6365
1683717,1589267,1971402,1516414,341391,5261402,496632,287916,415008,469349,1488080,2487392,6014
1716998,1512305,2007470,1522740,355983,6003556,723267,752391,392129,394574,744379,1667684,6004
1027432,1337741,1986625,1487043,340812,5772423,689897,719935,450015,505671,1107185,922265,3406
1317574,1172875,1187413,946592,236002,5834847,714822,745956,488671,539659,1487446,2406576,4474
1716222,1567574,2011096,1524016,236072,4740459,274017,503745,460775,521707,1409476,2355141,6105
2045322,1758009,2377853,1755920,447175,6468847,909474,736206,407783,463100,1099207,2562283,6345
1316211,1546102,1965384,1754344,463622,6679943,714486,743749,448660,586701,1436938,1637503,4700
1373789,1218989,1468119,991853,238814,5580438,692358,716866,455288,510413,1451835,2491464,4735
1874809,1583157,2247718,1241777,128350,4602949,706557,973517,473566,536053,1805333,3127003,7193
1693717,1577667,2016063,1539955,358708,6006947,501771,285828,344996,462507,1444092,2449970,6189
1710185,1588792,2376184,1758124,442006,6481904,897178,945951,528497,537007,1116077,903825,4607
1341400,1116552,1160334,1195521,227040,6011469,714455,745675,480680,533516,1480289,1672938,4476
1691788,1636721,2046025,1285450,238818,4716431,492250,509031,481465,546091,1469656,2450337,6223
1620492,1653079,2025787,1548291,340047,6012473,488259,496116,371914,488749,1222499,2550984,6389
1588998,1609086,2004247,1562157,346108,6224320,708112,739090,490804,478264,748296,874616,4536
1316105,1308202,1676901,1589776,352559,6646143,923849,968268,570841,639981,1932108,1751000,4734
1625555,1643767,2016338,1294072,234137,4891838,498711,521375,517006,577417,1556785,2457387,6081
1695107,1817803,2129541,1657411,351849,6472334,502186,518495,420940,531734,1178529,2422621,6446
1299079,1710553,2071798,1576756,348276,6101830,705767,739473,512370,500142,771458,912676,4958
1015488,1345365,1674461,1363068,355413,6298414,734174,763640,535781,589326,1559003,1603223,3207
2033700,1804572,2091311,1409950,243889,5668144,637216,709289,586836,651469,1872350,3193599,7852
1699149,1688057,2049399,1579857,342045,5998339,488826,513435,414729,516799,1189981,2575599,6441
1327613,1748067,2078539,1604994,355122,6169439,723139,756729,525021,509740,795993,921590,4737
1060826,1344640,1684160,1324719,349293,6087467,696116,728843,530590,586840,1580969,1742438,3142
1954052,1435233,1611313,1260047,125700,5950352,719441,989689,554662,616673,1918002,3209024,7317
1726408,1734285,2072324,1594909,359127,5535034,509782,295293,448236,496398,1510999,2419965,6086
1691123,1832840,2381745,1763285,432467,6504391,875312,920904,481661,477026,747899,1751934,6405
1080745,1337601,1623560,1282829,345520,6005197,715385,748817,491689,563479,1513553,1636149,3150
1735647,1496149,1635915,1281648,126355,5242954,495509,728581,490355,549968,1487002,2460955,6492
1684949,1611144,1971048,1505673,341424,5172941,492706,287886,435334,476648,1547637,2540553,6085
1680832,1665927,2016415,1584392,352142,6179110,720220,751719,440853,491882,792173,1611929,4644
1389133,1456063,2025541,1785922,453812,6419452,910043,949912,528230,590677,1495146,877752,3144
1527007,1410291,1599623,1015073,151610,5372959,727293,759296,489733,545124,1525985,2437815,4936
1721475,1734079,2063291,1568774,241788,5274765,272768,509639,437930,557872,1491464,2436596,6198
1748818,1647723,2011818,1514721,337815,5974422,691186,505633,409916,412258,1181869,1778345,6595
1339194,1460191,1990606,1529043,345077,5957095,702860,739417,470168,531139,1087660,917614,3301
1780207,1465810,1643650,1277909,236871,6050059,913659,943064,539126,606260,1855130,2538746,6596
1689826,1492394,1935666,1503223,336462,5260248,271546,282992,405459,522337,1509514,2458058,5915
1689107,1595745,2008876,1521169,352996,5911580,699754,510750,345537,439106,1069767,2403485,6045
1392732,1530012,1959404,1484467,329476,5872311,677270,715578,447943,462376,745271,917353,4815
1025783,1154824,1535582,1205109,346143,5873591,714647,746478,464799,510180,1445461,1636356,3107
1714802,1275049,1969096,1510395,233497,6051492,700341,937424,511036,575622,1790216,2445011,6097
1999758,1767093,2366797,1752059,448419,5952938,719274,519028,412132,470075,1534003,3361577,7800
1340837,1547188,1966198,1516922,353455,5909191,728006,760484,455871,511550,723427,876583,3074
1015432,1192468,1274127,1240851,344167,5893528,690473,720674,462079,523697,1459492,1732162,3242
1616844,1333323,1580460,1225691,125798,5180729,462547,718707,457750,518387,1445581,2320838,6124
1698302,1573250,2002830,1537465,349446,5278708,498968,280806,399803,441248,1430446,2391341,6234
1686227,1756753,2353982,1732651,438475,6339057,890110,939483,458957,514696,716434,1713110,4705
1007595,1164102,1182033,1209134,342537,5722841,709311,740470,444722,503136,1410298,1613131,3223
1700109,1577451,1996716,1235884,126678,4511610,492011,729923,477858,543697,1470289,2475609,6232
1644316,1526370,1962248,1490706,341101,5635390,490829,285505,361620,463686,1516137,2516125,6044
1642476,1540989,1980260,1548819,342362,6190794,704344,735110,401866,449822,736626,1383818,4845
1045555,1414993,1610523,1509903,459405,6431866,911190,950889,507636,574562,1470171,1734358,3418
1609510,1324985,1548146,955502,125910,5111473,705317,736205,462156,528308,1454181,2363281,6132
1702531,1522841,2001935,1515989,353528,5114987,271124,283286,409159,507224,1439259,2452486,6226
1711411,1446276,1907064,1426436,334462,5702059,690955,728632,402700,389813,734431,1677284,6130
1001667,1345040,2335262,1745124,467987,6493559,949514,989650,517294,582771,1437462,902774,3149
1477459,1322630,1327963,1409346,327286,6334433,889833,928600,555832,622036,1867112,2173464,5916
1960682,1564669,1951710,1249088,217210,6127352,905535,775500,497481,543232,1790276,3006559,7644
1701664,1544317,2017750,1539751,351961,5188315,271785,286228,415851,522193,1481102,2510356,6696
1634098,1569598,1937545,1471948,336056,5708957,710001,752106,412067,393491,727045,1691615,6183
1002960,1367073,1965063,1496811,351282,5817734,721343,751093,464172,515488,1068020,879152,2989
1358583,1173258,1191250,964450,227711,5720160,681357,711294,437584,505304,1456927,2502215,4763
1924672,1645780,2266086,1559134,339472,4969230,324138,514874,470267,579482,1826875,3143094,6871
1685908,1572665,2001959,1512023,349926,5858724,715542,738732,404137,390339,727359,1661525,6211
986043,1354859,1932739,1456228,332182,5739519,683808,723923,462440,528605,1099158,878937,3081
1326414,1169359,1170073,951411,236769,5867191,702763,735102,460369,521504,1430414,2317949,4661
1750548,1632739,2016271,1532981,237617,4526693,271901,507671,479894,529747,1489054,2516299,6579
1983603,1650620,2347159,1733464,447267,6510654,720379,527745,352999,453038,1489247,2567615,7738
1324107,1567840,2004351,1528951,352101,5939650,721087,742876,455874,520595,724373,876802,3065
1034112,1204948,1193974,1244565,338976,5831128,692465,726077,480199,534862,1507963,1732076,3449
1663502,1497323,1943127,1237223,123830,4482971,482732,741478,473279,527912,1469956,2394776,6301
1694349,1585110,1977713,1483294,336050,5763734,470899,284444,350928,452337,1408733,2385534,6416
1636301,1560573,2325871,1725813,444054,6292901,921760,977145,522513,519870,1104807,899718,4656
1534611,1343076,1560594,1548090,364349,6734707,725498,755389,468692,600385,1790251,2244553,5271
1672009,1515665,1978116,1227153,137072,4505565,482743,680655,446615,510549,1440370,2483742,6613
1701295,1522943,1979875,1531465,339392,6125989,490810,287374,354406,451791,1477195,2428064,6509
1672685,1621100,2026252,1536588,347156,6007490,713346,734952,481019,464245,731832,867805,4596
1764022,1477618,2069191,1812893,328813,6482638,882903,1153950,604485,684867,2291463,2574675,6649
1646331,1540745,1970615,1231108,236259,4590801,493475,515301,477765,533781,1477668,2403370,6254
1676098,1572461,1995734,1503646,352508,5745654,493043,506885,346945,454714,1094195,2445754,6281
1566801,1488344,1891561,1440518,324778,5682595,676703,715829,446491,448458,730700,867719,4562
1005700,1183081,1579472,1503984,347850,5751891,714275,745635,457778,500578,1402497,870333,3084
1354118,1207789,1196744,956303,232234,5722872,684181,712511,468815,524683,1475675,2508491,4848
1932290,1725177,2344131,1765063,342394,5302089,500697,521496,471359,533177,1859116,3179421,7580
1697302,1552118,2025039,1548509,352104,5927090,714274,738249,406882,457947,726256,1678104,4951
1034921,1364116,1599988,1487382,332557,5712523,685590,725167,470624,525359,1115538,909187,3274
1308649,1194089,1311900,955472,237817,5950560,685575,717744,482773,532813,1425287,2256492,4509
1668196,1560637,1988350,1511436,236202,4479920,269406,504420,456087,518560,1459063,2488813,6343
1971764,1713970,2317356,1731170,444537,6307392,934017,755218,423182,476965,1105515,2467449,5926
1001921,1358611,1586610,1521832,351434,5854735,723185,754905,464606,511338,1068105,880029,3167
1724928,1514780,1933182,1191979,234447,5209550,693228,897075,509317,575495,1820353,3231508,6371
1668126,1585525,1985327,1523537,237838,5185857,275442,523625,427402,539560,1516969,2442268,6330
1686810,1607450,2006880,1517287,351566,5877212,716112,507905,354896,401926,1098073,1869270,6148
1347063,1568371,1952416,1733633,441043,6381995,902158,953863,514207,588698,1103713,893834,3069
1302117,1373041,1568695,956838,233464,5204561,710829,739996,464850,522548,1432086,2322914,4410
1731774,1520018,1981844,1511181,237045,5033240,266696,494526,397754,508635,1444658,2473081,6587
1621233,1502122,1939245,1481972,336943,5790750,712074,516858,403046,382253,1132786,1689283,5972
1372095,1574839,2010134,1531315,355029,5838997,732436,752782,464622,467957,735861,910213,4822
1015005,1219114,1570200,1308393,334181,5748961,686537,724120,475051,528575,1493023,1567598,3014
1913879,1463756,1879784,1195240,236153,4949837,721752,753294,505107,565352,1795146,3103014,6944
1675753,1586918,2033037,1542210,359653,5933192,491350,508004,351394,458186,1103963,2509267,6513
1318759,1555582,1941425,1474654,334990,5710989,698403,739120,475749,467714,730979,890058,4645
984535,1161828,1542798,1230753,343903,5884874,706302,735919,451785,512398,1401631,1592008,3138
6183721,1827415,9502259,7557889,1550726,15484210,3172050,3739070,467277,657963,5543371,9757517,10190
1944303,1687811,2369353,1778698,456167,6018606,714440,519279,418366,489093,1530493,3255992,7636
1581121,1847973,2424534,1524074,351768,5818738,957462,983753,548202,542881,1126982,1651313,5691
986918,1272423,1604672,1258414,336969,5988796,692176,727301,506543,561368,1528694,1709029,3120
1875252,1615807,2007862,1283266,126809,5485896,717286,984571,567414,632417,1856716,3064574,7259
1677245,1680117,2085834,1598138,353264,5404950,500588,286815,439875,488165,1492451,2461849,6366
1612910,1806975,2376056,1778818,449024,6499168,931520,987453,506897,563773,763656,1691207,4482
987575,1271571,1243274,1285264,352103,6122240,722596,751257,508380,560721,1493507,1619244,3281
1649067,1394215,1706756,1256098,123432,5169035,454692,697376,471973,532883,1464994,2473072,6750
1556781,1617727,1966413,1507379,235055,5229475,267299,516502,424368,545770,1494519,2402412,5943
1679693,1560262,1998452,1517392,350638,5862330,710339,507634,399564,388857,1084364,1653905,6168
1341403,1354419,1928537,1696667,434255,6304173,897377,950829,516934,571346,1458250,878355,2929
1629566,1322989,1535511,937112,124177,5289590,723889,756546,466805,521179,1465463,2357135,6088
1710406,1601945,2019828,1527583,351037,5204991,271921,283800,410443,531113,1486402,2507251,6575
1664561,1583594,1959772,1511326,324562,5799838,677457,623268,405357,390442,966491,1662208,6619
1367814,1473414,2028861,1558303,355139,6036360,729066,755626,479799,534461,1096281,888882,3074
1023472,1169999,1600822,1249543,341323,6020206,701074,742562,496395,557403,1553570,1740515,3191
1913065,1512872,1941531,1482132,236614,4987345,484648,744226,511859,576981,1785265,3076694,7055
2459701,1644029,2939883,2138516,382890,5761362,726247,755035,373617,428988,1642818,3745216,7858
4201138,1809473,6050555,4593619,1042587,10552870,1723865,1669285,498406,584404,1860951,4329161,5932
996425,1243535,1368235,1283042,459625,6617887,932293,973104,510244,570903,1753384,2276747,3302
1692641,1430379,1664723,1299000,127134,5399694,487101,727045,484521,539866,1519852,2599441,7008
1914062,1744358,2381533,1779309,456152,6070506,724292,520228,431423,479246,1533554,3241055,7708
1247138,1686631,2039274,1578857,352640,6145230,719416,740599,502219,564895,774979,880752,3081
988030,1266870,1601565,1524291,336511,5933025,698681,741299,505976,557226,1528111,883004,2958
1603352,1394806,1615223,1000913,123779,5338672,721370,754920,488882,543115,1469507,2346880,6095
1605189,1689935,2035068,1557142,336381,5249752,268240,302470,442655,551658,1503190,2531681,6631
1901919,1822027,2382662,1791359,455119,6502747,957077,764080,498285,490918,1168013,1697757,6062
1006868,1161266,1613522,1562546,356224,6150172,732697,760800,485520,546634,1482104,872841,3206
1618352,1508214,1625477,1010775,124960,5389150,685812,714731,505959,560192,1531159,2516410,6424
1596090,1654407,2007979,1547014,350303,5413519,278107,286527,446996,564123,1503722,2419020,6156
1670587,1659775,2083179,1594097,353078,6216260,714466,734113,431041,420843,750938,1669700,6865
985054,1453662,2001046,1747334,432349,6484888,894066,945975,550198,618125,1500097,909535,3207
1608339,1406696,1625833,990860,125698,5254287,732464,764536,483730,530662,1466857,2353550,5979
1668693,1647666,2049719,1560960,352394,5293471,269533,280417,439222,558581,1532298,2550306,6512
1572236,1544959,1958510,1508376,334806,5988965,704860,743187,426789,395358,735640,1673937,6058
915037,1439800,2027741,1545435,352157,5973735,721093,748191,484983,537562,1113098,859990,2983
1361187,1199928,1632035,1271004,335542,6678530,893615,938077,562124,624987,1908058,2556576,4856
1818695,1851016,2355702,1790719,336125,5379353,336429,522317,494902,628371,1865185,3079736,7336
1694624,1690721,2057373,1578882,357091,5935521,710733,510156,398491,438073,1158930,2526775,6556
1309714,1538396,1967605,1509274,338559,5797828,711117,752773,496047,552903,767367,873867,3188
940803,1330157,1208267,1270087,346737,5920656,712432,743784,504334,555806,1450713,1581260,3120
1661328,1643237,2029647,1247439,125153,4534258,484275,724949,470811,532340,1505569,2560590,6595
1895852,1734343,2341557,1751285,452668,6491495,720009,515619,435457,475857,1495039,2429511,7307
1269035,1671555,1999406,1526763,339486,5848966,693492,712442,496220,547017,866893,867970,3083
992004,1239632,1200172,1250312,341464,5828848,700246,742802,483225,544998,1542009,1767654,3141
1658752,1593007,1999626,1279673,123729,4639776,493221,761732,489940,556903,1509080,2405795,5978
1641163,1674909,2059610,1586211,354630,6061932,489763,286872,376782,481397,1508697,2524777,6705
1668419,1630841,2363658,1784354,443906,6583351,930914,986696,554062,550671,1145503,908374,4979
1265809,1327389,1235590,1301582,239371,6103399,726351,758060,512464,562960,1510782,1644436,4738
1670652,1800644,2094825,1330411,216341,4699049,485217,552130,534778,591119,1579858,2579551,6214
1935624,1835275,2385259,1777018,457824,6441385,733446,520171,441233,485851,1553652,2475050,7310
1621888,1706844,2053300,1577952,354901,6042920,725113,743294,496871,495069,786870,889120,4625
1370737,1570876,2047577,1829913,438224,6748413,895203,948740,601573,666878,1614667,928506,3197
1879080,1827579,2081915,1346936,243204,5379709,725308,756903,602333,671086,1904683,3072511,6969
1680386,1753246,2088521,1600623,359490,6144265,500463,515752,402000,512891,1171605,2553585,6349
1419570,1782208,2067054,1610459,344571,6192235,722540,764999,559227,543183,837112,866922,4377
995429,1363012,1655150,1595736,353729,6086978,725387,757253,524133,572332,1508112,879923,2987
1751738,1609385,1692076,1056261,126958,5424828,696906,727537,531508,587078,1561542,2548047,6418
1966160,1794085,2390907,1802463,453776,5976737,497957,520179,439867,564278,1545101,3229448,7593
1290045,1804981,2082608,1599430,349138,6041482,712284,732781,517753,504246,798249,889901,4773
982482,1278012,1626539,1271419,343712,5989289,704731,744182,490710,552611,1542808,1769147,3174
1288603,1289090,1548931,967263,237640,5412248,730278,764505,469297,526314,1466054,2375862,4688
1617996,1647500,2004686,1540692,222272,4619104,268895,501677,485393,545469,1472940,2430349,6447
1946662,1823924,2407229,1821166,451975,6697128,950106,761903,454300,496015,1163761,2439255,5952
970840,1458237,1654188,1585930,351977,6184685,722878,748907,508847,562521,1110818,883871,3202
1283893,1472712,1609101,1000845,227828,5266951,685643,716207,495378,555723,1521683,2524333,4951
1561173,1647364,2003674,1545999,240618,5389698,273416,522397,440935,565433,1524502,2427073,6048
1700855,1635091,2038334,1549415,356113,5991457,715507,513473,439376,421866,1116432,1694932,6365
1317487,1477663,1918238,1717328,434774,6352242,900310,955922,535463,596381,1219715,895204,3077
1523856,1578738,1938109,1225653,333886,6042064,917849,957960,473867,523650,1456151,2918735,5611
1678895,1636516,2034229,1568699,238532,5351614,276546,510959,440435,543873,1506801,2524143,6635
1638132,1599672,1994358,1519007,334629,5977529,710484,519448,429385,406018,1140867,1678522,6375
1239561,1467671,2014880,1535692,352337,5829696,722212,749058,479017,528543,1092471,870220,3080
1294104,1241613,1201598,1246779,232259,5782804,701520,732640,470810,529188,1528080,1730963,4665
1899097,1728215,2298265,1478275,295439,5148222,497634,610286,476613,594281,1825924,3084877,6979
1604645,1608512,2048136,1566618,358186,5982839,722293,509076,428391,414340,1128473,1671988,6207
1273852,1613313,1976368,1521366,338411,5906610,712886,752537,480383,475213,749424,881024,4814
1014831,1257305,1619713,1285537,352410,6065347,721329,749386,486239,540323,1458337,1631114,3308
1673540,1397818,1617806,1247316,123008,5182896,477257,721648,478186,531786,1505340,2555705,6544
1862001,1807742,2376906,1772707,455895,5867826,727157,524238,430949,478297,1509670,3203430,7435
1336454,1664791,2071660,1591385,358439,6233870,729352,751547,503010,496549,766710,884109,4217
951500,1189720,1616550,1270439,342687,6108098,705673,746647,495345,552529,1548073,1701035,2951
1528691,1476280,1605376,1269334,125421,5219182,497039,753623,491423,542727,1475799,2360514,6029
1689909,1716932,2068757,1584043,352386,5314921,483373,277423,460088,508143,1513604,2500360,6491
1625059,1695621,2333665,1765143,439997,6623243,919515,976912,478776,535270,736701,1670872,4753
977494,1224176,1203469,1258125,350832,5939757,719145,751840,474721,523572,1435433,1620409,3215
1961254,1672718,2206308,1550383,226048,5835055,658594,704818,482265,540132,1853149,3236102,7697
1614283,1596532,2009680,1535284,348353,5528807,501248,287498,441976,488615,1538218,2476607,6317
1616672,1709012,2057823,1584089,352289,6168972,720066,743591,451883,500210,786775,1646407,4710
990566,1532991,1643255,1559355,439662,6720018,899631,953149,598743,663665,1555775,1683518,2896
1604053,1517161,1961754,1244484,125079,4580283,499762,757999,492785,543561,1485910,2346224,5928
1638429,1648599,2041745,1557312,346602,5288652,267476,281170,431854,547078,1510990,2528458,6240
1543561,1606915,1980002,1518236,341206,5870516,721195,736270,437639,421434,818645,1665272,5927
1271355,1409987,1992302,1524726,342422,6086827,704785,726965,482030,532811,1096957,891293,3300
1324391,1221887,1206619,1272758,235304,5968343,702209,735531,492236,547953,1541158,1703756,4736
1872769,1809026,2387280,1547863,344940,5507497,505596,526710,523931,645089,1888855,3119269,7025
1706973,1648803,2074183,1572412,352315,6009808,717277,740742,428107,409873,752585,1707740,6709
1041926,1346575,1975401,1514924,338041,5949210,705084,744167,477795,536908,1144015,894443,3185
1378495,1185189,1216994,1011526,238496,6065181,719717,755969,495015,542340,1471405,2374145,4940
1713622,1347336,1665113,1209760,120875,5055388,455399,698722,466368,534248,1471843,2470630,6407
2224045,1701520,2279434,1717059,447536,6309263,929915,744132,484935,525815,1841073,3854264,8296
1743450,1868062,2553293,2513279,705073,8994740,1176658,1207253,614723,792127,1969105,1713276,5186
1319378,1364183,1528528,1473751,336944,5757922,701489,938404,538885,598726,1876027,2396878,4391
1655677,1517248,1944146,1228670,125725,4540292,495621,756513,469074,513152,1461891,2359351,6150
1698587,1608678,2034837,1539295,349609,5885688,491706,287102,350927,459631,1498821,2512565,6658
1622937,1749220,2276986,1706453,424574,6252098,901277,955602,468288,530058,722030,1183456,4492
972944,1185848,1173810,1206726,344927,5679883,715785,747818,449844,505501,1406344,1608712,3159
1712963,1503974,1919333,1188845,122413,4325168,473675,699018,443148,502228,1455965,2441310,6297
1654874,1538607,1919567,1464929,330053,5752354,477125,279953,355162,461293,1450061,2316029,5938
1673404,1592202,1986518,1511870,350561,5742110,718920,738815,457030,469483,711981,864978,4494
1007202,1139772,1550390,1452272,331370,5637798,687039,727027,447577,503077,1465787,880201,3103
1813221,1509551,1922710,1220898,150959,5112503,713794,973556,517674,578619,1805236,3041970,6184
1726342,1625468,2031936,1542996,347068,5745365,481010,282068,353816,470142,1495584,2514814,6692
1690823,1663512,1975535,1527402,338294,5983181,726341,769298,499904,487523,769335,922298,4768
1045182,1292476,1612390,1562578,347794,6008099,718692,750766,498090,553898,1467388,898186,3183
1759266,1476788,1625420,1001891,125096,5224019,690187,720790,498686,551927,1552516,2537447,6439
1962324,1881655,2370919,1790773,449656,5850846,490588,490461,441400,569661,1644332,3166218,7202
1670441,1557302,1967254,1490631,340977,5839364,706252,726371,449155,445383,716226,890136,4825
1000201,1196043,1560369,1485855,332959,5661134,689381,729510,458227,529508,1514203,884285,3083
1943033,1602408,1965829,1237152,124430,5197509,727449,982659,566259,611710,1856689,3043522,7420
1741412,1501048,1923499,1479588,333247,5249595,276140,290899,397182,508887,1433680,2421390,6525
1929822,1778676,2372236,1780782,450362,6542295,958029,759160,449105,493047,1139670,2439369,5955
983701,1460040,1682917,1581309,350233,6004250,726561,747424,500230,550356,1124099,875474,3163
1326034,1260683,1244975,990179,230584,5913455,670518,705137,504789,571524,1524895,2441543,4682
1589907,1582980,1983929,1519503,240956,4537270,270023,520286,480390,537607,1500874,2402257,5824
1632480,1709557,2064078,1569071,351386,5935094,713496,508864,384660,422490,1123576,2459332,6359
1345926,1675883,1999633,1793461,440079,6477624,921261,977735,575701,637619,1134562,878649,3114
1230832,1482647,1603845,1001336,238168,5316181,728176,758338,506274,558660,1478906,2332044,4460
1612948,1675847,2054803,1556309,234307,5134209,270208,505265,451938,557550,1528977,2543155,6435
1581237,1643360,1999637,1543341,329417,6086399,699993,491523,383146,425245,1149749,2133023,6087
1276518,1678880,2063781,1597361,352381,6154304,729100,748106,496042,553575,771071,899779,3411
1016387,1302833,1215371,1266645,334743,5966422,693374,730669,516739,579538,1559717,1722785,3359
1897230,1794054,2367360,1537282,234772,5243191,494046,743978,499806,622733,1857998,3092226,7336
1649665,1661036,2053059,1573905,352831,6229415,716107,512168,443546,441331,1153305,1693322,6449
1298445,1419639,1980262,1519435,337406,5833740,708961,750630,495229,550241,1138174,867529,3092
1113127,1268750,1224981,1270831,274457,6143854,688318,718687,503609,559027,1425533,1513794,3225
1870576,1730343,2362275,1262325,125408,4539771,687682,937863,500669,559882,1821144,3249603,7505
1927945,1798508,2401305,1834214,459698,6012200,499566,518446,451193,570476,1540196,3192067,7535
1356194,1765195,2107187,1634300,352518,6118975,718092,738455,519644,504256,787045,914959,5039
951669,1310012,1622255,1273762,336946,6027144,705515,744980,508085,566212,1552955,1724914,3098
1587292,1424422,1590349,1263510,123878,5418957,497895,756721,492324,550828,1495320,2340309,5955
1672522,1638646,2081324,1605874,355288,5413727,457917,285864,437478,544450,1536475,2528931,6464
1621968,1807639,2397953,1817588,444233,6671594,942000,996983,512764,500496,769199,1653416,5968
935319,1304051,1630084,1284721,350212,6028066,725125,752009,503640,559748,1479569,1613172,3062
1660522,1465756,1629033,1270577,123748,5285055,483687,729200,514030,566795,1548298,2543860,6508
1556294,1663680,2013079,1557928,341859,5349514,502095,286423,454255,503961,1518712,2362149,5939
1651865,1684985,2073701,1583073,354186,6128693,715120,737097,438601,490243,758619,1695199,4895
1005330,1430170,1723717,1540468,338257,6005777,707376,744910,511894,574894,1165656,875388,2988
1538312,1496681,1633821,1284761,238683,5825217,718393,984902,559775,622096,1852006,3031592,5997
1691757,1575032,1992071,1527234,343719,5088475,475193,280023,424285,469955,1468931,2465996,6272
1871316,1648283,2272919,1690296,443729,6050053,939974,993407,424678,480766,749280,1699659,4758
950914,1466217,1635788,1572971,345800,5999683,712774,742393,495022,547050,1107846,887787,3271
1314976,1469483,1614849,994480,331543,5915436,895869,937778,549339,613932,1911676,3316073,4845
1976996,1736864,2391300,1808184,346226,5871647,497020,523510,460071,548846,1910733,3203016,7728
1574135,1691897,2013721,1571217,338047,6117198,689799,708971,451610,502912,779221,1445415,4611
995174,1474089,1627280,1535597,342203,5937754,715181,755268,501144,564077,1151276,889381,3034
1283994,1443617,1624474,991315,241317,5416058,733065,767690,506822,550800,1514354,2393852,4809
1588866,1762880,2062250,1586578,235728,5274133,268957,484110,466212,573489,1522262,2470239,6522
1978958,1839858,2393461,1822543,444200,6566914,940751,757127,518469,504541,1157289,1683143,6074
973967,1248005,1645173,1565192,351813,6083552,729119,758048,497702,547635,1474973,881006,3134
1403395,1448696,1609799,977895,175923,5369931,670054,698499,516576,570750,1517545,2456554,4875
1544581,1653804,2002158,1545888,235020,5211272,268967,519467,446617,564185,1520665,2402794,5897
1652145,1737141,2094095,1613690,356880,6181913,727243,511189,458470,451170,1166158,1671287,6133
1344367,1477074,2057603,1838079,447184,6851289,928684,987328,584801,649185,1559605,899193,3269
1663311,1574769,1677864,1044773,126127,5567723,728054,762316,545812,594515,1541837,2360404,6174
1678222,1704070,2081224,1599503,349047,5352883,270395,284043,465446,578304,1539889,2510571,6585
1611563,1611583,1968424,1509674,336655,5775628,716369,695777,447789,423480,923802,1690323,6266
1288565,1464316,2046472,1585403,351721,6063067,725922,754291,515791,557934,1126624,872650,2952
1321369,1261217,1204827,1262350,231775,5961981,696494,726021,501445,558852,1542382,1722854,4859
1848325,1834740,2356991,1794018,449051,5923067,707809,741642,558842,689956,2263596,3145363,6999
1663388,1639333,2063646,1569964,348754,6040885,718123,747033,432485,412409,762422,1707438,6581
999057,1479852,2042982,1561592,338535,6056315,708415,746651,511955,567347,1169059,905525,3293
1300802,1289747,1226295,1129909,236899,6140084,726013,758221,521385,569545,1504243,2233015,4567
1699059,1670938,2054876,1292597,235345,4557028,486540,505113,510887,559101,1531278,2508974,6621
1890121,1882487,2396510,1820672,443931,6696026,717089,759307,461823,497190,1166509,2485005,7349
967165,1446377,2063922,1591761,351552,6131970,726632,754978,507572,552919,1112911,857330,3006
1308518,1250473,1216587,993604,233039,5938733,700650,732019,491638,547208,1537606,2536219,4622
1598355,1627971,2021551,1280031,125453,4606551,499442,756602,508339,555739,1511310,2379242,6026
1654919,1686233,2069344,1574493,351336,5587568,483526,276380,432810,492038,1505510,2508798,6256
1619900,1818151,2379670,1793238,438583,6541081,925676,979917,514629,569363,774161,1621686,4663
994100,1251720,1235798,1294100,351691,6117738,727572,763322,510331,556846,1492316,1674983,3127
1663793,1675262,2048006,1269030,124195,4622610,484571,719822,510584,563942,1532263,2505560,6378
1590556,1642514,2022307,1552582,341710,6026840,497986,279841,401236,501623,1534023,2425874,5928
1669186,1635534,2058856,1564124,352004,6048075,722129,742771,487845,471343,742326,899777,4833
1045215,1319132,1625083,1536030,415946,6451044,879183,930384,559075,619404,1847973,1632843,3329
1672052,1679279,2045384,1578383,341988,6104878,493440,279778,404612,511070,1572740,2535503,6331
7267891,2046340,9892225,7577113,1751865,17172471,3582381,3703303,687002,783855,5219699,10045150,11477
1651088,1296057,2442099,2127887,464369,6878563,917626,978744,496394,542711,1488240,1541618,4088
1657942,1415726,1612418,977000,123743,5251088,726259,758885,502949,560422,1539982,2493657,6186
1719520,1562942,2031534,1530501,346491,5212125,268962,279515,421802,514763,1414413,2381013,5981
1897675,1780930,2337897,1736821,429268,6391424,884899,937334,478450,464026,751301,1694764,6063
1022569,1165779,1609195,1515060,345494,5984514,713209,747665,478340,531500,1451674,907159,3272
1350873,1210754,1185458,960427,232722,5687349,679845,712144,482418,533953,1460389,2513075,4788
1693727,1570192,2006884,1538718,230696,4501468,263592,501888,485953,534629,1502401,2460912,6130
1731011,1595006,2031066,1549772,336970,5779687,696699,486215,380026,409507,1084466,2351773,6116
2243958,2241682,3063696,2545185,643458,8834715,999172,940222,571764,850689,2043722,2635362,8218
1342737,1273464,1429203,1020221,231093,5886304,683311,714389,491893,540925,1455058,2343993,4606
1800186,1712809,2087290,1608137,239254,4536269,265941,494538,507277,561427,1482965,2483765,6169
1720588,1663463,2038638,1561569,338297,5894659,703755,511031,395657,428540,1168774,2574510,6189
1399488,1687375,2073839,1609016,350670,5952633,718031,750761,521456,566445,794928,930392,3053
1737789,1546415,2069467,1813961,441593,6887953,1092095,916833,581807,638627,2290501,2534245,5911
1659716,1641450,1968763,1246904,227015,4405570,478782,498690,518884,573839,1515652,2383555,5802
1692500,1734938,2452384,1874938,435527,6624927,652167,600179,480050,590275,1672690,2340523,5932
1734895,1636572,2026283,1550999,330112,5912803,680356,715432,515861,497151,775493,909192,4586
1035604,1361468,1637850,1581091,348116,6107815,717001,745682,550897,599907,1552226,885175,2917
7905850,1966259,10350425,7639123,1578612,15779704,3277437,3349770,537327,688368,5407883,11727071,13204
1924376,1888210,2388267,1821799,432974,6037274,472076,498853,501806,614357,1586338,3219709,7353
1319594,1878163,2087871,1618049,341884,6252981,701877,734958,555263,532881,805908,856118,4444
954452,1489637,1684985,1428351,332161,6060757,672652,701401,576065,627705,1599997,1561554,2702
1581429,1755247,1655488,1081972,113737,5535761,682492,723299,607620,657175,1606876,2348405,5551
1612604,1839057,2090777,1609726,341341,5450135,245378,256077,510054,616897,1521988,2377852,5930
1611034,1954469,2429896,1834425,431905,6618733,888857,941671,565662,547080,798519,1678598,5809
914147,1366140,1595134,1289218,332601,6086813,682954,712711,571976,613888,1515418,1551351,2615
1681556,1662027,1705996,1353679,118150,5562941,470331,711343,593819,636566,1567137,2446594,6367
1605275,1933883,2038260,1602401,326918,5378066,456803,253169,547639,601774,1641857,2439025,5815
1555819,1902886,2023808,1587759,326070,6171151,668080,698142,527944,496631,820157,1548418,5195
947266,1719947,2080174,1598985,439950,6675646,884659,921280,652228,709928,1620453,1655146,2665
1531818,1625688,1576816,1252339,109679,5246493,464608,722521,585685,631966,1550714,2316589,5448
1612748,2011083,2057109,1620550,336296,5447851,467994,252625,551529,595691,1560063,2322934,5518
1612349,2063627,2405493,1830108,423552,6652286,869462,923127,575083,626180,797840,1622103,4325
950757,1716037,1641919,1624564,345581,6217528,705169,733293,626566,671711,1242709,804964,2651
1590983,1666622,1753766,1310509,225307,6062854,649194,895733,646363,701075,1928637,3138929,6229
1582439,1833284,1995871,1566220,328584,5302510,460505,247153,529563,571756,1616753,2396117,5562
1580728,1960732,2064742,1618454,339129,6221499,694787,725522,552805,587782,833673,1512309,3945
5697615,1871637,8290014,7018755,1678802,15489290,3206509,3691876,540054,687156,5761118,9426531,6634
1278366,1578194,1528192,958613,217902,5058795,676165,704655,524753,578528,1496709,2261737,3866
1593908,1584253,1921939,1476982,223503,4924037,234041,475187,416362,525165,1425611,2297383,5580
1962834,1844298,2325397,1720509,434172,6199188,893460,707488,439077,490421,1119765,1860799,5658
935560,1336616,1458390,1419722,327597,5571398,673947,701632,479769,524565,1057328,780728,2490
1268305,1458871,1554837,945299,223656,5027626,668546,692639,503732,548278,1457099,2379028,4318
1600671,1535075,1882968,1459477,213813,4949880,234485,484828,439485,542632,1482536,2363416,5788
1564233,1605229,1937967,1500033,336267,5757497,690008,484346,433583,401476,1056056,1506468,5616
1274290,1374443,1892944,1722011,431364,6141618,864173,903463,555429,619842,1490475,744480,2581
1453148,1386018,1517528,918408,122905,4944450,691111,722013,511196,551818,1498030,2305752,4684
1606615,1595884,1908844,1466935,222001,4954675,233226,474590,443374,546039,1420181,2300021,5676
1620139,1792602,2292131,1725666,420649,6324140,861270,681833,516428,496696,1129196,1600170,5719
1256179,1513839,1903770,1487353,334231,5778254,681008,709357,524995,561760,1088490,762067,2540
1656279,1559118,1552174,1236940,221529,5770090,875249,897933,583359,638431,1871031,2371119,5857
1610999,1692615,1887463,1462197,322632,4956862,234558,245163,446922,557757,1508854,2359362,5529
1634922,1656407,1898180,1487564,327982,5743596,670298,678763,456908,425528,810957,1497734,5642
1303021,1473374,1916077,1454147,324051,5509739,651527,680320,497450,550021,1110700,779531,2626
1249632,1252156,1102918,1170841,223610,5520903,692324,720992,507537,557546,1507814,1524390,3979
7915231,2214176,10950617,7803168,1790566,15195825,2959612,2991399,529195,728496,5804957,12558369,11689
1501849,1713521,1930530,1513008,219033,4520228,233382,481817,554142,607652,1522231,2269244,5387
1505269,1728420,1970794,1531623,335682,5799180,674939,466963,408925,448760,1119562,2312426,5435
1169159,1707680,1928081,1492021,325062,5643039,676906,718256,536595,566380,738125,753017,2623
943486,1327867,1467853,1229831,327903,6043374,676281,702535,541697,586077,1462056,1512040,2643
1652756,1668491,1595091,1288101,110807,5231418,452375,692929,568038,613938,1565852,2412987,5765
1807997,1956006,2329120,1781180,427593,5839456,676802,475710,497745,544064,1557466,3101370,6787
1218979,1831727,2016741,1575873,339258,6053079,690692,716192,565384,600656,802123,777550,2618
914451,1345628,1144615,1509462,431681,6418083,871093,912539,597705,654335,1930172,1608125,2774
1515145,1674145,1906176,1223181,107603,4414379,456163,714780,541584,587222,1514738,2295670,5516
1772725,1744650,2225113,1672315,368906,5380075,229985,348754,465470,586396,1748901,2991098,7100
1828431,1797149,2252349,1729155,426392,6379320,902264,720314,523143,504860,1132160,1572729,5496
862367,1334231,1539903,1522547,336433,5789292,693314,724562,531860,576828,1458114,761902,2500
1581201,1498484,1553594,947698,107194,5009454,656525,687382,530915,574138,1511195,2422026,5964
1491103,1670028,1921325,1483224,325333,4955034,230473,241554,472456,574287,1526347,2318167,5536
1557566,1744114,1976837,1534659,334392,5749032,682879,704232,466250,450268,744531,1527542,5696
1032686,1515002,1886761,1723545,412934,6273813,846489,897555,612603,675885,1539204,763147,2286
1455063,1456362,1501397,930472,107417,5056405,688029,718343,539697,585432,1491765,2228829,5230
1563340,1759301,1988353,1546850,336219,5193405,230623,240836,488388,594632,1516578,2378749,5935
1495011,1711494,1921193,1505699,322760,5848112,680024,720564,489444,466277,757214,1538164,5279
857337,1497055,1926900,1502141,335296,5822956,688456,718927,513034,557971,1071323,731772,2298
1187572,1343166,1158718,956653,221839,5745635,660510,687582,529553,578656,1520024,2467778,4547
1884053,1814842,2267491,1611769,324561,5059077,262082,484367,515939,635619,1896514,3095639,7114
1576237,1553824,1863176,1423568,325870,5460186,664658,686061,413703,399866,687186,1483874,5519
907926,1369771,1838962,1408868,311926,5508773,642756,678691,486829,535708,1077315,754565,2471
924089,1197862,1079819,1197608,327011,5643550,667738,694671,515048,558589,1432583,1423493,2574
1693170,1724843,1975863,1201200,107193,4235332,445409,679566,513900,558341,1471408,2404142,6232
2188080,1860623,2505605,1871166,413067,5937552,668195,689358,458108,535437,1777375,3067786,8215
1243407,1589952,1894491,1456413,327335,5765627,669811,693418,502187,549409,731278,767311,2558
943582,1188791,1082343,1169731,319895,5444477,646161,676564,485266,537697,1460161,1556890,2733
1574171,1561317,1838070,1150687,106608,4176219,457158,713497,501123,540212,1458363,2278497,5410
1594176,1649824,1890083,1476783,329812,5635951,440930,240200,392604,497212,1432889,2289828,5525
1545622,1756889,2193813,1661607,422897,6101335,885692,939432,491080,478601,704757,1539991,5206
908989,1210950,1490010,1229387,331095,5712279,677353,707519,497944,535561,1393906,1429645,2518
1570755,1444419,1471941,950840,109294,4937932,586518,651131,492084,549589,1430310,2281527,5823
1520847,1542361,1836736,1400271,326799,4763773,230051,241236,434259,528444,1454705,2272880,5316
1556324,1601210,1874148,1438430,334731,5558665,680195,698543,436335,411679,692607,1498316,5489
904532,1378582,1807849,1379244,421401,6048964,856181,907620,542791,597944,1482415,1608617,2350
1579314,1568062,1535129,1219746,111744,4992665,461207,719491,528785,573380,1483674,2239991,5217
1639015,1607362,1905931,1465802,337234,4864674,444802,240470,442088,482607,1447592,2356339,5859
1620377,1730976,1882689,1463799,316550,5555783,659167,696041,479002,451128,756496,1600225,5373
904597,1399096,1871348,1449876,335853,5601106,680869,711084,476840,520011,1054384,759444,2533
1291671,1177425,1098306,899851,212234,5380180,651630,680137,488818,537784,1461055,2417906,4290
2166944,1724160,2218554,1662557,325141,5489236,657804,688593,555849,610892,2190005,3753443,7995
1582859,1574418,1899098,1452755,336808,5705840,685212,705357,432396,472271,696655,1518886,3977
896580,1440481,1491667,1449921,322510,5682581,661343,699909,502626,555681,1110051,748746,2309
1253400,1227283,1294960,904845,216880,5434715,673513,702520,486592,531572,1389199,2178634,3663
1648392,1712560,1960993,1508310,221257,4326618,230250,464222,525734,573915,1471257,2385255,5962
1884402,1705710,2169511,1643346,419552,6053387,872259,699863,432077,476224,1078118,2347504,5392
921237,1370766,1494881,1458913,336371,5576364,686975,716522,491505,533102,1059674,753819,2577
1266501,1400030,1485890,896939,213263,4883704,645332,673523,485347,545848,1447122,2383992,4221
1532825,1564484,1844198,1418610,216506,4827913,230459,474488,450831,548507,1481105,2290693,5214
1573467,1588976,1883861,1451864,326041,5631518,659065,458960,391554,421556,1037160,1594794,5561
1255725,1578934,1871955,1682091,427613,6215337,867199,919080,568265,618874,1102340,744118,2428
1268016,1230263,1111388,1187653,222603,5710616,690681,723470,508422,542938,1438061,1514258,4236
1616781,1607053,1916232,1179530,216424,4218424,454141,476486,484211,542404,1455664,2403684,6117
1568878,1580493,1865131,1439769,321713,5669791,456524,479183,392553,491471,1110299,2322417,5578
1244716,1647959,1932418,1492342,336337,5784430,689344,716926,510200,496982,729894,761014,4077
1611164,1385987,1903857,1563121,433859,6672188,871781,912691,555963,676260,2251715,3043310,5558
1544500,1597279,1850353,1200452,221685,4247631,435152,465079,511087,553389,1435483,2218667,5471
1617018,1547166,1885214,1712624,442813,6216477,660198,678935,443524,534679,1414718,2320642,5541
1582696,1575212,1879238,1450768,323372,5714760,676808,716840,434349,481754,723665,1563760,4240
938900,1424148,1527241,1497516,332614,5801907,676617,706531,507557,551296,1058612,770269,2741
1272101,1421639,1517604,905308,223964,4921506,671366,700857,492529,539771,1474542,2450395,4410
1893465,1692922,2247003,1702111,333640,5531011,472368,493715,445413,547335,1859159,3081065,6913
1586896,1647038,1925405,1478179,326089,5827900,662031,680963,456349,499052,711496,1209124,4260
958326,1400184,1510777,1437602,324315,5499469,665180,702388,495139,538174,1101194,799579,2818
1283614,1400714,1500540,920326,227270,5003763,690466,717569,496863,540400,1441893,2283103,4391
1622629,1629232,1933357,1214531,221399,4239303,439307,463196,508320,554329,1458788,2427030,6166
1859826,1652031,2212007,1658377,436965,6185249,691473,725049,424271,461852,1089001,2336005,6612
930992,1388302,1886255,1459735,340601,5688924,695178,715901,497801,543799,1073934,755777,2517
1304585,1246505,1141269,1106999,212292,5742210,651178,682268,493791,546662,1450589,2005161,4366
1611159,1615398,1931140,1231659,227831,4544216,477689,499467,534282,568986,1500821,2351780,6026
1641301,1598518,1977682,1516356,343387,5832903,472580,487149,378022,474680,1105794,2396473,6443
1289386,1580366,2304891,1729418,439884,6305573,908301,962468,559680,551687,1125845,833130,4451
1293709,1239407,1177629,977229,232167,5873957,709259,741175,508966,556854,1476227,2280367,4453
1675536,1652441,2006057,1525699,235103,4440546,267481,501160,502694,553611,1502748,2509235,6130
1560556,1743569,2252808,1705789,417912,6425499,782189,725579,462436,566552,1098193,2284708,5494
1331527,1572596,2036094,1559855,349738,6047886,718817,741715,513673,478274,773519,868281,4584
1008703,1227274,1587110,1238967,337001,5885639,684016,716024,494957,540755,1516692,1712068,3447
1896327,1577797,1929422,1486302,234037,5129431,493197,740446,548445,608325,1828807,3100258,7225
1682068,1586980,1990684,1518413,347106,5780753,696726,503509,388063,427252,1092734,2419844,6393
1296071,1567822,1954805,1481526,336707,5706518,699614,737727,501987,549530,753046,866342,3140
985943,1213725,1301486,1224763,352256,5889709,721710,750181,506491,546342,1459646,1611208,3303
1678251,1400271,1578272,1243872,123186,4997916,476339,709312,493303,552372,1478714,2481582,6246
1940980,1725220,2336125,1755817,446951,5714093,703862,515582,467570,497852,1538941,3240537,7397
1309930,1637611,2021745,1551840,346544,5981375,712545,741084,515568,558580,772717,876726,3290
1016903,1254563,1224560,1263158,337410,5784593,688861,715893,495573,547448,1497788,1708436,3492
1637693,1547971,1977317,1254011,126099,4511287,500947,760671,491307,553971,1513696,2412328,6288
1723043,1554073,1994636,1503831,346133,5581096,481241,281226,410801,476442,1436878,2435209,6526
1625521,1796527,2327414,1731510,432787,6432715,894628,947949,519872,569319,782187,1605941,4598
979998,1243224,1192982,1268730,351531,5865665,721187,751470,522997,572588,1489378,1612606,3311
1701153,1631623,2027987,1293467,125406,4493011,487008,719252,511412,554623,1504062,2518519,6819
1959095,1753775,2305291,1741239,427402,6520323,675158,485227,463193,571504,1524517,2454328,6439
1621020,1616582,2054967,1565677,355637,6058790,728537,758014,496504,476658,762026,878000,4765
1065679,1263964,1634562,1572512,416639,6522586,891156,933247,569665,645334,1892522,1625739,3495
1614953,1564022,1935957,1251430,124626,4496848,490036,746988,516000,551155,1494440,2384927,6052
1687591,1747702,2045917,1600174,325726,6383041,491424,282339,417426,546130,1495840,2299423,6873
1664720,1625984,1985364,1505883,331021,5898316,685723,724807,514009,510875,761847,872407,4662
1010150,1269159,1623802,1549288,349546,6074261,717508,745959,526941,576630,1489730,882137,3386
1715747,1437274,1632471,1020165,124830,5274268,689317,713484,519091,559738,1500382,2486173,6516
1922869,1771887,2303270,1731449,428066,5653416,461769,385606,455586,551743,1714529,3155999,7500
1662273,1639721,2018445,1535978,347208,5926931,711757,740064,513946,503202,777382,895647,4872
1001257,1272645,1612069,1513531,337508,5801095,684214,713841,530100,574707,1544795,910404,3290
1607686,1434596,1630368,996181,128990,5214041,727660,757576,514293,569259,1525640,2427718,6266
1648959,1612386,2019748,1540122,348279,5272806,269565,283172,455036,553343,1460314,2400449,6187
1636830,1830920,2397722,1792643,445777,6523841,915479,969457,521266,511127,782391,1701575,6078
1000457,1238976,1634331,1439960,343494,6055329,705458,736718,527324,562995,1468736,1296400,3247
1649658,1448637,1638115,1007838,237687,5668458,915302,943945,526183,584951,1840088,3267911,6092
1616722,1644178,1987915,1529768,335234,5150491,271592,286137,466276,580217,1525381,2453162,6314
1961334,1839461,2441626,1854187,458533,6865921,935583,972479,521709,503136,774787,1635659,6220
1000879,1412667,2065669,1579812,455253,6655732,912016,952447,587007,637103,1549758,1712945,3297
1624420,1439265,1611856,1269944,126068,5301206,497122,753237,533195,578936,1540933,2419878,6106
1651634,1640395,2013276,1544875,349371,5231648,463934,284485,449234,531069,1452304,2405707,6464
1684958,1608834,1996796,1512540,339420,5842516,699190,738032,450506,437726,769444,1728165,6308
1006734,1439470,2000460,1554845,353012,5935390,721964,752981,530244,572387,1152519,896452,3304
1705247,1456830,1638533,1270578,230835,5598406,687486,934434,568354,625497,1862880,3269829,6596
1634646,1578910,1913893,1471463,325218,5119797,482884,282470,465703,506149,1500101,2414068,6264
1645697,1587306,1984519,1537598,347313,5826992,712683,743666,457982,489464,773991,1572242,4529
1308912,1726572,2143609,1666547,348514,6507288,711012,732400,520759,571898,853073,1651854,4829
1645349,1658033,1981388,1509403,324110,5805942,663089,685320,501844,506480,797382,900632,4992
1001427,1264727,1594474,1504034,332631,5818423,683931,726796,509241,562224,1518978,928871,3346
1929861,1652537,2017675,1294860,238205,5367700,713950,745379,600257,651281,1881832,3094388,7410
4120214,2626520,5074607,3502028,1338553,9257635,2376780,1778588,436598,532365,2417924,9216797,13949
1483634,1800836,2807003,2228795,464388,9516180,925472,870719,732900,810951,2429502,2290042,6530
1653717,1462361,1636209,1270568,126110,5416429,511131,763066,548904,589407,1541593,2459210,6491
1649874,1627273,2009463,1556858,339391,5285030,329160,276841,459262,568797,1473497,2381267,6596
1947764,1919733,2708256,1968124,542323,6849507,1108956,1175936,530736,520018,800711,2416145,7407
1008639,1279743,1621544,1275836,349408,5906394,718588,749655,522759,573026,1486299,1596268,3318
1681459,1488019,1661104,1286773,124428,5244117,485037,725178,523883,578616,1537239,2507856,6462
1624510,1569135,1955997,1502537,332949,5151478,490508,282140,460421,488033,1527110,2448813,6107
1630218,1650244,2009781,1532443,345598,5807373,708130,738776,464962,505753,779657,1567442,4435
1002918,1517272,1889098,1524792,437100,6380564,875995,914195,564994,625421,1462745,1676321,3242
1649559,1389759,1592598,1258285,123226,5264672,491272,747286,516522,564706,1518570,2411028,5938
1664400,1700392,2080199,1575513,350107,5334849,488340,278229,465927,515569,1499458,2445596,6682
1678815,1672996,2023671,1540700,338064,5864902,698113,742287,467845,517129,800132,1723199,4824
994618,1453767,1604248,1540495,348905,5945555,718556,750076,535962,571032,1148134,886368,3132
1689405,1643178,2016448,1279575,239140,5263496,703796,949808,565810,627983,1905417,3331271,6326
1646520,1622751,1995009,1538588,340436,5322935,491113,278980,479862,526647,1564211,2521534,6159
1641395,1607584,2018383,1560182,351012,5897777,720060,751625,462355,495337,772269,1594318,4721
995948,1459027,1631330,1528609,339687,5677564,687516,716749,514143,567913,1162518,890156,3381
1314421,1393971,1576949,990633,227004,5126516,697052,724470,520625,569413,1501019,2373777,4692
1662204,1656318,2012751,1532602,233964,5106427,259717,491269,460582,562351,1466538,2387255,6195
2327469,2005944,2731711,2003577,536044,6977438,1089675,724784,518534,497838,1491147,2445411,7741
997982,1428865,1617208,1560396,350816,5956223,718498,752745,534217,580923,1415365,869550,3112
1343091,1404699,1600114,993742,234077,5059367,687105,710951,514453,558591,1484387,2437036,4675
1621403,1655229,1952334,1500795,227339,5002328,262059,510103,478329,581437,1537131,2450350,5898
1676220,1688913,2055381,1596869,353672,5992384,723171,511305,460556,435510,1159130,1654225,6137
1331496,1469148,1996888,1767131,437704,6250289,873985,909985,573665,637630,1515954,868933,3030
1627767,1468372,1594672,977991,120216,4990370,713098,743531,534544,587289,1542424,2430090,5971
1651831,1622933,2005637,1538280,335865,5101345,262718,294975,457266,563170,1468393,2380230,6197
1621157,1611486,1917647,1470477,316301,5666772,652045,526104,473336,440747,1084769,1596797,6129
1296436,1464344,1977465,1525365,347865,5834237,714775,748433,516992,566314,1124283,850777,2788
1702348,1492631,1624021,1259747,231058,5864416,889922,915276,571841,632299,1839983,2451353,6510
1691201,1581604,1997244,1558572,338827,5391821,271265,278560,462703,569318,1570988,2540088,6544
1657358,1598076,1993906,1544957,349825,5841743,718205,749723,458840,437503,785305,1628182,6143
1019971,1432800,2032069,1535279,344170,5863505,692089,721983,508989,560145,1152386,887749,3324
1306247,1290515,1212952,1175851,216574,5822435,690684,719355,544970,596441,1515609,1870759,4516
2301977,2020438,2792819,1789520,462469,5663866,710315,731544,560843,623668,1819181,3153297,8395
1666737,1568029,1979599,1516201,332524,5755408,683346,722618,459809,423099,764697,1725723,6205
1291322,1619809,2345254,1790655,450210,6558911,716787,749674,524732,638924,1468345,1539171,4508
1376125,1255648,1250017,1007845,240054,5961783,710569,732353,503633,563742,1517878,2499679,5033
1620575,1644000,1990546,1510286,231251,4506737,267090,516357,523784,580984,1559478,2515930,6312
1588825,1608153,1944594,1497095,338207,5821670,604334,517811,382759,478005,1081389,2259256,5870
1335793,1627436,2378781,1784074,448698,6357174,888854,928622,552271,549519,1144515,885309,4844
1298809,1281109,1217043,991265,238117,5752017,733077,764935,527155,588794,1540453,2438393,4203
1664230,1664018,2019293,1541326,238613,4591332,270287,500683,506298,560548,1453166,2376525,6327
1707383,1597008,2000487,1517621,337644,5766384,691604,505616,388746,428284,1166643,2567363,6626
1324141,1663508,2018862,1552938,349462,5896018,718070,751864,546442,592690,800137,907592,3369
1361501,1235229,1414839,1265212,352286,6494749,928891,955185,564413,624098,1867088,2508883,4955
1631640,1595723,1974766,1509611,230064,4433870,264548,509386,508111,570080,1547168,2522146,6115
1640669,1656835,2051025,1590233,360883,6140006,738514,531080,394311,433736,1128342,2422262,6497
1353797,1788337,2119688,1616477,348478,6072167,700171,730827,562953,606621,829534,911917,3297
978672,1328557,1258508,1294980,344363,5969634,724016,755117,544241,598785,1561061,1670972,3013
7922522,2274907,11109577,8177128,1689917,15499908,3189820,3472567,566976,735625,5522342,11892514,12582
1666664,1610955,2007159,1498964,338669,5751283,690755,505396,382031,419153,1156500,2563653,6501
1633125,1783798,2352584,1774640,450106,5830734,721910,756874,563365,619323,1110707,1577208,4514
1001039,1256248,1206908,1237494,347123,5801069,702790,723118,496104,551502,1487306,1714392,3271
1649066,1626664,1966389,1242443,128257,4557206,495968,735507,510344,570602,1539657,2515761,6464
1620775,1649216,2016271,1553048,354347,5935341,499056,284931,385635,489517,1473776,2364923,6111
1653066,1703169,2403337,1793260,457195,6277798,904879,948053,545059,560690,1083559,902820,4814
1035454,1247124,1201228,1247725,323873,5705094,695627,725936,506258,557456,1515907,1600743,3332
1665200,1588902,2003644,1279053,126093,4466890,490484,748636,496594,542514,1482157,2418924,6153
1694976,1629760,2004496,1510525,336593,5738944,484203,283667,386290,490354,1544923,2536715,6644
1596332,1637046,1947457,1494590,340465,5918718,705646,735448,518186,497246,783824,894814,4524
1325861,1241590,1606470,1537913,353697,6418470,924149,950001,556455,614242,1815240,1631598,4587
1678209,1615065,1946995,1238508,230969,4494291,480556,510478,503570,566765,1501764,2491678,6113
1625630,1567490,1974160,1520412,340782,5882997,473565,349899,371804,467540,1352414,2280189,6324
1751966,1631329,2007499,1535896,345145,5658231,689602,718921,493601,485098,784732,933954,5145
1002325,1231201,1551077,1472823,333004,5660091,701243,736533,498229,542989,1485508,890382,3145
1966175,1622500,2006414,1252219,239552,5201299,712992,738013,554206,611764,1814876,3141666,7801
1676068,1597803,1972390,1491474,338581,5773712,482305,500707,367901,476162,1128013,2534120,6378
1312558,1523664,1926496,1473619,343492,5690219,711665,742767,471568,464360,750998,904568,4567
7675307,1892788,10574026,8296677,1891770,15452217,2884263,3092214,597279,761927,6173108,11607849,11726
1661197,1323181,1549077,949394,126271,5009091,707009,747140,498785,537770,1525930,2562834,6307
1975998,1681103,2348739,1784625,461679,5875304,491744,516129,435664,535445,1478609,3067660,7631
1390885,1621502,2016217,1523153,343874,5676634,685275,713828,490712,488028,769281,907203,5079
1054193,1276205,1637579,1280020,333039,5788719,699437,737917,495692,546947,1519732,1677992,3543
1654939,1415906,1589859,1239957,124184,5139604,499237,753749,488655,542943,1449255,2398305,6102
1723331,1512920,1953643,1468892,337896,5048141,440796,282166,413805,519232,1491975,2531568,6513
1614793,1557982,1966255,1519463,348896,5943583,725888,756905,441088,413513,750840,1641293,6109
979495,1475585,2059062,1572862,476313,6688402,950682,976330,567422,631234,1522674,1722144,3223
1646752,1412060,1594675,1248521,126897,5253259,487884,745017,502671,560296,1547621,2565978,6266
1629869,1636864,2026748,1569985,352825,5303726,497440,284862,453247,491071,1488499,2341140,6117
1687358,1628673,2060839,1574278,350556,6052859,704472,732020,452704,502536,787647,1755380,5391
983493,1441972,1731054,1535679,340544,5861585,717606,758633,509664,562665,1158499,898502,3166
1639523,1413739,1648707,1289844,244157,5881161,734597,1000931,566795,631752,1843968,3174034,6160
1670051,1605901,2013116,1524997,341535,5308834,484684,282348,436682,480794,1539531,2556182,6500
1924674,1794281,2379353,1812854,459636,6675872,722541,752777,460780,566049,1159265,2417902,6024
994157,1469526,1650007,1573104,349199,6014373,702921,725707,512703,569575,1140222,919417,3300
1681124,1678115,2001636,1262289,235481,5242739,711522,967728,585783,653526,1947123,3369139,6304
1914567,1858113,2415939,1829982,354043,5862661,505831,526816,502759,583203,1887188,3122459,7403
3505445,1782459,5047941,3869855,962338,11191314,2233889,2503811,452755,542778,2849458,4717888,6339
997241,1419052,1606643,1529679,343978,5773315,724733,767202,509080,570757,1176573,895603,3017
1361445,1415607,1632958,1022083,239461,5421561,723315,750704,526557,575913,1497715,2357425,4574
1673229,1683464,2050140,1554908,232407,5304392,271246,496239,453460,564311,1543263,2553510,6769
1902305,1772710,2373529,1791997,458689,6545383,950516,755954,509109,496962,1139879,1663788,6166
1036756,1276005,1639512,1578719,351992,6039266,714047,736665,511155,568817,1480459,909457,3244
1340025,1507800,1616665,996471,192525,5286075,684744,723515,531210,591681,1549591,2500613,4900
1620474,1620222,2010097,1563181,240000,5314888,272508,520628,462313,563881,1508819,2345501,5895
3279068,1725044,4809773,3684869,855963,10537057,2047588,2182619,458033,499515,3395435,5232720,7677
4129119,1583548,6858781,5466360,1242493,11852195,2155871,2204820,509335,597454,2891153,4341133,5459
1684625,1388274,1618429,1276323,241796,6001676,964708,1003474,551946,612119,1857072,2436705,6229
1694222,1610384,2014903,1503917,342708,5065040,271546,283185,415259,543563,1531079,2570127,6712
1599786,1535846,1927775,1468443,333522,5738780,697467,623773,427671,418278,972205,1592465,6043
1333831,1383016,2000798,1520235,353925,5793141,718660,739482,479062,543238,1099292,891281,3174
1698793,1371076,1580574,1487908,232137,5717708,695528,949181,561795,612920,1903593,2505448,6252
1918401,1705048,2349784,1518650,354946,5156471,488215,507819,480717,601604,1831947,3098524,7304
1782226,1569940,2030974,1525983,346232,5795372,687652,712594,417015,417793,771021,1780754,6976
1000153,1380266,1949070,1495740,340780,5784374,714944,756245,477262,541560,1150687,891451,3091
1361760,1204644,1184686,1125406,239461,5729076,714642,747466,484684,540304,1427705,2167059,4727
1725946,1560406,1958165,1186163,225582,4400557,484997,506828,477057,537249,1463419,2496757,6602
1968996,1680847,2331053,1765763,456164,6457109,724942,753970,425281,463356,1135441,2423676,7562
1018571,1402901,2036599,1571508,353797,6029795,719737,740871,515378,560801,1130319,894141,3143
1372917,1217689,1219010,982786,233895,5824548,686334,723254,485794,538113,1516201,2547546,4944
1658128,1537087,1971625,1509465,235115,4478720,270981,518733,469684,526061,1455476,2350571,6089
1721583,1599100,2034704,1548474,355797,5812416,687617,511218,370668,465773,1114072,2539596,6503
1349152,1505327,2337365,1751443,451603,6333659,946961,1004146,532977,542945,1173889,898635,4655
1345960,1183982,1194791,984594,241455,5813698,728307,759893,495414,542246,1471823,2387168,4775
4556821,1674503,5226197,3945473,765525,8626348,1255102,1736009,507750,620655,4620650,8691261,9449
1625341,1636359,2063741,1576288,349810,6158924,736802,525527,405951,451005,1196881,2477313,6134
1374865,1667912,2062897,1574718,353137,6106874,723613,745017,519985,570338,771985,877517,3147
974722,1258980,1298683,1281608,339894,6107126,699241,739301,513097,575052,1554731,1736307,3180
2172230,1705968,2389981,1735269,239185,5339529,500071,969403,593719,680637,2191337,3779036,8458
1698755,1665877,2118087,1632295,358856,6195442,716465,510404,410760,450130,1204686,2591317,6811
1367631,1626294,2016260,1590356,336513,6275025,709245,750166,537382,597449,809878,906994,3288
979779,1272940,1233099,1307657,352251,6155805,725486,756664,523032,575218,1505748,1632068,3180
1686419,1673244,2064458,1293814,126514,4613581,484690,727329,516387,576971,1541947,2551894,6386
1907853,1832541,2403618,1822444,445304,6633853,707553,493213,415541,515252,1576762,2986026,7805
1326574,1670958,2070696,1581230,359440,5981363,731919,751580,501357,559859,774668,894153,3108
1066174,1253081,1251468,1297399,339478,6061002,696851,737083,542566,595281,1565988,1743512,3395
1631418,1626372,2036834,1294256,125309,4761317,497861,743775,525114,580064,1498587,2376558,6222
1682699,1696469,2091480,1615298,353750,6156929,487067,281531,418623,528764,1543656,2524582,6609
1649282,1610898,2409337,1821681,445936,6672492,926868,980601,595989,590165,1195037,902330,4644
1104983,1272509,1266699,1350213,295061,6209683,709851,741912,521487,576558,1485278,1560942,3524
1783630,1734170,2104172,1325444,130575,4739648,487656,730657,519305,585442,1581681,2595349,6847
1653773,1757547,2049256,1585833,345626,6065139,498302,286726,426020,537885,1590683,2464801,6080
2023310,1905465,2499547,1612550,354528,6198345,951301,977827,596373,588171,1164096,1668745,6323
1346996,1410247,1668246,1585520,340267,6520307,908353,960944,600768,665907,1976707,1716413,4416
1717769,1708261,2063897,1578981,345729,5966396,710562,511911,464507,451688,1216863,1791973,6435
1668849,1933974,2471021,1895048,460855,6827341,939249,760591,557600,614039,1421391,1615010,4817
1061304,1367590,1291728,1336284,353592,6099801,701348,726234,538943,590872,1562471,1751299,3576
1682810,1718531,2063047,1340219,128465,4649553,495309,768031,540318,597378,1625542,2545015,6279
1714651,1707006,2117151,1628959,361246,6213522,510446,283729,414288,516621,1541816,2441708,6175
1665698,1742863,2479902,1830532,448091,6416988,898153,939320,586432,588918,1196776,928723,4906
1373764,1456378,1337118,1382026,238027,6214485,728816,761292,562394,621659,1605029,1702487,4699
1674119,1756347,2095675,1324847,227494,4600238,494091,534554,524874,587857,1534182,2492506,6445
1760103,1816291,2123014,1625503,344596,6181118,497446,286558,456613,558060,1642095,2604794,6177
1614119,1707377,2044242,1586118,354352,6059612,722575,756601,528831,521418,809896,925022,4561
1396823,1382617,1709456,1627964,353106,6746660,919012,948388,601817,663719,1949584,1719271,4750
1669966,1606118,2023619,1294021,232634,4663201,487255,513705,519842,575592,1565493,2500870,6436
1679491,1695294,2111831,1622887,359733,6207439,515625,540131,409625,516071,1153192,2479209,6699
1478338,1820759,2146329,1636189,350681,6043759,706678,737834,550568,559585,856973,933547,4942
1049224,1429060,1696800,1571540,335267,6163719,697351,731121,564333,617769,1573161,992398,3210
2026557,1778033,2104095,1346243,240999,5457379,721305,742938,603450,671838,1908847,3249650,7926
1724245,1769723,2091932,1612673,343488,6134667,493021,521792,431156,548246,1230414,2622066,6624
1606915,1913488,2434554,1856494,459597,6880045,728326,760261,544044,595763,1152675,1611223,6020
1087252,1422994,1719516,1372286,355734,6104753,707464,733289,554849,610179,1587537,1717188,3276
1639042,1485972,1658823,1297481,129618,5303070,499034,757596,524858,583874,1603140,2545926,6286
1656107,1667647,2029048,1568272,341197,5402431,330185,284643,458294,566124,1444946,2317176,6299
1629094,1859640,2455710,1819270,461951,6336327,923728,961956,511596,507726,774593,1743539,6063
1036613,1261905,1611768,1264312,345282,5904507,722051,753174,510346,568395,1526683,1673268,3232
1647748,1455928,1638963,1283790,126514,5341765,485903,729143,510469,570483,1482941,2438167,6274
1704772,1624605,2046537,1557810,339399,5279766,478596,278868,459485,508355,1560696,2573842,6317
1614272,1590410,2031523,1565219,351850,6097742,724996,758690,457858,496989,771116,1638529,4772
1028756,1423890,1808309,1497988,452718,6211544,892833,918215,525829,583927,1409864,1736126,3325
1691480,1324123,1559486,1239753,125096,5166928,491947,754172,492015,547619,1539401,2503568,6238
1680926,1524567,2007858,1516227,353022,5116838,497716,287261,411735,461898,1445289,2405148,6372
1744420,1574989,2033970,1529608,343869,5897177,698966,731610,419025,468894,763244,1761023,5245
1027157,1396124,1597302,1515332,345382,5899223,726036,757677,506291,562689,1136618,914348,3211
2100710,1949893,2705976,2029181,493089,7553693,946300,987544,701058,730383,1607931,2228472,8222
1073307,1353463,1787930,1692575,374129,6584162,762623,802045,543378,599137,1490177,951458,3628
1368693,1329124,1595977,969558,237745,5204233,704288,733414,471089,528021,1528074,2583668,5025
1960593,1786428,2388732,1535904,348481,5216094,706693,735715,561733,622044,1501566,2407113,5969
1720735,1555469,2009334,1541685,343558,5755585,477678,496485,373822,474227,1114259,2447545,6679
1381271,1493723,2358817,1769765,441684,6485823,921622,976858,544246,530434,1142604,903393,4896
1352531,1148877,1183158,967839,237023,5862400,722693,755159,471829,531104,1459682,2358021,4745
1702025,1546508,1978150,1408137,231294,4459573,291382,505226,473306,534819,1477748,2510046,6345
1663160,1538522,1945364,1499032,332445,5914307,508896,523758,394499,499145,1120594,2356908,6093
1375852,1522622,2007617,1536582,352248,5757578,719271,740472,476846,470001,757813,870875,4628
1039786,1130071,1590751,1246903,336715,5890938,693799,733584,494401,543980,1532008,1718977,3289
1933041,1535088,1944738,1483494,233014,5053650,486149,740836,520680,588983,1800300,3061363,7194
1753027,1533850,1945231,1483610,337819,5647671,674485,481432,372126,407201,1071566,2396696,6323
1380523,1606465,1974738,1511198,338992,5788157,705143,744356,491299,535696,771323,912031,3605
1056761,1174118,1559575,1272722,341512,6068492,702462,731532,489707,548101,1456726,1662994,3427
1694848,1293446,1575352,1226293,124844,5129641,484378,727265,469886,525562,1501535,2550762,6419
1942682,1685768,2332848,1753241,449547,5859569,717459,512996,415183,469508,1518996,3170845,7244
1706536,1685763,2347374,1733522,456458,6282775,927629,952437,499955,503913,719179,872875,4524
1039096,1139132,1577665,1486973,337880,5716799,701010,740785,467961,528361,1508359,910833,3190
1666461,1381173,1595399,992083,125961,5216563,711462,739946,504015,546370,1481839,2339274,6254
2060676,1924756,2433870,1823899,356217,5863462,481754,668519,517730,572321,1514607,2438237,7781
2007912,1781434,2350271,1776799,441263,6543906,928957,752000,508194,511134,1161406,1683578,6284
1074058,1333005,1676462,1575132,351610,6061685,720247,747105,519533,573091,1498715,905231,3083
1753024,1425806,1598110,992572,126138,5186799,691920,721842,487610,554783,1541457,2568970,6552
1718279,1605897,1994070,1543502,341606,5324278,274796,287147,458882,561619,1500742,2364040,6032
1744028,1537999,2013464,1535964,352854,5899903,710343,731700,421224,420885,772259,1678310,6331
1249940,1476499,1982615,1752867,432368,6378630,893207,947574,542494,611293,1511737,915182,3138
1736165,1526870,1657529,1043043,126674,5373808,725860,755872,526567,587142,1528734,2359913,6121
1716629,1537974,2004207,1539255,348668,5112589,267682,280858,420124,530419,1489526,2540978,6433
1675887,1486662,1950206,1497494,334981,5773775,703409,740386,427870,395806,747582,1668563,6281
1021398,1330426,2016068,1530104,351314,5880817,721955,752816,472251,524098,1107075,885320,3217
1393674,1175882,1224242,978479,234422,5823013,686121,716442,464980,528185,1504715,2566869,5285
1970317,1653184,2299672,1609566,343939,5017968,308135,519302,466256,575573,1814872,3140572,7247
1768843,1653290,2047878,1562148,353101,5850279,705003,503126,399686,431193,1154079,2508070,6385
1361603,1511161,1944775,1480871,332960,5817264,698175,738626,479546,538382,752990,890682,3185
1019055,1179812,1186894,1254452,339273,5886195,693065,722000,480973,539591,1421081,1575192,3181
2070353,1789561,2424645,1507752,225716,5080500,684501,731199,494796,555036,1881887,3350738,7988
2002895,1707864,2370358,1771115,455098,6486276,732698,521431,416149,496514,1545497,2569541,7428
1328514,1603416,2063689,1579287,356131,6197350,726401,746994,485688,543903,785837,905986,3311
1024032,1249863,1235999,1292971,337731,5867497,693622,733537,507892,572833,1570387,1737554,3334
1627572,1432930,1642493,1016781,123778,5354954,732702,764910,528894,578039,1524624,2384651,6055
1643454,1621650,2029888,1570698,343168,5264796,269582,283066,433092,551245,1512167,2487883,6304
1590165,1756714,2352998,1768563,449314,6386164,944675,992396,486222,477740,739976,1645324,5735
1045590,1260344,1682727,1377665,352106,6213209,723218,749325,526856,573471,1483719,1551554,3255
1635106,1468812,1630849,1046909,125699,5467236,657503,698057,508521,574528,1528009,2478400,6715
1672693,1598584,2028031,1574056,352900,5470181,272303,284664,480880,596632,1564968,2433419,6007
1669513,1644449,2095593,1604024,355752,6115870,717147,738389,472788,458444,792382,1670759,6345
989850,1411502,1987297,1519170,334461,5911063,697098,737189,518270,580635,1170177,911467,3000
1702748,1587916,1726748,1377308,242123,6167975,726652,998476,609072,661027,1910810,3075590,6200
1714993,1534590,2005876,1531311,347757,5214037,478747,281103,413168,466303,1465079,2521282,6470
1666048,1514303,1937322,1480672,327805,5782956,691042,725415,415211,406564,743000,1735088,5926
1052745,1354304,2021497,1545940,352175,5869375,718929,747667,477853,526456,1119108,906994,3275
1384932,1178500,1210614,965664,231679,5649161,691844,722956,476909,538480,1518899,2553689,4986
2237220,1958517,2724212,2038227,445557,5880801,494756,528378,490764,630007,2250410,3871098,8619
1681495,1610232,2013618,1548446,348600,5909765,705823,726985,435771,486997,749545,1683469,4721
1359999,1315855,1954005,1507404,339067,5821167,715919,759742,487830,531778,1126849,871949,3257
1099953,1160505,1156784,1210686,271790,5711308,675930,705513,466516,524166,1370218,1505427,3229
1731494,1547542,1975587,1237137,124557,4490208,466875,708824,472452,535002,1476315,2493977,6473
2012321,1776443,2357686,1769517,451357,6527607,724461,521537,448798,492107,1509522,2421045,7588
1348516,1372539,1982046,1519466,341961,5853078,700121,722302,476019,533579,1072557,889511,3259
1368726,1143592,1181789,1217972,227101,5807494,687216,725476,489993,539029,1511460,1744785,4798
1649696,1502729,1936615,1228856,233121,4573135,494365,515971,465346,521434,1438615,2328202,5975
1724375,1574816,2022233,1533155,352269,5737369,483865,465150,370983,470742,1212763,2498760,6257
1695323,1522769,2309791,1740969,440245,6402436,920199,977718,535609,544468,1135946,889112,4716
1373529,1167470,1217550,1260522,236505,5973822,729205,761740,478213,538774,1471091,1674877,4921
1737232,1643044,2051859,1302402,236179,4600542,465797,486450,516321,569604,1526103,2535457,6774
1609804,1628910,2027234,1541017,343942,5983101,504550,524871,389696,511108,1166926,2456091,5976
1655777,1624919,2067427,1580167,351440,6687396,940743,968636,552699,552023,1124974,1660631,5822
995058,1182887,1602066,1342952,337130,5786131,694734,734986,494531,551607,1545077,1619462,2994
2224458,1800324,2419515,1570845,341126,5323616,720727,774514,635161,701526,2232209,3828674,8402
1637536,1643153,2036173,1551595,350918,5053536,490984,284013,432095,475009,1536362,2584712,6499
1649403,1590784,2030396,1558369,344832,6137023,727503,759570,458758,507549,783183,1683590,4749
972428,1438340,1637777,1561153,346888,5919454,716307,740423,511590,560006,1128311,890620,3211
1378342,1406396,1640172,1026789,233099,5444206,696725,729909,506067,567999,1559289,2549115,4825
1867120,1788969,2411462,1840231,353296,5973058,507450,519758,485883,573020,1926186,3163759,7290
1686575,1625196,2043557,1575154,339666,6146184,684051,704789,453969,504185,766249,1483575,4695
1008386,1365495,1605676,1535965,337934,5902369,705623,744084,492346,547979,1147468,881565,3121
1289843,1415242,1638754,1025563,239396,5457434,721817,751224,515718,566216,1501491,2349989,4763
1702298,1620916,2041002,1571434,234412,5235788,263005,488127,448903,556606,1498099,2507294,6474
1933580,1782378,2403392,1799822,448011,6594197,942074,755100,507705,490432,1151648,1695080,6160
973111,1224703,1606591,1555451,354016,5931321,729632,755839,488816,544351,1474155,898969,3230
1447760,1423799,1648188,1027763,177120,5453427,673839,707311,499397,558404,1530231,2504085,5409
1622987,1582910,2030806,1575117,236064,5434777,272780,521177,458074,574085,1522021,2407014,6066
1753639,1686823,2085994,1603676,351799,6127503,705759,504581,470403,458259,1164582,1700238,6450
1264138,1431945,2003113,1792572,438160,6621549,908085,960983,581667,645685,1552541,889040,3215
1664260,1405444,1657368,1026117,122996,5262503,730403,763792,507463,552098,1500853,2376950,6358
1992915,1816200,2440387,1564586,346102,5188926,469948,492623,508747,633971,1896449,3298940,7578
1567650,1577669,1956246,1507045,325949,5946230,690874,636345,442904,429300,973354,1604478,6013
1365154,1387334,2073032,1588753,355920,6157054,731059,753420,500703,553327,1132548,908127,3223
1378845,1216544,1245499,1298437,237147,5867324,706184,739474,498769,558143,1556364,1709103,4624
1930639,1745322,2370300,1541075,347611,5280884,496335,517766,505038,625353,1885352,3148583,7418
1673134,1634526,2060233,1575594,352378,5934274,707915,729101,442813,428950,761714,1675385,6349
1034073,1371329,1985127,1526342,337717,5823429,704041,746439,500364,556351,1145813,883172,3154
981426,1242732,1400785,1310593,353026,6073667,721386,750898,505485,562443,1482481,1647376,3156
1650442,1368147,1627735,1258286,122456,5148024,478605,721928,487546,549336,1533314,2547061,6359
1966020,1683290,2371023,1779131,459035,5900530,719796,515426,437810,480361,1505832,3220695,7370
1346236,1618546,2057380,1585376,345526,6024671,705691,728846,503547,565045,769839,898007,3255
1015546,1233562,1245887,1289865,337463,6033340,697659,737988,505285,572531,1566499,1755111,3245
1675197,1561126,2025205,1284300,127198,4815435,503876,764070,511633,561135,1508650,2384083,6259
1685239,1636696,2073407,1590833,353369,5741653,482263,280559,453696,524120,1554112,2570866,6816
1643019,1729361,2387243,1796303,447480,6588208,939822,999089,498593,561631,778009,1727309,4712
997378,1263574,1245662,1308391,350866,6108913,724417,756849,521175,565108,1485555,1658543,3253
1679926,1601999,2059235,1292580,122614,4642573,481753,715623,505778,566215,1536473,2525283,6610
1617802,1605815,2015060,1549881,452549,6789937,709661,505803,466003,577073,1929739,3163072,5697
1699301,1628650,2089537,1610967,354091,6342392,722695,742714,509454,500631,777621,905841,4825
1025781,1288927,1644518,1557186,339600,6051217,699233,733828,508194,572763,1517174,934896,3358
1679522,1544607,2028107,1277160,220114,5357161,715912,983130,564462,623465,1858985,3076791,6257
1682144,1663329,2088177,1601774,354804,6033344,481594,280536,411583,521436,1540803,2547622,6469
1664002,1701253,2038479,1579675,339312,6048818,712938,752862,550739,531022,823006,904136,4774
1031123,1192216,1658316,1575960,351229,6088139,720622,754378,515299,567292,1484909,903859,3203
1673982,1396336,1622234,1000363,122074,5266395,693382,725787,500687,554315,1531721,2561407,6376
1928264,1805520,2370017,1804785,440095,6060315,467894,351501,463239,582274,1796952,3110913,7412
1658977,1601371,2052795,1583600,354977,6034964,724572,747776,496124,483937,759923,890170,4826
980353,1252406,1638813,1552401,341814,6028420,704028,744940,521465,580445,1589111,895492,3060
1624109,1417370,1610946,1021104,128330,5629507,731644,763534,538981,586735,1544192,2373973,6035
1656964,1677408,2080862,1590030,350580,5315229,270330,285497,456271,572412,1535203,2523457,6560
1686920,1779738,2391718,1814649,443673,6709125,932345,988814,519929,515760,794471,1695073,6242
1302699,1416478,2023723,1736213,454705,6573826,928737,970001,558433,612875,1450593,1192805,3283
1683424,1395013,1641356,1007128,123182,5286464,701413,731925,509247,564895,1563777,2569352,6073
1627485,1601345,1998974,1790911,445947,6029704,482287,504143,525478,640882,1897109,2442135,6105
1666524,1586053,2034553,1546422,352564,5969641,717173,738390,423083,411121,763001,1695356,6055
1088254,1376881,2042288,1536873,452128,6584675,922761,974178,536459,606197,1564899,1789431,3275
2680157,1449827,2892549,2257248,358467,7184300,932179,1180510,451606,513101,1554608,3395479,7730
2485108,1700608,4270719,3791202,979980,9924795,1653827,1620233,442482,605062,2871180,3791664,6979
1614358,1564119,1996911,1543597,336542,6080903,710370,752749,450210,423589,776298,1684434,6144
1024687,1446718,2064044,1594564,355722,6198593,728818,761197,510538,565300,1110883,891772,3248
1370634,1268225,1257743,1021710,236279,5978860,700240,732287,521378,589551,1580337,2569182,4970
1896623,1780867,2380543,1797747,343250,5386725,495775,517258,506832,564732,1907359,3181367,7262
1674443,1562696,2051254,1588706,351292,6188705,715688,736903,447020,492602,774835,1644953,4757
978964,1457664,1771659,1568250,337952,6084331,692144,730947,523960,586414,1181318,898017,3025
1326525,1271502,1270073,1042258,242995,6282307,729414,761349,541563,594347,1541207,2379536,4630
1690657,1626866,2073705,1590707,238028,4740266,273307,509635,514691,568042,1537686,2554989,6736
7398124,2184902,10139533,7923552,1859280,16764523,3604408,3842946,471372,611335,4718644,9807353,10564
1077442,1415938,1627865,1563542,348072,6062314,715568,745374,508063,569025,1139983,910025,3333
1393131,1368350,1618342,985208,230062,5272698,686463,716569,496581,551887,1527567,2551690,4831
1642339,1462852,1958867,1503753,229849,4936797,269137,526129,435045,523128,1503185,2417252,6140
1693124,1568971,2014284,1794329,453491,6559367,919868,715152,419081,473787,1417000,2391464,5909
1367925,1526643,1981594,1750640,441061,6412318,897349,948538,526838,590641,1136771,914015,3219
1359275,1328861,1609428,988532,241447,5416702,725856,756920,482349,548684,1503817,2403388,4831
1744386,1586527,2030130,1550920,240838,5121448,267672,486490,425069,546594,1472392,2489260,6726
1682573,1453859,1904465,1463616,332965,5795598,702020,507878,407787,408475,1129238,1701801,6315
1348832,1362776,2003838,1552063,351523,5952349,719694,749924,487701,534810,1075018,884244,3176
1131392,1164790,1212695,1248802,282622,5803495,656536,686114,483401,526904,1466902,1625943,3434
1947099,1685130,2324571,1503981,233134,5133608,494799,745683,472037,605841,1870108,3164411,7405
1681389,1503967,1993917,1493257,350204,5789044,717599,511300,395523,392230,1079722,1651055,6114
1350883,1364398,1942058,1480616,327767,5742074,676542,714202,469331,529999,1110422,895901,3095
1348561,1180752,1184808,1244119,237273,5831499,720471,753013,483830,541467,1465815,1629407,4583
1767629,1531322,2011641,1260389,231605,4476440,476073,499406,473189,527568,1476760,2487405,6598
1965119,1667627,2309680,1742431,432671,6481724,687311,660789,426453,475410,1325360,2422198,7520
1375878,1347050,2038716,1566987,353660,5957663,724250,755353,494703,545871,1114692,909245,3289
2785511,1319767,3570405,3335709,821676,10720987,2037879,2245307,490301,569839,3170705,3931352,6223
2186818,1587264,2719927,1494499,233278,4589726,643133,799146,508636,580582,1993434,3440868,6860
1652387,1625806,2073390,1600991,352524,6124823,493555,510005,405806,517517,1160661,2430038,6294
1345089,1588823,2805828,2073388,542568,7176353,1105503,1174473,638784,644387,1547076,899170,4854
1303632,1219901,1236089,1127363,240000,6080589,733195,765462,508180,562850,1518984,2268172,4609
1713758,1596106,2066673,1320405,236881,4698695,483072,506079,504858,556842,1511716,2508804,6494
1631393,1589742,2008861,1561500,337384,5995800,489610,515258,379127,491436,1171389,2506467,6313
1360940,1635382,2083725,1616885,350761,6179523,719916,752541,515521,498241,780143,900774,4930
1356635,1304108,1686847,1317680,337885,6672084,896579,936104,584916,655227,1947185,2581527,5058
1662131,1579359,2019605,1550454,232684,4654515,268934,517620,525825,581520,1550224,2441920,6157
6265337,1862144,8715083,7137197,1749692,16767318,3429194,3682832,372387,575446,5345198,10381558,10347
1333663,1538959,1932076,1483208,316083,5920818,650603,687777,481653,487962,767481,901430,4481
1040071,1129466,1588930,1255465,353106,5966969,724729,757050,483671,532699,1482561,1602519,3017
1759604,1377286,1644809,1304744,122411,5351503,473684,715127,512593,560250,1525898,2490377,6482
2042264,1899310,2413101,1844072,442776,6201728,722127,528831,478644,531580,1614750,3331751,7964
1425550,1639200,2070989,1588115,353933,6154922,726451,758136,502543,560339,796219,931167,3520
1064190,1298344,1297485,1281686,338854,5857650,684890,716272,494743,551512,1534652,1730773,3312
1979197,1635140,2064462,1535212,234301,5900220,696123,728167,522229,584563,1891692,3135330,7330
1753412,1609160,2023329,1540300,351759,5357056,493361,281425,440483,489323,1475549,2446613,6165
1780703,1807806,2749489,2033531,532902,7147558,1082940,1148468,562684,631763,1177388,1729498,4639
1027350,1197633,1213519,1277615,347420,5965919,713537,746875,503333,539667,1478119,1591533,3075
1716902,1533765,2033177,1269480,123212,4556907,476842,728248,479623,536778,1499470,2531850,6679
1684297,1558049,1960687,1501810,337085,5841268,490614,280825,359142,473138,1522895,2488363,6259
1665455,1571614,1981806,1520850,338399,5912026,691130,720434,428427,479420,760821,1301980,4815
1065717,1342399,1617015,1527976,445269,6425351,896140,936712,521823,590860,1495954,1710809,3514
1623503,1518267,1948100,1227239,122497,4466143,495320,742391,506900,544851,1507239,2403629,5931
1708836,1540741,1999598,1529962,342044,6020279,484356,281854,379863,488108,1439110,2365675,6201
1692740,1553136,1984922,1493548,332477,5911488,683458,723312,467051,462832,733694,892680,4670
1037786,1220712,1598666,1544439,351905,6002983,722516,754261,499889,563238,1486345,880867,3177
1837515,1573224,2005347,1263476,158171,5239718,673831,915744,528258,600458,1809885,3196589,6429
1682216,1468192,1938879,1246536,125683,4579383,485373,739159,477803,529514,1469414,2350305,5941
1744859,1588042,2066945,1573929,354786,6010971,489581,283463,377676,488929,1502409,2486281,6556
1687475,1528344,1923013,1465337,328436,5727642,688704,728693,466783,473166,749946,874218,4577
1005651,1201705,1594025,1540120,352024,5888031,722079,753575,484523,548336,1451781,888304,3077
1768870,1417462,1630235,1014812,125777,5362682,685749,715300,496115,563476,1530458,2543615,6770
1976552,1667782,2325788,1743944,432732,5704227,487655,314735,428134,535979,1880130,3192415,7513
1968987,1575882,2302917,1715365,452781,6263078,921472,946722,437440,473059,763425,986902,5766
1050860,1173595,1619122,1542999,336242,5954862,691526,731533,514571,577378,1562681,900085,3401
1661908,1369447,1594881,984338,123070,5227279,716198,748919,483903,547681,1476990,2369906,6178
1724330,1574152,2008515,1529661,342801,5127222,266602,279671,422481,539569,1445093,2426833,6402
1766671,1708693,2358874,1776041,443482,6416098,926436,982383,486161,482030,769330,1732824,6294
1020470,1140582,1585722,1513857,341950,5889132,703299,731448,490648,536862,1439146,916690,3178
1739078,1378633,1609768,974185,124090,5108941,691681,722050,464051,525005,1492006,2558195,6585
1675307,1548401,1981019,1499017,342240,5242658,272021,284304,424878,549167,1511764,2437493,6071
1675036,1588009,2015839,1538944,351639,6029739,717422,738662,429675,418865,754739,1669836,6069
1044937,1293080,1968624,1497958,436217,6456095,891187,943394,523316,601511,1508711,1718388,3155
1650247,1355480,1578809,1211522,123866,5124843,501830,742137,495668,532537,1450915,2318963,5742
1724366,1495020,1975815,1509359,339722,5159930,314902,281800,411363,514096,1433822,2408641,6391
1682292,1516821,1980568,1511839,339245,5833316,708543,747965,419444,408418,759860,1700572,6433
1014583,1344451,1987441,1517838,350242,5842287,719449,752942,483781,538878,1108768,886145,3169
1354911,1165014,1210883,974848,234916,5919449,668601,697882,481366,542180,1485528,2477185,4987
1938544,1720449,2322581,1745200,338600,5237578,489335,520485,488449,552416,1875935,3170102,7269
1686058,1562285,2013850,1531874,352244,5958421,719800,740583,415422,462474,741260,1641561,4829
1364993,1534447,2216707,1749898,423174,6463766,866426,917640,480116,528289,1102254,1646734,4739
1394185,1186974,1232029,998600,239213,5987429,714189,744076,501349,560487,1492157,2370760,4925
1761526,1517887,2041722,1546845,237744,4590624,265338,503092,476540,537628,1494997,2525344,6956
2018589,1761737,2360785,1754333,442978,6384718,924533,744972,438676,487807,1140973,2522755,6214
1013788,1353081,1580226,1518122,346872,5958404,711850,743082,471527,526809,1099011,887561,3034
1378756,1330126,1603795,983338,228633,5109960,682715,713681,479419,535912,1505299,2517684,4858
1721311,1632695,1975286,1506977,233220,4775576,272088,492332,521699,571140,1499160,2361099,6047
1700476,1562144,2018768,1530499,353040,5872885,721121,512589,350520,401820,1109780,2414214,6241
1379340,1560074,1961245,1732839,433970,6378301,886738,939271,537971,606823,1109219,891362,3262
1350725,1304134,1563717,977247,237178,5287589,711114,741815,471510,539868,1469609,2336707,4504
1733611,1576805,2034933,1566756,237422,5086508,265145,498773,437550,538575,1500997,2495509,6362
1731485,1596989,1969975,1505245,329501,5914654,690787,510583,435326,423453,1155360,1701746,6317
1357970,1556594,2016373,1549082,357346,5974546,732032,763291,489063,550924,1038202,886526,3150
1383311,1430894,1628531,1261848,345342,5692458,905078,942829,538077,604600,1864879,2555464,4862
1647952,1507392,1959129,1490749,342762,5840214,495301,755504,477734,601345,1866367,3190988,5816
1694060,1562927,2019548,1544890,346540,5861014,707993,497411,416071,407850,1115733,1665303,6316
1738097,1554824,2380633,1790417,425715,6600357,871180,712492,502024,553854,1538922,1687155,5061
1375051,1172564,1217173,1241602,236123,5958383,721013,752296,482474,550280,1494804,1643111,4655
1733979,1633654,2081877,1282762,227963,4598364,496947,537591,497548,553005,1517357,2555672,6580
2006500,1659518,2293185,1716101,427024,6469383,670986,530015,423854,472254,1441043,2371467,7457
1365874,1335761,1977912,1532161,348406,5873360,712601,741934,479375,538283,1096887,899045,3240
1425693,1141864,1218126,1267462,233479,5793151,685984,717493,471419,523414,1487834,1714848,4966
1679458,1479768,1913215,1201770,228817,4518380,478992,499969,470218,533716,1478442,2372565,6247
1696328,1547603,2013409,1527936,350904,5920545,493377,510900,350354,461049,1096104,2425881,6355
1382135,1516959,2330986,1728958,438399,6419477,896946,950304,520142,530207,1128665,904769,4787
1340829,1202984,1196280,1192946,223509,5934116,693664,724140,495752,555660,1448854,1779860,4307
1725667,1602376,2066417,1304060,239148,4710267,488426,504387,494983,544720,1492703,2477380,6333
1715141,1480193,1959972,1509455,333538,5868645,489041,515604,375841,468783,1121909,2465267,6125
1401724,1651834,2070669,1585442,348414,6120094,718030,749837,510615,493462,800310,938655,5132
1360221,1170691,1619992,1261011,349901,6458621,913378,954089,524327,591136,1885622,2565684,4659
1678011,1553626,1989819,1507080,233332,4471677,271927,519194,498207,561570,1515043,2447135,6033
1743955,1612289,2032884,1555068,338544,5974351,593269,513939,388762,492719,1115255,2379969,6527
1369809,1508599,1991590,1511774,336884,5894932,694089,732081,482964,467957,767806,912412,4930
1321489,1352621,1963794,1503631,457088,6606629,720543,751618,493383,619593,1843527,2314977,4262
1720636,1342659,1589795,1255493,124196,5172461,476561,707653,469806,532096,1445074,2418439,6282
2008114,1720628,2348307,1751043,442437,5783217,705776,512873,423605,476310,1500080,3309168,7793
1369753,1512340,1988957,1537408,347313,6036659,711534,744796,477007,537863,769822,898660,3261
1041873,1117344,1423434,1283005,345039,5856251,693536,724793,484325,533845,1517538,1734235,3399
1678622,1335667,1584410,1245943,123915,5113761,487353,744700,479697,530164,1491472,2413624,6029
1692834,1531624,1973371,1507061,343015,5281265,487856,280613,404909,457792,1412300,2348785,6175
1717069,1751636,2363198,1755044,431680,6485352,880684,931283,475842,537634,719925,1712720,4829
1045111,1150070,1189822,1226808,342217,5907846,704432,733399,470923,530769,1439403,1602379,3147
1739909,1537904,2039590,1283129,124459,4527067,494634,732286,476585,532738,1497523,2510828,6376
1671682,1527957,1980047,1514385,340929,5222492,490901,276583,417868,465676,1550253,2560164,6315
1687315,1533696,1985594,1501636,347030,5824074,714811,748189,411071,467392,761392,1613246,4757
1059203,1531922,1681280,1548963,457755,6515217,912029,952085,553913,626538,1535134,1765712,3284
1681990,1672844,2013602,1278387,126867,4627009,499103,746507,531781,591710,1562185,2437641,6100
1734782,1657215,2057441,1585166,349966,6043671,497339,279143,392243,502622,1479483,2406566,6270
1775547,1619289,2040320,1550313,339240,5945208,693662,731577,515771,501319,810516,928784,5043
1379642,1425503,1973730,1780166,448306,6764519,712890,746296,481254,621449,1788328,1620025,4801
1753340,1624806,2026812,1263885,227918,5147517,689912,926819,529771,599355,1787048,3189004,6362
1715769,1557774,1973128,1500400,338276,5803373,487996,282782,356154,469514,1524055,2547016,6378
1680614,1606367,2053499,1579515,359394,6070711,739010,773160,490760,476025,759693,895598,4995
1022825,1209621,1565162,1494959,345734,5655888,694572,725003,469000,529560,1479817,885691,3118
1624558,1315752,1560379,967636,124607,5249065,724169,755521,471203,542739,1509013,2432926,5918
1704663,1589353,2028962,1554912,347141,5213277,271782,284504,444834,533886,1452799,2363932,6250
2068818,1786231,2373459,1766142,430237,6605141,875897,757848,517911,493647,1087599,1647103,6449
1012280,1159277,1562367,1492582,344719,5846543,711461,740335,472978,528485,1458435,884039,3161
1719030,1400116,1596333,977114,124183,5204031,680985,701697,479839,536383,1426550,2390440,6361
1714801,1553162,2006264,1544496,338137,5364666,267039,277164,440787,566843,1562723,2558815,6435
1699464,1522363,2009484,1549218,347575,5904035,709787,742356,436270,407330,760353,1590552,6138
1057293,1320839,1997828,1679954,437498,6373798,875147,916107,515441,586363,1461772,1304326,3420
1672864,1354044,1610364,994790,125429,5319869,721758,755054,483569,552001,1527122,2463961,6161
1704684,1561329,2031949,1539424,353107,5184442,268685,276683,420764,528610,1455177,2428467,6258
1702972,1808175,2389361,1781562,445769,6357827,902154,949829,494760,489260,758030,1742713,6429
1067740,1398005,1971321,1516333,348268,5974573,721438,750583,504653,564809,1132107,899122,3225
2025125,1539966,1980172,1532162,339246,5923483,706029,952225,594960,658036,2163523,3934899,7512
1701972,1538992,2005292,1539287,343103,5180139,440790,283202,435650,550665,1561202,2557015,6315
1673795,1590725,2044125,1564572,352600,6069939,724928,757999,429524,408160,745398,1621832,6257
1028413,1402754,2042037,1554843,347986,5899489,695338,728851,471567,530520,1132351,923620,3424
1343610,1202851,1212032,994118,229690,5830175,704483,736363,487238,548530,1481960,2401694,4640
2059546,1691597,2385220,1774892,346527,5236441,487188,512104,486086,544592,1777080,3115523,7585
1705964,1520382,1986301,1515933,334341,5826805,683826,718335,432782,479519,771257,1693317,4771
1062581,1352008,1710059,1519502,347771,6002117,721812,753861,496282,545396,1119496,882602,3123
1392910,1185524,1237998,1001271,238642,5959795,701374,720555,468278,524347,1449824,2421106,4643
1696859,1553121,1967460,1495772,233255,4623179,270825,503789,483954,543834,1495855,2520210,6290
1693813,1588745,2013456,1551556,352190,5951083,718785,516671,366274,411675,1102594,2370889,6260
1383381,1514225,1979319,1783697,447828,6333178,883404,924287,511357,594699,1133822,915554,3512
1381039,1351504,1616153,1004203,231745,5236815,724356,759306,496245,541248,1554182,2506302,4963
1704533,1554703,2049611,1582737,238594,5169846,270615,513114,472778,549236,1489576,2419709,6429
1693030,1555735,2004522,1525947,330881,5992964,675705,483491,379352,424362,1162498,2489171,6616
1384516,1572511,1988369,1533731,339914,6067341,703558,736933,492486,549545,784177,920306,3302
1392438,1414410,1633928,1282521,352814,5894105,930174,956817,545865,619514,1841645,2484966,4907
2042125,1674128,2308235,1724898,320154,5134076,269910,511609,498653,611480,1869999,3244261,7873
1703017,1541750,2007420,1559993,352350,5988246,723199,518964,446347,420847,1141301,1631251,6202
1419915,1582350,2038864,1527146,339589,5959245,690992,720050,483681,476692,755423,922274,5118
1016102,1196244,1572941,1450193,331740,5884997,697395,727888,491626,554301,1476132,1058902,2974
2052523,1554891,2027089,1287792,238861,5347280,717068,738364,526601,600186,1806053,3187145,7337
1714434,1508820,1971884,1497202,337335,5818904,481782,508618,364293,458180,1124074,2519043,6062
1338413,1492371,1946878,1497030,342964,5999254,705856,735467,472654,462269,749078,884886,4612
1032621,1227657,1652484,1281075,351176,5914255,700196,725572,491616,547781,1489467,1703350,3318
1667287,1363262,1586560,1220479,124710,5110821,485713,743197,474066,536199,1493547,2458476,6101
1659793,1568817,2006145,1545944,339032,5273027,353781,281837,437883,549318,1429831,2326144,6257
1728278,1736253,2438332,1795545,451314,6400824,904187,941761,491516,473763,767420,1719534,6463
1050172,1153724,1583812,1238763,337290,5980330,703966,734759,487172,550378,1480827,1634086,3111
1744287,1359809,1590833,1228508,124088,5324293,492400,720782,466213,525295,1420875,2395128,6388
1739589,1618382,2029802,1533966,338321,5284226,483786,278884,436443,489446,1549169,2588699,6709
1657812,1569111,2004729,1545142,353253,5854250,717114,750652,426857,482570,755290,1652186,4780
1049932,1415705,1815373,1533781,457659,6639021,906599,940479,535905,607879,1471793,1735349,3559
1875501,1423030,1916182,1321016,123104,5464008,529013,984252,507475,576830,1879374,3239238,7415
1676403,1585284,2057715,1578216,355396,5424196,494974,281080,447759,491950,1483407,2392974,6242
1677239,1659282,2120118,1599025,346972,6162136,703776,734252,465550,515983,786755,1770163,5162
1040703,1435468,1673142,1584466,346146,6367735,726666,758463,530356,579116,1155479,907162,3351
1692443,1547739,2026697,1244123,233855,5340572,716867,965291,531168,600927,1810456,3173889,5904
1740481,1554728,2031100,1538009,342993,5478404,490713,280693,423360,477144,1556524,2594843,6493
1704008,1536154,2005249,1532095,353350,6088282,726387,758269,436134,473303,743079,1612859,4782
1055161,1448738,1664089,1580741,356050,5947727,709445,732569,497533,555150,1141558,912230,3332
1356544,1335245,1594715,1000372,226430,5324927,701122,742951,496077,556132,1513797,2483907,4770
2018975,1727484,2427795,1828233,352218,5946397,495338,523995,416989,526405,1805269,3139513,7316
1768900,1571051,2012902,1509224,337587,5803395,682101,713982,474016,475977,758014,907968,4917
1057566,1308025,1635008,1521970,343639,5975805,719249,753746,489574,549567,1456851,909872,3269
1426915,1432509,1662800,1007311,214814,5419439,706689,729151,496267,558466,1464718,2443919,5473
1710684,1547780,1998381,1512001,232227,5394000,270953,509552,425903,546894,1512409,2578637,6791
1651426,1476241,1965332,1524314,357181,6008783,730035,516818,405914,401674,1127232,1628133,5811
1673354,1557159,2408028,2081745,580523,7005400,1133160,943209,529475,584541,1839149,1674167,4523
1678028,1320491,1552688,974623,123497,5139633,701312,744159,477755,523666,1485833,2476703,6352
1989183,1713498,2380009,1509346,344739,5256892,482002,505898,471153,591043,1767284,3011898,7337
1691698,1583924,1988072,1505656,330089,5832320,668770,556728,426382,409604,1011404,1642813,6534
1360062,1345653,1984860,1508997,346041,5921951,725777,754262,475996,545323,1126124,924983,3385
1731305,1361234,1631464,1284115,238063,5953076,934754,960302,541642,606075,1805156,2413057,6345
1694204,1526162,1995105,1513836,337947,5298433,270510,282827,440932,544299,1525187,2545024,6009
1652015,1519804,1978479,1518319,347731,5975109,709955,741469,406130,386697,724530,1625267,6062
1387374,1447475,1945916,1474590,335237,5638471,673222,704026,462903,509768,745300,875280,3413
1008042,1147488,1409054,1202911,326409,5708692,690770,721930,464834,524639,1454656,1663151,3158
2014439,1492115,1975335,1494766,237108,5175865,494348,744795,514585,578234,1770059,3137831,7428
1736304,1550717,2010994,1517486,338859,5841010,692961,502145,356761,391222,1141988,2567593,6383
1340959,1551718,1962185,1496583,346117,5989052,719976,751633,488323,546201,755704,891564,3056
1018812,1157712,1208799,1270380,349629,5893335,703353,724721,470965,532673,1434261,1633047,3033
1684371,1489738,1986214,1252729,127107,4652349,492215,746637,477961,527632,1516672,2530794,6309
1991003,1774456,2448725,1863265,470648,6230682,725338,521288,435103,484094,1493322,3093653,7717
1362174,1553349,2033943,1551538,346436,5930683,690750,722305,475678,532532,756144,895574,3336
1000621,1254973,1264137,1307514,345471,6090874,728943,765817,539297,592372,1589765,1703227,3200
1603651,1631313,2064762,1277590,124209,4621569,506864,754842,498916,556462,1481668,2429905,6229
1704530,1602044,2032665,1550435,445246,6811325,689384,497496,453012,574210,1936400,3359106,6229
1607376,1557955,2001455,1544942,347870,6103184,718377,751555,494072,485106,756295,898595,4692
1029665,1418462,1701959,1615550,468836,6886821,935115,957004,562733,622691,1762585,1701437,3422
1706722,1576655,2017356,1283662,124181,4766031,489437,746395,502936,561085,1548350,2549959,6613
1615500,1605215,2059228,1597115,357017,6142321,494263,280327,377278,488527,1499403,2383103,6461
1722855,1603533,2096799,1592991,350118,6058788,699013,728762,503023,490002,766357,914448,5085
1016038,1274144,1654822,1569882,339416,6089790,715268,751751,531266,587510,1572225,893424,3091
1964121,1618953,2059777,1290576,227785,5310976,720199,765261,565770,626723,1833513,3158673,7256
1621151,1642063,2028920,1538031,330629,5986024,466625,288378,399749,504820,1527025,2513514,6571
1651923,1615360,2031618,1576034,346890,6280989,725417,757117,516672,512443,779768,898747,4580
1020674,1253669,1691457,1603912,357702,6094688,717414,738902,498631,562231,1510346,908770,3238
1646218,1359508,1613913,1024719,125589,5362238,710174,749428,502863,560814,1572405,2588183,6343
1989836,1824703,2464590,1871911,464812,6074745,497752,522715,447093,556397,1489745,3099117,7822
1345087,1657459,2076406,1592817,346326,6060800,693505,727045,517678,511521,786127,908788,5060
983635,1158032,1600366,1458813,327914,5899777,694186,725253,477817,537641,1487330,1071414,3022
1686595,1448969,1667220,1038253,123942,5459818,721867,746435,523716,569661,1477914,2397637,6059
1658442,1612611,2043308,1833706,449780,5992813,477172,498160,503908,620515,1931095,2580399,6436
1590325,1576522,2016091,1548250,345931,6087773,721073,753313,436768,419390,766862,1695314,6151
1052301,1463212,2070514,1580085,465640,6599087,929173,955218,566788,627188,1502180,1709973,3376
1601149,1448284,1615454,1257127,125676,5362979,493187,751112,504519,563637,1546347,2562972,6270
1607192,1550636,1981525,1532851,336953,5331482,370757,284331,436144,543215,1443891,2266347,6007
1690736,1647311,2076455,1597643,345793,6064084,693141,724825,454587,432374,779776,1717510,6477
970992,1430767,2000924,1531819,345040,5916520,728942,763846,515026,572348,1154348,873916,2836
1634797,1438770,1671593,1317974,245285,6225604,727334,984440,581202,640750,1856146,3160314,6099
1710505,1638519,2051377,1560938,340583,5434973,484500,282342,453011,508285,1549535,2539642,6403
1624837,1577365,1992719,1537071,347124,6084796,720820,753917,460807,502896,767519,1636029,4639
1037174,1413897,1843283,1586794,352441,6107345,710243,731625,506433,551673,1119717,888948,3300
1295591,1225239,1207389,1014504,231220,5921401,703713,742345,507830,568689,1546560,2533706,4598
1957319,1716240,2438773,1857164,355825,5500637,504095,520950,485260,534668,1848345,3109753,7539
1687766,1672087,2121507,1621146,352303,6044115,701471,733457,453856,504993,771008,1731262,4901
1016785,1399382,1651047,1570762,341913,6116910,719930,752482,515111,570250,1166781,885661,3132
1629911,1649942,2094658,1039775,238459,5465784,952771,984701,569075,629800,1861786,3181824,6257
1651263,1574601,2013032,1519431,231339,4728084,267161,501161,480018,539555,1526247,2566338,6418
1930813,1795078,2398729,2094683,571311,7466132,1178384,995454,520245,574956,1507801,2401332,5819
984266,1411632,1628506,1562566,356991,6007118,720476,741643,487146,547533,1138264,911796,3094
1372263,1358791,1616229,1021900,231577,5517846,707631,748849,516207,568691,1565885,2560429,4963
1617322,1604138,2057624,1591469,239698,5473208,274995,521921,444126,558163,1479420,2342841,6172
1708852,1664085,2089957,1601216,344964,6034907,691856,504257,442229,430283,1154553,1742611,6748
1321384,1449540,1983854,1514066,340674,5914506,718109,752675,486901,536511,1069487,872530,3122
1309640,1343691,1627413,1257695,339412,5892676,929222,959645,521315,583575,1763197,2347006,4902
1698980,1599278,2030828,1541196,230649,5399421,267888,499217,437415,554695,1535344,2563909,6650
1626651,1584834,1985700,1541011,346520,6103731,717933,513549,458434,437750,1149579,1634876,5777
1345654,1412738,2094055,1610338,352110,6134233,705967,727174,515054,561849,1113969,887201,3183
1281761,1231623,1231307,1297045,229226,5901772,701098,744701,508037,563301,1537153,1699002,4601
1897096,1736457,2410213,1542380,353417,5242684,497644,521934,479292,599322,1839655,3100066,7477
1649296,1626279,2054061,1577611,332448,6003863,669768,565858,447127,425983,1043070,1662611,6732
1286913,1432584,2030983,1551106,342593,5963878,720844,755154,509607,571268,1166004,899198,3195
1319109,1208368,1253536,1304727,238342,6159039,720509,743066,507570,562226,1485971,1657041,4622
1697392,1623166,2058171,1296460,232373,4767742,471627,494381,521588,586090,1571043,2557278,6650
1897919,1841211,2407976,1823324,459072,6710248,720551,752222,469027,514310,1158656,2420886,7426
1054231,1475018,2489711,1875266,461488,6730659,924810,952690,568584,637023,1492684,907612,3209
1296891,1182203,1213475,1186808,218118,5995779,680131,719415,513626,569534,1507818,2092239,4767
1596928,1613739,2026863,1283988,240174,4652078,502509,524066,499499,550444,1482224,2368851,6246
1703442,1595122,2063735,1577305,344966,5852199,479900,506071,390272,495557,1154636,2567491,6687
1325922,1557523,1993172,1546182,340359,6050602,721861,757234,501856,489535,773286,903481,4904
1305813,1207547,1628730,1288756,351526,6650019,946305,975545,540859,599165,1805171,2398750,4565
1715217,1638613,2045502,1554560,231510,4715767,266967,501387,513778,569667,1544037,2550029,6292
1599358,1549339,1992257,1532989,346801,5994211,679799,517099,384403,469842,1123177,2396915,6136
1343625,1551838,2050074,1563812,351524,5941128,710554,732615,480114,471264,752816,916380,4891
1036958,1277930,1635420,1301980,337465,5926765,704369,745195,523256,585135,1558329,1726522,3215
1899982,1579239,2034051,1562617,237409,5417671,497076,755022,565231,626910,1847665,3067097,7569
1625849,1699459,2088951,1612454,351827,6149784,704451,515417,401603,445203,1170993,2591305,6474
1329849,1592108,2049399,1566164,345793,6030808,731452,767610,520405,572343,791065,901112,3195
1006190,1198706,1362833,1289910,352638,6043777,722150,746836,500361,554725,1465870,1644924,3119
1698036,1418803,1659987,1296251,124382,5469363,480758,723653,506489,563202,1536965,2577142,6736
1925640,1756834,2405637,1831845,460212,6120395,718333,516822,450038,501810,1527628,3176205,7500
1382598,1640077,2475514,1861590,456334,6708420,914721,943527,578597,633030,1112749,902149,3380
994062,1215636,1214864,1272577,335368,5902144,703467,744715,514773,577354,1549351,1701506,3079
1589888,1593335,2021516,1298895,125188,4751260,501540,768322,509140,560976,1503750,2357947,6104
1724555,1641524,2106440,1619341,352823,5902801,495866,289537,426777,509499,1562607,2587922,6586
1611040,1741003,2339001,1755796,434712,6424704,915482,961634,507658,561214,769284,1502628,4655
989502,1170621,1209496,1279382,350532,5962297,721372,745870,486331,544963,1464519,1635776,3020
1718890,1660947,2046050,1289391,125397,4673487,484809,719465,518568,573450,1568876,2527142,6565
1634047,1626693,2029836,1571937,348015,6020326,495915,281645,399156,505795,1516031,2400566,6045
1712016,1732547,2117117,1625154,353900,6162317,713381,734269,537119,531022,800881,899193,4986
982307,1223505,1593312,1531530,342023,5907203,713964,755515,509643,571226,1540761,882154,2916
1709009,1669786,2067263,1312688,197849,5396671,704426,970113,575592,634389,1828126,2972984,6032
1726711,1587416,2046210,1567489,346033,5917962,478559,281071,393617,498170,1506802,2526616,6397
1607864,1597159,2029160,1565679,337599,6084234,712505,745294,515384,502319,781740,923484,4786
1043685,1250926,1686605,1614377,353489,6260778,724637,748900,506067,565827,1503398,903316,3283
1670523,1450989,1666124,1287923,231432,5983765,901768,947039,585805,648631,1945168,2573084,6641
1860017,1706963,2329233,1764961,443084,5941253,468647,406486,431712,556792,1708735,3085022,6924
1727078,1687085,2091361,1615507,352620,6175156,711429,730916,525247,507875,790262,898515,4807
986978,1437518,1917247,1743575,423924,6465397,879373,931792,556524,615660,1676789,883222,2988
1662445,1443428,1667314,1044234,125388,5462230,721932,755648,519858,574914,1496306,2343312,6279
1686383,1659266,2085784,1603516,348059,5457573,272575,285996,462633,583199,1554688,2584091,6794
1656390,1775781,2403571,1805785,448735,6630832,944515,990074,519159,504693,774878,1677843,6294
1055263,1223623,1657223,1425075,349762,6006474,722648,750036,505798,558752,1476344,1474808,3259
1660316,1429173,1623979,1026349,124355,5438637,696783,729595,509377,575280,1558689,2575456,6356
1602923,1581405,1993155,1550596,347100,5351038,272406,284656,461733,576235,1539316,2385295,5731
1710721,1653836,2101327,1612904,352428,6092029,708414,729245,461144,449135,776977,1674104,6363
1019780,1449218,2012759,1552882,337639,5938542,702900,743672,522870,575814,1163271,872162,3006
1276031,1484286,1655881,1295066,351914,6003572,946620,988083,578470,635815,1822404,2382016,4681
2531455,2263620,3100651,2309641,458127,7180821,709376,964835,705188,791707,1544976,2559456,6351
1671458,1601995,2043456,1569945,343373,6080309,726543,516647,408317,451407,1184070,2432286,6216
1382367,1611437,2085454,1593409,351073,6141343,725649,749705,506847,572131,804088,938238,3382
998254,1242599,1262556,1293260,342490,6095420,710218,751837,525168,582088,1603500,1755205,3287
1911212,1765213,2430280,1590226,238989,5415958,500510,760858,510096,625800,1864001,3081477,7231
1694816,1651192,2105610,1623043,349849,6162077,705009,505295,442188,431647,1146628,1716741,6642
1718633,1768945,2471086,1895420,442123,6910955,938213,996352,616361,676468,1182326,915338,3442
1030864,1217653,1244338,1315099,328988,5961670,695267,726851,492757,550758,1445173,1561384,3372
1737106,1611764,2051515,1276404,122375,4652412,481719,726520,507283,568675,1556810,2569282,6551
1980187,1769196,2428838,1843181,452489,6881713,733516,529795,464776,505780,1571164,2469949,7636
1342805,1446839,2094926,1628017,346624,6256249,711255,734888,539598,597618,1153026,892778,3080
1384193,1229951,1268041,1317313,230155,6226848,699151,739057,519647,582204,1582964,1737888,4785
1627760,1666771,2079868,1331967,238274,4913862,501674,522841,538470,585021,1535698,2377215,6223
1653983,1614647,2023952,1562897,330683,5899012,445670,332018,392773,493834,1394998,2390199,6295
1689694,1622282,2412611,1831408,442759,6552520,937963,993414,595824,594952,1202363,899812,4690
1326849,1264394,1253533,1312185,237657,6029587,722173,756827,527865,576500,1515781,1652331,4509
1713358,1706363,2107877,1328633,231234,4722156,475349,498505,538844,595267,1575030,2520982,6439
1642866,1602835,2060518,1590692,342743,6219789,499403,521511,404866,519743,1180906,2439040,6075
1405863,1623508,2060098,1575911,350516,6089474,722993,744905,495634,493854,765218,905319,4873
1054158,1170784,1602407,1421736,319934,6001302,666908,707812,473642,549849,1497736,1358713,3456
1982530,1515563,1984308,1252537,232835,5088152,726465,757916,541578,586150,1830410,3082819,7389
1744257,1528276,2026143,1558032,350570,5951519,487188,506448,368457,475867,1134892,2501228,6478
1671453,1538032,1989340,1518703,339696,5770671,725040,760220,430507,483257,755445,1665961,4702
1361235,1546195,1993676,1816805,450563,6520597,929435,957438,470994,516096,1127956,1558456,4578
1403367,1355293,1599932,973351,232075,5165301,699361,735317,472166,531928,1515429,2549688,4818
1960855,1739500,2381666,1810438,349047,5509305,500739,519344,481676,541724,1882259,3153977,7388
1720395,1579546,2055928,1573128,349743,6020298,703451,724529,427682,480636,760387,1711980,4929
1030749,1419503,1610228,1550122,337605,5853302,709486,752732,511415,572905,1152680,892688,3166
1383703,1359385,1592620,978218,232842,5339227,706135,735739,482678,543091,1459055,2321651,4821
1696705,1516695,2005697,1547913,233801,5046940,268418,505329,426741,527522,1519344,2548494,6459
1988804,1673489,2325988,1746447,440718,6475097,934479,749091,481116,471386,1125754,1621634,5829
1050991,1385480,1672762,1607361,352948,6040432,730253,753930,499640,560492,1414144,875938,3167
1407058,1350780,1601063,989100,228017,5281130,690047,723834,474423,538398,1509247,2525887,5173
1665008,1476316,1968263,1524514,230926,5191191,269383,519728,429916,540763,1501732,2374211,6078
1758440,1624703,2076504,1572300,351375,5926089,714098,507508,443268,423310,1135940,1681386,6420
1351271,1338008,1982441,1786073,444649,6562263,926435,982773,538928,607558,1546025,907810,3180
1656226,1355917,1624128,1010045,126648,5318877,730863,759923,485404,544887,1473586,2354097,6157
2115743,1714858,2421809,1739802,341083,5130524,496314,505959,490104,544952,1904310,3347384,7687
1661884,1519224,1946349,1494163,323306,5967591,523391,506248,373260,476236,1081531,2285184,5931
1392711,1566131,2034443,1557745,345663,5973628,704400,727856,480028,479034,749008,903732,4769
1375847,1343211,1978730,1498359,434413,6417088,699120,740099,487941,623307,1921698,2481750,4431
1968183,1516451,2003943,1550747,237533,5291735,480300,741882,557769,606054,1845340,3049589,6948
1740689,1515244,2018893,1540931,345614,5959675,695271,499043,370098,414914,1131546,2500103,6439
1347532,1544017,1996628,1530002,339235,6044140,720084,758821,490440,551945,774031,872638,3167
1042650,1192255,1471406,1234983,337484,5972715,696902,725999,485763,538032,1420158,1635247,2996
1773298,1369489,1624532,1261082,122525,5223049,480802,718358,469151,545514,1507390,2543379,6586
1982887,1700812,2367031,1789105,443729,5895728,706300,501470,436219,483225,1530241,3144114,7375
1362208,1504909,2024114,1549490,349331,5942724,718074,741678,469308,526637,758238,899057,3291
1017771,1179584,1195045,1225792,330872,5948199,692131,732374,480383,551811,1535136,1734788,3151
1654405,1529425,1975882,1252054,125116,4605143,498905,758865,480412,538262,1486605,2345605,5852
1681209,1582787,2003151,1544794,336056,5231795,487663,284979,432266,485960,1472086,2394161,6207
1714378,1705223,2379457,1795004,444401,6461118,944085,1001222,501780,537920,750107,1677325,4773
1064060,1204753,1653723,1573502,351283,5997525,728583,749980,471381,534689,1478759,925909,3450
1749481,1379242,1619123,998185,123994,5202514,695871,735206,483154,541673,1519090,2556940,6592
1701088,1529280,1976029,1524221,343720,5350235,270775,280999,421380,545632,1496784,2363449,6032
1726082,1511969,2012839,1548293,346538,5869833,700679,722317,432309,412916,758904,1642724,6194
1539374,1613154,2356549,1776130,424850,5886035,690562,728602,558863,623766,1529062,1663090,4756
1702799,1371209,1616935,1278796,238369,5986338,944481,988885,532033,600417,1811467,2333409,6245
1740983,1587745,2036984,1542983,338109,5210212,268870,281680,436684,552208,1518460,2533242,6580
1699102,1521053,2024062,1542925,341081,5897478,724992,762647,420459,405696,783769,1728453,6636
1081177,1370042,2039249,1559306,347032,5934543,716595,735150,483829,528806,1106554,904283,3276
1399112,1155660,1194114,965568,229499,5852944,686474,723072,477641,533884,1513368,2528194,4685
1980857,1683418,2323123,1691680,332591,5271246,293540,521513,488070,611423,1827642,3055128,7289
1740092,1549527,2032175,1542204,350343,5945423,712767,734734,425996,417058,742825,1678351,6282
1045401,1356799,1953381,1508962,327486,5813976,689897,730125,483793,537894,1148191,902895,3121
1361853,1174690,1205214,993252,239041,6075269,717602,749530,488855,540049,1468634,2328536,4549
1728893,1549380,2027199,1534146,231018,4543320,272136,509069,470580,529824,1493318,2505967,6409
1986196,1696952,2340234,1765879,439568,6411453,932506,748673,433719,462511,1117125,2419040,6386
1046672,1344738,1938615,1515375,336448,6003409,698696,722957,472968,534826,1069955,907804,3311
1405198,1117527,1205358,994629,232444,5935917,703104,738681,474317,534776,1560105,2580958,5007
1668125,1490059,1947140,1504331,231747,4523141,270749,510348,480496,528038,1469237,2323066,5895
1715192,1573931,2042685,1564648,346981,5979646,703688,498436,359553,403246,1127518,2446231,6558
1358788,1566349,1966653,1752179,434648,6365877,910611,962503,539988,603258,1111628,881585,3165
1662224,1552137,1975725,1249567,233254,5318850,723535,968510,548742,607556,1816193,2971784,5656
1710161,1515039,2010883,1537197,221065,4468469,268453,506380,475453,528715,1477852,2451050,6474
1705384,1520441,2011469,1529153,344667,5927656,735338,525260,378734,422186,1189533,2504082,6166
1390585,1542975,2042181,1553395,348290,6027025,722704,747909,475020,536343,767519,900415,3251
1046997,1185555,1214437,1270627,334776,5930239,688445,721154,491491,552182,1513309,1694462,3277
1979092,1686977,2382765,1522510,235770,5337576,509288,767466,479274,605160,1891007,3191458,7437
1707729,1532910,2039344,1564432,350883,5897561,708681,503754,419767,403458,1126477,1703093,6337
1383940,1512987,1953222,1503594,318804,5769422,667326,705493,492317,547714,933474,903933,3238
1074254,1219445,1644855,1575551,350433,5916276,728522,762721,507451,555323,1497281,927630,3320
1725696,1310094,1595457,977856,123806,5340870,690722,721200,475948,529485,1523069,2522586,6314
2020632,1751773,2436360,1843660,455276,6107993,500747,523594,444469,548702,1527760,3202756,7983
1433724,1703222,2073422,1594567,346022,6037817,711732,735642,513910,504426,781021,913443,4817
1467968,1554014,2133233,1647534,443471,6178403,703979,745264,607617,695402,2055287,2621249,5696
1744002,1444032,1648180,1197289,127176,5546809,531123,746352,519782,575193,1522640,2354185,6342
2134777,1574745,2044271,1573345,344903,5727395,464786,487998,494790,601213,1847491,3226887,7568
1756806,1770938,2360539,1798208,435689,6480854,921909,978070,524717,519769,824541,1695327,5888
1027001,1193584,1592180,1248308,344502,5881481,715090,749771,469456,525856,1437650,1614574,3076
2030005,1569400,2021517,1256646,122772,5115567,674465,928000,538087,606977,1886072,3267976,7576
1673156,1542457,1981166,1526942,342739,5269323,499216,283265,433591,486010,1509529,2408427,6007
1744811,1510930,2043291,1567732,349197,6172952,716472,734326,407496,422580,767618,1669146,5477
1096058,1458967,2040320,1576815,437970,6591032,902892,955145,576430,635963,1582085,1741871,3252
1729167,1493083,1671940,1309717,126166,5210384,493087,763210,521798,569882,1523486,2354872,6028
1743145,1523520,2024605,1537934,346200,5201666,487337,282322,416495,471542,1483713,2484118,6486
1672313,1539816,1947456,1505547,328001,5772615,697049,735909,429182,483132,741606,1648720,4589
1062096,1358151,1627163,1569936,348392,6121817,717177,749211,480214,540319,1113317,887348,3144
1401782,1237849,1533112,969274,233219,5263598,686127,714843,475955,525232,1506551,2547868,5192
1965741,1733354,2349481,1770333,324198,5274152,483861,518111,493374,556139,1867586,3118449,7555
1718513,1602479,2056361,1574540,345102,5965269,713915,738869,424900,480502,758606,1681785,4947
1006094,1351803,1547201,1489105,335356,5769373,699802,740041,485862,550068,1158382,907048,3061
1408364,1317035,1588692,1004405,233429,5491140,712710,746430,482211,547188,1500825,2347805,4908
1770162,1626871,2069027,1281976,230020,4653591,482234,505605,497446,560572,1511910,2523088,6509
2040657,1649161,2300072,1730977,434477,6396500,712220,745291,409578,452870,1100197,2376966,7549
1256128,1362934,1993277,1540014,335790,5867057,694045,720012,480867,540967,1109049,891276,3176
1513808,1239012,1268913,1297643,260471,6388571,854108,897593,533270,590648,1842817,2365956,4834
1682668,1477665,1964461,1247714,234666,4702253,499999,520180,484825,535882,1516947,2418625,6156
1766782,1603357,1995883,1523086,337311,5948050,480728,497457,379531,480345,1094353,2363328,6220
1382052,1550097,2412611,1806030,445773,6609075,927695,984652,546605,543762,1158562,919291,4754
1327567,1219747,1194752,981032,237979,5944900,727699,759992,488430,547271,1462186,2315336,4380
1738732,1579975,2050481,1408408,239523,4591848,327540,473836,491867,546908,1501349,2482689,6525
1731471,1460756,1944349,1504191,326713,5855752,475571,499518,371956,467022,1152495,2392341,6216
1382757,1576131,2042927,1554338,345314,5906559,713571,738597,484062,472313,766013,892284,4699
1062865,1173284,1598538,1238913,332456,5816061,687471,722120,468315,536501,1532405,1735535,3328
2003870,1683428,2334693,1753590,331860,5708079,491324,517277,420701,532235,1924459,3253813,7441
1721674,1586482,2013627,1532530,341259,5997358,710450,737266,484268,481411,770024,925811,4773
1044187,1447441,1653317,1575549,340888,5933895,700045,731718,498255,559097,1433597,890067,3101
1417043,1311637,1274175,1312134,235940,6035983,723096,755171,531938,572001,1530875,1635772,4504
1754520,1559307,2035961,1274348,234331,4577372,493736,511511,466343,523299,1494848,2482912,6431
2049318,1786199,2402582,1807331,443050,6440650,709797,751625,448900,505702,1180408,2548041,7641
1062252,1387563,2007192,1546555,345014,5954663,713848,748492,487451,540398,1087759,899534,3253
1348512,1112337,1203957,973995,230363,5806657,690314,721538,482121,539952,1519468,2521801,4799
2014281,1496450,1971821,1420717,234701,5274120,510605,737507,547340,605210,1874517,3132922,7226
1705439,1556122,2029226,1555666,346764,5942560,502042,511292,361686,472006,1096818,2388365,6180
1411549,1575331,2420910,1802092,444197,6462923,912965,968426,542456,546898,1126763,906435,4881
1378875,1163274,1234406,1011200,239722,6131406,720356,754480,487435,549838,1502405,2351899,4737
1743457,1530984,2045456,1577006,238060,4469811,268892,507007,490931,535660,1505985,2482488,6369
1720289,1483664,1963358,1496265,332037,5875317,702583,507601,364021,403383,1141993,2488040,6318
1349739,1549347,2008285,1561201,350917,5913998,726123,756993,479625,520341,741469,867817,3391
1418985,1170002,1528689,1228457,330934,6288135,875569,912951,508749,575118,1814070,2513924,4639
1719427,1573115,2005969,1557345,230255,4749435,269171,510244,511435,563341,1540923,2410774,6265
1671173,1569926,1974137,1491641,330545,5722628,683434,481046,354520,398458,1076711,2304247,6074
1410101,1523491,1985941,1517726,331831,5817002,688629,726494,471656,536306,753860,887245,3245
1076045,1233745,1232396,1266591,341150,5816504,706930,736335,497882,546183,1469891,1615198,3233
1765828,1505237,2024375,1270175,127021,4545614,489600,732080,486681,531131,1501294,2511473,6503
1971400,1746979,2360527,1775715,432575,6008561,713196,515931,428911,488261,1516961,3259442,7489
1372779,1554613,2397056,1816325,456053,6601709,937340,975442,541162,601045,1106941,887245,3167
1052497,1166224,1220922,1266186,334656,5749876,677235,707117,483051,545699,1483461,1663477,3202
1694135,1481674,1943270,1241649,123521,4543368,484350,721296,485142,526808,1468886,2361625,6216
1735030,1597966,2027243,1844449,450618,5883514,473554,490266,490459,616498,1820551,2427468,5966
1881490,1637591,2293970,1698210,426967,6215414,892513,948338,463027,457528,745732,1694856,6131
1065992,1147210,1609632,1547603,354849,6027576,734986,766104,490631,534888,1496252,931479,3295
1713823,1355973,1618854,994217,125090,5219963,705664,731977,496137,545923,1528007,2501747,6382
1705695,1539931,1961689,1495971,329439,5119236,270699,285792,422201,537658,1497130,2399235,6018
1707304,1550791,2027477,1563558,347667,5996711,720038,746904,432708,430404,771953,1625831,6063
1082219,1399048,2028541,1540246,438572,6535547,891673,933517,559409,623375,1518331,1696924,3326
1689291,1291362,1582593,1141276,121698,5065870,512945,749237,470208,534725,1489827,2382748,5877
1722587,1584792,2013233,1524807,344908,5107315,268682,280527,424067,536235,1451931,2433067,6302
1738039,1485682,1938029,1491974,327158,5815003,686445,726569,426151,420415,776052,1682093,6068
1025523,1359239,1987966,1548063,347396,5956073,718939,751080,496816,538899,1113905,880168,3142
1764615,1360699,1627708,1279595,238489,5950499,696831,936228,544824,594380,1858688,3241817,6627
1768993,1700098,2088517,1599808,341534,5362764,497262,289759,471862,533190,1620839,2541948,6498
1785739,1618031,2046443,1566529,343762,6048732,707568,734806,451705,458292,790215,1600460,5294
1073164,1495020,1980870,1544048,319820,5924002,653484,682629,508318,565934,1140450,908849,3209
1072742,1259523,1231182,1283601,345934,5910827,715806,749881,497459,560449,1505817,1612597,3185
1820191,1922416,2489103,1624359,231444,5350813,695519,943548,575663,642825,1549755,2523309,6452
2095370,1797960,2358395,1778777,430887,6344985,686350,520422,465702,499024,1531060,2430342,7577
1392850,1440182,2023126,1572345,352656,6020847,731263,763690,499894,550797,1141018,886622,3108
1438486,1353177,1310756,1339054,245123,5978356,698251,724223,511550,579510,1583890,1748095,4834
1708567,1580141,1954704,1265657,144228,4615530,492461,670810,500671,570070,1493078,2311022,6171
1799308,1669672,2083238,1602532,348714,5953065,490175,284122,416397,516772,1510471,2406268,6254
1744148,1487115,2348262,1747159,433431,6427970,893601,947288,534833,537806,1132546,904432,4737
1391233,1279774,1263861,1309829,230616,5999037,692443,721302,502940,565038,1466403,1573099,4265
1753535,1538606,2013321,1280191,237926,4510226,476948,491534,480604,536789,1456352,2451164,6230
1698764,1516697,1982186,1530230,332226,5741674,486942,514269,354118,465293,1148053,2512582,6454
1587114,1591461,2000287,1541242,335912,5907148,694184,725247,481464,468219,748192,899520,4692
1357398,1167107,1585610,1514262,338107,6254192,901063,944482,506888,581551,1869523,1746130,4775
1707667,1556664,2019865,1291555,237205,4682251,491382,515239,512627,568877,1570423,2483365,6400
1689120,1526438,2004287,1543308,342757,6053302,491134,507658,368419,476245,1119987,2358497,6065
1703310,1505823,1987676,1509567,335761,5838571,704055,745626,414716,469354,733260,1726626,4724
1073616,1306442,1607667,1541564,341865,6018250,704021,737346,486333,532488,1111925,914520,3371
1393720,1221132,1410694,1011094,229373,5703309,653686,684385,475525,536584,1447164,2397355,5170
2240622,1664929,2292858,1488875,334483,5801589,918409,959113,516878,588355,1811784,3726952,8172
1672963,1617241,2020293,1550737,346779,5822574,482800,499293,373514,476445,1106419,2412169,6058
1343152,1539159,1977471,1513342,338753,5803490,710940,752837,480372,482121,752993,880023,4576
1062360,1170374,1619199,1273829,346970,5859688,715691,751395,473768,524619,1455908,1597052,3197
1729972,1327863,1614051,1266899,123315,5239019,488452,735456,479907,530724,1530873,2561340,6484
2029076,1691263,2343255,1756620,441223,5853344,677514,508122,427585,543121,1522672,3193829,7461
1390644,1541896,2017309,1539676,346692,5822192,712196,737070,472077,468656,747266,902562,4817
1060572,1129274,1616366,1251465,332878,5693077,688011,722994,467970,525098,1520124,1700337,3363
1717606,1382780,1603561,1267158,122240,5339116,487076,749099,511559,557850,1522197,2386910,6142
1765052,1571187,2028087,1546430,342014,5168233,492943,283361,429214,480261,1465605,2429451,6590
1716379,1698239,2341824,1765568,437517,6363875,919468,976057,483015,539693,740529,1679073,4478
1034740,1122395,1271478,1258425,347538,6037075,719644,751967,467526,523404,1451674,1593517,3133
1416959,1382010,1633986,986432,212903,5104338,666935,696706,465868,528630,1460770,2417530,5112
1671207,1528177,1956497,1493242,229638,5065692,270806,511299,423644,545588,1488994,2386535,6272
2069358,1706760,2395908,1548998,352392,5889112,936052,732659,462485,469078,1452115,2424044,7421
1353858,1345847,1952880,1757906,433719,6384351,899090,952606,547178,605750,1517858,887828,2984
1957816,1518118,1975321,1258277,229767,6093676,940242,759336,491574,546814,1861090,3031631,6997
1728276,1618834,2055219,1568494,339146,5286089,270666,297097,427147,543325,1487597,2479985,6536
1652346,1517712,1948048,1501376,319844,5894084,679658,540784,418273,418492,1076415,1585773,6116
1374938,1356738,2052469,1574970,350206,6056023,732627,768682,493955,551221,1124569,921074,3297
1420234,1175286,1230351,1267437,232622,5913832,697922,729484,509489,561156,1568422,1717975,4795
1956695,1653936,2314948,1529935,339339,5284271,475636,498802,497383,618883,1880639,3095283,7224
1722066,1583044,2040153,1544925,341116,6126133,704056,724582,432383,423653,757008,1633068,6306
1058350,1384412,2003632,1537502,331483,5937489,690138,730369,497159,557362,1149508,886078,3168
1362055,1152269,1201220,1188285,224284,6066802,698704,728150,491515,550443,1465075,1875751,4609
1737108,1516596,2004375,1275593,231173,4569121,484746,504379,477279,529484,1488645,2447051,6267
2007237,1704173,2342065,1770823,430676,6515300,689449,729693,444765,498403,1169522,2454295,7563
1111450,1507146,2091261,1594888,352647,6015197,729118,761681,514672,562880,1123615,898904,3230
1425348,1295742,1266714,1032438,231607,6053655,693873,722978,521774,583991,1572185,2561280,5080
1708673,1610145,2062239,1592917,240177,4738145,283127,532730,532924,590464,1586227,2436635,6116
1782544,1573434,2055117,1585065,348148,6019132,667759,516253,387378,481246,1133199,2433619,6401
1427508,1668337,2440380,1824652,445129,6486477,918426,973943,577786,587517,1216374,933145,4610
1391988,1305630,1251750,1022922,233738,5976514,708455,739542,499549,559092,1486875,2316785,4696
2126577,1897454,2452291,1866207,341103,5234230,467213,509169,515421,572407,1888033,3251676,8016
1746444,1664887,2025247,1572872,339639,5963397,720605,525300,403619,448300,1191567,2505506,6239
1390876,1661815,2060809,1613796,353365,6064276,729668,761276,519796,566323,807048,878447,3129
1423633,1222129,1405807,1279486,338878,6480483,898009,939389,530013,602984,1875673,2553855,4788
1714370,1488834,1966377,1494703,233621,4499789,269530,510616,459649,514958,1478020,2407919,5983
1741557,1536950,2000050,1545454,342319,5864876,702376,498747,365590,413389,1081728,2379418,6266
1408484,1509821,1952352,1489323,322681,5798858,668036,707970,490782,537232,768083,902841,3074
1036638,1172472,1214651,1258085,349712,5864140,724856,759071,474028,533809,1491331,1638613,3280
1721683,1353188,1579178,980725,123386,5143517,687618,719999,469658,519929,1487666,2495444,6256
2006597,1644184,2294061,1741015,415817,5826171,460200,315092,427568,534269,1817137,3074876,7433
1754281,1554428,2026143,1535347,346632,5965292,718003,740704,468116,466655,751297,875855,4748
1075645,1268520,1630810,1547306,331794,5939691,679952,711205,493073,551970,1520435,911673,3285
1719885,1507835,1651153,1062967,128657,5418133,714801,744835,539195,599030,1551125,2358814,5970
1792334,1552510,2037068,1557397,344936,5185555,270353,284786,417975,524063,1481084,2452413,6870
1707220,1697936,2349785,1761447,438095,6436625,915794,971266,477387,475552,756240,1694910,6031
1022659,1308461,1895212,1510538,337180,5920836,698167,729498,460841,514707,1054550,877256,3102
1391407,1154001,1227489,988280,233754,5863695,699580,730940,487177,536376,1509051,2538344,4715
1710057,1539467,2006716,1524980,234628,4653652,271120,512465,480002,534624,1500477,2417882,6351
1713272,1582069,2033639,1567817,346564,5923943,709814,498367,365944,413449,1106460,2397809,6317
1379026,1587606,2054609,1842649,443370,6819224,912796,971883,575706,643576,1193796,932215,3432
1311735,1411711,1655194,1023290,238912,5544341,729215,762474,509993,560521,1507156,2381345,4677
1641389,1617636,2060288,1477286,212491,4885838,265514,475110,497631,554664,1485322,2258712,6431
1647968,1585289,2025456,1562984,338225,6119070,715607,518010,393517,432006,1175325,2492913,6063
1347948,1686507,2111732,1631286,350103,6254376,724672,759239,535055,589719,786508,892471,3118
1399429,1411802,1645836,1296922,335834,6006934,901296,943282,547646,621277,1912934,2535752,4855
1587615,1598772,2012706,1542172,232473,5326830,268898,518849,453720,569342,1546462,2437784,6025
1691098,1746967,2126028,1656535,350465,6234502,721281,513481,493716,473602,1187117,1678155,6536
1367270,1634372,1994746,1536063,324247,6099738,673559,713338,532646,587101,1004506,910792,3216
990019,1285236,1255692,1332145,352247,6272045,729052,761859,541408,589168,1535944,1591678,3057
1740260,1670586,2150153,1364575,127214,4906883,492934,735948,531007,588753,1531756,2496534,6725
1982497,1765527,2404694,1837297,444272,6664875,718795,523519,454427,497243,1579587,2500893,7584
1362492,1572121,2458290,1865772,463743,6825929,951724,992702,572240,627853,1148555,907701,3278
1366624,1256546,1272504,1307308,233036,5884682,694676,723692,518018,571665,1550502,1731157,4982
1944553,1829582,2446433,1586528,212391,4726510,494032,781764,596882,664138,1949129,3164286,7783
1715126,1675178,2106627,1624605,350568,6288279,494458,280461,422367,526065,1533916,2443679,6269
1677424,1592922,2435213,1818868,441965,6690706,913845,971693,564939,567027,1170715,908928,4644
1352294,1250950,1275068,1325468,237177,6165684,733436,768200,519660,578976,1543574,1649443,4590
1689948,1617077,2094867,1339491,237365,4749828,475805,496158,504659,568712,1523428,2475233,6522
1679222,1661342,2054776,1599367,336718,6175500,489808,519549,421487,530520,1216141,2511984,6274
1447091,1663913,2092046,1613204,349933,6280690,726927,760109,540216,526342,790409,920426,4802
1330320,1259919,1646484,1541025,335805,6420105,901196,943546,560822,629024,1926346,1764388,4735
1632911,1606787,2031128,1282334,234352,4697820,501366,521454,520310,578348,1557774,2429509,5960
1697421,1642342,2078235,1605818,350294,6093451,496805,514535,413812,520433,1161893,2436342,6369
1333825,1649101,2037921,1569399,332160,6032398,691296,731078,522651,518556,785553,892251,4714
1019953,1297290,1656510,1322650,351536,6163817,726075,758251,540404,582784,1539402,1606339,3264
1672609,1455106,1682660,1295956,124800,5469299,494787,729862,521757,573574,1533662,2497044,6375
1952258,1817930,2424973,1839429,330586,5530784,505022,528919,533005,586707,1937707,3136294,7589
1662950,1622388,2074438,1594518,350733,6144362,727162,751499,451443,503551,785235,1661840,4852
989163,1439896,1654770,1581470,338002,6055066,697862,734226,506236,570273,1166424,873411,3081
1357109,1426772,1628026,1023950,231002,5545677,717237,749144,533477,590396,1528297,2356566,4506
1993941,1676222,2078494,1592981,239299,6134489,470331,712735,543984,650621,1857641,3147253,7673
2049451,1869437,2475334,1883987,444911,6778868,930995,748860,546206,538768,1221471,1750830,6451
1016231,1428619,1614232,1573976,336921,6048811,695567,726443,517441,573853,1256783,902655,3176
1392218,1503943,1695257,1036236,234416,5439263,701011,735876,514371,579710,1574126,2619445,5151
1646151,1610181,2035276,1578641,232722,5345220,270697,520222,461850,576354,1574128,2483637,6199
1659384,1619661,2065860,1591926,345521,6051017,712804,512772,446185,428299,1136577,1629572,6260
1329278,1455724,2074100,1840119,445072,6586822,911440,959644,575054,637835,1566151,893602,3081
1640206,1460486,1646700,1033938,121701,5392834,726630,760952,520761,574227,1525567,2405924,5897
1676829,1660159,2036354,1582883,303524,5299634,270225,347287,462325,584331,1497141,2382328,6226
1654649,1568672,2042137,1581613,336685,6108465,706536,513830,465785,457875,1201863,1731237,6527
1315378,1436525,2066546,1601362,349191,5977941,720311,755772,494984,548347,1117347,902986,3239
1708976,1493194,1669226,1330591,237417,5971651,916579,959811,581617,651669,1970697,2562373,6508
1647664,1582951,2047355,1604991,340464,5523820,271888,286328,477242,593630,1601869,2474340,6294
1637280,1676903,2099242,1618787,353607,6270316,728537,749319,451799,436373,784654,1668234,6363
1166043,1511328,2087358,1599068,338726,6086924,699001,732273,543980,596978,1207519,886428,3183
1332493,1259569,1270264,1324170,236448,6222391,728505,757914,524611,578740,1543902,1665304,4718
1695803,1656655,2079103,1314605,238502,4534772,488578,503520,493999,548522,1497581,2482008,6429
2001925,1845761,2433835,1830369,536401,7146516,901671,958392,534252,590212,1572345,3292235,7759
1025408,1423805,2056702,1592201,350079,6032135,724839,757046,516410,570068,1140939,900537,3139
1346125,1268297,1278926,1049926,233740,6181758,700317,735761,524246,587620,1578588,2591390,4927
1654757,1630053,2063319,1509720,232724,4810482,293520,525509,526690,578599,1585502,2464907,6266
1673426,1586370,2056999,1595943,337117,6131626,512170,516582,399485,503197,1103016,2337682,6421
1357849,1662144,2487087,1868632,444546,6670286,910090,958355,573207,585218,1194880,913081,4797
1333907,1239927,1224025,1005841,234961,6067573,718352,751692,521825,578439,1534543,2376532,4765
1670874,1674527,2082879,1609416,238496,4749977,272568,511108,524522,568912,1519127,2455158,6331
1657551,1571306,2017518,1567469,336806,6067844,710250,517230,402297,442194,1178366,2509074,6100
1376005,1712825,2104105,1654801,352312,6267036,728817,761459,557907,591789,815684,885791,3510
1054409,1464736,1643657,1572500,435325,6616025,884731,922125,578474,642320,1630491,1719809,3275
1648880,1595719,2022896,1289584,125395,4686861,498034,755514,518162,575005,1541537,2425279,6014
1690556,1626386,2107156,1626083,347144,6207553,482163,284035,401453,511238,1516730,2473163,6708
1730810,1503756,1986233,1518849,328339,6064538,681507,721095,489479,493674,779018,887485,4673
1352237,1341469,1995678,1786489,460116,6727181,716128,748003,472653,596782,1825701,1623973,4484
1719174,1417929,1623806,992939,123752,5204060,692806,719564,492733,543349,1478756,2465976,6258
1972562,1635838,2322771,2008795,485376,6463647,714080,623218,476076,600303,2270864,3222812,7021
1715153,1506395,1981757,1523532,340711,5937744,708499,737781,483022,467961,752131,886216,4534
1034605,1187293,1636765,1536502,340035,5906769,699944,729425,476301,537585,1540506,917150,3348
1667749,1433974,1637775,1015880,127025,5473029,740649,773582,514804,580681,1560328,2480414,6227
1791551,1560510,2031803,1546114,336607,5368307,274189,288202,437932,544056,1431096,2374921,6589
1855600,1717097,2358968,1775669,432814,6597686,896372,950408,471657,471516,771736,1730035,6242
1018990,1169568,1621220,1550647,346792,6124014,718164,749959,515647,560211,1492071,871236,2982
1706225,1379754,1632409,999762,123409,5310229,702558,728813,469963,535066,1502275,2500716,6205
1697023,1557905,1993048,1540160,327909,5358497,270503,283359,439158,565786,1508670,2431194,6282
1711812,1571711,2058668,1573790,356101,6084150,735436,511750,369866,414615,1134887,2432876,6079
1429200,1594138,2031037,1779227,439861,6483603,903693,953332,542260,610935,1107670,904003,3292
1372457,1227114,1482313,988552,232426,5905761,716085,745613,494922,559228,1501347,2382147,4606
1784691,1554620,2056420,1589208,238126,4688787,269054,508412,489307,539746,1504259,2469074,6231
1738305,1518494,2003945,1540461,333212,5951166,702238,509985,387428,416681,1177501,2531533,6346
1386374,1579060,2034094,1561016,347928,6056046,717824,749833,480588,539817,755496,895509,3237
1401901,1430641,1645128,1265996,330584,5873031,882178,923458,560863,634131,1882736,2506996,4849
1642523,1535333,1964879,1228434,233739,4442360,498031,520359,478368,543811,1515449,2400251,5800
2011548,1839843,2450665,1837883,452508,6722733,694975,694690,433930,554654,1207943,2416521,6062
1696197,1664016,2043522,1582478,330435,6049599,688880,729417,519078,509773,809266,904678,4863
1046784,1171096,1585759,1531096,341633,5907567,704985,738400,487112,546655,1448540,885827,3107
1787477,1329359,1643221,1003152,124353,5265594,698394,726505,480323,535736,1508678,2526194,6831
2023881,1647889,2309071,1745640,432315,5982217,483926,509023,419293,534626,1497836,3204419,7578
1375603,1599674,2032228,1548065,344480,5995556,714052,744188,471797,466813,749977,896839,4756
1056045,1369232,1630928,1508434,326024,5833177,680186,719198,502501,550827,1149329,900544,3261
1333734,1227640,1276772,980752,237221,5876886,688453,719259,489334,549198,1456689,2269940,4296
1681568,1544247,2032209,1565604,238816,4559326,270828,498502,470985,532980,1473515,2431988,6263
2044016,1726037,2384421,1800310,435115,6532001,913964,743684,447380,492727,1117253,2449572,6273
1054132,1349654,1602077,1573046,342260,6086290,708299,739718,497813,543740,1124247,886283,3144
1397521,1393814,1629630,991324,233897,5247256,688634,717231,485534,551137,1511739,2520357,4793
1691635,1554531,1990504,1531878,233487,5197589,271419,523110,437578,559293,1535707,2464521,6005
1728925,1543091,1995393,1528936,333688,6111649,694069,478273,368317,408025,1120673,2001014,6490
1414689,1570477,2034572,1826223,438948,6714779,906053,957161,570518,631253,1180906,906306,3227
1368227,1326631,1584149,994472,235700,5396034,715166,746838,482769,544516,1486240,2348419,4540
1768265,1638014,2072946,1592642,239120,5306394,269995,499072,437594,553725,1490812,2471477,6619
2004285,1729740,2366723,1804290,431198,6584437,906393,735323,499025,418350,1134036,1656851,7587
1365188,1364135,2029782,1579676,346671,5951946,715796,747467,486647,531262,1095216,882518,3210
1599993,1362401,1652435,1267925,253807,5992393,908807,949049,555503,616768,1924559,2576462,5430
1662791,1560490,2003101,1533873,237418,5305168,272553,514965,426578,563906,1551441,2459968,6125
1715565,1517965,2021633,1539512,344519,5953697,480890,499539,361864,471008,1107182,2424687,6210
1387470,1558049,1989361,1525000,331501,5928203,695314,735903,497190,477694,773828,883854,4784
1030745,1210233,1591963,1259751,347654,6047317,719473,750748,503014,551328,1492066,1618819,3046
1697039,1400280,1602019,1256241,124534,5143372,486895,719414,471310,532563,1487268,2457419,6196
2001996,1709405,2342119,1758391,440522,5689800,673940,511346,430099,543390,1530923,3252982,7565
1442397,1654106,2102746,1616620,352935,6138701,731347,758352,519889,498634,807058,907440,4718
1030975,1163699,1597870,1241667,339879,5896209,697159,728298,490839,553332,1538130,1715792,3103
1653217,1380013,1616750,1266061,125455,5355797,489878,748449,495841,546830,1500859,2393240,5935
1731656,1562756,2027325,1572182,345526,5288012,486601,284149,431478,490746,1462602,2407875,6276
1743711,1703168,2385709,1776034,438522,6632237,913929,967253,484179,540469,751206,1746303,4816
1049419,1167760,1698567,1527688,458566,6619970,943496,985189,544722,600164,1844539,1623647,3187
1738347,1392433,1652628,1278029,124185,5147373,438277,680280,478458,535783,1433865,2360386,6289
1750318,1527533,1972797,1515658,328779,5303796,485495,284019,426259,480440,1518840,2446849,6550
1738797,1619159,2070083,1603625,350392,6091057,728697,757337,458015,503615,784295,1628560,4602
1051407,1381185,1609158,1537599,444387,6564461,903377,943696,554358,611646,1557921,1744988,3091
1654795,1538084,1991486,1263989,127313,4764612,507004,757637,479762,545464,1513602,2398138,6191
1754706,1633591,2075678,1586475,345801,6046914,486360,283331,390504,497115,1472928,2443310,6506
1684337,1507239,1952194,1505265,318453,5961490,664803,703385,435996,494593,780304,1406551,4794
1043356,1347251,1594617,1524968,346112,5925910,716930,748620,493428,530645,1127721,891989,3121
1703475,1537440,1992955,1247870,241990,5361849,714085,943223,534619,601042,1877710,3281912,6120
1670188,1539055,1992405,1532420,337084,5842225,493343,283623,383310,500769,1535297,2448776,5788
1721375,1576745,2052675,1566743,351210,6064634,727034,746695,421680,406500,751477,1643523,6237
1072798,1390000,1991048,1512759,327901,5780970,680552,715246,487173,551960,1127234,900148,3206
1399284,1167858,1219361,1183963,223306,5968316,693820,723287,495502,557544,1482840,1965809,4510
1753441,1512520,2039019,1268798,232015,4514258,487395,506085,477569,528782,1474308,2457037,6370
2011470,1706498,2382119,1791056,441838,6609135,705714,747100,438961,477430,1151800,2476233,7339
1051260,1369701,1993131,1543619,347902,6022857,717759,747209,477833,543084,1111420,910769,3090
1402646,1232203,1243301,1002835,234058,5885966,696253,727406,492657,558617,1539796,2555992,4813
1655570,1547188,1997194,1528690,232276,4554307,271759,523189,497386,561476,1545704,2447402,6086
2078283,1727101,2424631,1831469,450502,6635916,680797,513976,382672,531765,1447377,3083707,7340
1445879,1612959,2445352,1821098,441859,6638526,905351,955700,567407,567072,1180270,934421,4914
1380056,1221420,1239490,1003386,234810,5999364,726113,759810,509267,574127,1535173,2422720,4830
1737052,1580887,2033397,1557116,240245,4591813,278026,514200,481026,536043,1485440,2487761,6452
1708549,1543113,1970302,1525082,327727,5969238,692833,508780,385943,438901,1158949,2477409,6251
1347614,1573738,2017393,1564180,345957,5933396,715527,747281,508193,549249,754976,883963,3081
1389322,1176745,1385401,1293136,345375,6561192,902643,944322,549841,606352,1888977,2505041,4783
1673961,1528397,1995283,1528586,233808,4628917,273625,512788,487208,552673,1521808,2412231,5956
1750691,1529512,1982623,1512588,341906,5821228,706185,504035,353138,394052,1064677,2345962,6272
1408644,1594708,2057253,1565462,334614,5924246,691752,724377,509224,564539,782126,906724,3377
1047170,1188077,1203264,1250516,342476,6002745,715815,747753,497075,538181,1483930,1630313,2981
1733150,1594652,2054194,1288632,126258,4726980,493990,725888,481593,543164,1479478,2422732,6291
2011216,1766173,2382525,1811558,432470,6484327,685636,501476,418730,506640,1521407,3212810,7556
1408004,1549349,2057211,1596139,354943,6244446,732214,760823,486501,543418,751195,920811,3431
1069397,1149505,1236689,1294483,346410,5878808,694896,727002,476276,542659,1528718,1738952,3355
1702752,1473381,1927553,1231926,123492,4494302,483837,716725,486026,530528,1490495,2354981,6222
2048750,1741069,2431967,1840276,451106,6090432,498078,283915,432514,547903,1813530,3091307,7772
1740097,1585445,2328501,1734148,423213,6343141,865633,908636,532318,544717,1106162,881389,4292
1123499,1173676,1196215,1213477,284515,5850454,669069,698763,474808,538597,1417861,1516439,3223
1759652,1539945,2043077,1317940,127626,4661255,487741,731870,488277,539897,1489102,2451895,6301
1750682,1513542,2000603,1535919,337977,6003543,492854,287161,390434,467087,1541213,2563322,6391
1689181,1533641,1996154,1543419,335481,6143276,698392,727793,488571,488006,770664,896107,4589
1408213,1244039,1627692,1553954,343043,6520034,904447,942193,539651,607460,1871676,1725462,4824
1710394,1530926,1995696,1269359,230978,4691505,488015,514909,500804,560422,1538984,2429835,5977
1671730,1533702,1987867,1532742,331865,5998813,459424,386589,388589,484889,1291617,2271177,6005
1743484,1523141,2005416,1509628,335423,5926650,689868,721839,467879,468267,758807,889115,4674
1099888,1281039,1629648,1557291,344753,6112872,720890,750347,500019,563735,1489151,881451,3056
2108847,1533659,2019247,1263746,238013,5277404,703279,724853,535196,601926,1821467,3229852,7904
1751598,1573077,1986974,1528226,328109,5285975,489103,280771,432887,492774,1518799,2453179,6196
1718845,1619308,2111607,1620986,357175,6186513,742097,777864,453595,496017,771022,1645796,4823
1057585,1477478,1882461,1610612,344758,6177908,697707,728122,544735,602944,1202273,909783,3300
1608109,1437654,1657977,1314647,341927,6697817,952272,759917,525068,580334,1939919,3172385,5828
1675683,1648865,2088070,1610071,237103,4772463,269677,513666,508837,566040,1494318,2414448,6085
2387098,2025457,2838750,1831854,444005,6675323,1118150,957431,526878,585263,1543888,3340191,7715
984857,1465815,1675754,1633108,355874,6235439,735273,771379,523662,585745,1174904,900862,3430
1361382,1480813,1701532,1062050,237702,5426291,703738,726812,529160,579180,1547555,2492442,4843
1712189,1615075,2054363,1595757,233476,5207098,276002,524884,527433,593820,1600436,2526456,6464
1631477,1572106,2066194,1606800,352140,6246879,730560,523530,386284,431027,1133309,2378641,6109
1403463,1701941,2106171,1909235,457328,6814917,921553,962450,593601,663012,1203945,885910,3240
1341153,1447703,1665899,1037421,232721,5496039,726121,759713,538717,594712,1570312,2409609,4419
1707037,1687888,2107463,1632333,238107,5598086,270051,503514,479100,591253,1510138,2391238,6243
1695221,1611929,2066824,1585563,337149,6131313,700711,509994,467107,450544,1188233,1736837,6477
1305063,1516332,2076273,1617966,352395,6228035,727694,758233,509920,574440,1096360,885958,3251
1404551,1488793,1695561,1316459,336514,6038154,902947,927626,581385,638757,1885699,2453398,5084
1649553,1620340,2062937,1610323,231538,5631035,270458,521309,470103,588691,1595353,2513665,6190
1634055,1549406,2055059,1583135,351345,6095898,726867,521013,436239,408414,1105968,1607116,5807
1384974,1495127,2131660,1633509,337598,6283709,687471,718503,539294,593821,1180436,887330,3264
1360120,1285179,1299744,1333041,232556,6193522,726017,758366,530090,588280,1561977,1669964,4617
2032832,1901789,2519218,1620236,348719,5449218,495497,517408,523530,650122,1892726,3211101,7863
1630681,1655891,2027087,1562157,324533,6073441,673631,572955,466209,445157,1065821,1646748,6220
1635273,1715876,2450601,1594204,350826,6048120,940868,983132,600332,660202,1526522,1563664,4642
1355540,1289423,1283548,1358104,239286,6192930,708179,730035,522907,584736,1555246,1697849,4736
1635188,1651893,2065571,1338169,232367,4888510,486538,513555,528804,589579,1574129,2461085,6080
1680129,1635414,2095032,1639930,354834,6281132,506202,525205,406909,510216,1157395,2368068,6063
1337740,1605730,2492675,1872635,455950,6644254,920175,960040,562317,567313,1183556,908056,4659
1332823,1292412,1267701,1207074,219382,5944651,696571,727970,538148,596446,1527971,1989022,4545
1663635,1680559,2123166,1341772,239058,4802787,499316,516285,536211,583960,1508670,2413471,6114
1712006,1606642,2039383,1559437,337659,6068791,487473,514354,414092,522590,1188128,2542165,6151
1358455,1565830,2038767,1583436,352601,6091226,728662,759042,521972,504921,780582,878723,4642
1037519,1476387,1689399,1612696,461377,6721126,918329,958618,580325,641824,1568630,1756766,3269
1645716,1702396,2071173,1344950,123957,4853740,496366,756066,546828,606179,1598711,2437592,5973
1656703,1669702,2100921,1622546,349515,5636572,496205,280842,470218,530252,1520513,2412706,6233
1725361,1626684,2088816,1605551,340241,6228858,701851,736478,461425,516518,816492,1740016,4895
1042790,1450076,1647503,1582571,346541,6233303,731078,763465,533588,589751,1186471,908112,3159
1690796,1585328,2081402,1321375,237275,5487169,711154,961459,568859,638541,1891182,3284845,6215
1664610,1658591,2048127,1583749,339480,6010372,499314,283567,422478,528457,1601772,2560753,6128
1659099,1664770,2057644,1607144,456359,6801869,942062,983853,597579,575234,1122658,1549692,4353
1124266,1444561,2067346,1564412,340421,5908333,697341,726554,499415,561245,1166231,886047,3149
1315510,1272183,1263081,1307128,234943,6012968,725740,758049,529363,577648,1541419,1641118,4454
1699334,1634747,2115680,1328128,240209,4771890,500655,517550,503984,561628,1499357,2435321,6369
2048758,1815940,2444321,1827561,440331,6672451,693198,733758,476043,527432,1192768,2557967,7793
986710,1462189,2054490,1606542,351584,6191022,727425,759643,535343,588847,1166545,876378,3025
1339486,1239252,1273818,1053371,237771,6161157,705595,732103,522414,580587,1529626,2500192,4757
1699542,1634511,2053758,1535440,231886,4728425,290259,520937,533041,585771,1575663,2501993,6178
1658860,1664993,2075258,1609156,337134,6197200,508164,517691,410109,521947,1112967,2314398,6302
1385298,1666080,2502470,1876347,449480,6541006,909398,949608,581462,583700,1185678,908640,4775
1283069,1268969,1252504,1021099,232811,6047366,713172,746536,512903,571526,1540676,2401389,4536
1694701,1802462,2162908,1677180,237575,4947555,270372,514566,577743,637559,1575572,2451514,6278
1668897,1669347,2071056,1587820,335468,6075642,701329,511092,426913,468248,1194258,2543254,5905
1300524,1620432,2072435,1624629,354946,6394674,733278,763694,532382,580791,795480,872109,3313
1717081,1292831,1571031,1319247,335580,7246963,1108595,1142757,644362,708769,2260896,3315394,5881
1627894,1601561,2044393,1572383,231546,4635585,269545,517875,519771,580761,1569281,2499491,6089
1684542,1669667,2112967,1622049,346285,6128728,716325,509856,414222,459517,1154167,2360093,6303
1372515,1611049,2069165,1841840,440963,6574344,895401,937102,569094,632667,1162202,907983,3124
1034884,1305559,1296088,1325884,343786,6159882,724849,755257,552399,606272,1567387,1659962,3183
1976482,1889243,2491652,1612864,222891,4902866,491994,738936,586585,655776,1852159,3124752,7851
1673615,1602001,2078493,1609937,340397,6331195,708113,521389,399892,444744,1188749,2553505,6360
1403784,1657211,2083683,1610338,355583,6119302,741512,774291,535863,587363,797589,922175,3442
1047009,1272069,1284373,1343341,344243,6112364,693216,719197,529081,594379,1557146,1685696,3340
1613639,1554141,2004448,1284763,124162,4688012,493788,759301,493671,556639,1556988,2474185,6023
1659700,1704033,2095420,1611241,351036,6236463,498856,283038,417034,519115,1498775,2376984,6195
1699323,1871709,2520396,1892729,449397,6712518,910992,951485,607938,609148,1065415,875431,4744
978601,1280571,1303298,1341025,345975,6297665,729707,762179,540453,595522,1554993,1640714,2981
1716329,1698539,2115304,1361435,124436,4896373,494833,739028,545958,589578,1517842,2418829,6074
1692323,1649939,2066485,1578212,333301,6069028,472624,275401,395264,510144,1565080,2550948,6653
1633424,1614831,2072490,1617705,350974,6170817,723163,757296,539430,528775,809111,901595,4570
1366534,1233863,1685975,1603139,350445,6796339,925411,957169,570088,634473,1926598,1750144,4915
1685410,1681099,2077991,1333144,219083,4723845,495609,547433,560932,617293,1602271,2503521,6324
1699497,1647437,2088082,1610718,352569,5424963,269454,278187,486691,598094,1519149,2418570,6124
1742298,1802301,2121457,1645660,338942,6091134,699929,740487,510656,492903,866947,1731410,6355
1068784,1538139,2120336,1656331,351054,6510326,732117,763415,568593,629340,1206235,900163,3247
1739551,1638690,1756366,1403948,241735,6291471,708326,956042,638619,692357,1951169,3259182,6346
1679451,1731064,2095221,1625755,338344,5467033,491226,283556,516534,565333,1645532,2559378,6321
1747876,1855972,2197251,1730126,361659,6460567,738661,769565,539607,555412,883651,1685251,5229
1034093,1547395,2086537,1617945,332848,6149509,675179,703391,548802,605037,1173639,901466,3100
1369515,1407660,1331585,1100463,234140,6205020,726504,760854,570906,628943,1631218,2468807,4541
1675893,1631281,2080734,1591680,236488,4626527,267951,511017,516395,563684,1514245,2423674,6228
1984086,1792413,2407717,1793245,437156,6419955,899206,725754,442733,491703,1151165,2519704,6194
1051257,1534306,1692469,1628454,347733,6298034,727739,760143,550729,605348,1184703,912090,3243
1391802,1453549,1669691,1041987,238226,5459875,722107,745739,516421,585204,1550226,2529580,4919
1614403,1596312,1989263,1535405,216117,4715140,269148,516445,521224,576095,1536161,2454361,6362
1722020,1704100,2092722,1651099,352510,6252583,730872,524968,431240,475584,1192051,2356325,6082
1353069,1665226,2094298,1895070,457749,6729060,916265,956247,577090,644507,1182085,898469,3266
1341664,1461762,1665732,1053677,228637,5572037,720334,752289,533463,596058,1580341,2433469,4714
1673004,1711514,2115301,1632977,236938,5503436,268868,512696,475258,583465,1521108,2434828,6257
1685843,1688865,2078786,1586657,336138,5996364,697672,507980,463070,439851,1193358,1772782,6696
1318648,1758573,2389805,1834280,437431,6931316,911598,952307,591834,663051,943764,899314,3290
1360901,1481633,1663212,1324394,351408,6116320,933421,960154,581696,635490,1894431,2479133,4641
1608370,1648840,2051160,1584562,231117,5425144,269136,516083,479449,594201,1575956,2500811,6096
1654460,1638757,2111367,1645808,353186,6360166,731338,525132,470949,459892,1164657,1622579,6098
1375803,1491018,2124105,1635552,346263,6215899,702701,732089,523964,586129,1188873,905935,3408
979893,1305555,1662182,1312258,346790,6077360,726462,758626,542390,596927,1563159,1647319,3139
2048826,1756686,2146001,1504923,237639,5511279,537298,738157,598769,668896,1907659,3232535,7907
1665106,1598184,2051387,1567507,337867,6119832,486233,510660,417139,521079,1192834,2553694,6197
1305579,1583464,2052361,1599214,350745,6137187,723940,754079,508886,502356,796824,884019,4298
1055103,1318047,1719335,1371256,352796,6289460,709098,737368,555297,606501,1578783,1718740,3284
1643298,1462722,1675274,1326474,122660,5451854,491241,757021,526196,585602,1584436,2491985,6090
1735212,1810823,2169269,1701758,349941,5789892,498783,283179,516870,567741,1592191,2406394,6285
1711349,1924656,2497525,1873401,449410,6767727,913406,954807,555017,558723,843843,1733056,5500
1076262,1608949,1746725,1680612,354530,6469019,734210,766959,583802,639274,1218435,893086,3049
1714303,1716099,2117063,1341710,352216,6100210,938907,965374,589759,602681,1598254,2564086,6344
1652583,1654861,2053615,1590471,230049,5385608,270974,519625,462738,588912,1592739,2511521,6149
1706698,1678005,2085377,1634143,347341,6322285,717683,521668,498115,477006,1155349,1593768,6099
1674563,1670013,2484262,2161619,551858,7404543,1102789,1151530,562963,630629,1536517,1653631,5078
1612826,1471905,1675297,1057127,134060,5569881,729152,761707,542621,609991,1586387,2435501,5722
1680032,1718014,2099581,1628403,242374,5594873,267419,474045,489707,599611,1476742,2320819,6075
1728754,1675754,2100967,1613061,338280,6338184,703048,516322,464589,442256,1190437,1748875,6697
1361796,1454180,2059192,1623011,351895,6303177,726647,756719,549448,607890,1187197,890202,3048
1708765,1469566,1672809,1327436,234128,6122899,917652,944128,575445,632943,1882912,2479034,6179
1656086,1614230,2037551,1571512,336043,5388169,267030,282134,461021,577860,1569206,2493824,6050
1655758,1608023,2090807,1631064,350085,6277056,726649,754388,460092,445490,808704,1622820,6155
1301384,1552319,2110505,1623570,330683,6204231,672130,701493,545083,594489,1195902,915802,3404
1303834,1278574,1266456,1296159,233295,6121885,729066,761636,538201,593921,1571722,1652919,4441
2004241,1845061,2489591,1601263,351137,5388402,494101,510894,519224,642915,1866948,3172387,7283
1739824,1633793,2100370,1610545,337278,6302398,698761,737654,461015,447615,796322,1728167,6635
1089092,1409283,2056955,1606699,350844,6217735,726941,757265,531698,574803,1138561,861894,2924
1441302,1165481,1270153,1041049,241599,6158611,705066,726839,489661,547201,1501496,2484417,4894
1647264,1579839,1980207,1359950,227195,4685746,334783,485836,489714,562748,1495773,2411752,6163
1695681,1587511,2020401,1564096,346121,6017244,497499,520582,366231,476294,1091487,2317512,6011
1413547,1525513,2420336,1820110,444825,6575546,894143,933879,540537,562072,1164735,897076,4893
1688817,1329986,1575303,1239458,325906,6538147,920207,749747,492901,536364,1852937,3069253,5635
1730939,1576594,2025061,1565930,233993,4804166,269656,502859,488042,549007,1463754,2378213,6248
1747847,1562671,2001211,1526003,331888,5965614,485553,281993,386217,500266,1543248,2542590,6264
1723849,1503849,2060591,1603386,354245,6228305,726773,756831,442146,478425,777392,1082657,4806
1088276,1356095,1630877,1565014,451078,6603556,898590,931526,543473,602740,1504275,1686120,3459
1740291,1571788,2013060,1285525,122955,4718898,481637,736947,505985,565124,1531980,2447289,6433
1739610,1580870,2047576,1575811,346360,6050599,497630,280277,379559,483503,1455476,2368508,6286
1791263,1530618,1986220,1519309,330135,5961505,679397,712248,484484,485058,768072,901558,4993
1071445,1151117,1623431,1561807,345940,6109646,726498,756786,490520,555125,1533773,885781,3030
2005490,1586150,2029473,1276180,137654,5438839,714999,931981,554876,611223,1823298,3167239,7374
1795888,1648743,1987331,1515075,325406,5974306,479975,282191,407938,513462,1541398,2479580,6103
1728420,1589044,2018502,1572442,346736,6041023,716143,750112,514932,508800,793058,901009,4703
1134431,1339217,1698228,1619302,342970,6162127,693111,721272,527067,590756,1551901,913138,3348
1746459,1476201,1658456,1047740,127082,5443351,715987,752984,528489,596627,1600629,2482717,6261
1720501,1610450,2064147,1593295,347815,5362469,273717,284908,455351,551682,1496825,2369056,6095
2075081,1885503,2402153,1805654,427942,6536857,871162,895411,528065,527721,886759,1706726,5933
1394294,1476400,1994185,1825964,442621,6740293,721174,753314,509551,644393,1857644,1566858,4419
1493271,1300034,1291525,1077524,235930,6124590,698930,718732,549084,595519,1570940,2493161,4880
1715805,1588459,1985788,1521347,219367,4564636,268000,519435,505828,571828,1531262,2463290,6268
1699716,1571126,2010510,1538269,345432,5972677,718383,522015,366763,408958,1092968,2344091,5947
1417770,1541012,2054157,1854170,449893,6716444,906511,947492,552106,634529,1176022,892190,3165
1364752,1190992,1323559,1012415,229792,5919141,677313,707400,508791,556179,1481274,2288634,4402
1715075,1595974,2051585,1570227,232513,4650613,269691,525509,488505,550963,1484897,2433986,6158
1701210,1573769,2001268,1510414,331382,5820621,690072,511025,367189,414862,1115426,2518015,6232
1375276,1569551,1981669,1532234,343009,6014536,707714,739026,497798,565866,744287,876756,2992
1423724,1404705,1655560,1317279,346162,5966979,915435,943278,555333,623419,1878772,2475777,4797
1709254,1505290,1983167,1525554,229833,5223172,269532,518766,449336,544960,1550693,2505535,6119
1680487,1625846,2029577,1596096,338863,6219622,701634,493092,392225,437915,1146632,1905698,6020
1414275,1639814,2082054,1570142,340688,5989187,689284,719908,494641,553006,739625,885188,3163
1060702,1200598,1240025,1280904,345191,6117707,724707,757127,491318,555048,1539801,1680721,3214
2418920,1959922,2819788,1819768,239225,5312460,495874,953231,546994,669494,2158660,3888515,9005
1799584,1516594,1995443,1517018,324603,5942512,669650,497804,452921,430911,1137363,1688797,6503
1378154,1568541,2012620,1546987,348238,5914909,726233,760800,495762,488108,759368,899870,4678
1428266,1364512,2010562,1427047,345838,5940771,891252,929133,547378,616744,1870744,2249945,4759
1698180,1342418,1599553,1023441,123132,5406017,713197,749959,509238,556472,1542904,2441304,5948
1762050,1507913,2003269,1519589,346309,5243592,269862,281896,426766,524993,1429583,2341632,6063
1764127,1806296,2465792,1826878,443997,6576379,904114,946599,485830,481662,775889,1744089,6544
1055309,1221996,1637698,1310806,342914,6123863,715432,751344,529307,588518,1539563,1651246,3131
1711807,1464294,1674998,1319940,125087,5488388,489910,734376,529279,595397,1540291,2450717,6211
1619657,1612072,2013550,1538765,336242,5386006,465786,281074,461783,563556,1577279,2536368,5845
1686219,1539826,2043297,1574365,349715,5904860,725431,759662,443922,415869,754114,1601880,5900
1070769,1353509,2006399,1542710,448152,6600087,898002,934136,551765,606675,1518832,1720804,3168
1689656,1369138,1605244,1255610,123784,5287612,484179,737259,486906,550709,1509568,2435382,6270
1723765,1633982,2055926,1567498,346842,5202449,496261,281995,439718,487458,1463915,2392539,6405
1759250,1557266,1995409,1515606,334080,5767757,688458,719798,427248,485479,762134,1705056,4725
1099022,1371831,1679145,1519462,331071,5902221,693917,726133,503318,547327,1096924,883812,3163
1704886,1321125,1674249,1303019,236932,5979493,677330,926272,533608,590438,1795952,3095560,6275
1726194,1567672,1994445,1527319,333797,5257151,488554,282714,434026,489031,1555776,2527939,6174
1685277,1598845,2026869,1558844,350936,5928797,725874,758152,444859,489195,756938,1596939,4409
1374642,1545747,1987337,1535054,334104,5887173,866241,900148,533789,603343,1457655,1589877,4790
1390348,1356959,1599828,1001013,230818,5147911,709546,747434,500410,551279,1529042,2433818,4560
2037269,1772427,2461850,1854721,346819,5920246,498663,516237,428416,547321,1823611,3115167,7456
1763870,1633599,2048014,1546310,326301,5986362,670611,701814,465807,521244,793536,1401780,5234
1073560,1375704,1623072,1538988,348475,6026554,729935,762709,485583,549596,1142914,909652,3012
1418837,1225703,1265480,1310100,234883,6003239,696654,717638,497681,553593,1504372,1714079,4932
1720371,1551529,1983138,1260984,230834,4558660,484307,511054,495657,549738,1534978,2457614,6235
1677286,1558998,2027856,1572258,352237,5952030,498736,519465,366330,480696,1115399,2355441,5986
1411677,1525370,2401119,1790771,443940,6388954,891117,930738,529543,534575,1121153,879949,4783
1393782,1157431,1233486,1157678,219133,5911449,699604,730660,505902,559957,1515547,2081514,4456
1730170,1614098,2049702,1265692,233905,4623696,496409,511211,484940,546153,1456448,2401368,6083
1752439,1512252,1981016,1513182,332344,5845405,483366,510056,371967,485908,1129526,2508992,6118
1404031,1579365,2042989,1591137,351893,6033523,726074,760363,523178,496570,772769,882801,4456
1425844,1155597,1606160,1266487,337980,6505928,887613,911321,526480,585314,1792728,2434243,4771
1737417,1530343,2005620,1546628,227508,4640564,269409,522495,498341,546079,1552159,2516506,6622
1711568,1547635,2032333,1556416,351554,5905046,690084,511551,370770,474066,1129983,2351867,6017
1400220,1602484,2067947,1573752,347688,5840728,704298,737054,497338,496487,758187,904716,4863
1049023,1201401,1594114,1250986,333482,5942859,707479,738788,502596,558951,1501688,1649795,3114
2088287,1478104,1972473,1517654,222170,5278556,495562,746927,536685,598266,1796285,3111856,7722
1736597,1551562,1991828,1525367,331999,5889485,689659,501270,379463,411657,1165930,2508429,6015
1670178,1583020,2007569,1556745,351043,5979402,726261,758460,488380,482100,753217,868113,4546
1064703,1319166,1660546,1579644,342208,5894803,692469,724552,483431,546203,1437237,928193,3486
1390700,1325181,1596116,1012413,226964,5219084,710200,748342,494044,538012,1529283,2451049,4776
1714307,1579485,2039408,1550445,236509,5287099,269375,519223,430557,556442,1487443,2399226,6258
2081168,1775301,2385867,1779527,432809,6469007,884318,700128,496528,487123,1131234,1718383,6356
1027611,1259514,1672302,1608088,347240,6188667,724678,756842,526353,583905,1548260,878966,3052
1736687,1462328,1682909,1044846,123814,5351854,712715,736115,521049,569486,1516611,2452745,6302
1650584,1579478,2009822,1526924,230525,4501934,277509,520847,511968,571117,1562064,2495459,6184
1716285,1837495,2139969,1688446,338092,6335401,526463,525589,480048,594718,1209795,2315550,6292
1410383,1698879,2539236,1907082,456996,6893442,921860,962998,597875,607946,1223701,926031,5034
1378150,1422184,1340135,1112301,238892,6416117,726941,759347,576659,627830,1612802,2413484,4538
2023674,1895667,2570886,1958560,358045,5699480,508352,758680,604666,674138,1533635,2422163,5972
1722929,1654455,2084315,1594478,337622,6218568,700333,511967,432984,471391,1182865,2540285,6397
1351733,1627484,2041767,1585692,347070,6203925,718373,749513,531396,581414,789921,880844,3377
1336380,1312843,1974590,1615950,446746,7416959,1107604,1136746,649219,716809,2226155,2510426,4804
1718678,1631833,2066480,1611463,230789,4866349,269508,517709,548841,601122,1601368,2514546,6313
1675978,1653527,2093983,1624469,345550,6277387,713708,508864,395073,437884,1140067,2357604,6175
1353201,1714849,2144661,1627516,347874,6118470,706890,738469,548457,611846,804909,904168,3203
1063267,1272614,1327154,1379500,345979,6439937,733249,765856,557421,620677,1607908,1657496,3234
1998632,1897483,2484487,1605249,223232,4836749,491981,742690,593828,649901,1835148,3106120,7759
1647545,1634286,2062888,1575783,337883,6122130,703041,514834,399916,442693,1174851,2552947,6312
1319600,1586353,2038378,1588685,350632,6191855,723628,756101,505886,564554,773910,876180,3322
1037840,1303143,1718535,1622085,345111,6086864,697450,728268,514812,577320,1565294,903957,3317
1593806,1403805,1628003,1016270,125264,5417129,722626,756501,527261,579625,1575909,2465329,5957
1703782,1710532,2102741,1624940,350163,5359023,268983,281576,490172,598713,1523957,2401229,6162
1853298,1862953,2472416,1861366,445082,6575436,910772,955164,525286,517996,789754,1700912,6032
1069768,1250623,1652145,1590757,348042,6201455,726201,758297,530120,585344,1545493,909492,3224
1744654,1442377,1694353,1037143,124853,5360474,719535,739659,494302,557464,1506052,2520963,6579
1682232,1728542,2089968,1624741,335256,5448474,268347,283706,491148,607545,1610158,2553228,6484
1652588,1647077,2087758,1627182,350071,6245695,725517,759677,468454,444124,790898,1633363,6341
1411858,1694931,2507795,1929513,564416,7498895,1121451,1170852,655947,722736,1554990,1690362,3206
1622602,1408496,1637350,1208864,123984,5263203,517145,759712,509012,567672,1558440,2461195,6014
1638289,1635850,2095632,1623437,351762,5485193,280899,282853,449411,563401,1493858,2382698,6187
1772750,1779669,2131361,1625398,340112,6179712,701145,733564,499862,480377,848477,1751568,6837
1047583,1492063,2076657,1601199,353820,6115995,741085,771943,534932,587251,1172776,900799,3205
1746346,1539444,1708017,1345176,243215,6223619,717757,968606,600035,666595,1921920,3279382,6341
1633203,1637823,2036178,1574530,335810,5501037,488113,281132,478127,527198,1580139,2540036,6045
1612717,1602402,2067861,1608773,350369,6084732,724088,756373,456378,464622,755210,1586426,4915
1067445,1497396,2044295,1620568,336073,6069072,677173,708205,539870,603422,1174764,898870,3237
1325590,1279674,1273010,1059922,231190,6164444,721932,759408,546328,606541,1597230,2457087,4491
1972871,1869757,2533315,1911936,350316,5501701,498039,526160,516794,575919,1885605,3197316,7620
1755191,1811401,2134401,1641800,335975,6348609,692501,726069,519667,568864,867342,1706015,4889
1038433,1555685,1702179,1629847,348113,6271788,727782,761567,569532,625543,1224636,897530,3139
1372377,1500917,1684779,1057118,239381,5550228,715160,737525,542496,597646,1557982,2468654,4656
1706635,1784064,2101139,1647212,223252,5126331,282505,529094,566958,632919,1592350,2455551,6463
1664891,1792419,2152602,1686071,358897,6329434,740084,526943,446660,487987,1222840,2369225,6008
1415268,1820037,2185862,1988057,458643,7037884,913702,954627,625202,686289,1233960,899706,3423
1683318,1728065,2102041,1372227,333187,6336510,935602,978323,631919,619220,1615369,2426613,5801
1727635,1784536,2178833,1692650,239639,5696105,271069,516360,511786,623067,1573971,2416594,6276
1781312,1734881,2117281,1620730,338354,6202105,694889,503438,495380,478874,1211023,1740338,6621
1377008,1786588,2073218,1617238,335880,6383419,698375,731507,575067,625712,1004338,929361,3081
1443101,1584723,1760679,1403473,358998,6304822,950952,980058,631114,695379,1964347,2492518,4903
1696376,1670733,2082813,1621276,232183,5517379,271769,519183,494573,609073,1591619,2533556,6286
1704190,1862098,2151887,1690404,353459,6439936,730133,524546,528944,503205,1210906,1622775,6307
1402962,1577262,2122345,1634518,348349,6045371,700123,732405,528638,592781,1188969,897435,3279
1364003,1297953,1278044,1338186,230745,6127048,720687,757394,557950,615015,1605033,1682751,4647
1971992,1915934,2512518,1615575,330485,5609382,498612,553178,536564,652291,1866822,3159635,7677
1686055,1690588,2095912,1615268,340438,6265596,698672,506759,489634,471597,1197663,1717362,6277
1370846,1524260,2080009,1637692,348006,6337791,726702,758887,565050,614753,1197688,887379,3075
1384208,1288926,1288662,1352844,237631,6268438,712838,734815,546937,596769,1557018,1702683,4893
1690673,1673349,2091199,1356603,230842,4919137,487485,514943,545149,602930,1608465,2572858,6526
1973456,1867374,2538247,1942826,461964,5515546,495144,285312,544931,603411,1872580,3140314,7718
1720464,1950758,2512881,1888831,450923,6714184,911678,950817,558957,576776,833094,1721740,5170
1000372,1282218,1629290,1295430,334167,6149103,704250,735715,531489,587027,1536068,1653011,3011
1992865,1664527,2079047,1627617,227818,6233781,715014,969186,530601,582164,1528814,3153089,7244
1711934,1664702,2068964,1586536,341074,5333792,486244,282760,480395,534282,1594340,2591777,6220
1607362,1592170,2015820,1572465,347011,6187428,720778,752842,460740,503638,790301,1589179,4670
1065945,1426709,1650475,1569494,463365,6519054,922482,951996,545719,613044,1503362,1685664,3113
1723010,1482949,1944416,1253999,124146,4675319,498133,752513,491696,548843,1534588,2520234,6583
1697929,1566187,2005932,1547638,336267,5338431,498773,287453,432397,485543,1421860,2296311,6020
1779074,1513174,1985516,1493201,331989,5773885,680073,708231,418948,464699,758545,1706338,4814
1029995,1355829,1593848,1530932,337909,5909804,714896,746473,508669,559212,1162967,886972,3071
1728233,1626884,2065807,1295795,233695,5383513,711800,956437,547935,616266,1806885,3152039,6099
1719662,1566564,1986816,1518116,331739,5930261,484300,281803,380174,484344,1517354,2530067,6278
1771704,1677870,2030018,1582447,338240,6117654,699332,730529,530992,529659,826741,913225,4794
1109920,1421981,1629853,1586880,331253,6001427,669301,694291,510874,562146,1290080,908656,3322
1364218,1229435,1237191,1288064,232783,6009598,726942,759891,520967,577113,1544468,1676933,4450
2053326,1747856,2432336,1547841,343178,5473388,502940,519209,488114,614002,1798387,3098386,7523
1793028,1566724,2058013,1571864,340493,6038693,703636,739809,425389,419000,764982,1746343,6532
1062675,1364105,2001599,1554079,343225,6071957,716924,748447,505911,544296,1139248,882507,3161
1769528,1383373,1618209,1275767,343177,6676382,702538,722093,479557,608215,1839069,3171429,6049
1687641,1564576,1982938,1360310,231135,4584156,334565,485875,492972,563258,1512591,2459063,6340
1712301,1566210,2019828,1570872,346116,6112678,495491,519810,379662,483866,1110733,2333819,6172
1729681,1736272,2435411,1801806,442921,6430210,900320,942067,495285,561006,777519,1713413,4757
1045062,1243578,1235856,1250989,340489,5938831,719607,751769,492400,548744,1490550,1638113,2986
1753441,1621569,2067831,1297973,126853,4744111,501912,734289,502612,562124,1481574,2435536,6512
1772948,1547444,2017007,1529626,331501,6008790,487157,283637,379451,488413,1529397,2529520,6569
1697430,1536914,2010955,1572745,347620,6160968,716838,748151,451865,500357,801041,1023016,4781
1072957,1429380,1667401,1574507,453208,6545038,903029,933616,550025,619328,1484015,1667542,3290
1698315,1538669,1993045,1253247,123720,4616442,491790,747125,502137,562665,1536041,2476022,6419
1714083,1551008,2065402,1578384,345504,5394552,270090,281406,441505,552144,1478698,2384374,6136
1740913,1596849,2019047,1540727,331732,5999774,688742,726096,443998,425307,756399,1714966,6387
1076865,1406542,2016063,1571286,348900,6130552,726450,759527,513454,569506,1117049,889903,3145
1743270,1327037,1586802,1116340,238443,6185061,897915,929476,539581,599820,1827513,3095137,6266
1736813,1577287,2046937,1568955,344338,5389758,274182,288925,441201,560197,1580386,2574471,6368
1699008,1595259,2009841,1540143,342940,6019410,711556,741920,427642,418213,755223,1610428,6163
1045931,1404997,2025043,1566102,335411,6009204,682294,712531,496779,560289,1117058,900202,3264
1671306,1367818,1600001,1262423,234192,5899123,729579,973639,567419,627949,1896354,3125179,5731
2084878,1751987,2411658,1827616,341966,5405886,494024,504592,485641,550881,1781766,3064907,7612
1710371,1591212,2002523,1522842,319476,5986572,661441,695878,440613,434426,772416,1726066,6171
1070255,1399794,1992601,1539381,344258,6036486,716608,745985,497461,556697,1108540,882748,3122
1416417,1219934,1241261,1014897,234422,6011609,701660,723853,500767,563083,1501542,2476083,4918
1745607,1513759,2014354,1558151,229224,4796559,276746,523012,500167,550389,1562544,2529040,6576
1677957,1562313,2031533,1581136,345899,6174309,716400,510061,392345,438138,1150225,2308884,5895
1425672,1665126,2085979,1838798,450243,6594961,899871,941598,553440,630346,1131567,892389,3101
1127703,1169667,1230974,1283627,286078,6045954,698109,728420,498695,550932,1501029,1552116,3263
1755759,1597756,2067651,1288209,125271,4674988,494652,741150,480979,548727,1478434,2450473,6342
1712601,1565584,1987458,1524219,336222,5817100,483770,279721,374380,492185,1542057,2531013,6103
1680748,1553492,2015910,1554433,347010,6039712,719028,751160,498708,487021,764019,889651,4641
1436991,1254505,1679043,1613281,350858,6747582,930405,961467,570575,624676,1941177,1766503,4792
1684277,1572002,2019320,1280215,230185,4627162,492600,520986,498690,564957,1553642,2479671,6007
1698100,1787076,2433327,1837838,452639,6602447,702710,648466,445800,557907,1277297,2275107,5932
1759638,1539998,2034257,1553035,337250,5890007,689574,717710,484354,488642,766151,908802,4987
1065276,1182259,1628070,1552525,344476,5993934,725484,757108,509764,546707,1527430,881072,3098
2088134,1574473,2031338,1282898,237404,5500139,721292,744648,557050,627916,1883057,3252408,7961
1737824,1607547,2006983,1537186,332179,5966412,476860,502960,383155,506560,1166239,2521300,6305
1381377,1549271,2000101,1558493,347181,6142794,717670,750180,512440,508177,785545,876061,4539
1052815,1195860,1667597,1443957,349499,5917884,704390,728353,503532,549128,1522742,1542542,3149
1709039,1330576,1626868,1021843,128273,5341349,726134,765444,500594,545840,1547689,2471040,6163
1716611,1594162,2058304,1571756,352669,5381949,273176,279597,434283,554664,1490724,2398706,6186
2089384,1712192,2394021,1793158,433361,6496768,895172,731690,457037,500546,1158432,2491265,6233
1047846,1366018,1587683,1526401,343502,6056393,717317,749268,494095,558086,1134619,881429,3004
1408124,1413058,1648023,1011401,236556,5323498,707046,728891,492784,552701,1493861,2457441,4599
1723559,1568206,2015915,1568277,230212,5145061,267890,517543,482477,569659,1558570,2506964,6168
1693313,1519122,2013744,1552151,342254,5960336,710684,512208,379216,407259,1088823,2251443,5965
1394370,1559704,2040162,1823256,454320,6526384,911883,950985,544161,597725,1152283,912249,3375
1344673,1381672,1591873,998075,238055,5184390,724034,756984,494701,560825,1526834,2436996,4393
1712952,1596516,2032891,1549018,239904,5212195,276255,501169,432987,544320,1448557,2366315,6310
1767257,1528413,2033845,1552967,339347,6141045,700518,512711,423669,432406,1168132,1727985,6294
1364415,1479015,2009046,1561159,343611,6104242,716087,747457,521206,567607,1081839,867349,3021
1427090,1337427,1620018,1316591,409424,6726608,1089625,1119920,588108,659328,2143165,2971918,4549
1698151,1623433,1999572,1534744,231847,5251959,270648,508701,432121,565885,1523197,2453765,5839
1754224,1577685,1995228,1554322,337208,6111672,698475,512483,438408,427308,1084993,1552232,6145
1413122,1343583,2029500,1548217,335066,5920209,679187,707346,476875,543047,1130869,898926,3274
1398573,1235161,1265656,1284295,229412,6010166,717384,749794,508281,554386,1541135,1670442,4579
2097605,1630701,2093564,1607856,241035,5487065,488888,733331,550343,628907,1849516,3213219,7884
1741638,1517511,1972142,1505271,320285,5940092,559427,502643,399098,502549,1136131,2428482,6318
1370367,1517973,2024389,1574487,350609,6115624,727778,759521,507903,489175,767687,873431,4452
1121293,1245227,1646961,1289947,344489,6022449,694486,720470,502130,565304,1516480,1703450,3238
1734932,1379699,1582128,1234760,124015,5268444,483887,718473,472750,536002,1472765,2362160,6178
1755337,1629462,2082043,1617710,347702,5442463,492137,282950,457401,509840,1479598,2362392,6148
1765685,1749653,2409149,1801658,438269,6600797,892876,934829,512541,563544,785883,1717490,4783
1049755,1190774,1419025,1299194,346313,6135613,727510,756941,515497,568079,1550923,1616431,2887
1751892,1433928,1670792,1301205,124866,5449449,481310,717681,494799,562977,1465652,2374523,6055
1787093,1586003,2064650,1579389,338709,5411039,487829,284284,450307,501616,1564933,2573122,6554
1707143,1549656,2023213,1572618,351442,6059532,725455,760520,436421,483056,763535,1633414,4661
1072865,1377272,1618090,1508566,442436,6422532,879079,908568,541238,604492,1455673,1707895,3306
1710840,1531160,2338315,1517239,222137,5281681,701332,958396,573199,626684,1913919,2396464,5645
1709271,1555191,2034574,1550889,346175,5574192,502667,284186,435555,483322,1481050,2384023,6222
1724242,1572965,2002189,1516942,334519,5828340,689057,721142,430107,477620,773796,1698229,4707
1040741,1376606,1601791,1530424,341773,5914605,718496,750409,512047,571418,1107793,873211,2990
1709078,1503676,2000331,1264562,239507,5246562,709477,949774,529259,594316,1814229,3168588,6208
1704777,1549632,2025406,1558258,339508,6018341,490116,285968,377652,481969,1571733,2547985,6212
1714674,1525290,2016213,1556016,346726,6046555,714681,747770,492278,479075,770847,908840,4702
1058921,1360245,1656854,1556188,342676,5793071,690708,718096,486362,543841,1431349,888662,3296
1408499,1396701,1606909,1001839,216116,5235879,698689,738307,520567,579661,1525565,2435297,4845
2021801,1701156,2409505,1826232,350184,5898148,497430,519392,431949,538568,1840876,3118479,7152
1748469,1689444,2018677,1561049,329944,6093297,477371,285895,418324,523264,1559038,2433459,6199
1744593,1616626,2100895,1625680,352980,6055126,728103,746618,469307,445806,815329,1664811,6314
1129812,1506534,2083450,1586507,335362,6035134,692265,729882,549961,601263,1234202,933234,3429
1385159,1295885,1253993,1056789,237774,6119408,717270,749081,513898,581730,1520497,2335778,4581
2132783,1707034,2091182,1358321,239562,5359186,641556,715326,561282,633906,1872940,3194764,7601
2076155,1732589,2364917,1775166,435912,6537745,689408,730370,436457,485022,1154153,2493332,7606
1418953,1650538,2437709,1885640,447450,6819913,922828,743370,522943,583613,1479153,1587248,4580
1500645,1372631,1312029,1063443,231043,5939591,691472,724884,528988,591471,1580870,2560069,5008
1711162,1575568,2011983,1556420,232720,4656513,271802,523695,521538,570286,1581024,2463562,6159
1801470,1705415,2014227,1545580,329159,6119421,680214,497919,424716,468487,1123348,2286836,6165
1370538,1575434,2349369,1768674,422765,6548653,868477,916994,530577,544773,1134541,873533,4383
1382263,1210105,1254984,1033107,240431,6170827,728728,759063,512949,570646,1512725,2395607,4515
1792276,1602875,2052430,1573550,234344,4724376,272328,510173,504775,562701,1491340,2459347,6682
1736379,1505172,2009623,1543855,337994,5883560,710980,514360,379037,423283,1173350,2544574,6383
1381948,1557736,2016612,1557018,346187,5961146,711110,742820,494985,533830,749959,896464,3158
1418577,1262463,1465428,1278016,343881,6432811,905949,946263,553865,623997,1918834,2572921,4878
1682962,1556959,2001096,1289263,122055,4584393,488415,748374,518982,568537,1532931,2386880,5960
1763718,1597842,2047152,1583957,351446,6231194,496526,284734,403169,506629,1534000,2466645,6230
1715920,1655849,2046565,1554907,338047,6063202,704604,745758,509940,507082,778670,901190,4684
1049220,1207151,1586676,1522830,346702,5981624,717212,749293,491479,545358,1467027,871548,3108
1758604,1379710,1620507,1017660,125412,5295258,688288,712924,484080,548793,1489433,2471701,6593
2067886,1721332,2372092,1791027,435532,6038225,488053,487391,448341,551630,1650970,3245783,7687
1731889,1532477,2022319,1552323,340510,6014658,704381,734002,496892,479580,779055,910286,4799
1392240,1335583,1981516,1751073,435774,6362473,697568,727788,480754,601944,1883711,1650986,4693
1674721,1380428,1581281,986187,123688,5262899,717530,749636,479467,544143,1496806,2372279,5873
1723368,1622079,2013256,1567009,338028,5405960,270807,283038,433958,559284,1449932,2347535,6112
1748216,1728247,2414480,1791666,444618,6594198,921727,978039,500703,491079,762040,1730890,6259
1095656,1235837,1617168,1358479,347624,6172424,718092,750698,516987,567313,1524707,1568574,3371
1768744,1387986,1614576,1037388,126514,5336700,647014,692029,481269,543350,1457326,2425304,6756
1701550,1550331,1990299,1525722,338732,5356678,273416,283581,420182,537617,1532349,2477326,6156
1697673,1548676,2014225,1563569,351331,5958134,726172,756224,437135,423602,752019,1607583,5924
1414896,1591339,2005779,1791056,434936,6624623,895940,948868,549139,622561,1143224,878334,3132
1376196,1391468,1616956,1008791,237005,5337645,726923,757028,491999,558306,1497029,2388015,4553
1797195,1574953,2033210,1560066,233314,5173331,268303,503417,442988,547551,1482770,2455149,6410
1686174,1532634,1969664,1529522,319427,5878636,668968,474019,379863,415971,1174274,2249109,6235
1347122,1653681,2061830,1610704,350229,6273272,725982,760363,529959,567995,785797,892471,3259
1393983,1493494,1700687,1350952,343729,6221333,913317,954370,617416,687658,1985875,2545099,4826
1665914,1646552,2037863,1596134,234236,5608542,276721,517201,492020,605948,1572316,2427306,5974
1652785,1653408,2094663,1609693,352259,6264335,731137,517713,454936,442975,1147277,1665466,6234
1363590,1527823,2105012,1615093,334297,6219472,695279,736340,542968,600160,1190432,891229,3250
1401889,1504796,1656334,1623272,302202,6393572,696972,948918,632094,689521,1894561,2218794,4370
1669327,1658592,2123099,1351165,126838,4894831,502264,744985,531373,585659,1555980,2502643,6347
1968404,1824955,2444900,1838716,442502,6619181,709376,516387,478039,529545,1584018,2497024,7300
1340984,1527226,2110281,1648983,347102,6439956,718314,750204,565814,628201,1186225,888956,3146
1368037,1322922,1288752,1327106,234014,6119871,700858,732040,530582,594745,1575832,1742291,4859
1629067,1647270,2059937,1321629,233961,4816991,497847,524090,532942,588889,1568190,2441908,6101
1672128,1727720,2098557,1633454,337066,6298203,468106,409980,429255,534114,1323943,2340635,6354
1689353,1680048,2515612,1902388,448705,6944481,919868,971733,594499,603256,1225315,930438,5022
1274650,1273202,1261865,1316486,236236,6202574,721306,756857,530389,586253,1551539,1646033,4443
1718355,1754491,2119619,1344808,236407,4750458,487920,504922,555613,613521,1563428,2487490,6408
1727437,1781959,2098181,1643314,337046,6204319,490054,519229,454643,560291,1251813,2535162,6058
1318404,1702005,2101237,1643376,351486,6309988,727757,760145,540885,536172,816899,885597,4387
1421814,1439527,1752054,1524343,345877,7000715,916845,957697,647703,710708,2022120,2446763,4899
1642082,1630244,2060337,1334838,239014,4770917,500730,521990,529594,594491,1600182,2465287,5931
2033446,1869702,2524621,1919657,466263,7049192,732405,751869,483331,590844,1185483,2427288,6102
1390223,1584090,2065368,1566800,335275,6052459,698504,740427,522898,507948,789965,903862,5100
1335522,1553998,2062650,1628757,343857,6308603,716553,973129,625520,684950,1920140,2339919,4549
1658571,1472892,1702280,1352230,124599,5504700,498990,741611,527836,590129,1569842,2488569,5949
1951025,1908457,2453773,1871234,442300,6319746,690556,515290,505743,583795,1610489,3309389,7390
1320269,1723395,2070318,1622977,341693,6346460,708058,739383,556476,542775,790994,876887,4396
1028536,1296062,1699436,1326287,345687,6082232,702141,733326,529956,591075,1559388,1721287,3220
1644756,1471315,1703937,1342524,125321,5616434,499358,763460,537494,611798,1610798,2483977,6419
1665728,1663902,2102646,1617337,348599,5562889,497742,280660,473321,517190,1498742,2393001,6243
1643095,1840784,2490322,1876123,451376,6797903,928147,982702,523447,583956,796553,1742440,4548
1059975,1276912,1302330,1345438,348433,6369439,724022,758099,554990,614901,1576930,1618484,3068
1660374,1517305,1743613,1324694,123568,5398612,461761,703381,534947,579380,1477878,2386954,6246
1668674,1665332,2061659,1583078,337150,5494514,489328,278529,477277,523790,1583293,2524914,6224
1646887,1676503,2098966,1641547,351587,6307395,725466,756610,479762,531979,816209,1631190,4815
1067178,1582074,1703670,1621842,450352,6876949,902453,944572,607657,674178,1600930,1763174,3448
1609087,1617047,2039215,1288135,123237,4795107,499460,759105,530706,589919,1577419,2445462,6008
1646719,1649509,2074694,1603204,351187,6232857,503226,284967,401953,510449,1511525,2413656,5954
1703955,1718167,2073472,1597099,321597,6442920,669559,707594,497657,553251,832642,1340342,4840
1020650,1473102,1661358,1587696,347867,6189765,725233,759520,536791,591101,1163202,877863,3067
1788142,1675085,2131982,1343345,236499,5572508,712100,959718,597292,660958,1922393,3306511,6692
1668821,1614360,2058931,1600737,336987,6259565,489158,280438,429309,536270,1610781,2532317,6267
1629113,1684150,2097220,1627080,355541,6214689,735098,768437,525416,512444,784106,882919,4534
1097418,1369975,1731149,1640147,345025,6227387,701023,732130,563505,618813,1583887,892373,3415
1466488,1541677,1672421,1080904,155872,5608464,728706,760606,563400,623325,1607229,2436332,4809
1715403,1736477,2130237,1646605,239140,5630701,271038,517929,478964,594190,1534582,2428717,6213
2013976,1871716,2484403,1856296,443527,6781695,910553,737283,528842,515993,1169818,1708655,6292
1054841,1293146,1655917,1590779,349934,6210507,725506,756351,525412,585902,1556128,881148,3154
1691404,1462661,1688635,1054507,124218,5538359,708844,732466,525903,578955,1538939,2472295,6281
1640741,1631625,2056669,1591615,335516,5442020,265781,277868,467178,581059,1571565,2536087,6453
1702436,1724430,2124261,1657993,349194,6372046,728017,735113,504273,499662,932279,1640088,6295
1344764,1530116,2109061,1887858,454094,6826780,913238,954759,594169,660182,1571217,918658,3149
1643441,1498251,1680247,1048869,123262,5517094,736774,769553,548817,602076,1601146,2465450,5933
1687418,1696131,2106019,1637452,348286,5701438,274193,283219,488562,603101,1512480,2380988,6005
1718454,1668503,2114616,1630323,339476,6377562,704262,742553,481074,465345,817717,1746995,6594
1047766,1444978,2063825,1601282,351206,6390976,730528,758875,520680,588253,1174549,912707,3360
1708276,1527621,1715501,1178800,236831,6287541,911167,945986,613747,676086,1927865,3152131,6297
2017579,1660815,2292542,1571935,337340,5829115,476042,500375,530919,648214,1940345,3266325,7380
1712492,1728647,2119669,1670167,352556,6445937,725658,755805,503916,482861,823248,1626881,6108
1028068,1561684,2118992,1625667,338861,6053482,685840,718334,557392,613605,1195176,906862,3237
1302699,1260849,1275570,1052177,232514,6114768,725651,757851,529525,579936,1552316,2430827,4536
2013666,1853456,2529689,1914683,349481,5563368,493212,517241,520359,588511,1891186,3191008,7645
1686969,1672962,2073605,1599501,324558,6204142,669707,709004,507517,483847,826369,1756834,6371
997760,1435227,2048403,1590026,348196,6207487,725104,755178,528455,586536,1158550,882225,3036
1390922,1325389,1310388,1077652,237243,6317880,709693,732908,554996,612288,1572829,2490765,4804
1680669,1689813,2056000,1591322,224922,4879171,269465,516826,559638,616485,1601752,2499617,6104
1630045,1665138,2079637,1627735,351808,6297115,729534,523661,411462,452077,1144838,2340348,5921
1390686,1721427,2143309,1921719,454646,6872104,910885,951356,594343,671762,1203028,890291,3300
1273708,1272344,1381695,1038158,233673,6100206,696734,727907,538986,598994,1551233,2360289,4449
1721676,1747632,2142287,1655052,238794,5010240,271456,516178,544978,592732,1527962,2422751,6150
1762229,1722364,2096152,1619701,337837,6251836,698265,508891,432963,476014,1204707,2540013,6419
1661835,1777492,2442597,1866590,464008,7013585,960239,765979,529584,585848,1168000,1624480,4622
1343720,1533841,1701754,1351542,351421,6289993,932879,961467,607972,664574,1914435,2477825,4572
1984815,1672741,2072614,1610606,235965,6104314,474578,733178,551343,666349,1969959,3293044,7335
1712058,1692198,2103705,1649275,351883,6227458,726816,521775,429538,461382,1171177,1796413,6140
1362720,1651841,2103041,1612999,343956,6167397,696701,727806,516016,569332,778310,902770,3368
1018216,1335521,1314000,1341005,341414,6110905,727406,759449,545196,607734,1592709,1654865,3106
2109030,1770719,2484614,1579167,236524,5434930,508477,747519,513029,622641,1864596,3196754,7843
1762920,1573259,2058178,1569322,338258,6101415,699929,514457,444566,432429,1205491,1765687,6589
1385494,1434987,2041580,1567609,350109,6104091,725771,756018,511960,571164,1140909,890576,3097
1281204,1220401,1236608,1281055,245532,5949961,700206,722071,495958,558501,1479609,1665992,3850
1734025,1568929,2002617,1278530,125072,4733234,481455,740710,510870,567166,1534676,2497938,6240
1682345,1528124,2032180,1583763,356794,6077530,506818,280521,383767,486648,1508701,2374333,6060
1786943,1586943,2494710,1858885,455760,6538822,910721,950399,555197,577684,1176464,905931,4831
1403935,1289899,1261981,1273852,223538,6028574,696185,729488,519686,575856,1534371,1652604,4551
1760500,1656842,2079793,1325889,238061,4787165,498605,516221,518647,572501,1508201,2428097,6228
1764644,1529863,2003143,1520898,332412,5971250,486860,492444,390096,492688,1209498,2522046,6410
1646809,1499272,1928313,1506153,329688,6079419,689584,720041,488728,487771,782481,878392,4526
1424664,1247039,1675240,1593269,354983,6845607,939259,964892,545797,619533,1867962,1692280,4708
1718972,1586229,2002812,1269365,226509,4674762,488268,515210,498364,552608,1537679,2514315,6304
1694164,1583359,2025372,1566403,450968,6763348,713503,745438,454000,573110,1468951,3000739,6034
1431382,1578160,2026420,1540780,339912,5948040,690462,721213,499621,495032,790114,910596,4830
1018349,1185686,1597793,1303141,340534,5959715,725620,757677,504152,556059,1549925,1599111,2840
1975566,1675790,2071258,1385530,238481,5649039,650770,718763,572771,634762,1816144,3061853,7413
1724786,1752783,2140365,1656940,337960,6298797,484209,508772,449956,556959,1218336,2547117,6458
1385860,1670219,2109560,1639467,350165,6412448,728144,764734,544626,526307,822964,937162,4931
1041319,1338937,1708341,1364581,347629,6305768,701928,723338,543879,595302,1529624,1675294,3218
1632748,1543596,1696015,1348767,124121,5464025,485882,748929,559580,608704,1599601,2548144,6299
2829457,2183510,3050591,1940697,466358,7210273,1185085,1001948,677625,750153,2368190,4620530,12191
1373733,1583654,2019714,1562927,327087,6020846,663490,692920,497197,507297,786259,893043,4673
1038977,1155169,1616538,1269783,338056,5889394,720421,752207,500020,546071,1520748,1604943,2900
1744600,1437039,1660677,1302959,124416,5260950,497507,745871,494982,548769,1479768,2409542,6186
1771829,1560579,1996993,1511273,328675,5210795,475077,278274,432158,488208,1499450,2497664,6539
1689448,1531296,1980582,1527364,348762,5929142,724011,756051,423957,481165,754619,1652791,4639
1061294,1415475,1684594,1605793,466472,6789998,935177,959950,564821,629754,1528081,1707139,3204
1660018,1491968,1885171,1327326,125918,5453675,492039,754153,554408,602456,1607785,2569430,6297
1674969,1682767,2114924,1654370,351022,5583596,499708,286580,482081,533593,1537713,2348678,5940
1666605,1709823,2091765,1595110,447266,6774168,900173,940174,545173,602265,1176964,2486501,4691
1039826,1448796,1683616,1611655,341184,6316306,727095,758927,555002,616360,1217873,883835,3154
2009011,1943985,2568023,1673388,238179,5589413,725700,1218021,653671,727499,2256576,3940230,7837
1729511,1737627,2111025,1624863,336595,6227255,482675,281541,438572,551762,1611017,2542710,6683
1636117,1626984,2070745,1610596,348943,6362559,728423,762916,476535,522049,811651,1013542,4735
1054817,1506977,1697684,1647843,352609,6322739,712826,736624,539463,594416,1177800,878600,3102
1378275,1501334,1707986,1072076,231805,5576422,718617,761099,546513,610350,1609298,2557822,4651
2000452,1897535,2514371,1941670,347656,6329788,487498,517455,494763,607907,1897964,3068667,7501
1722938,1661742,2115740,1620840,344795,6203839,696508,727747,538170,519162,789380,892373,4833
1086637,1326582,1697974,1614198,341543,6283335,725975,754760,555061,608052,1597121,901830,3255
1588086,1449630,1687629,1055642,134268,5531780,721512,745041,527165,585203,1515470,2429473,5823
1725041,1685355,2073090,1582466,235274,5523453,268633,474250,471870,595534,1574628,2506875,6585
1673860,1599383,2034935,1580021,347131,6239621,728137,523575,471800,449226,1163253,1648454,5823
1720070,1778566,2532779,2205149,461450,6924822,927363,1178982,677018,756391,1943561,1658891,4243
1644786,1392982,1643712,1041686,126725,5526328,713774,755787,513533,569765,1572387,2516638,6213
1703866,1708586,2113505,1654808,352928,5630240,274818,287226,489180,601629,1527237,2377825,6169
1696412,1643985,2090671,1871072,446220,6726650,896224,932708,512680,510481,1177902,1723801,6343
1324490,1485198,2020926,1572626,326382,6186575,697602,730353,546559,603806,1198879,886649,3134
1672536,1503503,1680674,1323766,237043,6278355,954242,980724,589110,648099,1867496,2409952,6121
1676078,1619413,2060566,1602517,334103,5594504,273051,284154,461516,585699,1571151,2487253,6150
1650506,1642258,2072545,1610729,349913,6349538,729010,761435,489316,469077,797500,1620134,5852
1056697,1422319,2121382,1614703,354151,6299478,718929,740861,512961,573560,1158476,873444,3155
1327417,1291207,1293717,1082010,231669,6223192,710834,751355,526153,585562,1598105,2538256,4745
1954451,1818901,2428842,1688649,352138,5564946,373575,480802,530549,643836,1845462,2977861,7524
1776901,1575371,2030811,1538963,334283,5908739,678646,708687,459977,444853,796988,1687257,6386
1044092,1401939,2003211,1528882,341246,6019485,726600,758880,497039,559074,1153120,867674,2909
1387480,1225449,1246186,1036349,237882,6098791,727111,748094,503531,557380,1470874,2385095,4538
1781460,1543718,2005232,1519216,226500,4690919,271516,510039,504729,559622,1518062,2493139,6323
2030605,1688260,2360130,1804301,452205,6724628,934770,747404,446568,423016,1137201,2346739,7021
1040532,1428392,2064514,1567714,350905,5969307,709218,729177,495583,555732,1104330,875288,2985
1405577,1198493,1232668,1031470,227111,5967988,697826,740389,502065,567976,1541843,2507331,4661
1742352,1570398,2044930,1590434,236121,4767811,278298,528332,503485,559252,1482169,2344247,6301
1792550,1542157,2008319,1526449,338458,5837221,686459,504873,384469,419681,1135850,2524220,6601
1386655,1520107,2002845,1811769,436940,6823685,931303,972545,584070,638211,1163579,889269,3138
1401754,1260100,1528332,1274687,350734,6462704,955466,981988,552297,612176,1818852,2413302,4599
1749095,1560482,2019804,1547724,226836,4816428,272043,500829,497908,562002,1523490,2469568,6464
1708223,1639006,2061840,1605324,348797,6265707,729581,522365,421442,453542,1160154,2397036,6063
1342182,1659196,2110815,1628133,351528,6150648,710613,732757,513895,578866,788532,884589,3213
1095608,1350478,1357297,1391393,336167,6470289,708761,750739,582345,637347,1647861,1708422,3418
1935850,1850810,2473507,1604236,238407,5538261,499902,760987,513459,634928,1859119,3072639,7299
1719067,1790043,2162876,1659945,344441,6318313,698322,506399,474327,482435,1200712,1802407,6463
1319805,1645187,2037067,1577506,327598,6244441,698383,729092,546584,614531,820186,868358,3013
1025979,1320673,1322500,1384247,357051,6384258,737974,759064,547326,595399,1546426,1665890,3128
1754188,1706241,2129095,1362759,124802,4951133,485343,746550,545491,615210,1635887,2591000,6628
1893056,1797443,2402241,1840157,455910,6807582,715688,521008,459626,512192,1526004,2332375,7072
1411988,1522151,2121507,1639804,351290,6257888,712729,734413,555076,609607,1171248,875296,3180
1283555,1322622,1296095,1360303,231827,6252636,709769,751476,551296,608667,1613163,1706551,4479
1629672,1612602,2063998,1350458,159365,5088397,497270,662181,527191,575722,1474290,2235610,6158
1720205,1651010,2117278,1608956,351229,6134350,496798,282388,408274,508489,1563859,2591259,6615
1649654,1695523,2067713,1606135,340235,6222989,726600,757470,563568,544741,821505,884112,4376
1305290,1342238,1731602,1665979,349061,7088256,949286,976037,610231,666990,1893955,1654806,4720
1717340,1685418,2103141,1336461,231791,5003872,486718,509404,558227,611592,1603985,2561247,6607
1633214,1757110,2119362,1664217,352127,6412310,508320,530462,447336,554348,1197239,2407588,6101
1587587,1589450,2047038,1582764,337281,6161780,683379,704687,507648,512030,801823,883770,4513
1039596,1363651,1737088,1649822,340158,6425665,715645,757777,577878,633531,1636181,871186,3086
1962758,1653261,2100064,1367944,239952,5671716,728341,760548,587856,649824,1869311,3049897,7178
1728141,1762078,2140219,1645504,344413,6208446,485705,507343,424722,538405,1210750,2561002,6527
1349461,1620625,2064667,1595629,346810,6237515,737741,770290,533725,518137,789528,881324,4611
1070662,1331728,1723847,1370032,349767,6305176,723604,745500,574995,617781,1538487,1641098,3229
1700710,1490907,1684526,1196355,123015,5656644,529899,735274,543588,606571,1596479,2543866,6490
1982611,1851296,2467440,1900056,461382,6370169,498364,520639,495859,614643,1580850,3131611,7292
1367889,1712707,2149746,1666021,355971,6348018,720786,741177,554963,542237,798915,877419,4801
1001002,1303557,1718743,1380719,338550,6441893,710809,750804,573924,629316,1632434,1716145,3250
1738397,1634049,1764694,1432395,239407,6511412,725786,996743,655297,713805,1966044,3094486,6195
1718221,1797260,2187240,1674849,347535,5681025,489963,289448,515439,567797,1616451,2556083,6495
1624461,1824769,2464275,1871644,453967,6835869,964729,1007617,536872,544535,812941,1716961,5369
1039493,1466792,2094005,1626980,455374,7031593,941538,967866,591586,650191,1754428,1668607,3209
1770545,1378689,1613296,1267033,122735,5321009,484354,735858,509130,555669,1565793,2532064,6220
1693971,1592019,2011296,1554454,348548,5303203,498016,282149,448732,497529,1515223,2372544,5875
1727615,1623818,2054223,1582883,347719,6066236,704477,725997,434589,489910,766374,1640365,4697
1067843,1395944,1636312,1542754,342698,5832760,719853,762368,498997,562773,1145876,877955,3127
1731194,1447698,1988631,1304045,236379,5647670,723601,995358,553633,618505,1840973,3054722,6315
1724771,1547510,2014251,1538229,326259,5305881,486013,284895,434154,476517,1487937,2445944,6607
7187369,1881122,9480812,6749620,1455242,14504523,3183336,3781035,475065,616709,5597522,11439323,10222
999393,1496276,1692733,1630097,349652,6339738,725579,745912,538698,588723,1149527,879357,3017
1409135,1514787,1706550,1079659,224383,5732288,687052,723917,567165,628248,1601292,2504409,4653
1913686,1880744,2461591,1887304,347675,6257439,495945,519476,492798,603354,1927458,3134741,7429
1711172,1763700,2147502,1677815,349989,6421858,708789,729272,559785,559093,838044,902900,4941
1043856,1484040,1656347,1604899,324101,6360712,680998,720947,561004,612285,1306135,889661,3184
1314402,1459202,1669225,1040449,242065,5528870,736934,769759,516412,568493,1511915,2366940,4524
1739385,1743802,2153342,1657308,234983,5658234,272290,507051,511491,635042,1623039,2547341,6449
1920267,1786604,2464693,1878052,449523,7114903,954335,764550,531158,528596,1202921,1659346,6139
1017049,1348863,1731626,1661147,354883,6414284,735800,756433,552297,602927,1537914,893744,3039
1617143,1693990,2082496,1334047,225622,6210292,907085,958196,604379,672213,1596965,2563538,5859
1628389,1636324,2042224,1603853,288004,5696165,269641,378206,476484,596687,1526884,2292959,5956
1701767,1666159,2116729,1634102,352054,6249042,713644,510400,474281,457876,1154200,1675206,6323
1399739,1541931,2092473,1623886,337506,6240243,711178,750807,570452,624927,1235517,905257,3278
1979713,1902275,2482904,1868558,445378,6855204,910038,730140,544977,536901,1191738,1699422,6168
1100599,1372542,1732134,1659682,348464,6502541,726400,763162,576941,628918,1605355,930330,3338
1737239,1529181,1719489,1080111,125034,5684164,714580,737090,540892,608878,1544901,2448505,6340
1664275,1720667,2075631,1597439,310852,5665499,268957,336309,503326,623375,1606415,2559210,6204
1657756,1732212,2129770,1651053,357112,6383516,735249,527101,489056,456838,1157994,1614515,5909
5297200,1729169,7282316,5573166,1188734,11034464,1909271,2068255,613570,720207,3265016,5963222,6459
1720227,1597949,1705052,1099016,123390,5544157,721057,762822,566734,619753,1616345,2484429,6228
1724925,1812026,2182852,1691026,357216,5760332,273146,283801,518243,631687,1604149,2453124,6325
1751310,1907945,2143529,1650140,341057,6257105,701390,733693,532758,507874,880237,1740623,6469
1164771,1522189,2081133,1627148,348817,6366716,727690,761678,560445,623756,1210500,901477,3078
1716478,1476990,1698324,1350745,240660,6494281,940099,964986,587316,652842,1925419,2478735,6316
1717643,1670137,2079825,1607403,344305,5614431,275148,287728,492234,608442,1613094,2587598,6150
1993433,2027554,2533865,1959223,349532,6457266,722232,978139,610066,597740,1219075,2314249,7546
1018599,1497800,2096151,1617629,348044,6111139,701501,728150,518088,573220,1158758,868126,3314
1350545,1350309,1298414,1063039,230969,6274939,717622,755985,551171,606177,1605090,2484219,4641
1980992,1916481,2499284,1836078,336406,5495826,293181,513440,546996,664184,1833220,3059872,7744
1677638,1670783,2082496,1585573,338744,6073889,696507,730238,452742,442390,793598,1738306,6440
1027301,1523381,2085928,1610080,347420,6262238,726842,761400,564997,626614,1210251,914105,3125
1340975,1268500,1288553,1063859,238184,6306934,705981,729530,520589,574469,1509076,2465089,4895
1672397,1666539,2078449,1601191,231579,4993815,270794,515806,538659,598021,1585254,2550012,6252
1637726,1760568,2095984,1645571,352045,6300345,724533,515975,440389,475756,1182843,2368550,6228
1341068,1671616,2375831,1848872,444346,6669768,883128,919687,571167,629742,1121993,906308,3535
1388675,1345323,1295105,1071453,229533,6077194,717232,758252,554993,612535,1594083,2482395,4626
1658161,1684560,2101317,1611718,235485,4921916,269658,518506,521440,574176,1514260,2393786,6279
1713884,1708081,2068221,1596126,330411,6305249,683688,492245,434384,477181,1225242,2509270,6557
1306791,1727856,2068024,1617467,347472,6282191,728214,760480,535404,599976,780062,869795,2955
1734245,1719211,2089101,1627739,470894,6402286,948244,972451,638187,715860,2277010,3259104,5999
1663545,1630885,2057527,1579318,220272,5104433,270947,514318,525898,580328,1545093,2524476,6741
1696738,1734577,2105303,1638335,352585,6330938,727578,521813,442220,488005,1193141,2341307,6040
1689976,1937774,2524520,1910494,347140,6195772,698960,933945,606044,672308,1186304,1662064,4854
1056796,1280883,1294071,1322031,336822,6316080,715020,756745,559402,606928,1609705,1706067,3311
1985946,1885375,2519934,1623528,237134,5592184,497172,752289,557573,675237,1884581,3157700,7574
1657907,1642020,2057678,1580851,337512,6130793,696133,505940,458624,441942,1188289,1718716,6292
1376122,1693024,2069280,1611905,345772,6361449,729002,761637,550481,615434,1047796,879401,2938
1015646,1319260,1315938,1375986,352862,6420826,717941,743734,531307,587700,1543896,1703405,3370
1709000,1718402,2088571,1343948,126194,5041705,487723,746938,553843,615879,1612572,2558548,6339
1921185,1817680,2450246,1875537,463359,6928022,722484,517816,467321,512223,1524487,2359009,7211
1335505,1503774,1696707,1082483,238080,5718734,725965,758262,543580,593219,1541757,2361202,4660
1691035,1746260,2128129,1626222,232684,5493343,268792,506113,488694,595146,1574323,2549671,6557
1657925,1629520,2055240,1586850,343403,6225170,729680,524343,424368,452257,1164524,1773751,6147
1390810,1718206,2134308,1657744,357442,6317211,730814,750923,555139,612787,833884,892013,3135
1003137,1233702,1257729,1295782,341020,6210315,706079,748652,534811,590326,1578803,1768396,2993
1976213,1925004,2496869,1649175,237324,5629554,497316,757609,562689,683028,1913384,3104191,7280
1721698,1650108,2126156,1653470,346872,6317921,698857,506814,466557,465280,1172929,1685185,6542
1378467,1477659,2095683,1620796,343906,6260739,725027,768205,545416,603434,1223906,905499,3159
1884606,1556704,1743805,1685898,596437,9853735,1647312,1720161,736702,827628,2684738,4565754,6870
1974326,1965735,2501264,1611945,229928,5616527,685400,692612,542218,602697,1936984,3223045,8078
1962964,1906102,2498093,1908807,448277,6925590,729597,525203,505398,554546,1607235,2451510,7646
1422870,1504479,2125469,1647500,350005,6326552,727737,750310,537241,596777,1175751,895753,3201
1370925,1279841,1271356,1333743,225013,6248901,691073,732160,552631,605405,1597130,1731809,4680
1670168,1664411,2083341,1345508,239174,4952369,503142,523918,538177,603703,1547388,2365644,6056
1862481,1948446,2314695,1834153,340831,6726107,451823,465913,506889,622655,1350298,2500712,7575
1528853,1664612,2403695,1835631,426375,6759118,908213,963248,596881,591275,1188023,864615,4577
1378833,1319846,1288595,1366126,236855,6329443,728514,761424,555162,616920,1545138,1629326,4677
1681115,1662780,2122093,1342031,235100,4942172,487808,509721,532790,594662,1584775,2542582,6554
1677948,1729695,2112344,1650039,337616,6468636,503361,526043,456170,565537,1208419,2415355,6138
1417108,1687247,2132567,1651399,351847,6271279,727146,747525,533993,533987,825741,883902,4792
1085016,1349071,1700580,1351293,335159,6283246,698276,738171,568529,629314,1630718,1735428,3245
1898040,1661617,2043966,1419322,237693,5482566,578048,724954,586301,656265,1885080,3015549,7120
1760826,1713359,2126808,1642366,348259,6133158,484298,503173,431472,537064,1195559,2499183,6378
1330602,1628100,2085568,1627786,337884,6352109,718804,764280,525610,518290,799399,893202,4648
1035420,1389018,1731718,1390445,349582,6464361,731085,763971,569514,623542,1569467,1622914,3161
2036760,1702168,2121380,1627182,226105,6258688,688329,734590,541821,606477,1967772,3285386,7754
1936716,1863436,2440595,1865568,449692,6200156,728925,522906,480303,532218,1580004,3189138,7332
1340093,1683950,2107440,1626089,350227,6303552,723254,745088,514390,516000,779344,882208,4220
1046129,1364211,1711666,1359091,334956,6204417,700124,742714,561959,620229,1611913,1720878,3149
1638636,1456113,1679271,1340827,124967,5653425,501863,763992,548862,607385,1558987,2358655,5778
1767599,1701225,2117189,1661332,351962,5585829,492676,281050,493252,532044,1566215,2493257,6460
1679024,1857246,2478653,1885204,441436,6837628,939655,997472,533057,594052,796187,1697032,4599
1021995,1280069,1281696,1371361,350526,6421622,733083,766120,545128,600076,1544073,1612079,3169
1742294,1620985,2033826,1376370,125094,5283563,486348,731053,557005,618298,1619494,2545496,6487
1690560,1637375,2036184,1579918,336353,5544303,498650,282299,474839,522194,1541070,2420589,6107
1664564,1679729,2127453,1632428,349924,6228069,726499,746633,474040,534169,811134,1661071,4844
1039245,1517178,1676361,1596888,430921,6795807,894710,949459,614247,680272,1583166,1664828,2927
1610787,1660712,2055210,1311057,125619,4782989,498236,757137,534864,583319,1525416,2372608,5784
1732786,1743439,2140880,1658758,348540,6113912,485290,280239,430103,546346,1581840,2501970,6440
2007294,1962704,2463308,1884918,439407,6831252,714485,759889,543153,623884,1228356,1780777,6059
1080287,1447938,1684609,1648882,339525,6521766,707696,737665,552356,603200,1237833,907193,3397
1417137,1510989,1730348,1076168,232285,5638945,697086,730300,532493,603287,1598024,2588497,5295
1999507,1917611,2512749,1920782,336589,6472733,489154,523444,515101,644164,2036526,3221879,7837
1685021,1736248,2120690,1659824,349043,6462421,726116,748232,571164,564748,837131,894115,4704
957269,1264955,1656634,1592007,335911,6162649,702033,743606,520376,580313,1592833,882203,2935
1677722,1548632,1703996,1092456,125626,5750622,728537,761785,573354,637177,1580529,2346616,5721
1652666,1724442,2085855,1616966,275859,5417001,270410,400674,480794,587831,1509393,2371423,6256
2061600,1873936,2484130,1902148,445284,6999404,948485,763228,552859,540018,1237426,1725280,6442
1000805,1305262,1683759,1621939,344736,6113439,719314,751575,537243,587404,1527743,882381,3042
1754399,1577171,1732895,1062420,123907,5483294,700231,731711,564921,626699,1602258,2538417,6400
1599751,1631303,2043142,1582494,340998,5510815,271401,283617,472543,592641,1571604,2420942,5877
1718676,1746036,2147852,1675432,350145,6380412,724829,747288,494683,483888,827246,1637101,5960
1202892,1546971,2087105,1893845,427844,6951233,889560,941525,618206,686609,1609163,908348,3181
1635793,1441339,1674612,1056734,125417,5586153,725663,756395,532933,588531,1541072,2367654,5914
1726766,1773493,2152753,1678386,348986,5574598,263481,277388,487925,606445,1580280,2510995,6399
1670788,1679176,2077382,1611020,334006,6169877,712585,756377,476265,449528,795288,1723318,6243
1057041,1527547,2098594,1634521,349231,6226810,731293,766449,536860,594894,1158921,894464,3252
1353179,1291524,1289114,1062423,235683,6203028,703273,735165,521876,582563,1585206,2548931,4824
1976855,1878758,2420904,1708944,339855,5429987,320210,521753,541772,664910,1971779,3178003,7105
1928475,1942295,2522746,1954431,440334,6497931,727631,749460,556482,551490,1132605,2258938,7392
1027024,1553845,2118192,1643270,334416,6215500,699085,742455,559439,619641,1219650,881375,3050
1313925,1313720,1264040,1032830,236579,6154619,731276,763026,534711,592938,1549177,2389437,4510
1696054,1677962,2114932,1633038,236925,4708093,268133,505035,535907,598104,1560220,2495987,6324
1984418,1908072,2487206,1913350,441610,6915659,941804,759838,507676,497615,1228759,2508440,6937
1039150,1643514,2174867,1711704,352262,6479110,735867,768875,584692,637339,1205484,925586,3271
1358169,1353060,1290989,1059964,233141,6094218,699602,731027,557066,612158,1600889,2541664,4763
1678563,1679321,2091972,1633182,232837,4857255,271707,523355,556098,610893,1600400,2425829,6080
1756707,1760973,2127861,1654391,344959,6300528,716153,505379,426941,469521,1169531,2397553,6479
1365207,1724146,2097986,1893310,441046,6800350,918341,974410,614534,679931,1215931,925764,3317
1355980,1461572,1616527,1065056,236229,5714990,726792,760655,572135,628859,1576451,2356994,4425
1667618,1787039,2092462,1633809,221787,4908905,269158,505596,566560,621810,1548628,2389358,6231
1638164,1638560,2043512,1600255,335683,6119175,715751,520186,419931,464457,1192563,2471156,5947
1314509,1728596,2128604,1670327,349756,6368099,728732,761552,561663,618014,812386,863853,3045
1342286,1522460,1721755,1360423,341295,6326345,912898,954086,592248,662346,1960444,2518699,4855
1724087,1563060,1985055,1530486,228867,5154695,271558,508779,456414,559407,1516731,2387131,6060
2071246,1750300,2437380,1857839,450198,5983021,725446,515782,462661,484937,1470840,2408199,7545
1421161,1591603,1998411,1518776,316994,5901108,664173,703164,511391,572527,883082,902963,3194
1056673,1258580,1240806,1273505,345629,6001701,718865,749231,506888,568212,1503594,1630419,3054
1778549,1569074,2031336,1293102,124574,4553854,486084,717361,495335,557643,1486814,2454029,6226
2072962,1752756,2368732,1797085,435970,6406498,703500,516461,437170,486282,1516104,2459921,7326
1422453,1339061,2060747,1604715,347200,6169643,720253,752549,502545,548962,1147336,912515,3300
1422990,1215696,1247643,1301764,234070,5915970,703269,734294,507731,562832,1560965,1738314,4892
1694600,1879676,2490247,1639322,300972,5971553,734907,839746,617767,687378,1504477,2316624,6113
2160531,1880285,2511772,1918576,334118,5571484,472575,718517,517009,571383,1525674,3238699,8074
2084589,1662986,2329258,1793526,427419,6564438,918281,758268,437655,477367,1111047,2394635,5965
1044314,1449406,1660224,1604666,347234,6064191,728528,761619,499855,568499,1125608,875263,3081
1445342,1473712,1651503,1018652,230750,5308106,688820,720531,509217,569381,1519054,2483753,4817
1706112,1562737,2004345,1551930,232892,5349128,274155,510113,442782,565368,1542763,2390112,6082
1789283,1610927,2091690,1617689,348047,6058457,719779,509145,402145,435240,1148697,1826853,6277
1427680,1609774,2041324,1826224,531235,7111229,1111723,1182794,637046,704672,1571456,1713402,3293
1405964,1415522,1646974,1024330,240205,5638619,728664,759469,519377,571733,1532652,2356236,4836
1811075,1692685,2129494,1629337,234579,5392029,269664,508538,455207,580507,1557958,2494645,6578
2082954,1643993,2050079,1598015,327229,6934009,901701,740204,503718,501596,1499369,2355144,8084
1340037,1506418,2098070,1623197,347087,6147723,726128,759730,513784,569645,1135671,906916,3315
1609810,1633874,1799653,1708184,253868,6285361,695649,956849,622352,700127,2075423,2580530,5955
1900242,1837879,2431719,1600495,235244,5358622,493342,738549,531361,659914,1957838,3149663,7341
1693630,1746349,2138031,1661534,344786,6357207,723077,515977,488508,481620,1201438,1675984,6324
1364961,1550897,2119009,1632137,335767,6301532,703118,744334,540825,606939,1209880,937294,3274
1343195,1259412,1269835,1325729,232324,6257330,720838,753669,535360,587623,1526407,1605930,4403
1751539,1776778,2169632,1387627,235350,4906380,488234,509015,571357,621545,1592679,2489465,6544
1954221,1861237,2458265,1900545,436823,6938113,718290,748672,473686,521802,1248234,2473456,7464
1344290,1539577,2102666,1643691,332474,6291595,694308,723284,535413,594928,1158733,914482,3374
1337981,1309160,1282080,1339959,230084,6094756,693718,725821,547579,605810,1604098,1721748,4946
1635370,1676462,2093384,1338757,231134,4936140,498700,523743,542819,608529,1608631,2413783,6154
1673331,1824780,2138237,1666434,342245,6407489,496640,514123,444240,550912,1182983,2395070,6092
1328761,1740358,2517448,1905196,437472,6970777,917843,972464,611598,620065,1218866,892339,4594
1370109,1349271,1333077,1119002,239149,6625625,734563,766635,573346,632033,1596767,2339959,4806
1688943,1731399,2121141,1434500,236397,4967583,392097,481830,527435,583442,1502882,2392207,6553
1677389,1798428,2130435,1676339,333267,6479563,493845,522078,439224,559994,1239712,2475867,6252
1648578,1711971,2136871,1682207,346998,7199204,939197,983722,639365,637251,1165555,1571752,5746
1413823,1346863,1715618,1364289,332722,7003734,902932,942436,618820,690276,2014356,2543257,4914
1607256,1674128,2063729,1612545,231502,4912241,264800,514095,531819,589004,1573575,2412434,6031
1695232,1775453,2160878,1684265,345654,6371248,717351,511236,431770,478991,1173849,2400921,6267
1355076,1766171,2082467,1609607,319511,6316191,671746,709543,545905,537697,816181,928911,4621
1103424,1345944,1732844,1385786,349751,6570625,729848,764485,562195,614263,1597102,1648138,3392
1718352,1572293,1735797,1381141,124680,5533378,486742,730760,564593,622564,1599253,2505902,6491
1972501,1863358,2455092,1884030,437420,6271104,719390,524653,485166,536340,1605511,3283208,7576
1372324,1775067,2144921,1671362,348028,6453838,728098,759739,560001,607879,814854,905829,3194
1037401,1243336,1270349,1323708,337678,6140127,697443,727083,540339,603511,1608462,1708629,3235
1671269,1522586,1932108,1349282,122351,5428809,494861,758518,556155,608037,1594902,2395778,5830
1687864,1742589,2131447,1645076,346481,5587155,495026,280187,474420,522546,1528337,2436867,6358
1655182,1972042,2528063,1911448,436101,6825501,915483,974526,543488,602764,799969,1735078,4824
1040256,1350489,1300960,1371411,342111,6384630,721523,753893,557479,609364,1568078,1618237,3430
1720869,1690448,2153503,1379875,126628,5028255,494118,738812,529222,586301,1579696,2487779,6642
1677067,1735031,2063062,1609115,331966,6104112,491933,284709,428702,545396,1622192,2473846,6003
1629420,1680627,2085899,1648865,443339,7025480,931320,974010,567927,611407,1161264,1640517,4450
1055940,1574603,1737337,1673013,444955,6957553,913511,955098,621601,688215,1641573,1706116,3156
1645834,1689107,2091247,1345723,123897,5021449,500711,762521,552191,606184,1595893,2404163,6006
1659915,1739277,2137606,1672248,342063,6436271,485995,282015,417464,528059,1533923,2371014,6214
1687912,1783770,2118243,1635275,334142,6280283,703251,745129,562031,562766,834739,888874,4756
1015969,1354126,1710043,1646106,350809,6324869,731947,763237,549576,602502,1556102,901284,3277
1670521,1560122,1736574,1088226,133505,5718153,706779,734051,573537,636645,1621705,2516342,6178
1028989,1441339,1681266,1627977,454977,6889966,952238,979962,571189,642265,1843184,1670923,3377
1719304,1697052,2123840,1358896,121585,5002708,483017,738626,568951,629103,1635046,2547354,6563
1690220,1699185,2066289,1632937,338801,6377084,488632,283600,432785,541655,1564757,2355959,6193
1674591,1692591,2117206,1655557,346953,6251891,712107,734711,531364,530721,814690,870739,4526
1053613,1472990,1739726,1676048,334868,6393371,713749,756656,597951,656190,1663828,878224,3007
1952502,1718875,2088584,1350637,161477,5675543,728916,888402,609503,669856,1869716,2954668,7140
1749090,1751157,2141091,1656997,336741,6293881,484510,280710,431410,545124,1609504,2526779,6658
1968025,1892190,2489527,1904469,443822,6248381,724905,759945,614543,608263,1198293,1664770,6041
1061815,1384008,1771914,1703259,342265,6524884,724520,746581,572727,627916,1583850,961501,3445
1742920,1547930,1688186,1059364,124021,5628713,697035,737920,554803,623875,1623857,2548261,6366
2252088,2104340,2883039,2206697,556462,7045942,710309,744653,491810,608141,1574724,3768749,8301
1585691,1771583,2102976,1640572,330293,6219384,679617,701621,563818,559121,819010,885517,4715
1023190,1284653,1654131,1612913,327652,6232048,702045,743496,545619,594711,1582904,885942,3072
1690312,1590004,1732299,1104656,126167,5768821,727106,760320,553869,616375,1568529,2355722,6195
1711751,1754802,2154480,1655207,339025,5430733,268091,282053,492710,607779,1604272,2554410,6611
1680602,1858914,2479743,1910110,443937,7018051,960357,1009311,532082,523730,813985,1689325,6129
984937,1299305,1688423,1343741,346443,6295653,727779,748040,533074,585540,1523111,1659799,3237
1741099,1582874,1702734,1223155,122335,5511793,513157,736710,556950,614569,1625450,2544015,6332
1628570,1701307,2068010,1610986,343476,5415519,268548,280816,491235,611843,1572070,2355390,5733
1742107,1800205,2160781,1682005,345325,6246624,711861,736617,495966,468470,817826,1688816,6478
1006913,1537649,2079547,1620401,331972,6113864,710218,752184,553651,617021,1217714,909095,3095
1676665,1571335,1733999,1396343,237276,6403559,718892,990602,628933,690223,1928206,3031794,6172
1724203,1640885,2060572,1567621,335438,5225842,476751,284568,457172,501358,1544944,2503048,6404
1684313,1533917,1963176,1509666,333106,5931736,717030,749101,426217,465228,751121,1610139,4684
1057257,1431686,2021954,1571300,331053,6030993,698499,720263,496740,555506,1101700,893557,3197
1437015,1232594,1241065,1019269,228702,5972427,700038,740759,504803,569991,1563196,2529644,4837
2073793,1803346,2456215,1887747,348156,5518829,503025,509517,511558,567580,1905723,3112136,7627
1783017,1623543,2078478,1608259,341904,6016408,695902,720162,437998,485195,772715,1674875,5017
1066378,1397095,1615343,1536813,322427,5858399,688642,731095,491542,558614,1165434,904007,3134
1422497,1338611,1559206,1009181,232900,5571814,714117,748878,502451,563405,1482655,2299301,4595
1695892,1628848,2001979,1550345,215469,4620529,270210,496147,504101,572683,1509150,2396583,6299
2029955,1760387,2393313,1819554,439529,6561639,950134,754684,467628,501558,1169741,2396918,5907
1416773,1455760,2068491,1587900,343406,6125808,711119,733527,471455,542229,1106443,910998,3261
1446137,1294991,1255559,1305729,224221,6055393,694788,735277,531928,600132,1587850,1735669,4616
1734403,1557899,2039019,1317365,234532,4694979,484527,509996,509845,562492,1524247,2315829,6047
1758648,1626970,2057048,1583622,337127,6014124,486488,505740,402829,503812,1165870,2488488,6514
1596796,1608661,2320883,1763541,413932,6630020,894645,945475,549270,543259,1128552,892712,4584
1395596,1248039,1238923,1326436,236485,6158842,729302,757766,505693,577035,1520124,1618959,4469
1764803,1622925,2042788,1301824,229718,4698511,473861,496233,510909,578427,1551365,2488233,6429
2065736,1818630,2436557,1552685,330138,6082991,723002,758023,467709,596248,1577119,3112368,7749
1409808,1570108,2035748,1576734,337174,5942338,696726,717271,490582,478207,770724,887141,4897
1080624,1179326,1631527,1278858,336205,6052304,710841,753441,510658,558247,1580790,1723254,3244
2017921,1568187,2032300,1415341,234729,5331682,545236,751682,560475,624445,1881185,3039235,7359
2096575,1888675,2499382,1893760,433881,6367996,491678,511921,454717,587974,1482300,3147468,8049
1379743,1564990,1998555,1537908,332462,5881629,712248,749946,498790,492930,751706,881732,4524
1082315,1220360,1668027,1332549,350746,6198810,728206,756356,518709,570276,1506671,1633090,3091
1759662,1365437,1584840,1235291,123282,5238865,482718,716974,492313,540071,1540999,2522730,6511
2003271,1771012,2402303,1840915,347740,5939220,495925,508589,452486,581920,1876870,3080665,7176
1773288,1629527,2078907,1583509,349832,6041463,716981,741271,456352,499864,778231,1094907,5082
1064569,1383684,1630922,1550155,330534,6002946,703255,744782,509650,562106,1171633,903600,3067
1372168,1407773,1644671,1007253,236690,5337645,730287,763044,496073,546581,1492708,2357371,4579
1775671,1681205,2109348,1602940,232169,5306815,268350,506742,456366,567712,1557384,2567015,6689
2018231,1786040,2374188,1806845,433986,6608664,926970,751519,508350,512075,1126413,1620569,6209
1123559,1304933,1652106,1600112,344850,6160180,716056,737719,519510,581977,1512760,902264,3142
1426793,1426232,1296509,1140551,232939,6146550,703965,745719,556061,628455,1631725,2436427,4663
1698929,1697908,2019765,1324029,233635,4868870,465510,491958,521891,580661,1482205,2224145,5951
1801258,1654198,2077990,1614773,344481,5909160,481299,502181,417007,528659,1195397,2479012,6282
1454741,1627543,2375675,1809950,431298,6635320,920450,969134,591464,571593,1183513,885839,4531
1472410,1304937,1688953,1342638,350562,6965873,954467,985564,592339,641244,1905329,2454286,5035
1811550,1745403,2109915,1610934,233535,4767551,277508,514039,536840,591423,1622546,2563407,6336
2040563,1855788,2393273,1570341,341913,6046906,898764,724924,458118,563397,1516841,3016204,6985
1432155,1850773,2112339,1648447,334852,6067742,686884,711798,538027,548763,831426,920130,4641
1101849,1295025,1636681,1291080,331079,6007791,700948,742474,533188,593994,1573384,1713128,3128
2032084,1635498,1999013,1573888,224021,5428961,503657,765643,589450,644948,1879695,2962888,7028
1783420,1787956,2150771,1667452,349510,6096936,708139,512417,432989,471517,1216961,2506218,6344
1405408,1721830,2092305,1631217,341678,6352604,733000,773046,535817,592323,817405,891493,3172
1079711,1461834,1385406,1436555,352923,6489719,735576,762745,592659,648324,1619419,1678224,3348
1688449,1571899,1782937,1336221,122598,5325955,455047,701983,549573,614655,1574018,2451690,6514
1970592,1827069,2433804,1848503,454335,6166836,727882,521276,479631,532188,1576420,3173828,7454
1653154,1746050,2129001,1669304,344738,6290969,697300,719396,550150,544906,809405,869275,4634
1041731,1423023,1709029,1646717,336493,6234006,717816,761126,563979,622744,1610230,864216,2958
1656702,1472566,1701005,1064009,126137,5598410,731162,762327,534466,584036,1521060,2355370,6034
1714254,1770948,2136559,1653528,340414,5582962,270622,282013,497703,608056,1608753,2546608,6532
1926052,1931808,2434223,1859147,435906,6771833,926246,895927,564590,541901,982286,1560490,5786
981727,1320421,1712219,1647676,350851,6313173,727089,749596,533919,598945,1536887,891639,3158
1720996,1547662,1715835,1063221,127253,5719689,705630,746773,573681,633058,1644359,2560490,6333
1660648,1648259,2066207,1621747,449806,6346671,475565,496864,554853,664320,1886121,2998336,5681
1717995,1785928,2156497,1682913,349477,6363160,707517,730261,490815,484796,814453,1676793,6313
1050949,1507822,2084126,1623447,335725,6223292,716163,758819,551902,605304,1210731,889293,3263
1645442,1536865,1705215,1210231,237918,6314943,955957,997124,615669,675195,1901881,2958471,6180
1698281,1710269,2117983,1627572,341264,5409437,267492,277600,487635,606206,1597454,2542787,6277
1660193,1709714,2086803,1619421,341473,6205574,727088,765433,485435,464861,801338,1678814,6216
1048597,1488375,2114567,1627959,344712,6244964,714995,736835,520695,578090,1151286,910329,3228
1372386,1452611,1309565,1104691,231228,6319498,702049,743036,580997,640910,1643725,2555260,4584
1915518,1851672,2484701,1915861,350271,5662235,478040,519169,542320,642548,1940372,3112030,7103
1716957,1706564,2117268,1629890,343687,6096047,696770,720595,475919,453379,784307,1704961,6372
1035392,1545933,2075201,1628193,333777,6218166,714325,756934,563850,623845,1231967,902509,3197
1298965,1265086,1258801,1040740,235876,6101612,725572,758613,539561,588791,1533280,2371534,4674
1720606,1786683,2156487,1658456,227312,4937031,272660,509472,567913,625130,1619397,2533841,6649
1894272,1945215,2472675,1885692,450085,6889919,957699,761576,506508,553367,1215540,2439640,5885
975898,1451859,1724212,1639040,351581,6397263,727784,749927,522602,591624,1170491,874521,3022
1346344,1319357,1364820,1067074,233583,6339447,679518,720066,554829,614592,1569789,2424921,4661
1613841,1681629,2075440,1612050,237305,4784318,271042,522338,531621,588243,1539322,2365221,5950
1710706,1759471,2135382,1657265,454884,6903622,913643,715812,472486,534286,1550419,3242608,6311
1333011,1633497,2033065,1859067,435499,6720005,927198,986978,589408,652340,1182898,873922,3127
1358999,1513770,1675868,1056606,236758,5652210,729798,762606,543941,594613,1527811,2338263,4614
1703073,1723850,2124556,1648418,232538,5503706,273307,510091,482737,600181,1600338,2546634,6597
1606593,1736885,2063115,1616809,327560,6322965,699446,491731,444105,483937,1195642,2038523,5862
1362466,1748952,2149519,1652127,349278,6397784,728458,753361,545590,593838,794981,911682,3326
1065864,1311477,1296061,1358268,336923,6226740,702081,740068,549668,607986,1617406,1733225,3233
1898953,1856274,2449034,1613730,238330,5552233,496839,745794,534155,657694,1916282,3099303,7165
1722401,1773118,2138286,1648185,347848,6199920,703504,502937,503588,486710,1183597,1715176,6508
1302851,1555469,2078951,1622123,333767,6192388,712259,754667,559895,615534,1209983,890837,3161
1109542,1254359,1235258,1311133,269738,6259115,694324,728100,531917,585910,1487830,1539718,3234
1740461,1704350,2121623,1334528,123025,4885275,485865,732765,549522,599565,1585838,2557177,6525
1919040,1855154,2434849,1860908,449337,6792203,727317,522295,468535,523971,1557730,2409869,7008
1350294,1506232,2123449,1651520,351227,6277390,727711,750109,526972,592420,1160352,873553,3006
1632567,1474820,1647186,1551368,334372,6595997,913532,969116,525244,577166,1571146,2543764,6012
1650583,1822086,2161757,1410152,239691,5094780,507316,531441,579498,640322,1589759,2373002,6071
1703898,1692691,2101118,1624877,348914,6141866,487571,476534,409794,527123,1295961,2494992,6402
1655717,1669986,2416940,2111100,538022,7342108,1145426,1217287,659286,648155,1565017,875076,4456
1291638,1311175,1269240,1350867,238138,6255920,728957,762154,538110,592928,1499926,1616946,4499
1746491,1735757,2112747,1326218,232966,4792905,487462,509519,531952,588361,1584820,2557045,6662
1611105,1686407,2044988,1589119,337054,6175139,501760,522809,401568,522179,1173067,2392336,5963
1326718,1701922,2110398,1632325,349827,6188009,721147,743319,535507,527758,788313,897055,4790
1048540,1323420,1708124,1431849,336641,6252764,698099,737891,552464,614721,1617067,1679870,3498
1605738,1433222,1676883,1340163,238104,6163707,698656,967378,577178,635171,1848552,2952441,5869
1709921,1693267,2131343,1642796,344251,5465966,483390,281702,488819,531779,1557202,2529401,6378
1623021,1695331,2075456,1606320,335807,6192680,722406,761197,475760,522410,788734,1677778,4769
976076,1516478,1679336,1624262,344270,6209552,719351,743666,526454,580535,1156590,888755,3076
1392548,1564113,1720568,1088769,231076,5606293,701575,736145,550942,610409,1625342,2573709,5046
1968423,2009310,2499439,1918131,346962,6119638,502584,525713,539345,640163,2010928,3159740,7282
1635831,1808293,2113705,1657550,336951,6280106,688115,709617,504196,555763,835576,1430657,4576
1082207,1689878,1745516,1672844,338378,6322147,713312,755917,595126,661459,1268586,892140,2951
1360310,1587591,1718392,1081791,239582,5686283,732403,765329,553054,595351,1541395,2324313,4548
1755085,1904907,2196446,1719627,237986,5626444,274077,504191,532130,654422,1642939,2512041,6673
1982612,1922293,2859524,2170192,546099,7630429,1166684,989039,611225,602015,1600157,1674488,6058
1064242,1480881,1782713,1707174,350073,6401473,727398,755330,583000,633141,1581364,919462,3272
1511646,1640129,1752452,1114502,171394,5712107,674503,708218,582750,647108,1640508,2505263,5157
1685465,1755097,2083806,1634853,234666,5744094,274070,525338,506870,627968,1614653,2411787,5987
1673210,1695843,2085530,1628983,349238,6158089,714210,508444,477231,459802,1167971,1661195,6173
1339232,1521348,2103676,1895392,442102,6800422,930072,987029,611639,676395,1585393,899751,3061
1654120,1464876,1702629,1060118,125114,5751908,728151,764902,560484,603616,1559419,2336457,6246
1772973,1863283,2181867,1711060,346111,5638255,268545,281162,523574,637372,1626426,2547900,6734
1629911,1679628,2061033,1588566,338285,6142103,721786,695554,474360,455303,955541,1693930,6047
1375415,1500973,2138508,1656985,349538,6335660,726490,754211,533112,591799,1166688,905656,3257
1346621,1346105,1267748,1319363,229577,6143452,697438,731415,537842,593726,1599778,1733408,4736
1925408,1892895,2474845,1629408,343798,5614013,498775,523182,548818,674665,1954508,3137049,6886
1737357,1770452,2158216,1674201,348949,6278438,715621,738411,493093,497294,825520,1676226,6260
995305,1536477,2074405,1610826,334943,6365316,709672,751827,565644,622174,1204713,898695,3089
1323449,1353015,1303727,1209184,237360,6301661,724044,758574,542217,592521,1538570,2202404,4728
1753068,1750991,2174284,1402478,236892,4915906,493383,516492,546806,611960,1607865,2566779,6902
2011342,1883612,2464885,1884315,445045,6919153,725561,766059,485520,534434,1200255,2467241,7575
975972,1509400,2130903,1674555,346543,6466375,721870,747354,558726,606485,1150358,865674,2917
1353887,1279593,1278781,1063423,230781,6167475,699665,733543,536820,604481,1589120,2527691,4717
1682185,1669990,2072772,1624439,235137,4935869,272491,524376,567421,618813,1582730,2367890,5911
1682807,1712107,2103623,1636072,348873,6158082,692787,507036,420773,498103,1155654,2453576,6264
1332546,1768834,2493932,1888829,432435,6874574,910739,963237,628409,630493,1225913,900475,4445
1379040,1326761,1315105,1081682,237919,6241991,724810,761268,563930,623324,1587631,2378547,4863
1742346,1752085,2140995,1660043,230299,4880022,269540,507853,555848,607690,1573195,2494159,6462
1679168,1707149,2083406,1615004,338131,6188320,721285,519894,433446,477608,1227310,2472373,6086
1362055,1659250,2117200,1639598,349903,6324488,727497,751563,532104,586587,792021,890536,3156
1075273,1372097,1338497,1362119,336901,6343780,696599,732405,572162,628876,1641663,1721099,3236
1950354,1659310,2102670,1604249,234452,5432749,468420,728757,579505,645731,1885865,3063021,7143
1751698,1725868,2121046,1646274,347659,6054239,712976,508470,422616,472694,1188682,2467657,6346
1331593,1658621,2020896,1555447,330424,6000648,699177,741999,533712,591337,796208,905053,3083
1045003,1409205,1327617,1390668,349962,6491695,730766,763553,582031,624488,1577853,1620222,3297
2000863,1827943,2465153,1588642,123871,4798348,484803,954651,580371,657212,1950470,3287734,7259
1993209,1952564,2501717,1919645,434307,7033993,701472,500032,450791,563123,1628387,2869407,8023
1326300,1743653,2139376,1664241,345562,6319437,720484,747941,552426,600411,812223,878286,3099
1282417,1549488,1649897,1606782,422175,6885181,870128,911612,610984,674555,1599606,1716046,3379
1634671,1731556,2068917,1342192,124488,4858993,500941,762817,566781,624523,1593163,2385512,5829
1706745,1698309,2119118,1621082,350230,6104754,494121,282332,413471,511075,1514375,2433942,6209
1668798,1772130,2491549,1883607,441850,6786282,930533,985670,627167,623315,1218464,917542,4718
1137330,1255008,1270908,1342863,268438,6289230,725538,757539,542506,594739,1538890,1600087,3345
1777934,1728537,2162214,1383003,124805,4837115,482336,732318,546167,598698,1576105,2560145,6664
1660184,1648255,2069633,1601820,338413,6171893,495960,283574,415855,528501,1588000,2460424,6130
1680136,1748621,2166175,1691335,350044,6513992,726584,751810,565039,557327,836292,898963,4708
1367506,1318764,1687661,1612287,337217,6735856,911341,954759,602003,668346,2007106,1714451,4633
1649341,1718704,2080859,1338170,234326,4789492,496613,522625,558779,612592,1570736,2405545,5864
1737440,1740922,2141270,1659882,346675,6197768,491334,482196,433765,549779,1314593,2481758,6507
1754882,1599058,2032506,1559983,335394,5970988,712422,755285,536456,516937,799756,904225,4699
1051258,1256255,1633621,1569537,348526,6034566,728523,761435,515575,580231,1507716,869983,3050
1785831,1485861,1663434,1016765,123989,5229965,701600,732288,512203,572079,1531524,2526435,6482
2024093,1736812,2354369,1797155,433123,6073988,502678,527169,431282,554253,1507234,3169028,7448
1432972,1606434,2071023,1618460,341579,6163220,710354,737819,512873,505245,782039,892340,4714
1388618,1421108,2032994,1691179,432499,6527429,891344,935077,579214,642063,1575585,1492720,3206
1650229,1356624,1570263,1013903,125539,5364346,691172,731581,501978,558380,1504230,2279599,5548
1761157,1606589,2033300,1547078,344687,5158886,268482,280328,441319,546625,1460104,2388347,6062
2054604,1692957,2323491,1778129,426826,6456110,911756,726713,441176,480849,1167062,2442059,6004
1072985,1408128,1635153,1562998,334782,5988544,696605,726479,501575,552070,1113034,902957,3271
1451446,1426717,1658127,1013102,232600,5283096,698324,729598,490660,550930,1563193,2569112,5018
1714615,1582368,2011827,1524356,228621,5166497,276123,517797,459449,576624,1522355,2373112,6175
1705626,1652598,2001356,1535703,329214,6024756,681018,481234,380778,425145,1104975,2139918,6030
1436478,1593421,1991234,1810667,429368,6601455,887596,938958,560034,634632,1190799,907503,3035
1410141,1396309,1651297,1028043,236183,5340951,726278,760970,522626,558403,1515976,2352566,4545
1798486,1601294,2058476,1590320,232016,5266228,268001,496248,446986,547759,1498394,2459637,6573
1729217,1592587,1997012,1534179,329671,5911383,706455,520740,433764,436563,1146534,1671027,6262
1380841,1468255,2041531,1583456,342703,5959898,715817,749471,502908,560711,1106106,892493,3202
1505055,1389721,1579526,1279647,280274,5874318,874590,914031,542981,621599,1884916,2392524,4776
1681321,1620845,1994971,1545168,332629,5160754,485797,283906,448177,508612,1538420,2420086,5869
1751100,1580222,2049802,1574243,352716,6060432,735292,763500,434276,482714,754764,1624677,4627
1069158,1362129,1625765,1543152,334700,5848990,692799,727550,479453,544817,1163396,900002,3168
1671970,1586286,1954753,1276536,326579,6031450,911275,952718,583570,571042,1519005,2340233,5364
1740988,1575816,2052095,1590665,232360,5312928,269166,510863,448033,554547,1507585,2411834,6209
2090232,1777055,2431634,1819250,440661,6598641,923119,747680,450225,511634,1179650,1914237,6026
1091430,1433736,1643026,1578182,349379,6008618,728092,761962,512715,561366,1116140,884185,3132
1422914,1406392,1622676,1022264,229666,5414388,683336,708920,494943,558088,1487248,2450496,4814
1760195,1558072,2031008,1571636,230943,5228451,267117,524052,452494,557026,1577637,2512181,6327
1734390,1580127,2072373,1602529,346466,6159819,718434,507780,440642,421099,1148227,1634078,6215
1412226,1394090,2062688,1844319,441552,6595262,902425,943436,575099,635554,1546439,891813,3319
1596669,1456066,1646264,1014218,138840,5452232,718362,747427,511646,572291,1537552,2380069,5211
1760030,1633466,2047829,1585731,231232,5357818,263715,497393,442489,566273,1478791,2383151,6191
1758963,1589622,2013807,1530397,334019,5895095,701701,510746,446611,429681,1165470,1737022,6297
1396455,1371580,2025350,1574008,348282,6158814,729463,765066,513734,554515,1151792,897844,3133
1751112,1469891,1658995,1288220,225731,5934916,895566,927284,573496,635504,1880654,2468820,6250
1685875,1564547,1976406,1513913,331912,5295799,271549,283595,437574,549929,1522970,2422043,5879
1705516,1577558,1988442,1545788,451731,6505822,936339,953595,496122,498224,1187144,2292188,5673
1440721,1559757,2019007,1554910,319871,6102169,667349,703732,516622,507700,806481,911861,4805
1408751,1476468,2009282,1561501,442830,6830843,927079,968592,513782,575853,1525555,2284781,4579
1754708,1477614,1665387,1299188,124525,5401730,490345,733983,509038,569609,1523866,2446784,5841
2015035,1726250,2343539,1772245,428438,5976190,706120,521752,425187,480737,1484643,3184660,7146
1374178,1577589,2024067,1575708,345075,6021645,718996,749577,505058,562928,768647,882462,3194
1087709,1222558,1258921,1298742,338047,5935484,689249,720362,519045,576199,1533116,1678796,3246
1653200,1385866,1683763,1283005,124242,5217052,456662,714137,505238,556953,1495076,2323446,6021
1768828,1579600,2098261,1593571,348862,5413240,500983,285894,439632,488438,1505794,2455717,6480
1779793,1793096,2430734,1820435,432310,6694540,895166,949698,499135,558880,793809,1741585,5034
1062168,1260904,1227377,1270703,342627,6006124,716679,746447,509091,572253,1503118,1634935,3230
1784359,1603714,2026565,1293928,123943,4664449,477602,722954,497017,557009,1483147,2433807,6192
1729376,1541954,1981242,1539117,325185,5912519,480812,282076,400819,507784,1533375,2437465,6147
1704641,1591843,2006594,1566639,330701,6082474,685883,714799,449660,481056,759607,1181405,4739
1094399,1422593,1649835,1545402,446448,6604494,899868,940946,547065,611885,1539222,1723489,3293
1693235,1564422,1976618,1244624,123296,4632819,496442,747128,499637,572179,1532169,2408672,5836
1751954,1554755,2015843,1533597,342400,5953763,488250,281053,369645,477314,1448196,2385574,6203
1777257,1562523,2033484,1551833,332307,6048211,693714,731510,493689,494968,781714,932324,4936
1069008,1219247,1614777,1539722,337390,6031244,711241,742899,508408,553429,1483400,877959,3032
2253300,1813129,2444127,1582617,254284,6086493,911812,955072,558585,615793,2237308,3935305,7706
1718560,1597944,2007356,1536482,331229,6003901,482129,284358,377854,496222,1518492,2471681,6083
1708151,1661038,2047736,1586065,344806,6169416,717471,749377,505845,496101,747294,888379,4629
1070834,1199098,1618974,1566676,338295,5771518,687858,719323,485498,553942,1526841,897102,3354
1720399,1377402,1594758,1007856,124090,5292610,716151,749172,510247,548458,1537914,2412191,5941
1737634,1639193,2063583,1594045,345179,5442235,274790,285295,449669,565015,1514843,2402989,6139
2046664,1756957,2428782,1797008,438070,6474971,903856,927768,484071,481869,845181,1706339,6043
1090151,1250778,1657572,1553381,338067,6075862,709646,739594,507912,560541,1475964,892606,3202
1797185,1540900,1684900,1051521,125361,5403539,711435,736144,528338,590954,1550464,2489719,6439
1728434,1566261,2008657,1551719,329803,5289721,268813,279676,450506,564407,1556148,2495655,6191
1728477,1582506,2020236,1582156,342320,6020074,714856,748860,457993,434880,789345,1593016,6027
1429664,1682390,2116485,1828880,441087,6460411,905713,946787,570678,642736,1173238,893391,3293
1343723,1188854,1246711,987516,228638,5781001,677023,706794,477373,539271,1455059,2235405,4251
1772990,1583677,2072720,1609501,238443,4759192,271508,514420,507332,557405,1495520,2412991,6007
1751992,1564334,2014805,1541979,332286,6011435,696135,505467,392293,420998,1168910,2502573,6315
1396027,1594334,2046557,1581504,344286,6250289,715502,741965,510899,568637,772075,909008,3443
1429512,1433095,1630850,1282499,343016,5841502,905260,937698,532737,599111,1838638,2448306,4882
2005256,1776309,2337537,1758858,322655,5732987,269913,510455,420611,616176,1880103,3127650,7070
1677547,1586707,1978672,1539012,329505,5980138,687333,479912,384628,427220,1111183,2022707,5801
1427533,1558796,2017604,1529595,329900,5855234,680518,709121,510350,559973,776872,876410,3137
1062637,1183524,1229093,1282315,339973,6021159,720070,749909,507616,561372,1537298,1640530,3088
2098387,1807265,2453280,1568490,237050,5301241,481714,721902,499366,608140,1823482,3152555,7737
1744970,1664318,2075222,1580181,337374,6127769,708321,518717,457596,446184,1183412,1737070,6320
1365052,1355840,2011774,1564096,342989,5939795,717160,752230,491636,555601,1104895,887909,3207
1201959,1231779,1220493,1296023,278040,5991447,676253,701540,511744,568526,1500465,1604856,3447
1715357,1523146,2005302,1295496,124253,4724007,494856,762161,506688,563635,1580851,2463697,5903
1752477,1669957,2036801,1553186,339485,5258622,270807,277431,437477,546395,1435674,2338986,6127
1757810,1808222,2448563,1842867,442530,6544965,914212,966363,493479,489799,764068,1717373,6356
1100835,1225567,1645675,1307893,342449,6088770,715288,747406,532565,574896,1537769,1616258,3127
1787697,1400937,1650363,1294681,123586,5205828,489802,736232,495633,550232,1530022,2501323,6459
2043248,1785194,2371434,1774073,434336,5840113,651647,502627,423003,544632,1541159,3289605,7573
1754248,1592686,2010927,1544047,340864,6016459,709297,739989,432361,424541,758444,1611609,6088
1077678,1442902,2072220,1587568,449584,6674497,906811,947715,555680,636187,1533671,1714340,3371
1748058,1497514,1675035,1324883,125167,5396990,502054,755985,535383,603744,1571876,2436686,6397
1760851,1646976,2075942,1593384,350075,5289844,497863,275658,448824,489388,1484409,2397213,6194
1764923,1605331,2053961,1569080,335641,5939091,697065,735605,463607,505676,785431,1738973,4987
1106209,1403094,1750516,1561198,341001,5984837,715005,749594,507258,557551,1152786,898746,3172
1766571,1412872,1646106,1276446,236081,5951926,704585,943377,555142,624901,1866939,3212338,6407
1701294,1620446,2001716,1549870,329678,5340096,479682,280797,462536,522754,1560452,2495764,6141
1740136,1584821,2043276,1592727,344882,6202798,724810,757610,446308,493639,774780,1615477,4782
1067106,1392249,1624770,1569599,334065,5844427,679789,713350,501697,560033,1160266,884141,3171
1393799,1402940,1611971,998408,226007,5253333,717590,750830,510159,550650,1538301,2423566,4572
1751369,1610629,2057929,1570803,237185,5167530,269929,514241,446290,545809,1490424,2402263,6050
2049508,1778834,2305639,1726618,414084,6226505,854985,675092,444737,496396,1124136,2264944,5986
1087705,1377770,1607624,1539011,341547,6023607,719267,751838,494052,560206,1123412,880161,3118
1429622,1377271,1627166,1029477,233373,5347986,696624,717778,489842,542451,1472464,2384616,4584
1737051,1527486,1940673,1500598,225695,5259538,271358,487284,441844,540007,1482745,2372223,6100
1718449,1576363,2011528,1564002,340012,6074849,708516,499143,447452,432692,1119552,1589429,5930
1454118,1454762,2040858,1845719,450473,6522130,904873,944620,539948,606191,1506316,929612,3428
1453850,1365654,1587002,995000,183685,5318113,687538,721717,491676,557096,1504441,2346271,4802
2064291,1753280,2397811,1610936,230770,5374388,393424,696216,501739,609233,1764362,2945209,7483
1758226,1597267,2019641,1543273,332424,6077091,691835,500396,458299,430223,1189870,1729457,6413
1367084,1361307,1998178,1564202,340155,6163907,717039,749312,500196,564195,1161871,868430,3000
1760712,1432208,1661340,1309338,238263,5981867,920006,947268,536504,599629,1830713,2363005,5896
1709936,1589160,1986950,1526205,330292,5197964,270513,282878,431245,547623,1525152,2475536,6077
1651220,1679124,2077130,1631700,335495,6306721,604743,522172,428307,523399,1130393,2282903,6159
1387643,1803309,2178567,1674147,342488,6353431,703861,735535,552458,548860,819172,929520,5186
1025892,1306962,1672191,1310230,341696,6019933,730150,761089,557069,607625,1592873,1667795,3093
2073061,1812139,2129911,1648836,237269,5680588,493724,742922,629092,694348,1932542,3238461,7716
1675520,1699268,2086063,1616838,336126,6300019,701970,512354,431181,470076,1219145,2553811,6280
1325036,1750524,2078383,1625095,348819,6263327,726933,761497,549041,597435,795482,875753,3125
1010909,1356987,1497002,1371765,347053,6310811,705581,730752,551499,610900,1582185,1705694,3276
1650540,1557084,1680044,1358408,123105,5603658,492181,759381,573635,632486,1635721,2489138,6128
1646789,1738016,2119081,1647649,349951,5655391,500536,285654,481018,523761,1524979,2357081,5969
1703442,1976207,2546957,1905709,448155,6772445,914439,955754,563225,616844,813905,1691254,4691
1027874,1293929,1290741,1350770,346449,6430188,739858,770911,534002,591053,1598896,1676095,3114
1717008,1717257,2135255,1358947,124170,4994351,499554,748128,540436,597791,1528807,2446914,6290
1997858,1723328,2029938,1559394,321047,6316111,687037,497409,563387,618883,1930741,3183364,7429
1652687,1715323,2086861,1644542,349387,6288955,728003,759552,493852,534096,814769,1598795,4616
1028679,1479291,1680000,1619172,460120,6762842,922494,953695,589427,644984,1556323,1691935,3194
1683673,1681285,2039797,1315685,123914,4780300,495041,751980,538369,597421,1584398,2441010,6018
1673043,1711456,2114994,1648909,349557,6360864,499645,282849,437329,540651,1532630,2372909,5990
1741181,1735427,2153697,1662614,344098,6490393,708445,738282,536930,532637,821076,921152,4908
1042985,1414764,1696570,1611512,341660,6348040,729488,762296,557419,607429,1534684,886214,3058
1719895,1779360,2139577,1363789,212825,5631506,693321,945251,603873,670334,1875031,3116213,6287
1673049,1714328,2101304,1613714,335224,6358659,483981,279957,422560,534114,1602414,2550771,6109
1667830,1720673,2106932,1658693,345210,6477597,716829,749162,560506,536474,808204,876833,4682
1011116,1333473,1716133,1648721,346569,6147564,704750,733089,541624,605119,1566141,901565,3190
1679296,1464408,1651226,1063862,123055,5638170,718746,762131,541626,603414,1613697,2493185,6117
1950056,1938727,2478660,1908718,445456,6244485,468496,353798,498615,600631,1775686,3011532,7498
2001661,1914957,2524249,1902793,342030,6118975,702649,957436,584718,589234,1183934,1700958,6248
1026106,1333123,1668996,1601854,341958,6191749,727973,760806,551367,594646,1572247,860484,3056
1741056,1586068,1723604,1083123,128074,5736874,720429,741350,539099,600242,1538135,2434122,6587
1769495,1800626,2141897,1627307,428450,6238501,465376,490794,583472,710409,2031532,3337247,6879
1671941,1721046,2097741,1638458,348884,6317679,728633,761519,502900,479067,826430,1623501,5944
1011048,1537481,2089860,1810406,445553,6730442,895057,924960,598304,652706,1505908,1194174,3000
1336352,1363205,1312700,1084626,232672,6294491,730227,764114,565495,622413,1600861,2422651,4412
1696521,1680414,2084023,1614124,237161,4852117,271708,516437,525145,578123,1502125,2387920,6152
1731830,1721151,2112539,1625165,337794,6330541,700351,506838,425551,461602,1213826,2566261,6380
1346909,1723526,2103319,1657973,350242,6474883,736093,767085,551485,606447,808489,905752,3185
1365793,1565224,1716799,1362157,348851,6294725,936506,962365,606667,679729,1948585,2493667,4758
1635210,1652330,2047882,1583810,230304,4991941,268343,516136,548629,603289,1609654,2530512,6010
1653965,1793185,2146455,1688453,349608,6392672,726375,522921,445998,485440,1197199,2330727,5909
1375876,1732866,2120762,1646051,337108,6231330,686850,720463,558362,615417,808475,882463,3137
1014268,1390243,1318383,1364389,339683,6380686,730066,764063,558600,619188,1616847,1671716,3203
2026132,1871324,2505876,1610299,237230,5466606,500331,753190,527443,638805,1863378,3164824,7712
1710122,1708733,2085072,1614522,336075,6193540,698535,506884,477012,458643,1198794,1699501,6401
1329588,1569755,2040547,1589729,346454,6226898,728040,762864,522620,580478,1080830,868068,2999
1007289,1346724,1282779,1353169,351745,6296281,719843,741804,546303,602027,1544877,1663399,3205
1661153,1684977,2073711,1351194,126008,5018562,494103,755511,559723,617343,1613805,2517109,6252
1643351,1748764,2109087,1943368,452709,7171376,712641,506311,498692,609162,1907870,2314496,5681
1681060,1692951,2508066,1909488,450005,6822747,904737,947736,585567,584993,1161726,880314,4571
1315494,1422242,1317646,1374601,232804,6295432,729623,762594,571540,632604,1627990,1667770,4675
1659833,1696793,2132126,1352217,227593,4880031,498033,533361,536496,593468,1538105,2404223,6346
1669564,1699400,2062564,1585728,321592,6080470,455819,299588,434096,537215,1521559,2439047,6594
1649555,1731315,2094761,1646006,348808,6451476,733573,766519,572819,559976,813507,893657,4308
1362442,1346132,1721727,1666818,351532,7007474,942529,969881,594399,663474,1954627,1682451,4650
1684534,1675749,2047057,1315487,230122,4833490,478216,503904,548938,601490,1590490,2489095,6111
1701206,1799553,2145288,1685810,349579,6384926,499767,524192,446726,553685,1187318,2368575,6157
1378672,1787069,2142018,1661436,343734,6194211,694758,728271,548457,548287,814981,900890,4803
1015261,1300389,1686501,1527374,331314,6081474,709174,741232,539885,602816,1568886,1141481,3076
2031702,1816381,2139355,1367019,236628,5572522,730133,753319,622304,680248,1905642,3157954,7600
1665267,1707778,2068289,1607070,335404,6085017,485422,509258,427912,542924,1213704,2527692,6257
1336971,1707833,2026228,1580752,342490,6141099,719345,751428,540279,529924,769266,862293,4292
1063512,1224716,1616699,1292980,339953,5803551,694139,715763,503060,556204,1474061,1604666,3022
1732354,1339111,1620549,1290635,128238,5430349,499289,759961,497525,543496,1567642,2508232,6291
2012598,1757657,2398480,1849438,437220,6105456,609246,512664,436181,555826,1464025,2931546,7659
1749405,1883127,2465696,1832831,439278,6460139,900625,941262,528200,581719,764468,1689746,4545
1032751,1334429,1555829,1498855,331800,5824090,704246,735867,476523,529260,1116358,872080,3013
1380605,1375793,1602669,996590,235973,5261110,709768,729932,495156,546423,1486672,2386100,4656
1726695,1612411,2010461,1523783,229469,5369686,268039,512672,444302,564707,1559437,2541657,6044
1680881,1600573,1974298,1536123,338579,5865635,706263,509640,433791,421498,1101000,1560640,5926
1402179,1616918,2077885,1869816,457549,6638920,919745,951532,548868,615098,1385035,879125,3246
1366130,1336886,1581817,1001128,231335,5217897,711730,749810,499964,557566,1553465,2445843,4471
1724161,1562525,1995158,1532811,236676,5217039,271922,501121,439931,535833,1430969,2303582,6008
1766493,1580172,2018177,1529569,327237,5956766,674950,491118,431966,423982,1151880,1691278,6312
1369119,1465697,2000494,1545795,332529,6010693,704741,738463,513799,583873,1148337,880961,3068
1748778,1424320,1621811,1282285,236153,5955633,934504,961473,550009,611196,1821411,2388388,5911
1778708,1548941,1970435,1513946,313843,5300295,268563,303893,434364,555901,1531913,2484235,6191
1705787,1583262,2013720,1568036,338797,6031336,707132,517453,466918,433408,1134787,1604616,6173
1405732,1435134,2375980,1783601,453538,6252638,913035,946391,507495,573028,1475826,904217,3163
1378266,1237428,1226196,1273647,230078,5963248,720920,764128,503297,566358,1548826,1670446,4410
2108779,1490437,2067277,1592552,236334,5504538,496167,745922,555389,608843,1836447,3113101,7848
2127325,1817961,2463352,1863633,430127,6708673,891980,715955,471937,518048,1214392,2517496,6152
1371504,1598625,1990498,1543567,341897,6042383,717334,749790,510423,537171,750238,870839,3403
1062695,1249422,1564640,1272088,334989,5898962,680856,702554,489107,552705,1461795,1669835,3138
1747370,1412851,1607474,1266550,124802,5232877,481625,735077,514553,569286,1508239,2454757,6240
1993774,1780764,2389129,1838012,447440,5947071,710171,500698,443976,491325,1493222,2980002,7201
1722355,1512958,1954211,1512323,325250,5325491,270632,283372,427950,538338,1498590,2360508,6188
1764746,1590523,2100137,1631255,354007,6252808,731168,748765,460483,438082,808855,1684845,6409
1124683,1404729,2031597,1555071,331428,6107528,692793,732097,522670,567685,1177119,907784,3222
1363863,1205354,1214130,1196777,219612,5929635,693874,727017,499797,561978,1472061,1836419,4479
1756238,1634241,2062832,1288398,230541,4686515,488833,505871,503252,565050,1488992,2433381,6460
2040968,1775612,2357293,1810592,430857,6600397,701963,743152,444744,497880,1142367,2455825,7411
1045250,1387439,2019521,1571917,344725,5961696,718479,748685,502145,547759,1122318,875995,3041
1434446,1200276,1231577,998093,232356,5829113,687330,719011,494571,537784,1513225,2498453,4938
1668079,1637172,2017350,1550031,226874,4586607,266820,515755,517644,580238,1549943,2415132,6144
1713084,1647743,2010247,1546711,328105,5931387,618397,510888,389751,476864,1051432,2301716,6440
1425567,1596892,2439184,1825783,429847,6504329,894667,948444,565313,576140,1204277,920830,4829
1424486,1217919,1236350,1014869,236075,6125061,718941,755549,516566,560563,1511085,2368063,4487
1839578,1592227,2103141,1631940,237257,4724422,268119,509243,515889,564661,1535631,2481914,6625
1744740,1605046,2032578,1559865,336839,6052377,713947,517527,394153,439085,1167873,2511021,6048
1384883,1645829,2048288,1579312,344270,6010059,712495,747345,492170,548801,750171,892430,3154
1421515,1188666,1380614,1285280,336068,6415668,890817,931305,536687,615825,1891555,2489349,4885
1738178,1595764,2027450,1558075,229714,4559818,267227,521921,525976,575957,1563719,2453305,6131
1782158,1584101,2068551,1590478,344273,6137242,721019,508998,380380,422913,1151270,2418688,6405
1410265,1589305,2056991,1585232,334617,6141089,702638,745059,517638,577439,802231,889409,3120
1065746,1260788,1233822,1266185,342234,6035887,716522,748824,506219,559750,1501429,1621040,2968
1804371,1663181,2056743,1317640,124857,4679830,478496,713208,507560,570417,1498953,2416618,6417
2071584,1818570,2387958,1816893,425784,6225625,682555,497525,452793,520280,1551603,3163305,7367
1402852,1591164,2071165,1607520,350511,6119820,729752,760646,507577,556175,769497,890570,3203
1058438,1196037,1238196,1267897,337654,5845989,690161,721215,509949,561094,1542017,1728092,3299
1670977,1613965,1974748,1259032,124150,4611200,486756,724227,517400,568808,1507916,2339852,5890
1751659,1659699,2066613,1588422,344334,6033705,485942,278330,391495,510511,1490750,2390289,6198
1724586,1727901,2385799,1784110,425685,6405478,882976,935649,564361,571790,1077772,890703,4525
1140915,1198696,1247796,1291399,307118,5998285,687651,725257,511382,574622,1488946,1560389,3207
2094432,1808017,2441281,1344722,125734,4610032,643971,904285,570642,627472,1837430,3085032,7700
1761201,1565356,2039457,1586026,336638,6090462,488481,277332,400367,499408,1595963,2529133,6334
1737620,1594105,2028307,1578142,337106,6042293,706860,741845,504813,496072,786175,907003,4752
1378844,1308671,1650884,1539492,340611,6419239,904147,945585,555966,630833,1906390,1687032,4662
1682652,1535975,1962152,1241909,226109,4593825,501601,528205,496834,557095,1530777,2397627,5908
1707408,1616101,2035203,1583896,334933,6065856,470034,363127,404071,495411,1354930,2303387,6026
1796901,1568835,2054676,1571204,336762,6185099,707275,748607,520842,500986,800150,911648,4909
1094366,1214092,1648699,1577567,342860,6081108,719932,750297,509037,569980,1518925,895584,3163
2134913,1698480,2079169,1297350,231569,5228294,696036,721766,564182,635959,1874646,3229975,8116
1723261,1595848,2035037,1565475,334519,5918468,490511,517742,395352,508914,1187625,2531882,6350
1390503,1599370,2008168,1572252,343082,6014370,716805,751663,504479,499854,775948,910645,4595
1013104,1321500,1708894,1506264,327691,6077146,672415,702845,525279,576886,1532292,1307706,3187
1693740,1523683,1702477,1088710,123605,5599723,726108,758570,568255,624997,1606148,2428822,6016
1659971,1781171,2132259,1653981,350461,5548469,273204,283377,477772,590948,1525085,2414115,6281
2050952,2158658,2958498,1940231,441561,7092470,1128075,1196360,629028,627087,1224437,2524783,7692
1043336,1308508,1685775,1355981,347847,6190004,727981,762219,536361,592246,1536848,1610494,3070
1756228,1499349,1703332,1343942,125018,5570146,491211,737610,526623,587832,1554600,2502768,6527
1979572,1924859,2471262,1628492,322472,5649595,552926,502943,574399,692972,1979409,3166414,7712
1690303,1738587,2113603,1668243,350170,6395392,728193,760851,508953,488050,828463,1610936,5832
1042640,1558225,2143695,1647123,452355,6891524,914471,953629,593464,665430,1585622,1729785,3243
1671959,1474424,1677633,1319175,124482,5602256,495694,760117,545306,594383,1588543,2452867,6194
1693712,1768655,2138541,1653853,342848,5566514,500029,281071,488923,535015,1532152,2387527,6290
1692034,1717499,2109369,1623338,333850,6277200,698136,738333,498780,549399,825361,1744157,4929
1070843,1527885,1794276,1618103,347333,6332751,734316,769570,548620,613016,1211050,920301,3265
1707440,1472600,1688810,1306609,236706,5924232,700152,948786,573495,629514,1880956,3246924,6287
1685778,1686401,2086182,1630685,334568,5457314,487476,279686,497067,543101,1621772,2504117,6180
1669421,1732236,2121107,1658516,348597,6321066,726568,759945,504724,544597,813958,1616238,4745
1018668,1565083,1713621,1646195,336362,6166117,691919,725009,556222,614871,1198480,917410,3255
1374432,1558458,1692804,1088074,231748,5661312,728015,760610,569969,635708,1624674,2443465,4455
1678631,1705473,2126153,1659894,238056,5495223,272911,517593,494771,588917,1546575,2412246,6068
1999511,1870634,2440501,1847480,426327,6777020,884942,708628,506797,550003,1209893,2311938,5905
1019879,1537056,1695853,1660794,347963,6387792,728105,761581,564352,617024,1189829,853280,2838
1395939,1550423,1761899,1097908,238092,5656599,713348,737403,560666,624993,1589535,2494076,4790
1676945,1737535,2104016,1645931,231203,5624451,269986,510413,518774,632628,1628839,2495113,6423
1972145,1762639,2147670,1684887,351490,7209616,935630,735589,562954,552951,1533622,2277866,7223
1367902,1585708,2129808,1927834,452556,6839133,914369,953738,604647,681866,1604586,894977,3252
1387639,1504422,1685580,1050965,181312,5565403,697490,729075,550427,598661,1544682,2343034,4814
1703010,1759682,2145139,1673128,237482,5641629,269819,512141,504319,617051,1548500,2411926,6110
1733950,1668477,2064656,1586648,333447,6027477,694987,509731,485119,464771,1184615,1697510,6205
1334113,1496659,2064510,1610989,342621,6299940,720077,752508,557278,614663,1192013,894604,3076
1810725,1482264,1704276,1336901,236469,6126850,936162,967363,580302,644775,1918509,2504169,6419
1725560,1608779,2009398,1547894,330363,5279474,269020,281791,451793,566441,1540850,2478204,6219
1689057,1632782,2010759,1569453,328219,6055854,680717,643804,447945,452410,936264,1541726,6162
1480167,1483350,2055654,1575068,333157,5984874,682736,714859,516142,572459,1165429,906763,3360
1432867,1308616,1270669,1323390,233865,6144802,731342,764101,536410,588109,1610927,1667625,4344
2122650,1855293,2456500,1588569,342995,5427507,494739,509447,523592,629653,1824488,3064263,7460
1835804,1749637,2092682,1608747,332663,6159645,693558,733494,482832,473027,832342,1723836,6357
1079837,1501219,2010631,1566547,339366,6030993,709856,741687,522178,586669,1141654,871798,3017
1486960,1388322,1289704,1204683,240028,6082692,714700,735948,542063,599485,1570340,2315316,4609
1810675,1686470,2097879,1372007,235341,4861089,492530,515719,540378,596497,1621999,2545349,6618
2104363,1684409,2088406,1626591,341514,6881695,707910,738005,494609,593557,1525225,2991056,7607
1466665,1674233,2483515,1878028,439866,6797837,891708,931874,584967,586759,1197079,917852,4628
1404391,1316360,1292107,1055749,235034,6145197,720992,751435,525271,588583,1580576,2410239,4535
1815678,1746233,2080237,1594893,234652,4713906,272900,504362,513408,568500,1479634,2347975,6043
1793250,1622707,2025578,1550727,330060,6002865,667695,510487,402254,490764,1164249,2519211,6388
1386555,1574537,1955936,1526661,322092,5961049,673437,704468,509985,502243,769504,890643,4421
1454052,1176598,1630622,1286192,338398,6643599,917656,947699,558682,614247,1884449,2505214,5021
1717983,1595870,2000533,1553190,220357,4621613,269587,520814,517489,575842,1566678,2451877,6158
1695066,1623967,2038182,1574559,343499,5926932,716213,511897,379881,419567,1127455,2324927,6056
1400980,1659835,2077218,1582064,343005,5904620,700883,732758,495202,558415,761873,899516,3216
1063705,1241174,1278294,1283580,338743,5962543,727290,761828,513527,566197,1548883,1648941,3071
2037035,1584769,2083454,1565577,235868,5241149,468563,716665,555643,611705,1812403,3062050,7423
1757719,1633921,2013372,1539149,329209,5888560,689553,499116,385793,422329,1180010,2503782,6334
1388608,1656311,2037052,1579258,343587,6069666,717589,749978,521485,576325,765242,882963,3129
1057922,1231978,1245492,1560514,453339,6479599,915464,940360,534273,601968,1832005,1646659,3248
1709987,1639251,1995044,1261882,123740,4579370,491464,745868,521638,578778,1553248,2485786,5939
1746083,1565082,2050527,1601274,352363,6216725,507991,291561,393259,494803,1516640,2359927,6066
1760316,1702098,2383293,1795605,530822,7004374,1068154,1116006,542500,610197,1126527,2097025,4456
1106471,1270915,1270077,1302315,335332,5961293,717600,752603,524871,560653,1543556,1627270,3137
1761206,1618972,2012762,1281078,123697,4754547,487867,715823,489962,548734,1443454,2329894,6349
1738636,1582892,1977989,1505541,323911,5828900,472276,278469,374718,479490,1479578,2480888,6341
1706578,1599012,1978811,1534666,337176,6053904,704929,735391,505464,495507,764933,879227,4643
1191939,1205065,1624593,1580296,385844,6525922,900331,929415,537639,611604,1831920,1572963,3334
1751394,1604071,2044792,1300817,124807,4737245,492956,759634,522292,577795,1578036,2540561,6323
1731941,1527256,2031314,1579917,345355,6091429,497257,281276,384929,476732,1472595,2296805,5887
1793079,1596508,2060317,1566225,336456,5916799,689324,720846,494257,493314,779320,909549,4820
1065294,1268406,1647208,1564952,340405,6142608,727235,760811,509280,565792,1560484,871615,3007
2087278,1667817,2060601,1305143,231166,5386444,728891,748690,555072,624532,1831429,3120986,7544
1780293,1613471,2014667,1537309,330477,6025993,475607,473511,389893,500659,1254726,2519530,6390
1701033,1539772,2005909,1556102,344321,6085095,720734,751651,512616,496766,772365,871492,4408
1112389,1286358,1710216,1625315,345308,6107790,700338,720422,530584,580808,1534826,893911,3096
1760168,1565628,1691852,1085639,126610,5542831,713784,758451,554093,600286,1625335,2532278,6069
2060894,1862523,2487994,1894973,453227,6237304,502572,525415,470046,595521,1524128,3044846,7619
1467492,1809071,2131567,1627401,338998,6164166,695522,730851,541200,539417,815708,917874,4767
1059789,1261603,1624876,1367638,434815,6733634,929734,973278,569072,635520,1921013,2265840,3203
1761734,1450392,1637179,1067845,125714,5430835,682330,708009,520734,575206,1472657,2325465,6370
1848358,1702953,2030411,1564329,321265,5386512,271526,285927,498392,605640,1570177,2458459,6309
1729807,1666564,2041902,1596999,348406,6179435,732537,764781,478154,456469,813573,1645652,5787
1130109,1653187,2128266,1645921,458966,6742249,926471,953938,613305,676197,1570650,1679184,3096
1737940,1490146,1621104,1287898,126050,5310589,486285,750853,499831,560335,1555244,2487306,5985
1742850,1739210,2095601,1627754,347407,5307038,484140,288982,474393,547152,1523468,2346921,6128
1801316,1746884,2074575,1588511,329967,5991370,671746,702621,479466,471527,829017,1748811,6178
1051022,1432809,2005741,1557873,339852,5945779,728520,763246,514301,572453,1191295,889232,2929
1786819,1629994,1730827,1365635,238685,6051274,731693,986527,602259,660724,1924271,3191038,6145
1769837,1691230,2033266,1553465,327206,5308660,476545,281737,465475,517838,1566186,2498700,6241
1682408,1551912,1999365,1552307,348422,5951303,728876,764190,429477,485887,743852,1617139,4491
1086360,1398962,1655638,1588897,350654,5977353,711895,734524,500054,549771,1129860,884927,3384
1377290,1229372,1331810,1023313,225218,5863600,663549,701776,516575,573586,1500803,2350073,4642
2023374,1843567,2429100,1845168,339564,5365179,487827,519080,511925,562660,1824000,3020599,7351
1769785,1642088,2110866,1617526,344758,6063846,699822,731389,434561,491267,781375,1742668,4944
1054226,1418396,1650510,1589366,338995,6257409,721019,756126,511698,579881,1154069,878799,3115
1422198,1408595,1635341,1006676,238631,5436725,727926,747922,490097,543400,1469010,2403095,4584
1737715,1597379,2026186,1560977,228880,5249465,268353,505927,449479,568824,1583931,2546962,6307
1729349,1520223,1970821,1529588,337174,5936218,702872,508366,394906,420287,1126373,1818729,5874
1374193,1580381,2011389,1791736,450398,6367520,909606,936506,529830,585550,1107669,887795,3119
1387589,1458693,1594716,998165,227657,5181632,710249,754593,508307,578364,1552434,2499263,4402
1753274,1670432,2079273,1597756,236298,5467094,277024,520647,452549,576377,1502385,2379658,6405
1752996,1565413,2023598,1560724,334185,5877589,681617,498512,429372,426551,1132541,1671267,6459
1409211,1428227,2032361,1576249,335474,5994123,714083,748426,536709,587170,1146313,889250,3076
1626634,1430193,1645128,1295906,247951,6170021,939521,963562,564470,624600,1846898,2412552,5466
1767462,1668702,2051380,1564080,227979,5332186,268399,499663,447271,575236,1565132,2534905,6532
1727891,1696521,2052689,1593663,343932,6188683,719076,513133,475052,458606,1180862,1650358,6018
1410285,1438548,2011871,1555398,339778,5942763,692850,714257,493137,555041,1107174,870920,3143
1392062,1212203,1227909,1290061,226809,6068456,705718,747717,519734,569745,1547600,1666401,4376
2329901,1940348,2815036,1845279,452900,6137208,729075,762439,573878,681691,1816596,2978982,6982
1762084,1604469,2075775,1579180,338077,6023964,691030,701194,452235,435980,846409,1703092,6372
1355964,1409630,1976783,1523394,317692,6044270,677139,710108,490749,545910,1141977,914057,3138
1386966,1241708,1609031,1558226,337512,6738679,920416,945229,534519,605200,1790378,1612046,4490
1770038,1720597,2061699,1283786,224771,4689661,485757,511737,532906,599113,1563271,2522291,6437
1996011,1760963,2375342,1816751,451178,6751958,731145,764202,440311,492692,1116379,2321420,7134
1079684,1415926,2083307,1625336,350125,6020073,711497,731643,510250,564415,1154165,867233,2969
1395938,1195297,1217183,1049618,225386,5959925,692015,733415,514846,553786,1513263,2367397,4492
1675463,1618739,2000645,1317424,232914,4720746,419691,491175,500826,562176,1437436,2226074,5943
1766792,1703866,2107817,1594706,341344,6095961,483232,499342,394726,517163,1173187,2558823,6703
1381366,1540255,1973513,1513686,336203,5848063,718660,752358,472283,474919,733999,881306,4629
1398997,1238570,1588589,1263653,339670,6535370,935683,960242,546056,612182,1799008,2407684,4542
1725645,1645491,2065429,1586302,229065,4743288,268540,507452,533328,586491,1586853,2539288,6292
1679405,1812353,2116614,1670982,347324,6265947,722775,520401,458211,503801,1215846,2371417,5784
1389103,1791366,2113656,1643732,334973,6123223,680578,703851,547534,539283,822446,907987,4577
1087175,1479634,1734046,1390576,336718,6255522,717815,760669,603623,651721,1674414,1711720,3192
1988897,1835490,2146546,1693689,233675,5822924,503400,764039,660418,717054,1950973,3059056,7317
1755624,1859384,2192669,1698529,345896,6268611,703800,511208,482064,528741,1286433,2568523,6353
1401798,1769619,2132074,1652318,341698,6295002,732131,765206,574737,636804,843827,902559,3275
1058876,1401813,1314552,1366837,352116,6282752,731161,755344,563501,605094,1560808,1673342,3067
9703194,3445207,12238376,8428155,3165113,19295336,6494304,7200531,870998,1276639,11794200,25081958,40860
8680881,5187492,11829678,6588217,2358707,11291989,2574933,3386591,948149,1287581,10172154,22191157,38136
3051724,2115247,4540013,3276083,911075,8401222,739642,889285,610245,723593,2776478,5379674,15233
6234543,6382471,12303506,8418796,3719071,19572014,7888404,8449571,1293288,1396490,2834449,2867377,15874
3440935,2353049,4057046,2761273,667163,8457877,1624975,2404152,949922,1093682,4796131,8861682,19628
7426556,3232709,12746450,8481392,3639286,22715992,6636302,5348979,793270,1214030,9549382,17643111,38227
2482968,2060926,3487770,2288049,450234,8595854,1343914,1282615,474614,593667,1745321,4828649,12380
3649370,1359156,4694953,2941168,498402,4971116,672009,2170904,459688,576894,4368439,8436529,18259
19504263,17511072,23279711,14326549,6806292,24523641,13852570,14226288,1706683,2111291,22672923,54305112,60169
28597666,14658945,40721167,23835612,12588870,37630189,25621861,27616486,2050145,2709801,26363390,62276857,76624
744374,284583,1077680,505665,288527,1595680,569013,596356,9838,35558,682666,0,0
757203,284754,1093901,484825,288051,1542058,567872,595133,4160,29813,673523,0,0
861676,338791,1247585,617672,372568,1693179,740353,775586,4280,35172,892765,0,0
731674,274682,1060706,476330,286538,1459283,564996,592017,5678,30289,669206,0,0
743489,270166,1078569,474735,285922,1490541,563695,590656,2952,27870,666881,0,0
742742,276283,1072098,478700,285208,1469420,562314,589273,7113,31402,671801,0,0
852056,327058,1233635,633013,362822,1791194,721402,755697,20983,51196,889094,0,0
739532,267120,1073865,483263,291531,1469913,574815,602251,3097,29031,679984,0,0
833029,311296,1208822,605227,364987,1622136,725604,760146,4013,34318,881044,0,0
753588,288894,1087416,478274,285816,1467170,563258,590355,3936,29089,672291,0,0
730150,286320,1053022,482400,287254,1501280,566023,593194,5662,30617,676992,0,0
759361,276444,1095740,477360,285515,1459068,562448,589486,4621,29046,671792,0,0
2768390,6147549,4006023,1361790,373509,3387085,724588,762108,346105,380508,1026539,1232882,0
177120,407285,256259,174270,73306,412399,133093,141480,58306,63129,0,0,0
53840,18514,77763,44890,24456,169432,51160,54331,1428,4124,0,0,0
48400,17170,70216,41163,21728,154078,46130,48944,1909,4049,0,0,0
55120,22922,79736,48405,23461,173733,49699,52627,3832,6156,0,0,0
47600,15028,69007,39483,22095,151901,46944,49632,884,2809,0,0,0
57200,18261,82663,47778,25451,184709,53940,56924,1663,3901,0,0,0
50400,17981,72958,42605,22696,159011,48252,50816,1932,4035,0,0,0
52560,19687,76148,45451,23047,166445,48984,51463,3228,5293,0,0,0
1337564,4050570,3456692,2987688,531602,4633046,1051789,1090243,1535082,1570012,1612277,851295,99
44747974,63324139,64641386,37672359,31507691,18992458,58382099,62130619,19885159,19723214,64397616,170232554,13637
27142105,1959000,39578654,27044579,6448284,63977747,12199110,15105363,893210,1220364,30857468,53560837,32475
54914281,2236564,79401357,53627980,13011624,129564278,24787267,30706583,537652,1206389,61507062,107023843,62755
54922787,2076216,79546860,53903200,13037303,129473916,24778767,30714411,426505,1067486,61843123,107183654,54709
54867858,2025001,79351353,53615431,12986792,129975373,24713067,30594913,383779,1053764,61455481,106240834,65424
54917035,2051392,79495647,53747967,13052068,129634889,24733485,30695320,354212,990556,61682235,107257345,57774
53714143,2003094,77709341,52570325,12730183,126925977,24174659,29991839,401492,1030761,60345190,104989527,56348
54960220,2153341,79517439,53729081,13083301,129668568,24762145,30630005,450699,1106210,61735064,106542747,57582
53839579,2236209,77947223,52799313,12727948,127155830,24273516,29965679,522247,1194885,60480251,104497770,58591
53913704,2212550,78012611,52774377,12811019,126933731,24352552,30182479,478993,1139063,60662916,104622302,57263
53917468,2166775,77864958,52809143,12703340,126382055,24183882,29773345,447790,1072967,60723734,104105173,52092
54220973,2445331,78481584,53340366,12714640,127526588,23987746,29847454,686183,1364058,61109144,104196137,62780
54092797,2589762,78359798,53155921,12763152,127046289,24026596,30003308,674249,1326386,60792768,104723807,55524
53552836,2555942,77407786,52806724,12434410,124256716,23688888,29374888,705878,1366314,60402073,102686395,54237
54432922,3217785,78714397,54076036,12493957,124453343,23665672,29331530,1182759,1894901,61604351,102772304,61909
53284678,3971307,76953260,52947008,12142534,121439625,22996023,28576475,1797396,2476684,60201887,99541178,55974
44411007,9304076,65270146,45755989,10089362,99753043,18591329,22644471,3257528,4480500,51632961,82545681,46009
