cpu_clk_unhalted.ref_tsc,l1d_pend_miss.pending,cpu_clk_unhalted.thread_p,uops_retired.stalls,br_inst_retired.all_branches,idq_uops_not_delivered.core,mem_inst_retired.any,mem_uop_retired.any,memory_activity.stalls_l2_miss,memory_activity.stalls_l1d_miss,cycle_activity.cycles_mem_any,uops_issued.any,br_misp_retired.all_branches
45073752,32642693,77409102,46731242,28030283,144941567,52438997,59797008,6919618,8200872,59629610,194077324,266905
98880,49319,143271,81564,55307,316396,0,0,0,20413,117762,291156,277
1764160,263464,2552487,1916268,374748,2902457,788368,0,0,141472,1727937,3033596,730
41558836,85615079,60187975,48167049,7101314,64352966,14377357,17304969,11917215,12960655,38867740,64265427,53599
32157005,27656259,44708134,31169724,8733150,64616030,14121496,14659836,2460691,3006622,18474187,49450841,81089
24638471,5231593,35807875,26613009,7041624,56542070,12800462,14321927,883591,1166062,18620583,43001201,40906
22623669,2513597,32728385,24969717,5789183,46642076,11019629,12402412,508686,936011,18325693,35442710,16393
22838643,2594726,32812063,24837154,5564302,46297219,10799396,12376733,550454,980546,18269001,35888746,15941
22867173,2471381,33026862,24948770,5801357,46133821,10807720,12001077,462879,876245,18279128,36310639,16379
22731932,2325476,32871481,24803998,5809140,46175776,11025326,12402895,457298,848366,17700605,35353756,15883
22423649,2275398,32651827,24754823,5923593,46306613,11214189,12592621,404191,798909,18081553,35433823,15486
22640687,2218090,32756226,24581572,5623137,44556302,10924556,12543325,371454,748749,18064049,36450482,16297
22729454,2147110,32861734,24733971,5883345,45458514,10961075,12140954,354554,723415,17984828,36289996,17086
22705556,2095499,32790425,24679299,5857873,45463944,11115150,12513960,325290,707584,17568966,35778858,17265
22473554,1992324,32668781,24745135,5867409,45793800,11164480,12567857,288151,670411,17826587,35214369,17410
22768392,2015143,32952633,24731724,5751990,45352443,11143753,12730389,287460,673403,18220306,37123690,18840
22817639,2043332,33085407,24915768,5878777,45965810,10978249,12177656,297086,695257,18128798,36674171,18458
22865301,2104282,33051931,24910077,5903194,45653391,11191997,12598498,316602,692123,17638450,35228066,17143
22523195,2039166,32808960,24843857,5888414,45791004,11170008,12578912,307294,691467,18107418,35266874,17315
22916556,2147877,33065318,24794142,5828999,45938804,11151257,12558881,290890,720599,18392185,37206367,17998
23004192,1983429,33295166,24888489,5997061,45492287,10980329,12368698,260289,637188,18286269,37734398,19592
22859045,1981080,33279121,25083705,5908889,45374541,11238209,12646709,244397,599670,17478551,35414871,17951
22531249,1910247,32857220,24852101,5909861,45352170,11232030,12648350,221372,578196,17980035,35350312,17708
22751450,1904060,32728925,24607835,5679467,45011066,11226621,12632853,216085,576611,17915566,36660614,18615
22756743,1872347,32950405,24758598,5906351,45099319,10826983,12219482,187583,561285,17929278,36810920,19008
22798165,1846901,32964934,24733132,5928040,45677690,11291048,12630189,197135,564240,17697621,36250445,18926
22708794,1906313,33130909,24928239,6031060,45845594,11431675,12853713,228596,596226,17998115,35432117,18262
22874188,1930386,32848328,24654691,5701037,45371486,11255702,12657078,222760,589681,18046900,36816375,19132
22775284,1831689,32986753,24796502,5932387,45419786,10862937,12272687,173374,540459,17916123,36738384,19113
22878919,1819993,33042315,24815845,5927426,45600323,11265632,12677761,179168,541996,17589306,36291589,19220
22506661,1823573,32955156,24735449,5907496,45362887,11240407,12665925,186347,550361,17713592,35372878,18042
22804732,1875270,32762433,24627415,5796238,45507988,11417044,12808360,196965,568684,18133083,37266731,18495
22828469,1929846,33003007,24783771,5893919,44972743,10819182,12234713,206785,587543,17964602,36762829,18764
22721566,1927296,32855309,24683788,5916471,44993061,11253217,12669846,206340,564694,17484315,36024694,18524
22624164,1910664,33060047,24816668,5943266,45631860,11308796,12714535,215679,581854,17827217,35669956,18381
22643494,1906942,32597918,24622227,5799095,45362696,11237461,12646208,206971,576688,17957293,36756674,18834
22996143,1920087,33259497,24903706,5926810,45225400,11043945,12451384,202866,578759,18130877,37338191,19930
24202539,1647942,34431526,24735308,6187442,65944186,12118865,13573076,199997,575448,18427987,40976332,70052
3938300,392165,5701910,3231214,963979,12929359,1728649,1849167,128931,198544,3114403,8353165,37593
567143,359041,497240,376874,204818,2643301,622974,635535,126595,145356,839666,2102474,2761
897406,488550,1196311,757169,213644,2148175,225561,423254,78619,106756,940995,2388266,4942
3443837,905839,5089156,3298394,1558130,14421293,2051425,1942345,99076,193774,2595897,7933579,15556
11866928,6096897,17586378,11472591,4453250,37763015,5889172,7007380,1231290,1580103,9409649,22247329,36346
11442075,12717320,15864696,11272266,3144747,30963389,4696347,5737317,1710966,1996419,9622200,20617522,17323
11514554,13959612,17118179,11613990,2954205,28790494,4449453,5648617,2072267,1852738,9575260,19750232,17670
10807930,9326130,15421907,10979143,3263456,30369364,4532440,5310422,1116057,1735598,9067940,20475984,16989
11243630,13121352,16120736,11270997,3076386,30160620,4520705,5604722,1689644,1914197,8616101,19356842,16872
11228834,13788833,16756385,11555729,3219645,30766940,4950567,5876092,2040265,1853600,9703950,18608755,18239
10859037,9134318,15547325,11386652,3232461,29819044,4627393,5658034,1171730,1940743,9494525,21062879,16321
11465965,13593158,16282413,11216048,3050338,29709091,4196736,5088414,1553864,1820612,8749228,20393321,17652
7983354,8701311,11370711,7746434,2203934,20402892,3377628,4014346,583128,721507,5503717,13417204,13780
362035,235396,1055122,627366,347219,2558371,675573,697507,68784,95514,544491,690183,2357
28292722,5480668,38419456,22009925,13199720,81888059,14473866,12837472,766099,1632362,25841696,85020630,177841
25903836,1846965,37318939,22953841,9269694,114356796,16938831,17947069,344572,802949,24648069,59848468,183815
27115391,1919850,39449374,24596726,8537765,128550051,16236251,17431976,152686,556394,20800738,52668777,214305
20443690,2682544,29229495,16959529,10265176,65097955,17044826,17917598,485760,890795,21361178,53646597,91723
18358492,15016764,26435112,18195139,8043890,54188617,13701194,13670862,2378745,2998893,20673436,44659862,52907
9148902,3184379,14251942,8519815,4889306,26945372,8365760,8812406,469232,797171,9079144,21336449,23874
27298379,15716437,39641919,26688667,9061023,118744320,17686081,19262867,3417558,4260612,26252534,53193007,164396
31789045,18507996,45555429,30658250,8572341,143595831,17447697,18940534,4189881,5139796,29032749,57256346,235644
14705850,1488165,21288896,14013373,3799283,78065350,7163679,7883859,97074,545211,10895538,26523347,111451
14808663,1489383,21551749,14238556,3791159,78827365,7337780,8042059,86129,531001,10695864,25208140,119140
14561416,1540785,21295517,14223849,3787471,78535702,7371492,8101822,120463,568746,11196766,25141735,117024
15051608,1506496,21493526,14148902,3687511,79031597,7392221,8123926,75767,544089,11360212,27164857,118959
15005703,1571595,21633816,14397968,3896226,79517890,7335507,8067681,142341,578841,11260106,26616787,120274
14655493,1383663,21406194,14154004,3793301,79083067,7367967,8089460,42645,497991,10634348,25166909,117695
14449599,1363937,21139783,14017971,3802344,78898291,7382444,8093303,10729,474270,11040751,25835181,115960
14856490,1382541,21277079,14062455,3571978,79115470,7169162,8105075,17194,487574,11155029,26765368,118417
14886009,1327701,21510005,14095786,3904992,78837531,7158086,7870997,16043,457231,11064295,27118772,117325
14867993,1383854,21642483,14214781,3913120,79372375,7353201,8074544,14153,474738,10876213,26009217,118465
14439337,1359869,21133960,13973037,3781875,78612608,7350464,8086287,16245,482254,11086200,25830838,115629
14671162,1331360,21029659,13872201,3554100,78346592,7135970,8069785,18173,465917,11021224,26352903,115980
14782879,1346043,21376622,14074160,3798791,78785468,7154388,7668815,13195,463240,11123855,26667574,116556
14737955,1372909,21307378,14076070,3797384,78808581,7376116,8091342,13392,469598,10598422,25847848,115182
14568228,1344269,21473519,14144472,3914075,79408980,7597637,8310171,12029,475448,11117052,25967312,118265
14838077,1391109,21423752,14153828,3673446,79297263,7336542,8274203,15008,474907,11324377,26637144,118275
16376015,3086656,22818008,14990302,4059742,83127504,7974279,8687767,899870,1420373,13674199,30010052,126754
14948527,1635478,21542495,14226447,3801572,79082951,7363414,8083235,163101,608578,10866690,26055952,116906
14442081,1491383,21013740,14017750,3774037,78099733,7327155,8048466,91130,539728,10907453,25186654,113619
14747581,1505115,21251186,13922517,3677247,77995234,7353994,8272855,83989,540239,11312935,27153302,112557
14901906,1584817,21549902,14247208,3764159,78795451,7117359,7634365,140895,593708,11269487,26592404,117971
14829390,1354418,21427608,14126991,3797380,79358339,7378445,8100898,27937,480252,10658885,25873556,118050
14602411,1501721,21390898,14247863,3798458,79357905,7349434,8057578,82705,554283,10969129,25189747,119911
14837253,1577593,21398520,14112913,3657771,78977460,7325834,8056606,173191,619868,11305597,26697875,119952
15038620,1498223,21722920,14271877,3799496,79165494,7156899,7882445,79284,539125,11450679,27238803,118694
14919186,1473075,21523719,14240608,3794137,79540774,7341440,8058720,64048,530935,10748489,25230907,120137
14705874,1369868,21430226,14215380,3864392,79433911,7337772,8069064,19274,486985,11200069,25805551,120242
14739851,1371100,21334828,14029970,3691468,79473522,7391907,8102183,19232,481377,11097482,26555693,119956
14846848,1364666,21451475,14111261,3667244,78812217,6927806,7849116,9633,478555,11126774,26652717,118434
14963056,1370857,21617824,14184927,3901475,79367868,7575180,8079391,9277,469408,10844532,25864103,118415
14570603,1364031,21275719,14147216,3801650,79438364,7356446,8076703,9117,479793,11100866,25318896,119151
14763023,1347172,21059051,13816101,3561907,78692831,7353276,8078476,13059,466450,11117627,26693110,116489
14792545,1331794,21385584,14072300,3763038,79014580,6943704,7695482,16481,469705,11040366,26445492,118133
17347209,4493167,24017786,15576755,3983163,81722700,7860448,8553024,728586,1371139,13530618,29948075,133608
14782843,1540331,21586833,14254654,3775296,79092130,7347710,8073061,122590,572729,10988511,25183352,119833
14889071,1563135,21266845,14106560,3675673,79053925,7586220,8309712,135495,583514,11447165,26517873,118192
14793804,1466294,21409298,14093094,3796961,78684813,6952714,7664182,80548,536273,11194096,26630325,115590
14772665,1355800,21357067,14045408,3805097,78884279,7375494,8099579,21711,473128,10648600,25864360,117265
14453425,1313311,21326378,14003102,3801659,78952164,7371638,8082136,15114,457817,10871818,25236157,116646
14601408,1365432,20912976,13914009,3675721,78782180,7358226,8090282,13866,470501,11133870,25955990,116021
14928272,1348031,21545931,14011370,3794161,78681325,7156636,7872100,13980,462110,11294275,27195541,117261
14790244,1358345,21320865,13998619,3783680,78676910,7334304,8051293,17902,453871,10659422,26079581,117394
14454444,1419962,21313366,14031328,3782931,78872102,7368074,8074100,67578,519194,10909898,25122753,116141
14735643,1365764,21084043,13911014,3794792,78552602,7351313,8064788,13575,467067,11286347,27211218,116926
14734231,1357212,21266255,13986009,3673138,78500999,6953477,7872836,10238,472036,11118015,26645317,115604
15091127,1393300,21805086,14270571,4036971,79697552,7602381,8322870,19875,474835,10883515,26489284,116914
14487266,1373136,21421469,14090972,3804570,79189168,7358504,8072828,8144,465446,10864451,25207269,116875
14642802,1325655,20997562,13927210,3693001,79140730,7382787,8114743,13210,452466,11113944,26649796,115656
14851697,1345162,21426543,14107578,3683253,78806831,6950630,7899303,14374,468285,11133863,26591125,117656
17279944,5009865,24598784,16273916,4167773,82178708,7746871,8390931,453320,1069717,13157097,30791687,133016
14637844,1521234,21317024,14039643,3787816,78621996,7362574,8072476,83796,555814,10729455,25199901,116080
14708983,1634079,21177195,14104025,3774828,78877697,7550139,8267314,167802,630318,11487739,26521694,117462
14896900,1381305,21518157,14199929,3680868,79443903,6964941,7902671,11177,493935,11179260,26698470,120570
14839627,1357851,21477100,14149224,3809124,79493990,7390031,7889434,11502,455051,10867303,26577262,118672
14684415,1335298,21437632,14127589,3800964,79013758,7350864,8062808,9651,458364,10584034,25219941,117545
14531334,1356300,21014496,14057703,3781842,79372443,7351967,8077459,12399,475740,11129150,25894872,119959
14915990,1367532,21537374,14031206,3669840,78702968,7156418,8100004,23332,460978,11238480,27100955,117457
14837976,1371006,21452508,14108176,3790830,79055121,7344320,7860710,10926,467641,10879575,26695110,119101
14671147,1409934,21408433,14129330,3790629,79230017,7366097,8097019,23028,488231,10663712,25258074,118878
14727236,1403781,21300077,14166061,3798231,79575384,7375644,8299978,22506,491193,11345098,26595082,120400
14826329,1372891,21443191,14030835,3563935,78858071,7150802,8088647,14800,478092,11132892,26693376,118361
15006842,1344331,21629409,14219202,3917043,79537235,7374065,7874848,3916,458284,11073870,26566162,118865
14684568,1361564,21437740,14141277,3787542,79267998,7345409,8067213,10247,470215,10856656,25168505,119942
14557319,1356007,21096454,14089618,3794494,79513276,7381387,8118932,7240,482650,11169806,25994123,119769
14841782,1353139,21422866,14008631,3549025,78524081,7133920,8072591,15754,469867,11041991,26541004,119134
14841346,1346173,21438766,14138151,3783612,79261812,7134115,7646533,13307,478760,11088549,26588669,119224
17001050,4641150,24272156,16261382,4329196,84756131,8057487,8579134,372367,915572,12174224,28206975,130004
14726281,1614590,21293415,14206941,3799464,78987249,7588056,8293956,150435,596849,11458507,25908020,116767
14974247,1574200,21576777,14164444,3668486,78564829,7143601,7867415,165021,598228,11288414,26729125,119402
14894218,1467461,21550214,14230873,3796007,79369142,7158878,7657783,86630,540793,11190536,26520680,119609
14821073,1341974,21400927,14124725,3790659,79149351,7350385,8072233,45142,475221,10615288,25176966,118821
14494511,1348161,21185671,14069884,3792835,79034108,7387270,8132505,14375,475115,11160122,25290774,117145
14919541,1307755,21368513,13950087,3695223,78735416,7392130,8110220,17699,461305,11294859,27223785,116470
14774869,1346266,21299101,13991456,3782451,78732398,7145256,7864198,10263,453407,10834737,26692677,117197
14618771,1392661,21340923,14020805,3790500,78651984,7367594,8101550,22129,480901,10644445,25238407,116722
14516699,1362897,21452121,14126593,3816616,79425641,7375092,8089704,16696,474421,10886001,25282426,117344
14807132,1342866,21191577,13974967,3667915,79595101,7583230,8324655,15294,476891,11342642,27273532,119799
14960657,1346580,21608529,14204296,3789499,78905102,7140043,7853455,17863,468531,11283829,27091497,119885
14832728,1361298,21428952,14114509,3775979,79130054,7322288,8043534,11471,476103,10649396,25955792,119769
14399002,1314683,21036114,13969235,3784964,78760135,7379412,8107177,9386,459781,10841226,25158500,116407
14617551,1318087,21102262,13827844,3668623,78662808,7356745,8070200,13506,462694,11078067,26606687,117367
14879283,1312039,21486927,14182805,3668791,79369317,6962640,7887805,13721,460710,11117512,26662857,120743
14797886,1335589,21452345,14151272,3796256,79202865,7351844,7855721,11089,459032,10834034,26456273,119316
24481006,10252634,34750208,20471416,11069298,69010899,19635408,20720828,1501473,2035986,25221024,64480798,80473
22637905,7006649,33071675,17667837,13332983,49154557,23477260,24686248,982698,1431919,27071249,67101217,46247
23808730,6445484,34287376,18187489,13693980,50201374,23473012,25089572,806322,1292845,28050112,71454017,49339
23813383,6945080,34535292,18291226,13784691,50355087,23428827,24877210,821562,1285517,27359197,69869540,49847
24126188,6883428,34878555,18448186,14073274,51319223,24421195,25739667,838831,1305484,27848926,71027103,49658
23951228,6997691,34745505,18539632,14040197,51786604,24652702,25986697,900843,1376967,28346170,70857833,49946
23794852,7295842,34173470,17953135,13545083,49832970,23330492,24997473,875133,1302268,27413659,70086212,50187
23472862,6801127,34046105,18025363,13897865,50558464,23815772,25013463,811359,1248235,27293980,70626863,48483
15367031,4404722,22371300,11745631,8712448,32044996,14591203,15856654,565058,881807,17981303,45050456,32935
1779924,993450,3309331,1947600,1239962,7596885,2311931,2422326,288824,263228,1105076,1783906,5272
24470723,6900611,34988464,18352981,14054850,51595510,24381081,25729565,822838,1305059,28491445,73377653,50458
24253256,6672251,35037285,18459664,14174237,51556943,24357964,25694204,743253,1231233,28105931,72581973,49275
24425184,6733327,35238296,18531127,14141071,51904107,24657253,26002883,813842,1290746,28110829,72409485,49782
23942531,6660839,34896619,18481168,14235307,51908937,24654831,25882273,778700,1262903,28004374,70872866,49128
24200808,6663574,34744297,18255378,13975219,51087400,24423176,25854437,786962,1273004,28253325,72784939,49854
23928273,6660423,34757241,18390444,13988277,51230340,23981623,25480772,804195,1297527,27971283,71077895,49469
24365861,6844099,35396744,18687948,14304995,51904531,24592118,25517140,779504,1256071,28053871,71698397,50448
23880069,6718130,34582843,18385700,14010977,51852977,24475237,25786059,795733,1280587,28344043,71665794,50587
23702192,6599490,34296226,18034708,13800206,51343648,23854159,25141138,787251,1266424,27540013,70972146,50003
24525682,6955841,35283182,18670973,14105079,52025317,24341915,25517021,781246,1276201,28379370,73279231,51695
24260896,6630523,35092943,18499852,14151588,51851649,24470801,25571144,782681,1257183,27938816,71825458,51385
23521402,6872189,34169535,18508999,14186194,51845766,24280130,25553436,843403,1331489,28029757,70255596,50274
24208912,6840543,34720055,18305395,13910698,51388857,24459044,25777332,811307,1297524,28291841,72471751,50512
24129099,6550944,35018523,18471383,14050033,51471305,24103816,25686459,774477,1252868,28200379,71942293,50150
10270893,3158104,14613805,7636207,5524199,22724245,10547075,11111313,416576,573960,11606094,29577723,23559
1164720,278537,1290104,796883,375424,4825758,1034432,1074831,234882,269584,1170138,1979524,5230
21500284,4925096,31862524,23304339,6574460,65177589,12439643,13920932,1370766,1753353,17813922,35761866,45852
22667954,2417035,33254758,24928453,6014187,45428822,11400540,12819909,337639,738936,18109205,35793075,19427
22593674,2256426,32456509,24403816,5866936,44389825,11338856,12752827,257928,666206,18118989,37178764,15986
18740211,1864640,26941133,20039848,4767714,35922007,8965086,10151703,225437,550332,14291874,29646531,14029
807262,312298,1093975,659218,338422,2548155,420716,435038,14733,68235,546107,2261678,4218
769273,383619,1318837,773151,443642,3026090,879760,908288,87420,114193,283662,1443330,3099
351555,202753,510122,518178,338940,2711511,658155,671277,89440,116069,817964,1424126,2379
1811219,1746690,3353821,2091471,496339,7184145,1041889,1335601,451748,514183,1354469,2930118,7172
20847323,2546909,30003118,22640237,5304959,42468708,9229355,9946485,449984,773897,15290604,32141814,16489
23113357,2414692,33484541,25210764,5933519,48816796,11223250,12661276,337228,737659,17814576,35746503,17110
8343560,1255150,12683013,9410966,2370670,17693151,4178478,4405146,236574,373970,5212628,11804769,6215
16952838,2063536,24595532,18721635,4421402,32967130,7706155,8564834,339835,578098,11892483,25625070,18239
22136018,2247346,32389244,24304991,5849687,44160179,11088468,12475250,303545,676741,17526428,35000384,19300
22254675,2337918,31946014,24169306,5720965,44025280,11055802,12423239,333276,714057,17788640,36400677,18493
22358407,2285296,32326852,24213389,5620511,43370229,10858494,12453908,296780,687669,17700154,36186250,18606
22359851,2281505,32287508,24249518,5858473,44117810,10920277,12081703,306534,692978,17724529,36333325,17016
22215477,2279283,32316815,24177436,5956843,44162685,11277089,12658391,308043,668212,17238649,35619043,16238
22070280,2232664,31942631,24037307,5929917,43916483,11247020,12620306,303836,662145,17532331,36029834,16083
22460932,2379667,32566275,24313421,5652152,43581249,10926731,12505956,354070,727941,17822143,36485383,17044
8077338,1711062,10449235,7797296,1997955,16433145,3496655,3575885,385844,556973,7223821,15161108,7862
970372,503227,1350909,866095,360887,3307885,701844,724177,152326,135212,356122,836598,3948
349694,136439,734959,545040,444181,2296230,844151,875719,43340,60689,1049112,1444212,2338
705057,200986,979857,465252,95266,1420032,435995,687350,63345,78856,802497,2092619,2972
743697,206396,1006640,575543,341435,1670903,207982,218413,62343,76126,790172,2178637,3032
561540,151773,812676,462690,302579,2169582,799259,1070819,83510,112922,57937,69420,224
529175,109662,765091,397592,306588,1660387,570463,593609,26736,41188,489873,0,0
527604,108126,763166,396201,306820,1666567,570673,593784,26463,40623,491358,0,0
614606,110390,888847,437569,386335,1655309,715352,741275,28281,43244,470330,0,0
472031,113950,683304,344884,291566,1347677,540909,560844,33851,46670,356209,0,0
481042,123676,695402,358826,292028,1346091,541904,561917,41907,54446,369809,0,0
473529,118189,685685,348925,290341,1314852,538286,558099,38396,50885,358910,0,0
474359,122381,685864,351480,288568,1324734,535292,555046,41427,53968,363109,0,0
471653,109186,682287,344755,288740,1334994,535394,555126,32392,45757,362153,0,0
1434082,616346,1877913,878399,484839,2788223,1005615,1052171,162540,181567,488659,1337036,2907
1129657,670497,1633403,1145964,384523,4703869,752741,777869,269056,242978,497633,878862,4446
711453,293719,1198265,710175,366799,2647276,916696,933555,72481,100960,1099585,1593241,3450
860225,266960,907645,466341,125780,2295839,696864,730923,58356,88235,900360,2413328,3735
1034743,315080,1417666,813545,491178,2604251,500561,518719,74502,102502,874268,2905051,3928
644273,230367,1136677,657664,365085,2562859,691230,711403,44925,67744,351997,834550,3222
861639,280338,1193603,437640,198370,2351106,782038,830602,93385,124700,1074416,2058303,5417
23197585,4554204,32152213,17700497,13120274,72357239,24587118,25383008,726018,1160298,19909695,63789176,120971
2365670,1108355,3129264,1284762,427775,6088188,1559866,1641075,330558,434574,2391907,7345281,12557
1016420,494509,1410463,934018,368360,3939268,723843,749611,112695,110414,446530,1697007,6210
534963,375238,1396864,896299,497194,4434000,934517,951326,155060,196225,988550,1718137,4037
10263888,2981510,14482676,9025255,2906308,44911742,5301292,6316457,483277,797640,8785626,22127932,76374
1402545,1161688,4142330,0,234786,4608883,750919,801853,91094,115024,1055718,2500422,9054
76640,61493,110667,0,0,0,54353,57208,24658,27491,86669,157189,143
84720,66107,122468,0,0,0,56220,59238,25773,30091,97765,170802,199
81520,64599,117974,0,0,0,55631,58687,24238,29001,93644,163712,141
81200,60436,117499,0,0,0,56694,59845,22304,27699,94066,164589,142
90400,67167,130693,0,0,0,59768,63154,25494,31549,106192,173120,141
90400,67433,130819,0,0,0,61448,64963,25378,31784,105439,177276,143
86960,65302,125854,0,0,0,58749,62163,23359,30180,101852,168204,127
1944235,696084,2580858,882590,112784,1090172,831311,1662883,179614,236832,2310855,5937670,9204
1093954,676189,1491777,992599,252857,2959468,271847,537218,121538,225581,1196787,2698844,6447
1084120,685572,1509317,991706,389024,3503486,747823,536141,102660,81940,747363,1738535,6427
833519,513510,1532534,987417,385041,3418640,730053,758113,169323,215805,805878,980723,4297
3120756,1733320,3355465,2445309,729259,11010394,2103190,2284222,649741,820257,3906773,7420642,20906
1458319,820129,1946438,1257306,518142,2937541,186822,207845,232156,332974,1620378,3676011,8229
1332913,1094382,1963170,1327024,276723,7188229,787200,821223,467622,516685,1564413,2821529,9238
1706067,1225680,2378154,1769037,264216,6706009,283092,539890,374912,504034,1618047,3055244,11956
1421354,948279,2014441,1496033,393386,6304913,773336,544156,281169,275724,1067355,1905912,9070
940803,547508,1736590,1202317,398936,4709936,764073,780181,215982,286474,892148,901028,3750
1321088,870065,1413279,1417320,257946,7054664,739166,777196,437540,514340,1605745,2039970,8701
7070287,2215710,9639979,5439786,3489496,9844229,614691,965790,644058,890086,9346491,22723842,30616
6018104,2508043,9890459,6978623,4149811,18323842,9106678,9151772,878147,984284,10922875,13374336,26344
18880337,7873471,26629369,14014304,11542002,32368540,19761689,18195865,1353006,1999543,21096743,54495236,50975
4006641,1525446,5059166,3629643,1795253,11285828,3304779,3749529,710833,719110,3086672,7742706,19150
1385560,805073,1918091,1124384,257306,4450310,506669,527380,234806,317608,1393112,2800503,7742
1636472,930219,2308825,1778769,567842,7602211,857922,896789,226383,300260,1184421,2714623,9119
901467,461649,1783020,1123905,512009,4088782,972274,990839,134036,181397,721033,860256,3054
761453,224193,702218,673479,249920,3288000,731848,767429,76100,127834,1069316,1777189,3931
974760,373577,1354325,657765,261839,2409996,518254,538860,70025,118809,1026405,2490166,4415
20840739,6381974,29340181,14186209,11039420,27649652,17838734,16609080,781969,1199329,20819379,63113813,64975
8235287,3957149,9679233,6704461,4183026,16903334,8044224,9587117,1077188,1181919,10684911,19810920,32518
1093652,515875,1491098,988076,378041,3141629,267603,281012,79692,176345,1139306,2680711,6985
1569435,1075940,2252743,1680499,418774,7212449,775997,793603,285551,308499,780217,2003474,10829
4933484,3550794,6440620,4772990,2490899,14474066,4695025,4982371,759788,751141,2396323,7137409,20359
45176046,43123866,66892658,37218439,29004716,75315981,53278488,53536520,4895158,5718638,62131727,139371970,142239
36584709,24671349,51244762,27067088,20846267,55805638,39617367,41859494,4355177,5137119,48419860,115935917,109544
57394162,34692906,84322745,44420344,38645113,80495044,69469006,70028775,3914505,5547783,78672361,179813604,155095
56363903,13511341,79192216,38978467,36938359,69272437,66826511,66959237,892940,2354620,74049190,182532309,149989
3810471,1327709,6318871,3469858,2341132,7251153,2095170,1260152,328278,469455,5868356,12805165,14911
15223121,10561380,24608786,14454172,8214807,37093921,17253076,16288636,1737191,2281434,18507014,44267106,51977
23973935,13961904,30102665,17861858,13059861,46683495,25263450,25545457,3123829,3891252,34636236,74051604,78385
24459913,10112238,34587241,17488413,14094671,39633824,25099670,23190267,1978245,2476320,29441489,79380711,86391
7580949,4186930,11635305,5833585,3938583,13530269,7198502,6320490,695024,920689,10983392,22603639,23547
37822828,18881340,51959170,27351783,23590461,53511303,40896997,41380911,1991398,2888520,49790354,125631038,112608
19045597,11004521,33256279,18730991,16367392,44291579,31416439,33033125,1691317,2387306,32193055,63914686,60172
20890923,13791090,31711076,15792610,10035484,35446248,19681326,22059598,2593824,3266945,28019958,61566228,68167
23922804,14135064,28893205,15986157,11695576,32504852,20412421,20242070,2139354,2365207,23551621,63739754,71204
18454222,15434004,27481107,14120533,9165094,29836722,17702934,19942490,2463218,2984628,21453924,49719364,57337
50489642,32505433,74399113,38147648,27876781,60180139,47959805,51959876,4622559,5861116,69217133,162287939,144513
40929094,25078713,61996207,31991216,24668166,52675354,39219453,45590964,3451930,4228740,46033261,113073127,119562
26964914,15783455,39156634,20763968,16278952,43432179,26629269,28708163,3036274,4108850,42989861,93574619,90988
25411356,13294306,36568536,19950097,13386442,41216132,21429832,22692112,2910951,3405419,33377254,80113640,90069
18265280,8942243,26203052,16252036,9818201,35764529,15741320,15803387,2199899,2786622,23786700,53718882,70671
21271873,11609869,33310833,19751560,15652534,46592016,27802463,26695352,2406202,2964266,29752140,66529931,72388
25143150,13004592,36110443,19463353,14556721,46301063,28187190,27777440,2259277,2862084,29937474,72865615,86924
31011987,15667745,48440048,25086004,19591022,47752539,36642187,38874042,2581524,3450913,42589730,90602535,97929
24779736,13339723,37508192,20163961,15382963,45535399,29383713,28834128,2681205,3272032,34166396,79048152,88530
16213890,6179866,23504947,12966161,8742317,29159579,14231008,12632917,1612555,1960131,22742527,47802777,63675
14116793,7220694,24046891,13309519,9381409,33348328,19032845,18949521,1940150,2210190,15960999,36011526,50372
21210666,13366653,31247531,16506790,10370898,32099581,20381626,22562752,2307473,2869732,26150458,60181845,76567
1890412,1311608,2209181,1271738,393836,5715070,1257412,794388,214638,288617,2074328,4416267,12453
2770041,2101927,4988582,3228798,1196673,8555949,1672788,2174155,594722,689064,2769016,4624255,14886
4078280,2678674,7002320,3927573,1963277,11291743,3278667,2489226,635539,810751,4510205,10641746,22748
5932151,4880476,8641096,5396494,2847522,11821258,4036610,4330628,690875,967089,4688545,14517090,19741
43753796,26909384,64782865,32655793,27089511,55435467,49209264,51301975,3271124,4212497,55983521,124939655,119342
16607744,12740887,27187374,14889595,8762515,29277860,14327699,17449870,2373406,2839531,22624598,46395071,58460
19481263,9405593,31279729,19206305,13700298,32792580,17975321,20039859,1792509,2438737,23334231,40254949,60207
11269325,4672615,14630528,7173887,4271423,23506571,11048013,12341349,1479790,1402471,11375947,26972306,48378
17100070,9917062,24103254,12993429,9106607,33426846,17310666,13372930,1488291,2114401,19138279,46473975,60010
18449260,9403338,25541433,14836238,9474620,37582641,19558015,18519570,1964924,2588937,23653269,46981839,70928
20933808,10578230,31331940,18747634,13444667,47602172,22010826,20265030,2237735,3017197,28031972,63854975,83307
36631327,15441112,51564519,29296963,22120491,63472206,38661184,39289256,3139893,4056461,47900699,116641599,122504
27609914,8540326,39869941,23428386,15999313,54772654,28889626,30469570,2891614,3604372,37413416,82571462,99833
29722827,9749558,45611508,24115582,18140568,58789320,34387193,34807059,2631545,3353180,37466459,93168089,107471
16985999,6526228,25650071,15107030,10012447,36027144,16496144,16956213,1986338,2566505,22995283,54165087,64304
29458584,7681861,39060916,21199210,16921156,41876702,25706715,26512075,1957108,2643052,38026504,97085762,97287
26368570,8199545,37835981,20972203,15907703,44758282,25701314,24988944,2197328,2781317,31182494,70916556,84448
16517599,6695490,23053028,13481132,9198263,37950214,18216965,19076248,2118600,2438363,21784497,49986466,69167
3776103,2562920,7261255,5065743,2561137,15379195,3883144,3540772,794396,1013840,3924875,7200641,20065
10266622,6795511,15682334,9913205,5382237,17653915,4602648,5764284,1517444,1636296,11553408,24197766,41850
1402837,1306018,2414551,1963823,405456,10330975,781603,821081,605215,720096,1912469,2344024,10183
1929137,1215931,2202408,1954950,2092898,16570037,4313288,4476487,997414,1143730,6389636,13950613,12647
2459856,1543791,3354687,2024077,275707,7960078,746558,1021590,548816,644137,2413205,4927508,15785
12509646,4605354,16076260,8510159,5309781,22887412,10532437,9208872,1299648,1620357,14162382,37947837,48673
16949785,16726314,26816137,16669865,11495586,42865035,22640388,22478926,3206948,3694412,23534016,41258922,58517
18573223,23156949,26803511,17075358,12993052,41476790,20830040,18478048,3703020,4406986,30066816,61042649,62144
6905440,6747899,9441690,6158213,3085874,20727539,4988489,3936172,961430,1199954,7420788,16357324,34216
9047665,5287139,12662669,7960394,5200915,28649065,11801757,12128455,1500497,1811476,12245438,30540234,38641
13842664,7296113,23396398,13043583,7078998,33777491,12629840,15005664,1985259,2431200,13891073,34836065,59999
5772683,2307824,6377015,3882144,1112254,19782607,5010919,5181103,1091010,1262554,6416478,13701939,34400
5654558,3616730,10147374,6401528,2463651,17523549,4186030,4372421,1253112,1417701,6141758,8339118,27620
1460190,792849,1991102,1958575,892069,5558147,885264,995397,443541,516166,2653118,4051048,8248
636926,107573,921524,383020,268471,230875,28808,30688,15233,27451,634703,1870151,1745
3139170,390676,4542630,1303911,557116,1931657,815284,852239,72182,102159,1408164,3328131,10244
1502293,332042,2173675,1241017,479392,1884193,602012,630181,95471,116846,1225876,2530077,4789
318887,401275,461330,288259,278246,805764,503795,1214728,4299,47181,699821,1493107,1189
54273,17963,78051,53069,182610,507585,357546,672429,3094,23040,467486,958154,412
34117,20321,49629,34491,179595,520802,351725,366714,23147,64513,1790976,940730,204
51496,18912,74796,49543,183276,396152,358221,373466,733,18505,933950,958128,297
417061,598790,603895,388870,358873,924070,706785,738892,5228,33868,1438813,1895679,1694
238951,19755,87443,58004,104103,563251,340791,355593,4221,34131,1212911,919459,866
11607415,7538388,16475483,11094631,6241689,14880331,11929766,12519960,870563,1276695,15859277,28107944,27666
335200,20236,72791,0,0,856179,345598,360421,3702,14930,444907,923791,1203
338400,25155,80044,0,0,920052,343311,358063,4636,15706,448163,923162,1207
508960,22733,80839,0,0,776965,510053,533800,29993,44647,694675,1367687,1612
329040,13349,60920,0,0,573526,337046,351323,3462,13916,444003,897256,1028
313600,42560,383169,47843,0,832337,348919,326643,2860,13212,418809,839877,1053
18876767,5988017,26834644,16436714,9140876,23805642,15845672,12710358,900372,1196048,15493568,40219360,59379
428480,751729,619633,124619,36513,369646,389032,410409,102787,131384,1505897,1066858,1229
484560,90919,700947,49357,15589,243453,480507,500674,22543,40096,891833,1281352,1351
474720,68887,686751,47293,15827,237278,483090,503428,3911,24131,902150,1280016,1528
327120,50271,473215,46930,13801,206752,328349,342334,2534,20027,797340,872905,982
313680,50684,454144,238950,13981,205504,132010,336319,1923,17556,767596,858275,706
332640,47707,481576,287184,13924,202681,25865,355408,3451,18145,808582,903108,819
316960,46731,458683,272939,11749,176410,21868,337884,363,14809,664779,862115,947
479680,80411,693729,417107,15275,225930,28346,504431,13384,32207,887130,1284257,1494
326880,52711,473132,282818,12166,183665,23066,346001,3169,19157,720851,911741,1046
656480,516868,949742,606796,160203,985618,306273,608036,69494,106935,3228212,6188143,3222
2351204,1296343,3115089,2066750,614789,4445422,872155,939021,334376,380845,1326764,3271056,11480
625920,638356,1766671,1161875,540678,1113126,285783,298930,100136,106392,780462,1456440,2592
484160,93858,945218,563344,342687,656240,29297,31271,3277,18491,654938,1314008,1737
572320,151841,1525800,905410,558316,912737,327265,344657,44605,51672,749852,1493770,2031
520960,122152,1260033,739048,473990,637952,303669,320267,40767,43154,705425,1399510,1411
344160,138667,1367597,815571,498761,495792,27550,29487,4709,16549,457136,916297,1081
354080,79443,602568,802327,482418,886303,341354,40583,4363,10816,458666,932717,1299
339680,56797,491547,519654,321074,680547,337011,31622,8081,10794,452170,908918,1171
873840,508018,1264580,1237189,733933,1786297,840484,394818,63318,78957,1162652,2266177,2843
361120,83916,522606,910778,526196,1377192,342463,38054,5986,9482,470879,927507,1205
847440,924858,1225978,681838,335299,1146659,717316,808947,170671,201293,1088496,1957006,2842
331520,53667,479525,38004,11867,183290,327954,526338,2593,18520,448536,858107,1015
330800,55122,478616,39086,11762,183411,327936,529029,3600,19267,448800,857309,989
466160,73769,674428,359873,17892,260080,267198,765575,1874,22081,634255,1236309,898
330640,52369,478350,293014,12120,179222,22579,525697,3743,18965,448299,858360,905
334960,60234,484770,297960,14146,210653,26325,613061,7374,25474,449733,860055,1035
359040,61957,519632,319077,21971,300898,40770,1071457,4120,36876,473514,918018,1085
329200,50191,476487,291833,12133,178206,22564,526163,2479,17839,447217,856214,933
518080,121349,749798,475802,45801,295660,27165,1087055,70205,118769,774723,1289333,1681
333440,52390,482714,297288,165386,182366,22159,23684,4250,19667,691236,864102,1094
338000,59797,488824,300593,167526,214759,25919,27705,7943,26120,813141,873435,1041
327760,56592,474362,291427,162731,176276,21496,23001,6161,22351,681111,850118,1090
329760,51472,477362,292562,165335,178365,22222,23685,3237,17961,684620,858590,1017
573280,552228,829243,519674,273151,474609,57169,60729,105308,139749,1868633,1459941,1182
637280,120324,922014,572511,312623,293398,36904,39418,26557,50775,1237385,1630258,1853
340720,54221,493023,302962,168400,464901,29921,31872,0,20854,817178,878558,1031
344400,59036,497948,306341,170025,480939,28871,30675,0,31281,1042439,885913,1011
331280,55473,479543,293313,166698,376034,19779,21026,5385,21527,800857,917961,759
332400,55701,481081,293390,167714,369859,26702,28431,4544,18086,811340,1565181,726
488800,73135,707235,432636,245958,600048,29770,31786,1719,23124,905247,1720623,1423
339040,56127,490445,300746,168057,466724,214127,29276,2627,29638,796148,1519999,999
327520,49449,474259,289496,165382,409034,328030,24118,1334,0,680315,1296924,926
342320,58443,495431,302705,171706,419768,339738,34477,5145,0,1116493,2150679,740
354800,59749,513456,316308,173065,522441,342743,37988,2242,0,1059170,2016020,1049
497520,77440,719366,439929,249178,642474,494433,35971,2716,0,1050062,2005936,1479
343040,54799,496411,304584,170027,488410,336666,32417,3435,0,964629,1834674,1026
324960,54922,470305,286271,165684,325834,328699,252282,4121,0,673042,1306982,623
566000,452144,818621,524348,260556,881824,521253,546121,71993,0,0,2482399,1678
334480,51275,483372,294623,167626,450168,332209,346758,323,0,0,1552653,1009
364240,61231,527047,324858,176652,588949,348913,364487,3322,0,0,2658397,1165
496880,82380,718798,441276,247483,666744,490723,512147,2095,0,0,2182844,1432
477120,76297,690232,424798,240007,499653,477125,497675,1627,0,0,1707672,916
331040,51712,478933,294005,165330,434536,327901,342173,1304,0,0,1303591,990
619360,516057,896158,598747,258336,1373521,516724,541502,99540,0,0,3013588,2317
679600,664872,983569,685367,257415,1513031,518142,543825,133078,123920,0,0,2588
485360,76866,702320,439270,235991,553432,473566,494532,5038,10449,0,0,1691
322000,60699,465437,291630,154725,386016,310596,324382,4666,3763,0,0,1192
326000,51046,471688,294896,157313,430526,315691,329732,2075,5357,0,0,1451
395200,520586,571817,370234,176911,532975,359200,378387,44566,15436,0,0,1780
500057,62665,496880,313084,159528,561505,318813,333297,4236,8111,0,0,3181
2386233,312002,1399896,943387,399778,1842654,807101,845657,114902,142607,1023334,0,0
702439,100264,494357,311029,161889,503140,324196,338759,3202,14168,42544,0,0
495658,78698,475900,298498,158101,427123,317485,331625,3345,14140,32030,0,0
631756,95450,659750,311486,161098,498791,323238,337722,5303,16468,49498,0,0
728308,112658,1053932,316951,161950,485295,324430,339052,2351,13900,40773,183765,0
728921,121295,1049681,653375,232781,537302,467121,487808,7130,22249,45994,106011,0
73177,151721,1462383,911249,456686,583000,338012,353475,4917,17511,61188,142067,403
49492,114592,949172,602679,312968,649242,465464,486003,14364,28450,41377,97187,254
44256,85900,843888,525887,285425,453333,321844,336260,2317,13409,37214,85395,199
35830,64899,592396,500909,282742,364976,323785,338119,3331,13035,28879,66053,190
538137,859571,1095692,849278,845925,2009121,828010,613850,109150,128656,583695,1004935,3034
51149,64919,702984,439941,315742,779322,635054,491426,2324,18069,572855,103042,275
35198,11655,470108,293284,241242,556949,485103,329715,976,11763,440793,72365,174
51292,18083,488175,306784,286651,676211,576436,336039,3552,14566,452378,100272,313
37161,13617,462780,287102,245514,424974,493918,331047,2712,12118,436645,70849,170
48251,18246,488667,306167,340268,744396,684240,338140,3154,14193,450925,92749,243
87618,31535,749995,469626,251613,1312886,1185407,1167957,4676,22483,686605,166885,478
40102,15506,80913,304586,161191,559840,490814,512381,2249,13010,451283,73850,201
2163258,1974322,3130919,2210819,813178,2790605,805886,1507245,710675,623955,2878202,4469725,6591
37808,14955,55155,287040,157268,332872,315606,329573,2719,17125,683750,0,217
44845,21794,64443,306124,163120,450474,327126,341778,3342,21767,813189,0,212
50825,22186,73050,440143,234735,628407,471617,492498,4338,25804,900388,0,271
43190,13437,61901,300884,159547,465537,319836,334133,2500,21926,815389,0,220
162810,753360,236218,521798,257265,730638,520186,546787,49310,58279,1788753,0,549
417757,19561,82580,253243,142478,716916,464267,484963,17514,47326,992685,1813370,997
325760,14385,56993,38193,11994,429328,315783,329824,2078,17893,680588,1254077,971
332320,14366,62246,40692,14353,464307,320459,334765,3055,22319,826609,1520747,1022
1180480,1075218,1456360,1035831,358775,2258832,986765,1035203,146309,157851,1805614,3217248,4057
331680,94374,864249,545458,290062,372332,319239,333720,3160,13455,36428,81854,237
343680,94864,875237,557091,286455,489025,321710,336389,3641,15530,45245,100165,270
178413,102307,866565,551441,283159,468954,312056,326296,3381,15430,35959,80213,223
38051,76172,721146,458010,237469,419564,315161,329458,3213,14390,31021,69391,167
84219,167164,1565963,993317,516009,754139,488981,511370,8701,27199,73063,154217,420
292299,113274,1026915,652056,338363,527639,347304,365458,32394,44657,381840,666579,942
47066,74974,678230,568598,294015,525955,320603,335245,3997,15299,37992,90200,224
41175,56357,487463,567658,294824,693560,319138,333687,2526,13806,34781,78146,200
39786,50084,460311,441068,227819,575352,300771,314407,3578,14533,400839,71946,176
46284,16569,695796,592764,313931,611691,468757,489828,5033,19487,661155,91246,237
46306,15602,494038,546953,281894,616749,321428,336095,3850,15220,458012,86814,229
70980,29305,528639,928076,481792,1103782,336656,352295,5425,18023,477985,136391,384
43718,16320,486932,538549,280404,640319,319459,334040,2409,14122,453959,86757,212
50212,16782,700491,607029,306179,733043,457259,477799,12049,26145,655229,94976,253
37472,11624,163812,447917,237599,447254,316109,330428,1002,11524,444805,72749,187
65441,19883,95297,895514,469334,990912,482099,504084,2929,19539,682284,130864,336
44754,13898,65277,547957,282036,708326,321402,336079,2283,14138,458267,86871,225
52996,18749,76435,375257,325223,783870,486918,340169,2748,14244,462094,98246,283
34946,14972,50453,303193,238381,573785,484711,329324,2363,13173,448260,66752,169
33557,13019,48469,294086,240484,401547,489016,329314,2454,12136,442285,66504,158
819332,1135936,1185432,762413,167573,435934,344335,561392,69139,85753,794976,1390848,2216
1038141,169699,1502486,950333,168540,340245,46572,49572,3803,16882,478026,888853,2847
505299,78829,731220,462996,155711,180727,23138,24651,1596,12900,447107,812395,1447
599112,99918,866723,550562,158745,197121,26992,28693,4198,15610,457246,833791,1557
577812,89675,835847,530410,157606,206397,26920,28705,2364,14071,454019,826532,1646
735832,112633,1064630,672897,233198,269433,34158,36487,2888,19567,668862,1220343,2128
558205,94327,807909,513096,150629,223415,27214,29052,3115,14637,434181,790601,1704
490619,76819,709805,450109,155477,421231,23053,24539,1410,13071,448288,813149,1381
933993,141644,1350738,850861,166142,465039,41975,44682,2032,14117,469572,873568,1789
648085,109071,937589,599472,226533,589757,30400,32351,2537,21694,656951,1190498,1603
635853,99073,919948,584281,158620,480715,28134,30192,2336,14352,458952,834218,1773
753513,117777,1090433,692396,233470,634987,34737,37031,4426,20069,674301,1218635,2125
646004,108091,934604,592573,152505,481102,110769,31896,872,14351,438334,799104,1849
543856,84427,786753,497105,156776,365775,318148,27371,3690,5830,448769,820093,1096
493238,77276,713622,452823,155402,422535,315251,23993,1571,3672,448470,811741,1410
536942,99588,885258,562587,171668,482823,322323,29178,4466,7075,459318,837598,1589
497840,117793,1080015,685616,355859,642804,474240,39442,4713,7995,676192,1221818,1474
323280,74929,705425,444658,237087,321111,315338,24044,2,2019,443024,813372,634
349840,110183,923143,857231,445072,610037,321628,155043,4786,8359,369589,842947,1051
336240,54060,486918,538480,279714,671022,319245,333820,1285,3925,36539,825390,1002
341280,57453,493912,626184,325972,766647,323144,337939,1324,3896,41310,835228,1017
502240,89755,726642,690971,355098,861183,475193,496811,4884,8005,50245,1227522,1510
330560,58291,478214,452008,241713,403067,323162,337788,0,2208,31396,834079,599
333840,54276,482928,504422,261549,621280,316791,331149,1903,4013,32371,815984,996
339040,57794,490405,530472,275406,641143,320247,334971,2489,5799,38130,646682,958
567920,546887,822276,1094741,534666,1252052,519027,545942,41005,9078,70769,160712,1510
473200,80390,684850,661140,350517,603728,461160,481901,4993,4649,45006,105107,805
490480,87655,709575,683574,360990,641396,474672,496083,5713,6000,43683,100738,1013
335600,60018,485794,465279,238651,595641,316698,331078,4933,7936,32365,73572,994
349440,64026,505438,638423,331942,758298,325556,340491,5441,11766,55508,110028,1007
787360,582764,1138975,882721,368834,1622338,657457,689486,94081,130506,78236,178291,1832
336560,61370,487266,47775,15163,237098,321390,335965,4858,15472,856269,1557685,1075
482400,77696,697944,46473,15784,237981,468961,490034,3769,18426,902670,1633964,1363
329920,50601,477637,34569,12016,179238,315356,329665,1431,12298,684877,1228601,1407
775120,530517,1121983,959734,479725,1370915,696405,729937,56453,81536,948522,1709997,1872
343840,58871,497469,623103,323050,773896,323204,338036,2365,14049,43255,97171,266
845822,545643,1103194,900331,393864,1598260,650181,682477,70085,96637,85550,199567,494
741970,87574,701663,299203,18452,267186,376065,479847,5613,22428,1020303,1831853,2145
494471,55490,477900,303575,12257,186793,22844,329784,2881,14227,682005,1228657,1456
579683,54231,482919,305400,14304,211495,26630,334005,1202,12683,799232,1454001,1687
510739,79410,501130,324312,12465,184965,23203,332766,15121,25425,687126,1238157,1118
868324,359327,1241817,865600,59975,1720407,59709,420792,104610,125557,676828,1551851,3019
454000,248652,657217,443607,23886,374299,0,1068332,245876,94398,561726,1016076,1772
619120,97789,895776,543172,211332,305434,0,829125,15870,29856,833019,1653941,1987
326640,50469,472482,283152,167878,211422,0,0,3429,13672,437128,880033,1085
775760,591391,1122530,732683,340507,455046,0,0,120298,123793,998762,1855530,2714
368960,393100,534264,332117,176490,962993,0,0,45306,40820,490873,954042,1292
318480,46664,460935,275345,165689,581201,0,0,3264,11819,431081,861385,1018
497200,73696,719224,432432,253924,1245972,0,0,2967,20127,663857,1326044,1695
11189808,4836822,16069341,8536319,4772219,14749140,10395518,10720629,701721,995682,14911388,31000590,32981
13017191,13170347,20005251,15061755,6796135,31115159,12241869,12783838,1951906,2479559,21527734,34906230,45154
12609026,4184154,17120323,10082047,4609382,12754757,3665328,3867726,597166,1068990,16444641,36665760,47063
20772680,24290446,35945888,22658830,10572267,39616506,19630676,21885934,4330287,5057022,32038486,51364598,71379
15121433,13664014,24482134,16006473,9090133,33073321,18686404,18937620,1965647,2512451,23929314,40844370,52935
637667,83715,922492,521438,12468,190199,23187,368798,3820,13680,437901,948342,2370
475719,61230,688249,384605,178536,185939,22599,82917,1021,10555,429189,935765,1602
1134827,383880,3960472,2247817,681273,1751563,806438,844000,68591,101118,1385586,2881444,3915
327680,83479,882218,499945,345234,192748,24019,25701,2611,13166,438204,946299,1175
534000,100808,975127,908246,819369,390957,60123,65142,5446,21582,694648,1507487,1839
474720,73713,686864,400307,361935,0,0,31673,9752,22291,638255,1342038,1381
317760,43171,459799,262814,327301,0,0,26724,935,9590,432634,919244,691
326640,45663,472443,273807,382098,656450,0,30916,1964,11190,437543,922014,859
332400,51263,480669,281128,383109,601624,746196,34968,3183,11774,444535,925660,762
322400,45460,466489,277304,261268,580205,511809,22865,2575,4646,435978,875942,1053
469680,66787,679459,406109,334763,789712,656034,29794,767,3602,637534,1267046,1543
313120,43384,452729,268044,175649,408900,522916,21343,3948,5872,425442,860745,674
328400,44575,474986,282148,172233,539426,680106,0,2368,4880,443866,898933,782
319040,43413,461348,273403,168192,508025,621903,0,2908,5167,431612,874466,715
346800,58738,502165,302220,173696,1250367,1114849,1157108,2462,6070,250543,910998,1096
474320,61605,685911,405049,252135,699298,788656,821415,2192,4984,44248,1306452,1165
334320,45900,483871,289636,171290,782983,709792,739412,1239,3852,42610,892864,1046
337840,52122,488229,293278,172087,876714,797144,830378,4020,6908,47940,898515,1066
329920,48442,477050,284134,171817,671630,613259,638827,5390,7625,40622,893057,1040
314480,40138,455155,267950,168899,404034,513937,535360,612,2417,29732,875550,654
478080,74126,691616,413664,246918,787189,949744,989350,4974,9077,58643,507273,1325
491600,71639,711066,424494,256077,605158,952083,991627,8736,8771,57522,131253,1250
480000,80841,694664,421635,243934,658152,766975,798825,17859,6862,48599,103932,1343
329760,43252,477023,284378,172431,424113,388942,552610,1185,3503,32024,71415,1010
316240,43607,457425,270150,168959,321427,330553,535807,1491,0,30580,68336,693
325040,44032,470446,279216,171402,376150,335103,648796,1131,0,36131,81839,792
468480,63854,677487,402791,245686,542501,480674,774185,1024,17911,45681,105677,591
324800,43208,469704,280278,168021,445846,328468,620267,256,16205,36139,83509,204
320400,44065,463706,274677,169817,349726,332505,536847,2324,14777,30537,68590,175
316800,46021,458537,271268,167795,350345,328043,653017,2072,16963,34134,76560,191
346960,50661,501638,300626,177419,521300,346246,962448,6174,30163,49791,113036,271
473793,419465,770581,473578,261564,754037,515601,946293,4475,29881,444720,849570,1237
47937,46878,481076,288023,170648,496101,333350,782673,2601,22567,42204,94769,264
41757,44128,459770,272278,168151,362023,328718,643722,2031,16888,36137,82885,212
34447,49115,464558,277857,166705,414120,326333,547299,7179,21526,31423,67876,184
33420,42146,458848,270377,169813,323798,332616,537874,1395,14216,29549,65279,153
51307,63960,690475,411869,248494,623341,486083,783549,3045,23092,44815,102820,246
67130,40286,506465,303465,177180,562432,345613,1003466,4619,29899,298694,135632,366
39846,12609,479707,285392,171636,449177,335638,660200,3001,20865,445528,80115,216
42992,15426,63224,168147,237658,491655,466049,672343,7466,22272,613815,1226804,237
35626,10970,51465,33823,168923,417837,330482,531883,1274,14692,438519,876177,190
49529,15237,72176,47463,168173,515185,328864,726325,10107,30288,442174,883522,240
56675,16769,81952,55787,248530,615724,486164,787246,1514,21871,643831,1289188,249
37461,14558,53837,35761,169045,316196,330716,538194,1433,13695,433095,876423,172
86071,12057,55984,37071,156599,372787,313674,548252,1335,15407,413432,835109,286
317920,15317,54340,36363,11691,415964,324220,523947,232,13553,430583,860978,1033
330480,15380,70083,45740,16014,482597,332277,718287,2213,20013,441932,885528,1069
603200,40024,138329,91670,31032,871663,563833,1178025,143599,172080,803179,1533073,1803
316640,59851,696260,412252,255912,413769,324191,23320,1740,3684,429676,859443,1001
325440,76315,876576,520018,321672,453950,329197,27876,2113,4122,436706,874802,1012
321040,87711,935567,555348,341365,483130,320515,125627,4415,7045,383929,854140,1046
325440,70589,827741,484799,312812,357433,336603,350905,7140,9525,46605,893884,699
471280,80960,940986,554473,350698,513703,490661,511238,3633,6432,48677,1296209,1169
322480,56865,574932,477426,298695,449265,329374,343437,2051,4360,34948,878739,860
354160,53984,512640,817699,505218,1040681,350880,366140,2502,6230,56603,940884,1090
473600,63565,685629,623689,381820,788292,482326,502673,2360,5488,45572,1278056,1263
310560,47589,449382,480071,304982,502660,318222,331726,2737,5757,41626,727757,706
323200,41082,467781,418311,265573,430855,337013,351183,1289,2702,31234,70105,755
467200,58893,675857,551770,349966,593004,489162,509658,1122,2687,38867,90561,1123
345840,54532,500047,811528,493064,1127028,339994,354934,3187,4459,48397,106010,1157
316000,44578,457122,482270,310301,467766,328153,342058,1538,4322,36401,79898,672
322560,44502,466836,486931,311208,489287,334592,348770,1490,3377,35742,81971,709
322480,44525,466727,475171,300556,497931,333432,347565,1679,4735,32488,74482,780
505360,404525,731377,503219,395473,844619,591380,524035,26714,41128,442249,839044,1219
358080,55871,517902,309150,517185,1081488,1013254,372810,3108,14219,56957,131515,346
326800,51451,473114,285249,304895,494008,597524,343393,5209,13442,36577,82611,209
337280,50191,488438,292622,408603,869388,801340,352180,2638,12814,43888,101409,255
323520,49954,468082,279877,303639,635059,594796,341873,3845,13317,35887,78656,194
474320,65972,686134,407956,341938,764280,669854,509050,3788,17868,40655,89188,219
238398,45209,454808,271438,250543,576982,490896,332173,1929,11284,32180,72054,193
64345,52887,501913,298386,516519,793648,1011810,365984,3305,13124,55570,130254,314
57839,65500,702565,416579,443453,709059,868879,524102,3909,16433,50318,116358,275
60377,558765,784335,488859,372646,833753,739019,546118,56322,69148,55561,110656,327
37868,39874,464895,276048,261162,539400,511594,344550,348,9639,31187,71206,173
49804,65288,684024,406182,432289,781780,846782,508161,2419,15478,43197,97409,279
72224,42954,502037,304028,517428,1230648,1013744,349521,5197,16677,331033,140334,368
41308,13682,458984,271559,309300,484817,605872,342143,1737,10404,431329,82255,221
44318,17377,486476,290848,317388,640342,621789,355352,2510,12185,452541,82078,210
34680,11696,457880,274074,253901,589914,497727,333339,3416,12695,427572,68992,155
59059,36233,686300,408146,428258,755522,838855,508821,5633,18696,646868,109888,310
67325,24661,507524,305828,517289,1087730,1013223,359430,3950,14821,458003,130859,341
50155,18967,372015,311720,228389,493282,452375,360485,26562,36105,471943,97962,255
713121,620704,1031867,749357,726520,1782635,1423304,716361,107791,130205,1017698,1640356,2597
35700,14277,51826,278875,270833,584688,530546,344961,2823,12361,438750,67241,183
57580,22965,83119,406884,394859,626458,773955,516995,3663,15674,650696,114347,329
41753,11589,59585,275153,312498,464338,612170,348645,936,9361,438040,82139,223
1497711,1764155,4162631,3968909,1238488,5206365,1882091,2020846,463443,526843,3146664,2503308,4735
340480,56265,492060,751929,459735,817022,37198,39578,1659,13896,444348,904259,1243
826400,927232,1195600,966703,427551,2107965,499111,527019,68996,150010,1063328,1939542,2862
473840,74396,685589,569396,340803,796866,27238,29026,2983,23458,638142,1271407,1439
479600,63327,693931,622046,396767,592556,32534,34700,2742,14720,656239,1333473,964
331760,47339,480328,501558,307455,671447,26301,28095,999,12556,445140,892113,1024
324160,45954,469308,539154,332645,727631,24469,26013,1639,12324,436322,872714,1016
317760,43724,459699,406581,259011,407313,327719,23598,2282,8204,433459,880512,674
757040,521024,1095468,685928,351446,1258134,702109,811816,24543,45774,992433,1908247,2235
472560,64819,683165,50644,16892,249352,494260,807132,3744,21093,646464,1314118,907
334400,47764,483689,41844,13987,207007,336573,629285,3160,19908,448334,897072,1095
454880,966056,658280,208536,58045,406319,412806,1212486,20907,51471,606022,1134609,1233
1930480,2018287,2793450,2074027,1168954,8047195,1858826,700909,334196,479151,2422026,4161515,7161
334080,51905,483093,290473,171337,477197,650457,0,0,4704,447944,899008,1233
486240,77809,703457,423602,249944,590052,824670,839768,0,11187,374697,1311009,1369
340640,49036,493007,293853,176458,481656,709503,739096,0,7162,43793,920888,1122
316960,50463,458328,274408,163475,445005,498863,519693,0,3507,31850,857520,1107
325360,48517,470384,279227,171459,374278,640638,667338,0,4477,35636,894374,802
359680,62280,520609,315794,178140,602592,1113795,1160217,0,10934,66390,942103,1243
483440,83551,699499,424255,246218,653525,747433,778447,0,6815,47816,1287621,1446
475520,68005,688409,411283,246098,658785,497669,801050,2283,4981,47081,743884,1612
319360,46653,462248,274540,167904,372092,328232,660345,2162,0,33864,76858,771
313680,53660,454136,271386,163442,357179,320108,523905,7346,0,30807,69655,752
327360,47240,473419,282059,171465,377667,335247,681707,3131,0,33949,78572,793
328640,48821,475339,284746,168719,455594,330142,625256,2512,0,44258,99084,1074
463920,64987,671440,399505,242273,611020,473976,761223,1306,10227,44017,103574,1558
311440,43156,450716,266411,165702,327292,324145,528267,1930,14068,30209,67899,180
315360,44334,456070,270031,166579,349191,326122,530652,884,13214,38488,86172,268
351760,58339,509094,306247,177387,554300,346172,1052815,6875,35167,56746,128082,335
334640,49111,484089,290199,171280,493775,334908,757146,2378,22858,47234,106379,279
469600,68444,679526,402937,248527,506234,486167,790627,4543,22767,45925,103946,306
262164,48503,445820,263892,161978,381894,316676,612690,1547,18279,36369,81474,207
37018,45640,463160,274177,169458,370293,331633,397896,3163,16743,26257,70439,209
37470,44618,460121,274072,165831,411427,324401,338135,1688,15691,0,74177,199
71763,61768,518221,313700,178211,592360,348101,363313,5505,35748,0,139099,399
68781,84472,916063,543445,334579,718338,654593,682212,5227,30271,0,140386,339
158360,525599,743901,458093,255899,552928,506301,530772,13141,32131,0,308226,324
36608,43793,464952,276457,169302,348749,331331,345352,1757,14828,679785,68637,175
37337,12193,460229,274656,165740,414997,324238,337971,2223,16312,666337,70541,183
288119,498826,541841,337165,179066,538867,354370,371800,1301,21334,913725,708003,1028
51520,20501,486674,293181,171105,486766,334499,348871,6021,25339,945807,94235,247
42641,13598,666433,393699,246249,487587,481930,502144,1670,18202,870085,87105,220
34043,10906,451281,266719,165702,327102,324145,337848,873,13556,662859,68114,173
43181,14453,466195,278797,166366,438071,325625,339443,2240,16304,672600,83536,240
65920,20204,501540,302632,173658,566275,338712,353505,6158,34424,1280758,132045,329
54303,20363,78544,290210,171645,485425,335711,350127,1204,22657,1002076,107577,304
51994,17984,75806,410937,248507,622167,486134,506701,3608,24808,1004625,0,251
36253,11099,51987,279606,166618,444428,326210,340041,3142,18305,673630,0,172
46843,19077,67358,287648,171594,457909,335507,349780,4511,20889,819648,0,233
694758,109579,1005394,845147,351113,1514650,691845,723972,88980,127416,1039229,1282949,889
564411,79988,795667,467647,164901,360930,322421,336104,3925,13048,35480,83335,0
0,150981,1761986,1042821,263367,751649,514262,536442,6867,22382,78514,170553,0
0,57100,704198,417264,169047,413409,330727,344734,1309,10175,31425,72353,0
0,89024,903737,538964,241369,517578,473505,493383,8259,19989,39230,90437,0
0,621475,1147644,720679,362398,2633576,713810,747317,213272,239252,826118,4935221,0
0,0,0,0,171070,382858,334482,348662,2623,11158,438154,897724,0
515465,0,0,0,145357,468300,316477,329977,2072,12218,421267,844932,562
639497,0,0,0,15512,601160,488582,509175,1523,15386,650255,1302387,2066
474466,0,0,0,11624,317095,324152,337783,1339,9196,424286,860590,1015
595819,0,0,0,15741,413457,339188,353588,5089,14231,450828,908076,1270
568508,0,0,0,13949,361976,334515,348695,1808,10446,439623,888620,1277
834481,0,0,0,23648,612748,378311,397917,37924,49092,530944,1033761,2269
461360,66858,887291,0,0,639772,470285,490108,4530,18022,626182,1251838,1523
333280,51976,553030,0,0,235616,335935,350253,2250,12177,446711,897004,1049
955440,617243,1382623,869369,0,0,982412,882565,104567,131737,1237083,2322420,3386
344880,63688,498865,46798,0,0,716152,349642,11414,21957,455492,907223,1218
363920,395476,526584,53505,0,0,406796,368646,29276,39356,489574,947580,1149
468400,63639,677425,545688,0,0,28022,508985,2757,15265,642462,1294383,1182
352480,58201,510331,826390,522899,0,41288,63961,4312,15247,460058,930609,1121
464720,78606,672390,686796,415042,397457,36121,38493,14895,22547,621336,1247965,1039
323600,42650,468196,421929,260912,539312,21844,23348,1238,10658,438804,876078,986
321680,50943,465640,421408,257155,574803,21443,22937,4610,14824,435837,866252,1034
320000,47905,462994,419494,257446,574077,21311,22734,2683,12894,434335,866988,999
470080,64133,679680,625149,394755,695164,32557,34674,3525,15458,640219,1289724,1151
328560,47317,475661,563555,362603,536478,29611,31545,2256,10624,443020,902299,730
306960,39673,443902,399496,246354,552389,235852,23374,1021,8492,413990,828872,991
316320,43410,457459,413295,256987,539115,324268,23466,1117,3074,429646,859052,961
329040,46495,475861,660235,423467,646440,336228,34502,2144,4878,440752,897863,754
7514280,4239269,9862513,6538095,2776377,13202965,5314981,3890236,593420,490393,3609855,11142610,20029
14120516,6588548,16817078,8779828,3809313,19978572,8477930,7427850,1371479,1803697,16900537,38478919,52639
37024981,17266790,48926295,28282741,16562977,41554934,28678615,28115437,1838037,2639871,42111518,97139781,109934
56867147,277329295,84018471,62452801,19168245,71722141,38582100,43485691,27484910,29464179,74302070,98177390,82760
17363699,24920960,24160850,19351381,4603361,28035430,8041605,10035028,4776291,5044763,19586150,30773862,18646
20331648,47295564,28121021,21567374,5498537,33535246,9728321,10879401,4400754,4343055,19506293,34904859,24831
21680047,26315482,30259900,23265101,5839342,39458445,10574556,12299982,4358600,5562916,22717005,36493646,22387
29048350,48240059,40185479,30442906,7622913,51490429,13642673,15096757,5640571,6438135,26016503,44471797,33599
32158498,66184833,42580614,32068242,7811157,51177670,14343547,16154221,6761084,8809967,28382951,46633331,31203
25048812,32810878,31298864,23531459,5818667,44799758,13103155,14038270,3671306,4790998,23573409,40656357,30408
23280114,28767379,32512163,24532970,6067281,42746055,12195925,13199291,3744419,4306505,23734072,41291278,22696
19856075,34148077,29874913,23365574,5624149,38524899,9492405,9683205,1539097,3141772,15930205,28714852,25162
15094887,7756409,22084790,16239274,3791179,29990855,7727676,8560652,1542031,1751663,11019973,20415526,16976
25662187,45730449,36309275,27162165,6655100,44469486,12626419,13552707,4372123,6158767,25400914,41917558,25070
19189735,15987431,28924607,22434676,5303059,35100828,9040818,9891222,2220005,2571101,15836775,29641677,24888
23803866,37357718,35378850,27122256,6248756,44726219,12351417,13855108,3954482,4346361,21732818,36826086,25788
26262728,32906787,36702712,27185948,7128700,48049497,15566524,17413348,6813647,7344873,25788030,44597501,25113
30314111,72550136,42901437,31490568,7747544,51528608,15505510,16020887,4881443,6544781,29425677,50421584,36831
28413502,55927999,40355163,30506094,7601632,47446722,13046384,14735588,5603339,5205412,24699605,44304734,31833
26459404,48094879,38182935,29905505,7511451,47106417,11623661,12992384,4108976,6665114,28486197,44190057,30668
28428341,83810979,45107607,34453577,8366066,52734064,16135819,16885924,6603630,7156307,23379258,40118042,25941
27038550,48255558,36558193,26996991,6344951,45975667,11438682,13679143,4835278,6643347,28189792,45184719,34187
26505439,27780513,35757561,27257603,6963770,49564054,14284115,16066732,6422037,6875741,24151058,41068246,26533
25329364,36293743,35591708,27354941,6618173,47271942,13170234,15072607,6005320,6941865,24094051,40056637,27593
25125293,38117495,37480310,28153903,6577823,49726667,13804790,15018366,4356967,4757222,23258048,40451277,27199
50480459,27823691,66743281,32930727,33271982,54985133,69251552,72937388,4331168,6298012,64637996,226704030,50319
27954983,23767973,37826819,23406937,9674050,42278319,20581225,24389983,3770784,4270161,35368234,63524212,75665
28565434,23078695,38727922,28935786,9199979,52366982,16746908,18566324,6040839,6507824,28950189,50255844,38091
32319135,12944867,40955548,27141836,11290892,48847022,23115549,24597502,2881333,3420931,37676742,81459543,97054
36466198,18595692,50078742,31857627,13570578,53961196,28621063,32139554,3163676,4409588,47706284,91741640,97391
25736673,14993342,37518086,24149117,8903089,43639761,19751326,21920473,2142996,2691223,25363285,56317552,65444
24977549,10927013,41375244,26556278,13858812,47342094,25396959,25007904,1523285,2224669,28919403,60024830,77927
24452226,8247567,33589993,20791510,10087539,43426522,20938209,21902905,1985987,2371358,28577977,58799836,58839
35586649,10315551,55330935,36778794,21635794,62518128,41041848,42208136,1702908,2711412,45994838,93327578,100209
40532563,10188596,56921816,34098937,19899267,52311542,35546478,37003670,1280118,2434461,51880351,119327915,103325
40025069,8812393,53446717,31653699,17965218,52667984,38705273,43600668,1237586,2483312,55496838,115872762,101934
32361818,9808765,51339548,30938514,17555838,54560542,34481635,34801104,1514997,2468771,42927606,85242752,101372
31898751,36884558,41652865,28633791,10654054,49171516,23004232,24278946,3185529,4876824,40009332,75341888,59321
32486092,8940609,45339042,28848830,14440142,51813235,31941689,34776816,2361476,3234090,42811226,87226506,86605
30213533,17181107,48860451,32133550,15947353,54868315,31717522,33114557,2401296,3088795,37972456,70733051,75451
35139883,45942555,47981839,32403445,10663587,52080941,22708149,25039728,3783593,5012048,36680899,65743377,66822
26927480,25450662,44061600,33543239,12429222,53418611,24608550,27695133,4334505,4976253,34834709,54291770,43956
24491756,53020922,36830486,27497645,6084859,38134186,9943136,12262304,5368742,6547668,25292338,39942879,24590
16412367,44404970,28730801,22310944,5713676,36178738,10902680,11850169,4576081,4225390,10609255,18260735,12963
24002883,47683360,32573046,24558429,5817128,39021246,10693481,11815340,3108356,1582025,12764186,31088156,26578
24242594,64160573,33299578,24778908,5950736,33381410,9099342,8304085,1099314,3258351,23411374,42285243,28518
22458836,47651516,28722680,19800930,4255894,29112676,7009112,9607727,4134910,4651016,21102765,37721831,27278
20559647,37754878,27613354,18186087,4233987,36880441,10654236,13541427,5143399,5622569,24255032,37300284,24084
23527722,61811925,30670653,21757085,5053422,28636238,7407660,7470897,2942954,4781863,23947061,41300153,31527
21777854,44353332,29395963,19914433,4123602,33654795,8934296,12234909,4719603,5114718,22840569,37130363,25661
14263470,1812392,22184413,20531890,6005066,42108899,12634244,14180419,6312129,6847114,25384351,30615029,14462
13504439,13280478,26957795,22045627,5323513,38302446,10900657,12495993,4666135,4993659,16866618,17784553,13808
20337310,45747234,32957960,24792687,6043143,39642085,11044241,12058255,4290702,4047289,12703291,25347944,17598
25186674,69501527,33672278,24821326,6065770,35322671,10960743,10885896,2780604,1316274,13632632,34214721,30232
22330360,43944046,31176972,23156084,5471876,33694784,8262699,8094956,1193115,3686267,22338539,37843013,25546
24641585,65688040,31768091,21305740,4383312,33055890,8788417,12266264,6120790,6731170,26621542,43261175,31383
15982560,10273720,19188515,14182917,3851125,33456334,10167861,11533647,4524558,4929042,21535839,32211790,21319
21190619,45839002,29973902,22822675,5694462,35396982,9532043,9681646,1039309,2998312,19499464,35466174,23764
13204399,18451727,29822407,25916615,6696163,38993262,12419533,13954089,6295667,6795127,20548036,18795129,12395
19409108,43196185,29877669,22619959,5470656,37170894,11003550,12205197,4615880,4232270,10386229,22100167,17762
7498258,21855539,10079382,7602861,2073256,13265362,3815922,3957136,1687781,626485,5235093,11960514,10000
1172832,997434,1588051,1104503,350244,3700510,706738,742185,196944,231544,490592,1652969,3954
616082,851278,1231864,1118656,360809,3742203,739008,771465,272188,312071,879048,875241,2975
1201724,1025613,1645465,928830,245963,3312322,721608,980427,323941,376075,1584579,3179500,4450
1136099,1015598,1545379,1081536,335858,3341731,495665,285915,215583,256044,1222832,2353269,4332
1173117,1102847,1652286,1187261,365243,4005023,741675,773502,247531,279154,555557,1581522,3629
12510618,2179731,18711454,14091805,3418185,26798747,6689939,7305792,493157,736294,10030706,19962367,10333
20704637,3001174,30210442,23143936,5374767,41290225,10228094,11637119,684236,1061781,17077589,32975804,14983
20618120,3119723,30118610,22647784,5219112,39084102,9874795,11113112,612190,975648,16823124,33289197,16148
21523066,3079975,31136992,23334332,5521936,41272265,10303784,11652799,533061,898209,16713440,34176435,17829
16251799,28730023,23451899,17761856,4381757,29175021,7927693,9885605,2391418,2532041,14893334,26659741,22372
22729674,35473727,30808606,23164913,6192835,38508646,10877312,11883891,2526077,4521619,21738584,36293165,27246
9369489,26338031,13717426,10073982,2449448,15631118,4527300,4624975,2479549,2637147,6999386,14079837,11593
1182138,966307,1647538,1000576,336279,3913389,482226,501669,140633,227688,846391,2192211,4864
902011,1117001,2385361,1375945,519534,4829618,1036388,1084221,336858,339950,852152,902616,3926
854189,580166,860069,574403,229501,3753587,683264,712570,221230,272152,1210780,2161114,3681
1169365,904977,1604939,889099,230876,2814728,288478,484856,226142,265147,1181067,2201201,4489
1163416,909858,1571308,943471,322898,3657273,463776,489777,131461,219269,860114,2282003,4484
1060855,1602585,2604693,1663987,538375,5313230,1087673,1135185,356538,359440,470761,938074,3733
869602,545622,1224581,758277,333658,4083023,848218,880773,269616,321060,1566802,2230495,3725
1121718,880125,1541023,926781,224351,2787527,271846,499690,224471,264875,1224805,2191922,4265
1137618,906987,1590704,961417,336495,3742969,685093,497188,130063,156035,807752,2112675,4211
867861,876085,1580491,941547,326475,3684514,661151,690487,220035,253520,471102,851116,2963
608589,589047,1176838,758775,326413,3865001,674056,699006,235103,280386,1191760,1516028,2959
20272054,3063189,28758100,21602566,5019558,39492558,9688842,11336475,751344,1114583,17057874,34369748,18141
21295111,2895939,30595220,22942162,5407036,41080696,10134837,11206476,508339,918093,17031659,34337396,17419
20886093,2905575,29806820,22775100,5412383,40654235,10174799,11408500,587776,906365,15984192,32206845,15897
19879225,2659134,29574601,22285946,5183879,38218997,9526921,10576245,541040,903599,15282344,30405170,14760
1355009,697880,1497048,838105,125077,5135320,734031,764479,214626,299890,1383450,2524678,7257
1306640,662829,1806467,1298208,290785,4842086,270715,399216,109783,242384,1247736,2444872,7365
1660029,826926,2211166,1519342,458053,6021766,929689,752245,173460,194480,965208,1811060,7372
982851,463055,1795267,1573359,473385,6416641,956408,999228,250540,255137,1300668,908824,5017
1338263,497836,1428852,752338,125644,4684070,714564,736079,160642,236057,1294850,2597850,7121
1311545,657450,1773751,1277936,346761,4683484,270688,283533,118883,260531,1346151,2591344,7103
1308638,650908,1821853,1306287,367590,5511875,744030,775983,110526,118379,545271,1712327,6696
941951,839540,1924464,1685245,458442,6203814,904308,945050,347508,430593,1437853,967387,4530
1284740,464105,1393951,754424,124760,4794527,735501,768296,166490,249151,1329544,2517701,6904
1350506,682165,1860251,1325874,361976,4939220,271713,284485,119564,254830,1287036,2543739,7456
1321315,636257,1791112,1277310,349546,5547230,711690,751867,119670,130425,562301,1770511,6927
702402,466334,1803156,1305295,362185,5615566,734734,766716,167913,238390,907371,892036,3453
1381802,514758,1467520,940726,248417,5492281,753602,967611,216216,305290,1688345,3472669,7343
1310545,646142,1780173,1276659,348283,4795186,275065,287571,125520,260747,1347043,2574548,6999
1309257,662742,1845327,1336739,365644,5651337,739753,772153,121058,131410,562817,1690537,6891
713114,493034,1858570,1315312,353160,5430280,704145,734681,173709,253865,953128,932275,3744
19083932,39690296,26486730,18870210,4573753,35132416,10033948,11838508,3550698,3254820,18533838,30855674,25528
17217069,17485207,28545929,24399985,5953291,38614499,11198796,12525210,5079217,4396738,19269385,24072820,16509
1989964,1968055,2510454,1874507,460367,6977723,928953,751086,519040,535294,1253839,2616923,6943
1344959,1700978,2126751,1683227,354559,6841750,943959,988287,649595,710873,1573005,1682741,4487
1739305,1680334,1780798,1430332,358039,7023683,925750,951100,618573,616031,1611793,2677144,7020
1701954,1957269,2163828,1688937,241230,5008682,276092,529326,619483,680777,1678772,2603583,6453
1705398,1884569,2157070,1692810,355020,6413164,719248,512320,488443,525570,1260134,2394490,6472
1377514,1795183,2136815,1875677,468760,6709283,928000,967876,621746,687930,1216307,897981,3315
1296772,1480383,1638606,1060562,239527,5546530,735982,768206,546371,602813,1597413,2478762,4544
1597894,1782567,2083788,1605630,227766,4901675,272705,516997,555500,607884,1500091,2375124,6279
1642871,1697347,2076820,1586836,348446,6163355,706672,514652,440370,473490,1218372,2603249,6476
1318480,1714808,2056132,1585567,357847,6141645,724696,754545,541106,590687,822171,885598,3302
1377245,1507691,1700663,1357057,355317,6015279,918563,944025,584325,648348,1912704,2551592,5223
1655902,1644421,2048333,1567514,238973,5453505,274514,528499,488742,583575,1584696,2589725,6473
3782229,2446936,4860045,3365321,1278959,10262180,2547751,2377494,440472,483988,1201827,8130801,15340
1582034,1604048,1991354,1501190,333281,5822869,676978,708389,499759,503134,780189,901740,5065
1079312,1291600,1606706,1515126,355637,5966231,728323,759796,509353,549321,1495992,861393,3089
2035844,1547864,1975471,1247731,239998,5149651,710833,731129,537693,595724,1813219,3266941,7768
1749949,1653852,2045881,1568258,349804,5957815,497397,522831,441048,542427,1250534,2609517,6367
2628795,2289463,3177401,2444723,609003,10007612,1458169,1517894,665779,653188,1250303,3324509,11092
1414297,1603584,2154219,1665649,454414,6985046,896989,732891,568152,624947,1976603,2543120,5032
1634296,1650768,1700506,1207599,127566,5497588,541637,766609,576932,627941,1625917,2519611,6163
1691445,1964474,2181220,1706619,356243,5744020,274704,284978,550251,654794,1602556,2420783,6129
1648913,1929756,2457520,1831290,448988,6568964,906268,952042,549430,535900,799952,1727642,6285
1023100,1312609,1663468,1323235,354723,6256282,732967,767155,561264,619807,1588991,1681531,3197
1699771,1578852,1703709,1358741,124423,5407582,487726,731416,557759,611835,1538465,2479932,6336
1664036,1822052,2080299,1609375,338077,5231463,488287,287761,506103,558074,1614382,2558402,6485
1633650,1686284,2020463,1586359,352574,6007134,725767,757259,484511,476720,821014,1611715,5077
1022651,1602935,2074018,1612795,460019,6613843,907569,949322,608367,668748,1562870,1715939,3066
1624875,1492657,1694701,1349658,128742,5526743,498412,758755,553418,601020,1601795,2471797,6200
1660577,1861320,2142372,1664167,355527,5590740,500677,282869,523970,566095,1548564,2411850,6465
1682365,1738895,2077286,1590260,337112,6019454,689549,718082,476974,525833,822660,1710918,5094
1047104,1463866,1730801,1671238,356416,6725049,732860,765216,562686,621669,1226703,922512,3824
1786077,1591632,2068736,1368557,240078,6001247,709926,962621,611389,669355,1951734,3359351,7233
1610798,1751741,2030658,1584572,327082,5589297,487914,280455,509834,563870,1582512,2473712,6368
1674880,1713246,2095985,1637190,353859,6273002,726995,758694,499125,542261,820863,1620666,4619
1018815,1596399,1752174,1669833,353155,6357119,704566,738204,557119,617955,1201328,914912,3486
1652561,1740003,2086205,1371837,333685,6498093,717993,750469,577717,703027,1989809,3196326,6243
1672485,1784150,2156789,1661129,245904,5732723,270195,514100,479723,606237,1550981,2474735,6600
2002481,1937444,2472522,1846703,447967,6694523,907704,730488,551697,528216,1170646,1743662,6677
962431,1543535,1643931,1597893,341806,6132444,706724,739095,543911,603111,1277481,882642,3181
1352839,1511772,1668194,1034459,239417,5264718,710320,729721,537033,585509,1529417,2475288,4849
1620143,1740420,2044068,1589281,233260,5332093,270251,513681,488608,602848,1572288,2529434,6217
1617492,1702249,2065108,1607390,350100,6091844,713776,516497,490016,472130,1159706,1606499,5888
1334001,1545625,2098789,1878336,463103,6601382,914154,958093,586683,645779,1555191,903189,3273
1604441,1567826,1661701,1057566,124289,5278412,721676,755058,548125,609057,1591179,2473958,6182
1615118,1717766,2066823,1600002,301706,5459078,272014,365293,471988,566921,1486355,2371721,6525
1698554,1750333,2082905,1578250,340793,6002733,697830,507220,497595,479993,1205298,1748774,6584
1260123,1519338,2031952,1578554,354080,6045049,731836,763902,557837,613352,1205503,876097,2912
1645671,1535573,1671135,1324617,239418,5993892,929116,954578,598610,651166,1884410,2472621,6264
1627980,1748152,2049609,1580408,343344,5238390,269705,281709,488636,600234,1577602,2543192,6068
1603364,1720008,2078920,1623866,358542,6136446,733801,764067,470075,446447,788847,1618853,5886
1155463,1808598,2509206,1889465,462062,6655780,910499,950516,617628,683220,1187984,894751,3267
1319985,1333780,1312536,1352368,235278,6145753,723326,761324,561376,615014,1614056,1705585,4702
2256657,2180592,2910306,1877541,460159,5507725,506519,521225,601208,722573,2219809,3922712,9074
1713404,1791183,2100499,1621162,340872,6080363,696276,731163,510349,494414,858244,1757235,6510
1030154,1557021,2043029,1584641,354324,6144104,732990,767357,544489,600316,1167905,875166,3009
1319103,1374371,1270232,1048408,238719,6041158,709451,730691,553954,601622,1527089,2458625,4659
1643015,1691086,2033801,1496500,232278,4812621,293467,515755,548299,604116,1595488,2534647,6101
1624089,1806577,2090933,1625728,359207,6115258,508070,530906,428256,531944,1166810,2377218,5930
1319891,1693671,2473460,1853149,459529,6434416,908703,950516,592034,599030,1193468,887908,4497
1263187,1320234,1246589,1030842,234238,5989946,713588,745695,532050,586253,1548758,2408578,4473
1647214,1747657,2090692,1601842,241044,4703212,274812,519666,538027,586512,1488019,2427050,6183
1667545,1742258,2101774,1615282,342818,6161731,702773,509744,430694,476436,1221960,2572143,6756
1304034,1765612,2046553,1588036,351059,6160082,725432,757690,550569,588876,805988,861327,3288
1332900,1396608,1652168,1354565,341029,6824583,906237,931623,618068,674495,1873976,2457735,4777
1674189,1659966,2041067,1585909,234285,4826266,273223,515180,530116,591689,1577990,2544917,6465
1600649,1799221,2096485,1626499,353371,6182928,722116,509707,425247,458166,1172408,2356333,6001
1358710,1720986,2094885,1611825,348676,5995588,693005,723438,538700,596601,821386,920764,3402
986796,1365060,1267384,1311343,343725,6082294,726291,759216,547689,607330,1593252,1673406,3027
2257539,2078766,2873654,1907454,333611,5075039,499645,752676,667776,727446,2170790,3793184,9081
1664311,1748711,2068549,1588271,339437,6055468,692479,502998,439227,479990,1208445,2554489,6505
1292991,1756778,2067389,1601673,354725,6106890,730291,760832,554051,599384,803182,885238,3086
1041493,1354804,1276633,1331629,347297,5989096,698025,721003,530862,595100,1531794,1673458,3270
1609847,1705889,2028673,1303256,124202,4678748,488086,746911,550970,604576,1584931,2534496,6103
1593996,1737851,2044203,1581464,353099,6030184,497365,284011,418141,518901,1497479,2346639,5715
1644022,1934299,2438062,1853871,448974,6575395,887365,928161,590939,606396,970938,873585,4369
987497,1382321,1279677,1317789,342417,6072827,722298,754401,552030,602855,1571163,1644156,2832
1611617,1761244,2085731,1329342,125308,4821375,496960,744277,556476,603602,1514613,2403821,6153
1713809,1802997,2135684,1636239,344712,6252997,489070,284275,431910,544343,1598201,2594441,6723
1640623,1784645,2105136,1639458,351873,6365844,728964,762160,565741,548595,831745,899795,4886
1346153,1443741,1704058,1642171,358334,6840003,939788,965790,614358,690580,1945477,1685383,4759
1658979,1676097,2024640,1309358,210765,4686761,490122,563637,545616,590039,1579252,2549957,6276
1606961,1740427,2062714,1603378,357479,6048519,506840,281478,424243,528979,1506559,2369263,6028
1659331,1852610,2124789,1635851,348498,6079072,692951,725448,561729,552935,829848,914403,4801
999092,1344467,1654879,1575515,344360,6052379,722327,752945,535405,576584,1562568,885466,3142
1964946,1780332,2133121,1362341,244847,5457208,729220,752759,591129,653865,1874644,3227199,7797
2003503,1907778,2488133,1852666,445404,5859285,485513,510204,506060,604740,1583627,3362155,7843
1432853,1758046,2061052,1600937,349521,6137457,725570,757275,552865,544231,799040,890059,4604
1018848,1352515,1686843,1614221,358446,6096991,718872,740949,536000,597011,1562040,904713,3121
1627082,1544816,1653478,1067774,126861,5448212,709079,750319,557294,607962,1598702,2542041,6133
1917037,1944508,2477491,1896995,467541,6178582,499522,519323,483780,604087,1517876,3076506,7469
1326643,1816674,2118213,1629684,349100,6115640,695056,727957,547472,527356,804871,900055,4947
1028156,1374398,1673765,1323609,343759,6005794,721063,753378,564158,614945,1587797,1674197,3189
1651117,1596516,1690699,1301610,125372,5350121,508496,750002,535962,594964,1513847,2435488,6421
1622849,1765307,2043816,1568851,326099,5305324,290741,281274,489850,606683,1570955,2473252,6411
1645211,1735241,2062392,1613237,353517,6164259,730502,758011,498786,482764,819193,1649895,5914
1035301,1496555,2069650,1600426,471908,6807606,939525,965637,586871,648039,1547317,1694831,3150
1653679,1522996,1648740,1297801,125682,5355461,481726,749477,555297,608656,1582381,2530509,6261
1602479,1716340,2034531,1577167,352125,5364932,497567,281959,471665,524922,1498071,2341938,5924
1685119,1741684,2078722,1594395,351543,5883336,700342,732792,475256,509225,793483,1742553,5132
1029077,1412609,1809778,1457266,325021,5706006,686769,717832,492844,556045,1117893,872758,3078
1952558,1653212,2007230,1510814,343952,6389971,931962,1192086,532545,588241,1756455,3842164,6952
1770472,1681889,2068991,1559526,338213,5484878,483605,292935,462744,508584,1532301,2542285,6516
1963585,1739382,2319273,1746036,348652,5853907,715877,958430,478031,537447,1088832,2274699,5636
1060747,1484098,1636637,1535241,352927,5813854,708123,731386,487451,542603,1107379,874811,3131
1390786,1485410,1592074,1007908,237685,5205151,709161,751169,507910,549628,1533439,2538957,4705
1990465,1786343,2350653,1773556,339823,5164226,496784,517557,482034,547577,1779536,2999063,7309
1721097,1622218,2014681,1525104,343219,5718828,683835,716865,427002,485469,756905,1701973,4881
1032456,1374394,1559989,1469173,341891,5706729,719154,753925,477558,533048,1130929,879507,3060
1371143,1431782,1603083,984279,238336,5216434,725845,750693,482746,542935,1469150,2414308,4642
1741449,1597359,1985282,1490678,231101,5192939,272102,506758,429405,548850,1515224,2556294,6429
1878023,1868386,2387442,1827775,464257,6828296,950511,755730,537070,524859,1178743,1648507,5864
1611596,1562804,1946209,1355025,127654,5501124,508145,771994,576841,625455,1583511,2404273,6028
1702132,1801963,2123613,1634690,351684,5511626,482936,280023,512889,555471,1564995,2519706,6622
1673836,1686866,2039596,1593770,339091,6123849,714439,753973,503507,552281,835336,1702193,4780
1064515,1588485,1695129,1625742,356371,6225795,732588,766817,537422,588994,1172875,915756,3283
1338087,1552099,1668345,1022306,234113,5345820,697453,728032,549384,609049,1591647,2569921,4913
1874146,1880266,2416965,1833938,351049,6169124,508246,521174,495345,603592,1963037,3247851,7403
1645434,1799595,2093824,1608619,354272,6194153,717816,739098,512955,546796,812900,964524,4456
1340488,1771037,2113424,1893569,442438,7087147,908750,940992,563059,620727,1331476,1718970,4872
1310766,1563365,1678369,1053224,245514,5583483,737652,770028,546964,601835,1545021,2406668,4846
1732023,1764400,2106225,1635136,238015,5460801,269552,502850,499495,607100,1567882,2529095,6562
1918277,1929064,2421326,1857498,442149,6855882,923687,754544,552912,548147,1210299,1679994,6027
1021220,1414634,1691318,1618340,357327,6206414,732690,766878,550268,603060,1534322,909236,3216
1620202,1540965,1684894,1057044,131148,5327616,697970,728461,535770,594227,1586445,2554142,6061
1589185,1736047,2003080,1553277,243728,5400158,271256,470373,488927,603187,1521062,2337083,5878
1619860,1795159,2097939,1617557,354300,6287359,719059,512044,506663,481884,1155475,1654493,5943
1335440,1555530,2065151,1856982,442403,6827623,907467,961297,632700,694802,1591856,898435,3187
1638750,1605089,1713078,1069431,129030,5654436,742123,773503,556770,612449,1565017,2417338,6214
1704103,1793128,2139982,1654245,351657,5502618,269368,284004,501224,614505,1578748,2537002,6739
1644366,1810240,2081578,1612520,340627,6173394,718929,758758,511944,495794,863879,1708104,6302
1218711,1560512,2038267,1572182,340725,6119293,697411,725800,533673,578012,1147512,914555,3138
3618591,2183458,4058586,3097667,1074110,9965319,721562,751145,538684,886282,4375266,7938094,14255
1957257,1665654,2003457,1546121,233211,5022179,496925,754891,583915,643297,1867541,3108337,7366
1746917,1606231,2007914,1535713,348112,5794982,698560,496675,390558,434847,1128177,2473033,6603
1381161,1554305,1946062,1485477,340454,5605163,710790,752009,470453,534590,761647,894518,3153
1389285,1448156,1601980,1533342,460700,6551190,733456,761370,505878,625521,1815203,2342341,4841
1719592,1518929,1747858,1235956,125059,4998254,449902,681363,498306,559106,1445508,2402347,6397
1959188,1709958,2295426,1716684,448068,5708320,715036,510752,413506,463412,1492486,3183826,7319
1403546,1648138,2020600,1549564,349907,5915526,714671,733432,489267,553245,777596,893919,3189
1069479,1287940,1202691,1249313,335896,5731554,686558,722830,495977,561542,1497742,1704678,3359
1704944,1586396,1968966,1243878,124679,4475341,496492,757093,489541,551997,1484938,2399499,6129
1741031,1687275,2055207,1578981,353334,5742598,491294,283705,410371,515613,1505345,2517277,6502
1722056,1813880,2327222,1747646,440993,6242193,913279,968369,510670,570177,765140,1073423,4672
1045639,1251679,1186510,1236772,339823,5676349,696436,728599,484074,539230,1425289,1571596,3078
1744913,1612932,2059220,1274497,128203,4480350,497518,736769,492367,557052,1547038,2611312,6616
1675240,1625171,1976734,1511697,338374,5792813,491130,286106,394989,510307,1531097,2433789,6183
1694129,1618240,1999914,1509820,357976,5724123,733235,754115,480096,478136,742391,870155,4482
1294659,1261304,1596553,1524574,356448,6342439,919031,967652,532794,610162,1914843,1718464,3968
1685793,1591105,1904038,1240031,129043,4410931,479139,709881,494538,557351,1419754,2268253,5898
1753297,1614697,1997300,1516316,348985,5735712,480876,282614,384781,488737,1451884,2454042,6276
2000658,1760751,2331461,1755349,446470,6384534,927153,976626,510877,500750,784517,1729939,6162
1385600,1440027,2027860,1853088,457105,5937490,715686,749754,572750,631818,1829433,1610648,4873
1768956,1543462,1666114,1003938,125810,5184966,698296,728901,511925,570915,1515217,2563397,6499
1919605,1852797,2412378,1836175,453243,6150160,498255,501544,489819,610658,1649376,3241732,7461
1655093,1853363,2118614,1646928,340433,6283915,697449,716896,569122,550567,859839,933556,5122
1033090,1407486,1666931,1579524,342679,5971923,701312,739914,536404,596204,1591567,917649,3370
1609166,1533794,1642906,1041112,125960,5402927,722296,754601,552090,608339,1571644,2412204,6082
1670733,1803903,2092473,1610276,348519,5424607,270501,285037,489620,602130,1526790,2465832,6457
1655499,1902408,2444220,1851689,454387,6677985,945064,1001545,548817,548030,826047,1737738,6159
987471,1355486,1640327,1322297,353938,6083756,725308,757550,542190,586715,1513740,1596371,3149
1681587,1599209,1670303,1109710,127803,5311526,615288,702606,534356,585977,1533566,2481686,6684
1659786,1676696,2059964,1597647,348857,5353366,277150,285959,494161,610181,1627551,2500527,6337
1615663,1814952,2099846,1600948,352783,6123773,724104,744827,500607,481447,806907,1648962,6194
977428,1594430,2062278,1590182,442896,6691247,899797,949246,612822,676007,1582750,1730208,3124
1598605,1512714,1637873,1304012,126460,5500154,499997,756526,547949,594761,1542526,2374441,5694
1693864,1794070,2106662,1616307,354225,5275266,487615,280958,501904,548003,1535382,2471787,6259
1649107,1654750,1973750,1530831,325538,5797221,678759,720560,464718,441376,788722,1713331,6023
1059229,1411438,2001232,1533716,354564,5768984,724998,754642,491261,532336,1110020,909426,3279
1762022,1359699,1540188,1198831,236477,5683251,689603,909798,536720,588480,1804960,3203073,5954
1996565,1738366,2337173,1752480,347625,5058112,506683,511943,489010,542269,1923464,3261428,7473
1691383,1610209,2025637,1549217,358153,5812774,736763,757171,448907,481982,782533,1697024,4763
1047894,1387547,1581130,1501673,332735,5837634,681732,718275,504849,551901,1162598,876473,3093
1353618,1229873,1426734,983629,238527,5721759,716138,747496,490443,542034,1497225,2334982,4359
1721799,1649450,2031246,1549836,240414,4470832,271043,506740,502808,548141,1483053,2461798,6316
2034158,1725808,2329713,1741996,446129,6327627,927384,748818,436995,476294,1141073,2505078,5913
1060648,1420425,1599859,1527398,355465,5810488,727679,758251,496802,550043,1122136,892214,3236
1383996,1502036,1628594,959429,230997,5041265,685551,714061,512404,568842,1523511,2537529,4845
1680505,1619703,2005767,1521724,239013,5252845,275594,510380,447694,559037,1544618,2485976,6349
1701477,1690072,2029923,1552416,349066,6059832,717692,506825,399615,434425,1128408,1749833,6047
1417897,1730909,2047204,1811243,445033,6554223,902999,952324,574345,649333,1185273,907193,3242
1370608,1503970,1593837,976285,234085,5234456,707436,736614,503623,559053,1469455,2334977,4676
1705277,1658501,2015647,1536955,240489,5110976,267737,503221,441203,558905,1498160,2482568,6319
1712565,1627309,1928171,1472529,326000,5612885,677252,501992,432947,432610,1108655,1655118,6278
1371252,1440790,1974966,1504023,354133,5761855,722896,757233,479509,534023,1101777,910839,3288
1660667,1424121,1590608,1307331,248420,5962847,920008,960613,561810,637342,1931729,2585063,6180
1967126,1812960,2352382,1776848,245458,5257173,284170,731637,515202,646275,1890351,3203496,7709
1722391,1644712,2009497,1526631,351429,5951959,714310,512319,436411,419444,1074017,1640613,6559
1383784,1470444,1996604,1514056,343098,5745977,694566,732068,484935,545439,1135478,921239,3439
1368580,1269702,1209106,1264272,233451,5831022,706504,737583,509658,567453,1474190,1656760,4585
1755179,1600791,2007729,1252778,242426,4375054,485100,503352,493016,548493,1481399,2525483,6448
1997028,1725467,2301406,1711388,452516,6124438,716352,756827,434996,481866,1149883,2563677,7393
1246071,1412437,1936579,1508016,341299,5761624,696273,725464,516743,554553,1136322,895230,3000
1375217,1205211,1197327,1231216,232844,5597702,684407,714316,482381,525793,1485273,1695533,4473
1653710,1546728,1972480,1247946,238912,4514776,503304,525050,498183,549770,1549734,2473402,5779
1766574,1570284,1972337,1507712,340530,5887611,483274,493370,390120,472389,1097015,2345636,6350
1377430,1600863,2398898,1769834,459651,6431057,924422,975151,556365,547863,1170797,906822,4910
1323771,1247082,1198974,986624,237739,5818704,726254,758639,484690,543027,1485300,2406580,4443
1702324,1695644,2009047,1347144,243442,4455216,348643,477265,507327,558031,1449398,2415878,6303
1697667,1670530,2011949,1536235,349958,5947197,498557,523218,396852,495520,1182411,2591035,6234
1374418,1667074,2007582,1539910,356509,5874065,719370,748016,515112,520060,790766,893903,4458
1686421,1491528,2029010,1518201,465434,6423536,903963,944755,594651,662255,2232396,3409023,6058
1962549,1770824,2387554,1764580,240124,4463247,274841,756945,568529,626116,1930185,3302282,7671
1729034,1591297,1974031,1503583,350740,5924994,713196,514856,378214,423247,1093123,2387977,6166
1372656,1595862,1987552,1468699,343301,5691018,697897,732520,484936,481562,766213,909605,4286
1111012,1348772,1625132,1280894,355509,6084431,725115,758713,531554,578539,1533427,1694315,3172
1722212,1410077,1602651,1237640,125742,4988333,477379,715612,471665,524806,1442354,2471469,6320
2010940,1790465,2305821,1698369,440168,5759301,685567,496416,430243,486724,1512256,3302541,7640
1359114,1662809,1994852,1518065,358860,5786683,730928,762988,493689,536106,743448,898906,3224
1037099,1286659,1204282,1233076,343217,5730218,682407,711872,475190,529472,1461230,1677203,3192
1670490,1499078,1884294,1248083,125458,4686088,494557,759403,495345,566361,1518427,2484791,6165
1666634,1642115,2006568,1513408,359741,5164453,506154,284395,419635,468634,1437417,2448533,6147
1706951,1818541,2406472,1780771,461974,6427195,929803,976355,489089,557258,781485,1756413,4756
1045605,1291488,1203819,1241628,345714,5802723,707596,740075,494296,571187,1478924,1620814,3085
1732809,1703864,2018716,1263111,125642,4424901,487110,724290,499994,557089,1455714,2476134,6306
1692860,1616568,1958293,1492836,343149,5706006,480013,285736,375030,482056,1514087,2548908,6331
1669821,1604633,1969417,1516649,354782,5792031,720777,750547,456206,469883,730546,945347,4744
1083232,1460281,1553220,1461027,429142,6261662,843207,880030,531822,597592,1489077,1692197,3290
1656075,1547814,1952419,1228159,126719,4425525,498979,753049,480881,540749,1511614,2461702,6268
2008586,1797279,2401758,1547511,357009,5933708,707521,495496,451625,553258,1795643,3135466,7418
1728011,1603171,1983200,1500246,345341,5765326,699693,736573,502095,498639,775481,901480,4633
1062320,1254503,1588427,1511330,352695,5967393,721858,750994,496381,555975,1483111,872069,3045
2046449,1608799,1979128,1255869,172044,4969239,697800,828766,533824,592667,1778461,3203940,7693
1710805,1543078,1935164,1462661,338453,5559484,483690,280030,380548,473405,1485994,2521502,6198
1693764,1627946,1989401,1532763,351571,5797557,716140,750934,502643,483805,777772,904112,4692
1062732,1227300,1588363,1486185,354081,5548961,706559,736908,484019,532534,1527098,909096,3187
1671201,1383867,1550107,986509,124987,5139444,719432,750798,512581,550097,1531433,2436967,5789
1710170,1594253,2003264,1538277,355080,5284340,275282,284788,429932,535048,1459898,2416163,6186
1913694,1734979,2360137,1747433,438155,6467084,879908,927502,488896,484329,785835,1733638,6432
1087635,1279729,1633119,1546979,360920,5940795,734232,764737,526020,565649,1535990,911138,3425
1762674,1417349,1607805,1005478,128574,5181881,696136,716590,493527,541745,1482028,2475989,6615
1721514,1663033,1981706,1507329,339749,5129729,272899,285909,459284,568593,1557086,2537239,6216
1706261,1673114,2022102,1555117,356114,5977118,724902,755431,473450,443922,819276,1617117,6059
1060219,1445992,2004441,1518694,463778,6385656,909448,948164,558101,608305,1522886,1740952,3052
1728165,1569168,1673563,1208146,129480,5437362,544692,774160,553178,604354,1631687,2529121,6059
1708234,1701425,2052358,1558765,358938,5161858,272005,279482,463924,561906,1495874,2452820,6261
2140203,1684914,2279124,1523668,345212,6318359,909120,958276,531700,514118,1211309,2608981,8256
1106687,1487585,2039771,1583342,357801,6124901,729393,765111,528245,582559,1213424,944483,3369
1418914,1301545,1241914,1294101,348155,6488919,894292,933965,572400,634181,1857736,2546222,4756
1409119,1553662,1634067,1053008,238560,5279213,714271,744965,527393,583645,1493263,2337715,4505
1760604,1698574,2037966,1555739,240025,4963404,273915,506752,505548,570898,1497469,2506565,6449
1705702,1662918,1976455,1524005,334194,5915189,697092,491008,416681,459164,1208870,2420476,5966
1366760,1605172,2016606,1549604,355224,5834101,718331,747220,509406,554247,768304,905496,3232
1074582,1264543,1221114,1214961,333677,5652092,667625,696299,500021,547097,1486339,1738060,3459
1922421,1570755,1944373,1228521,236114,4955745,702534,734676,529672,597917,1804461,3082615,7111
1722212,1680160,2047400,1550540,360169,5967891,490437,506145,394653,500393,1152674,2535122,6608
1427217,1603100,1951458,1482628,339406,5833014,705421,743195,489646,479772,762874,886979,4872
1050254,1309712,1576248,1431624,337462,5810340,684553,713168,467170,528688,1392792,1060075,3191
1736742,1482253,1627170,973590,124796,4870663,685813,715331,491560,548468,1485130,2554931,6347
1953674,1765793,2364199,1737299,463891,5753310,503201,527290,429579,548257,1537735,3355894,7813
1386173,1698293,2040374,1568923,353198,6018717,717721,739583,527239,516340,794395,914929,4826
1358909,1455115,1979596,1481347,458584,6342003,923341,973364,545057,614654,1521589,1733171,3108
1961945,1582953,1938851,1479400,232124,5928822,719509,990108,538046,610984,1485173,2430223,5769
1710739,1649441,1987904,1549640,343341,5294915,360042,288361,442722,547342,1440321,2433197,6823
1734418,1801196,2304233,1712314,435826,6301778,899258,952399,507653,507688,757175,1652772,6288
1086107,1361770,1631900,1292604,354314,6009453,719627,752435,534437,586363,1495498,1635024,3288
1721574,1405615,1571254,1227185,124244,5140784,473168,711672,491859,556401,1496739,2510722,6229
1704917,1556555,1945242,1482968,344238,5137779,496536,284992,450299,495353,1510776,2429640,5998
1705178,1631928,2009794,1545784,353572,6013816,718361,738722,448618,496181,778616,1636461,4661
1084731,1368747,1779504,1486951,435348,6422966,876647,921817,545540,608137,1509809,1719757,3298
1688035,1455618,1612953,1264760,125475,5133110,494711,757292,528097,563400,1501133,2408899,5961
1745421,1527431,2003734,1518306,363632,5136812,499115,284894,437833,475838,1498459,2555527,6287
1704239,1611274,2008870,1550759,349461,5914712,725172,766739,462071,504100,815207,1759606,4958
1065872,1409028,1574554,1496727,348683,5746018,709938,739952,494944,535091,1110455,898215,3232
1403955,1413170,1598977,979672,234208,5131740,690343,721964,501813,548156,1526300,2578673,4938
1996212,1826619,2373980,1779351,348322,5489538,506607,528487,533628,591572,1969720,3297013,7360
1696770,1691334,2023434,1534290,355703,5910038,722236,742076,451528,498770,777824,1631104,4428
1053755,1456518,1603236,1512391,348154,5811742,706507,743097,487284,551286,1155677,896684,3168
1382756,1538487,1625614,1021344,240353,5217210,729182,760702,522678,592067,1533907,2425127,4478
2124985,1932006,2466349,1842593,355512,5964504,481130,719024,530850,573153,1510443,2520739,8031
2069272,1910262,2414742,1805506,460959,6531261,949582,767460,531156,529788,1217236,1772161,6366
1069829,1526282,1656122,1589502,363828,6043166,739871,769668,520611,585057,1437856,911624,3196
1447075,1616844,1690202,1047866,227418,5282562,691977,724184,548349,611734,1561676,2570335,4993
1668291,1824020,2075215,1610374,236082,5445123,276149,530164,528658,641878,1643253,2492218,6057
1718938,1877259,2125167,1639594,365941,6284007,741164,523559,511162,491082,1218333,1712580,6255
1359447,1688618,2089081,1873931,453205,6726790,909135,958122,636464,697822,1630906,901190,3238
1669530,1599010,1671045,1050593,126771,5415160,739122,771030,568451,617470,1584723,2456736,6063
1727189,1912642,2164145,1658638,363991,5539934,276385,293033,518464,623386,1580032,2572905,6586
1659179,1781551,2052846,1597346,336112,6204953,695878,566271,502860,474047,1142140,1628204,6247
1398581,1753585,2137050,1656713,365475,6306883,742057,771922,578432,630441,1216172,910294,3124
1719200,1644284,1700600,1338735,240754,6138926,919158,958318,620277,688197,1978237,2620590,6459
1645025,1755487,2051153,1587095,355403,5406201,278000,289804,503306,609969,1603619,2514020,6039
1711579,1867539,2130064,1629636,364436,6115149,737010,757067,493432,480272,835598,1684749,6219
1058719,1595176,2059421,1573170,348459,5945426,706116,744248,537766,592390,1208392,894818,3170
1303822,1312380,1228381,1202803,229567,6114303,709800,739823,539837,600195,1522464,1938077,4363
1659309,1705652,2071067,1320790,244828,4664439,495227,509615,534724,581884,1516821,2528071,6254
2285169,2048883,2832798,2105267,566553,7454701,931850,985092,484689,527798,1211856,3372898,8956
1038773,1572874,2082929,1611768,365434,6231917,742052,770045,533349,574512,1135189,886475,3165
1371084,1362390,1271243,1042659,240302,5960318,706569,733284,543315,595961,1583623,2621250,5010
1615802,1684679,2033040,1553662,240545,4693009,272310,524937,540795,605210,1590260,2537639,6109
1641025,1732825,2047360,1556956,343954,5941619,627254,513519,425283,520036,1105149,2368228,6209
1325233,1696610,2432349,1811913,458395,6556205,919497,971261,592772,590376,1192257,907303,4605
1352084,1354318,1278845,1047585,242839,6106800,736688,770593,544696,596300,1556571,2458069,4558
1699490,1754666,2101760,1603092,243820,4625976,273256,514159,538711,596907,1541188,2553812,6532
1684846,1691773,2020410,1555037,347092,6013949,719926,522601,425193,470444,1182616,2588379,6308
1347138,1783201,2117312,1647683,370221,6347193,750509,782803,557248,606778,823132,897741,3130
1383704,1336185,1419084,1320861,356175,6513663,922836,961715,575377,649619,1946403,2630836,4933
1640505,1665335,2026169,1534917,237582,4695477,269116,531361,534543,580223,1582937,2539625,6191
1669919,1710928,2079417,1604609,361636,6087548,734106,516985,425929,471875,1168733,2472929,6193
1258659,1734214,2309579,1791692,355195,6181341,701363,757970,659168,715575,1356841,1059789,4233
1318241,1374269,1261871,1028506,237641,5888147,731770,765482,541295,595900,1548428,2473571,4509
2033747,1757211,2384048,1775130,355169,5153029,489933,731236,487678,544769,1467552,3195560,7083
2345546,1948584,2744702,2009736,556433,7034903,1105359,958630,501072,463302,1157413,2611254,9133
1068107,1380567,1980404,1533794,357150,5896304,719532,749264,511093,561363,1155833,912770,3316
1426385,1269508,1227653,1003988,237198,5758679,703185,728732,491675,547334,1498757,2548055,4965
1694851,1577855,1903958,1481048,221858,4514403,270001,506043,511485,566799,1502561,2398394,6147
1728328,1631257,1996127,1538235,352587,5802185,717041,515292,411158,439827,1123401,2359339,6003
1410306,1569468,2062028,1787266,465067,6345808,919284,958480,549686,600588,1143599,873268,3241
1327784,1205712,1256004,980374,230412,5655649,683627,713240,482822,529173,1434030,2284874,4477
1717348,1603029,2027423,1542746,242175,4529962,267235,510451,497009,540619,1482349,2492177,6203
1694095,1627489,1978652,1500534,336621,5785914,687653,500517,401926,430909,1157764,2547586,6235
1357016,1597540,1954329,1492288,348194,5874956,710366,740995,504855,561825,777397,884079,3216
1418874,1457934,1636049,1273016,356387,5840529,927141,956221,547525,606844,1867028,2597335,4986
1655430,1540806,1952727,1482406,234702,5020199,268724,532209,436648,531079,1523676,2555946,5938
1636388,1635132,1972190,1508084,338906,5837170,688680,486631,382385,426797,1106498,2020372,5906
1387855,1649608,2011913,1492960,350215,5679610,702875,732794,483690,546341,750335,890533,3245
1043188,1258523,1206069,1215939,339358,5663942,704747,737533,484497,544486,1481175,1659066,3210
2030226,1798320,2408349,1532671,242019,5090079,497461,731061,479253,610192,1813804,3250779,7731
1679155,1645191,1936926,1467474,332591,5697849,683161,497597,444804,440972,1129586,1726929,6368
1701476,1596829,2348721,1775344,466125,6576947,937767,975836,553245,543991,1119727,903146,4801
1228002,1300398,1214143,1261586,266583,5716004,695594,719643,480753,540713,1462304,1699519,3531
1687616,1653667,1953814,1241320,124228,4426350,495923,756432,522504,575271,1509552,2506713,6307
1669074,1637032,2004536,1523995,355967,5861021,501890,282072,379818,481999,1448345,2381225,6122
1719764,1547926,2336019,1727465,447594,6222649,887733,926046,514562,543683,1118498,867286,4518
1369863,1275521,1215997,1253130,237842,5644459,730744,762149,514102,568801,1512210,1649161,4432
1732139,1603059,2011473,1263619,241238,4428972,487787,504618,495279,548843,1471745,2471507,6436
1723190,1569326,1956927,1491271,332536,5766489,470304,468226,386691,490383,1257715,2530347,6361
1672264,1558029,1944806,1494823,352248,5743907,715775,746589,498995,472881,766678,863531,4477
1410482,1215330,1612645,1548045,361180,6571571,935239,966128,567312,618910,1910533,1757682,4807
1705802,1552050,1947651,1249123,227120,4461864,489054,516326,512254,555332,1529469,2489337,6475
1678580,1593299,1978745,1507864,345637,5675745,500375,522130,378493,485678,1089767,2345916,6120
1413426,1608630,1990032,1492986,342587,5643595,687170,718243,502760,493673,792998,897910,4852
1030012,1291363,1564494,1281297,347340,5708046,722822,753966,488180,554658,1507506,1590089,3107
1992368,1675255,1995889,1273087,242060,5138249,683152,711429,558550,622618,1781676,3170456,7586
1679739,1600837,1970766,1492783,345076,5715159,486345,513122,387750,496948,1152813,2586963,5985
1676416,1747317,2314379,1756836,454943,6541087,919175,958639,506269,489466,745656,1507529,5879
1085973,1275074,1614355,1264771,349047,5779571,686356,707225,490788,551230,1467927,1734430,3436
1706190,1422883,1585765,1255235,127218,5139674,502341,763030,487805,549047,1525400,2547821,6280
1681894,1616964,1999631,1528364,354659,5081554,485517,279363,448780,510035,1449588,2396590,6125
1678013,1768769,2300942,1686229,438855,6110547,869971,907342,497410,496217,766943,1677484,5807
1030338,1238910,1573564,1233307,347944,5685196,720694,751186,496399,550449,1518407,1626025,3025
1725825,1373588,1586848,1251574,123422,5086628,485352,728640,493123,530641,1441157,2396175,5894
1720770,1567487,1929996,1462613,327930,5085357,486582,279528,436665,473627,1498310,2493719,6285
1668956,1567258,1930695,1489922,347622,5853193,709339,739875,437836,481037,774742,1598136,4751
1037406,1496257,1606556,1508515,466272,6225057,910959,940949,555936,618424,1517536,1718222,3147
1615627,1491616,1739099,1310129,125687,5391024,478746,745626,549228,604656,1583158,2474823,6054
1697116,1744923,2091012,1589995,360085,5451247,501995,282683,479548,522687,1494745,2441300,6489
1697598,1692708,2063688,1571081,349987,5898148,701805,732104,470830,521013,807747,1750010,4944
1032473,1507393,1602694,1528227,338953,5962763,706951,739526,529586,587547,1174047,876812,3068
1683872,1732764,2074494,1306214,242297,5402338,729559,984194,580938,635750,1852079,3295103,6381
1644331,1651532,2006748,1529431,346202,5977147,490997,282825,407340,512568,1576273,2601191,6277
1883376,1885320,2364233,1790636,461854,5889182,699981,729724,541429,589178,1159627,2159770,5698
1346361,1741439,2052605,1845877,451609,6580997,885794,867870,539182,586531,1337597,1579237,4929
1345959,1532835,1654821,1049107,238611,5484419,725316,765808,545864,606827,1599065,2583260,4807
1969950,1840755,2468770,1860303,361883,6055873,504400,526282,500246,599041,1857504,3181073,7437
1692097,1714966,2077550,1579359,351231,5998586,704351,734758,527300,523474,795459,882715,4874
1064416,1406617,1687025,1586727,355034,6129417,737812,769626,559655,608924,1591611,891479,3302
1565125,1558107,1665861,1044904,141175,5235513,725544,746487,528295,592110,1514860,2498016,5560
1679315,1708919,2026524,1535031,235529,5150099,268577,513360,466423,581064,1574944,2623307,6305
1634098,1718183,2033699,1582018,356479,6025094,724792,512609,501458,468588,1164451,1654195,6079
1336673,1516023,2052996,1855553,471611,6660342,920112,952051,582141,651079,1533245,882032,3098
1662390,1471645,1614242,1025808,124072,5252215,726692,768960,537364,585214,1578368,2540490,6061
1689752,1657749,2047841,1565796,362249,5412070,277669,289598,459219,567263,1486602,2441614,6494
1677887,1691491,2088544,1579865,351104,6008197,702531,714024,472438,450503,868856,1760176,6635
1317738,1585860,2042553,1574173,344717,5984720,714280,745380,561558,616636,1201316,904181,3293
1703831,1547333,1713184,1332352,242615,6040136,945580,970924,590485,656787,1893943,2502345,6565
1682396,1709764,2027244,1548158,336341,5313988,267659,281921,499545,599442,1575724,2560617,6243
1631473,1663149,2026145,1567981,360858,6161940,738206,769954,487192,467133,808720,1668505,5937
1030829,1496766,2069068,1603441,359246,6078235,711107,735491,538944,586459,1178829,862683,3026
1661066,1570483,1658188,1352698,341736,6731124,941380,770624,536168,597051,1944582,3288928,5906
1949075,1868426,2473033,1664887,361564,5464906,418688,492932,533456,644704,1825542,3088210,7730
1683388,1751844,2072177,1559938,346475,5889139,694846,725447,486067,468841,800943,1706858,6370
1023435,1492862,2012936,1553100,344520,5997798,716750,748961,545404,604780,1179517,871334,2972
1347140,1361641,1268369,1048418,243787,6209310,730233,751279,548063,602684,1529330,2483699,4695
1655952,1727615,2041250,1557290,235783,4755032,270671,516126,545388,600977,1571618,2570214,6021
1639318,1644081,2032335,1578151,361485,6083865,733640,526426,433145,478227,1189406,2396051,5807
1329245,1762727,2461995,1846040,463750,6610530,906809,933751,598283,600184,1164568,874413,4474
1350892,1308118,1253910,1050728,234800,6045829,720742,761677,541069,595844,1590875,2551851,4648
1702615,1755984,2147814,1653025,245595,4806219,270206,525718,553683,599731,1531206,2473026,6708
1739767,1637850,2086706,1558235,351808,5957523,704939,509069,435874,472474,1194207,2610388,6720
1314042,1682814,2031974,1561839,354130,6142898,732554,764215,549384,605985,816599,883757,3029
1373276,1483581,1556423,1365911,362745,6754390,955644,979231,634547,689525,1905874,2496164,4714
1713570,1673334,2053631,1573339,235435,4765422,266270,513959,540419,595753,1585099,2623541,6341
1638490,1712697,2046547,1561569,360370,6015544,733506,524081,414628,456316,1151582,2427573,6305
1396036,1751983,2109227,1612685,358357,5970765,709085,734828,555690,611084,837922,897802,3341
1321805,1557749,1649512,1588330,448289,6836363,722886,766768,540230,675326,1973803,2509223,4836
2014573,1918467,2501220,1607119,245115,5463447,509065,772544,569917,662757,1866019,3190060,7683
1701795,1705715,2102016,1601253,352977,6043742,708315,514719,411039,454812,1191077,1903423,6631
1347233,1714727,2044779,1556198,352852,5979565,733458,765073,569755,611589,814266,875114,3062
1017672,1370175,1285614,1340091,361015,6034371,727001,745939,541934,600072,1522653,1678553,3160
1673944,1710916,2044837,1302727,124382,4778743,478783,737663,539732,593173,1570550,2583841,6485
1948320,1903486,2432511,1844014,470898,6809310,716216,519634,500282,529926,1525722,2372210,7348
1364451,1542190,2072370,1587481,358129,5862588,705910,732219,523460,587348,1175310,895866,3213
1311371,1307131,1247417,1287582,243090,5909350,722098,766914,551351,595169,1597938,1731152,4343
1600044,1704227,2020672,1281235,126070,4759288,505307,736683,535836,589074,1474710,2354979,6077
1732579,1708325,2103007,1572950,351079,5942689,488586,286895,419358,519541,1580741,2634562,6774
1665658,1674452,2035465,1560067,354381,5993987,734276,765896,554142,540049,806064,861326,4637
1369334,1360146,1671263,1594873,358330,6859553,948942,970920,589431,653056,1866965,1722609,5028
1709631,1747549,2083412,1325747,236255,4818353,486779,511515,563572,616728,1612590,2649379,6737
1684595,1826864,2093371,1627679,362318,6130234,500385,522518,457138,559561,1219865,2432749,5936
1658237,1692304,2041300,1573569,339241,6084735,677580,703437,535510,529728,826721,909999,4944
1305503,1298561,1573278,1502526,344970,6306662,949789,1006711,569256,624743,1924655,1684703,4066
2269956,1904952,2450533,1574407,352270,5436686,733401,765091,672896,730647,2213817,3888812,8609
1715913,1749898,2110946,1602797,346756,6059692,495326,517034,436538,540271,1171654,2552469,6758
1331185,1654145,2023451,1555936,353381,6041351,734808,767754,535877,530926,823430,889626,4730
1017852,1355782,1664600,1326781,360706,5992692,725982,746834,535672,588087,1508121,1650390,3139
1703587,1639497,1671334,1148174,126247,5546564,585226,717826,571522,632761,1588059,2500588,6470
1919639,1837992,2421490,1850278,479706,6149107,504294,526198,491582,597287,1547790,3152039,7207
1369170,1709345,2072339,1570850,358729,5848449,709251,732121,526997,512133,790800,866519,4756
1002589,1341635,1602174,1282908,337484,5888562,705512,746684,531622,585393,1534362,1701422,2958
1684092,1477776,1636956,1290633,124146,5244071,499535,760784,516765,561602,1482154,2411702,5923
1715312,1749545,2092109,1562882,350698,5188301,484739,282425,479128,528113,1568882,2636953,6660
1598194,1795822,2377065,1800435,451649,6687139,931449,975550,532053,523116,813732,1715919,5996
1630937,1672723,2005517,1526708,237068,5253754,268168,523735,469148,575811,1532813,2469299,6023
1641481,1734524,2081719,1599496,356928,6166516,723290,508883,480731,465475,1160953,1683499,6166
1328945,1485714,2013524,1528035,345788,5866822,706609,746893,515967,571583,1174151,896090,3064
1325646,1428005,1257987,1289233,242719,6004879,734591,766350,554093,608393,1547657,1635061,4347
1702816,1730318,2072259,1313443,242780,4573923,490987,507473,552265,606083,1556196,2549546,6273
1936784,1847225,2378830,1782090,456645,6592019,720693,736736,477986,525492,1269837,2540129,7465
1660293,1726299,2496462,1913517,473912,7014195,958306,997515,622668,675108,1175938,884314,3075
1383379,1371920,1284804,1319946,239053,6086148,701363,731557,530258,585318,1559905,1742671,5005
1651353,1679435,2037427,1290988,236588,4609020,499988,523904,545524,597862,1581697,2500352,6242
1691980,1749690,2073775,1595728,356700,6109123,501320,518815,418871,541163,1165858,2454140,6234
1360807,1560292,2383108,1757940,457095,6537828,925210,979613,576486,566778,1181951,891031,4750
1326311,1331032,1231342,1086204,242741,6059000,734019,766088,539249,600508,1532478,2321218,4377
1660111,1699299,2052723,1335347,242278,4739367,455683,481575,539364,589326,1495866,2432648,6120
1666307,1692016,2015384,1546324,345817,5942904,494463,521493,416448,521100,1164291,2545681,6162
1359574,1718764,2085614,1617765,361234,6230840,736426,764963,552737,534502,813660,889622,4708
1363495,1367162,1683581,1318715,347507,6776748,909912,949011,610606,668812,1951170,2647315,5121
1640640,1615136,2010689,1530513,238631,4563544,272971,528765,512691,568434,1560198,2504571,6276
1678594,1727115,3363503,2515612,685038,8822364,1335059,1142378,648988,713617,2228299,2476923,6206
8041721,4361834,10155018,6596587,2885956,14482320,5352225,2849865,960241,929653,5655931,18374994,20724
1120984,1463055,2499237,2559604,550966,10717230,1106873,1189400,938089,1028729,2750247,1694726,3345
3180133,2953210,3803327,3268327,577166,9115055,606311,344006,762547,1034328,2964152,4155366,15307
1915863,2008979,2564707,1915260,456857,7031146,902067,941255,517610,575121,808112,1796041,5912
1101788,1372727,1277324,1551843,458660,6604922,949852,992990,586791,651817,1925546,1678853,3193
1800352,1751040,2088218,1321571,130123,4727984,505174,749418,531578,587098,1522270,2521753,6590
1719165,1681955,1951596,1482503,320960,5297708,474578,283794,471895,519238,1471243,2434919,6486
1734147,1760254,2050547,1562351,359082,6010977,728900,760499,498055,543289,824990,1663874,4705
1404635,1471029,2022628,1813468,459482,6468600,899350,939501,569827,621542,1534428,912945,3190
1717054,1531567,1624385,1052676,127607,5269117,712043,745137,557797,596395,1573719,2436290,5928
1668122,1581182,2023471,1547563,362867,5311476,273705,284198,452927,539968,1490620,2436984,6160
1720705,1606163,2030050,1533518,350829,5854036,710304,743636,448859,422497,788793,1744270,6516
1194825,1416074,1978891,1517075,357514,5734598,731754,765721,508147,547509,1140140,880970,3117
1703563,1392659,1603248,1243059,238512,5859421,939840,965246,547541,596949,1845657,2533048,6261
1718801,1590796,2007405,1534405,349488,5425529,279626,292539,459803,573520,1601435,2651013,6438
1689419,1562697,1979069,1531075,349198,5948864,710096,740572,441551,419638,773863,1636525,6117
1099883,1401140,2037454,1564050,356164,5870789,705851,736894,511487,555849,1159290,888071,3127
1358954,1248839,1232283,1010974,237099,5890179,731245,768328,511998,566174,1561650,2524138,4510
2036623,1796932,2438392,1721510,362626,5353349,294665,523234,498189,606806,1822876,3234101,7751
1699112,1730761,2073188,1574866,350241,6034319,708826,740794,480615,469530,819566,1765615,6645
1341464,1694234,2391527,1803889,473025,6650532,735170,766929,552504,655362,1557908,1648533,4271
1363574,1505054,1660115,1587990,470027,6700500,918635,943923,599069,652887,1552398,1723782,3128
1656686,1682974,2041970,1313999,126312,4793960,502288,772163,528680,593150,1583268,2581684,6352
1651641,1701503,2071764,1601362,361177,5970083,499074,281541,434914,526991,1516007,2411464,6048
1670665,1931272,2465530,1834259,450823,6663600,892550,930958,563123,597080,819551,1002730,4854
1075022,1442009,1296917,1328340,353517,6213266,734816,766211,569812,617732,1597667,1708311,3279
1691477,1717638,2064487,1304074,125331,4586822,496416,742731,545415,598984,1516949,2468733,6265
1678063,1689802,2016640,1534941,337744,6066395,473759,282932,427703,533805,1576185,2581255,6612
1676546,1590512,2008874,1543328,357719,5735522,726520,759050,454715,421113,764950,1625843,5913
1103649,1428726,2020177,1557350,468486,6470633,916763,956654,561309,608340,1518000,1716309,3271
1679313,1393445,1571168,1050273,126624,5255080,636558,735968,490261,545089,1514050,2440693,6162
1716685,1574688,2013957,1551977,359313,5300540,278123,288076,445088,548835,1469837,2438910,6291
1714567,1604082,1995713,1510449,344756,5802217,694349,728045,447292,434644,776284,1758490,6379
1074909,1362799,1935526,1489585,344498,5846986,710783,743276,498502,549384,1136641,892868,3112
1731474,1493038,1630493,1299391,235426,5924869,699448,940736,585711,636148,1847134,3219384,6221
1779861,1700457,1988406,1512251,338809,5190500,478573,286836,481846,515961,1548014,2542138,6033
1660633,1644417,1978233,1536579,341161,5983257,693433,725324,472690,452666,808522,1618492,5796
1130270,1668193,2091008,1582693,353256,5899690,698330,725129,527510,579163,1177129,926266,3477
1633887,1406475,1545293,1220414,326626,6477971,914738,963427,487316,533296,1525326,2779841,6100
2040465,1756316,2413897,1784199,359647,5261254,510757,519852,497085,553742,1809868,3200801,8025
1730374,1579832,2001019,1491254,345036,5737964,698543,731603,430934,479757,765571,1748900,5014
1366413,1419972,1973108,1520258,358831,5871301,729051,760435,494725,551111,1103098,870411,3123
1263686,1240960,1223264,1267496,260888,5775810,699383,720200,476984,525454,1441069,1671479,3761
1715814,1540390,1929300,1242645,126897,4531387,479610,733023,501591,554327,1505218,2489039,6160
1688689,1570612,1981856,1515037,353903,5806319,501243,280155,382267,472433,1445713,2367016,6174
1721533,1534482,2371497,1765424,451684,6279562,886833,926795,529560,539789,1131966,902629,4802
1364291,1241983,1225148,1256397,230022,5729053,698933,728770,512556,551676,1486576,1622029,4343
1701589,1596467,2030703,1268272,245022,4670355,512568,529396,501087,548417,1498061,2522020,6228
1754301,1510391,1992749,1507768,343027,5851143,489720,492891,386436,484095,1239783,2600452,6863
1681858,1585460,1985367,1516958,359764,5811100,736690,767667,508082,481146,757091,882009,4455
1449597,1260663,1646045,1558201,362674,6521104,942808,970146,556565,607485,1866909,1755487,5008
1740483,1642268,2020508,1301260,237428,4589824,496109,523059,522944,581191,1607874,2618771,6253
1737926,1691051,2038075,1594118,355466,5943066,508232,531705,427489,519596,1161516,2385240,6129
1443807,1601286,2011490,1527476,348979,5799461,694098,723962,509510,494984,813308,912365,4949
1341883,1550895,2025800,1737426,458070,6488594,729009,760602,483168,604486,1455829,1556057,4193
1668107,1500486,1691324,1292356,244289,5934044,683997,934841,547455,608931,1773637,3148658,6163
1703241,1587411,1943624,1470373,335791,5213204,477380,283445,427505,475750,1490094,2552887,6417
1674342,1567286,1955777,1493572,354133,5914722,717649,748981,418432,479186,761437,1637795,4694
1067891,1470540,1610887,1510770,346769,5807651,686769,712532,494733,550646,1137318,879728,3266
1345474,1392666,1598844,990249,237265,5242055,729345,768152,496293,553408,1547930,2526699,4656
1982478,1793601,2394072,1792894,362590,5782433,504660,506097,435962,555582,1786835,3136612,7347
1714522,1576145,1955826,1473513,331248,5720291,673544,574607,453073,433508,1015905,1630658,6205
1365981,1406388,1978479,1520653,356631,5927463,722757,756413,498672,548298,1138767,894708,3196
1367407,1361026,1290748,1325494,244000,5989178,715034,735983,536170,588042,1534587,1730154,4893
1643631,1710413,2033409,1336394,238865,4733548,483053,512709,547859,607786,1594519,2537063,6242
1679417,1759921,2071990,1598156,363742,6218004,506037,526076,425468,528031,1164209,2433987,6202
1353921,1673279,2460657,1846477,470791,6589472,921534,960935,589402,600390,1200326,881591,4806
1042574,1348940,1500273,1287366,339579,6054327,704202,734540,554389,610012,1544648,1667055,3107
7192319,1810082,8889438,6302134,1355187,15016058,3173157,3702303,547491,673165,5893700,11976435,10704
2049778,1780639,2379452,1769701,457129,5817472,709633,515479,513224,553195,1550613,2594729,6275
1688792,1576068,1973480,1524174,350479,5994947,709347,739643,442499,484690,778711,1574251,4516
1377508,1739122,2092641,1606680,478860,6536814,1127483,1165548,662288,723020,1909808,2462284,4952
1656028,1686766,2052036,1314529,128647,4839732,503767,770629,536890,594412,1586227,2543679,6336
1665700,1721950,2064930,1600047,362951,5491697,505296,284544,491689,530941,1522599,2429621,6039
1693776,1731561,2097897,1599810,352127,6028067,707084,737581,486983,539596,810334,1734531,4722
1086662,1593580,1690498,1588471,356541,6221229,738223,769682,571401,614082,1212838,872221,3218
1674411,1789539,2149932,1376346,245346,5569721,729985,991205,628072,682944,1910456,3345263,6482
1715253,1697477,2049299,1553523,348674,6003886,489399,281118,432638,534174,1579955,2627687,6392
1634113,1708196,2054072,1574745,362629,5967369,735813,765221,557945,533841,805676,892462,4627
1046491,1495531,1676954,1589471,360096,6046202,709135,735586,513702,578941,1453104,909077,3252
1319652,1345051,1268547,1291687,239253,6024933,735193,768446,519391,584894,1573396,1694956,4539
1996363,1883492,2519210,1622003,358019,5480535,504375,523339,552484,664874,1877520,3230388,7953
1710623,1719861,2065894,1572619,345206,6063263,698466,733177,471254,455269,799968,1758844,6423
1064028,1550239,2058916,1589927,360687,6091921,734069,765705,558586,605038,1190048,881376,3195
1397552,1332864,1263801,1037882,242550,5884656,718043,740964,528232,591011,1533745,2551898,4972
1708205,1692060,2065208,1524922,238682,4814510,292581,521093,566896,614962,1611027,2601097,6228
1612585,1737229,2050420,1598731,345099,6156644,517945,523774,444887,550734,1127740,2290612,6115
1687421,1947299,2501915,2112184,570996,7264394,1127842,1178112,603497,665546,1172023,1775824,4903
1054663,1367890,1298462,1309637,350718,6237622,723919,746212,527766,577588,1533169,1661218,3241
1698642,1703189,2119103,1348687,128357,4806268,498345,747321,538958,598824,1536620,2535563,6519
1669177,1703456,2042413,1550020,347756,6026093,491098,283646,429921,531199,1581102,2607944,6378
1637527,1729900,2084357,1599250,363033,6090053,733812,763030,537897,523835,813207,920955,4765
1020395,1507409,1615407,1543724,459638,6583747,898043,929826,577969,639378,1615829,1750088,3225
1644490,1719810,2047056,1307674,124106,4683644,497711,766527,557755,602507,1588659,2542308,6079
1661485,1726149,2088457,1612717,357035,5482781,272697,281840,492416,595837,1512482,2437134,6365
1699747,1711343,2064507,1581274,347906,6119927,706788,743370,485130,468779,813356,1747038,6421
1058438,1478902,2019976,1559537,360423,6049771,734765,766444,537134,591293,1179409,870453,2993
1688982,1533169,1663967,1146804,246082,6182072,807345,944453,593342,664001,1890524,3287333,6562
1655064,1651941,2020826,1546066,347319,5418574,271459,283650,486985,594155,1583971,2594760,6198
1681742,1716729,2124145,1661554,362288,6336704,733130,768922,499696,486937,835449,1679492,6554
1106705,1569981,2163261,1660023,355789,6249496,705766,736616,573568,623436,1229703,910374,3407
1055716,1420274,1304788,1330569,357478,6098204,737537,767353,557891,611715,1575550,1691729,3357
2027039,1845436,2466652,1586502,244346,5263138,499113,747954,501732,611964,1870836,3319911,8219
1686839,1704306,2047727,1548278,346055,5898791,711175,517214,432627,468658,1188546,1982494,6570
1293627,1818067,2382500,1801820,473922,6626231,954702,995639,581874,637258,808929,869526,2981
1068439,1398179,1328821,1363629,363591,6138705,719849,745610,545046,601590,1549651,1739245,3374
1672029,1646583,2041596,1330289,125967,4713210,492938,761625,552178,606674,1595985,2510634,6330
1679800,1722734,2084489,1583854,362741,6139122,506737,285418,402792,510917,1503265,2454403,6260
1705518,1923120,2463323,1824392,461445,6505204,929963,984755,552669,543350,811740,1753751,6450
1069772,1268406,1642192,1391126,361149,6087028,736384,768174,537969,592747,1543939,1555320,3201
1695458,1557471,1694488,1054077,126626,5478444,718340,739672,545268,594463,1532719,2552893,6518
1661526,1647402,2040798,1583191,348558,5464161,272372,282505,495127,607455,1609972,2565968,6197
1671331,1729073,2076979,1593019,358365,6266742,725464,754642,482996,464290,789530,1630190,6228
1040553,1534667,2107490,1614582,465333,6755108,912920,953850,604570,668055,1579608,1758496,3253
1652151,1509655,1663394,1323292,128791,5648781,510073,773730,525720,581094,1571694,2528378,6508
1730351,1769538,2117927,1610447,244143,5272279,267971,511381,519132,610328,1538865,2535806,6356
1643013,1676539,2006981,1528111,329782,5909377,681019,485121,439392,478449,1207383,2431042,6326
1320665,1739111,2051457,1588219,361199,6279480,735270,767078,555550,609603,810458,891121,3143
1374152,1526675,1687683,1353958,360366,6139309,931899,966753,612323,671807,1972391,2579428,4720
1602912,1677236,2006097,1540522,349732,5891224,501474,750324,535400,652745,1919614,3264055,5641
1681279,1705092,2094365,1614490,363629,6116137,736971,523037,499585,477433,1167977,1658861,6173
1664263,1775555,2483966,1856409,456726,6792138,909986,950982,591927,592223,1181903,907720,4960
1069351,1387645,1707698,1539630,351966,6253015,708179,738603,554745,615896,1537725,1171596,3513
1696733,1538311,1680082,1064288,127373,5459073,717802,736802,550672,598524,1560058,2551724,6375
1940060,1855149,2378666,1776997,456640,6029965,496983,521763,474090,577344,1559662,3368723,7370
1321320,1705481,2060745,1589652,355239,6064339,719888,748952,548351,531478,804741,906625,4628
1092572,1431581,1735997,1367952,356493,6251016,705175,735519,564498,626322,1617302,1791362,3588
1652379,1517887,1658815,1290035,125246,5395433,502560,766886,540700,587899,1590854,2519585,6001
1662725,1692134,2041595,1579225,342677,5400859,378134,282564,471648,586853,1474080,2384729,6315
1970135,1881594,2405785,1794784,457528,6695964,937274,757167,490790,541301,1204814,2605844,6210
1052218,1470379,1653072,1562863,358694,6053049,730122,761924,527252,568785,1138329,877575,3087
1384236,1554013,1695869,1066250,242024,5519118,712841,743672,552304,611325,1581386,2612539,4962
1666377,1698830,2047583,1570456,237282,5420130,271475,525383,494886,592115,1591308,2539254,6037
1667775,1727141,2100786,1614411,362351,6118040,728991,517914,477601,466632,1161049,1692496,6328
1356290,1765952,2088896,1827343,460858,6561967,923295,966546,610801,667741,1457845,917744,3325
1340325,1517933,1661409,1050618,241654,5321996,736344,769724,537978,602672,1556541,2485476,4600
1666318,1685472,2056847,1303721,239907,4660335,490493,506825,530782,592835,1545434,2530849,6183
1932323,1902756,2428341,1846239,451282,6054273,498485,525653,496847,608882,1600609,3337487,7496
1347476,1732999,2104477,1622823,362745,6148381,740084,773928,544063,544871,818838,909149,4761
1348853,1369507,1710438,1341498,354797,6750991,926068,965680,590635,649777,1967222,2622566,4996
1644308,1699748,2071915,1482507,240922,4814493,294680,523297,553380,614754,1586419,2527603,6378
1681545,1773150,2115642,1624572,362115,6154570,496596,516333,428505,534043,1185597,2497984,6452
1381728,1687597,2035097,1539643,342045,6001176,698779,738658,543663,535279,797059,908121,4765
1006403,1585687,1693955,1607926,361703,6155568,735251,767036,557982,615926,1177046,878528,3093
1352851,1544810,1687519,1055473,235923,5344966,698075,728382,532044,579733,1546890,2564967,4994
1941346,1882692,2414041,1816318,350799,6075908,502456,527726,487225,603825,1958405,3345994,7616
1664206,1702564,2090952,1610358,363807,6162348,737107,760811,501990,527641,837474,935653,4644
1041467,1551162,1648881,1581324,339542,6235475,686381,719715,566151,623615,1259487,910566,3402
1312149,1506308,1629426,1041140,241255,5518673,736456,768564,531028,587196,1559622,2476993,4648
1689689,1723087,2069913,1602470,242660,5401897,270573,515205,477624,580345,1526191,2527157,6353
1963169,1889909,2393152,1824512,453422,6690827,728414,769718,500805,551738,1192765,2519181,7666
1057065,1619661,2142224,1663132,364248,6454525,739610,770991,576528,628595,1211696,911250,3284
1364598,1382966,1302469,1074907,239312,6021722,705253,735626,542114,596124,1578515,2600028,5009
1593319,1741536,2028333,1370187,239725,4746024,404873,489038,546901,605897,1528064,2381045,6017
1980341,1703680,2150149,1570265,357551,6859434,674366,694339,494915,600864,1487586,3107658,7716
1353378,1753361,2473977,1857484,452485,6837626,910282,965234,616969,620441,1210062,930212,4927
1359097,1317110,1279263,1058505,246094,6261495,735287,766787,541830,589594,1562927,2438983,4708
1702918,1752709,2120229,1341278,123028,4794849,485773,745851,542246,592880,1579942,2640816,6582
1644381,1719503,2053290,1572914,349808,6140541,502295,284979,433532,546600,1567231,2530461,6199
1629564,1682978,2029410,1565159,344578,6216297,701764,723813,472248,516605,813001,1198499,4627
1002181,1574749,1687462,1587018,460125,6710413,921372,969428,624158,687197,1604928,1758175,3214
1605263,1670871,2009395,1298676,124973,4826692,495183,758376,550244,605273,1566326,2433066,6135
1674918,1730689,2095287,1622642,364339,6255396,499088,285546,447095,540728,1534820,2490426,6015
1632509,1733516,2053503,1573085,348797,6120056,719651,761558,539812,539225,811571,864872,4552
1032549,1609009,2134006,1645037,365991,6402085,743629,775444,563271,612790,1170381,890921,3212
1409722,1358268,1283396,1196768,238617,6094155,704696,736650,550681,600047,1595269,2426986,5095
2370171,2284025,2922670,2038646,403419,7677111,822349,584334,638099,654192,2086076,3491605,10431
1504598,2091923,2743322,2400576,449259,9395198,885029,923764,924903,907041,1357756,1115840,5502
1924700,2173741,2652670,2068825,324240,8716872,816916,853549,917254,1017211,2269881,2220001,8304
2333732,2360009,3004290,2356777,404269,8388843,352505,577161,614239,740886,2226198,3638020,10832
2949693,2690250,3723418,2334164,595909,6522978,773539,563236,760587,883415,2856308,5066007,13378
2075105,1933161,2513088,1885445,464070,7581184,1138258,1206378,655613,695024,1244583,1793677,6382
1118704,1538744,1383804,1411264,367008,6473352,746522,777284,581262,637878,1618625,1683678,3280
1730492,1855677,2154649,1393605,128953,4831655,495123,739194,578661,633599,1613128,2561626,6528
1681779,1827645,2059224,1588140,340432,6125473,481971,286225,459552,566507,1610172,2516974,6262
1683284,1895803,2150443,1673532,365419,6416209,740225,772269,609347,590483,875563,911189,4631
1354125,1526167,1734059,1647782,363638,6839104,927432,965312,637718,708325,2011193,1766988,4481
1659728,1890642,2096052,1367615,136487,4976369,509891,721469,602103,645370,1601075,2409798,6092
1664201,1825200,2137857,1654865,363002,6152980,497856,281222,446685,553169,1543260,2482338,6281
1747584,1868725,2116391,1620851,347582,6078307,706853,747183,583011,576241,876209,934351,4891
1108932,1500066,1739971,1651969,359746,6363119,733054,766667,590160,649480,1587296,925439,3272
2084535,1721245,2111744,1339452,246195,5407781,723542,745861,598103,656226,1948501,3415562,8203
1735044,1885084,2106077,1631276,349170,6147584,499292,523025,486840,589484,1287456,2608966,6419
1560983,1818860,2084326,1631876,345562,6197805,701988,734109,569839,553113,850466,906747,4706
1098723,1573457,1767412,1666906,356640,6212799,711419,742118,601737,652727,1646300,936586,3274
1663031,1652006,1688457,1097846,126683,5477828,736855,768277,582348,633717,1608186,2485938,6084
1684818,1904215,2153294,1672887,356121,5635741,273401,284203,527849,633962,1579727,2442889,6206
1739075,2072855,2529167,1895304,555548,7495648,1114189,1180474,670721,677115,1243176,2528074,6615
1089602,1434492,1721112,1372555,364588,6293628,741607,773398,577486,630959,1597855,1658901,3060
1702603,1591464,1671809,1144598,128937,5383242,586732,707519,558449,613114,1510051,2446600,6423
1633023,1700572,2039071,1581554,347231,5352648,272688,285185,494698,609636,1611535,2557184,6173
1649482,1794220,2084413,1608727,363071,6211877,736732,768379,496765,475733,804383,1638880,5957
1018176,1542901,2076187,1581258,466470,6561132,917068,956961,584169,650784,1558695,1740743,3237
1628322,1477022,1633477,1286272,125932,5332402,513530,777172,541654,598029,1583260,2512335,6019
1684587,1743776,2097684,1597542,361583,5319080,499304,281958,491460,539793,1515078,2470176,6324
1734504,1672057,2044675,1561113,347188,6018465,708222,746599,491877,482217,835675,1771081,5986
1034070,1532876,2037959,1572934,363495,6108966,738962,770860,535018,594998,1168795,867676,3019
1698270,1570721,1696791,1346857,246338,6159091,722658,969044,602278,656124,1932221,3407594,6628
1713774,1738105,2073356,1600675,348088,5489506,495863,282879,514967,560109,1607008,2590186,6617
1687977,1745933,2111370,1619224,362085,6140551,736928,767337,489130,528073,817331,1683072,4900
1011112,1572457,1698166,1602925,356306,6014602,711382,744002,545411,604249,1191864,902600,3221
1367741,1464563,1582421,1075800,240461,5890174,737908,770001,577722,633778,1623340,2541511,4870
1683860,1700316,2090240,1601795,242940,4818712,270893,518393,549785,598939,1533613,2486870,6361
1960707,1861979,2387166,1767799,451906,6396186,913779,737581,495930,550442,1195105,2587170,5964
1562377,1711838,2598799,1993473,1430258,11443974,2831396,2951637,850838,1011810,4348623,6936955,4459
1472623,1452532,1345610,1361305,239426,6329375,702183,731423,559010,613425,1569264,1759309,5106
1763423,1727373,2048445,1319977,237438,4738403,499319,524367,547516,600259,1599090,2511165,6430
1732871,1666705,2037968,1566493,356240,6159834,498522,500538,427175,524862,1220973,2416183,6262
1707657,1736950,2429375,1791781,443988,6467902,886403,927609,599274,603551,1227863,911136,4741
1355773,1350066,1233544,1236738,238560,5819245,718927,750454,508118,553959,1483205,1634090,4392
1742260,1634963,2051101,1285328,244645,4548193,488064,506178,522167,577997,1520077,2490179,6339
1724451,1602025,1968392,1487045,336081,5822789,486823,513553,391274,503736,1143642,2503321,6033
1361262,1655245,2002589,1537197,353997,5932584,719018,749864,517247,493112,764261,881557,4584
1382832,1272951,1627146,1282238,349929,6501606,910094,946528,551622,611022,1865078,2522257,4889
1634403,1616815,1955299,1329301,235831,4594307,401230,497119,510778,569669,1526334,2417434,6262
1692662,1578622,2029429,1526616,360920,5828316,506654,526545,381735,474826,1122275,2464600,6432
1408553,1620733,1982864,1498839,345948,5772873,697981,730340,509243,510675,794382,881550,4646
1063929,1285279,1601952,1277937,340331,5872309,701468,731569,513915,572484,1481353,1581506,2976
2038533,1607787,2045618,1545107,244760,5159506,489786,737746,541292,593267,1812855,3259468,7754
2046561,1533203,1973992,1481315,347297,6312185,931798,751194,445592,487995,1531529,3434784,7478
1352223,1601069,1975949,1527168,339442,5911268,693089,724766,511444,498298,804062,912397,4603
1051238,1261401,2021859,1542407,464117,6479824,910930,943967,565338,620266,1885622,1748308,3328
1662349,1400200,1592439,1248419,128768,5224115,497488,756252,498978,540548,1537025,2485447,6138
1736917,1612425,2035737,1557420,358393,5362757,505414,283162,446976,491478,1492475,2445794,6217
1712669,1764763,2398135,1757828,451295,6251096,900180,939417,514682,570650,797562,1696820,4877
1062596,1295887,1243706,1262969,348265,5829987,721179,751961,516816,563652,1503727,1639801,3075
1781529,1579216,1923382,1317967,125480,5208362,492505,743853,522797,584980,1527831,2530745,6790
1727027,1648577,1987733,1499919,339913,5267515,493285,286060,455115,520580,1545942,2568030,6423
1654817,1695564,2022841,1550865,357058,5955270,724241,756955,468553,504663,782110,1622879,4554
1048234,1445418,1586685,1502418,464068,6453718,907358,938121,555679,615794,1517045,1731943,3266
1676772,1616957,1984113,1263341,127843,4639524,496110,754486,515423,579742,1542536,2458155,6033
1726791,1644636,2050379,1546332,360140,5980256,510763,289305,392227,496450,1463161,2404956,6157
1751863,1686529,2042862,1558897,342744,5980082,698133,719211,480910,481123,877310,1713713,6413
1332333,1557758,2042753,1572503,356089,5989811,725060,756261,555175,604956,1174001,876172,3145
1694826,1602429,1709177,1353704,245035,6032684,934205,961221,620012,683594,1918884,2514635,6371
1683777,1684329,2008400,1554791,340337,5432082,273521,284110,482864,605528,1576711,2551676,6487
1628577,1717957,2069375,1605641,362435,6048242,734362,763806,502329,481779,818581,1641403,5923
1042670,1755746,2479327,1848576,466857,6536876,918263,959130,576394,641871,1149115,905521,3192
1351730,1358206,1300704,1110022,241604,6099065,740371,771993,568529,599578,1591217,2443432,4650
1963160,1972863,2491145,1662571,364712,5424319,447762,485145,556367,671735,1851068,3163608,7951
1716774,1701303,2067942,1573946,347672,6160088,706711,746168,497076,474122,840980,1771359,6705
1028845,1598079,2062374,1596026,356064,6102754,727524,758942,566917,630763,1186708,872330,3059
1352599,1351229,1264166,1055318,245249,6056162,719757,740733,530488,587820,1538611,2530499,4680
1624409,1734723,2050105,1584372,238138,4725141,274812,524301,556931,610510,1594129,2579231,6268
1611083,1709526,2045316,1577299,361274,5992674,730174,522450,417696,471106,1166528,2391179,5990
1308031,1768503,2477775,1857361,453116,6681126,890913,928300,601564,601851,1209802,897853,4426
1319889,1396697,1283229,1057664,238979,5975176,732097,765795,548783,605641,1571062,2504144,4539
1705073,1730160,2107059,1615535,237555,4760851,274838,520540,538148,590482,1520277,2479451,6797
1742608,1725291,2070732,1568389,347827,5997181,709751,517007,447512,481018,1203481,2630988,6782
1349109,1667323,2043233,1584833,361401,6139433,738453,770037,543012,597205,806918,867950,3113
1333617,1359403,1417240,1332443,362732,6589334,907943,932677,598206,651815,1853368,2422943,4660
1694135,1779145,2085707,1615778,238232,4805302,274373,523630,588315,645916,1635792,2590970,6310
1623137,1719512,2059909,1591498,362339,5919157,734090,524458,430422,466644,1161233,2395206,6165
1357079,1753008,2097054,1593041,351142,5906704,696787,723231,546895,601604,816973,906621,3384
1320721,1548041,1660752,1587211,458531,6646999,949270,991640,626523,685167,1591093,1699937,3078
2009794,1709661,2088303,1323048,247462,5537849,734083,754578,588842,644474,1900415,3348891,8039
1642327,1758753,2083411,1593297,352455,6089860,494796,488677,433486,542988,1339539,2637294,6269
1612948,1679102,2031747,1566862,363201,6100231,737336,768567,544074,526425,800723,870572,4532
1068223,1309082,1645336,1546676,350329,5831269,693502,720704,503769,559991,1498875,871039,3236
1710762,1408963,1600403,1004157,125812,5194505,703683,739294,488166,541983,1509589,2445584,6242
1673445,1687311,2044144,1567094,350560,5324994,273520,283047,451480,569880,1451882,2361739,6274
1728304,1741743,2355752,1709307,451416,6166484,901689,941955,480351,489166,758206,1709665,6261
1035216,1310939,1607789,1336919,354074,5956914,728065,757092,510613,563048,1511662,1573757,3067
1698878,1499975,1648700,1032843,126408,5123495,697991,724997,493213,556786,1458057,2450115,6173
1721555,1668182,2021362,1522988,345474,5317041,272254,284093,446831,572751,1534882,2614222,6368
1694205,1662213,2029000,1549281,359512,6070417,730316,761683,460987,437351,774026,1651866,6217
1051361,1418295,1983816,1502942,467310,6345718,912687,945224,534424,603284,1491246,1726592,3167
1687927,1485765,1597618,1250349,125255,5116130,489886,746873,507332,570385,1507909,2481261,6137
1715355,1643889,2023365,1538921,354430,5132137,484148,280554,457485,519654,1450161,2397098,6232
2072419,1778010,2367632,1737397,455561,6213235,904068,942305,485658,487573,763509,1729540,6041
1343092,1619029,2309860,1759044,439566,6509717,902173,940777,519334,573547,1125567,1392288,4613
1728134,1503538,1634735,1275527,238499,5845867,707630,953755,565136,624195,1794149,3202695,6166
1749215,1643683,1998729,1521197,339449,5399038,492114,292926,452115,504511,1523018,2520435,6437
1659306,1589225,2004152,1532885,362699,5924171,736455,768114,425374,480046,754556,1656084,4758
1044910,1497137,1642058,1529572,347128,5800514,685966,710405,506353,570480,1119721,886666,3246
1319038,1313990,1344157,1001134,233721,5608865,680242,716393,485013,549651,1456560,2354449,4493
1999637,1838068,2413020,1803973,354673,5263149,496224,515264,514213,576772,1791104,3115342,7479
1759775,1603800,2003725,1515464,343508,5856195,697956,505731,463846,439661,1178221,1756124,6471
1386137,1440315,2008528,1558291,356703,6070583,727932,756951,516035,561542,1165531,883395,3233
1402662,1265239,1252861,1297672,239705,5871443,707131,727420,509904,555549,1511682,1725922,4814
1734537,1589206,1977369,1268343,229055,4475404,487244,515514,507951,552481,1520133,2537814,6737
1691473,1552322,1975201,1522674,342181,5996020,473352,425043,385460,481899,1278557,2289727,6292
1713190,1579765,2412774,1783415,461464,6336842,909741,950045,558713,559592,1178889,911537,4679
1362174,1231734,1214554,1238204,234025,5716957,718364,749204,508791,548127,1514707,1650551,4358
1737356,1608916,1998329,1257881,236247,4585683,496936,511073,503229,553787,1442397,2381199,6117
1738766,1610411,2003724,1506476,344346,5869968,481404,506569,391849,496447,1169515,2574105,6519
1377117,1613229,1974706,1497862,351244,5848337,717198,749471,508381,487101,770917,886938,4570
1716194,1498869,2029786,1673170,468033,7135281,1142785,958967,547352,606819,2211822,3158256,6197
1673988,1591302,1974783,1250501,238785,4502635,499940,527536,505977,568819,1563204,2580167,6166
1678698,1608269,2005930,1547110,358481,5957005,500674,521820,394329,489163,1133758,2385886,6270
1408640,1639221,2014048,1528331,345239,5837102,691096,720373,517693,496144,799323,900727,4880
1017106,1298799,1566239,1234011,340495,5857100,711259,741728,508833,570731,1510060,1666231,2892
2007004,1662225,2027058,1528644,241346,5138250,497555,748460,538851,588050,1773797,3177258,7705
1756692,1653499,2028005,1532915,340892,5980832,673839,514988,391948,471161,1142223,2558653,6803
1773110,1935492,2536589,2245721,575125,8419646,1167978,1218442,716149,726244,1137288,891771,4488
1072255,1278378,1638595,1281804,343848,5819797,689716,708543,516726,567822,1488199,1664046,3254
1714526,1423520,1580944,1240419,125248,5077701,475577,733025,503214,553779,1525309,2503036,6110
2003704,1780719,2397509,1823782,456867,5986190,716255,508301,447483,492208,1465985,3000498,7569
1434957,1586687,2056716,1563689,348302,5945665,696863,727552,507645,566644,792073,891458,3307
1037429,1416411,1624922,1506345,347706,5756094,724904,755153,492717,550052,1468752,888163,3099
1415628,1529690,1668502,1055973,203941,5404415,691105,711284,541176,596135,1498882,2374623,5030
1655110,1785067,2071543,1576796,237727,5395331,273427,515287,514876,635911,1643409,2603180,6312
1615022,1766069,2061208,1606808,354184,6107740,724793,521579,510273,473528,1170707,1613402,5933
1373189,1549896,2081696,1882757,459318,6648157,905872,938535,588454,667282,1561581,872769,3125
1944614,1706873,2028508,1314547,222147,5265853,718569,758771,607862,657291,1928755,3179787,7295
1667012,1745021,2112602,1646551,356778,5567245,281276,290229,484704,600893,1518741,2400056,6437
1675380,1754911,2068501,1581908,330716,5988072,671861,579020,483801,476496,1083828,1667217,6660
1324442,1573349,2040896,1586865,351441,5913753,731416,764866,562021,610649,1169116,873374,3020
1692708,1545249,1657945,1321101,240323,6000532,931553,957646,595693,661907,1867129,2421111,6152
1671465,1729912,2072151,1586538,349771,5305100,272599,285485,514976,625076,1630086,2599360,6148
1635951,1749516,2065996,1608525,353300,6094348,724214,755891,493881,477667,807909,1606066,5908
1021485,1558038,2101840,1624831,351304,6006692,701045,724453,546748,595631,1186823,876493,3177
1348587,1369399,1284297,1219381,221484,5990546,700214,735972,552935,607894,1557576,2114443,4569
1960068,1902331,2483964,1615560,353441,5417215,495161,514894,538943,657335,1872523,3125555,7405
1672272,1788846,2100897,1611493,345667,6133327,710367,524619,443866,489437,1234552,2616376,6636
1348870,1758379,2054702,1596582,352085,6059644,727608,757247,566237,617286,815916,905507,3157
1018919,1353315,1254286,1317977,353002,5918189,705574,726756,525192,587371,1538901,1692217,3109
1644154,1818358,2079235,1343483,125386,4735347,497203,758440,583029,636577,1643249,2560094,6218
1657356,1723235,2066232,1609501,352686,5451827,497089,285018,479078,528866,1504595,2359975,6169
1970070,2078090,2856496,2098440,457837,6376737,910336,1169224,596038,643093,1195479,2541154,6164
1322805,1567333,1628564,1314908,344031,5877601,933965,974549,619504,681635,1953987,2406839,4431
1695982,1798647,2109908,1346691,124079,4704467,500247,737662,545842,606798,1537051,2414820,6477
1695503,1697781,2057105,1570229,345381,6116554,501316,293077,431197,531394,1607812,2625911,6482
1649845,1667989,2035960,1580203,351935,6002619,725340,759345,548413,541001,802798,876962,4414
996650,1519302,1677520,1607072,453860,6727640,909081,934868,600345,656124,1807701,1615075,3149
1643309,1739940,2043263,1323756,126035,4569890,489986,759316,541509,599977,1574086,2531892,5966
1655062,1782601,2088064,1628123,354094,6170194,497887,283489,438112,557891,1559074,2348922,6101
1692878,1823585,2129467,1642956,343550,6161121,689793,721172,571541,568113,861671,890574,4988
1001822,1452958,1686405,1583249,348771,6086177,735505,767720,552972,612201,1595001,890737,3237
1681991,1528033,1656837,1281507,240045,6067290,718856,959528,565633,640706,1874247,3247131,6096
1667045,1703352,2041204,1555347,332472,5394781,306400,282098,500484,596312,1552205,2514506,6464
1670597,1716456,2072076,1608768,352041,6267059,725632,759450,480830,472171,814527,1647264,6365
1044764,1556520,2118112,1640417,354035,6113770,705815,736837,551637,597283,1195137,876366,3182
1342019,1419933,1291736,1066674,233272,5990642,709430,747524,564314,628115,1583315,2458557,4667
1981765,1873218,2479238,1874079,352406,5382186,497154,515888,539630,590558,1859040,3141552,7699
1722916,1734189,2058779,1563567,346747,6053834,704052,736906,501321,543775,811148,1736301,5064
1007822,1497314,1864720,1544540,335933,6057534,696646,726770,532645,587795,1142788,873642,2939
1652425,1366348,1258663,1047865,239068,6826562,928534,956529,603184,656907,1871239,3199567,6056
1650434,1792394,2087410,1593345,234352,4805367,277873,529292,549237,602033,1605233,2565665,6118
1662979,1750636,2056037,1608984,350654,6233158,720302,514905,438951,471976,1177684,2324190,6086
1313434,1757253,2073829,1845085,465958,6319957,921691,956508,588654,649708,1163648,897858,3310
1309802,1535405,1648702,1059201,232793,5321763,717153,756214,534906,593801,1583207,2475924,4500
1609293,1725166,2020404,1557094,226865,4802203,274460,518958,524893,580684,1465664,2303603,6096
1638972,1719272,2073256,1585821,343820,6120387,699464,508869,427306,473440,1197333,2518947,6171
1290454,1665708,1998838,1554166,348071,6171695,723247,754807,539398,595235,788085,861076,2970
1336175,1567278,1696874,1306723,354605,5991060,946300,970610,589905,650405,1878913,2474766,4824
1685415,1714832,2034666,1561464,232780,5382566,268376,510286,478208,596593,1580024,2566601,6261
1633330,1683540,2057373,1586928,355316,6157620,727656,522893,466143,446315,1161412,1663266,6321
1381251,1702351,2102016,1608844,354035,6047048,709563,739211,543658,592819,1080636,906686,3451
989662,1330673,1251420,1309617,339605,6008940,715427,756617,540190,594123,1573260,1673124,3046
1938932,1919459,2457938,1574717,239039,5325734,498318,748663,536964,641944,1829552,3125215,7331
1676439,1751308,2088674,1603729,346292,6087105,701565,503536,486393,464276,1214485,1754842,6433
1352900,1643997,2071021,1620967,345538,6321909,716063,745893,568751,628443,1215127,905475,3296
1357847,1359647,1296271,1343506,239367,6059578,722642,746270,539623,589053,1540821,1721140,4799
1953016,1682908,2001718,1294090,221761,5393164,686094,745107,577466,648051,1926043,3281186,7276
1927586,1939203,2451724,1851996,460502,6629028,714607,534023,498009,538021,1504677,2329752,7360
1655564,1762463,2053962,1562440,345614,6019691,712418,523327,488816,463420,1192113,1734485,5952
1294937,1503826,2017777,1567697,352927,6133854,725320,757292,528620,582320,1146206,870562,3137
1344940,1319872,1260649,1316805,234414,6009965,694044,718211,524750,579954,1530629,1702839,4717
1615531,1732111,2035640,1296078,232777,4559866,502002,529569,536187,591688,1572532,2511056,6017
1674961,1754787,2079868,1602226,354493,5375285,493985,282572,486821,549462,1508100,2425823,6293
1658605,1862505,2396139,1803553,434127,6616125,881817,930214,527493,519277,811336,1721015,5979
1070139,1382341,1668190,1330239,352827,6068701,723128,752258,557262,608050,1538943,1646392,3117
1714300,1497521,1670685,1311751,126112,5295038,487442,728666,521771,574814,1516316,2498717,6434
1682454,1675971,2050055,1591687,342087,5429246,504912,288522,485895,526880,1600871,2539814,6375
1666324,1749054,2071151,1609434,355597,6127491,727257,758657,487737,534197,811052,1648880,4776
1023640,1552595,1687172,1560225,461000,6440824,917274,957302,580597,637735,1576649,1772367,3427
1586973,1559393,1729877,1299234,125032,5294100,462641,718871,549576,602957,1514983,2330809,5729
1653916,1700869,2062014,1584244,354166,5345987,499651,282294,463409,509874,1501949,2401902,6094
1917492,1789647,2363727,1753613,451850,6295178,917104,967558,494598,537284,813701,1730949,5814
1459543,2013401,2604444,1993540,470005,7506090,988854,1019599,568509,619127,912137,1688623,5926
1378861,1371451,1663647,1307447,343882,6437408,903873,944084,565936,633786,1923658,2551506,4960
1639043,1711562,2061334,1585772,237112,4801720,276685,524049,556617,600226,1583162,2435784,6332
1653809,1768175,2086205,1621098,357648,6102264,670580,518312,427608,539725,1176714,2432835,6183
1335917,1718498,2055533,1572748,337524,6104633,694535,734599,559352,536642,807650,868854,4507
1041630,1595696,1681086,1611362,352501,6118577,723412,755822,549336,581947,1141216,866213,3122
1315069,1509962,1633717,1024862,234992,5297360,693650,723680,525042,589944,1539773,2509489,4616
2011721,1988099,2493158,1890485,344666,6309166,501568,536370,531580,640057,2009397,3281444,7507
1652406,1677421,2056855,1588811,351503,6033641,721344,745820,541611,528191,805901,868792,4702
1040223,1536974,1684498,1592384,343801,6126191,704124,737857,542371,604164,1488857,911052,3528
1366782,1494935,1632383,1041708,236969,5329568,731654,763589,540289,583697,1545451,2414465,4391
1713913,1794138,2139078,1640580,243081,5361388,270291,507626,486775,613142,1572938,2517243,6450
2382551,2164898,2913727,2163068,559418,7564795,1153334,992618,643544,524449,1184611,1699521,8271
1042340,1346023,1665773,1621321,357364,6191390,733484,766339,547213,605419,1552527,886635,3294
1698447,1552265,1666744,1039905,122842,5196991,694228,721676,516896,564846,1533109,2541496,6441
1622865,1719391,2008864,1534311,330151,5103867,269002,300839,485424,594840,1567195,2473156,6125
1685654,1693608,2042454,1584585,348116,6201651,715478,526812,483860,474328,1168813,1644483,6189
1653482,1739744,2422228,2090395,535111,7187259,910337,949083,605928,744546,1917642,1567012,4802
1640141,1505075,1662330,1055818,126486,5540329,728475,760449,559615,615034,1567909,2388325,5959
1677690,1744503,2101971,1611134,353821,5392150,269402,281960,481371,591594,1518069,2449085,6316
1666949,1743707,2048473,1567441,342279,6018137,713257,755393,488076,475069,828486,1722591,6291
1047091,1564064,2053100,1595085,351390,6014891,721938,754940,539156,593831,1162939,861268,3198
1712997,1554932,1664770,1261846,222726,5974137,884802,921028,597322,655992,1879795,2652194,6396
1628242,1666971,2035986,1591834,346073,5399395,271979,282811,479825,604065,1622650,2490363,5995
1652944,1776065,2088471,1610388,347760,6145558,711612,733843,490179,467309,795280,1618281,5933
1040571,1555422,2081109,1590912,339564,6020846,691129,725513,542998,598360,1202317,882754,3302
1338907,1354272,1249866,1037871,239474,6018069,731185,762312,551351,606598,1565868,2424116,4556
1705785,1794171,2117604,1610189,236277,4640014,269898,509219,557710,609480,1553058,2501514,6643
1963744,1818804,2380947,1787731,436515,6511923,805052,754774,482580,523628,1152583,2480288,7530
1034401,1586963,2058638,1578496,350693,5987815,719449,751289,544131,586381,1136827,872743,3323
1388187,1454024,1313755,1088405,235925,6086310,696027,728016,585955,644215,1633391,2565890,4864
1661140,1769763,2057588,1595735,237425,4778214,273347,520337,563866,624420,1630044,2475102,5811
1689531,1806406,2129892,1648597,353837,6259729,723380,514686,458603,494807,1201615,2404993,6156
1350002,1787036,2301628,1875852,439524,6760559,886205,929256,607242,673591,1193430,900823,3264
1684732,1693148,1717211,1371401,341018,6939704,725736,759401,592463,718694,1972833,3108362,5952
1781879,1935006,2180925,1702653,240961,4931677,276089,514203,593092,653096,1620365,2510241,6722
1696630,1817810,2074694,1596706,337912,6156654,705304,517364,478738,510187,1262561,2567122,6294
1386306,1915007,2141833,1684232,353572,6232627,724239,758587,611208,659975,884721,882610,3134
1391267,1514654,1647989,1316054,353497,6078113,920647,958719,592405,654603,1947865,2546075,4583
1728687,1777367,2052597,1578621,235169,4917005,274720,524041,552280,620955,1625662,2447426,5857
1697151,1575294,1968486,1487804,347757,5749461,714311,513706,375238,417758,1081894,2305026,6028
1358839,1673781,2009793,1525567,340125,5715471,692301,724509,502484,562071,773540,876675,3275
1056196,1317269,1240921,1262261,344478,5864387,716610,748262,515063,580884,1490858,1601468,3114
1710863,1632113,1996739,1229978,124421,4520218,497774,722268,496574,551308,1449705,2414565,6096
2000212,1658311,2296381,1738971,440113,5928501,495496,522666,452614,550419,1522937,3257876,7289
1451972,1568554,1999202,1540277,347439,5813502,713466,746820,492422,469353,755571,884858,4736
1096002,1262952,1651606,1512758,328953,5763801,665332,694992,514167,560655,1514490,924327,3331
1685340,1370821,1570012,997715,123229,5117401,710745,742329,480758,531697,1494465,2409340,6193
1727422,1641631,2054931,1569151,354216,5102112,268010,282033,456967,556158,1498549,2471168,6612
1996410,1809451,2375748,1763572,444411,6992469,1131075,1199764,581824,566436,1191609,2573896,7468
1311970,1551653,2043531,1606674,357204,6195557,735486,978308,627919,685830,1917856,2295048,4696
1695256,1542718,1663621,1304229,125095,5349365,490191,724693,537021,585948,1537918,2482893,6331
1604674,1796292,2029367,1584349,331370,5486871,315780,292156,496089,616823,1576267,2453718,6157
1685393,1743621,2097180,1626625,360313,6084038,741203,775624,485983,462896,811820,1664043,6064
1059960,1504032,2029657,1529178,451913,6303591,905488,945012,554518,626525,1539633,1723719,3316
1675612,1471199,1604694,1255197,123683,5155997,486166,744730,521470,563539,1525765,2405399,6048
1745825,1606503,1975277,1501797,347174,5175235,485481,281946,445474,497073,1449937,2377545,6173
1741141,1656971,2018251,1531880,338406,5883660,697305,738017,467577,517930,805702,1708559,4778
1047108,1490164,1846301,1520104,339825,5863622,697997,728589,514049,551354,1083459,856250,3124
1671760,1431111,1590249,1238080,242775,5712762,709778,949787,550666,602405,1869984,3299623,6212
1666937,1633068,1963507,1506412,337109,5220180,489187,279350,444246,499651,1551109,2494010,6017
1713344,1618918,2025490,1554739,343819,5885376,707326,738199,443759,484966,789803,1641600,4961
1092241,1460773,1653433,1547178,343718,5822850,694915,725110,523124,570155,1182864,907009,3343
1348200,1434696,1587428,985748,234547,5125400,722716,756342,508932,561158,1524404,2422391,4482
1725961,1660040,2053149,1548348,232763,4634133,270028,518620,508239,564734,1486147,2426245,6155
2062377,1791518,2353307,1736691,440067,6333517,899390,735170,449682,485149,1120885,2518852,6290
1043860,1433583,1587365,1510873,352812,5800212,722427,752254,486908,540950,1121281,885486,3229
1730716,1401022,1261010,1308689,234226,6394419,879774,920141,577727,650232,1877133,2448118,6029
1665512,1627003,1973531,1233944,231341,4378095,495710,523467,491994,556362,1532742,2470815,6111
1705341,1687595,2053740,1567608,352359,5933594,500871,517096,404224,516065,1139813,2410645,6172
1497906,1654806,2399745,1779002,442591,6375422,893866,939777,558357,569215,1140438,898986,4831
1380046,1305902,1213826,1252720,233652,5732952,709779,743525,503190,560628,1476938,1591357,4374
1731617,1667627,2026101,1266231,238205,4451915,492425,509077,495050,554164,1476781,2467408,6334
1726102,1682200,1986384,1522507,335044,5869691,490599,517077,401645,513342,1144290,2517579,6443
1363654,1690337,1984333,1539493,338678,5926696,694644,725802,511880,502458,773543,859507,4692
1375232,1267956,1613270,1268693,350605,6323012,913728,955925,543524,623049,1902439,2564174,4784
1679680,1624182,1990897,1470562,236079,4454012,287517,519203,518919,582757,1551302,2482789,6192
1686492,1621778,1967484,1504599,335607,5941069,527772,519870,395576,491149,1074668,2291978,6056
1431621,1702452,2056123,1572331,340278,5967779,697850,735112,507575,506047,775478,892187,5041
1077420,1317015,1595889,1264342,342930,5893710,712051,746103,520260,576174,1492359,1626272,3113
2111906,1646706,1998868,1522484,234013,5371817,483540,712978,553776,614931,1806121,3184099,7933
1699676,1615593,1974765,1526649,337780,5853909,700236,510153,386939,432832,1151882,2536227,6255
1752898,1650474,2036031,1563152,347003,5937934,712776,745947,514389,508266,803344,936884,4848
1071801,1440632,1594091,1525239,430733,6517263,869792,907767,575894,631294,1622449,1651097,3170
1337906,1392262,1587581,994952,235063,5181076,723266,754942,504572,557153,1535792,2387984,4371
1743083,1635655,2041250,1565903,233733,5254482,274184,523301,460012,554752,1485556,2436283,6485
2054421,1815505,2417122,1797002,445541,6389649,913272,747608,518650,497948,1149259,1709779,6307
1067038,1256943,1607059,1536741,351264,5758832,718271,753107,500050,551103,1501535,880230,3218
1724605,1429667,1626546,1017559,122570,5053371,689325,712844,501887,549587,1496738,2473251,6378
1675765,1521575,1898896,1472772,285645,5059760,268805,356802,449163,542156,1476445,2367962,6013
1687598,1570434,2016434,1546030,355339,5955850,731738,518351,447098,425558,1142518,1636557,5786
1377826,1420299,2021406,1796443,452282,6337596,907707,947263,566117,622305,1550724,886219,3169
1669762,1409787,1595584,1014645,124751,5176484,715787,747026,522422,558747,1507344,2385754,5953
1694328,1570732,1999823,1530885,351649,5153082,267989,279792,440304,537987,1477640,2405975,5971
1711488,1584452,1971696,1509784,335152,5888888,692025,731308,445358,432406,797893,1733820,6312
1229573,1455006,2020142,1556195,353275,5842863,725733,758191,511738,545961,1121312,888872,3338
1718287,1393368,1576290,1262106,236375,5756855,914454,944645,551195,605358,1867601,2472350,6145
1657600,1583915,1969007,1538973,337868,5202586,271201,282637,454171,566706,1567360,2475232,6009
1712110,1587562,1989639,1527119,338572,5897401,694904,724612,449523,430082,762546,1583251,6005
1398828,1625190,2459812,1826377,462172,6388495,923223,962948,567184,618236,1172484,885923,3402
1329880,1244268,1221100,997144,332514,6510618,924645,963456,560789,618451,1881308,3088523,4225
1728915,1591032,2020556,1432697,237632,4431793,290969,508425,487861,535679,1479618,2449690,6415
2049662,1758653,2359111,1739555,439512,6466361,701905,743802,461813,487514,1156117,2555787,7729
1048519,1387795,1983447,1534672,356699,5924664,730371,764713,498342,539172,1146545,884373,3181
1391292,1268315,1233615,1015837,232124,5773550,674974,697136,516717,561418,1502615,2418227,4767
1697416,1547835,1936449,1497137,230217,4449803,271521,519516,507964,544386,1530164,2480440,5893
1688982,1608967,2024698,1569091,356886,6004883,732736,518872,383946,423414,1142529,2377357,5953
1422883,1603792,2370757,1778272,432888,6467450,866185,903153,551938,596018,1150315,900118,3697
1371868,1255226,1221574,997781,235020,5720068,724200,757829,499550,542588,1508566,2405207,4495
1724522,1649787,2022324,1554020,237269,4630373,269612,510270,510819,562073,1484368,2427046,6196
1695724,1582844,1951606,1480964,330963,5766007,683451,502498,395856,437401,1129574,2471333,6239
1378340,1663163,2017988,1552299,354105,5963148,730893,762856,520109,558158,765853,886820,3187
1374894,1411141,1586001,1252341,356249,5807699,927449,953456,547889,599122,1872951,2512328,4901
1692805,1622674,1943141,1499446,218062,4618674,270468,514263,497723,553248,1512346,2418653,6195
1696053,1695819,2030167,1546386,349091,5913567,713661,518184,404711,436975,1115557,2358350,6306
1383605,1646536,2024330,1519919,347664,5701330,700715,731477,491389,538741,770043,874383,3207
1038880,1326579,1245144,1264644,338768,5882561,712057,744897,518432,587862,1532561,1619869,3147
2047298,1870114,2419409,1791663,339089,5947892,704818,955306,569645,681102,2144441,3146227,7268
1711082,1684982,2025762,1526361,341865,5979047,708825,522831,461357,439780,1178675,1734455,6336
1355689,1577855,1917444,1479413,329364,5874350,681609,714097,473559,525335,871391,874534,3163
1088011,1373907,1655419,1580228,350297,5868891,700253,731212,509806,570208,1531494,900076,3376
1668599,1433048,1595198,1004518,123245,5058420,715850,751404,492077,559569,1538383,2464670,6248
1729769,1608691,2023677,1540232,351443,5163972,274263,283164,449723,560284,1479023,2417642,6247
1708781,1782970,2354676,1750586,446088,6300017,906298,953194,500203,499465,775419,1702566,5982
1034089,1263057,1566129,1239349,348274,5741063,722649,754361,492704,553663,1510065,1608365,2834
1729477,1459584,1637568,1157092,126310,5215670,540714,733280,512399,569495,1507494,2444772,6181
1729579,1517973,1912646,1474131,329125,5090928,268470,280734,439476,531633,1476247,2472181,6144
1696301,1576281,2000735,1563762,354751,5990115,724412,753972,455962,433830,798928,1610511,5902
1079106,1427484,2035079,1570999,448898,6469671,890083,932631,559402,616709,1525733,1695511,3329
1714294,1420492,1587734,1250221,122501,5140844,492792,755146,518375,556137,1544647,2467228,6037
1696961,1604420,2019223,1556925,351362,5341811,499522,283407,453157,495934,1492095,2380473,5996
1724458,1603467,2020732,1536395,338427,5818132,695055,729972,451328,442045,777730,1693651,5384
1079663,1519009,2020771,1575087,345213,6132663,716273,747034,549883,591805,1162591,862186,3056
1726729,1567525,1942980,1490208,335398,6471157,897436,1137282,566376,633360,1802929,3161946,5886
1703118,1622507,1982708,1504501,336997,5089052,482131,279384,454291,504093,1559211,2546562,6265
1713051,1687797,2024915,1562152,348948,6067685,719745,526608,446308,437057,1113423,1620128,6220
1388487,1459712,2003260,1518276,342694,5730760,696214,726770,496915,555216,1136517,895541,3214
1283047,1303691,1222818,1249082,240076,5796887,712812,741338,506378,565375,1477521,1636506,3998
1991427,1828359,2390018,1507193,239594,5080708,490964,714986,492512,597607,1774227,3140310,7523
1723770,1596592,1944467,1480453,331758,5662463,686670,501101,426269,428862,1138056,1709900,6310
1357322,1471368,1990296,1537547,352008,5815124,726663,756650,504668,561079,1131718,886174,3164
1395871,1270943,1201117,1253787,227047,5669975,673687,697875,495009,552068,1467567,1651559,4590
1674039,1558715,1939018,1231529,230886,4401392,492472,519403,484376,547920,1537311,2477884,5972
1680136,1594673,1962436,1512236,344195,5799651,489204,506696,394382,479560,1111790,2300490,5871
1660458,1628314,2388895,1767978,434342,6421901,866650,903002,558185,554876,1140500,902092,4521
1343476,1222049,1221193,1252511,237107,5859806,736683,768342,497883,553755,1520789,1670861,4444
1761147,1622138,2014171,1281497,233678,4615967,492183,508879,505690,550848,1444248,2389378,6258
1725633,1596858,1975760,1509746,329465,5873124,481495,505076,401350,501747,1139246,2492249,6350
1662487,1694709,2310719,1754887,460476,5779498,720437,753230,543990,537780,1107719,1557925,5470
2147927,1661633,2549538,2335222,718916,9364953,1162985,1194678,650679,870156,3159265,4111372,9134
1968425,1597419,2113155,1520490,225201,5722143,672558,940946,578856,553305,1499114,2364537,7407
1735575,1606568,2015793,1547090,351061,5175797,494763,278024,448297,487309,1475255,2387163,5940
1751204,1635789,2060254,1575102,342942,5940145,705009,747747,447873,489365,783741,1762555,5280
1059026,1478015,1636541,1566833,349687,5918010,725381,755606,523287,564905,1141550,884048,3218
1746547,1559567,1989775,1268831,236299,5034825,698819,948206,538080,591816,1835483,3219826,6150
1684211,1582245,1971077,1512063,335961,5686108,488215,282878,378522,477442,1561081,2554390,6298
1676504,1563607,1956833,1510255,345536,5686965,717160,749035,436669,473681,758314,1069552,4474
1055127,1514962,1649460,1582277,346172,5886833,699132,732398,515526,565807,1175864,901005,3269
1375973,1432283,1598012,995969,228469,5168327,717470,750290,489904,546997,1521394,2397920,4538
1686129,1683863,2037205,1546247,232556,5133908,269492,514339,435083,533634,1452204,2367735,6069
2025722,1856962,2381608,1765310,440693,6324396,903460,724505,480196,458332,1124452,1695369,6162
1061509,1252178,1595710,1518578,341452,5789503,704786,736198,483965,541671,1476087,899091,3194
1606995,1475351,1600113,978767,137527,5101479,705819,725687,483187,540567,1477163,2431528,5482
1709519,1705793,2000409,1534132,233922,5243141,272071,505500,460712,570943,1570008,2510321,6111
1684993,1616201,1963126,1511477,342071,5801860,705669,508876,431456,426676,1097002,1574221,5912
1397940,1657668,2359952,1746084,426098,6276205,868345,905197,547060,539734,1093449,896337,4888
1322856,1240757,1194865,982203,230130,5733931,715684,746026,480928,541507,1508173,2388109,4442
2037054,1833190,2401457,1828726,334582,5144447,457064,507828,490474,544178,1803053,3097491,7527
1731059,1623315,1976956,1502381,332637,5670039,679366,515676,378587,439436,1130078,2530134,6312
1350910,1613750,1963763,1524846,334210,6024606,692372,725593,499176,503407,776376,885569,4442
1329792,1268011,1596141,1251409,350292,6312548,922632,954959,536210,605079,1877352,2496958,4610
1656291,1664024,1975610,1527462,224575,4437042,268602,511571,520497,577847,1525737,2413834,5905
1717035,1631411,2036107,1554334,350834,5937606,730063,524416,380605,421915,1124292,2400860,6107
1397589,1613333,2020936,1542293,337758,5718947,690096,720040,490508,550809,782200,887795,3196
1037845,1287783,1222284,1248390,339929,5725947,716291,749488,510755,547471,1506532,1631702,3016
1976772,1583295,2059576,1514243,233012,5094772,464685,710951,533433,590133,1784505,3072660,7409
1677765,1633103,1985195,1509727,336091,5721062,700159,511325,381929,424784,1167597,2510779,5988
1363165,1667483,2017675,1559927,342731,5968497,709545,743260,522221,562909,764557,890530,3172
1060614,1263797,1224955,1265064,344339,5753767,694040,721794,481489,528003,1483697,1702227,3312
1700782,1670551,1989254,1255782,124292,4427811,492216,754261,505035,562527,1552156,2492211,6008
1714905,1600151,1984317,1506332,343983,5002634,269891,282690,417316,525264,1438299,2407419,6322
2008817,1779693,2329709,1747453,429404,6201471,884004,841905,467163,474857,971541,1614310,6117
1082674,1320324,1614137,1545379,345344,5784955,718604,750150,527424,577859,1518333,896591,3241
2057092,1649031,1985507,1259295,225754,5142807,711844,731717,565628,620798,1847638,3142280,7115
1665432,1589449,1970455,1516035,337414,5095074,268052,280257,442515,545971,1552897,2501432,5897
1713567,1571614,1999908,1546482,351669,5804469,721709,750893,432709,396605,750099,1598840,6168
1087743,1467995,2038383,1677653,456669,6375044,915762,951101,547473,599005,1541730,1545820,3626
1673148,1455803,1600325,990594,125140,5131386,728145,758377,512260,565212,1563861,2451665,5958
1727454,1598634,2006453,1539674,346627,5037214,270816,278270,444265,535272,1454013,2388242,6054
1692493,1763316,2057583,1572801,337335,6034091,696339,732208,483812,453875,813910,1738582,6507
989215,1599275,2066173,1617110,348655,6052073,723391,757541,551086,609211,1176531,867416,2970
1664548,1544355,1663074,1315676,237430,6006605,709618,956606,573189,632655,1898180,3266066,6211
1703020,1717538,2056400,1584684,339242,5326380,466653,282385,482412,578832,1594821,2589148,6422
1632285,1756644,2063474,1600794,351439,6071329,729761,762444,472375,463073,801958,1646653,6184
1041780,1550777,2103601,1615766,345920,5989303,702864,734878,551198,599547,1204611,907470,3371
1333826,1391080,1284967,1050295,234251,6053833,733393,766004,548564,609708,1600602,2457155,4688
1944282,1924831,2448249,1861927,344207,5217992,493733,512331,519855,570397,1844351,3112455,7273
1340200,1540887,2064295,1605783,347979,5934075,700352,730647,531647,589644,1178897,869206,3155
1153600,1357453,1249249,1283083,368143,6423817,949071,995452,583208,650900,1942757,2410937,3192
1631868,1686083,2015789,1279766,126711,4649498,495889,715084,535693,578596,1463706,2289735,5986
2008910,1972141,2479542,1868235,439991,6745025,683044,278739,408657,521530,1973656,3337886,7945
1667839,1715270,2030215,1578215,347347,6016715,725098,757233,561472,535597,804886,864867,4384
1387162,1365934,1702242,1620326,350591,6764452,935138,961548,576965,651802,1884690,1670802,4727
1643009,1528250,1621963,1290640,124672,5364577,496043,761517,531792,585858,1569171,2471836,5989
1624518,1739929,2066406,1614449,355744,5306101,505277,283573,471929,518097,1518651,2376599,5880
1646573,1734230,2046883,1563668,328776,5883300,672336,702403,466448,448742,773690,1703768,6052
969797,1547237,2019881,1554338,342906,5960007,727061,758810,542684,584431,1169836,853744,3034
1668809,1572612,1664970,1322687,242721,5897594,730104,981659,575619,641220,1878555,3205001,5987
5283453,1959255,5988607,4004958,842558,9435568,1451875,1428543,523087,615441,4310669,9840659,11200
1681264,1699260,2039309,1563631,350845,5967007,725011,757234,466008,498112,769274,1617725,4802
1033369,1408244,1609260,1515575,345055,5751793,694480,715969,485315,536763,1106207,900279,3164
1362561,1298985,1389744,1028873,235230,5809768,668680,705621,505204,562289,1499997,2382046,4874
2023779,1847791,2428230,1835747,342728,5196628,490897,521783,516771,570523,1808984,3039234,7343
1735472,1678895,2042773,1542956,336263,5772800,684371,716910,437714,480590,764234,1690807,4861
1041576,1481510,1626893,1545401,342815,5877696,723413,755666,513771,573441,1165786,895691,3228
1394369,1492450,1651585,1000808,236966,5280051,722460,745760,500225,552403,1488172,2435403,4825
1724635,1600756,1972091,1490518,228723,5153481,270573,511971,434289,544712,1540455,2573558,6344
1964371,1760230,2348998,1805695,457326,6535623,730769,524481,386983,497612,1513887,2455517,7005
6332132,1975213,8546092,7155774,1808221,17097716,3542556,3859997,559865,714017,5657311,9736631,7703
1368067,1548221,1674576,1048139,234677,5422688,731435,773007,555557,606601,1611854,2523810,4790
1628801,1778019,2099313,1646056,238033,5463728,270520,519252,500552,613506,1553040,2361982,6113
1712973,1769608,2104935,1613991,342801,6000495,695637,503687,476409,459355,1187852,1737236,6555
1299013,1553855,2041297,1572273,342136,6010754,726589,758987,560380,605615,1193504,870754,3115
1568155,1590568,1695480,1345216,252514,6211086,952726,979449,596908,668710,1884269,2414974,5346
1690411,1676309,2062478,1576302,234034,5344152,272827,519158,489555,595253,1606518,2563668,6187
1629005,1753637,2051902,1589356,350961,6017440,725862,517684,495529,472140,1152035,1618275,5928
1322236,1567141,2096601,1624478,351237,6096720,704286,726819,535748,594448,1166536,882171,3119
1344773,1363920,1277503,1315953,226592,6083355,705065,746559,548667,594792,1578485,1713193,4817
1974715,1909895,2483919,1622067,354004,5440062,500892,524853,526227,642043,1853978,3103463,7470
1677255,1778609,2116375,1618555,347356,5944016,703679,718494,483934,456987,852410,1728696,6578
1286186,1497777,1996297,1535904,328519,5948854,699303,732306,530230,594311,1179755,884351,3145
1340409,1342474,1264219,1336982,238061,6079636,722149,743837,538160,587503,1532462,1640140,4541
1689401,1741087,2081587,1312280,231514,4793529,494900,521995,563584,615055,1609609,2575533,6283
2220575,2139618,2851014,2183293,566694,6904904,730711,763120,565608,628370,1553713,3037667,8786
1420595,1547590,2104528,1622129,356024,7084222,941301,966977,613295,673906,1576034,1734428,5315
1327007,1349369,1258127,1061903,230592,5952022,711999,758136,534005,591333,1585194,2503645,4811
3382288,1865403,5211553,4287766,1045835,11220193,2099915,2420937,511146,605331,2922261,4491938,8401
1739635,1616590,2011745,1525767,338021,5790817,480959,502985,393137,489245,1134927,2524382,6554
1331894,1553157,1966367,1507113,341340,5742355,724945,757239,496354,483033,751585,869159,4316
1365034,1239750,1598164,1263031,344545,6392476,939345,967191,558828,602270,1809725,2422286,4557
1720310,1554459,1925861,1465789,226405,4473305,272031,503506,485065,530106,1501183,2491153,6376
1664829,1509653,1959598,1509740,351362,5859569,725371,520217,377375,417365,1125837,2353903,5828
1330863,1644640,1994619,1545396,331230,5837299,666908,688993,496502,483583,749470,877632,4546
1021387,1197977,1570422,1242565,336179,5824453,713170,755165,495580,542108,1540209,1684292,3162
2025160,1645922,2041222,1574910,241000,5259267,501350,759905,550930,609551,1841134,3097697,7497
3610389,1812782,5156660,3996932,1009450,11706075,2295319,2311229,408916,464079,3101105,5235944,9102
1334571,1580773,1970013,1507434,343381,5768343,728363,760748,494047,544920,755339,851916,3006
1031177,1269350,1211838,1259616,345624,5789568,710873,732350,494313,546488,1466598,1624034,3064
2045010,1562414,2167443,1458960,231069,5548695,698769,955725,529672,590785,1510908,2536025,6372
1957122,1808964,2362704,1793629,350222,5514970,493192,506890,425746,539487,1796567,3024160,7179
2068104,1950701,2467693,1579347,345612,5742639,888414,928153,578149,578006,1111530,1650919,6734
1014638,1218329,1583900,1487394,329559,5706223,702635,740049,469603,531258,1487514,877746,3063
1705646,1487779,1629088,988811,123625,5239262,734988,760183,497216,554492,1476972,2426674,6270
1768883,1647355,1975096,1492062,330272,5050875,270160,283088,430656,535500,1468652,2488718,6640
4912098,1812127,5766128,3937354,880436,10061783,1736273,1882445,464430,487780,3516421,8327910,9199
1369684,1469461,1988606,1782362,459856,6286531,927396,953892,538811,602091,1471674,898209,3223
1688662,1455967,1603409,975252,123840,5138810,706029,747629,510307,567587,1562986,2567523,6410
1615078,1661899,1952099,1514583,337013,5144601,271153,283513,431673,557223,1430990,2249030,6018
1741672,1719347,2044252,1562748,342760,5888416,691002,721010,449036,443264,771833,1702660,6431
1026385,1380524,1941546,1492212,336573,5691648,717029,753259,465593,533956,1129124,844999,2933
1664814,1462929,1592773,1074299,237885,5904051,904042,959536,547545,611226,1787616,3015057,6187
1756822,1692140,2075139,1582918,342165,5230262,268450,281216,449777,567151,1557393,2584833,6746
1701183,1595183,1949430,1514639,339093,5849257,708641,737556,440099,423507,762669,1579914,6013
1080098,1479789,2035149,1580518,345989,5842927,703393,724353,511912,568899,1132301,886159,3191
1039366,1252282,1202280,1241687,331840,5813673,705529,749234,505098,553206,1536655,1674624,3047
1983680,1837614,2409016,1537846,238047,5002916,491215,749225,500187,609812,1802205,3053708,7215
1988804,1678336,2012450,1514852,335558,6352974,860358,675262,437290,489687,1490077,2937745,7699
1337489,1656411,1976657,1514860,344048,5724155,723453,755817,503226,557582,754194,875740,3021
1027740,1318970,1219156,1293743,345455,5757130,710433,735318,487073,558471,1473418,1623819,3144
1700279,1621869,1974101,1225395,125756,4491487,492454,738744,491317,556057,1514950,2541493,6273
1996687,1807897,2395075,1807754,464272,6584456,727261,523761,440088,481893,1483096,2371273,7544
1379008,1601541,1992478,1539659,339945,5678464,686200,718184,487812,485617,770595,869802,4626
1016987,1269610,1596888,1412946,322091,5731632,685113,717997,515970,552595,1484241,1221300,2921
1727258,1428501,1614681,1000069,125267,5213482,708643,730930,487689,534410,1435147,2334628,6212
1734016,1629758,2028828,1545220,338938,5110434,271297,283291,444629,554311,1552368,2536578,6401
1699513,1598601,1981213,1542736,344315,5842185,719018,752622,466257,426636,755566,1613301,6208
1045595,1384761,1986023,1518918,465148,6365959,936896,961608,527983,582180,1490076,1673386,3165
1669632,1416123,1575496,1259537,124219,5164990,486757,746984,500440,546910,1553788,2513560,6023
1691432,1587580,2047925,1592246,356362,5220708,472023,288458,443304,529375,1495469,2386945,6309
1725537,1577732,2030942,1561150,346642,5810860,697138,729214,435239,410578,761434,1709470,6447
1075951,1523095,2035064,1580318,341502,5915252,723788,755901,537190,589602,1225013,904091,3243
1792071,1631205,1740722,1376608,236230,5994323,716353,976283,609193,659121,1903214,3187418,6523
1788415,1722095,2035529,1541085,328584,5190406,486514,286410,476876,521582,1576985,2512988,6511
1680280,1663761,1996808,1814031,442433,6789319,922673,963841,534765,600518,1172398,1637919,4570
1037744,1519346,1749892,1564461,346462,5859144,704513,726007,514903,566787,1139325,875554,3049
1364909,1246184,1216347,989607,233383,5795461,713180,755721,500441,552887,1549756,2533058,4470
2010153,1841257,2413355,1569424,239046,5192146,491836,748642,489133,619710,1803013,3082246,7377
1737233,1709137,2005571,1507366,336286,5617853,687999,495424,426473,423253,1139405,1743168,6601
1319021,1443332,1973302,1522806,339640,5849236,717704,750373,497333,559066,1130342,865402,3111
1363313,1261281,1190613,1268372,238770,5773470,722028,743842,468841,529448,1452448,1640139,4411
1705446,1618565,2008567,1250818,225758,4577244,489436,528278,503164,566528,1531277,2530713,6143
1942058,1770635,2311662,1754507,450631,6339356,698522,550432,423025,479581,1399580,2248368,6954
1396310,1416800,2018327,1561704,349054,5758585,700441,725842,488927,551069,1139723,883973,3171
1374913,1311968,1224300,1278216,226080,5764530,704528,744219,526421,574206,1541429,1695246,4722
1653126,1726978,2081818,1331663,238770,4738618,489117,512967,538987,592160,1512916,2394687,6383
1708543,1751611,2112530,1615386,341752,5994243,485581,510504,425968,525244,1183391,2566598,6735
1329733,1710795,2038149,1584603,342850,6063499,724545,758740,543746,538188,795225,890819,4572
1355530,1343629,1664571,1521701,336072,6739066,918186,942299,592192,648291,1853810,1918150,4812
1988801,1897998,2426165,1295251,230429,4686215,697805,738441,579677,644786,1945314,3347217,7289
1608386,1727377,2046838,1596766,351201,6114598,497142,520093,428833,522497,1163922,2339793,5981
1362501,1971398,2482865,1885378,449083,6626186,899232,929907,596131,590041,796478,893721,4983
993738,1385801,1655228,1332873,336051,5950465,716148,759007,561016,608415,1589837,1683753,3229
2011654,1706720,2090814,1615465,240515,5416113,505385,764733,570928,629419,1859842,3106293,7527
1690610,1756928,2069692,1578565,334581,5952157,607388,509094,433982,540729,1178715,2513067,6522
1293518,1683306,2011830,1573659,344467,5980415,726665,759188,528493,519815,797656,850646,4438
1026755,1368222,1685349,1326931,352272,6118318,721808,741621,535368,587450,1501835,1649132,3112
1657945,1546941,1650742,1307438,124211,5302068,484296,741033,540792,599540,1578742,2546272,6322
1946684,1884245,2434100,1864278,465580,6121613,727856,521981,487348,532081,1536264,3102040,7345
1355398,1835059,2130603,1644610,349242,6053193,703474,728404,560124,614300,827616,901743,3420
1019803,1311524,1380989,1305408,341720,5948878,726691,768345,534350,592082,1605719,1730923,3178
1650295,1564498,1634380,1296325,123211,5352640,495843,756701,523216,572184,1491723,2373326,6024
1692067,1745464,2082640,1583533,342312,5340954,492523,291373,479115,523000,1578338,2586389,6742
1712204,1804575,2093241,1627732,348167,6206231,732450,765314,492019,537118,842347,1679292,4966
1040831,1616047,1665125,1592148,465964,6550940,945160,972009,595398,646505,1527984,1669008,3106
1722939,1808630,2099464,1345723,126485,4736710,486135,739487,556206,611161,1629065,2586829,6508
1653455,1810152,2077589,1613191,352475,5647916,497510,283825,495351,550027,1568928,2385726,6080
1766108,2219304,2599800,1988427,450917,7096974,894174,923346,621714,664911,901118,1634579,5265
995591,1595487,1625054,1570040,342221,5955318,721252,766083,566553,618390,1234971,895207,2970
1667558,1919765,2126515,1371551,239868,5437337,728254,986710,647766,700902,1915625,3110859,6135
1736286,1789948,2131538,1626208,350612,6135060,500530,293304,435460,541021,1619152,2618736,6622
1664081,1790162,2057348,1585303,347347,6127722,728200,762170,542616,537454,814017,894084,4642
995143,1415495,1623704,1554514,351246,5880948,714987,736368,512277,562327,1435307,885059,3207
1366559,1530153,1638082,1027023,204421,5234432,669440,709931,523506,582746,1527344,2469458,5067
1869473,1933116,2403009,1819775,351615,5997774,497878,530484,470888,577507,1867717,3102405,7215
1652166,1725626,2046153,1587042,346594,5820579,692779,716953,528541,514188,781347,862060,4638
990622,1305441,1608036,1543624,338883,6007715,714909,757177,523451,575316,1535021,852208,2909
1643680,1559973,1675125,1050531,124978,5490830,732593,762940,533704,574693,1479987,2383560,6111
1664643,1722501,2065293,1573681,342402,5260865,268954,280453,472625,589672,1568610,2564660,6605
1898932,1881501,2383787,1818350,443066,6762130,925738,831758,541635,532302,1057157,1588767,6151
1026648,1311720,1675918,1589936,354274,5917850,721459,744765,535513,581598,1516423,888294,3249
1631447,1524490,1619090,1011347,123935,5311658,686858,726759,541971,592431,1560072,2548435,6447
1575061,1713785,2009517,1544807,350818,5135282,271867,286147,465349,574006,1497996,2348108,5747
1638126,1746507,2058623,1582922,350473,5924419,701900,726755,489249,474155,808847,1682157,6188
1027844,1782627,2372555,1807141,437660,6606250,920926,977108,604737,670995,1179528,888537,3172
1649159,1522627,1662474,1209298,224494,5915964,929581,969840,591155,646211,1807739,2734307,5940
1671203,1726564,2052619,1566537,344100,5337872,277624,289730,464883,579446,1544325,2550020,6454
1642968,1657708,2009373,1537488,345765,5837060,725352,758592,470090,440753,768637,1658273,6341
1014025,1528848,2038463,1558158,349850,5838981,714013,737391,523701,571541,1131254,897566,3208
1279294,1341936,1200859,1000183,235112,5907476,706593,747413,520720,583949,1573161,2576711,4533
1922040,1875551,2404908,1835115,352847,5282139,451914,519573,541822,640294,1875168,3085340,7275
1654791,1727994,2082763,1607383,356207,5894653,711265,736163,469112,458515,789514,1699448,6256
984524,1527137,1995572,1538251,337642,5905409,713025,754123,532885,583834,1162298,873221,3141
1333632,1354870,1248736,1036054,238270,5969968,721089,753031,543115,585811,1489432,2379285,4787
1679222,1780018,2090558,1587347,232365,4525652,270031,501319,532099,593199,1562750,2565426,6691
1958993,2080806,2921530,2183180,594137,7960544,1231308,1050941,559835,612425,1160516,2463198,6049
3184856,2587541,3844939,2784777,796191,9114013,1118054,511458,474285,720029,2865263,5347015,13095
1355013,1758552,2075627,1618501,351879,6310693,725881,757831,562410,618811,865525,923761,3362
1095376,1504294,1327232,1389183,359393,6173517,722939,745821,573952,624343,1592226,1722619,3390
2006282,2034076,2441105,1573167,232539,5410723,703973,975647,622894,624492,1610738,2585299,7760
1925365,2031725,2470708,1908598,468887,6734211,724247,520381,515622,558327,1589822,2350328,7047
1384261,1620042,2090313,1639396,462883,6910296,927775,953504,538653,603750,1532950,2411557,4746
1706574,1655229,1703568,1309453,127280,5461668,495060,754278,581992,633860,1642928,2593143,6278
1643181,1829571,2083819,1633444,345103,5614492,311648,290110,512304,608212,1516219,2311062,6303
1723316,1749049,2087027,1616539,353856,6066785,706931,729926,488307,465267,830426,1736655,6684
1061573,1677236,2086676,1609052,347270,6017477,728336,769237,575561,627538,1237218,895535,3161
1644807,1618638,1686555,1324162,241932,6029261,716130,982382,597405,658160,1858015,3130381,6287
1725401,1838009,2121608,1621005,345406,5488249,484260,286405,521099,562709,1643164,2587467,6314
1653665,1754703,2060058,1592724,351624,6149665,733085,765087,499336,544330,823151,1687998,4620
1059756,1667954,2022161,1640349,345013,6197562,699405,722333,553064,615441,1194970,919975,3176
1362939,1465231,1280739,1050216,234073,6133913,704124,744819,588976,636712,1636520,2568916,4452
1958577,1912962,2428811,1854336,359435,5495279,500989,522686,547010,603309,1900928,3132512,7298
1744718,1899008,2178180,1674802,348262,6364754,699611,729294,524641,575811,895423,1745844,5297
1065775,1624550,1682440,1605285,345241,5997879,725608,768113,561610,619241,1222759,905693,3232
1355661,1596130,1691051,1064849,240049,5544654,722450,756032,557915,603512,1528985,2402145,4748
1732217,1876937,2092525,1607993,222800,4842648,274108,507654,579014,632746,1601011,2486540,6453
1905878,2027062,2486385,1899892,464062,6838607,963675,764955,521799,573204,1241334,2456075,5802
1367738,1697217,2071142,1860938,459056,6921986,928099,739764,513644,565615,1491907,1631635,4807
1317244,1527360,1617129,1013387,233893,5308425,702813,742073,522627,589382,1569702,2561781,4601
1601312,1698067,2041146,1578756,240362,5301066,271742,529432,468783,578221,1533703,2378767,5907
1723325,1708263,2088796,1584630,354667,5983242,706226,507596,473077,457459,1152547,1733370,6728
1305875,1714207,2039745,1570748,344698,6032340,727759,768586,540480,594845,1073317,884743,3101
1363880,1477388,1635742,1287109,354307,5928589,952223,993797,549064,602782,1797762,2363224,4591
1686582,1716549,2053664,1542315,236029,5175470,269576,505350,467625,586740,1564626,2580042,6412
1615397,1678789,2019283,1549441,346569,6035441,725539,521488,457726,440829,1163851,1671650,5999
1346257,1540884,2061421,1588981,354170,6196451,717240,738507,517673,577929,1147046,918885,3329
1295314,1347737,1234282,1283114,233070,5914886,701205,743632,523592,576155,1541674,1716339,4467
1938838,1821373,2410396,1559468,341411,5413944,508576,554294,538812,649345,1902726,3113434,7318
1686818,1739348,2079043,1588802,352908,5935630,705565,510308,469008,453871,1147104,1700141,6367
1376619,1454974,1990936,1522757,344164,5874821,728618,771698,486066,549692,1133365,892875,3126
1367029,1283658,1217836,1281728,238695,5891880,721039,753593,501777,559519,1455748,1645985,4608
1689437,1699912,2074764,1309561,234527,4668410,472681,495480,534189,583539,1564016,2528633,6533
1932193,1844497,2406396,1814692,462010,6592231,723226,755635,476385,534580,1181130,2468324,7350
1080925,1511614,2064494,1586804,353294,6085246,717447,738542,507533,571809,1156862,922045,3280
1684569,1550335,1648920,1530394,318819,6745768,855750,715418,552144,660893,1922243,2605981,6206
1588613,1708538,2022501,1298642,240131,4763400,499281,521217,544646,597528,1538106,2378248,5999
1662625,1670310,2041083,1566435,352908,5956510,486930,507317,400513,499821,1159043,2528370,6452
1337688,1736677,2408116,1817951,448846,6703915,944220,995065,593946,588285,1154725,886183,4508
1335437,1366716,1258912,1036410,240472,6085494,726114,757889,521548,567982,1485624,2364546,4404
1676036,1728578,2077702,1552004,239500,4658451,274706,506268,530177,594332,1557683,2564697,6319
1593579,1681363,1992405,1546801,334496,5982794,570893,520678,412720,519887,1124414,2342913,6023
1337786,1670560,2035757,1562524,353949,5989758,715478,736672,504000,493575,764134,900875,4743
1012068,1315702,1611668,1267181,338989,5844359,697622,735873,513122,578127,1540643,1718098,3097
1946561,1636017,1975942,1513306,239184,5112266,495146,745318,546830,605703,1814145,3075843,7247
1712720,1613695,2020405,1532098,355738,5636887,709227,516528,378010,418300,1112578,2542608,6409
1346105,1616253,1938929,1471206,334603,5767147,711208,749055,487124,554193,761890,910837,3211
1059497,1288600,1421920,1270465,356247,5895003,730756,762733,489371,544385,1439959,1647228,3257
1728677,1449804,1602549,1234239,124233,5051339,481990,715893,473041,534485,1484937,2535362,6633
1930991,1809920,2351105,1774058,458038,5825544,723774,520482,454577,513066,1510457,3193265,7296
1666415,1782368,2343346,1751787,448442,6409835,901615,928943,479253,536481,752271,1624113,4623
1022170,1224621,1189631,1228370,338897,5812702,701768,742315,480931,545411,1515619,1717635,3030
1962934,1745892,2334800,1503722,226688,5207857,506301,764755,485631,604271,1791941,3047233,7093
1740502,1613686,1994764,1527456,352445,5276570,487398,284531,427554,474835,1479709,2505990,6296
1683178,1672135,2307588,1726426,442217,6376731,930917,984635,471882,542124,768110,1682146,4745
1046091,1236470,1205107,1286143,356219,5811753,733055,769255,502144,554665,1472146,1648635,3207
1724125,1613826,1996372,1234736,123821,4356928,473086,708030,501169,548274,1510100,2516248,6621
1658833,1505408,1914201,1471684,341903,5751461,491531,286534,380499,484872,1498079,2406705,5906
1700081,1587262,2010905,1544676,355477,5904284,719205,740442,489830,476525,760540,881398,4568
1021618,1336463,1574946,1491052,339075,5887323,700223,741153,497424,541723,1450523,883586,3078
1670304,1597162,1977586,1269226,240549,5287457,724826,991305,551834,615913,1862709,3083116,5985
1730675,1757366,2078848,1598732,347882,5990462,478518,286329,416312,521218,1525707,2488567,6502
1643785,1563661,1941916,1473231,331279,5833581,699499,739948,482951,467645,740909,877348,4577
1009336,1257035,1618785,1520093,352386,5941609,720232,747990,477240,535025,1424167,920463,3211
1700296,1463226,1647047,983332,125378,5178279,707286,738511,494491,552608,1536304,2584267,6561
1925507,1728739,2283140,1706055,439174,5764911,472298,341119,430385,527232,1744812,3076416,7035
1716875,1631318,2028469,1549769,354275,5877727,716999,738776,465005,484622,741925,896885,4767
1029906,1255641,1577299,1496996,343447,5770826,707432,746910,493713,556960,1518561,899607,3130
1959415,1647520,1985552,1263163,232596,5361779,714271,745632,561714,629294,1832477,3040413,7365
1754111,1594418,2020597,1552554,351413,5173582,267903,284684,438767,542950,1494855,2544655,6576
1674212,1754728,2321691,1750755,445924,6377362,936401,990546,503434,489674,762004,1677675,5831
1049945,1229929,1609442,1438994,339004,5969327,701676,735476,478879,532682,1417195,1211812,3222
1727595,1409778,1617535,990505,124813,5076986,696938,727558,475534,531661,1512681,2551869,6560
4356877,1827338,6828867,5271924,1229609,11193917,1642957,1577970,456628,600898,2985988,5583743,9601
1693189,1703179,2057602,1583953,354441,5962847,713457,734270,448499,442032,769555,1675474,6450
1025858,1418668,1960370,1487932,440556,6234148,903862,959785,539434,600275,1470581,1668703,2864
1684242,1397516,1576121,1228374,124621,5176055,500992,749185,496288,555384,1474909,2332685,5966
1744626,1600926,2000888,1527147,352120,5076170,434399,288423,432578,534348,1493276,2537338,6328
1696354,1573604,1980843,1527204,341344,5829635,719257,757681,451601,423758,771609,1682724,6068
1061625,1431861,2038201,1564446,359146,5954511,734001,766613,497191,541656,1112428,884284,3061
1426659,1210457,1225419,989344,236500,5817474,702896,727758,494384,542169,1537617,2626638,5207
2000085,1732356,2336655,1762474,347413,5162725,498379,519991,500666,544358,1881197,3163412,7048
3979730,1676774,4316917,2755718,605338,7965288,1323787,1662523,458410,538074,2741273,6342679,7156
4135157,1700057,6334086,4974758,1252847,13279035,2736570,2839980,508794,607491,3816560,6093600,6105
1326215,1227560,1183093,981884,240152,5828363,725740,757280,496196,537904,1466926,2333740,4406
2048465,1792185,2406278,1819313,340885,4564813,273343,509100,559934,604183,1825396,3217433,7640
2011723,1790004,2391133,1812793,452584,6654158,950248,761252,457849,490830,1186360,2510423,6173
1078272,1410343,1604795,1533387,347049,5994145,712265,737831,487563,527791,1107134,910049,3228
1431706,1397980,1632373,994086,236975,5203506,697055,727995,496463,541653,1531644,2577375,4877
1642815,1561274,1976036,1514056,236305,4901012,273513,521099,476797,546159,1511422,2417753,5960
1691834,1623351,2022317,1544207,345212,6032955,698616,492026,397919,443229,1117041,2349851,5976
1366820,1601351,1988542,1763465,442699,6603751,907831,959970,554857,610757,1155713,897401,3057
1365010,1407341,1618804,1001206,241865,5433108,724561,754852,497993,552915,1490972,2386972,4734
1735004,1680605,2052041,1553484,242322,5191816,267608,496621,439260,547057,1490150,2530711,6476
1689671,1545268,1949811,1483439,335254,5796331,705554,518721,426655,423185,1122961,1675068,6153
1361093,1509533,2029830,1546807,351391,5849993,721926,756980,502861,562888,1085204,896144,3149
1099875,1292547,1217474,1230605,309433,5774742,666002,693465,491819,551884,1461343,1645667,3621
1919742,1757549,2328604,1495648,236550,5167506,509187,757308,485259,608333,1871152,3163543,7139
1715733,1658548,2042333,1575987,355464,6093234,719670,514513,437877,446062,1134352,1659721,6272
1370086,1459752,1959156,1484612,331847,5864990,685183,725143,490793,554556,1102746,888334,2987
1627078,1474553,1584425,1519511,357832,5881948,734254,764864,553219,616059,1830668,2319107,5506
6234839,1901605,8349033,5915313,1345690,12610810,2562935,2765358,504583,636654,4640840,9586616,11126
3669515,1901468,4539760,3372561,865327,7710300,913630,653521,503938,521790,2926887,5996029,9631
1388216,1453460,2031986,1521638,353852,5753834,722621,755752,483393,534764,1097387,910487,3288
1387651,1268111,1204924,1216588,230754,5756952,688441,717168,474366,525396,1505085,1767904,5036
1664448,1581017,1953011,1220590,233126,4518249,498688,521218,483985,546445,1489684,2406446,6009
1745310,1622558,2008997,1514419,349902,5885919,484857,501392,386869,483343,1096702,2417892,6127
1368853,1629469,2398338,1773900,451861,6508808,924740,978284,547055,534759,1139342,930570,4763
1333132,1246262,1192967,1131485,230945,5914341,705645,736547,486371,542230,1445519,2062053,4580
1752018,1659761,1990863,1273624,238111,4389028,459281,480419,486417,537523,1439679,2427377,6493
1662968,1590436,1961220,1494157,334603,5908170,485090,511129,382052,482415,1130582,2452352,6404
1402660,1726741,2059225,1594706,350934,6107955,718207,749605,523293,517669,784019,898928,4780
1375332,1313007,1619938,1241216,344326,6309472,909827,948506,537966,606388,1873080,2540987,4650
1654532,1634801,2017089,1535692,239543,4649911,278142,525688,495779,548605,1511727,2419243,6278
1692235,1699425,2028043,1562416,351420,6066827,675747,502483,379003,482913,1136219,2449993,6359
1385828,1709700,1978188,1498846,332237,5798972,683955,723272,502663,505076,794662,897589,4669
1014446,1281520,1618178,1261554,353083,5901165,724073,756355,493532,549307,1463662,1606475,3209
1708651,1442476,1606616,1257189,126111,5186309,487839,729050,482420,542742,1490722,2535787,6489
2296315,1932169,2675575,1983159,438625,5724024,707711,740439,508112,570447,1848741,3977531,8607
1344324,1629507,2024792,1533781,359036,5840380,733156,763943,479093,528013,724656,896978,3129
6973478,1686515,9535235,6943227,1552141,13401397,2865229,3417158,506228,662418,6210172,11890063,8990
1638558,1459105,1634312,1279170,128671,5306190,477572,735005,501762,562035,1490457,2365181,6270
1743798,1624453,2027113,1532341,350933,5222324,496045,284970,421018,472205,1442694,2462468,6532
1703790,1822566,2373892,1768451,439273,6507655,902806,961298,514559,567425,793487,1732495,4576
998531,1370591,1238674,1305628,356687,6112402,734247,767017,527514,587453,1526023,1622803,3112
1668292,1720593,2051505,1316993,124063,4675917,486373,729049,512318,572111,1532331,2508376,6205
1609100,1716510,2047627,1575485,343505,5924715,503446,285485,435269,518280,1580429,2534747,6128
1630775,1680974,2012023,1553538,340662,6047233,700347,730903,460753,505637,769265,1424498,4650
993289,1502278,1649073,1557216,453379,6609345,909170,948083,568554,621950,1554948,1718807,3239
1630234,1681194,2018384,1301639,126965,4605302,500120,757911,529151,582254,1533329,2426277,5930
1646882,1757454,2115544,1618939,356811,6240624,499116,288681,410339,520983,1520518,2459418,6469
1645182,1660084,1994626,1520008,339501,5957673,700588,740950,517439,506716,783904,911717,4732
993527,1380317,1661665,1592939,358360,6203897,733995,765883,541971,593557,1521599,868995,3059
1438354,1529574,1670668,1048438,180258,5374580,676763,702639,532938,581334,1493172,2415931,5024
1957059,1839877,2382440,1794418,340974,6035645,496394,523430,469804,583941,1905709,3283873,7393
1963351,1891722,2484303,1590323,350640,6146490,927939,966384,579226,576494,1123587,1610763,6139
1067230,1379667,1693759,1604330,343389,6024922,694097,724362,547826,602164,1589036,930647,3490
1622134,1592993,1663228,1037512,125100,5300411,731863,766583,544702,603599,1555800,2457568,5940
1692031,1707569,2078857,1633006,356811,5529217,276148,288833,478063,588572,1523719,2464735,6442
4415489,2076527,6794957,5467159,1301895,12762888,2392973,2373545,502824,568467,2473663,4390585,8619
1041469,1246981,1572530,1499075,349475,5770010,712201,743799,479568,533775,1462150,870384,3001
1746191,1533979,1642308,1000718,124920,5101138,700700,728558,504083,552385,1499613,2494976,6394
1690954,1602081,1992848,1515066,339258,5151724,273920,285578,428982,542338,1533488,2505256,6215
1658875,1673990,2031692,1555659,354251,5847688,724171,753515,445841,438184,766035,1634239,5987
1075797,1541352,2046424,1645998,452176,6292238,906266,945849,553684,624387,1527255,1585386,3233
1644924,1501268,1619942,997285,124539,5130462,722666,756823,501569,559538,1515509,2429275,6004
1717475,1669395,2011240,1534416,345418,5268624,276627,288898,436535,555763,1452388,2389739,6159
1761753,1709554,2019299,1544461,334411,6024837,693735,736322,454409,447128,769454,1743931,6456
1106672,1634351,2061182,1599981,350881,6031277,715505,749009,542538,600841,1170732,913986,3345
1759069,1537964,1648170,1290674,239608,5855201,697166,944293,547086,628713,1882680,3322361,6413
2030449,1776665,2023002,1559713,343031,5851737,702007,525701,545891,635349,1967651,3288201,7011
2004507,1791720,2281185,1555291,345865,6392297,921268,961648,529625,527153,1136498,2329439,7206
1064532,1582971,2074682,1575898,351021,5767996,709603,740808,521583,580961,1185140,887780,3115
1405570,1461819,1289374,1060855,238801,5972403,727651,759475,563075,629213,1564287,2429809,4500
1740999,1744012,2072496,1586878,240119,4770977,278513,518447,518165,575425,1487874,2433138,6386
2067790,1949086,2415598,1820806,445347,6559785,914095,748089,471926,524875,1204568,2561770,6414
1075862,1548260,1672191,1565911,354119,5819736,723852,757524,513257,579720,1147691,911231,3323
1408313,1505567,1357177,1072561,239913,5896133,681910,707113,573222,617832,1551869,2456140,4904
1668002,1822064,2066387,1595663,233681,4758350,274783,532672,560667,613742,1623027,2523877,5960
1697709,1833230,2121945,1650739,355516,6192781,727537,523379,449578,484694,1204378,2382076,5988
1340601,1791058,2078508,1847737,448347,6519175,899197,938555,606245,669717,1173300,882776,3122
1353983,1584390,1661348,1063017,237357,5425978,727213,758761,544583,603429,1571476,2446575,4721
1650955,1753921,2065734,1582462,239430,5350360,269340,509740,473305,580362,1488216,2423564,6100
1861209,1986186,2466949,1926643,360935,7872581,735650,431934,517256,599708,1608696,2521410,7659
1726241,1744507,2111711,1620182,237653,4790683,276308,511736,542554,589080,1539458,2551599,6561
1914550,1904672,2411361,1828692,457119,6603801,958184,754690,477026,522449,1181609,2451589,5979
1024764,1543392,1660370,1589891,346313,6113375,707635,729282,517471,569908,1154530,899289,3282
1369210,1543840,1661325,1036570,231488,5336879,695334,733687,532438,590571,1556704,2562139,4847
1913396,1834404,2394700,1822063,343822,5918571,482614,740431,530753,573885,1507304,2344493,6943
1685513,1656339,2047421,1566878,352409,5952362,702327,501396,411414,442482,1136316,1918854,6275
1347389,1611056,1980630,1768237,442832,6358522,926529,982071,565780,628482,1164265,869922,2979
1385448,1470824,2035744,1549426,347867,5859616,699624,728831,489101,557197,1150369,919083,3400
1346079,1292091,1226035,1270143,232422,5826681,702363,742824,504848,568933,1508948,1661070,4553
1697121,1669308,2013842,1255743,235758,4544577,494856,515118,485166,547520,1461798,2401085,6276
1714292,1570646,1977975,1507079,340198,5747722,482030,503163,376870,486184,1148342,2533951,6309
1647694,1625906,2010521,1542571,356411,6028603,732300,764420,451848,433252,760155,1597243,5061
1025092,1400308,1953754,1488654,461612,6406800,913165,938521,514458,574257,1469609,1711698,3191
1664257,1499800,1602028,1262513,125904,5248954,492427,752312,505297,567944,1531762,2472653,5936
1691877,1647823,2016500,1537470,347216,5214838,486751,281465,442867,484374,1439157,2340921,6214
1737342,1670287,2012408,1519855,335458,5757080,675522,705119,439809,488290,778674,1674359,5030
1042489,1519159,1626894,1545173,346884,5954751,723580,752616,516721,583859,1157332,895865,3090
1753245,1704564,1980252,1306062,233048,5468599,706759,947218,561427,623725,1794428,3103462,6018
1722621,1655706,1975476,1504118,324785,5175509,479664,281551,449206,497406,1489356,2471479,6507
1641889,1613635,1993850,1532253,351110,5806090,721586,751242,432055,492721,745208,1635408,4681
1041026,1515767,1598870,1515788,345555,5743449,694101,717216,485228,545945,1100573,893485,3149
1661839,1615019,1898460,979985,226723,5073849,898154,951593,553645,625953,1868686,3207159,5758
2043974,1785144,2377322,1795582,348330,5912949,498169,520673,450269,561267,1794250,3076132,7445
1745310,1714271,2062435,1552201,350658,5898228,708531,739136,505671,505827,765130,923348,4851
1018662,1383296,1550822,1478542,329849,5861483,698851,732227,466362,527039,1207400,879238,3048
1359259,1488330,1624065,1007217,237488,5198260,717052,737772,496672,554597,1461117,2419445,4564
1739241,1636287,1961121,1491666,224969,5053199,266397,496652,439054,550976,1495544,2504937,6588
1680171,1586255,1961104,1509169,341636,5780255,702079,508876,429385,426842,1130526,1611987,6036
1396449,1437010,1954187,1784044,455537,6280638,905200,931043,532424,593151,1500225,895918,3257
1678013,1387059,1537005,967783,124157,4994532,700886,741781,490995,544785,1498521,2481142,6079
1646297,1624476,1960657,1521604,287833,5150137,270739,387358,439699,543488,1432432,2270835,5978
1702614,1585657,1993091,1507982,344871,5594909,694323,503498,425896,415372,1119443,1706894,6350
1352685,1433319,1984199,1521474,344831,5738927,722376,755972,516567,551542,1134543,878372,3132
1751877,1519005,1657042,1299455,238616,5961188,942495,964903,558430,611921,1835653,2454217,6519
1749306,1643369,1990233,1516515,334509,5026640,271966,282440,448557,561541,1535301,2521799,6449
1649061,1646197,2006257,1541300,352071,5791783,722765,751580,455963,426512,756644,1630543,5964
1263272,1455190,1972118,1512085,452293,6321372,892792,916056,545623,602306,1489361,1685276,3172
1687512,1448619,1599951,1287709,231063,5780115,913493,970350,574604,631546,1931926,2443968,6156
1987749,1812564,2427578,1557599,355986,5101361,496095,517358,506394,613546,1825874,3096829,7089
1718628,1619116,2033989,1542022,347273,5758005,703533,736271,440288,417221,758573,1729422,6418
1031441,1412550,1956569,1498291,343962,5833702,727542,757886,480360,537961,1157563,905461,3246
1375419,1269968,1218711,1005166,237777,5846813,728772,753522,514462,557089,1495117,2454792,4799
1764922,1588608,1989863,1396189,229728,4462556,290240,504123,483186,536851,1522450,2568978,6574
1974247,1713437,2334812,1764014,463682,6424071,721314,754644,441759,473320,1121054,2383534,7271
1052739,1464157,2045617,1586860,355165,5885450,711030,733990,523985,571524,1181039,883660,3071
1322500,1232768,1180681,974654,230251,5735943,692037,731548,493822,532085,1488098,2437138,4532
1643849,1617046,1988647,1529737,237657,4506488,271314,519189,492216,546464,1465324,2337534,6106
1762282,1693438,2044114,1542618,341192,5877567,688767,505370,396822,441840,1148836,2538019,6769
1338205,1601616,1934003,1463767,339270,5686283,716362,748475,483377,513615,754438,878192,3401
1425399,1296131,1591134,1258111,336277,6534792,900779,927128,547991,613171,1770958,2420452,5028
1732969,1583607,1999101,1518116,231889,4602272,273806,508174,498073,550017,1550096,2572990,6491
1647164,1670509,2012939,1549387,351961,5905737,723208,507067,396358,425475,1135647,2348737,5848
1382829,1638806,2016624,1535737,348314,5834845,693613,714109,488500,540020,759127,885020,3172
1079340,1466127,1285730,1305785,323392,5805011,676773,713897,527176,590129,1525052,1626432,3305
2283753,2096668,2762849,1521385,226336,4712819,709744,986521,628537,692193,2151395,3714969,8422
1742460,1769733,2080216,1581680,352049,5826535,707027,518296,421087,459093,1196692,2578720,6275
1367180,1665449,1990351,1514045,345065,5853831,728234,760262,506821,570822,791401,886373,3261
1109166,1440470,1270916,1310133,340728,6103344,700731,723824,522273,581892,1490874,1649275,3190
1718519,1701605,2015327,1266054,124995,4575401,484211,736595,505886,560528,1555912,2556842,6419
2000256,1901229,2389555,1814088,465829,6489091,712228,509688,454005,519362,1535931,2408687,7283
1372700,1704614,2016347,1543005,338868,5760692,676842,696449,498876,552270,904801,901229,3251
1060171,1331808,1212013,1262667,333173,5637228,699927,742625,510489,569797,1529966,1676980,3142
1734871,1805697,2084111,1322829,125841,4626694,511863,759985,550410,606622,1533415,2381753,6110
1732333,1692699,2014952,1525125,346399,5736952,484777,285447,397110,504787,1528548,2551616,6379
1636661,1537771,1924437,1470369,342666,5667347,721101,754246,463193,480658,746069,852313,4373
1382051,1226362,1606584,1555848,353365,6436880,937519,965239,539852,605637,1797517,1609508,4453
1711655,1419074,1605137,1111899,125467,5142867,530731,747406,494326,537981,1535665,2571188,6433
1636705,1576055,1980265,1524165,352643,5272108,269649,279675,433131,541569,1477483,2324673,5986
1712291,1650107,2056440,1559719,351450,5729984,698314,728646,454848,433731,772167,1714882,6498
1034558,1435723,1967700,1493020,336167,5690456,708988,741164,498926,547233,1136078,896902,3298
1687595,1443176,1599065,1242154,238600,5840877,710526,970363,528192,593045,1786005,3132561,6016
1673562,1625698,1983403,1488989,436367,5722658,670983,481800,486681,540802,1862221,3261576,5984
1691894,1686746,1982852,1525632,343725,5918259,714049,747246,462192,450347,777587,1613510,5189
1058078,1496319,2012213,1545786,348124,5922807,705591,726618,482102,540840,1093552,889623,3262
1371089,1256741,1203906,972078,228483,5741018,689314,729114,469027,538148,1478528,2508390,4724
1986453,1806263,2401724,1802615,349313,5066923,492252,527078,492988,537564,1827192,3106963,7569
1685853,1630130,2006295,1540051,346241,5786479,694948,725343,425958,476892,753915,1718083,5039
999188,1470242,1569747,1494751,340489,5703767,719040,755113,501147,564455,1128593,850933,2825
1338068,1377312,1522397,981879,239525,5328894,724597,751043,474583,531458,1433918,2353695,4328
1663438,1612296,1945300,1475256,221159,4536901,275352,499722,468795,536870,1463172,2419232,6478
1968457,1803903,2325545,1771231,455457,6481686,940046,753867,442995,490407,1095924,2362394,5823
1040856,1423646,1624589,1538508,352259,5828074,709965,730058,479164,538014,1112576,885132,3266
1364143,1437949,1597261,992762,227940,5128846,685010,724611,490503,555230,1519673,2530730,4900
1667571,1586981,1965187,1521768,240540,5162438,273222,507519,436060,541453,1460132,2327402,6123
1720238,1631114,2031928,1547688,348940,5705684,696473,503453,434759,427207,1140460,1734187,6423
1662321,1689560,2254098,1700376,427090,6279820,895780,939350,524951,584546,834415,869225,2999
1353624,1436938,1610839,1255995,356506,5553498,955410,987803,554992,596399,1797200,2370224,4577
1700990,1654956,2000124,1774157,332664,5741247,466954,710724,514340,610214,1888490,2540114,6021
1675192,1537552,1904814,1475609,329060,5783604,682875,505442,428361,407668,1084258,1569468,6137
1398914,1460214,2014562,1547764,346533,5830353,699202,723423,485707,532610,1113223,904449,3387
1368568,1227256,1163600,1216465,230451,5802441,705130,745903,495304,536980,1537215,1726212,4646
1966478,1698294,2277672,1489642,287899,5346569,500353,600936,483906,590732,1761983,2912428,7484
1725046,1612564,2031466,1545605,346792,5668290,695284,504241,430459,414751,1139624,1726057,6435
1370300,1425457,1983198,1519540,342210,5819366,724937,763526,506651,545649,1154520,872643,3155
1396262,1247734,1214916,1283180,238652,5890111,706975,731174,485704,538500,1439344,1599146,4823
1701829,1600565,1982908,1243158,231751,4437139,474185,494688,496238,551171,1519092,2516114,6418
1965579,1820351,2363143,1772642,458865,6471115,713510,744674,445007,498243,1153668,2422744,7123
1229674,1510889,2064187,1573110,357947,5972794,722814,744346,493375,558504,1142375,900779,3207
1362536,1304770,1214142,1248977,230946,5712553,690163,733270,471695,541389,1497683,1698511,4657
1701482,1660644,2021249,1282445,239862,4513802,497421,519282,494472,545756,1462231,2367480,6154
1726949,1615882,1995805,1537232,339659,5785520,475180,495882,380431,494428,1123629,2488782,6594
1381452,1681043,1999809,1533595,336370,5853610,707074,744858,522515,521559,784353,895041,4815
1683280,1440119,1599014,1218315,235998,5503907,930500,972337,527520,585605,1769856,2325184,5977
1730062,1627068,2030139,1517102,331241,4995049,269942,306680,444116,538739,1515153,2564546,6553
1640660,1602499,1959644,1627747,447152,6433920,941381,755125,503706,493857,1478368,2219229,5778
1341207,1425028,2003671,1504869,351651,5783807,725978,745240,475530,532050,1099164,884691,3063
1350472,1281779,1195895,1248780,231133,5785303,687189,725991,486394,551385,1495755,1672797,4522
1969493,1782751,2354298,1524382,351032,5158592,493710,517278,487540,621413,1840802,3124300,7539
1716879,1644537,2003467,1519046,347263,5682418,693756,714850,420200,418332,741396,1648608,6310
1096256,1433880,1957701,1502910,337718,5712617,702974,745902,474406,532681,1127498,881842,3084
1363592,1285475,1212026,1240320,223129,5701959,692667,725157,496878,552188,1409927,1647803,4622
1746073,1670017,2004208,1225595,232362,4348731,484315,507700,495825,548683,1495066,2573454,6473
1959356,1732644,2265810,1711356,438050,6342310,704741,735797,408653,460531,1084282,2408628,7322
1000014,1460243,2006919,1540836,357895,5803321,733882,752578,481524,540583,1096610,860597,2948
1365313,1253973,1179607,970615,230723,5644598,694214,733361,472259,529232,1491143,2519564,4663
1680632,1591673,2004349,1523763,244091,4549684,275144,516629,495371,556416,1520135,2412216,5949
1717981,1654151,2015487,1555099,337038,5841451,533681,502853,396637,492830,1094516,2407054,6540
1337800,1547858,2329806,1739258,447771,6114200,935478,991371,542974,522765,1113744,872412,4544
1345889,1219381,1184786,980653,238012,5922879,703845,734641,491448,531302,1439015,2294925,4466
1746251,1566607,2023960,1529169,235870,4448535,273741,505160,486521,533682,1514333,2546412,6380
1631400,1561875,1963246,1503277,348182,5715882,729761,514409,379067,405678,1129024,2447927,5686
1360624,1545470,1984839,1807773,457466,6608140,931471,957251,531845,575386,1090867,885817,3325
1049620,1268488,1445350,1254459,323641,5820515,666292,702851,498593,556866,1502133,1731699,3482
2007579,1674278,2032526,1567830,236859,5126660,490332,761246,576443,632694,1874565,3151195,7469
1760865,1524367,1966641,1501810,347850,5757937,701121,510419,371101,406576,1096945,2474386,6591
1348593,1601545,1981281,1532565,341007,5797095,713825,755479,508269,559867,773495,864145,2967
1048929,1253324,1221540,1262022,347790,5872193,710368,743633,487709,542623,1449892,1620059,3139
1717311,1663069,2027086,1250566,121313,4424502,481520,725772,490808,539902,1512246,2545082,6462
1980942,1771420,2347516,1747942,450829,5858392,723785,518232,430858,486330,1510737,3244198,7390
1363626,1643504,2007283,1526894,350880,5818253,720762,740782,485864,541545,770082,877767,3179
1044189,1297730,1193865,1246563,332553,5849172,683519,720215,493541,546365,1513301,1695177,3158
1669177,1577541,1959395,1228158,124254,4491337,497436,745910,477537,545283,1459647,2347099,6092
1716194,1636968,2031732,1537765,354820,5836984,488980,280759,390706,490260,1475378,2486416,6287
1677271,1740827,2345139,1758256,442429,6436891,918948,974155,538086,540535,1040798,883203,4580
1039513,1293419,1218781,1282240,353643,5850148,726622,758961,500173,560737,1438466,1603029,3054
2064259,1844565,2388099,1495075,232202,5057262,691410,944411,480787,546503,1481524,3345840,7498
1651421,1563125,1947705,1483872,341824,5751674,496301,282423,358143,471534,1501779,2445073,5921
1686571,1644055,2402430,1830281,451861,6581813,923413,949979,570309,562400,1097856,881834,4627
1365941,1246753,1590031,1502320,332781,6422110,897629,948223,554485,621208,1904153,1717472,4708
1662515,1575403,1965851,1262243,228868,4675347,500063,540969,491724,548723,1501436,2362905,5795
1712410,1655262,2020359,1565523,339434,5884411,467772,297715,410624,504932,1459827,2408544,6462
1691607,1546479,1949623,1503980,329075,5775883,688835,730505,499507,472939,749499,854573,4749
1062354,1241215,1610594,1556351,343015,5983386,704734,735681,506552,548937,1458898,902344,3275
1731493,1417146,1596950,998559,123483,5163606,677418,707513,486976,539307,1485930,2489994,6464
1953838,1741065,2316760,1734372,446201,5722518,497404,519352,442150,544810,1520995,3187177,7175
1382999,1653587,2020964,1549081,352164,6036770,723778,744144,494226,479966,777169,879533,4484
1018283,1241210,1583257,1431405,325066,5770200,669939,705866,485338,543411,1484687,1069837,3075
1664400,1468858,1605053,1004614,124626,5266013,721835,754265,484847,531628,1465099,2349807,5827
6210222,2078248,9816103,7783309,1803872,16122914,3022113,3327072,465050,694396,5510781,9553539,10496
1749801,1788896,2388132,1783662,443418,6593978,914835,967516,491940,497501,787119,1748318,6462
1093397,1338946,1686445,1332885,359220,5988469,736038,769588,521054,575867,1515389,1638072,3286
1726824,1517025,1634142,1267430,124456,5079731,484377,735533,493856,545212,1530197,2574833,6325
1685765,1694414,1942027,1515819,220097,4649208,271420,510080,514038,572200,1454565,2282452,6001
1757957,1569517,2011331,1530848,354039,5880966,713827,506098,376071,425368,1116775,2447425,6190
1399899,1843434,2364179,2041195,547372,7138417,1125617,1198150,618225,700714,1189667,903484,3054
1373129,1491197,1626116,1022840,237816,5252176,726915,759244,495254,556198,1486038,2368405,4683
1756718,1681717,2022374,1550374,233583,5222510,271440,506543,449896,560935,1506942,2506516,6484
1701419,1527036,1932323,1489969,336059,5827293,712958,519769,422269,421856,1150838,1709202,6375
1348570,1540049,1983115,1516568,347019,5824926,713069,740923,477901,528643,958461,893726,3233
1031196,1261904,1194487,1229255,340426,5626029,692600,722776,481725,539876,1515962,1723491,3130
1905924,1671641,2264621,1470996,229193,5058867,494953,744515,453697,576282,1810646,3091845,6919
1751741,1623847,2020054,1549616,346861,5852666,705321,499229,438825,421043,1122034,1682290,6460
1357359,1391515,1954455,1483746,334517,5727162,693933,732691,493324,536357,1140273,898844,3095
1326226,1210566,1192198,1257378,238169,5847545,720196,751496,493476,535233,1472649,1584977,4443
1732047,1595636,2045154,1282992,229225,4445993,484487,526012,483918,523715,1502869,2543408,6698
1997063,1723402,2356209,1771187,446928,6483965,706762,511886,446847,480520,1541386,2518881,7640
6042411,1806689,10192585,7696627,1840306,16852739,3589698,3917837,502077,651724,4614313,7524538,6866
1045207,1219328,1577537,1226576,331906,5799231,685623,724556,486885,533518,1501991,1713868,3417
1697088,1423975,1603675,1257494,124226,5206310,479909,733832,500327,546761,1461688,2332382,6018
1690010,1561958,2024543,1541082,358215,5138144,492049,276933,421988,466621,1504253,2537396,6524
2039746,1871029,2688280,1984145,540542,7059615,1125509,1194047,540811,586446,786892,1697922,5213
1011500,1322591,1567593,1268785,337556,5938629,693716,726685,519582,565093,1438631,1607874,3077
1694487,1456276,1650827,1290028,123035,5262993,490486,735223,510935,565023,1546205,2565808,6351
1652897,1735666,2028693,1549376,344572,5424692,502200,289596,474422,529041,1544862,2440641,6059
1659008,1668691,2054303,1596543,349193,6155645,718865,737919,462590,502942,783474,1626781,4843
1051330,1507453,1628460,1543908,443056,6760423,907895,961459,577728,637505,1553592,1734210,3387
1626983,1562806,1947859,1247159,124433,4692848,494441,752421,477780,540520,1466515,2358141,5896
1681478,1671242,2000013,1524034,336941,5077782,483495,277835,435528,479999,1429323,2391082,6305
1670625,1604072,1939916,1497797,333086,5832114,696783,735899,441154,496815,765879,1660928,4725
1013181,1442211,1602664,1545735,350766,5789797,717251,748588,504194,547404,1099885,864971,3038
1370830,1386827,1585166,981659,224176,5190249,666119,694906,495694,544359,1472763,2444824,4655
1958591,1706671,2299169,1734077,337463,5858858,495504,507952,425548,533026,1860495,3137298,7239
1717388,1645945,2011077,1527227,348165,5980164,704905,726155,424528,424040,747381,1662955,6233
1232752,1426134,1951966,1496025,321700,5805260,666854,706553,495990,558624,1126078,886501,3104
1346859,1222042,1183787,1232393,238341,5811910,725566,757661,493023,541266,1463274,1612027,4649
7859046,2072320,10460051,7746231,1731846,15638361,3308024,3646657,555851,695570,5256204,11175881,13250
1985382,1751011,2367458,1785736,447924,6507749,719062,755300,426891,487529,1143945,2478001,7469
1360300,1626468,2421954,1834054,458119,6556280,932698,966707,510767,547458,1110235,1563913,4483
1407697,1230105,1211949,995981,232031,5881035,690346,721004,501618,548126,1544201,2550865,4898
1650117,1540228,1958591,1370573,234773,4537847,307980,515353,486493,551116,1507727,2407003,5869
1792615,1618632,2046236,1527703,346382,5932299,498363,517027,385499,484674,1114383,2454315,6460
1358025,1583319,2345150,1738519,440004,6516479,907651,961881,547643,540203,1137253,900916,4355
1342453,1227915,1210196,981908,237297,5905292,709936,745225,486323,540090,1466619,2308517,4606
1708555,1665154,2032455,1542311,235245,4540817,266267,492544,491451,553337,1474821,2474529,6308
1653350,1554850,1945020,1479781,336735,5708833,712777,518952,367232,413921,1112796,2473651,6140
1359339,1647590,2018783,1539924,351187,5885765,721791,749007,483818,494936,756116,886705,3731
1358475,1252415,1587164,1236157,340768,6460126,907623,947952,556118,620004,1909100,2541814,4614
1647551,1607050,1981309,1237303,123937,4519547,497356,754464,477040,533663,1476539,2376650,6244
1744449,1735017,2084480,1589123,349868,6134336,481066,284792,404548,504541,1508125,2491566,6707
1658114,1592696,1992192,1528107,341590,5971938,718394,760223,489954,477350,769472,874240,4535
1056975,1259703,1640509,1555212,353357,6040565,723139,754833,487824,541420,1450624,891773,3182
1662239,1482103,1659696,994467,131641,5213091,700803,731645,484912,541638,1506384,2592220,6231
1965488,1746000,2311581,1739143,352576,5840368,498518,453543,420635,540087,1819413,3099617,7761
2099976,1682200,2493562,1905314,430089,6675024,726559,749427,474452,512169,1027976,1496768,5872
3442081,1628299,5896111,5121350,1208914,12162241,2149315,2180596,515972,691895,3140115,3572405,6707
1613388,1518555,1647224,1039694,123757,5511863,722812,754384,540683,587282,1534685,2367092,5984
1699499,1750105,2097955,1620600,351780,5409969,267933,278359,487737,602607,1541875,2485247,6295
1918548,1871215,2430410,1850450,440263,6904920,912413,962124,533352,517803,822293,1720191,6580
1050527,1357341,1679139,1632140,353286,6341325,725677,753264,541492,593912,1507116,882037,3206
1732822,1523313,1677044,1043265,123237,5412078,689203,721160,517570,575674,1552329,2571020,6769
1641680,1696371,2028333,1548418,337248,5273201,270187,282269,487672,595153,1548682,2405341,5999
1633495,1775224,2076256,1602918,350244,6120486,717132,740679,473837,464211,807928,1658614,6172
1020561,1496497,2034574,1552681,446880,6670801,914071,968556,593369,657100,1591489,1746678,3142
3888168,1616268,4676525,3462088,685631,9544749,1629437,2174191,528513,644805,4466242,7363577,8105
1699397,1616809,2037297,1557436,354376,5192894,270883,283060,426299,537456,1490518,2493232,6579
1701096,1635183,1998974,1538669,338353,5923826,706974,748196,451023,439612,767435,1699287,6263
1082136,1447031,2057137,1564311,354390,5957844,722754,752541,499027,550114,1138213,928232,3445
1390278,1240425,1214278,985700,239393,5896545,704520,734168,491357,541762,1534795,2586286,5030
1924959,1719148,2319170,1737421,342620,5186284,495059,515712,484872,546087,1866807,3172414,7113
1681360,1633332,1998146,1522257,347925,5836406,710252,730833,428560,423939,753701,1633154,5547
1688519,1771451,2336764,1750731,388554,5838517,699838,820806,552251,618593,1096779,1568039,4392
1076041,1252024,1223361,1260701,345492,5721725,713101,746477,476422,523582,1434547,1596268,3410
1732790,1593356,2025633,1270223,122622,4502542,480211,723979,487213,545617,1511209,2547126,6481
2006596,1737716,2334185,1770557,440002,6487512,711590,513098,448046,493261,1551219,2467823,7754
1402433,1398209,2032898,1568601,347852,5964733,712972,742543,515877,551053,1112941,910793,3432
1348261,1220978,1203496,1253023,242822,5834887,693401,723180,499467,542081,1530914,1724924,4316
1646346,1538432,1963467,1269933,123418,4589891,485594,742848,492814,546308,1489980,2363778,5887
1732140,1591406,2047666,1559251,350567,5909506,489847,282269,380390,479429,1476324,2444834,6413
1689962,1599158,2345476,1736897,444161,6417121,920599,974281,545033,538406,1145336,895883,4713
1340654,1274455,1216639,1267714,234649,5938393,713602,745032,506496,557521,1481354,1608465,4623
1745393,1690565,2059546,1285791,235123,4470454,481977,502964,507118,565703,1522282,2529786,6535
1641073,1582467,1964594,1493394,340083,5824723,493405,499882,365428,469500,1196816,2452283,5891
1625523,1646326,2013047,1543940,339525,5933875,697372,725518,488966,492201,781749,879792,4524
1395061,1246873,1616113,1525066,342285,6465674,908242,953381,536201,609354,1897520,1720080,4741
1649910,1623473,1997588,1268053,235709,4591835,494186,515466,499413,551461,1503362,2408677,6139
2037627,1833668,2420759,1818864,455550,5585461,700026,501478,494127,481931,1470321,2473952,7964
1721476,1519984,1902946,1464719,323472,5683722,683477,720994,444545,480388,785360,1695817,4697
1371020,1580027,2055457,1539748,352590,5952255,933256,974744,564793,609735,1461827,1585625,4531
1362934,1205792,1317007,999136,233487,5609699,650246,678772,488121,532817,1457242,2389239,4787
1970524,1712404,2351563,1764288,343266,5134524,497244,530769,501334,550520,1902906,3208691,7137
1675916,1595464,2036269,1549878,354797,5925484,730537,753245,428009,477440,763387,1651272,4645
1062078,1418218,1607605,1526267,330351,5919810,679111,718270,501841,554448,1164611,889785,3103
1398166,1423492,1608417,1015762,238872,5237710,708991,742155,521551,567776,1503181,2365312,4629
1704740,1572797,2020295,1541056,236291,5111500,268654,503874,430524,538313,1511301,2507213,6366
1987915,1774765,2312449,1748775,431657,6453249,904949,715175,448323,501882,1185002,2036179,5752
1034661,1434931,1599297,1529537,352173,5883347,722836,754355,490739,541315,1100305,873871,2961
1326663,1469412,1614265,981541,229058,5072209,684950,715167,488043,541311,1488456,2483495,4629
1677952,1642837,2000147,1532380,233539,5207160,270013,517894,455226,573846,1520400,2404845,6065
1743144,1711296,2055144,1560803,352091,6028161,721848,512238,449519,437456,1131704,1687580,6471
1408339,1453179,2019547,1793375,443712,6559878,910954,967167,563331,634736,1567054,934526,3314
1522640,1427359,1611776,1004963,146533,5275763,723512,755361,489010,558280,1483921,2373279,4915
1704403,1687707,2038788,1544945,243537,5106763,266096,498122,435760,553868,1484662,2511963,6037
1647032,1632679,1988150,1531802,337391,5839704,706598,515585,451236,441065,1162172,1682346,6062
1338903,1454476,1999693,1540405,346637,5800287,711116,742358,511371,565361,1082974,871482,3009
2054424,1500796,1631222,1246799,224031,6415053,1079505,1128774,610666,683752,2207657,3282388,7654
1666250,1606398,1991117,1522655,342589,5272897,269346,281510,448133,568635,1523727,2459088,6291
1709085,1588834,2015349,1551457,352599,5885880,721587,723253,426181,431927,852262,1671944,6156
1384708,1535737,1956682,1482944,333306,5946201,699789,742198,501109,495581,796085,936475,4485
1047101,1221907,1629010,1284517,351654,5844096,719603,753590,496294,544591,1483380,1559678,3124
1752402,1474736,1648939,1274578,122513,5105122,482238,727463,503438,559102,1516713,2539882,6464
1984579,1714962,2282034,1714486,430093,5765237,700802,500313,436979,482956,1493862,3126512,7408
1387499,1630874,2008041,1535860,348020,5945733,713022,737833,483340,541429,766919,871392,3102
1028754,1216593,1246286,1225191,340914,5766905,694959,727098,489554,547911,1529111,1721456,3154
1607022,1387129,1591685,1233928,125315,5130505,470487,719238,477698,532612,1428302,2252306,5616
1732967,1645669,2029583,1561601,347126,5247083,489331,280072,441100,492234,1461279,2430958,6323
1695890,1758165,2319235,1736151,435260,6355819,899671,951381,490573,550397,746187,1699821,4523
1096230,1463552,1299633,1331643,350797,6158506,724382,758459,544930,600555,1529817,1656850,3294
1761527,1706648,2089019,1316500,125134,4622524,484864,739261,520688,576204,1563664,2562945,6680
1729484,1754790,2048418,1569541,342398,5924251,497690,285725,424927,533254,1592417,2498547,6238
1705301,1669660,2004751,1534289,335511,5874246,685559,711943,440787,480201,776869,1314687,4747
1093697,1587637,1673125,1576759,552123,7144853,1106129,1156836,646081,720916,1968002,2514418,3335
1676330,1680943,1987170,1290458,125840,4667161,486519,736215,512908,585397,1507211,2368795,5692
1751823,1749564,2080058,1602121,352286,5311861,270981,283125,483754,583473,1539793,2516299,6351
1737707,1665321,2028008,1594407,335218,6181907,707421,748552,488206,465486,847230,1700955,6647
1057204,1412288,2022551,1542912,353953,5926221,729972,760409,498764,534872,1104014,912260,3249
1429253,1248976,1225319,1144547,213844,5649327,664994,696015,498092,551975,1495417,2189330,4962
1933509,1699368,2294073,1492144,337995,5134841,498088,519307,491676,606779,1875553,3173392,7361
1700399,1587895,2019058,1559075,353421,6020753,720253,741358,447326,427094,785639,1662158,6083
1019359,1419268,2004865,1522204,338717,5883576,697455,737599,519455,573807,1171552,858453,2907
1341816,1228109,1207200,991932,238358,5872951,722726,754390,478289,543544,1469062,2331221,4266
1755331,1687940,2044915,1555120,233870,4595224,268080,501053,494117,547712,1463210,2472824,6512
2014716,1742513,2334571,1750753,444739,6428943,893256,750667,425784,465940,1133582,2494319,7512
1055892,1420208,2006733,1538647,353740,5968014,727089,758340,480054,537019,1111406,915139,3270
1425539,1269359,1240642,982817,238727,5825843,706908,737584,503066,560721,1552650,2609114,5031
1644296,1559476,1930636,1465018,223810,4419557,269868,514902,484264,532563,1481496,2367073,5851
2024884,1857209,2421307,1824084,352327,5931656,718420,738877,432931,490621,1471937,3166245,7140
1363670,1631480,2126956,1790197,448584,6463781,912865,967384,567905,639820,1136823,878416,3025
1054534,1217780,1603423,1504344,455432,6449773,935387,975974,546187,595375,1797323,1588600,3245
1739258,1623057,2033304,1289027,123270,4520956,481377,726155,488465,544755,1518937,2561139,6513
1666672,1587977,1998182,1544997,341223,5871288,495243,284318,400745,494946,1542983,2463943,6208
1693146,1586025,1986673,1533211,344055,6006711,708070,732085,491168,475436,777635,881446,4615
1350492,1234462,1584213,1522039,335674,6385835,900979,944871,543220,607729,1891423,1716544,4494
1638200,1591767,1970948,1255311,235192,4497971,499602,530620,506600,547960,1498924,2410913,5789
1675627,1583766,1978710,1522843,339208,5807741,464107,308020,377051,465034,1394141,2337064,6132
1682537,1550212,1967662,1498653,338298,5802261,703975,743432,493379,479461,775519,884928,4653
1008445,1247776,1606646,1547774,352048,5885175,720969,752470,500948,543748,1466318,865634,3201
1657723,1454332,1613869,998409,122676,5103744,676000,706848,501186,553679,1501668,2465755,6306
1934198,1789621,2372676,1778939,453315,6019986,495716,516705,449653,574153,1571318,3271212,7481
1420407,1697405,2047279,1547547,347371,5865529,713132,739967,507275,505866,794336,905045,4785
1051013,1272817,1615272,1437046,328060,5903579,675303,706632,486972,536533,1486077,1172589,3235
1647475,1442127,1637386,1002610,124714,5290074,734700,766906,488190,548278,1506581,2433153,6124
1736606,1632558,2025714,1536289,346909,5157416,265360,277329,432614,541615,1452616,2423199,6305
1685756,1785824,2345535,1748917,433799,6421692,899210,956478,485230,472854,763354,1731588,6273
1013088,1321671,1588773,1262278,347519,5901932,715034,746484,492463,555302,1447398,1588167,3136
1709936,1676984,2015764,1542724,228183,5789429,675997,924861,555405,624238,1474991,2475339,6065
1625842,1566660,1899090,1456919,319299,5117700,399451,285506,428849,534993,1438822,2294499,5971
1667043,1618209,1977927,1510670,346335,5761419,710723,737449,424435,414683,736466,1605713,5739
1080396,1419573,1991671,1503327,443886,6434372,895578,934634,534226,595058,1483952,1688834,3411
1663586,1392280,1587651,1244577,125620,5262677,499163,755618,473654,538242,1503456,2423046,6109
1726176,1628762,2019754,1561489,352137,5148988,488353,279186,426020,478852,1469242,2449892,6227
1704347,1580975,1959688,1482106,332540,5764343,692792,732893,447917,482023,765920,1682925,4717
1036744,1377337,1726854,1536534,357251,5991561,733356,765455,500956,542748,1126978,859426,3005
1689005,1413448,1592914,1256383,235589,5809576,696293,936030,545078,593186,1843094,3300574,6154
1359323,1271233,1211281,1273755,231925,5801838,709907,736771,514559,554166,1468404,1640654,4578
1735931,1629821,2020342,1246147,231951,4543136,483599,505181,506406,553912,1545040,2540481,6457
1662312,1576878,1967221,1527798,346130,5979319,501971,522048,386824,497592,1140040,2379141,5839
1400151,1641393,2075547,1587955,355153,6023787,712664,732359,496920,484728,784008,907739,4974
1041407,1225318,1567098,1287320,338296,5743229,703796,744818,484439,533840,1513175,1618571,2924
1992801,1616918,2009303,1282451,239180,5284773,718292,756591,540252,593350,1810024,3049878,7339
1747483,1676928,2061184,1563734,348105,5928911,482333,502243,386810,490777,1137407,2543547,6727
1663414,1817459,2343455,1761558,435798,5779664,714974,754168,559857,537941,1105006,1594010,6224
1023366,1301595,1619488,1271183,346863,5901004,713454,740417,493118,549836,1445917,1608753,3168
1698284,1489251,1610077,1261154,124198,5214354,476218,718439,496552,554175,1502726,2508081,6432
2004206,1859834,2374013,1802540,457469,6064023,714707,521276,450094,511192,1504961,3166016,7507
1753932,1620446,1990144,1552947,325023,5968732,647977,674270,447245,493841,794207,1459762,4891
1040661,1441142,1579095,1526937,333948,5904929,700071,738948,507439,564686,1165936,879864,3164
1374444,1438023,1614740,1001900,236641,5206669,719108,752001,489471,540605,1468226,2379613,4694
1713562,1609240,2008626,1516071,230742,5017283,269371,496044,443854,548132,1520828,2544854,6729
1986412,1747009,2290382,1725605,443161,6360192,929477,734006,501864,485457,1140381,1642590,5792
1005221,1251690,1602036,1539990,353528,5947856,721275,742378,495003,547684,1478133,874143,3059
1411573,1436581,1585368,986566,182093,5179374,670468,709598,497960,557742,1501031,2436415,4734
1677477,1688023,2037944,1575512,238531,5365082,271674,520036,464586,570247,1508796,2348422,5978
1735471,1601394,2001868,1523332,348489,5791786,693906,493571,425030,426415,1139617,1703306,6349
1337400,1549876,2027093,1589560,336768,6053769,704973,744057,536805,595576,1204059,890899,3313
1621371,1542004,1676618,1290191,238956,5945604,948936,989013,572718,629280,1843793,2386056,6331
1994416,1977873,2494645,1844641,457167,5951245,490137,282915,490475,606226,1950691,3389204,7678
1590131,1652169,1988157,1549343,329457,6192239,695453,643200,477425,454807,983429,1552017,5843
1618737,1734524,2420697,1641886,353264,6217270,838157,928804,590565,651044,1459531,1516229,4360
1331533,1330923,1236408,1282164,230687,5946522,694912,734919,514567,569633,1553019,1716395,4845
1930501,1855550,2408683,1557755,352350,5438542,505486,527705,527780,642258,1896648,3126749,7072
1699643,1727063,2108345,1603597,353347,5988237,706575,729242,477565,466193,804465,1697260,6598
1017500,1522240,2028486,1574944,342559,6101889,722007,767111,542265,599821,1188156,872270,3115
1334142,1402639,1285841,1198512,238047,6344770,723100,754906,532177,587092,1496835,2204012,4449
1681729,1706706,2079094,1306772,234530,4723481,484307,504963,535193,593605,1553399,2533417,6466
1910827,1913632,2437700,1856180,458923,6817728,731708,762681,487076,517599,1162729,2463999,7522
1024074,1576063,2095906,1609784,356936,6087305,725444,743614,535332,588954,1148524,887634,3220
1338453,1296114,1244476,1028898,230481,5899794,691816,733467,524206,586607,1575549,2568616,4773
1614274,1709248,2055111,1575590,241755,4617113,269181,517305,530177,592279,1541600,2402487,5892
1718396,1772824,2119223,1626434,350779,6151704,684110,506171,447514,512717,1193477,2510088,6346
1354307,1703185,2425466,1852131,446696,6743668,932043,989752,602628,608385,1249528,909826,4537
1331481,1404375,1266699,1042097,240842,6096012,727460,754999,537879,584740,1487044,2368378,4573
1677709,1728952,2073669,1580786,229297,4718996,270278,501362,522909,577209,1532290,2489399,6246
1629346,1661524,2014204,1543364,343454,6074751,720990,517510,404818,451178,1156518,2439343,6110
1667458,1898463,2488195,1594947,356472,6027593,944281,968380,579907,635411,1137958,1633848,4692
1002322,1340924,1338302,1290399,336524,5969044,691279,734030,519758,579839,1563993,1729982,3105
1896082,1690568,2060453,1553231,237030,5196161,467267,734027,589578,646745,1846145,3044518,7020
1695295,1728520,2069841,1612806,353306,6115010,704333,503602,431438,472673,1185153,2469575,6103
1328169,1748425,2057643,1599632,338435,6326353,712498,754122,553887,615430,802400,852142,2902
1015232,1339624,1262967,1337169,362136,6112307,740764,773893,535298,575379,1511616,1635235,3174
1645390,1714091,2057525,1288319,123287,4644791,481779,722863,512699,568583,1543771,2531670,6296
1900472,1825220,2357909,1781872,439908,6580138,693997,488345,423797,524132,1543395,2900573,7386
1356111,1716358,2064278,1577869,352395,5992401,720196,739405,519429,574478,795297,880508,3140
1010122,1384316,1249833,1299650,337181,6004842,692507,733078,543163,604520,1580724,1735167,3137
1605024,1737346,2035460,1309850,124850,4659389,495246,742069,547427,595242,1529599,2337901,5810
1660328,1759729,2097994,1625509,356606,6029674,487683,282487,422823,533583,1557093,2525393,6308
1622579,1676873,2375283,1807000,446270,6669917,935654,991897,583483,584950,1179761,869824,4454
1177065,1364639,1305804,1374944,283954,6296116,708503,741437,537940,592391,1496538,1557816,3597
1687086,1739117,2086921,1308234,123301,4667598,481594,725282,529220,589362,1556923,2574264,6592
1606017,1670516,2015623,1551721,343122,6103841,496616,283675,422422,517121,1560294,2428823,5946
1609522,1748749,2078159,1614886,356707,6168710,727030,748914,529076,528050,802381,865336,4594
1330643,1309631,1645155,1549820,337476,6696387,885617,938422,586194,658662,1918487,1608209,4284
1900319,1696101,2043929,1312937,239218,5335485,725200,756918,586054,643120,1862125,3086659,7208
1649148,1764671,2082449,1606351,356075,5903753,492366,473137,401472,508954,1264217,2525534,6336
1681951,1699800,2045312,1586050,341073,6079066,713119,753225,527670,509195,804441,893322,4812
1054247,1427892,1720630,1638140,356251,6104625,725307,758153,535999,592187,1510254,914201,3430
1650004,1518796,1660797,1016822,123027,5344595,703721,734747,518150,574544,1577386,2565926,6416
1947535,1859635,2410451,1827866,452844,6153385,496772,518515,475809,590838,1564992,3204774,7486
1369637,1736176,2070926,1592540,353013,6134373,719675,740305,529648,537250,808607,866172,4603
1055606,1341843,1708060,1418343,343004,6257195,706101,745104,556010,604528,1599417,1608116,3128
1628209,1550427,1659776,1084841,125593,5461699,706822,742057,529908,584431,1497885,2350187,5867
1698423,1712724,2116632,1633367,355618,5467859,264351,278026,471033,587413,1560671,2543434,6533
1641318,1878835,2390578,1810856,442765,6570365,926534,984158,531979,515016,789249,1691665,6250
1004169,1298184,1636936,1302556,345556,6131774,710621,743828,521971,581589,1476936,1617611,3319
1717142,1528289,1684920,1321421,124041,5332291,482509,725160,527111,575825,1556197,2545722,6645
1584064,1699789,2021786,1551308,342006,5306117,484345,282925,462690,533016,1531198,2417756,5945
1955088,1884708,2400228,1806129,336957,5911893,690338,939931,518918,519895,1141269,2383119,7078
2960860,1668155,5080396,3824626,988596,11397812,2368796,2848010,599234,729966,3935288,5492368,4648
1944627,1423289,1608035,1260922,124084,5990744,699831,965902,547788,620791,1831340,3046526,7319
1758292,1661563,2032717,1532196,345994,5199885,485610,278545,435293,484854,1477964,2486186,6608
1659748,1631358,1963631,1522273,334246,6033525,701252,742644,445240,486840,783172,1692956,4564
1040077,1482709,1654861,1572640,352201,6011128,725138,756911,499414,564599,1117053,890860,3160
1395227,1296927,1360092,996401,232763,5801447,660500,693388,486318,543671,1453785,2433228,4965
1965969,1749574,2348120,1757077,343609,5217997,495243,517260,484419,540096,1883752,3214702,7409
1673855,1699496,2049390,1566168,350272,5902202,713115,736570,442264,504089,773595,1663462,4857
1019808,1495220,1562753,1492799,331908,5843484,685533,726980,510170,574136,1149747,894706,2969
5349281,1761258,7616780,5653742,1367805,14103549,2925876,3198141,513168,663780,4823853,8908509,8525
2187916,1695713,3922817,2966534,576371,7665887,881207,1181560,424977,553224,1819952,2482536,6414
1951128,1793986,2306275,1748108,431856,6429012,905532,722814,436519,480585,1140733,1950260,5914
1048779,1443495,1626675,1540854,353164,6018055,723902,753201,485506,534308,1087452,884339,3055
1423426,1536556,1667770,1035486,236569,5344909,688829,719358,517331,560590,1524339,2512828,5187
1700377,1644986,2009395,1533795,234140,5218061,268122,515315,456162,566091,1535224,2447266,6204
1698191,1661325,2047725,1557700,353240,5946491,719092,510654,431940,422963,1117927,1654503,6373
1353766,1484255,2001910,1768383,442450,6425841,904686,958504,556646,629301,1533312,875927,3004
1337931,1247515,1205695,1116066,338807,6407517,924152,964402,540273,584782,1768004,2782702,4078
1703005,1606405,2032011,1290456,233952,4584419,478235,502779,490787,544787,1501452,2522014,6262
1670873,1580944,1977342,1518585,335961,5941499,494252,515121,385127,479862,1141877,2434755,6136
1397869,1594394,2033192,1560734,351764,5933335,718076,742028,487278,460675,766553,897966,4851
1410336,1297291,1597814,1262014,328753,6497087,877639,920678,561991,615918,1887643,2575365,4971
1704623,1577837,1962063,1499391,331384,5812530,486973,288180,386059,487324,1503658,2422143,6089
1688166,1596226,2034052,1543925,351184,5953638,723229,751257,454515,482761,766029,949912,4670
1022768,1403314,1601444,1500136,329236,5881467,670756,699030,486901,549236,1156733,885762,3294
1327766,1409957,1586207,976380,235781,5149137,722933,754542,483694,535693,1489020,2380100,4368
1709160,1687886,2030781,1547576,239313,5279161,268422,496408,437109,555589,1473210,2406408,6101
2047803,1749052,2354507,1743577,436534,6495949,897234,738693,477600,476431,1096306,1673920,6231
1065100,1326017,1637946,1541516,351906,5925089,717044,750556,487860,538062,1463769,898347,3350
1673832,1462496,1646626,998246,126126,5118599,704737,730176,487286,547175,1509743,2535030,6033
1655885,1582002,1930020,1484560,245933,5325820,277456,452150,433099,545843,1443964,2326142,6237
1680783,1619222,2021428,1530677,352011,6022808,724044,517705,436689,428062,1108483,1632179,6110
1357021,1601592,2380905,1777637,439671,6483353,897234,950198,564509,556667,1170853,873847,4470
1369961,1270119,1225703,1009497,238304,5909685,724228,755948,496779,543532,1476701,2348272,4294
1717387,1545351,2019587,1538631,345650,5276184,475059,722780,533249,593731,1834897,3239231,6301
1698766,1605585,1995657,1532115,338346,5990542,706160,516246,386207,441814,1163090,2498680,6176
1324930,1573073,1958960,1502330,333686,5895085,685608,717135,473057,454431,739165,887878,4511
1380602,1242580,1617765,1246255,345084,6600152,907042,945052,549889,607382,1897887,2557689,4919
1693332,1703323,2063348,1586769,238246,4904581,276262,520153,528232,586718,1575586,2496934,6574
1702789,1582661,1999113,1505569,348449,5884038,717176,515454,365422,406233,1073796,2377861,6153
1392728,1654647,2011094,1527530,341722,5858109,703281,742802,493925,547374,753820,864441,3186
1041899,1295473,1224610,1269522,352010,5935785,724915,755214,494143,552188,1478963,1635369,3101
1675453,1482300,1765353,1249768,124778,5037526,449918,687168,485654,540605,1408332,2363501,6190
1996907,1739153,2321934,1729695,444523,5759995,705367,511654,422361,476405,1517589,3322921,7347
1370566,1579983,2003305,1551946,351190,5962453,718975,752698,484812,539364,761386,888143,3070
1072989,1215016,1239860,1280771,339547,5816961,683577,714216,497905,554296,1517755,1689279,3226
1691886,1577356,1987827,1270084,123278,4591834,498174,758009,491821,553190,1535489,2454242,6066
1764668,1675536,2066982,1571888,350078,5509436,274678,285177,439472,554101,1470536,2452462,6487
2025066,1835895,2374029,1753203,439900,6518464,907157,925776,501680,482594,894840,1733179,6280
1050953,1268545,1603153,1772092,464155,6424965,946210,990189,542128,602751,1822596,878667,3204
1759058,1468847,1634003,996453,122770,5186803,690250,717761,491817,543301,1491370,2521649,6514
1626130,1568643,2293051,1723044,428739,5797509,468150,493643,477051,598825,1858069,2436763,5940
1666243,1610880,2005262,1535796,351375,5916867,721402,748945,425100,413545,749116,1629742,6013
1042933,1459291,1985269,1567684,445921,6378817,898046,938320,527204,593360,1488758,1606192,3139
1347514,1240355,1249367,1005022,240180,5876173,725137,757523,490177,541284,1492799,2383013,4530
1756621,1605535,2017369,1549744,236578,4424345,269341,501767,476325,529722,1476654,2484615,6603
1691789,1586226,1961850,1500432,337658,5759587,711519,518329,383703,407493,1131506,2490812,6161
1361510,1572790,1989391,1542839,348431,6000836,714937,744187,498546,541489,764212,899073,3142
1355766,1463872,1619230,1242916,335858,5629834,887690,924145,522516,585461,1839174,2491541,4761
1667602,1603131,1975181,1494601,228641,4982475,268921,528521,451331,544661,1506994,2437329,5919
1651102,1653454,1998125,1521962,337575,5894734,689987,479805,360904,414663,1110022,2201388,6309
1354036,1576501,1953542,1462871,336971,5669322,693528,733550,460651,520886,737625,878374,3238
1018166,1306942,1226593,1269252,351705,5978476,723140,756431,511556,567693,1498493,1612093,3095
1736325,1782352,2123074,1369044,127012,4900114,489917,724158,543420,595471,1554657,2536832,6713
1927002,1846247,2375331,1804428,445187,6770488,713767,519759,464222,509285,1562084,2501050,7674
1321834,1493150,2066719,1603637,356644,6232555,731799,763823,530400,573177,1134214,865684,3091
1117007,1326836,1269352,1310868,286499,6095862,670884,700371,511858,567342,1490869,1629895,3724
1868191,1820259,2349868,1518803,213414,5372815,683225,946288,574103,621072,1536506,2431885,6074
1652340,1751341,2099027,1620128,356585,6166517,491683,278728,398417,511319,1498773,2436604,6165
1693147,1674600,2430724,1802161,443711,6667896,906263,957940,569667,568370,1175029,914488,4981
1292880,1355958,1243876,1312266,242775,6081329,728848,762817,526326,572804,1518085,1632332,4382
1671465,1691031,2066289,1294846,239828,4621629,486086,504661,499492,559474,1512525,2519923,6587
1610092,1667364,1967557,1533964,322386,6116750,459237,405702,419644,521435,1347078,2378742,6080
1622822,1660488,2041672,1565550,355028,5939088,727094,761159,498367,500217,772449,880460,4523
1355601,1293139,1629273,1532803,343654,6439704,903742,943274,540600,603155,1887035,1729068,4876
1623774,1710512,2017881,1279844,236029,4552965,494734,518553,523027,579740,1562003,2479269,6045
1643680,1737500,2072313,1577958,355135,6007263,501932,520086,397102,507778,1138418,2457194,6129
1320933,1683305,2000848,1531707,334846,6109519,693527,733495,536343,517414,801741,890490,4821
1017172,1383616,1646027,1445944,352538,6079604,725287,757900,531091,580985,1500634,1441923,3030
1670561,1520299,1672570,1046713,125113,5377933,712290,732392,514253,569155,1526923,2510968,6282
1887622,1652471,2039183,1292795,237753,5106576,718277,753627,566677,627783,1883232,3139734,7282
1697533,1724795,2081562,1593857,352847,6110931,486998,504846,404533,508640,1146377,2475913,6447
1333624,1696903,2013542,1545106,337319,6018471,703642,744630,528701,512069,788409,885110,4723
999120,1343023,1630751,1304108,352863,5984031,722049,751586,517159,567380,1488570,1608921,3097
1985531,1755377,2077850,1443492,227258,5964488,710959,732083,526675,576131,1908868,3335689,7733
1930605,1777018,2342267,1767540,441629,5926677,502181,519092,452923,563121,1513405,3152131,7155
1327400,1732792,2066362,1571425,355989,6027707,734123,753625,503638,489430,767487,896136,4726
1022009,1341078,1649026,1300195,343169,6130978,704806,743428,516762,577242,1594060,1771155,3463
1667194,1592819,1692081,1328051,127917,5612134,494026,751938,545516,602341,1542485,2390318,6297
1651455,1734743,2082406,1599410,352425,5385769,489746,282926,478909,523857,1522812,2463509,6129
1616338,1856234,2396375,1809685,449055,6620743,932820,986780,522758,564232,787626,1714756,4772
1008059,1387636,1564616,1296352,337931,6116444,691635,722584,518693,568223,1439002,1607070,3132
1681476,1511463,1668930,1303765,123520,5321785,489077,729745,510483,567177,1548792,2579101,6556
1615026,1678525,2023789,1555066,342301,5371516,492732,280404,467368,517023,1564987,2467145,6133
1659748,1700910,2047712,1571268,344905,5983332,711671,734732,448946,487630,788920,1651092,4974
997295,1488268,1595781,1514812,443700,6491240,906388,957176,558829,627510,1548041,1712777,3038
1640073,1652408,1988015,1269606,123923,4803920,496970,754826,512351,565814,1514230,2380156,5874
1637534,1724679,2066211,1606116,344086,5496123,495625,284424,477907,520046,1514348,2424243,6269
1634007,1684298,2010558,1550822,338149,6072319,705432,746358,457620,513940,792304,1686746,4522
1312753,1714912,2053012,1861843,468489,6794004,726975,754936,523102,619943,1479577,1611852,4645
1315431,1522672,1646344,1008197,239333,5248469,698987,727615,502818,560981,1551398,2577230,4915
2190958,2014384,2750002,2041723,438828,6578260,494111,527433,452748,627255,2307936,3959835,8749
1619313,1712543,2058070,1569573,349441,5992618,720402,742382,511578,498307,781921,896100,4766
978344,1483310,1605395,1507934,341164,5941876,703483,742396,509363,563887,1396012,911730,3123
1313887,1495298,1640990,1035984,239794,5507417,728209,758057,518257,561938,1511255,2375110,4456
1690524,1728868,2109683,1609342,244142,5448497,272751,507515,458582,579747,1524491,2505120,6383
1955138,1826349,2391660,1802879,449102,6626790,931975,754849,506215,492615,1159338,1697850,6274
999626,1342022,1644431,1587730,352864,6112694,720876,752392,503360,561308,1483016,885710,3265
1663624,1551564,1684683,1028894,121804,5319920,700195,734920,517459,572996,1551417,2577240,6420
1641782,1666242,2004892,1533946,329136,5385781,272376,308558,454602,566516,1560639,2451486,6202
2469474,2279097,3035022,2316085,460135,6237626,746386,775352,740291,748713,2074805,3219123,10732
1353451,1466218,1982892,1753390,439675,6341140,903454,954363,531670,596063,1492848,869172,3088
1658643,1479785,1592862,979322,124083,5185887,705735,737201,500368,544552,1471987,2311781,5855
1795929,1679747,2041866,1559233,336847,5313424,269562,286066,440879,538380,1467339,2440303,6819
1675526,1594642,2005915,1529389,343313,5837910,718897,761222,420623,406934,758560,1721114,6282
1142958,1445903,2019037,1535175,350816,5998526,726855,757289,481784,532491,1112507,909134,3333
1702428,1387197,1549725,1219025,224287,5757180,873850,914445,509009,576165,1826304,2534086,6221
1967078,1764074,2330730,1774987,332230,4526609,270121,510376,566139,618252,1857968,3080928,7434
1718690,1594003,1995862,1529698,345880,5904952,706704,498826,364278,400281,1102095,2397366,5991
1341643,1581958,1983450,1515851,336828,5810487,704788,746435,486517,532753,749821,874804,3145
1035998,1248774,1194440,1271075,351153,5942212,727276,758223,503297,537014,1487803,1597085,3154
1759704,1537777,2029555,1303604,127790,4793090,490547,733221,485159,527449,1509804,2518377,6709
1967136,1717694,2319818,1750531,428226,5851003,723069,528822,429084,478292,1503723,3161331,7505
1340173,1581801,2008272,1524067,354961,5865665,734166,763187,467826,521848,743524,877551,2998
1041723,1246075,1218249,1249221,332236,5808544,681773,709393,469176,524205,1491865,1665895,3260
1643324,1591995,1970734,1242745,124359,4556884,495512,756359,490818,549851,1506029,2395627,5871
1725844,1619341,2034235,1547314,347031,6011200,490978,276400,367183,469438,1452740,2431680,6358
1697265,1776649,2316320,1725074,419660,6532072,869357,923663,543286,542473,895771,910601,4569
1014413,1264859,1208061,1264695,346356,5852717,716989,750275,478930,539804,1463569,1574913,3208
1759195,1753282,2076592,1313864,126353,4657194,491521,733653,500060,545666,1506166,2506384,6492
1761343,1740484,2072108,1601979,343673,6197938,494010,288654,415167,524956,1618660,2555793,6450
1679790,1645204,2035379,1562755,353534,6022047,730407,760218,486483,479716,772812,873831,4413
1067383,1416189,1999339,1518570,442938,6479390,911342,965274,539241,602632,1519777,1704991,3247
1636173,1419717,1569413,1087421,125643,5257623,578747,738426,500039,559253,1494976,2311536,5882
2035239,1803113,2405057,1818906,351196,5014191,266979,487737,491656,590234,1831443,3186701,7544
1668425,1519743,1938250,1481495,336740,5714074,708585,750194,425578,394676,748630,1716646,6262
1011707,1397505,2006044,1569939,355999,5960097,734497,767250,493138,535817,1135836,886987,3069
1374354,1222488,1206202,969838,233194,5693382,688471,719087,476827,525039,1494203,2519149,4754
2063856,1742809,2347308,1769135,340854,5359983,495689,518365,496273,530952,1876206,3171904,7579
1666382,1600348,2013967,1546017,350827,5891142,727877,747389,412303,407041,740340,1606000,5256
1030868,1455625,2001450,1514617,335982,5832730,696800,735470,496277,555085,1172522,896667,3270
1377231,1371710,1239998,1011758,243092,5938243,736047,768992,507584,558556,1539177,2398667,4422
1770392,1742844,2059880,1576918,234312,4609420,269638,507199,511157,564335,1533950,2467170,6404
2002806,1883085,2365150,1788916,435662,6563472,915643,735524,452935,506272,1176048,2439157,5860
1063584,1593862,1661988,1613241,352460,6042952,728182,762778,526613,572198,1152674,885958,3037
1391962,1448559,1568056,1001109,229957,5309581,689601,718615,494441,556031,1522643,2509850,4705
1689566,1686836,1971844,1520719,220880,4703883,269396,521268,504443,563637,1499146,2375019,5964
1807837,1693862,2074479,1599976,353861,6027617,491547,283689,413008,510327,1541151,2501247,6591
1725818,1654189,2402151,2025395,550230,6988682,1140617,1210933,622124,619326,1570811,897497,4519
1385011,1386620,1250148,1303248,232169,5999085,700811,730011,529317,565615,1491916,1601348,4401
2060546,1561473,1970714,1247081,226337,5216904,673367,702576,536467,590236,1819246,3187689,7822
1685425,1555891,1954138,1497778,332697,5783181,482783,505191,380736,475425,1160108,2434802,6035
1606208,1604369,1978851,1498981,335904,5815286,697432,725702,463548,440250,726697,891959,4603
1373831,1263801,1591261,1482729,334457,6380682,892565,934222,514880,581455,1876298,1695625,4797
1646704,1594615,1977202,1248896,236629,4554165,501538,523277,488715,549014,1528550,2431501,6130
1696198,1663265,2005502,1519844,341892,5992397,485862,500543,363573,474868,1114503,2396002,6380
1353969,1611746,1964837,1489268,338359,5920204,708514,749503,488077,474223,757666,868387,4515
1004707,1228422,1570902,1241674,347426,5848322,718926,750640,466723,520877,1426384,1565965,3048
1678492,1452020,1573436,1044814,123399,5032793,572147,688533,470368,520755,1415546,2373880,6327
1983455,1748207,2338517,1759326,441551,5893645,494434,517594,403543,518116,1490614,3250235,7405
1321691,1635984,1998063,1530347,345226,5823419,714457,741290,477855,472932,735575,888557,4655
1037929,1258065,1574552,1225524,338534,5796851,696088,727981,478862,540427,1513563,1696005,3069
1349872,1362315,1560453,969338,237081,5240561,726251,759100,479960,532926,1488454,2359573,4499
1744021,1697688,2097507,1609745,238879,5355689,274166,512540,464410,567895,1550276,2508997,6437
1968922,1781075,2367343,1785080,444830,6568503,938115,759315,431069,475115,1131296,1894931,5904
1047901,1455668,1629749,1555696,353975,6052602,728280,759130,487505,537765,1103407,884604,3178
1385820,1478898,1620890,973094,232751,5147794,693971,724952,471982,530008,1518315,2561441,4863
1687128,1680378,1997411,1797408,340036,5928646,493416,744362,509175,620535,1919070,2421134,5990
1751982,1777492,2059278,1570570,341821,5993470,705767,506786,455105,450516,1163761,1655996,6356
1366230,1515973,2005498,1762358,442232,6283755,912626,967500,547283,610568,1554125,909896,3177
1604040,1587368,1647193,1036255,139173,5384422,731539,764287,533776,590250,1552005,2380802,5107
1788937,1709520,2074515,1590704,244259,5317289,272352,497652,453680,556592,1512983,2497401,6548
1710896,1663424,1961497,1509296,335782,5859064,710713,516127,441676,437984,1145889,1719140,6092
1407530,1604663,2068980,1601205,349093,6117868,719502,751766,520094,578449,1145092,900821,3208
1688679,1514472,1630955,1291684,230107,5864441,901527,940980,543046,618931,1906318,2559194,6413
1747624,1711284,2048458,1590595,339498,5913881,711745,520794,419994,452460,1220854,2552668,6319
1392025,1631103,1976996,1536901,338895,5924897,702102,731321,497853,520343,776081,908812,3597
1067878,1271994,1591504,1290138,337156,5869364,677756,708330,493083,545370,1511586,1714966,3245
1719398,1647745,1725211,1379457,127059,5563282,498618,761681,568361,626097,1637437,2484806,6099
1706075,1776763,2119494,1632978,351936,5546945,499391,279556,464879,509407,1515421,2413915,6275
1765363,2092307,2584034,1945966,448695,6928196,914840,964012,586677,634877,872373,1759254,5067
1005627,1332997,1265816,1331048,350203,6137626,728365,758867,529529,586134,1550444,1644621,3172
1668554,1655596,2038251,1303829,123217,4764751,486669,729911,516418,565823,1501975,2470380,6334
1582172,1681912,1981034,1545772,322847,5311139,485006,277237,460547,509896,1521672,2416326,5905
1615813,1671364,2043164,1590736,449920,6718806,935593,978982,516093,569601,1115524,2285514,4521
978744,1508352,1649002,1564664,449817,6514188,900830,943150,570796,632830,1523223,1680048,3128
1602413,1674257,2008625,1288131,123529,4718943,495850,756612,521862,576532,1557308,2433981,5777
1655583,1684820,2054169,1586545,350837,6140924,498110,278357,392620,487323,1480179,2399912,6082
1702081,1706255,2085814,1586623,340946,6143189,703918,740487,519504,513510,793150,921679,5044
1025890,1490325,1604772,1546782,333584,6121998,702012,734615,513426,570125,1312974,900185,3211
1654522,1694448,2060707,1298356,237728,5391729,713334,960283,576558,633022,1874791,3242815,6131
1643107,1665173,2003037,1553391,334900,5954462,483329,283571,412514,516020,1556314,2492097,6053
1660663,1656893,2035530,1571492,355875,5941243,734151,766890,494257,475216,740859,865359,4582
1018395,1214847,1592309,1527752,335987,5694026,675673,708053,473904,525743,1475432,884340,3282
1635214,1366018,1552487,973222,124330,5173517,715332,744585,494649,533377,1530700,2418514,6040
1717478,1598754,1987458,1524105,320039,5268595,268599,319262,406314,516128,1433014,2348245,6037
2098158,1640670,2342592,2063557,545794,7222325,1114053,961107,555870,562113,1551729,1686766,6136
1044519,1236712,1605204,1532474,345631,5961787,720020,754663,506779,540534,1484531,872194,3035
1705989,1507449,1958018,1214949,232614,5616047,914207,941117,522454,571098,1458671,2420744,6193
1728446,1574699,1990696,1537220,338010,5382427,270045,282374,429572,549023,1562663,2518240,6237
1654979,1593661,1979506,1525506,450263,6584397,927393,968090,480604,469565,1072009,2238855,5930
1335484,1601087,2391783,1781225,435990,6392870,883171,922336,525396,547037,1140210,893033,4549
1340288,1225963,1216381,989624,234387,5810549,716743,748635,485261,544097,1478545,2356808,4388
1696921,1579953,2016304,1544241,236780,4565959,265019,505013,478081,533091,1479923,2444046,6117
1708590,1588786,1994837,1526705,327901,5937411,682386,493292,381502,415276,1170757,2512440,6269
1348134,1565618,2016250,1543842,355997,5860696,736222,768918,495460,532644,751607,885306,3124
1389462,1304914,1560988,1256854,349850,5892552,920181,952256,520963,571643,1846792,2509482,4762
1666816,1517544,1949232,1508907,218306,4649408,268532,516995,483203,531013,1497317,2407855,6125
1690522,1626194,2068152,1578107,355361,5887497,733983,530260,374376,408870,1120114,2420172,6283
1361127,1713554,2070857,1570035,338310,5903474,695211,729537,512987,566691,771176,896494,3332
999827,1302677,1241809,1280858,339854,6079089,718499,750246,532135,586874,1550883,1623884,3089
1960008,1864179,2440615,1579030,237180,5373854,492175,738513,498573,612851,1844037,3210453,7495
1613420,1685410,2010191,1541041,337508,6071848,704953,515257,449733,440753,1171009,1741228,6114
1323418,1702164,2050713,1594629,340215,6216815,704057,732899,534803,570798,850256,890163,3397
1047586,1376954,1282212,1337219,351813,6055430,710189,735130,509411,572077,1544838,1720097,3500
1635975,1646283,2012713,1294895,124707,4544999,493261,757212,514602,558354,1562043,2479334,6230
1642589,1699390,2093672,1608003,352240,6121754,492464,284388,401984,513546,1505384,2395931,6260
1678031,1683489,2834294,2079371,546228,7189769,1100568,1149761,619836,633523,1533171,910957,4585
1275318,1311456,1265220,1326357,240315,6121833,734847,767484,528806,583360,1562763,1634699,4526
1676667,1718135,2050325,1303953,170155,4719619,492603,619493,508310,567074,1467160,2352081,6304
1649563,1669985,2045341,1563203,336708,6055640,486385,280869,414187,515345,1568862,2569379,6524
1623134,1694821,2049437,1584455,349073,5991428,728719,762954,511433,506785,775102,909756,4778
1344035,1336050,1666242,1610072,350295,6653025,920884,953985,561732,620438,1904754,1713076,4867
1625835,1647633,2024647,1286249,231610,4668522,493188,519574,519189,579685,1561453,2489922,6163
1639285,1680528,2037825,1584411,350565,5979909,496281,518578,397384,499886,1115957,2341817,5838
1485007,1682910,2060936,1561335,339586,5929231,695808,726588,502820,492986,765348,883798,4700
994076,1299175,1626997,1561231,345086,6091663,725320,755304,517597,564865,1515463,850224,3040
1994105,1726810,2080386,1316683,236327,5398692,711561,733229,572040,638151,1861599,3207102,7606
1650160,1701445,2029075,1555071,336009,6025543,482702,507972,389815,500828,1179224,2560285,6281
1334299,1666889,2027810,1572145,350055,5988832,720733,754749,518582,500565,765035,883899,4599
1037442,1303872,1689753,1315434,351752,6080024,711258,736200,496491,549896,1520123,1721876,3442
1621870,1512045,1642461,1177455,124342,5499138,522743,761700,534746,588793,1575173,2467559,5798
1636900,1656191,2052868,1574021,351698,5309600,271652,281776,450755,557124,1462958,2352977,5853
1646279,1844127,2478321,1831171,454730,6475538,920021,960498,507746,502866,782261,1710257,6207
992839,1349913,2041287,1592392,450528,6824556,941724,979625,584643,647843,1902514,1655931,3199
1668210,1538729,1693985,1340929,124844,5452050,478224,725936,524339,589526,1532328,2451358,6622
1658875,1657991,2013487,1528545,334465,5142632,482651,281861,464406,502771,1560020,2547558,6174
1635687,1685043,2028830,1565611,349694,6000916,729072,761430,466539,490036,783407,1618601,4871
1013809,1570374,2056697,1619130,447286,6828358,897741,931322,601512,659472,1543039,1731249,3395
1673109,1614449,1707827,1355510,126496,5494440,496738,761126,563835,623093,1621299,2518713,6353
1620223,1734936,2095673,1620749,351660,5459387,497181,279160,467670,513240,1499231,2367997,6183
1690443,1667406,2051737,1561481,335472,5868496,685611,716648,449535,492475,787069,1703302,5026
1009937,1512670,1656978,1582093,349389,5974989,732650,768020,525307,578706,1147619,888899,3185
1668127,1663999,2017883,1280661,236548,5372198,719424,971036,560199,629902,1883125,3257709,6529
1620823,1590260,1923313,1459904,322828,5187458,487548,283628,437485,484137,1493062,2457939,6117
1583310,1672377,2039145,1573441,356384,6027203,737157,769891,462480,509775,770975,1621689,4364
1014754,1534972,1673732,1607545,351258,6028988,706185,730680,516308,572580,1153678,868180,3233
1321361,1471042,1643482,1026420,228729,5398722,716164,756841,515662,568875,1551520,2484502,4702
2235441,2119569,2922024,2189991,469519,6904612,725287,520776,468466,586572,2225124,3879720,8658
1681195,1644493,2061112,1548770,341652,5820764,699754,730958,495000,480767,772156,872290,4775
1017280,1533347,2013608,1842793,439589,6694142,921031,963385,617598,678918,1709427,882455,3287
1351808,1526640,1653680,1008016,237521,5320424,718166,738026,510058,565362,1509757,2460479,4979
1625860,1697219,2000124,1537755,230670,5239776,267837,509805,468901,579965,1562050,2535814,5989
1615990,1711245,2059695,1602083,351184,6088806,725045,518014,481682,459896,1143323,1604947,5919
1333456,1491627,2061594,1859891,461200,6526211,921848,958131,560940,620679,1522340,902094,3468
1609816,1492527,1631268,1018883,124751,5222408,718063,757368,523190,577980,1576660,2492633,6178
1666200,1680509,2074446,1597512,330677,5296255,269727,322419,470147,577896,1490995,2391822,6133
1724319,1647876,2083759,1569981,345168,5889167,704322,502662,462525,441461,1195406,1755931,6504
1334255,1505658,2017535,1548702,345078,5917969,725316,759599,534367,590967,1176527,889141,3083
1664169,1549098,1669223,1326640,235816,6041570,939242,967773,574340,646727,1895423,2439196,6005
1665270,1624816,2002144,1518821,340089,5235786,269717,281966,459195,566586,1570303,2558773,5937
1629358,1725662,2035855,1585336,349956,6060274,726494,758740,464800,446805,775009,1614947,5946
1140316,1420493,2042607,1577489,350389,5850939,703963,730626,490141,549289,1144557,885006,3287
1373131,1276866,1238286,1236926,229521,5758288,705825,745014,473510,535239,1501707,1705717,4760
2074983,1821049,2420347,1516688,337983,5293121,515632,538947,485935,595098,1798087,3080906,7657
1716292,1642898,2006524,1519411,337012,5783092,691344,722122,424988,402593,745299,1698406,6121
1003617,1441521,1980953,1527950,344295,5886942,725814,759415,502373,559558,1127339,866500,2958
1343893,1499699,1618210,1266772,342420,6512760,926959,953628,555745,616211,1474752,2428606,4510
1682760,1639640,1959595,1428178,229816,4428197,287904,502275,498417,557963,1528075,2527071,6269
1635631,1572446,1918024,1480751,336961,5613940,524477,519663,379069,473868,1063279,2271753,5888
1354435,1575306,2356020,1758188,453176,6234382,904345,936300,520902,543980,1136357,876463,4455
1359654,1213425,1227077,994984,230421,5902666,713469,755918,489073,555764,1554831,2473751,4756
1670974,1561885,2017759,1552446,240396,4442174,271630,512007,485083,531205,1446713,2365431,6199
1748572,1573659,2031179,1530017,340485,5681531,696475,502375,388374,419435,1153473,2561830,6525
1315210,1561439,1962623,1527413,344291,5850008,722356,756725,487822,536595,743123,868757,3180
1379075,1253378,1508006,1241283,331397,6475880,894726,920825,530195,586018,1745128,2376908,4712
1714938,1621346,2000070,1514989,228342,4631837,266463,510999,492123,550066,1545124,2562159,6524
1617385,1596102,1975426,1522865,346087,5813556,716150,510537,368622,413162,1109526,2314769,5890
1387579,1625411,2024162,1542537,349931,5798642,705545,731195,484731,538237,746687,874853,3211
1031987,1240806,1198193,1255775,338234,5831084,717536,758370,484216,548270,1516344,1678182,3064
1966267,1752787,2359843,1520458,226478,4701494,505212,753920,526777,598546,1757114,3013704,7665
1748702,1611566,2006388,1495315,335496,5705563,691142,508030,375703,415323,1109677,2520388,6529
1343671,1572822,1962680,1509931,345201,5849115,726771,757690,473141,534085,756620,869149,3058
1041077,1260591,1222669,1284722,351551,5830190,718440,740323,493954,544137,1483623,1661459,3140
2001100,1757699,2378287,1497341,222041,5185182,694785,965667,546877,605867,1540625,2549623,5747
1933342,1706160,2340524,1792276,455072,6678354,717800,511406,435227,473971,1481446,2307495,7012
1385779,1571139,2039107,1561070,350536,5780264,705983,731246,499140,549334,1015838,871382,3102
1031247,1230833,1194990,1255133,337666,5826745,717498,758271,480867,528504,1520651,1697321,3208
1730055,1555559,2031889,1282714,128200,4680178,502492,757374,480968,534187,1468199,2417873,6447
1755386,1741871,2079415,1563738,343524,5900878,486951,283638,392958,497363,1559616,2574485,6601
1690351,1615787,2000907,1526810,344142,5941029,725360,757030,501662,480947,750808,870130,4596
1362767,1270170,1593598,1515924,345466,6520485,923355,949515,514670,583370,1786147,1631903,4566
1725735,1593461,1971514,1250941,216253,4623035,486272,535200,479985,545830,1501403,2494502,6135
1637994,1613159,1999247,1532729,355949,5859887,498467,284388,376749,489595,1486695,2356659,5794
1710326,1627985,2043761,1564749,351806,5846068,705200,728404,485963,484575,746169,880303,4680
1007527,1283383,1578284,1515016,337860,5827389,716926,757455,488844,542983,1532245,867602,3137
2060425,1727078,2039780,1300256,236954,5318212,701793,733736,558465,617277,1815763,3029207,7487
1738435,1620529,2039126,1553187,343805,5838176,497715,519978,381997,491792,1164811,2586202,6652
1806433,1907658,2396902,1811888,344839,5818735,728608,998042,587988,581697,1203478,1671323,5826
1044255,1272364,1601732,1472046,327122,5898131,677214,699894,477155,527824,1411687,1007820,3177
2059036,1657828,1971976,1261461,225225,5894388,887925,941242,554627,554716,1548270,2484558,7170
1972396,1772662,2357425,1790186,460624,5935902,490248,512105,446023,552528,1498492,3076032,7225
1349370,1680464,2030948,1560065,347894,5899923,697442,718999,489985,478139,779603,894733,4841
998936,1267374,1572394,1251181,341531,5819898,724221,767005,485874,552588,1550578,1707895,3140
1670333,1444918,1612304,1242209,125986,5103363,500969,761007,477178,530576,1450332,2380073,6185
1702821,1633023,1967990,1500451,325561,5124610,347161,282976,443966,545210,1473977,2433287,6511
1619210,1802108,2350010,1780670,449307,6486080,948009,988194,506162,496291,740405,1592995,5686
1038739,1267677,1619215,1262911,348169,5888092,713973,733932,462336,520586,1427146,1635597,3324
1681008,1370621,1547956,1212222,124394,5070233,475638,721328,474150,527692,1485759,2458217,6070
1647940,1602843,2002842,1550494,355888,5189132,508065,281134,441322,475252,1507249,2385974,5877
1735077,1527381,1993165,1537450,346796,5797088,692893,713890,416559,466849,765967,1678213,4981
1021843,1465082,1784210,1499173,322883,5814645,686930,726843,493401,552098,1110547,869528,3092
1669693,1464197,1589828,1235399,238048,5712444,706983,976807,520821,579623,1760098,3032925,5860
1704876,1632222,2035442,1549565,346758,5295563,492014,288701,421015,469694,1525397,2529086,6305
1692466,1723488,2044293,1575129,344856,6002111,729538,761646,452625,508101,778430,1697811,4893
1015012,1431209,1566703,1482943,348550,5593390,720193,744005,461878,518914,1081674,887761,3152
1362533,1413525,1563546,954637,229882,5066676,695432,736038,461540,533736,1521374,2540563,4601
2238901,1970701,2728087,1782155,394292,5869796,701481,822922,487833,593826,1764299,3584342,8520
1684834,1631945,2016229,1529023,344786,5704759,695532,505699,421613,397980,1120137,1706592,6289
1300159,1448277,1968415,1502633,341596,5846476,727661,761968,492668,552133,1138385,863813,2922
1348578,1244056,1189118,1258770,237961,5783918,727740,751700,476193,524820,1447496,1624161,4614
1769604,1614895,1977663,1238961,227796,4512261,467751,491746,475535,532679,1471629,2486482,6582
1950534,1809824,2370986,1802145,460578,6578129,726406,758941,437543,491855,1126633,2399085,7321
1119301,1462551,2003107,1532970,346262,5774577,699909,721745,478857,537632,1091909,888323,3206
1377598,1240462,1195706,1210448,217440,5700238,686713,726099,505818,566015,1539261,1794442,4746
1672330,1532852,1978037,1249768,237029,4452780,495953,520040,478892,517221,1459784,2331633,6087
1724959,1585398,2012060,1557787,344731,5742276,479046,504521,384609,482933,1152548,2548717,6470
1329005,1559093,1935652,1483797,329057,5748211,704413,739168,492398,482918,762086,869388,4370
1344100,1261616,1575025,1223789,350944,6348205,955676,988951,515073,569727,1782532,2388492,4619
1728944,1742630,2037515,1500087,233733,4543143,284650,507603,509204,566730,1581484,2568076,6437
1656367,1668062,1972684,1535836,333095,5950062,532545,528990,379063,494048,1089728,2290641,6066
1470550,1766113,2057427,1565757,348641,5828875,708854,730112,505344,514149,817515,920603,4782
1035782,1474601,1585935,1544971,337401,5919019,718705,761293,524298,573864,1205183,871177,2942
2023112,1911058,2394150,1537288,321625,5763550,701118,970415,565993,676761,2084112,3611770,7000
1772775,1737564,2055055,1551089,343616,5831799,489104,287747,410425,508852,1573306,2527439,6011
1620143,1704837,2002421,1546539,345915,5809249,729733,760624,507833,500899,773230,877143,4514
1036652,1476456,1597146,1534840,338581,5786305,691571,713019,491789,547809,1212019,892248,3328
1378597,1482139,1603710,1005225,227164,5166021,691461,731888,488959,561684,1535014,2501089,4599
2033319,1869365,2397347,1809903,343440,5940398,486620,519780,461675,577338,1853552,3053207,7499
1729414,1742801,2067784,1575275,354607,5921297,709699,731384,513656,508644,785152,911923,4889
1026803,1291152,1575719,1510745,329481,5797176,698401,737599,493406,559302,1539080,878304,3001
1742993,1583800,1700945,1069884,127278,5390413,716102,750083,538617,589869,1525360,2371325,6111
1748542,1637021,2000625,1519972,296222,5128734,272371,350289,454232,544743,1508617,2478229,6456
1993242,1884098,2398385,1821014,459324,6491159,966032,760358,523614,518555,1226768,1689115,5847
1031309,1335785,1637675,1559949,351030,5784754,723330,746464,496881,545862,1488892,895391,3141
1651205,1469703,1574565,957025,124538,5076169,701526,742504,494683,547087,1554697,2556304,6190
1609562,1588777,1957665,1516569,348395,5156857,274754,286994,424485,540311,1465975,2304379,5702
1748774,1639247,2064370,1580822,347325,5906456,699635,511244,373996,416055,1134017,2527341,6520
1329691,1611891,2248203,1684773,443740,6019195,941214,984189,490629,505769,769076,874019,3927
1370811,1212604,1591013,1255786,347529,6437958,943876,972128,538699,586045,1813696,2391452,4743
2074125,1811181,2392812,1791334,324309,4491893,267605,509387,563866,625081,1916873,3283153,7698
1657152,1607360,1973516,1523829,343846,5972524,715730,507325,373809,421076,1140452,2379358,6180
1386181,1651833,2035329,1549139,350503,5901918,709945,733201,492714,545012,763082,873480,3040
1011000,1269078,1191761,1237996,331731,5855327,697640,738685,509603,563348,1550167,1697221,2981
1987081,1632380,2243674,1525534,232692,4952916,494534,746752,540162,598351,1797007,3018292,7787
1748588,1652269,2036373,1544667,345598,5734052,698311,509594,377461,420301,1136820,2562145,6431
1352795,1597083,1947576,1499266,330692,5745171,700460,734984,495872,549605,745993,876711,3119
1014432,1259540,1196066,1239733,344878,5733074,718953,742176,480650,536652,1456321,1630477,3184
1713143,1599399,1989334,1236524,124563,4577342,486394,726411,477244,538965,1527640,2543251,6448
1949620,1714915,2321892,1776309,453502,6546298,715633,509024,414673,485516,1524260,2449513,7173
1372699,1581925,1956888,1509092,332133,5764919,674494,696476,488083,539991,809195,864956,3000
1014916,1271848,1198261,1232178,328047,5781509,689976,730176,480894,532254,1489269,1647434,2998
1700953,1451563,1618371,997776,124553,5198588,726390,755269,486688,537731,1458565,2382883,6194
1790449,1645252,2043923,1529074,336312,5102776,276275,286751,429478,543329,1515468,2525619,6781
1693538,1844148,2366854,1793766,448064,6529035,939279,982717,519138,510970,814263,1673396,5940
1043694,1367895,1665020,1333867,353041,5997340,720591,742652,532623,578212,1541905,1654246,2965
1695952,1467660,1579433,1075983,126488,5306379,593397,716671,512710,556881,1531977,2446855,6115
1953907,1726797,2346263,1781646,347030,5197816,271775,515687,506634,617782,1825922,2987877,6774
1711647,1666911,2025936,1541553,344173,5782444,692798,718740,431391,415090,741291,1660932,6541
1019492,1385320,1925700,1486857,326447,5858028,695171,738502,476294,532649,1122735,889658,3096
1676906,1504563,1617997,1275147,236746,5851139,715962,977903,553803,614988,1805118,3067603,6010
1749941,1681841,2003786,1510871,333855,5132740,479389,286033,450355,497534,1511143,2506062,6509
1630928,1552494,1870385,1443730,318805,5797795,675808,703777,426002,419545,744307,1571678,5596
1027817,1428664,1993198,1524997,351643,5771391,718996,740331,468886,526574,1087444,871209,3045
1348174,1231705,1182477,963515,230852,5609043,697462,736222,471959,520578,1506031,2543817,4532
1954856,1756711,2392491,1831045,350646,5199012,495362,518257,493334,539784,1881658,3118121,7542
1725368,1641740,2016687,1529395,344820,5626633,692926,715917,435088,480163,764059,1665680,4913
1313114,1394027,1946836,1492667,339171,5794652,725080,759867,474908,542371,1140888,878493,3145
1213230,1237760,1179366,1255511,258082,5760385,728926,750012,491495,538816,1470738,1653494,3622
1734611,1526746,1969788,1227911,123995,4563660,485943,737387,472399,522662,1528873,2541556,6264
1961120,1762013,2383335,1832733,464527,6774324,734466,528760,454670,492558,1526750,2383617,7481
1366290,1411660,2022556,1554663,350866,5753167,711679,733637,503835,544126,1125467,874460,3050
1350826,1202769,1162607,1218602,220380,5693474,690054,728996,490941,535130,1506976,1708987,4764
1955559,1576360,1969609,1240220,237574,5133374,701160,732248,537566,595291,1793612,2972665,7170
1721454,1681325,2042331,1543376,345692,5700592,484954,489644,389958,487753,1216739,2537892,6338
1632070,1563086,1964635,1504572,338042,5893744,719989,751885,485055,468059,757524,859022,4508
1365245,1267664,1593818,1526153,351479,6409883,956031,983320,518829,581870,1803469,1642183,4564
1754258,1630190,1938398,1218207,225700,4366627,474970,497654,481082,534287,1456245,2476082,6367
1673623,1623999,1989080,1534340,342202,5942740,498978,519377,373508,487631,1103529,2368371,6357
1391650,1663146,2034587,1566024,352543,5839901,713790,735496,499971,498994,770898,901097,4849
1014770,1220023,1564032,1278121,335993,5643807,707381,750456,484225,541357,1521124,1633274,3052
1955820,1567375,1934538,1273922,238357,5165268,663543,719363,543014,593512,1778229,2949043,7104
1702013,1636998,2018899,1507600,340590,4937120,481751,279891,436396,484908,1522101,2540291,6271
1681986,1598827,1956780,1499427,339830,5738968,713506,747974,439577,487824,744070,1610204,4573
1051513,1463683,1585704,1531281,339821,5802352,696931,720321,475459,537444,1108894,902876,3271
1337204,1431996,1577628,953960,229605,4993975,701190,742357,492810,551736,1546434,2560545,4601
1943415,1807959,2414951,1848172,356058,5919402,511586,525708,438344,543328,1884058,3109530,7245
1700557,1584479,2000063,1542782,337780,5819950,680585,705675,438909,471801,764586,1328886,5050
1313733,1509015,1935002,1721168,443015,5678332,709709,749895,527291,577654,1498420,1671907,4154
1307483,1441337,1570203,964603,234689,5091767,709999,741518,475252,522472,1404639,2298156,4284
1708003,1617228,1987965,1759471,334711,5554778,474331,709237,482969,590891,1862103,2487429,6200
1931516,1796509,2352297,1772906,455711,6395685,955107,758014,477809,467677,1125686,1638204,5863
1018776,1260435,1596796,1552241,355828,5742930,726232,747720,492925,554435,1492999,889149,3225
1466235,1348410,1531764,943749,160782,5051461,654636,690756,469548,524319,1436061,2379095,4814
1650251,1521958,1960266,1502062,233282,5014279,268156,520470,425605,517701,1468540,2339480,6099
1720903,1596953,2018216,1550292,349996,5824711,703197,505103,442564,412733,1131595,1697036,6396
1357236,1386212,1958317,1507785,337896,5869048,719612,760163,496048,539847,1138089,857792,2964
1656037,1425143,1624915,1266540,239579,5934109,957112,997542,544170,599500,1814248,2377877,5901
1703928,1638406,2038292,1530007,340709,5119593,269011,278703,431305,542767,1519918,2559892,6387
1625354,1563920,1954952,1492309,343736,5867072,720961,712889,423650,417181,863003,1641758,5918
1330986,1413680,1967600,1496481,344922,5677829,706551,729414,463924,520016,1065614,890189,3222
1362828,1205246,1159433,1198504,227966,5731157,697169,739896,480086,533769,1506352,1740366,4811
1962093,1727572,2324090,1490321,340688,5193715,500653,523808,476576,599237,1822413,3041682,7339
1701873,1601528,2018808,1549115,349235,5875920,703287,726849,424343,417112,736423,1667590,6217
1357845,1596453,2012286,1545153,343125,5893238,729934,763390,508972,552115,769987,901146,3165
1026039,1243699,1299361,1284807,351329,6078528,725792,746897,495404,555872,1485019,1654998,3239
1715288,1427309,1627800,1251571,122372,5024010,454716,705678,470594,535695,1481667,2464883,6223
1922019,1914895,2722795,2046397,564812,6466907,940137,744612,496165,549257,1481923,3145406,7141
1366488,1632743,2043050,1557603,345749,5883606,701013,721723,498146,549057,755264,896671,3071
1047161,1250419,1219667,1251275,337659,5749460,708326,748317,491559,533495,1503526,1706297,2941
1706003,1593664,2055019,1289424,124479,4507247,492433,760738,494149,530029,1482210,2402836,5823
1769462,1593825,2078165,1583376,338282,5500499,475382,277979,409575,479687,1513984,2592045,6708
1663133,1696592,2339476,1765279,431471,6331802,909922,949526,507872,539360,755824,1435363,4492
1031949,1255022,1208927,1231571,337320,5633908,696836,717613,495459,526944,1434379,1631323,3159
1744286,1515003,1914314,1217575,119534,4395605,464306,692176,475153,517726,1472037,2466576,6125
1640152,1570834,1955335,1521967,337733,5783972,483731,268190,401114,477981,1472466,2366222,5794
1706791,1548642,2002414,1540219,336476,5702852,679307,701088,493232,471754,759088,919827,4465
1025509,1248709,1568848,1483310,329303,5583758,695292,737397,500135,547964,1512671,879314,2811
1755052,1635180,1976402,1251621,166595,5009345,674626,940528,546064,594869,1761978,2951812,5813
1635224,1580557,1973627,1486817,337076,4714429,249520,259907,434946,534081,1530101,2564713,5864
1617880,1592170,1946885,1482416,335731,5753704,704852,733382,436776,403625,718414,1640662,5881
946531,1474951,1968454,1520540,337950,5744145,690041,710687,509584,564339,1085961,853457,2642
1267333,1219277,1107391,910284,215415,5512114,669751,707392,513318,552103,1483352,2404478,3870
2135793,1876625,2599141,1965693,427723,5590529,509870,697778,561128,670716,1759316,2859212,6205
1626670,1615754,1919233,1467521,340294,5410598,681306,704792,420880,403651,684750,1601573,5830
937880,1415235,1852937,1433987,322198,5500673,682818,716589,491753,543125,1097416,771594,2401
1250816,1254768,1091136,898733,226672,5536209,689727,720698,502772,543723,1421896,2276045,4129
1646182,1645871,1933093,1455260,224018,4084410,244833,477216,511589,560242,1529623,2507913,5993
1844208,1703961,2225416,1674708,439162,6057822,921084,727834,441322,468188,1093804,2284875,5287
926910,1463002,1667955,1480230,339392,5591170,690958,711044,498359,547791,1064894,780206,2425
1289715,1293593,1111923,918666,219412,5506656,673833,711208,534400,572383,1520450,2454460,4131
1507786,1615439,1885828,1461337,226029,4101559,240905,500234,504822,549533,1473674,2275670,5146
1633118,1601165,1899273,1457075,330475,5394234,665488,467873,379826,409982,1089878,2388230,5834
1238477,1695776,1907410,1472717,323316,5534195,689212,729701,539821,585223,760241,774062,2417
1189095,1579375,1536279,1209962,342339,5567742,934361,975383,599999,646015,1834909,2285035,3666
1569173,1742574,1970135,1498421,220061,4652254,242661,485805,528278,590331,1559521,2448865,5647
1524504,1763742,1948349,1518317,332947,5811757,698281,480094,442983,471641,1161901,2297891,5385
1213815,1781636,1983321,1519969,337148,5726487,692244,712182,549387,595893,758061,782205,2566
927311,1386521,1126674,1468646,428827,6193089,884001,938048,610065,666725,1913136,1583564,2508
1806435,1993542,2327540,1520990,225047,5104957,469359,715802,571888,681335,1872913,2944956,6476
1856897,2022711,2368730,1812907,435213,6302935,862703,665788,578035,482242,1145227,1583980,6826
1225278,1651340,1904482,1490359,321945,5637965,678770,721705,561227,608888,1139524,778711,2552
916001,1412644,1135684,1251582,303518,5746137,659330,688465,550807,595730,1448032,1416407,2600
1534782,1793792,1973362,1228262,104211,4218060,443063,687732,548049,596308,1529548,2408599,5768
1805785,1912826,2304241,1756634,437057,6395047,692158,487213,499159,530469,1536342,2309442,6887
1215455,1627783,1991755,1549124,330458,5883285,676022,694327,564864,607623,1135086,775634,2607
1203614,1433408,1151183,1243020,214886,5539185,660270,697306,576560,622926,1565915,1609736,3950
1499795,1743266,1930698,1221656,219240,4195604,454656,477885,561075,592597,1487010,2236169,5356
1532655,1788618,1940816,1519905,317553,5614694,416743,318700,452236,544511,1382208,2303300,5757
1487570,1777855,2299789,1769107,424349,6348154,898392,956876,639940,625061,1186675,742583,3785
1189706,1451425,1152455,1253232,220778,5821103,689395,719880,575169,616047,1477812,1497343,3757
1589327,1830355,1993003,1237249,215389,4352223,444775,464394,572963,617002,1548496,2447577,5883
1504771,1753093,1917464,1500622,328592,5741223,459529,477879,446462,546589,1145742,2284716,5340
1263279,1836224,2014322,1559543,337512,5782999,683079,701969,562869,547464,782437,784626,4281
886577,1389376,1530867,1373217,307200,5647811,637372,674676,560869,602351,1507774,1153425,2467
1819800,1802459,1963614,1273551,221862,5271865,688106,717134,644539,688603,1899134,2954322,6632
1576929,1781750,1985262,1554951,332431,5757150,445032,463028,450558,540834,1145940,2399421,5866
1493552,1994827,2305667,1782831,418682,6413666,884335,936786,648483,545015,766218,743545,5291
900426,1462208,1575808,1267120,338256,5761891,693631,725279,563371,604376,1498030,1548539,2596
1536063,1584429,1557822,1221327,105257,4803066,443197,694191,563072,605257,1553097,2407487,5424
1804928,1910331,2331594,1794053,442785,5775883,667973,480260,509563,609418,1556928,3075379,6598
1276573,1760838,2024494,1569559,336474,6059613,689869,706007,557495,548183,801522,793995,4442
879884,1404985,1550637,1238620,320104,5909853,663590,702337,578900,628884,1569569,1591955,2523
1458048,1611710,1547195,1245174,106969,5185400,458430,717032,581474,622365,1513194,2190731,5086
1533529,1807065,1981395,1543554,327758,5108757,446297,240388,521630,561660,1511087,2325248,5638
1496993,1956274,2329457,1798135,430300,6485467,909936,966892,586766,626315,776879,1544438,3956
870207,1430345,1245399,1242544,334292,5798684,686551,717273,569446,610872,1490870,1511765,2492
1556857,1626834,1606235,1253217,105549,4887590,435351,688103,575034,618431,1563322,2389851,5583
1524078,1776223,1946240,1518876,327507,5127788,460561,242921,521768,560478,1546969,2271024,5421
1552417,1796405,1976978,1555025,332867,5798832,679101,699102,518769,559340,774198,1492243,3926
899031,1479279,1557930,1519220,423585,6478545,868217,916447,595839,654943,1522138,1588265,2616
1477356,1775375,1926583,1499002,324461,5002375,229431,239549,504641,603558,1509260,2274383,5264
1536845,1826673,1994546,1551653,333902,5824819,681944,694078,510153,490571,807347,1512352,5561
1195098,1849483,2346168,1780480,408386,6509569,837512,890412,632469,688982,1172098,788173,2938
1244988,1421044,1177700,1262482,220710,5778848,686456,718020,572697,616268,1527481,1506354,3986
1572491,1811924,1993507,1251957,219793,4413280,450501,464866,574863,616622,1531601,2372479,5813
1835224,1991654,2310047,1777158,423190,6347028,678858,718983,520477,562582,1164251,2372172,7056
877625,1605900,1951192,1529538,335966,5734816,691084,722627,557005,602772,1131368,741237,2367
1258360,1437140,1192724,1005350,222777,5852190,669906,699994,554106,600259,1534860,2415688,4374
1525946,1683602,1933864,1316506,223000,4466155,357822,461503,542461,593079,1499968,2264820,5909
1623564,1783195,2082147,1619501,344920,6167542,482397,497831,441882,547072,1159053,2383775,6253
1276974,1715603,2411875,1823203,435822,6518415,896960,950725,593938,590265,1181013,835838,4487
1240833,1321184,1224113,1022208,232425,5968425,715525,748868,547015,590497,1523863,2329907,4547
1587776,1691000,2015160,1556274,231664,4529894,255059,488568,531990,577767,1514809,2457209,6391
1573992,1745749,2023051,1568495,338138,5898344,714874,522857,419879,453168,1171741,2502860,6036
1245564,1782727,2039142,1601451,335974,6107081,694943,726181,558405,538136,786057,863490,4215
1335205,1367046,1689442,1329285,345959,6716666,913678,953995,590897,641433,1930879,2522750,5082
1630115,1876386,2135580,1652270,235988,4759510,276611,523888,582473,627741,1646743,2482765,6407
1611470,1838731,2548964,1936179,468392,6748022,958088,752609,498056,545817,1549768,2410016,5936
1351697,1929735,2153015,1656869,338431,6216224,702229,742978,592593,647752,874606,905544,3407
1300863,1741289,1722027,1661342,462856,7053951,953462,993997,667273,716651,1622731,1660690,3188
1652335,1680485,1997077,1374522,125908,5257229,487869,729698,565045,613465,1576172,2502572,6350
1932313,2028628,2475702,1894411,443966,6182924,712977,516312,524537,567721,1646374,3338851,7683
1327072,1841941,2137729,1669133,351119,6199635,724459,759034,568240,611504,836564,916973,3567
1044212,1538770,1369610,1415768,347788,6257547,701696,733102,591687,648320,1654282,1767769,3606
1661054,1733326,2084969,1338796,123709,4651378,500078,768785,562061,614056,1615318,2476164,6417
1635238,1893759,2140285,1659362,349921,6280556,497604,282761,455329,556290,1577516,2431287,6329
1681344,2083834,2505759,1861397,421815,6910983,868593,921114,612144,644695,877378,998056,4737
995400,1435272,1288250,1335989,355803,6105532,737280,770394,549030,600122,1576233,1646063,3071
1717534,1897417,2177750,1417990,125802,4897214,489096,729087,596259,638148,1613414,2498387,6544
1606703,1820579,2069486,1597750,332144,5949961,478671,278468,434515,534264,1605380,2492520,6152
1611617,1938337,2153906,1699468,351581,6127135,722850,753401,610361,584709,891147,905719,4832
1322684,1428717,1702036,1618909,346642,6544866,907435,949842,612213,667378,1980140,1734269,4630
1634993,1889092,2106680,1365373,144856,4799934,504415,690641,600930,647318,1623367,2385281,6512
1642363,1694371,2102827,1620318,349170,6262365,496169,281164,423964,530913,1530693,2436731,6533
1624704,1791638,2069206,1593693,334275,6060464,694035,734757,550778,537846,831227,889383,4661
1232740,1514162,1983553,1822152,445548,6537078,920183,962633,596524,573785,1507003,825918,4149
1944028,1733218,2063637,1310971,235014,5245086,703482,726149,584887,640891,1887329,3246700,7536
1572211,1674039,2005292,1549545,332615,5809527,482332,505674,411485,515555,1205827,2490343,6115
1425809,1723116,2019624,1579597,330289,5906492,685680,718260,531477,516875,796044,861512,4612
982987,1454870,1708751,1621037,345174,5981608,699997,734130,566811,614559,1594946,877992,3334
1592370,1612826,1718388,1095010,122413,5481507,735745,768825,587270,639477,1628081,2453421,6067
1585111,1807021,2130211,1646790,350232,5419488,257977,271975,494814,606105,1546649,2421419,5959
1599936,1960444,2456133,1848263,437718,6529128,901560,956566,566797,548090,821619,1678086,6097
966430,1487959,1685185,1361746,349605,6146264,725081,756113,583834,636140,1588316,1585289,2923
1613003,1661842,1666678,1174794,118979,5324685,549341,688704,593004,641530,1549870,2363646,6175
1632493,1794684,2038317,1576506,330575,5183480,261021,272499,518677,619746,1596475,2480031,6007
1576779,1741481,2059953,1608483,346095,6115638,715123,746424,494704,470611,805903,1602343,5750
924593,1567668,2067968,1592819,450149,6521335,901236,939497,608752,660358,1575077,1692618,3088
1571393,1558110,1643181,1294277,121236,5220938,495632,756470,537051,583781,1563637,2432800,5828
1579868,1768982,2085774,1631816,348457,5466368,496173,282165,479775,525648,1531781,2405573,6264
1656187,1737978,2063775,1578233,332228,6013843,692219,731783,481892,468370,803401,1770438,6032
935381,1551930,2036284,1585625,346940,5937985,717936,752509,552577,599465,1167433,877121,3185
1967527,1701170,2048546,1589861,341185,6635790,909983,1161326,579916,639369,1908696,4011053,7506
1602357,1721564,2051647,1582166,340743,5211972,490586,281307,495894,542581,1599742,2520413,6007
1580661,1654330,2023936,1579906,345830,5989516,717140,749172,459552,500324,775920,1572196,4564
950182,1546663,1648631,1569708,344425,5841746,696802,728350,521437,574863,1159636,869582,3144
1267737,1410953,1552782,1015842,234045,5509207,730166,762782,538047,579044,1550416,2426041,4674
1624285,1755729,2100099,1620227,230510,4860031,273398,517677,516513,575825,1482912,2356200,6286
1966635,1890927,2450440,1828460,440930,6606141,910531,737949,498117,539876,1215791,2555698,6465
1007247,1651520,1700649,1637868,356432,6194032,738845,771860,580487,629374,1214777,885775,3219
1260608,1548352,1641238,1018895,229073,5317167,691339,712532,530021,588774,1519679,2404334,4557
1599812,1734013,2038749,1571040,231540,5258165,271044,520217,492188,598741,1590942,2484475,5939
1584088,1736035,2055912,1602387,350274,5964203,725495,518664,433278,443766,1127842,1675219,5958
1302453,1757014,2056188,1876115,440937,6664641,884053,921250,592849,663427,1243941,889269,3413
1307712,1531816,1635267,1022169,233490,5196551,725431,757503,517212,562910,1552423,2444661,4686
1662152,1786091,2110232,1637289,240257,5442963,273334,516899,488339,596025,1541173,2448660,6635
1633004,1718362,2057481,1578601,333839,6124043,492553,518640,415547,530500,1196513,2566731,6629
1608469,1974148,2462980,1883556,468001,6706447,963669,1008769,555925,545840,826204,1620454,5628
1294813,1361377,1654576,1360036,347320,6506551,916874,953733,575766,635346,1919622,2434692,4741
1892023,1870589,2361350,1604533,331231,5328383,640217,492259,535314,585097,1916295,3106402,7275
1598601,1731265,2080068,1606089,351511,6056673,498694,519042,402090,508778,1143221,2365558,6088
1300558,1732127,2071070,1581760,339865,5818162,697707,729111,526916,518890,797619,878725,4693
1006613,1317667,1623385,1288365,350782,5986826,738709,772003,521940,574802,1549179,1616601,3126
1982783,1707595,2069566,1611143,240895,5380448,497604,742246,565881,621565,1876445,3231209,7832
1632627,1683513,2010594,1525164,337869,5863880,707782,518093,398147,441093,1166801,2538962,6125
1262017,1682579,1991213,1553023,336446,6004770,696226,727747,525248,517552,791835,854763,4229
1008076,1333326,1660552,1306547,348194,5894543,702125,731394,514479,560845,1536770,1677004,3317
1619355,1513470,1637251,1296534,123342,5148137,493625,757461,523022,572898,1559156,2467689,6220
1651604,1679889,2069668,1586737,351227,5264026,497152,281420,465798,515060,1504127,2383186,6227
1667958,1884123,2455941,1826002,447616,6449690,912459,954144,515805,566087,802941,1716240,4873
994776,1327682,1207596,1276727,351168,5894853,736567,769517,518568,573541,1541931,1614613,3015
1668245,1574815,1952024,1319176,125223,5100949,491493,737682,519178,578636,1509278,2444074,6264
1631434,1713768,2065160,1591821,341313,5508281,496086,289412,475836,524146,1588448,2569315,6363
1649500,1703161,2046446,1587433,351459,6132375,730113,760696,459178,495893,762320,1628607,4858
1036884,1601085,1682656,1619187,456650,6699836,910580,945402,592502,661160,1564451,1697615,3464
1884342,1837384,2379273,1535150,222941,5143244,493089,760186,526278,642338,1940636,3198486,7355
1611170,1711304,2069306,1589747,350607,6010345,498085,282855,411023,515243,1505173,2368309,6154
1627139,1727915,2046770,1570894,339905,5911334,697192,729220,470151,514025,779228,992547,4806
987985,1467814,1573764,1519360,332365,6021841,698558,728143,510530,565552,1165305,869420,3089
1725465,1540535,1658961,1287346,238254,5697435,930205,959032,543430,600515,1879416,2532411,6215
1652874,1693271,2030543,1581666,336052,5467694,274766,284724,460213,584101,1570071,2506173,6561
1659896,1651661,2032127,1573118,350405,5890762,726627,760925,448656,433259,772248,1617866,6320
1024434,1543259,2072765,1585808,343146,6010340,698934,730159,519209,577629,1179010,895883,3341
1276227,1350852,1225925,1105394,232247,5936882,726144,758076,538795,593374,1580331,2307671,4472
1580545,1803413,2059083,1365443,238989,4729603,427732,486483,522417,579866,1453535,2313379,5966
1607152,1646286,2011392,1275752,233725,5029061,721496,994165,552435,613080,1870697,3098797,6228
1624223,1684357,2035591,1563630,346653,5833118,479706,282711,388072,488498,1509903,2475465,6559
1669883,1828247,2042440,1591480,338327,5980053,717025,759276,566861,549777,847795,888374,4596
986348,1443462,1690037,1649031,354764,6121324,730808,762118,551842,605943,1557000,887665,3118
1708598,1626097,1708528,1065026,130590,5331778,704258,735557,526194,580252,1591188,2589255,6688
1950623,1944045,2416161,1839656,392115,6021083,500120,387078,486105,598080,1913963,3117586,7573
1677925,1900157,2145511,1659795,358459,6217404,736863,757741,564595,551702,846693,895156,4767
1063748,1346573,1642248,1795142,434357,6417479,892067,944025,561526,634121,1925646,919897,3400
1691964,1603157,1689878,1069174,127152,5337995,728321,758881,558063,612474,1602083,2390908,5930
1695515,1747200,2095236,1620946,352645,5364828,267701,281712,466104,570456,1548592,2531190,6473
1795972,1971274,2441073,1852421,443356,6541224,937951,995048,544908,537683,818408,1686857,6043
1024895,1503464,1721687,1656066,351931,6213787,730066,766799,569758,613526,1568542,912485,3201
1726146,1608181,1694647,1055086,126126,5417790,702538,733782,524273,576736,1560876,2580411,6532
1587338,1734905,2040356,1565138,343987,5244370,269118,280953,468193,593478,1579084,2439313,6063
1718234,1770574,2110652,1633820,352810,6125495,722883,743321,457696,454289,807503,1701694,6344
1023094,1619427,2084921,1591771,447858,6578299,919596,976961,592662,658971,1595292,1754923,3405
1648494,1646301,1673428,1217016,124664,5472458,526991,762617,551545,605483,1569250,2396452,6143
1626169,1784966,2082147,1601604,352405,5283208,272192,283549,468664,580261,1549946,2514238,6363
1697482,1715947,2025155,1577274,337259,6009546,717537,760026,470272,459761,817530,1695833,6212
968983,1630459,2108523,1654086,352556,6191037,728256,759304,558191,607534,1179353,896483,3300
1365234,1418759,1305443,1074845,237917,6050971,691454,720332,537538,596895,1583617,2565439,5145
1994320,1870908,2419147,1814664,346779,5241394,505336,527785,537309,585628,1950086,3237108,7684
1695447,1807932,2432921,1831062,458791,6531734,937567,966030,515535,522413,1145728,1617323,5312
1019535,1594502,2041587,1580664,329946,5974483,682929,722604,555957,619364,1219007,899807,3106
1305180,1395730,1411834,1302065,343146,6640655,950580,992842,590886,651367,1895652,2374453,4478
1685553,1780948,2112522,1642477,239903,4778768,271624,505350,542518,598992,1567268,2504665,6339
1973848,1924602,2402001,1823098,440247,6588150,929289,748328,463502,506335,1178380,2481171,6231
967345,1574322,1657744,1605316,352224,5954757,725273,757541,537141,590375,1171821,889692,3188
1335718,1416123,1606712,1001626,233245,5417827,702731,736789,488520,548506,1537607,2580914,5020
1585903,1665559,1983469,1519449,220647,4594240,272810,523217,507676,561449,1493214,2369269,6353
1643188,1753101,2093331,1617221,352673,5981288,723100,511539,421603,463581,1151205,2431012,6250
1297218,1649463,2014231,1820893,447066,6514145,917721,975109,558635,630850,1179802,898422,3201
1313189,1552418,1651611,1034280,232361,5358454,715605,747604,533130,571008,1513400,2336378,4615
1657923,1708764,2072072,1600138,236525,5240999,266816,502872,459896,569327,1537570,2518200,6630
1592161,1650743,1993130,1541055,336590,5806386,715859,520243,444790,431021,1168092,1705594,6174
1343716,1668842,2010706,1547720,336073,5984395,697366,728265,501640,548957,882705,889654,3398
1283722,1520853,1662157,1341517,348096,5966577,920098,959527,576799,639850,1953129,2537894,4824
1729794,1690572,2063119,1571279,340755,6010206,707404,517082,456220,448574,1183975,1750540,6598
1309188,1486319,2034533,1602502,352136,6217242,728796,759175,535006,585996,1165087,882758,3197
1293881,1406481,1274455,1337203,236755,6021302,701994,728697,529743,584249,1560359,1688984,4712
1948468,1675627,2020948,1267681,228907,5143349,709412,752001,574066,634456,1927268,3257430,7467
1643861,1735130,2078108,1598203,349302,6032079,497380,457997,407820,503092,1276363,2370072,6085
1661196,1652932,2445512,1807555,449211,6319528,912573,953170,546539,557832,1165888,920876,5015
1283033,1303300,1221067,1264012,238337,5749387,735644,768261,487918,546090,1520366,1633166,4340
1652615,1697296,2059725,1300117,238642,4647408,496454,513606,507780,564597,1512457,2438191,6149
1655867,1605890,2029906,1554087,340269,5949395,486015,510719,394845,501112,1185500,2570510,6439
1305373,1641513,1985004,1531738,355989,5885735,736061,768983,502925,493155,756890,874055,4437
1315706,1334994,1664977,1464253,349908,6573135,921615,950255,568550,627691,1895175,2236189,4722
1643990,1614597,1986117,1259478,230996,4460301,491652,520773,499510,549664,1529965,2480065,6114
1600247,1699642,2067122,1584119,351933,5902615,498934,521294,390011,496395,1129613,2373653,6001
1345484,1719696,2085359,1578550,339213,5807487,695536,730429,506469,497299,770127,919367,5091
995199,1350815,1614994,1275500,339066,5984089,717782,747922,538207,583694,1557082,1669401,3245
1953981,1817119,2082164,1617862,239154,5350783,494880,741386,593275,654939,1904852,3205860,7548
1697714,1788816,2087983,1605261,339769,6156814,684532,514226,426183,514838,1209193,2570510,6226
1336447,1828444,2084692,1635787,340877,6325139,703926,737351,569833,543359,842663,894481,4638
975345,1445212,1692108,1346210,352219,5995883,708253,731562,543042,594428,1573123,1701707,3336
1707906,1700917,1719687,1371584,127052,5490980,496940,763942,570807,634784,1649856,2505895,6196
1627879,1786145,2075656,1600010,453068,6059728,714762,508363,543042,588109,1837925,3024766,5880
1723308,1988907,2503997,1867654,457987,6503202,926116,967503,541538,607332,854752,1758182,4652
990220,1343526,1273812,1280054,344869,5966157,726941,757143,518658,575631,1537417,1628052,3047
1632797,1610566,1786665,1335885,126151,5205253,465352,712459,521652,568574,1462251,2350356,6150
1702622,1803760,2097000,1614469,340751,5430258,487473,279722,487601,533288,1618017,2579705,6288
1616777,1711712,2040860,1586249,354002,6119277,726388,760889,452440,508114,808126,1669880,4895
968532,1544000,1643872,1580374,457139,6538356,911508,942429,579271,637681,1522069,1686575,3289
1647627,1667121,2028035,1292592,124856,4598532,496050,760915,527870,582752,1580372,2510548,6587
1619183,1691657,2049020,1581631,352834,5925650,500202,282415,401289,505425,1496918,2386231,6139
1610843,1703285,2015402,1526364,326621,5681468,667815,695680,458193,501917,770153,1290542,4872
1034119,1403291,1601845,1533231,344005,5824026,722533,757273,495831,540693,1148063,871547,3238
1684045,1641387,2022957,1253845,236005,5012519,716332,968179,536582,592892,1816974,3194159,6182
1699639,1602070,1977595,1488973,335192,5736192,482825,278800,366931,479228,1541841,2556364,6173
1633720,1589655,2006485,1546954,354371,5830044,733452,765542,475636,467110,732594,898479,4813
1002065,1278119,1989015,1795843,457719,6296314,912622,944162,537106,601140,1846179,892778,3326
1422113,1380234,1555391,970176,168795,5022441,688239,730366,471465,535957,1471001,2362419,4568
2001856,1769966,2395695,1498579,351301,5079221,498445,513525,456008,569711,1771772,3137988,7332
1708249,1598339,2368041,1752707,431634,6364808,889495,941792,475913,465612,1098274,1685445,6080
1014370,1424288,1979206,1515083,349636,5828960,726186,755311,473905,535840,1121347,873261,3135
1361159,1250054,1192020,969053,242831,5692546,707600,729229,466715,520898,1468076,2482666,4887
1669796,1580982,1954592,1488364,230696,4297301,265640,500944,471765,527094,1501212,2496526,6283
1684371,1565585,1977091,1534832,348263,5772616,687555,511490,361955,463222,1115674,2361814,6243
1375293,1617615,2402269,1796638,452218,6440579,905722,944318,519851,532409,1111284,878724,4700
1315120,1178945,1159010,935040,231683,5656826,737640,769871,466169,529585,1526759,2462656,4527
1688009,1646176,1980187,1230981,124974,4436720,482058,704090,459531,516683,1421872,2371032,6340
1667741,1592540,1960101,1496202,332628,5697206,476258,279767,369643,474140,1516563,2511724,6119
1650637,1565545,1969728,1511221,345387,5733182,714079,745881,477420,463919,721642,870171,4578
1059979,1305711,1607939,1514118,438784,6284565,888619,925037,518828,573056,1775568,1622693,3373
1624333,1559975,1950689,1239711,122140,4497823,492373,747440,494025,541696,1535234,2423026,5945
1691431,1598417,2027574,1543696,351178,5857430,498258,283526,371948,476849,1459656,2368138,6052
1715553,1646109,2038316,1529791,335464,5981542,695132,726278,472305,470539,753658,953563,5362
1018356,1249172,1603873,1524095,346885,5866799,725365,760179,471334,545540,1519884,901440,3298
2014899,1655360,2020605,1243796,233575,4967110,715039,743550,515615,583115,1821132,3255198,7910
1656341,1793758,2292428,1720764,417378,6341988,652106,513810,448521,552886,1428869,2391271,5816
1650137,1606948,1979591,1528597,350484,5889681,725842,758264,483673,477966,737857,894018,4790
1007583,1240218,1565254,1526778,348230,5799077,700942,725727,475843,538601,1491365,864256,3217
1646265,1389312,1555380,979661,122426,5032611,695645,736168,472204,536196,1497926,2412915,6049
1650918,1595334,2032425,1562856,352384,5120084,270550,280240,429306,519073,1468088,2380072,6362
1703912,1733060,2398645,1773512,445827,6375356,901345,937935,479859,458292,775373,1760275,6804
1002456,1210283,1564576,1397433,327368,5755496,687397,716760,467059,528603,1436984,1124490,3184
1721966,1405336,1599961,966880,122921,5103377,693099,714776,455325,519277,1426758,2389272,6483
1652203,1628834,1961378,1496162,330571,5107827,266103,278527,428682,542196,1510937,2519471,6284
1632111,1602505,1985083,1529800,349515,5847005,725141,758956,432595,410811,740995,1597646,5975
1028139,1508837,2050848,1568737,464764,6511993,928743,961749,567964,631559,1535876,1686429,3201
1600100,1470710,1578378,1239859,123189,5054537,492923,758681,487383,551958,1539449,2486977,6162
1607902,1714270,2058490,1605335,335674,5460970,322740,276779,457863,571782,1476898,2292288,6199
1635752,1713239,2062295,1575355,339955,5961231,696383,727911,453765,435066,791484,1746373,6703
1318041,1685199,2048094,1591254,351834,6248649,729119,762257,524659,575675,773781,878846,3194
1320045,1547708,1650510,1311317,350572,6044185,925948,952625,585148,650284,1918657,2467448,4458
1626801,1608309,1984048,1530570,230771,5254506,268931,517288,454554,563153,1545677,2481500,6049
1903353,1840382,2425213,1847920,460585,6522924,947924,742087,516002,434030,1151057,1629487,6763
1329040,1676852,2060276,1574532,344976,5884699,697018,727929,498424,557972,1024893,885134,3350
1007338,1328190,1267535,1290950,340348,5877237,724079,760315,513624,573710,1556047,1692759,3584
1902200,1871583,2426769,1537534,236224,5139226,496759,746032,502062,616740,1836017,3171538,7559
1706671,1692692,2062835,1579635,340699,6007480,707852,510642,457462,444748,1210339,1775623,6687
1272675,1523934,2023328,1585331,345464,6065328,714240,747990,529111,585178,1163176,862701,3039
1336138,1269903,1206092,1270332,237373,5827932,705963,726770,478562,531148,1469155,1665686,4613
1654028,1681888,2048367,1323740,224686,4599995,487489,534106,520139,575762,1589524,2551503,6445
1583432,1737131,2040969,1597719,334823,6131435,467583,305872,412656,524610,1469413,2276564,6321
1676221,1714870,2457250,1845770,454066,6483343,908732,948794,589039,588954,1177178,903519,4894
1264748,1311997,1211482,1246573,231242,5755375,726696,759113,507588,565040,1561967,1661522,4621
1653197,1711450,2061714,1315759,241666,4713430,485419,502016,520660,571362,1505772,2421392,6144
1617927,1693403,2048039,1549952,340245,5878360,491617,518394,400418,508662,1171419,2566156,6252
1302373,1646860,2008105,1560325,351944,6086180,731280,764306,494716,478356,747303,864439,4468
1681500,1478029,2040319,1802066,448697,7260587,908268,934496,560098,675734,2215061,2628069,5998
1644683,1659903,1996268,1276968,230116,4452572,486728,513155,500808,562125,1558748,2511127,6047
1596836,1656295,2025154,1562299,348806,5915306,496036,520453,388842,491100,1146229,2355758,6229
1639956,1950440,2441357,1826565,441895,6560316,888920,928438,567281,498438,764843,896873,6176
985018,1276197,1609311,1262516,341403,5843691,725762,757323,501033,557731,1546064,1663792,3208
1941500,1733796,2076672,1593299,236916,5376369,494513,743858,568630,630319,1849208,3190372,7678
1588301,1692402,1994425,1520702,321233,5783857,503515,509417,384006,487463,1109919,2455306,6716
1298784,1606253,2016992,1562253,350494,6026657,730152,761845,491674,483144,774990,890473,4681
994212,1298992,1647311,1304498,351321,5929340,706463,728124,489616,546929,1508710,1713408,3430
1648233,1523665,1640087,1293043,122570,5202039,488550,761787,527112,581628,1596233,2565794,6389
1571065,1645272,2018986,1565249,356082,5362576,509584,284394,443267,489943,1515727,2386630,5949
1898022,1832020,2371156,1549253,340889,5286385,493912,513660,499661,619749,1907256,3185389,7233
1622299,1729806,2064885,1590098,351266,5894726,721104,682330,449665,443935,918289,1660348,6289
1313490,1381556,2009191,1528744,335126,5891335,694972,735834,495435,555440,1167850,879009,3042
1275838,1432546,1263303,1309917,237673,6084325,737065,770047,553577,605967,1584413,1664987,4437
1683111,1802191,2098150,1347492,240650,4789053,490633,507905,548749,609341,1594272,2500954,6165
1954192,1926206,2466548,1891615,446340,6961236,720600,763690,494743,533979,1225778,2529958,7958
1036312,1471282,2041173,1578878,351003,6000842,728601,761743,513237,573267,1140349,892637,3243
1387245,1395813,1307815,1207287,237200,6128140,703412,734725,549994,612071,1631226,2446716,4938
1929481,1925929,2420230,1503118,234583,4735521,516455,744044,606925,666460,1959777,3175148,7365
1654662,1858185,2117645,1644680,353453,6057554,499625,518097,441158,546443,1200373,2427026,6167
1354881,1701864,2414974,1801411,439335,6481661,904606,959069,563600,559573,1165015,890140,4655
1310827,1416614,1263717,1055351,240486,6036505,730236,762908,542269,596757,1554317,2352492,4281
1723481,1655382,2049102,1566846,235377,4578128,271450,506370,490776,546678,1496043,2476136,6290
1713220,1619206,2009178,1526392,340110,5838297,699621,522633,366010,430090,1149897,2542600,6405
1371550,1734895,2031286,1574700,335385,6032818,688840,717962,496144,486725,792303,910741,4597
1384630,1307354,1624552,1277105,339867,6352388,900732,942462,543442,612658,1910523,2545707,4793
1708566,1738402,2042074,1559307,229235,4460394,273850,525438,539050,599602,1576698,2456537,6482
1699286,1535132,1968852,1501439,341317,5876981,706455,504167,349198,395827,1077388,2371326,6445
1352154,1528933,1971794,1494349,332815,5717289,688155,727961,457907,513069,749172,905939,3213
1023076,1230960,1585985,1505849,345829,5789512,715758,748614,458032,511015,1424293,874792,3372
1367680,1369840,1600244,972544,219313,5078877,680197,708397,451545,512282,1468949,2478551,5175
1956806,1757766,2327421,1746296,339535,5652784,495775,521548,424748,543853,1899539,3243627,7229
1681936,1580733,1999732,1522798,343239,5906375,713213,739975,471881,470491,741823,884540,4858
1009888,1174966,1575003,1486330,335196,5764402,689995,720858,452643,523839,1504809,920183,3365
1590983,1409616,1589929,990053,123354,5149038,716249,748262,486563,540013,1490099,2357896,5957
1931539,1672930,2056547,1582591,355840,5895480,477476,494099,496224,622080,1865800,3178223,7225
1892733,1796104,2332659,1768825,429833,6556976,806129,760093,436209,482927,1105291,2374887,7432
1005532,1481843,2046724,1588434,351512,5935382,727104,756285,497904,543903,1112323,890814,3301
1332051,1259464,1221712,992300,233519,5768159,695552,724710,494310,544508,1531490,2564590,4914
1579327,1711257,2019418,1544562,231721,4487658,267331,518300,513258,572011,1544255,2435007,6065
1625687,1670336,2082842,1601361,354315,6148076,725526,515284,398642,432952,1139748,2452860,6347
1313344,1616642,2193551,1815035,444180,6575353,914676,969805,557989,628494,1161562,886612,3177
1268141,1293891,1198378,977375,237646,5908558,735872,767714,498249,550345,1502774,2373368,4411
1650227,1807813,2122473,1638614,240245,4768788,271260,506368,523842,571043,1530673,2501928,6527
1627436,1593447,1994800,1557672,336496,5921317,711713,516290,386886,429333,1162802,2499700,6337
1251375,1659799,2045545,1569085,349903,5836447,725959,761072,495269,548008,767337,890466,3301
1324104,1495944,1657343,1279815,341568,5796081,920050,959036,550894,612121,1935654,2566640,4812
1601937,1572505,1989661,1540356,233628,4888731,270436,521514,488890,553564,1546929,2447415,6194
1625870,1632241,2058997,1591276,351802,6115008,722778,513059,376634,418372,1101561,2404593,6325
1686119,1727846,2357096,1747260,440580,6245049,904303,958708,519734,513474,748107,917865,4941
1012204,1173572,1179165,1235640,351465,5863556,727017,758060,478376,523332,1475193,1624277,3357
1699492,1549091,2006859,1526353,230514,5053494,689232,913834,520700,578975,1825890,2462451,6680
1957085,1739764,2312868,1729767,442665,6072659,703094,517748,412971,464666,1499223,2489288,7399
1352133,1454045,1969501,1505862,344804,5842929,717663,751087,457580,519149,1046223,902946,3276
1027003,1177283,1191113,1243539,340040,5690821,693975,725262,456681,523974,1502928,1703994,3368
1667418,1444982,1922447,1223299,122576,4434756,498984,759381,461778,505952,1486431,2425477,6076
1679285,1522674,1978832,1526977,345609,5841282,486637,282684,357035,459749,1456782,2404529,6391
1692101,1543861,2366112,1758722,439544,6399420,908063,963084,515541,521742,1123343,898059,4869
1321086,1219086,1195731,1230712,233652,5897524,717975,748455,466070,518909,1443794,1634481,4646
1680198,1381900,1562785,1200521,121919,4913678,483621,719131,457256,522291,1481995,2508074,6493
1656360,1487835,1918274,1462817,331003,5010452,272033,284214,408401,522456,1478699,2389523,6071
1664261,1531149,2002244,1533864,350385,5838830,726261,750571,403979,388758,737499,1612537,5773
1017182,1342940,1981990,1497512,441184,6192040,900647,947201,504624,559819,1474091,1671406,3298
1646748,1359608,1566221,1219649,122170,5092535,478017,737883,476544,529349,1460503,2357764,6186
1695935,1575343,1980154,1500995,342859,5082335,484422,284001,397747,452386,1434364,2389754,6085
1608021,1637870,2019796,1549163,337947,5811256,707558,750758,444405,492238,768742,1704725,4815
981788,1415383,1847931,1545701,337266,6040111,699594,732261,503077,553424,1088237,875044,3282
1347855,1267402,1229644,1029060,235765,6022783,708393,740852,498598,550305,1543024,2537227,4797
1889770,2088138,2803547,2105540,446777,6041078,723172,756343,585758,645808,1937867,3250945,7378
1652157,1633064,2060832,1578819,351453,6083710,725796,751012,420572,464289,754751,1640037,4972
1019471,1454417,1629103,1555619,339150,5939325,696577,726361,493416,549019,1162239,904656,3381
1283471,1455992,1603712,1003866,234178,5262947,720768,754460,505176,564560,1526609,2403094,4553
1656842,1583789,2041086,1545376,236800,4518203,268787,510363,480263,536115,1481217,2467596,6184
1915213,1786402,2374437,1770489,443157,6326383,927369,749141,428609,473467,1142372,2552196,6347
955831,1376017,1580632,1539959,347245,5932659,719523,751543,484294,535883,1127336,886285,3258
1332330,1445126,1641278,1008694,234567,5239915,696854,729067,486723,543487,1517242,2525965,4708
1643624,1605439,2012887,1551007,233021,5238789,269788,518749,432936,550016,1543951,2475819,6227
1582208,1675002,2056672,1584121,351918,5961334,724459,511412,426698,417294,1121008,1643930,6278
1303518,1541468,2002342,1790966,445169,6561768,910218,956023,537634,602814,1427789,882110,3240
1274050,1468618,1594269,987541,233648,5157889,725013,759229,501169,557346,1509380,2394976,4585
1659810,1594910,2005710,1532339,239029,5111308,273875,512385,408382,519102,1463735,2440462,6438
1658142,1608179,2001320,1545482,337112,5967139,707659,515732,439906,422869,1183351,1716725,6241
1275477,1486650,2063340,1602383,351848,6154829,721592,750534,499184,552147,1113589,901089,3390
1641764,1444473,1650294,1297584,236019,5958155,913982,955065,548341,613003,1904062,2544429,6662
1620341,1608012,2014783,1542951,335632,5167461,267970,296157,443403,548554,1576974,2498131,6070
1597084,1855281,2461207,1876971,456100,6683256,935893,734848,506544,498620,1126547,1648929,6013
1353051,1427152,2025170,1525633,337964,5825993,696688,730343,478063,544956,1160703,911584,3459
1267312,1252983,1185337,1241700,232872,5892362,724675,758128,509961,556356,1536484,1655099,4540
1675597,1599296,2040125,1280900,237788,4527867,486235,503070,484979,540808,1477959,2429984,6241
1921092,1779958,2356090,1770658,444299,6351182,709342,751119,442855,484726,1145993,2512274,7351
1046527,1476292,2049504,1584418,354385,6054769,728227,760056,482798,537321,1116267,920180,3456
1005593,1285784,1532799,1262048,328050,5912571,671970,699877,504408,565547,1520194,1730853,3376
1576188,1522203,1671918,1302559,124724,5236161,497129,767231,518426,578426,1571922,2458462,6238
1701644,1617782,2018531,1527917,346905,5265597,485365,281927,419926,473331,1454351,2425765,6336
1654902,1760485,2377706,1775464,439606,6415662,909077,964146,469078,530143,752750,1671508,4662
977066,1208151,1170384,1213661,346709,5596246,717844,747733,451705,510052,1416812,1597929,3041
1706941,1572799,2001244,1252661,125038,4506657,485913,727897,458232,517762,1460589,2502313,6573
1642614,1521549,1931868,1482482,324559,5069179,492005,282054,408877,467166,1472138,2393152,6215
1668631,1569230,2018320,1542626,351032,5664091,725762,762690,414330,446354,728855,1654582,4917
1397914,1523285,1974273,1756855,446765,6334793,908011,1164411,570947,630312,1906494,2564040,4797
1637767,1459300,1889873,1184447,123711,4269305,498010,738868,448328,500268,1438995,2327582,5869
2049382,1668753,2292960,1715216,437783,6308078,684601,485298,401142,445705,1376847,2327037,7018
1671144,1532830,1928322,1451801,332278,5614890,689366,727585,450816,452490,738733,885612,4518
979809,1369296,1584338,1513493,351422,5816014,723115,756902,461596,514382,1335619,887215,3250
1688657,1598368,1958365,1195625,230356,4954917,694653,921568,508261,567211,1790572,3225431,6308
1348512,1565668,2015342,1532638,345997,5612564,696105,727506,467087,523501,739227,884330,3368
1006704,1225528,1205192,1216919,328362,5710497,697026,728406,448663,498946,1462645,1616188,3253
1709198,1583626,2009852,1264234,127866,4478489,492309,735242,451615,506516,1424027,2365283,6402
1696663,1546582,1936095,1443296,328937,5484565,472740,278893,346280,440229,1457971,2514425,6595
1640361,1537890,1922888,1473079,342806,5815627,715459,747367,412056,454957,731590,997641,4506
1015959,1368272,1594243,1545486,459509,6501027,926354,954971,517209,591138,1477480,1632467,3173
1658440,1537718,1968576,1234897,124451,4285334,488271,759461,463118,513723,1525387,2557660,6256
1657735,1505335,1965422,1524740,347475,5786112,491107,285092,353046,441170,1441107,2298939,6094
1744990,1533318,1979258,1509819,337440,5736021,679285,710729,458787,460161,741415,897361,5018
1015477,1196689,1570876,1472809,335077,5683650,713032,747206,453657,510040,1499023,877741,3163
1906178,1550794,1973623,1217673,143834,5184110,727924,936039,510951,581361,1771189,3081020,7592
1711854,1577748,1989911,1504415,341248,5673323,490307,280684,348596,460052,1512611,2563859,6419
1626294,1528114,1914489,1466392,342001,5699514,717390,748901,453030,459219,713507,866362,4566
1053889,1264313,1603871,1830130,448232,6523713,902105,927846,544168,603645,1807288,878388,3295
1669632,1336966,1562397,962072,126015,4940307,706131,744273,464978,507674,1524799,2551276,6316
1987898,1730154,2330570,1749220,344052,4901477,485063,503646,453066,518090,1728454,3033748,7554
1684572,1536385,1907686,1424500,321952,5502218,661482,690892,392864,394535,733022,1741886,6263
1003576,1308544,1909370,1464436,342239,5510489,725256,759558,450790,507283,1117397,870035,3054
1323408,1139194,1197106,996762,240738,5859570,716819,737022,466215,513772,1451827,2393873,4766
1721213,1486832,1964306,1503698,227951,4523040,269825,512069,462286,515210,1520461,2512667,6504
1617576,1571972,1962953,1513743,346445,5912941,719484,514024,355698,392558,1122748,2337223,6005
1341236,1557440,1967281,1734203,452449,6111607,904442,934555,486889,543871,1068806,898792,3409
1281444,1210702,1298624,950393,229493,5487016,677942,717900,459913,515201,1455074,2374574,4800
1664431,1542969,1981079,1237033,124265,4460187,499283,747233,465399,515151,1450253,2391841,6199
1666940,1563134,1978928,1493484,336733,5737441,483681,282387,340691,452967,1515660,2518952,6303
1629377,1541013,1922415,1475883,340290,5710466,709626,741353,466218,470940,730894,867466,4335
1334288,1215922,1584781,1503413,351406,6328419,934145,958534,505003,566818,1809615,1654665,4670
1698645,1556892,1969246,1238454,233145,4419885,488118,514273,460444,529245,1531899,2554970,6332
1638339,1536810,1987497,1541675,358179,5726853,511477,481091,343741,453215,1234186,2382236,6255
1688660,1568470,1978066,1492378,335606,5569879,680556,708992,464910,447655,731480,885323,5044
1285965,1574412,2265703,1727985,430014,6439913,899357,939337,532774,526068,1085439,864707,4317
1713941,1415058,1579701,1228116,237285,5729729,705016,947888,515269,571419,1760855,3166765,6482
1687469,1520214,1932562,1461140,327472,4967877,484844,279249,391707,448750,1477139,2486602,6360
1641759,1539123,1939711,1500908,345019,5818744,715155,747559,405458,449430,744303,1597553,4829
1033021,1315906,1703621,1528595,355634,5653117,714292,738431,467600,517471,1121998,867228,3374
1383147,1154490,1236095,982175,234343,5712132,725065,767172,469040,523039,1544272,2527507,5087
1971590,1709126,2412183,1804250,351668,5129802,499686,521211,467776,518712,1808063,3118543,7610
1667239,1563971,2009322,1507334,340856,5796777,698778,729593,401691,448273,744999,1714282,4952
1361227,1403930,1962087,1518557,342547,5869618,706522,738171,481965,527775,1100909,881139,3435
1349954,1156029,1160713,1234052,237284,5639620,704049,723792,455774,500570,1463221,1673542,4721
1682980,1541826,1953378,1229302,226256,4455857,492177,525772,460214,523677,1539162,2531898,6407
1603609,1611680,1951671,1497258,336370,5638803,469222,300901,349275,450032,1393431,2265196,6136
1661361,1630118,2406638,1783691,459895,6177967,923398,964699,521879,527722,1119350,889202,4450
1296802,1211565,1166622,1200332,233472,5632799,729779,762303,466577,532344,1503925,1649055,4204
1675658,1575339,2008267,1262606,349540,5235154,701612,723102,513710,584773,1773322,3065061,6233
1676421,1545762,1935532,1467436,328731,5595368,475766,503640,348444,454542,1119722,2491226,6245
1979218,1711023,2305967,1745997,447240,6349802,920648,747465,387557,429427,1036471,2243018,6136
991107,1378432,1817385,1470488,439474,6143974,876255,915574,499068,565862,1426534,1708163,3366
1667731,1408104,1559922,1207388,124185,4818548,487343,750289,464267,524835,1478113,2432804,6090
1651170,1553752,1969392,1488452,351803,4981244,498738,280575,398236,443382,1423886,2408497,6232
1673805,1561565,1977142,1495545,335507,5561535,686428,716369,402983,448518,730342,1699300,4968
1033065,1341756,1561643,1493880,343080,5801557,717553,751584,472811,519146,1105715,890925,3091
1730557,1474161,1908354,1193919,238784,5060991,710092,926264,496435,551927,1756376,3130928,6277
1638825,1585214,1920887,1460659,324236,4999390,488142,280987,406977,464536,1476399,2431241,6219
1633709,1518105,1940571,1471767,345012,5585666,712925,507248,396305,383707,1071055,1612271,5854
1336278,1348871,1953216,1473383,335519,5539231,683337,715528,474369,527048,1133390,903213,3262
1322435,1164646,1163508,1199365,228393,5625428,715453,749254,467685,522338,1494488,1659264,4526
1703028,1552366,1946393,1183050,227538,4414076,498080,514992,433703,496889,1405682,2366784,6078
1948006,1614809,2227616,1662165,332647,5542097,491921,506794,385458,488295,1823650,3189393,7279
1635428,1517778,1993649,1503383,356239,5675487,737249,769022,389343,437955,724965,1057126,4571
1036107,1379631,1571978,1487535,340490,5639735,698728,732195,451834,512158,1123964,905279,3393
1323722,1377870,1563164,968823,233967,5062090,718574,747978,467264,530133,1480120,2382355,4703
1652093,1578949,1995198,1526380,239158,5064574,270170,510733,398193,523118,1469602,2463761,6390
2309471,1861288,2673737,1700796,439141,6165169,1106858,953386,505931,515291,1439533,2427052,7430
1008883,1264688,1586591,1519261,352729,5857115,730082,762360,490067,542066,1493111,876713,3286
1580140,1321570,1555589,950310,137527,4980039,686288,710503,450481,501143,1451453,2448190,5674
1628596,1520726,1907037,1447686,234235,4878693,266210,488897,390007,507116,1478452,2416795,5975
1665846,1528878,1982521,1495171,346035,5743878,715573,507036,396822,388585,1075504,1627696,6204
1361268,1394908,1958277,1726384,431739,6176821,876005,917221,523870,592976,1476499,922758,3336
1302342,1169632,1170793,948093,237686,5639117,728341,761350,456604,518781,1461481,2372387,4417
1677317,1565022,1968929,1475979,233209,4198966,265258,501661,440443,492160,1420181,2441583,6434
1643866,1489621,1894634,1447729,332478,5504660,686797,517660,328568,393616,1089946,2462281,6114
1260994,1555638,1917958,1485865,335879,5654769,694360,724715,460510,454499,710537,866100,4464
1324317,1201488,1550766,1193658,334182,6094358,891088,930975,513265,577534,1851087,2510818,4894
1639006,1534325,1915217,1463745,223038,4317454,271472,521945,471338,527688,1500225,2371756,5841
1692798,1705678,2054727,1559987,352629,5791300,724117,515648,374665,419110,1144162,2422884,6197
1387921,1661372,1992749,1501073,331956,5703736,690212,730439,485916,540682,767874,910808,3337
1071896,1335672,1258354,1273596,347975,5973886,721631,757781,497746,556693,1495233,1665749,3295
1703459,1502710,1710168,1259967,127376,5104621,461421,702586,485146,551159,1480771,2434100,6541
2009278,1816615,2350853,1766192,439969,5701826,700377,514504,434372,493731,1544335,3308053,7365
1390470,1701123,2026370,1580257,442034,6637344,913847,956550,575685,632825,1131727,1558426,3358
1021988,1212680,1184943,1266189,340977,5688381,691200,722022,479080,525122,1507941,1680948,3146
1685050,1740876,2018498,1292169,125648,4498568,503115,763791,528277,586023,1589103,2444779,5868
1670540,1612312,1984614,1495904,347528,5774228,488375,281681,351549,457834,1431620,2371816,5895
1937146,1697107,2273668,1693826,426386,6152792,890342,855272,456872,447808,924950,1605259,5748
1022965,1161882,1594163,1533570,354764,5879840,732355,764942,466349,513163,1460770,897987,3348
1751723,1366992,1601371,973415,124352,4962128,702377,732703,472432,520398,1493143,2545861,6678
1666586,1524428,1939350,1470293,338063,4931325,268889,283173,401724,527239,1520211,2470149,6243
1641104,1558229,1969317,1499647,346859,5767233,717835,746632,398842,386081,729687,1603718,5973
1021545,1397712,1960942,1610086,444006,6184988,902938,943657,503451,574055,1510346,1527778,3177
1638310,1367536,1544684,942978,125564,4972323,730657,760962,466091,519293,1455794,2404450,6112
1701184,1599089,1997880,1510682,347854,4958187,266728,275406,399882,514131,1454007,2447485,6364
1681598,1566456,1986067,1512170,335845,5663960,702868,746229,428388,403611,754473,1749950,6548
985951,1338074,1905357,1451359,335948,5522860,696579,727563,461197,500546,1061693,886600,3230
2017309,1537302,1967227,1490287,342005,5542321,696213,949255,566251,623107,2229582,4149103,7620
1641419,1485698,1941663,1486476,338767,4972247,482122,283026,410165,505034,1526198,2485416,6184
1616508,1542190,1960864,1755159,456736,6260477,938751,974582,451555,441174,1056024,1619529,5568
995074,1388840,1947989,1465777,330226,5637228,676781,708816,435723,493944,1075854,903140,3346
1337131,1229175,1180287,951682,234697,5619072,714425,748225,469216,526151,1467347,2389917,4666
1710271,1490563,1918341,1181849,124190,4215680,488949,710552,451889,502708,1444429,2443250,6408
1939315,1705621,2281617,1698711,438862,6165704,715032,519977,403383,458383,1491313,2475034,7229
1289928,1439121,1995933,1533520,352294,5828143,727132,759597,471324,522362,1063390,875494,3121
1071586,1227849,1202187,1243546,319376,5689623,677822,704193,462404,515976,1448090,1644023,3603
1609481,1565325,1957012,1197289,123122,4210138,508542,768461,482516,543389,1517239,2461750,6138
1640257,1549518,1995458,1515312,352072,5699431,497614,283473,343872,447924,1441198,2409064,6254
1632338,1541642,2373817,1762625,443970,6248936,914250,969717,529769,527819,1133903,879479,4621
1331508,1196175,1168755,1216979,238311,5706621,717410,748533,462522,513187,1448915,1601001,4595
1687362,1568114,1994272,1218835,237104,4141132,486866,502829,458203,514322,1471215,2515176,6710
1600497,1549965,1881434,1451831,318189,5447725,459454,350049,349825,458574,1348208,2377892,6184
1677453,1484318,1933502,1470879,345606,5563275,714912,747005,436416,443447,721689,870489,4593
1369537,1219590,1601904,1519299,342841,6386814,914725,957289,535485,597690,1916604,1765115,5297
1617291,1636324,1995121,1245706,232801,4446130,501594,524756,492840,551095,1551907,2468282,6279
1601356,1662880,2043701,1565453,350762,5746410,493746,510409,373655,478484,1118430,2423426,6199
1319580,1819810,2398142,1780021,434639,6353105,895836,951773,552884,545667,756523,922753,5006
977542,1525529,1844616,1542736,337162,5909539,702071,733431,512842,563118,1119449,890741,3233
1301050,1219938,1195812,980336,234208,5709712,697894,729574,470754,527408,1494325,2523372,4832
1858431,1818148,2338903,1748818,339285,5038158,497244,522339,488953,534576,1905657,3221365,7185
1596796,1604073,2017465,1544847,351100,5962862,726373,750922,418867,458265,743603,1626944,4834
979715,1464578,1624832,1554032,347450,5787342,708154,739390,504942,562349,1179451,915158,3423
1266666,1438423,1573881,959207,237135,5169188,729844,762247,495763,553270,1508591,2409217,4574
1644554,1596639,2031487,1549544,239472,4619420,271150,510917,476341,532081,1481485,2465545,6281
1951229,1750086,2350468,1744377,444419,6230524,927616,748431,422516,471558,1130406,2544353,6110
986350,1391401,1587431,1544063,356442,5891544,735313,766713,484376,537531,1123578,878705,3247
1317179,1479529,1631736,993240,235183,5083298,696856,727226,494018,543249,1519175,2546085,4977
1601263,1627388,1987913,1532647,231386,5033485,265760,515178,441250,552663,1544642,2484922,6299
1711777,1860586,2121698,1634029,353360,5937478,725033,520385,477246,465854,1194497,1670927,6327
1291597,1703936,2057910,1849470,447136,6475791,909825,954977,577677,645332,1497556,900377,3235
1358520,1620951,1655439,1045054,225783,5412670,716053,748090,547722,598265,1574072,2369579,4718
1626773,1678279,2036155,1558841,239093,5023046,272520,511024,438823,552998,1504738,2454191,6143
1935631,1747429,2339408,1784965,434108,6492917,701044,744592,430683,480856,1149906,2499563,7571
1285625,1664846,2014339,1536071,345764,5836395,717988,749736,488286,470704,752681,902793,4652
1292537,1248046,1611859,1263504,341673,6401567,909986,950850,547118,616840,1921375,2540227,4806
1572342,1624598,1987117,1476076,232998,4399826,287642,521529,504905,572884,1563181,2433685,5851
1627126,1615082,1980512,1526319,337471,5835597,533738,515801,378391,481607,1082709,2332045,6178
1242159,1692205,2022940,1545527,338184,5947867,699684,741239,499144,496543,777400,882656,4578
984859,1299927,1658915,1318248,358070,6079116,740625,775608,511388,561572,1528043,1606732,3238
1658180,1505590,1646075,1293981,125924,5253731,479351,720069,503137,552379,1506536,2475125,6710
1892332,1830205,2368154,1781513,444345,5816881,719092,522493,441176,494923,1554260,3305174,7519
1272356,1636815,2020834,1553711,350918,5797404,724880,757700,489748,544834,768578,879339,3286
969819,1368521,1555503,1287724,333443,5882633,680578,709800,518253,570017,1557943,1749174,3579
1594614,1450208,1580003,1236606,121818,5023854,496410,758632,492887,549892,1525441,2442048,5925
1631197,1575357,2002132,1524267,349843,5117350,499305,285709,423619,476670,1449649,2406959,6100
1574853,1827911,2375705,1767208,435621,6370685,896398,950279,479015,540921,757180,1659812,4575
999049,1313964,1196809,1273053,356695,5966793,737777,770405,502123,547362,1498945,1612338,3271
1641599,1707856,2432567,1588972,240850,5449527,711122,956460,546495,622257,1894216,2495118,6025
1536830,1663940,1948594,1512406,321858,5186193,493127,284578,456660,505129,1526167,2421804,6274
1885150,1828681,2411333,1833197,461046,6505345,950160,992290,439639,477967,762581,1810640,6095
928692,1497818,1611439,1573331,456748,6444430,919654,961282,563135,633585,1581154,1703338,3196
1602154,1595075,1955698,1214590,122713,4314028,497536,758434,490109,553336,1532243,2411696,5823
1559502,1693243,2051841,1578824,352455,5889584,500932,286559,394259,493270,1474192,2399228,5984
1671744,1648101,2005521,1527954,338089,5807041,700748,739020,501083,486669,761708,887942,4847
951084,1447458,1604078,1545277,352110,5906187,725609,756713,497908,549477,1390607,876615,3217
1619518,1654152,2032737,1259302,241416,5008529,711914,954781,547270,602572,1862326,3285202,6362
1647032,1634889,2008368,1549858,336464,5909591,493725,281339,400467,508502,1578398,2523734,6534
1565390,1654628,2005363,1550353,346800,5943764,715103,746943,492543,480148,755067,890324,4526
960103,1255814,1606537,1524645,343035,5674682,695720,727088,499313,556804,1532585,885317,3155
1586417,1457872,1615005,995424,124350,5168850,724659,755101,503039,556440,1539589,2441007,6060
1603658,1679738,2044093,1558302,339427,5116460,269407,304439,429225,539397,1466310,2434020,6293
1935525,1974610,2434136,1825670,439375,6457609,903786,754083,531669,534424,1192091,1687064,6205
1006362,1377045,1652672,1592692,351494,6041992,728829,763133,541147,592614,1563796,921868,3430
1328321,1488166,1307835,1080035,239061,6059517,693786,726133,552872,610051,1610738,2533919,4909
1588010,1694605,2018220,1556360,234384,4522091,272014,520694,521829,579255,1585394,2444631,6147
1698158,1751655,2070636,1587767,351645,5941838,727459,515398,415409,455241,1165957,2397729,6146
1619252,2004692,2859971,2140232,546821,7269525,1113485,962074,591204,635551,1589043,1646209,4908
1352501,1445939,1262998,1040293,236279,5934828,725838,760452,531103,590146,1571796,2426296,4792
1691098,1841784,2104703,1625772,238657,4444546,275470,515765,546625,603946,1574463,2506127,6518
1672418,1678002,2015417,1562545,337167,5983883,709912,507449,413909,453177,1227325,2576245,6504
1245599,1715216,2042652,1586942,357161,5935230,736962,769616,530090,572632,772532,882484,3184
1328197,1333162,1676545,1575311,343515,6632091,917079,955927,577395,635757,1946627,1709421,4753
1534903,1665499,1989618,1267591,161387,4477267,500745,654926,500500,560662,1491480,2335695,6281
1612952,1672334,2049696,1568503,356632,5831640,495423,282395,391604,502885,1500997,2468374,6363
1599108,1726810,2030630,1547746,337547,5802534,702184,743097,516509,507093,782592,888726,4642
935189,1234145,1594141,1543354,345684,5916901,715505,748758,507995,559170,1493506,865263,3140
1608167,1517422,1630702,998839,124079,5249711,705098,729165,516098,561935,1528249,2498481,6375
1931029,1781230,2338144,1768203,443811,5771394,492932,518390,435208,546003,1534656,3253103,7284
1392995,1710876,2034138,1566662,342493,6011052,707228,734625,507049,492292,767700,882724,4555
970450,1272760,1646521,1534520,340807,5707089,695655,725679,495767,540600,1533674,898725,3388
1562081,1526709,1643442,1020404,126526,5225888,732780,765387,520986,580773,1549393,2425772,6110
1596097,1738384,2070995,1597387,352153,5195763,269591,281807,462831,579183,1528300,2465777,6456
1938825,2059327,2813901,2072887,544798,6425747,928927,985816,584638,571494,1169438,2505167,7968
977265,1302184,1595198,1256340,350058,5769300,725188,757339,510570,558962,1493062,1636618,3218
1588824,1501720,1619646,1130959,122975,5059377,524532,728986,497449,547118,1517087,2512390,6456
1580242,1623401,1991066,1527050,337588,5115526,271780,285857,451534,550747,1545124,2467194,6049
1583092,1673891,2044993,1565242,351467,5774430,724827,753825,434654,414436,749197,1642454,6216
1282364,1663021,2016159,1816510,445728,6343611,919580,975422,575594,640814,1188323,917989,3434
1280212,1533249,1633356,1008770,234629,5259173,722212,752102,548143,577630,1507210,2369263,4626
1657001,1630020,2048731,1556272,238769,5116878,272582,518508,440017,536688,1510312,2518561,6218
1596244,1617342,1999404,1536595,336880,5733744,710824,516688,415103,426049,1153641,1797865,6195
1239078,1628944,2025703,1576164,350592,5965362,725444,758548,503965,552600,776863,854657,3140
1344105,1527395,1651575,1299096,345578,5825849,908316,947714,549631,604846,1898262,2585254,5154
1553536,1670200,2008442,1549040,232023,5137594,265994,515427,460859,571478,1554879,2440130,5998
1626357,1708303,2104341,1604440,345036,5846936,712773,511361,448478,430321,1135816,1700538,6392
1332654,1377271,1988221,1493604,330107,5546970,686622,726135,470553,512858,1119844,945115,3134
1341285,1305169,1252512,1299665,242716,5915595,727115,759157,533476,566222,1546353,1672278,4146
2051627,1793658,2431850,1549340,258230,5036022,489814,667822,497351,603193,1842864,3198335,7206
1999475,1758808,2350289,1758714,438115,6185833,705311,508885,431452,487435,1521200,2516097,7266
1603997,1611647,2377076,1539432,348318,5703116,924009,963190,547265,604835,1424241,1536985,4366
1405936,1263107,1205827,1251547,226055,5650945,668360,697281,479521,534939,1476826,1717123,4764
1621392,1549805,1957125,1216135,226565,4091438,481701,503514,478939,528275,1506167,2454167,5759
1656374,1569256,1993952,1513255,342010,5521732,481386,496181,369107,455172,1087448,2416787,6053
1558588,1592625,2334144,1720897,421906,6114069,864034,911815,542513,531642,1119394,890693,4324
1294937,1199302,1156473,1219180,234022,5533391,716242,744495,473638,531353,1475475,1601568,3919
1634048,1553487,1975514,1238934,234145,4224033,468634,485377,486762,532460,1467907,2426798,5988
1622669,1568233,1899986,1460534,326314,5483055,463023,489078,375219,473272,1122738,2458740,5915
1259971,1549557,1885107,1452964,334708,5518214,687089,718576,466300,453088,698332,809693,4213
1300265,1175496,1520583,1177928,330416,5873143,868956,908177,522705,585379,1833853,2438742,4412
1532309,1362173,1668477,1136017,110334,4606522,469842,728657,472871,527257,1467577,2337678,5566
1585416,1604833,1941260,1499349,339342,4879747,462125,247618,437496,475457,1461068,2343175,5639
1573329,1548914,1818117,1389023,317200,5414576,659415,697380,423942,461593,702958,1572067,3963
918445,1388843,1499374,1438418,332594,5441507,684399,714352,477754,522626,1026663,772605,2707
1587173,1544738,1909957,1182613,220038,4830160,664004,909195,525908,577088,1798423,3162111,5880
1589655,1606771,1898292,1453290,323325,5520851,665141,704426,423081,405206,725847,1643115,5834
1060037,1426107,1877263,1452812,328608,5446372,679960,712685,520212,548620,1099107,781628,2741
1613334,1414966,1466186,1429207,222786,5357104,670581,890971,543954,589726,1796901,2296104,5739
1579479,1567096,1780563,1121799,207002,4073643,447556,472200,488789,531211,1428025,2247974,5243
1545833,1544099,1852005,1436074,330390,5479668,452349,472443,364940,469526,1065647,2207017,5575
1246243,1603309,2275757,1691752,426909,5925322,854758,892730,536438,527484,1066285,745845,3961
1223077,1232238,1082756,891593,216394,5400079,678771,706654,488143,531174,1454450,2255752,3857
1566816,1614623,1916131,1382919,224238,4177509,256265,475062,488262,538591,1423855,2299020,5630
1568250,1566611,1854692,1426514,310116,5412252,451529,468474,376472,473986,1092350,2365258,5950
1202523,1584600,1863617,1435651,338671,5480777,695556,726323,491711,471470,697385,758020,3885
884697,1458111,1483547,1440456,435340,5990719,864555,903531,538559,590441,1458759,1550884,2499
1537000,1533403,1841628,1138243,106152,4142843,466915,728420,495950,542460,1495953,2341551,5307
1564502,1579887,1882323,1446407,333988,5447982,459461,240814,385572,475189,1423668,2237993,5348
1586626,1594082,1869857,1419815,322660,5355124,659751,690352,467380,473183,706361,793411,4276
950637,1542320,1470598,1457831,313378,5591784,649914,679261,544316,581648,1200240,762613,2458
1633712,1710125,1896726,1201160,228613,4810444,679049,913962,551496,608758,1823134,3095606,5589
1626181,1620285,1862648,1445668,316706,5638589,446905,247358,413645,496765,1510827,2360229,5628
1573336,1656561,1924265,1500526,337327,5709547,692436,723172,517727,488965,761104,771847,3985
1248497,1283485,1486012,1460718,332446,6079161,866767,905586,557708,612282,1834734,1495892,3642
1510255,1351461,1439558,890254,106624,4737545,683097,717203,489310,533667,1484894,2312283,5290
1555233,1596617,1868132,1427105,277836,4873560,229865,327690,418120,519959,1358690,2187992,5818
1909866,1731799,2250388,1673404,428444,5794649,869512,689323,472044,461508,1087082,1570389,5563
911063,1218958,1441383,1405856,329803,5494940,689161,718821,494561,544191,1458683,752211,2599
1575277,1419013,1439328,896406,107865,4831962,663009,680823,489984,531764,1424177,2287857,5454
1561735,1598657,1862412,1428528,323089,4869607,236532,248872,443893,548339,1505415,2392485,5608
1531450,1604063,1839804,1424476,328226,5368422,674748,704432,441438,415681,698015,1444991,5253
1079196,1423803,1832131,1692840,425916,5955748,846112,882305,533010,577192,1446436,733974,2673
1529541,1446441,1455109,892714,106103,4692844,670690,704006,500653,552109,1464674,2296677,5443
1568858,1668329,1926379,1494778,335465,4847925,231426,241141,460306,559298,1469277,2268687,5574
1607368,1652709,1891632,1420644,323444,5396026,660465,691009,436230,412153,701811,1570967,5606
932294,1427190,1854979,1451171,332824,5624442,692879,724535,516510,567022,1128339,756516,2455
1596448,1521534,1519628,1075960,221499,5442293,704158,921697,568446,617617,1813609,3079401,5447
1589387,1526478,1784876,1381996,212831,3977047,236426,461907,467300,511025,1421799,2265177,5567
1875761,1606349,1899428,1462760,335954,6206983,916317,719276,420964,462334,1405849,2938824,6649
1279934,1605715,1879208,1432119,320202,5384718,646997,675891,489118,538473,708379,754162,2657
904918,1235161,1059449,1125139,426023,6084221,900138,941393,570442,622138,1857821,2233624,2432
1898903,1767524,2263475,1425246,220500,4685205,461594,707064,480322,588673,1760575,3065038,6837
1608033,1511742,1807669,1375359,312494,5328714,649707,477375,405894,410378,1070376,1615177,5605
1229918,1623003,1815396,1414944,316319,5447001,653784,683435,502620,548256,724600,739344,2531
906213,1216462,1494907,1447620,330110,5419735,661631,691513,485814,530026,1473652,760632,2648
1591554,1371315,1464220,906126,110964,4745049,673861,706379,494849,541894,1447830,2279838,5539
1598173,1600648,1901163,1457228,326934,4885921,237993,248832,422138,528791,1405788,2250529,5939
1595702,1740536,2261228,1673231,432976,5981841,881059,924472,498887,479249,711191,1608350,5845
923702,1183598,1457157,1183316,335553,5529323,701365,734828,488043,534189,1478603,1506562,2685
1609628,1433503,1485926,984798,116254,4909220,595579,674672,488911,535458,1388655,2222420,5680
1627113,1587348,1922932,1483661,327448,5024239,258459,270990,445871,546896,1501396,2469115,6177
1585927,1623437,1904884,1476790,335071,5512353,690151,718695,452667,422150,733933,1497527,5753
992168,1513970,1996927,1543004,449688,6438831,890613,929731,590918,647031,1562765,1671881,2841
1654034,1566673,1600050,1271709,119568,5061039,483412,745014,542715,599946,1580220,2444625,5967
1698011,1745592,2072890,1591576,357265,5270672,495202,282519,476364,516116,1536260,2424273,6223
1680043,1641637,1984933,1528728,322088,5729373,663650,694923,477185,451561,828414,1689796,6073
1048609,1577372,1953264,1516585,332902,5921868,697006,727524,530336,579767,1170467,887964,3171
1659213,1544229,1817850,1541338,333800,6399182,899679,1143589,634141,694239,2203400,3198384,6185
1716185,1834870,2061287,1596556,338079,5242123,481707,283118,518028,560126,1612244,2526576,6258
1676506,1751922,2058994,1593443,346220,5874848,714824,518938,492480,472090,1157203,1607494,6116
1388967,1599755,2045789,1555167,332094,5782950,678990,707962,538130,585915,1172859,904377,3586
1156590,1424510,1270864,1329535,272247,6032022,699777,728813,565607,628502,1595493,1593495,3514
2006155,1856276,2469055,1596441,235114,5193097,498842,746897,537513,633049,1872099,3186848,7853
1702710,1705263,2016056,1549152,329569,5799798,685146,505539,502112,457356,1180792,1685701,6527
1309510,1530722,2016120,1561731,347910,5885335,720631,751374,535018,579058,1170794,889096,3291
1378023,1443662,1292768,1346506,238469,5824768,705374,731204,557543,603519,1583899,1711104,5091
1621236,1628316,1961399,1247404,228802,4262248,492219,520170,522257,576331,1569075,2490846,6333
1634993,1623347,1979325,1535858,341283,5753930,488884,478960,406860,490808,1213955,2302251,6143
1642797,1609398,2403411,1777812,449580,6194606,907283,947742,549362,541217,1159390,873845,4734
1294647,1316847,1222726,1259119,233878,5622760,723967,753963,522976,576387,1540260,1662909,4593
1663995,1657981,2017544,1251945,235853,4258496,493325,511812,495198,547128,1468825,2430338,6117
1680240,1593794,1994055,1512807,333266,5745896,487218,513851,375401,493693,1156950,2517139,6442
1307901,1638736,1999555,1544690,345860,5774196,715935,750238,523348,486299,783087,893974,4995
1316225,1433594,1980056,1608997,453750,6938855,1124577,1159224,619052,673248,1887031,2399493,4825
1564020,1445261,1587378,1233142,123155,4906221,476392,725491,518849,576256,1496240,2312031,5761
1675961,1623178,2035947,1567530,350034,5109307,497451,279573,466611,499106,1498150,2391403,6096
1687434,1610209,1989911,1508329,332577,5661623,686828,720849,455733,494038,776761,1675152,4991
988841,1473709,1579310,1509593,337609,5718986,701295,730954,511614,554835,1149896,889710,3345
1654575,1628568,1985015,1255402,234754,4946361,695970,945888,561047,624098,1850405,3211601,6094
1672040,1639292,2015818,1544594,336717,5463246,487644,279149,422448,511542,1582968,2567083,6662
1611388,1592506,1949030,1521450,330041,5838376,688504,719443,453745,489172,793931,1331723,4908
976921,1497820,1603053,1524436,333589,5553138,675064,707771,505405,558939,1155634,868606,3145
1247456,1420374,1559579,969949,228778,5007995,709928,742139,507108,555979,1529481,2421640,4742
1633990,1690362,2023517,1564615,234282,5083212,261500,497113,475840,567883,1483512,2357798,6308
2030096,1804005,2372089,1771283,442660,6132846,906309,727001,513080,491876,1191723,1696970,6050
1011791,1462759,1656071,1590801,344995,5794286,720232,752885,563958,617826,1600867,869631,3029
1482198,1558108,1650778,1008349,168491,4972117,682546,703767,534798,588084,1497798,2358263,5014
2022163,1900355,2394109,1823598,331481,5707876,477626,737493,550996,597270,1633125,2540954,7683
1677718,1663605,1992790,1541353,338700,5704819,704506,516892,483910,458280,1127012,1548697,5941
1318115,1487983,1978901,1810816,441979,6180824,882051,922803,570257,630063,1525759,832440,2838
1933360,1635208,1942674,1239332,215394,5604066,908753,951024,568080,559054,1505626,2394503,7230
1629990,1660035,2013144,1558591,341183,5022994,257717,269010,455095,563068,1498656,2350070,6114
1669989,1652332,2027421,1537398,334375,5579464,686647,667091,471695,439451,940513,1715572,6642
1292039,1459292,1965046,1504438,342835,5654301,720390,754954,507807,549762,1149706,897991,3386
1650967,1457065,1578267,1258975,236222,5404891,933552,962785,551857,612891,1860544,2455202,6156
1627566,1669354,2011376,1539958,338291,4912693,263493,276545,467967,574615,1575356,2566444,6215
1615159,1665926,2021444,1555046,345272,5763481,710754,515290,400423,439685,1127669,2361951,6266
1297558,1710045,1961691,1485765,325429,5394033,665017,694945,498157,549859,761912,878344,3249
962993,1279809,1302584,1236181,338872,5556227,713880,744554,485669,547411,1501732,1622437,3285
2010269,1640216,2006216,1542726,236686,4939082,480281,717405,546488,607335,1807798,3159108,7876
1651849,1603673,1951838,1483883,333352,5522333,691363,504438,384850,418501,1148689,2566909,6669
1265362,1703051,1974549,1536423,345925,5664816,716625,749443,525963,562924,757314,868721,3150
961247,1266583,1168237,1236164,342959,5449941,693427,719973,492525,545014,1479016,1655773,3137
1594410,1395498,1544902,973327,122847,4864105,725600,757190,523008,551009,1561172,2443170,5874
1686828,1586544,2022432,1561724,345039,5108807,271362,298614,433479,532743,1486317,2434972,6162
1997006,1817587,2350971,1753078,431473,6189602,885575,724150,491759,485369,1139067,1681486,6282
2276515,1851847,2800958,2423720,664049,9439185,1399250,1460834,630123,764374,2338603,2696965,9773
1657012,1490260,1614966,1009517,124377,5116371,703424,725395,526309,578125,1533638,2423603,6408
1620510,1691349,2043066,1573150,335384,5155848,267231,279331,468356,586387,1590459,2524919,6368
1618511,1744289,2076744,1629145,350674,6084013,731448,764579,478502,459829,807801,1608409,6416
1004072,1472581,2047764,1795076,443113,6348702,894321,933271,560473,613807,1515185,1076978,3419
1271188,1298132,1232989,1003561,234989,5705915,728177,760583,514603,560318,1551740,2412660,4611
1665133,1707180,2101205,1620285,235687,4510582,266196,511557,525990,584217,1557164,2499429,6929
1642221,1692631,2032156,1572137,331617,5866979,694575,503103,390927,435726,1181538,2505044,6304
1287223,1680251,2032148,1574627,350603,5784243,726441,759263,518854,556972,761815,875141,3155
1316251,1495895,1641287,1296728,347709,5728562,920967,950886,577041,638174,1926478,2494246,5055
1614176,1659497,1984238,1533314,215367,4413696,266543,521476,506352,569053,1545915,2415600,6306
1651788,1658517,2060176,1584068,348472,5840964,725137,515271,395150,427505,1151619,2399075,6360
1302942,1679038,2037857,1550624,336273,5599855,695676,728417,515673,567806,775673,891568,3274
1022589,1262333,1213280,1266561,337339,5854495,719016,751072,528757,581600,1573667,1631453,3340
1959057,2117195,2545013,1640521,240686,5366223,500052,747776,574194,692044,1976760,3240928,7578
1723943,1750468,2092187,1608343,339004,5854795,705080,514871,481645,467301,1239625,1755530,6532
1364496,1765190,2035963,1608187,338256,6040851,703676,733619,556540,612659,1028132,889081,3089
1356425,1561757,1669753,1616340,453112,5687529,708714,731724,591761,643986,1922645,2454866,5141
1667071,1848843,2082527,1348337,126243,4493171,494777,762478,557744,623405,1648070,2516903,6273
1678419,1824723,2134738,1653671,351567,5950559,498477,279326,430375,533160,1575225,2412040,6301
1734224,1780871,2515231,1885279,446405,6445082,912456,955290,608386,606294,1231394,919349,4935
1284666,1420190,1271775,1327673,234916,5938923,732203,767084,541364,605467,1607444,1649811,4382
1663308,1695794,2071722,1305582,222362,4517971,494244,536905,515373,571076,1532060,2456570,6434
1669677,1641811,2022462,1542560,335793,5768286,485413,283525,405623,511913,1596547,2584281,6625
1561224,1667752,2018604,1565804,350633,5832674,728882,759984,519975,508266,791952,882005,4504
1327545,1307279,1652239,1592493,348028,6399588,920868,951988,574828,630747,1930634,1709772,4965
1611830,1656877,2007366,1257934,229637,4303835,483284,507950,522276,580903,1585212,2474329,6333
1625904,1685673,2067095,1591100,349483,5793397,495949,517285,398677,502615,1150155,2406231,6228
1418417,1767401,2111192,1609038,338159,5863936,702040,734822,533477,525863,827444,920686,5079
984434,1283927,1617461,1508068,328832,5708236,697572,728313,512939,568768,1508878,906798,3072
2002335,1851587,2107695,1357237,237685,5263737,721295,743655,595898,661446,1923705,3225967,7669
2036300,1973929,2496547,1603055,337515,5994458,714265,758716,487208,603109,1658688,3443788,8001
1334876,1773355,2083699,1626351,348591,5928653,721221,753521,561650,542027,846569,912574,4682
996999,1279234,1638591,1289818,347397,5679900,705874,728684,500907,561889,1530962,1692905,3439
1915141,1639456,1989468,1508811,124760,5095097,500889,986568,585568,638929,1958192,3199667,7163
1582328,1666683,2002907,1557255,335528,5006320,320302,277146,451223,557669,1462947,2275153,5991
1666330,1838950,2448126,1823470,447084,6195992,911698,953722,498682,498065,779332,1714734,6235
954541,1301302,1621495,1277181,342897,5717046,725469,758054,527812,579865,1562290,1629979,3139
1661770,1486493,1637654,1283704,123020,5064311,482244,730230,516154,570856,1518497,2433628,6375
1627180,1672220,2018709,1534179,330615,4930564,487063,281749,462597,502884,1567883,2538296,6315
1629105,1658104,2032816,1564692,349500,5833613,727884,764409,460473,505718,791750,1632651,4804
998806,1483020,1918985,1588252,449670,6466787,901732,932350,577095,633958,1522840,1681077,3337
1602275,1410330,1613443,1278048,125003,5131286,495433,762021,512569,563423,1578183,2491999,6072
1631562,1694417,2073226,1594480,349187,5222324,495718,277849,455474,501341,1501847,2384307,6180
1684387,1691781,2107357,1608867,337756,5851327,697229,728250,459597,505819,791545,1747788,5362
989039,1444600,1635380,1577699,344028,5961710,727178,760498,527506,587606,1178297,870783,3244
1626702,1679910,2068745,1299336,236711,5198989,717945,972197,574292,628556,1883503,3216351,6268
1656804,1717726,2032859,1550044,334881,5156237,486947,279118,460060,515836,1580503,2560414,6454
1622191,1584633,2022733,1587273,352656,5893188,726899,761434,448216,491572,790844,1648742,4848
1010734,1385279,1578606,1535440,344242,5597887,696180,719090,481506,527151,1138769,879197,3297
1658463,1564902,1971994,1240799,231295,4970402,720926,983046,553068,613846,1942878,3224631,6190
1999046,1759019,2418906,1800872,349392,5571496,498994,517370,409347,519211,1829058,3131716,7564
1708766,1565012,1956616,1481183,328244,5405723,688078,729456,425912,407443,763937,1741859,6649
1132581,1350455,1900828,1485831,332948,5763607,699332,731270,494384,539868,1112600,890507,3203
1370680,1205917,1178523,1241146,232180,5621705,701922,723869,489799,537973,1496587,1687766,4676
1651386,1560124,1953349,1224836,230665,4150217,491920,520456,482256,535592,1528416,2481114,5989
1660677,1569803,2018502,1552348,348484,5668867,504513,529818,354511,474002,1133882,2370726,6489
1355881,1648703,2408745,1804237,434805,6204711,879026,918810,540856,539087,1103193,888507,4931
1315815,1197756,1172192,952875,232535,5599208,726226,759096,481237,549901,1546503,2448984,4641
1719066,1530780,1985351,1458305,236580,4123650,287852,502882,467243,517503,1448248,2392240,6326
1729619,1538407,1954354,1484760,319408,5574311,515587,509698,372708,466418,1126894,2469619,6577
1343866,1488930,1933244,1492408,347656,5634191,726307,759502,470339,463539,743419,892962,4477
1363152,1213942,1613168,1255097,347942,6231419,920323,951074,535806,600490,1858279,2441577,4610
1638822,1579347,1969995,1494046,227798,4127371,268042,517511,487171,542703,1550155,2499338,5907
1666525,1588088,1975451,1538230,344226,5690395,721249,524776,356622,400470,1087664,2327820,6222
1405813,1593956,2028160,1525987,343856,5498082,698875,734713,468617,520258,745761,928024,3784
1003881,1195489,1468904,1216932,327092,5607866,698713,730244,463134,533601,1490214,1663667,3190
2319213,1578016,2081240,1506419,230336,5496322,670702,925757,585032,641658,2089620,3677826,8527
1712434,1531124,1934132,1479484,324113,5526895,677536,498908,362998,393762,1130861,2468773,6295
1322941,1507453,1932123,1495435,341386,5724781,718983,750762,479173,533676,748358,867495,3101
1002394,1201943,1176788,1234364,349681,5645508,715725,738681,467816,518149,1480409,1649105,3172
1671835,1581363,1947925,1231546,125532,4323816,480113,741379,473816,522000,1520789,2477051,6183
1595854,1579057,1936306,1507365,330500,4980437,489880,283821,416473,469615,1406421,2219452,5933
1932367,1685468,2259934,1706780,348787,5740368,491833,459343,414116,535695,1863795,3119883,7145
1679135,1567998,1984350,1522052,349973,5672815,725992,746815,403049,383661,723811,1631518,6213
1862602,1987316,3011249,1850690,434565,6610262,930587,983269,584269,769533,2083996,2591674,7588
1344356,1197266,1186553,964150,233536,5770363,728723,761798,501304,564898,1524017,2388028,4900
1734278,1585420,1994189,1509118,235603,4259135,270630,508728,458872,522545,1465434,2460163,6280
2055937,1755365,2351091,1775499,437371,6129181,889792,750763,429936,471584,1165326,2530560,7820
1015233,1357608,1990584,1548356,349116,5618608,727784,760823,480281,528737,1118445,898149,3156
1334424,1134930,1172559,952801,231015,5432543,675696,708198,486021,529458,1503747,2459935,4809
2007791,1698108,2316077,1743600,327941,4795231,505281,529020,487995,547490,1906165,3111292,6997
1711980,1551837,2016329,1552757,346315,5806373,732464,520687,355534,386541,1118508,2420205,6351
1355909,1535718,2096575,1777807,437285,6218138,907650,961535,530073,598031,1151466,915400,3529
1629586,1377894,1575601,1230774,334639,6295892,928996,973369,538244,605849,1494307,2357592,4705
1705121,1611334,2022031,1543441,235182,4268924,272486,512245,470175,528184,1498651,2475240,6461
2056691,1800927,2444997,1860989,441622,6610998,938607,760598,355560,397736,1150858,3349247,8328
1334321,1617900,1998021,1556396,337724,5754453,707724,740095,486628,541414,733328,869237,3260
1352222,1366537,1592398,1231613,336322,5488947,903867,945182,512312,579939,1871922,2472636,4801
1637653,1545500,1980060,1246727,223257,4669019,506449,546843,490541,562699,1546226,2408368,6315
1688886,1583016,1977577,1508696,327880,5637425,451983,305417,352570,467372,1387497,2312833,6410
1698299,1574751,1960501,1478172,331311,5581338,703227,745065,473332,475198,761785,889701,4618
961432,1196105,1552632,1521822,348203,5754321,729894,763211,473796,531220,1496541,874214,3068
1727012,1387185,1582297,960369,125417,5055328,695924,720685,472388,527874,1473789,2441367,6466
1986634,1706741,2353363,1777263,438814,5654379,495377,525523,409241,529257,1530546,3247864,7637
1392930,1529991,2015546,1548543,347173,5603106,728776,756582,460800,445498,738804,889684,4784
1047286,1159051,1635615,1481313,322747,5669751,669691,697520,494641,536329,1528580,1152048,3624
1687437,1329405,1579974,969834,125154,4981677,729190,760338,481251,526637,1527461,2432302,6279
1740966,1552547,1994566,1541415,345794,5210311,274551,286655,413780,523911,1482687,2437407,6447
1657310,1701247,2342764,1747967,426511,6218763,899377,954766,476535,455538,745808,1691196,5981
1299604,1377058,1944830,1499995,436310,6393159,916179,959971,465533,521150,1475929,2261163,4653
1709909,1424554,1602622,1256189,125631,4958406,490271,721686,473669,531512,1485190,2451228,6396
1640647,1530969,1905514,1475621,314466,4853578,380944,284961,416140,520925,1462508,2331654,6048
7526445,2017609,10690215,7881351,1815682,16138234,3178623,3269669,482245,552397,4893516,10948440,11890
1033401,1438815,2018318,1529276,430819,6137607,890347,933568,544593,609144,1505312,1696504,3449
1623829,1361226,1542032,1201369,122845,5035712,487562,738402,484585,552281,1507470,2353830,6034
1724727,1583099,2020853,1571002,350706,5177446,503278,290368,414457,473408,1501153,2439824,6368
1737262,1542565,1974536,1503365,327728,5725728,692748,733922,428742,479345,756343,1695664,4946
1021226,1348778,1745397,1529701,346938,5728621,729660,762547,476575,534179,1132732,892643,3363
1727478,1361367,1568819,1236856,229431,5540041,695235,932498,500447,560006,1830664,3228236,6511
1690545,1515580,1953692,1503600,328739,4886068,481257,279890,426821,463337,1522563,2451469,6169
1704722,1576715,2058226,1586049,346503,5784238,726649,758081,433936,471211,766575,1642013,4957
1031204,1397292,1615664,1523217,326291,5654282,678489,708869,484659,540296,1150770,910397,3250
1320550,1354874,1589395,966046,231226,5029136,725937,761045,482800,540506,1529218,2403364,4508
1704542,1614162,2036870,1571410,235941,4770033,271346,513703,464029,541914,1496438,2434077,6210
2066643,1731615,2341527,1752668,434459,6186372,917719,752900,431405,479673,1111096,2462096,6236
1012439,1324732,1543841,1498040,341300,5581870,716061,751141,462478,525562,1112224,896786,3285
1700931,1630428,2023288,1271179,335798,5773812,907347,731943,490583,555886,1910400,3223244,6146
1687233,1496144,1910748,1469546,223935,4932036,270976,500314,423999,541117,1510858,2367110,6129
1661932,1549153,1983769,1538914,341582,5706075,716361,506089,404215,384793,1107488,1596192,5798
1373850,1432459,2037638,1832831,443480,6311250,913445,954774,545784,607819,1495770,865269,3202
3896134,1580161,6237114,4676155,1080605,11373672,2120257,2077439,510748,609383,2947238,5254527,7649
1701880,1549051,2017952,1554986,235198,5046294,267341,509904,418138,525484,1485688,2404686,6169
1716805,1574798,2018178,1557975,336313,5882345,710038,518835,433944,409251,1186856,1730127,6450
1354777,1346631,1969915,1553098,336103,5844320,703864,735682,502735,554904,1160022,903108,3313
1734918,1394133,1581535,1225951,228276,5495058,881998,912590,523583,585260,1812506,2406787,6455
1678692,1534240,1960357,1500497,332489,5045428,271139,288001,428413,546141,1560751,2474583,6126
1663768,1611472,1993777,1536770,331740,5839766,695603,600626,429534,412946,981205,1521832,5958
1409573,1497842,2062313,1552542,328706,5734088,682328,712880,490224,555008,1155396,897197,3460
1350031,1189399,1189565,1237541,231485,5726473,715284,747941,468871,527527,1501969,1610078,4652
1711290,1607887,2006639,1264032,235480,4375766,479431,496313,462442,529421,1475754,2395645,6296
2313755,1968882,2765298,1778611,437615,6184709,921565,979696,468457,537103,1535886,3330716,8798
1024587,1411792,1985008,1525065,346911,5785388,730344,763633,475731,526617,1102299,895669,3316
1355170,1192202,1181437,1125216,228016,5599707,682197,707922,461765,516532,1459471,2149429,4908
1969345,1741597,2338939,1511089,325068,5042013,703111,523525,480844,537905,1895029,3166433,7077
1690165,1574540,2021261,1558641,347166,5858805,500314,519830,358409,462550,1103902,2359574,6133
1360505,1540529,2408430,1795204,437792,6243919,902277,942169,515143,526528,1138324,879564,4894
1328425,1178102,1186946,964029,227463,5519503,714222,746640,479349,529322,1496468,2360827,4577
1691812,1520169,1986045,1520643,234455,4250487,267202,508680,458930,513636,1477601,2414346,6094
1702483,1507346,1964828,1487159,334721,5657612,669311,516467,352961,451825,1142609,2533524,6032
1350290,1537741,1990082,1527138,347836,5824161,729531,761683,474066,461203,751724,891901,4698
1354380,1163369,1593733,1241894,343547,6155013,911104,944433,518130,584311,1865052,2447338,4657
1657844,1564184,1934857,1490992,222922,4199792,269208,512411,474336,541110,1506179,2417843,6245
1671111,1547972,1984525,1519187,342239,5682638,715800,517371,343554,393148,1092586,2345025,6303
1349827,1583797,1989053,1515856,325316,5464115,675758,705940,478150,537323,758736,863855,3131
1003045,1177007,1294809,1249541,341040,5567356,726520,761052,483635,524246,1520951,1626314,3102
2098842,1503784,1936332,1467253,229557,4886124,471508,696878,498093,556274,1734508,3026079,7667
1663160,1572071,1971536,1498853,332836,5561229,702683,512463,355996,399339,1138190,2502284,5946
1315267,1579862,1961152,1523341,337722,5846407,708199,739231,485334,541954,751899,883847,3099
1027864,1203396,1215539,1272367,335159,5638440,686708,711624,465913,519983,1463707,1643530,3568
1982488,1739319,2315517,1484380,214997,4888696,492762,748575,488621,615719,1878568,3130616,7415
1692300,1551041,2003788,1535293,345462,5428125,495656,278262,373311,462247,1464105,2380430,6202
1682097,1762656,2382200,1766386,426944,5972139,883268,923065,471493,535880,766735,1508952,4823
1026359,1243412,1212669,1258922,336789,5702527,719054,751043,509984,549750,1544077,1637236,3107
1686814,1583496,2011893,1264000,125046,4449977,495736,731674,492342,550154,1506788,2396049,6151
1687057,1553162,1971027,1487836,333387,5607385,486853,281867,355147,470206,1528120,2514226,5984
1650911,1578337,2029815,1566519,350785,6029309,735577,767151,462882,446578,727382,886977,4678
1055478,1203215,1570927,1524744,409928,6245344,880546,910728,513563,584161,1826392,1619284,3692
1617830,1657363,2025444,1282956,122434,4360414,492665,762317,527834,588626,1608515,2489459,6313
1583539,1651348,2034390,1573985,344927,5742456,498008,279589,388967,496990,1501678,2370394,6157
1646952,1662090,2028043,1551022,331900,5729307,689881,721063,507433,507057,783758,875831,4678
1003286,1233847,1614666,1555016,341741,5774797,728004,761783,518604,568657,1563591,860979,3117
2035477,1707246,2118132,1708797,350363,6298703,953184,982483,656408,731655,2317410,3187220,7820
1644460,1616505,2008352,1551384,319424,5866618,458113,401319,401260,511369,1386748,2445957,6471
1605958,1668418,2036965,1587347,347432,5879158,726837,759364,521238,504106,777191,874101,4803
1021801,1274129,1668316,1599758,346569,5846194,710868,736881,512898,575615,1569563,925595,3510
1669907,1400698,1619558,996493,122633,5098953,718500,763496,525850,573291,1600634,2476844,6186
1997509,1906818,2517199,1932762,455218,5995109,271141,280260,487381,652175,1871301,3086985,7879
1654049,1783842,2426297,1803096,441783,6163034,904256,944502,497122,494009,776638,1685886,6057
960024,1271810,1634298,1447129,344112,5854532,728380,761322,524638,579505,1555274,1385113,2859
1655140,1419827,1643167,1020006,125343,5199967,721568,743773,506831,563079,1515302,2427218,6149
1690025,1607153,2012112,1542098,333996,5121795,265432,279396,438137,564301,1561919,2540066,6301
1585112,1630884,2015469,1557689,348133,5729595,728807,763656,456828,428496,775717,1644470,6083
1019291,1381477,2038578,1580699,460209,6604565,930378,962666,561256,624344,1575120,1720483,3440
1633844,1420351,1604574,1269232,124007,5133494,495500,763901,511151,568395,1580710,2479696,6013
1638757,1638173,2072524,1603901,347672,5188371,475862,279432,458023,550659,1516105,2365726,5973
1680812,1616999,2055242,1553777,338030,5747060,700877,732021,432863,415036,760932,1747438,6631
950896,1444248,2006158,1548516,343614,5892257,727482,758901,508672,564335,1161010,875624,3137
1679911,1522219,1694773,1352910,238585,6125905,721055,974009,603742,660030,1920867,3224466,6395
1711139,1723242,2076860,1596220,335745,5314125,487808,282549,466017,527405,1621806,2546200,6330
1567631,1626477,2004972,1555210,349827,5896102,729339,762111,453287,488681,756148,1601013,4398
1016983,1417657,1782495,1880283,460231,6547871,925402,957635,562716,618728,1542633,886118,3238
1287767,1207744,1263578,1003504,231266,5812712,694087,732954,499308,558807,1526684,2388431,4522
2272227,2001401,2824435,2112768,438892,5133250,497981,516873,558340,614120,2148131,3717322,8703
1749071,1594709,2037837,1523802,332425,5753180,689280,721537,405759,454961,764802,1754570,5246
1013964,1400280,1590229,1518762,332968,5745720,707582,741064,496841,557550,1144198,886276,3328
1344441,1373644,1565733,962668,231616,5086652,698452,720472,471174,529855,1434039,2374185,4725
1670545,1545293,1960925,1502452,229782,4985886,268958,503301,429388,555280,1540149,2506841,6173
1600789,1531962,1896428,1473480,323920,5573197,675556,477404,360719,401294,1091742,1964459,5917
1343294,1589953,2027687,1822086,451914,6367997,907694,939273,537821,595938,1112494,865063,3184
1353216,1336626,1575827,984393,231002,5136742,713894,756231,476420,535157,1537942,2451995,4859
1712857,1566446,1997133,1538220,231504,5051043,269350,496505,420142,524346,1437665,2312229,6341
1732122,1555362,2032468,1521319,338079,5599304,700035,506667,420355,406973,1168759,1753169,6669
1340760,1332845,1957518,1507755,337417,5722334,716893,749265,482310,540627,1125435,871607,3150
1459279,1337505,1584034,1243257,274326,5536318,914984,942237,520523,573644,1792726,2333614,4704
1653880,1489362,1961789,1497104,229732,4888766,268742,513434,417629,516794,1534264,2522725,6074
1635107,1518473,1987183,1544862,349229,5800220,728527,522831,426844,406322,1128553,1604763,5946
1393089,1398764,2042105,1553103,347404,5807263,707903,733565,472959,530885,1120026,906635,3521
1370142,1173258,1186638,1231248,230893,5778368,710745,750429,451847,514128,1528637,1661183,4683
2004391,1772159,2460803,1558329,349279,5055092,500898,525417,469284,594349,1835432,3134918,7622
2055709,1742339,2396235,1778191,432605,5638101,699008,683451,471015,473638,1249990,2447031,7980
1344511,1383905,1990534,1535524,344285,5836033,729329,762225,487460,547384,1155604,880885,3108
1339477,1225713,1196642,1268776,236839,5828145,721345,743766,479852,543480,1484140,1645857,4528
1704284,1559139,1990159,1244538,229996,4442606,484553,511981,488997,543594,1536359,2535162,6329
1974729,1783430,2401120,1826951,458030,6646852,731131,762513,426131,488185,1136376,2339436,7428
1047451,1357825,2025183,1558956,348767,5652058,705456,731712,468585,530885,1119518,880863,3368
1349340,1152855,1210980,1062540,228604,5712368,707628,748285,484972,534572,1517999,2316890,4638
1705008,1577994,2040162,1293729,237281,4534609,493162,523734,492000,544782,1491534,2393240,6160
1673390,1703329,2085214,1573135,337844,5724670,483508,507295,411001,517203,1177531,2537217,6145
1310097,1570015,1992146,1540539,342212,5842631,728985,761084,500165,491214,760044,871370,4382
1327828,1245095,1602893,1276620,343260,6533245,936757,963548,553385,614183,1848116,2409608,4495
1633290,1653567,2034627,1551710,230744,4607199,270876,514864,489763,553565,1560174,2551768,6216
1589201,1562460,2002124,1551983,350268,5960051,712894,520929,385963,445626,1150442,2341449,5980
1280597,1655270,2035029,1578283,333275,5753224,675761,702902,499864,494740,777307,884284,4795
1012173,1259362,1633065,1289690,335538,5894898,720439,762256,514145,574970,1568810,1677572,3109
1650080,1618100,2049765,1302839,239077,5380818,732325,977174,561446,625070,1866376,3149850,6271
1685079,1631289,2049367,1564175,335756,5906422,484829,283905,399126,497319,1580067,2560306,6629
1892997,1870581,2416900,1574534,345171,5875016,928714,972473,592048,590029,1133577,1562599,5783
994386,1268531,1658432,1599073,348514,5923673,714053,736386,489199,555362,1521934,898359,3210
1383688,1470111,1634450,1036302,183646,5188225,681040,722890,534947,585777,1566436,2432037,4930
1952232,1812127,2434131,1874557,349876,5899529,501209,525250,453108,554118,1852137,3076028,7428
1636531,1647790,2041890,1572329,338288,5776030,690419,721590,501123,493056,779061,870214,4729
992340,1242257,1613755,1534395,340804,5828447,731140,763700,514286,563189,1563486,855162,2967
1669174,1445818,1645558,1023404,127705,5321261,734652,756072,505243,558914,1503347,2399855,6318
1668394,1648996,2029744,1545060,335759,5143724,269617,279753,442893,557284,1565013,2552083,6502
1580604,1627565,1962055,1526319,331515,5753441,696457,637979,451130,426823,954937,1537861,5854
1350664,1462624,2038899,1839060,461014,6401421,935761,963177,565080,633884,1535247,889529,3219
1603786,1390410,1602540,990408,125111,5164912,711747,754163,499638,550054,1570657,2534061,6143
1619480,1624421,2036564,1585283,350736,5210053,273444,285710,452994,568131,1503740,2317283,5853
1702572,1705785,2088024,1593072,343187,5946072,699408,731010,469832,455727,797629,1721586,6484
971908,1416817,2010404,1543126,339865,5869391,729048,761931,512376,564289,1164204,868233,3143
1995968,1643228,2085999,1472758,354923,6694692,1199197,1235155,637530,639250,1898838,3020317,7560
1688874,1669356,2065396,1577162,336464,5289437,273376,285002,459720,582875,1588578,2565648,6615
1926576,1660753,2064259,1612349,345139,6716277,939233,984511,553120,522241,1156724,2327608,7412
977760,1446455,2063439,1594852,349068,5940221,715531,737814,509873,569200,1143754,885164,3202
1310465,1236559,1212187,1024481,230909,5921566,711838,754424,524001,581128,1581974,2498624,4452
1928162,1836236,2467383,1892420,350056,5328606,476807,522984,515658,619109,1873511,3050495,7291
1659030,1607213,2065362,1576515,342682,5817405,699099,730550,446158,429684,767017,1682773,6185
1036209,1428971,2013917,1545830,340230,5891681,729732,761076,520813,579657,1179749,872945,3115
1334200,1246895,1248306,1028297,239188,6048601,733843,755079,517245,567646,1519399,2416218,4873
1667251,1649075,2033649,1552687,224543,4536479,273759,513614,498653,560098,1558593,2539848,6753
1903495,1775878,2385137,1811601,457903,6518342,955623,761625,445923,493192,1151814,2393544,5808
1002468,1469580,1692496,1578705,343150,5809960,704371,726711,517699,574566,1162043,873515,3091
1269117,1263049,1250989,1000544,228768,5700756,680859,721083,509354,575927,1523902,2409688,4637
1600355,1699962,2051579,1596362,237532,4594916,271879,523562,510162,562021,1508709,2329334,5833
1703557,1685891,2096044,1608952,342875,5887292,697926,504914,417234,457685,1189035,2532152,6418
1268886,1596073,2023753,1561862,335994,5978318,721988,756034,508525,570457,786709,877155,3106
1314617,1474161,1664375,1307290,348991,6083953,956697,983694,585540,638886,1879159,2396860,4770
1709393,1600964,2048046,1591865,232370,5261193,269958,509272,456334,572282,1607029,2555012,6485
1619822,1613592,1993906,1551670,335398,6044130,701752,489963,385877,439665,1152511,2107086,5939
1665534,1667499,2088631,1604222,349012,6592011,917150,946129,575267,619580,1124709,1603791,4750
1009737,1258200,1255412,1311405,334539,5892272,708609,749355,524163,583339,1597207,1715031,3422
1952829,1805376,2422323,1566952,235952,5086765,497813,749611,495829,606210,1843276,3043709,7534
1677260,1642055,2051710,1551212,341242,5733140,699374,507947,448707,437088,1172555,1726105,6460
1317696,1559317,2050108,1586073,338970,6041260,729332,762460,556291,617184,1225518,876838,3209
1097981,1260333,1247991,1319307,282940,6053564,697922,717721,527285,572152,1486093,1549930,3221
1720551,1645645,2084861,1322738,128483,4710651,494678,744530,511757,578350,1589288,2568400,6676
1957323,1818688,2436880,1864916,459756,6632100,731692,526398,466783,506141,1538728,2362591,7304
1308127,1485412,2082212,1617536,349734,5947698,713975,736241,504812,567127,1139479,868090,3195
1323293,1227252,1217553,1285781,230222,5915231,708955,750881,504819,563180,1580712,1722560,4866
1658476,1626259,2040025,1288825,235908,4458934,498123,520080,503966,552618,1494057,2354250,6110
1671975,1682234,2062536,1569138,343048,5721546,484161,460898,399944,504695,1301928,2552960,6482
1604067,1605742,2014682,1560791,340808,5920651,726088,757361,516412,503124,788999,866259,4452
1344371,1315653,1660092,1591757,350176,6573163,958360,987285,579011,634895,1867770,1661393,4645
1684227,1691471,2050480,1297820,228568,4632197,483823,511210,523522,583041,1586890,2531383,6339
1632759,1649362,2049085,1597570,345158,6192821,500264,521242,410935,512510,1186068,2396994,6193
1338380,1685043,2092998,1631314,350982,5903291,715137,736996,516074,515821,787378,874370,4835
1014154,1250861,1624555,1384914,432881,6528050,914655,969024,586751,643550,1967922,2337573,3273
1920237,1631878,2023152,1295561,237576,5239500,711567,750482,587094,647476,1877409,3048614,7236
1683076,1699202,2090992,1594909,342151,5839917,483043,504899,406000,511339,1184147,2530354,6174
1362165,1588922,2025603,1551137,337958,5854253,729567,764409,507747,492421,784256,882909,4659
1013486,1276238,1648628,1329353,344603,6089359,719674,740691,523286,575290,1505299,1650031,3182
1676944,1434895,1624155,1274953,123757,5232871,482989,735735,503280,566961,1570439,2545586,6457
1938223,1821739,2454990,1884203,462010,6102626,719273,524787,469941,532295,1562425,3159354,7453
1342746,1668189,2013334,1554692,334220,5842696,686003,707584,499992,516869,792100,873076,4576
993625,1264477,1626460,1296662,335307,5889306,710044,753357,529839,578137,1587792,1674475,3031
1617840,1483123,1652323,1334191,126005,5448577,502086,763974,532463,586915,1521873,2316220,5955
1720202,1625205,2067503,1575328,339211,5198253,487940,283680,451951,504638,1527286,2513234,6731
1652635,1775292,2406205,1815201,448575,6531350,955285,996195,512658,557458,785723,1649955,4742
1060423,1342765,1297531,1357423,349992,6118832,726916,748406,539203,595302,1549244,1684128,3485
1653760,1448410,1736120,1276799,122878,5124268,453039,704220,509389,564385,1526403,2455645,6496
1880345,1676796,2340838,1764209,460027,5502149,501793,282899,466891,521624,1867810,3098862,6752
1724557,1561912,2014722,1554132,346103,5944830,702403,724760,437461,485826,773633,1698438,4884
1034642,1396319,1609801,1544828,429211,6575689,907573,962982,571220,646115,1547962,1630284,3223
1690554,1572207,1976305,1254278,232372,5042527,704779,963718,529915,592077,1783059,2994140,5936
1721972,1581859,1997892,1497044,336806,5547016,482773,282534,368624,466386,1502074,2524529,6259
1625268,1583422,1954222,1494396,323780,5745109,694644,728705,419175,481515,749056,1141705,4599
1050624,1398014,1606122,1511879,338212,5757374,708173,730144,462987,521839,1096461,892310,3273
1400989,1371290,1561606,966920,228169,5129906,689593,727510,470398,536682,1528451,2501197,4816
1954233,1741472,2372129,1818723,350135,5839188,503458,524207,425699,553780,1896255,3120667,7006
1745639,1609378,2022722,1546319,341726,5796950,699910,719808,488854,492750,759861,883072,4747
1039947,1213193,1595430,1519670,331020,5654385,702577,744498,483317,536461,1510571,870542,3263
1571488,1422394,1617643,997700,141262,5245259,720097,750504,493778,551732,1470289,2329461,5343
1731354,1590563,1997245,1514915,227760,4959197,266646,493229,439732,546731,1489471,2487196,6477
1967418,1694208,2352150,1799562,452824,6502104,726648,759429,436294,491981,1173043,2408458,7349
1073781,1533750,2054298,1589332,340430,5954337,699632,723285,523107,583479,1163907,893347,3122
1416113,1354642,1248456,1015504,227282,5761359,698637,740055,515961,577515,1572708,2499592,4538
1644212,1657568,2011567,1546699,232088,4494840,271467,522916,503464,569714,1525900,2334856,5913
1827593,1777587,2125490,1629782,342615,5957334,672304,503864,432730,521320,1200346,2487453,6801
1371574,1614275,1997624,1530299,330291,5922865,708922,747372,498988,494895,802812,896031,4645
2028364,2040817,2799878,2087898,537822,6867611,1081943,1132444,524324,569368,814158,2039266,6061
1079868,1305613,1267357,1311670,336119,5926745,721756,754161,544181,590511,1632286,1630410,2992
1757886,1668963,2048382,1315137,125603,4643093,492576,741675,521838,562882,1503759,2364769,6053
1736327,1581861,1997253,1520140,336006,5753019,485253,282202,385654,488807,1559620,2551483,6366
1674532,1629210,2010357,1552953,347737,6009695,729386,762655,483233,507591,793144,941116,4591
1064369,1451536,1608510,1532571,447795,6421131,907964,936092,534639,601912,1528934,1660000,3235
1708927,1565083,1963095,1226128,126219,4515685,500465,752711,476301,535332,1535663,2509056,6237
1678413,1609508,2009299,1556475,339470,5862876,488802,286516,372983,483554,1470161,2280354,6185
1724247,1642695,2055748,1548474,342608,5610913,699169,730770,488545,484371,749359,879223,4623
1029530,1358862,1986319,1545966,344106,5796230,726721,759440,492413,541633,1158462,876655,3084
1680678,1444533,1605837,1070734,236583,5710885,829082,938251,554701,616120,1828927,3120594,6075
1732843,1591854,1970522,1487273,324712,4984030,267898,279633,438488,545773,1521221,2500351,6438
1687107,1542951,1946327,1496715,342619,5742078,716016,748314,410469,412812,752921,1600011,6017
1035692,1483688,2020147,1563254,337988,5721929,684397,710909,497274,555109,1123660,876609,3213
1313017,1208008,1194237,985526,230227,5645280,720847,764563,491787,549237,1552094,2460777,4337
1997761,1795372,2454182,1863082,353127,5196683,507823,528435,491325,542575,1825526,3104851,7663
1741054,1622534,1987208,1504458,330577,5650949,681532,710012,436283,433746,772095,1695666,6182
1340734,1592688,2348530,1793027,445642,6380540,939600,760212,477362,537527,1508159,1578969,4521
1387343,1244509,1209536,989251,235776,5701457,717022,739337,487422,547429,1493680,2440805,4733
1730228,1527394,1947804,1483509,227605,4366562,266046,501882,480712,539333,1516452,2517728,6238
1678078,1524111,1970511,1515518,349010,5815480,729724,523225,370213,416135,1144074,2364685,5883
1350046,1525365,1982143,1805491,453694,6200413,913548,945859,533539,587971,1158377,875053,3155
1366005,1210710,1461665,1011867,232416,5699372,725142,765871,506028,536126,1560907,2453041,4511
1681637,1548831,2033250,1573421,235887,4555231,279074,528614,485408,531243,1482116,2344576,6292
1758805,1580262,2004335,1516339,335454,5612292,485552,285106,370030,471409,1536034,2573648,6443
1683565,1594157,2002616,1544139,347867,5838858,730498,763021,495506,488986,762631,877755,4627
1349978,1210293,1604910,1560773,349777,6438884,933822,960765,545333,615762,1885301,1664095,4429
1681446,1554322,1963155,1232070,230978,4402896,490937,518198,490911,551851,1534267,2472552,5907
1728712,1553992,1993967,1554844,341457,5999621,492677,490716,377545,481735,1181686,2281472,5991
1767342,1664996,2053862,1565041,334004,5782334,680664,710984,510936,510763,802353,918291,5182
1040099,1197966,1581423,1491139,335837,5584885,715962,745266,493385,527803,1516729,877380,3153
2059630,1637121,2048708,1544614,349407,6489468,942347,1200169,550099,618237,1884790,4011951,7567
1759470,1585555,1980669,1493755,322248,5177256,481468,287108,442363,505685,1514808,2467020,6243
1983950,1740752,2363124,1790040,344351,5866541,717234,962401,487447,538062,1094793,2249491,5887
1012212,1398963,1679580,1551513,339786,5786568,689903,717746,477020,540852,1108707,856568,3213
1330792,1257510,1272601,989087,224757,5509718,668682,706977,472752,534294,1430696,2297610,4605
2035405,1795699,2416983,1819350,349631,5074896,499281,505155,485089,538434,1812917,3093951,7408
1746977,1606179,2017312,1542876,331778,5749228,688097,721528,432530,484543,759903,1745384,5291
1030297,1413498,1557957,1529852,333445,5812872,706075,738611,520201,582506,1145862,860589,3032
1392219,1363009,1600007,984171,233127,5179874,709577,729708,469885,535935,1467769,2403546,4776
1708204,1561777,2006792,1533866,231592,5180280,275652,521068,425728,549579,1545701,2547002,6313
1612092,1566436,1917767,1502330,328901,5765791,685881,488833,379142,417328,1090349,1956125,5741
1374639,1612118,2016211,1812149,450084,6397656,904498,937983,536369,598735,1106147,865854,3339
1388902,1401340,1605558,1009793,225948,5212211,702045,740050,491592,554125,1537723,2426343,4779
1719967,1568757,2003309,1537801,231948,5041179,268621,503337,421015,519819,1440675,2330562,6135
1779839,1643309,2045073,1558133,334203,5833217,689716,497665,459159,441182,1200951,1734526,6563
1347915,1329424,1964255,1527648,344098,5813221,726913,757439,482836,531556,1146551,875532,3059
1494334,1416704,1642533,1300546,269833,5768267,898793,926955,559845,612805,1827375,2329064,4713
1703469,1530632,1985235,1509854,227201,5026300,275727,521559,436569,534503,1530547,2480417,5863
1691451,1518715,1966574,1527682,344682,5807507,719675,526323,426041,396208,1103370,1592705,5904
1743164,1593129,2419778,1558876,343477,5674636,898777,931758,537614,590166,1496793,1624099,4676
1367394,1189255,1203840,1245206,224994,5622360,709611,751257,505009,537723,1542784,1665702,4542
2054029,1706128,2399988,1529976,344552,5090551,498447,517313,473995,575439,1801638,3076323,7395
1721688,1543038,1998969,1536023,334013,5688321,690416,694281,431031,418047,890201,1718053,6174
1386452,1681606,2039221,1571816,346235,6025816,720376,750777,525278,517705,783524,885951,4587
1037640,1254692,1630871,1280523,344524,5668502,696605,721028,464094,521437,1471623,1673911,3400
1732435,1452548,1612891,1265662,126187,5041427,484680,745349,489940,555616,1544109,2514690,6480
1705605,1593479,1983106,1529319,339676,4995121,492305,287373,426773,470640,1435946,2291424,6150
1370416,1202623,1565857,1242169,343223,6211363,945726,981889,529091,578222,1805835,2362224,4821
1748547,1583804,1994842,1440317,224394,4464155,288408,507382,498055,546784,1544675,2522351,6566
1652548,1537868,1898070,1459569,325271,5722543,514182,523313,367067,471882,1073265,2284902,6009
1369547,1643562,2000294,1532777,340078,5836988,697726,719189,472162,474349,760288,864276,4581
1012910,1238751,1597370,1247636,336304,5861537,709659,751882,503990,562687,1568649,1690858,2848
1957986,1596250,1997202,1539857,237805,5088335,490776,741578,555657,621195,1828377,2983703,7146
1751650,1678680,2063512,1581433,346576,5689665,702942,505162,395113,431356,1136872,2505363,6395
1390005,1598368,2013756,1552503,340031,5871141,727010,766279,498395,538036,776242,891877,3392
1335859,1437816,1886499,1521189,424223,6442252,678705,702814,483923,605687,1735734,2273269,4631
1753964,1450315,1630282,1272154,124378,5016978,488731,735890,479324,539702,1536339,2526677,6097
1964552,1764127,2337920,1780304,445595,5794417,708080,511360,434735,481740,1494305,3081157,7175
1362227,1571583,2012813,1553749,345049,5818376,706883,728858,484471,545210,758867,872492,3142
1026114,1207398,1197899,1259512,335972,5795966,710189,752397,492560,554551,1531165,1685050,3040
1689894,1527529,1958628,1244213,125597,4523035,499962,759790,462201,517057,1456430,2337703,6069
1710484,1578032,1983639,1532903,326773,5041242,483364,277276,425548,482594,1474294,2402923,6446
1702580,1733232,2359732,1787942,436971,6349178,932054,985586,496511,543301,768466,1641721,4660
1056432,1179657,1204631,1250647,340899,5755023,707472,734243,469980,517373,1456103,1625189,3338
1693946,1524110,1987648,1249860,122910,4424580,484903,723443,480970,528829,1539972,2500540,6294
1706156,1554577,1959066,1515057,339234,5702582,490552,284912,394340,481945,1504266,2347760,5758
1717747,1549966,1982538,1513294,344195,5679354,705865,727787,475279,471042,750115,870023,4591
1027444,1473057,1620579,1516688,331258,5801044,699657,739778,503587,568402,1380774,886609,3126
1688587,1678841,2044685,1287792,238570,5123317,729628,999108,568686,628008,1882208,3061808,5951
1732866,1614572,2018044,1527889,340939,5604242,475240,281253,372469,468851,1494298,2486898,6449
1948001,1783235,2341627,1759545,440107,6238732,939122,992742,480737,475057,740305,1633756,5600
1031797,1230984,1624296,1526571,341737,5766074,711227,738633,467661,525262,1445707,889786,3154
2038854,1628236,1986505,1250409,222570,5095476,679878,712782,538407,610472,1886103,3206523,7545
1969578,1779080,2354884,1793499,429413,5752043,491944,318330,429105,560753,1882944,3096442,7291
1706296,1615133,2008205,1536041,350265,5663474,717919,740315,477572,474502,730609,861942,4449
1017950,1254950,1570498,1506657,330650,5631563,696575,737944,487374,544338,1528034,894382,3219
1667683,1436115,1599421,990337,124080,4909322,707557,740693,495747,548015,1461447,2270917,5990
1725099,1608702,1979100,1515674,335855,5046444,269403,282520,439599,541526,1466590,2443832,6296
1790019,1759504,2373181,1808644,440230,6429415,939957,993071,497802,484776,759989,1682745,6176
1035219,1285010,1649324,1560320,335612,5845320,698507,726955,497127,557084,1453491,935182,3164
1732371,1459663,1612942,984618,125255,5092881,692907,724535,494715,554244,1534204,2505367,6526
1668329,1589822,1977072,1531147,340258,5177457,268608,280055,441472,560213,1508552,2362451,5947
1764529,1566847,1982022,1532878,334026,5662139,685961,709588,430493,427227,767469,1637743,6395
1035782,1380267,1968820,1488353,434165,6171400,916217,971833,542232,605554,1505341,1669145,3141
1412619,1594709,1993647,1506087,335166,5649879,689059,719925,481807,471883,753724,904533,4813
1011559,1240922,1573546,1450867,327573,5773664,696354,725613,480621,555941,1505580,1064927,3149
1751896,1467125,1655423,995338,126237,5204563,722598,745724,483633,541268,1484039,2439794,6371
1761237,1642659,2049264,1551398,337879,5323578,269735,278713,444235,559462,1577449,2603692,6710
1683405,1542348,1967441,1534634,343256,5926807,714408,746657,434478,419143,761650,1602726,5990
1047488,1433351,2421427,1818693,563582,6947849,1127397,1160714,595964,661592,1865702,1676785,3177
1717236,1437496,1592714,1249980,124259,5142047,490822,758187,501790,552363,1555294,2487368,6172
1649971,1620305,1987740,1537714,328873,5143408,348592,279772,428926,550586,1438930,2262577,6225
1746801,1670288,2045852,1537252,333849,5704797,687135,719922,425646,426740,764145,1738259,6570
1080681,1483053,1978499,1497151,331732,5614742,707951,739363,499805,561207,1152220,896227,3273
1712406,1477425,1620868,1282388,237856,5959296,716756,970647,554333,626924,1869763,3198612,6173
1717940,1605495,2032578,1552996,338463,5139374,487631,283433,438499,488820,1549830,2537608,6233
1685447,1659548,1983685,1531746,341258,5758960,709392,738850,452459,498847,771589,1586729,4597
1063191,1439214,1837153,1545105,332652,5665886,675403,698380,481007,543354,1088619,865453,3122
1392523,1294001,1208399,1005623,226547,5668952,708143,751100,507023,563496,1534123,2464282,4647
2045378,1805293,2403472,1828888,343360,5125490,486104,520065,486385,540017,1811754,3070924,7494
1745182,1624469,2026304,1553174,334418,5615839,689296,721111,440636,497182,780012,1728335,5082
1076769,1477168,1619856,1561460,342292,5895653,733376,766577,532887,593074,1174864,894697,3199
1388700,1491270,1627632,1002132,238559,5218169,722747,745193,494983,559519,1497644,2420905,4669
1778163,1728618,2045180,1578429,232480,4749389,270660,503737,524784,597980,1599151,2539633,6268
1744841,1684289,2049523,1590007,342071,5913321,714082,522116,413891,449773,1164768,2345524,6321
1480194,2010208,2444259,2109586,538936,7025010,1072456,1106145,639731,703857,1206302,910852,3233
1390710,1517486,1601287,1004872,229366,4940532,717455,763238,515683,567461,1580625,2501263,4640
1728017,1732591,2033345,1572167,232931,5038974,273988,514857,477791,580678,1489919,2313526,5967
1810154,1777337,2066526,1570231,341446,5881773,702433,509831,484748,479783,1213904,1750053,6480
1357543,1596541,1964559,1521286,333729,5734118,709891,742167,511642,577729,1109397,863692,2916
1460088,1587740,1707797,1351860,338833,5913940,934990,962116,597318,656255,1893439,2353024,4777
1763731,1678759,2031648,1550195,227894,5099442,273204,517159,456210,559743,1565152,2520575,6342
1781506,1679961,2090351,1630532,356100,6042513,733013,526711,484256,477398,1242273,1673260,6306
1386121,1429959,2038829,1574285,338686,5708102,687581,711538,496336,554936,1148087,893836,3310
1405897,1303988,1234371,1291823,231064,5871813,718789,762044,547537,592999,1620677,1699933,4645
2025259,1749368,2391285,1556264,342092,5077687,489645,517053,489876,597876,1814941,3016418,7313
1671724,1544493,1974443,1514853,323150,5646672,664891,543603,430285,415092,1056594,1618869,6257
1372528,1426506,1994095,1544401,337157,5722590,718418,747987,528538,562461,1173348,869341,3194
1416830,1294112,1227740,1299863,232345,5960643,699788,721385,516274,571732,1489086,1621464,4614
1740596,1726046,2448205,1557866,337259,5171928,693017,730398,580696,651769,1975146,2552462,6370
2008345,1797986,2398670,1814791,462810,6347261,726714,761092,452854,486611,1138208,2368779,7244
1039786,1435496,2016841,1541683,339948,5728173,684906,709037,481461,543476,1143188,910461,3360
1388379,1454633,1570822,1428554,308714,6475441,878011,929475,566430,638730,1509869,1992437,4521
1686343,1598939,2040781,1271429,236361,4483943,496441,519941,492223,542475,1478679,2358778,5883
1733093,1629453,2046277,1545878,339389,5740619,483246,505038,375910,478421,1143028,2521457,6294
1350855,1626043,2001141,1534017,335564,5781274,718075,752596,501192,496987,751512,884615,4700
1372051,1272717,1587237,1237817,344723,6347499,940331,967464,530489,598261,1812475,2422257,4640
1707841,1636780,2000060,1525809,229394,4452858,267506,510870,496045,557157,1551666,2542077,6264
1675013,1599029,2001754,1560787,350744,5844290,673515,526201,388913,486618,1127527,2358567,6000
1396736,1615349,2028402,1565168,346012,5775387,698048,721755,482295,485684,765790,885397,4854
1028865,1255102,1588932,1265079,335962,5724500,719719,761243,491825,554315,1549423,1662094,2972
2047272,1605231,2031017,1569478,238223,5162009,498059,748402,564087,624190,1819201,3065811,7559
1749244,1643237,2018452,1530344,340903,5702820,700597,506494,397061,445461,1164689,2533490,6256
1387028,1603215,1991388,1546523,341670,5787285,727292,760183,492013,553240,755095,876910,3170
1043831,1229674,1358880,1275738,350473,5682288,725851,747219,491068,545477,1488925,1654572,3238
1741321,1396698,1578130,1231006,124668,5069480,485206,730712,497805,548775,1538401,2518538,6184
1987568,1742087,2422433,1856619,463589,5834606,727181,523384,436668,484901,1542493,3100298,7408
1408210,1610765,2038492,1578556,339732,5771920,689096,712427,496989,551249,770891,884551,3192
1073751,1250751,1631155,1562346,341483,5882161,727774,760274,522260,567837,1590766,900599,3245
2049171,1588385,2003170,1289263,219010,5932584,909627,937825,564067,540115,1475307,2348183,7460
1722472,1558691,2023024,1540975,327760,5057178,267337,294881,447565,548613,1576040,2554504,6434
1658572,1612462,1964183,1518045,324982,5769370,685587,531510,456010,425330,1089503,1537948,6138
1363453,1353745,1961575,1792262,460713,6186719,935165,965055,529066,582569,1503103,888214,3072
1687642,1388204,1569434,981912,124141,5035100,692160,733186,498580,561388,1538881,2438526,5886
1719434,1674355,2046899,1583471,350320,5253373,273155,284918,457503,565738,1508695,2341460,6079
1776506,1579685,2013107,1538566,335886,5720687,681658,716895,434243,419511,786329,1709934,6539
1104233,1449639,2025905,1555564,340468,5925312,726400,762433,527943,592382,1206850,896351,3329
1726232,1449979,1663970,1202102,216305,5774142,915187,946094,560100,617961,1790511,2558459,6123
1772327,1589831,1991181,1505913,332423,5142843,272162,280797,443400,555101,1538479,2503737,6390
1677622,1640763,1979761,1535124,336748,5994168,706278,738607,445905,432372,774664,1634056,5951
1037763,1492033,2052383,1560185,349679,5741845,712583,732911,491412,551468,1127474,873788,3057
1386136,1262020,1211096,1003793,229025,5787847,706811,751583,500154,563676,1570655,2526421,4854
1948873,1835619,2401634,1831484,333740,5121600,363898,520637,502194,628141,1828629,2980753,7320
1792848,1551363,2018498,1531188,338127,5692250,701171,509841,394387,422237,1175514,2547125,6351
1402781,1567273,2013608,1558044,340738,5964901,719021,751352,496913,553595,793849,927251,3444
1367789,1433637,1623715,1567327,444900,6622621,912832,722298,498717,553676,1821161,2365187,4423
1735115,1640839,2008160,1254768,123768,4466239,482366,732673,519941,576182,1547150,2522190,6297
1992966,1773887,2397356,1834857,456403,6574505,727473,521221,452836,502565,1512942,2312224,7375
1404560,1672421,2101824,1629665,345835,5964968,703182,730777,537867,589731,1045506,905293,3435
1019623,1336329,1268756,1318556,336068,5947927,717150,756394,551206,607551,1616876,1672035,3129
1668846,1726557,2093991,1328895,124367,4625627,496777,759614,538321,585578,1524276,2377630,6117
1703230,1802232,2124185,1616949,338321,5917503,486610,286224,424372,540881,1618451,2569095,6429
1659577,1653644,2048057,1573226,341843,5828552,729304,764031,538044,521816,813134,900064,4634
1339418,1366782,1672200,1622350,350627,6671665,947365,975481,579815,648485,1896080,1655216,4557
1688836,1689794,2055142,1304881,216095,4670464,483824,535895,550447,598125,1610759,2541055,6286
1645734,1724801,2080335,1625716,347868,5940488,496038,281710,422537,528189,1541532,2343805,5967
1712727,1722306,2107725,1630701,347037,5937348,702637,731059,532292,529940,811726,906498,4974
1041042,1405376,1687281,1615199,334792,5955292,720616,763258,573789,625689,1645665,892163,3060
1982402,1803917,2102568,1358896,237991,5485282,722486,755105,620107,686120,1921863,3113260,7554
2014139,2060261,2516615,1907374,448860,6592171,701066,509138,473746,565096,1639716,3318403,7202
1417495,1764102,2072047,1615087,343995,6057989,728052,763181,560168,554412,817000,871928,4338
1036630,1348640,1702821,1610518,342651,6143407,703955,723740,537406,592492,1535348,922049,3267
2019590,1695352,2054558,1315217,222489,6055056,905354,743554,545943,599310,1984459,3321874,7874
1938686,1861546,2469782,1900104,463014,5906498,500820,523330,489807,608925,1569612,3081191,7253
1365451,1704032,2068993,1586230,342287,5883061,695661,721153,535894,513041,778524,880783,4738
1028184,1332989,1651901,1310397,337090,5905382,721370,762585,546978,609030,1600532,1680153,3031
1641878,1562735,1724872,1353005,125831,5544552,502028,758203,556951,609719,1564310,2386371,6185
1709349,1744752,2072717,1592637,324421,5274521,314363,281026,495620,597422,1567854,2445789,6399
1616997,1770546,2084641,1619337,342859,6055359,729377,764415,494726,479326,801741,1671369,6059
1674077,1441501,1629992,1295569,238378,5862480,727232,986103,567086,625010,1860299,3038642,6109
1735777,1611691,2038756,1573295,342099,5143163,486506,282084,453988,501172,1532426,2477068,6248
1727472,1549151,2000327,1537908,335061,5749535,718300,760434,448088,497070,801034,1694044,4775
1090917,1378185,1636695,1555842,347586,5710674,729898,757729,496137,538740,1142784,902230,3279
1312202,1294407,1346199,1000416,231534,5847986,671468,701908,528209,569844,1548157,2442522,4766
1936709,1896615,2442571,1595826,236350,5322005,498080,759939,554086,665380,1930445,3075860,6887
1704832,1749470,2105363,1640610,349553,5964008,709048,506825,489745,486044,1188357,1656368,6216
1343713,1474871,2031027,1569890,334545,5967887,714613,756564,533178,577308,1185522,877518,3186
1350329,1330411,1265194,1360524,239535,6130716,733756,766078,544899,593407,1557249,1627608,4697
1669583,1783406,2143812,1364508,235175,4682189,489127,509348,546901,603343,1609614,2564930,6544
2218768,2039232,2760392,2073312,533239,7232889,911518,885483,493539,526139,1364694,3045315,8523
1313192,1590308,2104815,1639600,350767,6160326,726590,749016,551201,612881,1199368,881612,3033
1338004,1329815,1245889,1300344,230660,5968293,702799,744062,534241,596304,1599512,1692486,4543
1661919,1709161,2074177,1332155,237233,4686268,500412,523098,549630,595942,1540239,2349873,5877
1715522,1663007,2099208,1631039,349828,6063985,490043,506521,407251,516342,1164466,2482285,6444
1361878,1706827,2423018,1847108,439539,6561928,933913,991506,614379,615355,1232776,892859,4684
1335664,1350624,1274780,1181220,238978,6113761,732462,769145,538829,607548,1552920,2263224,4707
1721101,1730429,2093888,1319438,234645,4666052,486606,508105,541025,594411,1596984,2543993,6436
1668672,1696795,2035614,1593506,340707,5962573,499954,522651,446922,545950,1195085,2422256,5930
1318637,1778406,2120675,1646517,350939,6166283,728020,750372,538351,531614,806671,853542,4520
1033504,1303695,1657351,1310820,330941,5953919,692256,733172,544122,596392,1581860,1689505,3207
7646351,3168526,9751925,7608809,2846238,18763504,6179614,6829784,928010,1318825,11212118,20317772,30075
4733929,2555364,6216730,4434367,1424036,10852299,1366915,1201699,599412,675391,3744854,7987289,27970
3307585,1978934,7545174,6836248,2954659,18128297,6751896,7131422,1006903,1250367,8110092,3462721,13082
1756648,1329056,2119240,2036038,359286,10194938,1180472,1222472,666789,739622,2012425,2614913,11077
3600984,3298421,7145588,7038230,3676823,18048713,8095608,8987294,1449332,1810447,13773653,16117196,19095
8009066,3228556,10008866,5221330,1045236,12659709,3049672,4961185,1066917,1452034,9198979,18080725,37955
2350187,2415792,5975707,4297113,1417161,12921004,2801446,2882696,798319,857312,1525546,1981526,11926
1824284,1478798,2933531,2067793,643490,7664015,1180789,860080,497988,562082,1268452,2846153,7404
5471572,3379763,7216067,5642269,1758130,10458349,2819370,3983545,487269,614567,5967900,14573799,24432
33150473,24854170,50694536,34824713,20028127,60681126,45000739,45339663,3212900,4311651,50279642,82255289,90541
643129,187506,930814,603120,295886,2774172,642687,667516,59858,87366,767675,1630766,3096
705770,131021,1020746,604669,366573,1947714,853659,886547,3433,33592,883431,1947647,2542
557275,108882,806334,478703,289647,1736628,757028,786165,3658,28578,681125,1531759,1997
564433,110237,815613,486613,289870,1726130,777410,807378,4104,29408,686210,1534006,2197
560250,111117,811487,482411,289938,1781078,772141,801926,4022,29985,686219,1537560,2161
557872,105646,806961,480988,291747,1635823,759151,788405,2068,27831,692742,1529396,2170
712199,136494,1030494,612613,367757,1963674,870110,903638,7976,37481,892156,1947375,2682
559719,113329,810035,481464,289105,1738236,776782,806754,6416,31988,684737,1528418,2228
551598,104916,797793,472017,287138,1651890,748332,777168,2684,27399,676321,1517909,2180
711521,143044,1029705,616151,369143,1932931,864131,897430,12899,43701,899038,1939271,2630
563934,111540,815936,484032,292122,1686191,766993,796577,4635,29924,691424,1542653,2188
716429,132255,1036352,611694,373140,1838368,861727,894953,5138,35676,897643,1970474,2699
577935,130150,836132,505996,289012,1773269,773369,803041,14569,40304,698004,1531169,2493
507661,312592,734306,901743,195881,3173434,926643,978595,679965,410446,862341,825985,4224
0,0,0,66089,24643,169771,52023,55285,18906,20770,76370,0,0
0,0,0,64981,24607,169747,51509,54669,17911,19968,75207,0,0
0,0,0,73025,25767,176770,53899,57107,20840,23080,83861,0,0
0,0,0,69851,27397,182762,57314,60616,19895,21992,82010,0,0
0,0,0,56475,25600,179855,53949,56983,9421,11679,68019,0,0
0,0,0,66498,24622,168297,52011,54829,20553,22511,76684,0,0
0,0,0,74371,26054,179085,54577,57444,25511,27551,85486,0,0
0,0,0,260644,86637,560145,179185,185010,110868,114608,304576,0,0
51016922,82064682,73839117,46999348,31411246,24620804,62395613,66364998,25483980,27227114,75297988,158330979,19609
1673680,1643116,2421568,1819353,343953,2981706,658930,688889,79274,0,3024473,2761043,2574
53939187,2374244,78061660,52861830,12732375,128079716,24249215,30054263,695187,1306194,60564961,105698364,65604
54851689,2038935,79389209,53573537,13067412,130638154,24772621,30553078,367670,1013447,61457991,106505500,65285
54717138,2056790,79196482,53420188,12948235,130391834,24510441,30582226,382838,1010320,61272021,107090925,64615
54829327,2077740,79261706,53509379,12953835,130404430,24698140,30739303,377314,1006561,61370110,106459845,64936
53874755,2039532,77879148,52727705,12722162,127352540,24250801,29781872,391099,967407,60471101,104457320,53385
53756308,2135741,77774605,52605155,12797985,127814030,24276502,30088530,468536,1101578,60146274,104310527,60891
53999066,2337744,78017139,52752414,12708596,127895330,24380763,30184178,558316,1182031,60434125,104738287,63102
53780096,2218313,77758437,52626511,12646318,127739864,24125042,29989241,468798,1097358,60255904,104204355,62311
54155170,2299943,78239905,53032941,12737769,128044158,24300824,29958467,594663,1209029,60830425,104048499,57745
54404216,2428791,78866156,53705230,12772067,127581324,24336616,30145894,627627,1264857,61305325,105496168,62117
54155964,2984582,78393363,53342889,12671076,128020520,23979139,29849277,866763,1523009,60637436,103848019,59142
54258870,2908683,78522777,53426537,12736211,127881024,24167918,29979045,893398,1552671,60922514,105196807,64433
54401246,3397382,78640103,54088030,12458943,124944045,23775236,29385616,1175127,1826598,61499932,101569360,54074
53549569,3919271,77539799,53348488,12189120,122528876,23028780,28647083,1545011,2241692,60554565,100441257,59727
53037070,5769509,76573914,53024663,11794426,119881656,22470861,27880837,2683245,3280195,59984251,97100798,64053
20842886,5948087,30739146,21732677,4626555,46884675,8696618,10716855,1802514,2756107,24449061,37638498,27108
