cpu_clk_unhalted.ref_tsc,l1d_pend_miss.pending,cpu_clk_unhalted.thread_p,uops_retired.stalls,br_inst_retired.all_branches,idq_uops_not_delivered.core,mem_inst_retired.any,mem_uop_retired.any,memory_activity.stalls_l2_miss,memory_activity.stalls_l1d_miss,cycle_activity.cycles_mem_any,uops_issued.any,br_misp_retired.all_branches
44908589,32141932,74820323,46447991,27950172,146333748,50744400,59035959,5980311,7932120,60172716,192927548,285844
102400,56188,147985,84535,56680,302112,107894,0,0,0,121152,295059,181
1712320,288130,2478235,1840664,376255,2779533,809191,926055,0,0,1681862,3041144,741
41505931,88382446,60062534,47330362,6801381,63415827,13438822,16992997,11922982,12567748,38747173,63332047,64534
30348458,29146756,45386019,31672239,8976034,68081665,14952712,16795139,1976983,2754107,15522281,41615535,62520
24434363,3527363,34431849,25773145,6761198,54893086,12381216,13772415,918912,1112025,18534588,36327595,37438
22535248,2412060,32422060,24677296,5644920,46803024,10960932,12350665,437963,839407,18008026,35170113,19765
22667731,2431682,32792278,24630412,5654870,45873949,10748695,12125446,477207,869922,17982409,35812517,18540
22812899,2405665,32881928,24800373,5778817,47074053,10777252,12092295,441221,833288,17883138,36027453,20566
22516509,2362927,32556480,24475171,5798936,46764478,11029164,12411849,441130,835959,17351001,34711193,18926
22457577,2268144,32491397,24545828,5839723,47065401,11301333,12662435,385175,777896,18078709,35569825,20163
22318411,2134263,32306620,24106958,5733479,45777327,10911384,12316957,341444,722260,17462379,36412322,23735
22706990,2257329,32949789,24793542,5885881,46421505,10982040,12377098,388312,772603,17673532,36332610,23058
22714145,2176907,33054559,24950592,5846368,46239728,11108197,12514228,365011,745040,17604252,34975352,23434
22568136,2114357,32831650,24755582,5857083,45965702,11146282,12538355,343237,727889,18035624,35658711,21019
23059469,2178635,33159233,24862702,5757346,45864341,11175531,12575260,379774,741366,18315112,36998683,22531
22854975,2256696,33030404,24802294,5853894,45940167,10951187,12349627,388781,763145,17973030,36576425,23074
22775506,2249661,33110983,24975837,5870229,46584893,11163996,12549293,409025,767250,17721175,35085013,23032
22593207,2166519,32945172,24832038,5885864,46220729,11177315,12566904,363933,741886,18126086,35865814,21745
23051087,2227545,33061371,24926114,5748953,46299035,11134986,12556054,295991,680148,18348890,37305461,24842
23170091,2080763,33479656,25080582,6106032,45998013,11104465,12383474,270806,650262,18123978,37692996,24396
22820789,2199850,33185034,24942812,5892369,45826103,11202312,12624372,335779,698846,17600931,35285371,23824
22565687,2001099,32925238,24910181,5901195,46075953,11216341,12635770,245569,617002,17805685,35240728,23415
22666674,1961539,32870120,24672723,5820414,45654499,11273274,12670712,226751,598870,18003484,36721008,22912
22908438,1954473,33133578,24873517,5806146,45335782,10838592,12409890,235696,604647,18027094,36782807,23040
22901825,1925131,33060742,24804265,5934995,45860584,11277653,12486662,248782,610385,17843773,36116252,22883
22693741,1879733,33030470,24800145,6038903,45662027,11424119,12826101,217418,572758,18093810,35388097,21848
22704862,1858656,32857937,24616580,5819408,45294448,11285488,12714458,203649,550896,18089834,36843434,21959
22816116,1905810,32962950,24713407,5817242,45415336,10848545,12450490,197448,577830,18064556,36702522,22842
22955788,1990557,33091700,24788566,5915852,45902322,11254251,12469772,235040,586681,17957687,36206176,23207
22656969,2018045,33007659,24696409,5922110,45894227,11284218,12698305,261299,608758,17925418,35404461,21762
22898840,2001407,32889753,24697747,5831975,45910550,11474554,12869273,250297,611662,18377846,36941288,22854
22821791,1991012,33000194,24677017,5819931,45365586,10874782,12495522,245400,593524,18246603,36824846,22575
22798683,1973992,33004036,24708009,5928201,45909402,11101455,12458936,237038,586619,17895680,36634478,23331
22710017,1925154,33026642,24824872,5934143,45943234,11295682,12706761,248831,596508,17734808,35458527,22391
22475201,1861136,32722297,24560307,5943515,45471798,11293403,12702130,191901,548442,18120929,36127682,22504
23034705,1864347,33098854,24741301,5836044,45072328,11090620,12707911,205738,557970,18274735,37487196,22959
23579361,1757073,34067856,24571583,6420185,66289252,12168882,13394574,227152,636570,18744721,41692225,68566
3897702,467225,4872803,2621851,848137,11815498,1648381,1925707,135100,176147,2929050,7838133,33927
351839,401515,639613,532272,309199,2725948,582371,598124,134814,162435,829818,1354491,2068
884772,369714,899909,588148,103389,2579148,404611,656700,81538,145845,948671,2352035,4826
3649508,1010460,5382166,3428173,1613544,14176412,1758679,1647956,99438,223626,2987866,7915957,17425
11917727,5968291,17804158,11987233,4524567,38128500,6095119,7179242,1153710,1550872,9025697,23224299,39150
11430778,12109368,15842299,11308446,3181241,31296510,4666262,5761109,1628939,1935143,10035921,20836348,18840
11291783,13165191,16689455,11580662,2940082,28802389,4395483,5632322,1966438,1789694,9413184,19581653,19097
10767668,8213941,15503245,10859992,3263473,30776779,4509744,5385759,1021952,1320826,9186362,20807944,19005
11338417,9211962,16676323,11250222,3010125,29456389,4501759,5360353,1402438,1670515,9070832,19299300,18327
10406812,11506130,15599045,11887037,3427399,30392692,4892140,5896554,1488156,2164618,8991287,18574830,17475
11506028,8527481,16170389,10881549,2992059,31042636,4532148,5828946,1076003,1381987,9420396,21801861,20356
11582232,13467107,17244441,11894808,3152846,30807711,4400811,5152782,2013245,1808202,9581002,19971804,19905
7435331,8409192,11250495,7908804,2333655,21417205,3297136,3952913,542626,712828,5442064,12819141,13546
359014,223119,1047716,616133,348837,2550449,677277,699366,68043,91366,534988,686079,2317
27192386,5835892,37451916,21950351,13828811,88392292,20144209,18621700,803895,1029942,17149443,70589821,170349
26845079,2245258,37255466,22945549,8898262,114763802,16958681,18290902,368288,937252,23821863,61927426,183816
26683028,1946506,38856209,24299492,8211381,130035131,15869043,17275028,161612,519001,20547084,50345802,218558
19932530,2883293,29791156,16698879,10112209,61496665,17533422,19387926,468883,928701,20252916,52449592,86794
18346046,18188898,27523759,18400071,8133109,58274109,14634310,15709301,2085288,3081770,19673493,42706426,54515
9608915,2168978,13398907,7805614,4148904,24876140,7241027,7593397,573297,796952,10194254,25814997,21452
28223696,16748389,40753816,26436406,9229113,113793031,17093952,18681644,3444549,4363980,27149179,57119620,167233
32222333,19776207,46313392,31382112,9009768,144103871,17720911,18690260,4110086,5185760,28337326,57521881,225414
14362609,1547089,20948027,13662232,3773131,77575677,7342191,8052273,55304,574247,10565677,25195014,106005
14225510,1518553,20624549,13657942,3798959,77756462,7358570,8075995,24764,554856,10976439,25812938,107464
14662775,1457811,21170237,13740872,3572817,77630754,7165222,8090730,8039,543861,10983601,26717697,110281
14667815,1482211,21174444,13761224,3879119,77499177,7320161,7824140,13862,537663,10998627,27062040,109380
14595942,1464903,21303309,13865338,3921573,78048714,7379522,8099834,16134,540546,10758652,25887918,109967
14286407,1433566,20688283,13646084,3782086,77599320,7351562,8093390,13187,532475,11028584,25951444,109892
14536417,1433814,21005531,13622419,3561085,77444135,7160423,8079106,22247,522960,10951865,26452640,110460
14628406,1429015,21126997,13760799,3807914,78031092,7174987,7682119,6926,527634,10992363,26674375,110940
14635889,1476419,21299749,13829481,3903584,78005542,7587718,8345394,14820,534425,10780058,25194464,109611
14446789,1489121,20857358,13736796,3894683,78153913,7563177,8294840,28950,560684,10980889,25817837,109417
14668777,1433630,21157980,13670911,3555649,77639478,7152444,8085519,23301,520818,11046573,26837366,111427
14814224,1591707,21417692,14074301,3781518,79265472,7154426,7656815,71103,605780,11141184,26536774,119157
14704220,1456996,21266540,13883260,3790253,78574822,7344618,8046232,22016,537753,10597088,25237316,116135
14587318,1472584,21108036,13931749,3791197,79128461,7554594,8285541,5821,541827,11331698,26006221,115286
14699548,1434647,21232266,13798452,3687919,78235868,7165101,7876625,13816,520115,11047889,26652133,113647
14849304,1481583,21152258,13782459,3769554,78081808,7294168,7944858,31274,551127,11142533,27279746,111518
15704532,3611927,23519627,15939084,4305214,84832967,8466380,9278976,926868,1301532,11492988,25415794,113895
14345913,1489266,20972033,13810289,3793438,78187085,7378901,8097766,17728,550596,11038351,25270308,111607
14706349,1648491,20988115,13678985,3550840,77820841,7331799,8058585,111189,628147,11149943,26673314,110476
14764645,1496111,21315579,13851056,3902039,78304495,7139735,7851817,16162,548112,11058674,27279111,111825
14465574,1469774,21115129,13765759,3785705,78142323,7348868,8059524,15068,539096,10583258,25196892,113064
14421154,1392507,21060191,13798271,3794521,78721711,7353923,8097710,13366,522984,11119620,26055889,114088
14761057,1435872,21123306,13769998,3569774,78897209,7400141,8136756,19285,536786,11110639,26671032,115587
14685542,1436884,21227790,13857118,3796342,78407740,6930816,7647391,21630,544879,11068307,26639999,113926
14637137,1397088,21295702,13841922,3890572,78382731,7560210,8300500,5810,512252,10541307,25908776,112254
14357478,1406166,20948537,13706022,3785028,78400263,7366150,8094532,16255,535092,11032681,25929131,112633
14915495,1430654,21254800,13876542,3675749,78662771,7330689,8259525,20871,540822,11054371,26752663,114745
14790499,1423387,21382538,14017136,3807742,78862621,7169297,7672588,22302,537121,11110289,26700011,116105
14782352,1433449,21345071,13958052,3793900,78949394,7366580,8084183,6982,519593,10569965,25964407,116353
14410116,1442640,21218345,13884270,3886428,78946672,7538248,8282515,19253,534891,11084454,26007285,115751
14676244,1473290,20970369,13724387,3548967,78371325,7144710,8064620,17392,543664,11062837,26548869,114322
14656867,1464817,21194498,13840930,3799562,78331391,7147746,7642676,18909,544165,11058697,26600686,112634
14668320,1433589,21101685,13774002,3778135,78417856,7348119,8067073,15704,529435,10570358,25950255,112865
16676904,4147800,23377219,15086456,4005606,81484817,7972843,8916322,747381,1421401,13322437,29067645,126376
14505080,1496639,20837160,13674555,3666291,78353036,7318329,8043951,88918,589343,11117280,26514071,113039
14953841,1681675,21562408,14085638,3793500,78294114,7158105,7876850,162810,669953,11494729,27369632,112837
14716786,1599650,21254603,13892018,3806287,78444444,7383298,8094514,116688,612991,10693011,25952214,110161
14459102,1536455,21154444,13940411,3793666,78827864,7372439,8104840,77024,589353,10994152,25411209,113424
14473881,1430976,20960709,13654328,3679429,78471795,7367297,8090593,13608,533095,11029320,26421361,112945
14648425,1411939,21115327,13782565,3688317,78143074,6948442,7867664,19878,525940,11019306,26728946,109949
14837320,1383680,21386946,13890840,3878514,78848565,7562796,8079282,9089,504148,10824231,26331184,114018
14391787,1415301,21013737,13842849,3800217,78441706,7364564,8090962,12852,524601,10838814,25296103,112912
14530452,1385768,20992895,13659705,3684246,78614130,7357905,8066679,10508,508963,11032482,26629653,113497
14868811,1454886,21440217,13965677,3793720,78860545,7169095,8097536,34066,542348,11105135,26699664,113809
14713308,1423152,21249863,13902662,3792153,78945695,7340637,7826255,17312,527548,10787908,25796484,115810
14552266,1388303,21214497,13997669,4011690,78858598,7775224,8536295,11720,532190,11367425,25400534,112111
14601497,1426230,21010689,13671622,3597828,78317695,7354202,8086898,13306,529241,11024974,26492571,112425
14614825,1331059,21098457,13774675,3666689,78032732,6912173,7844823,7084,492408,10980176,26547439,112801
14637933,1422340,21110635,13757392,3788541,78226466,7360557,7868426,19655,530790,10825268,25989223,110172
14563591,1404270,21254448,13871038,3791411,78952430,7385881,8094172,23480,527027,10752712,25159170,114730
16256935,4568582,23844364,15988653,4197904,84727940,8406770,9110928,640536,992538,11691491,27403046,119330
14886892,1478081,21504610,13948196,3799477,78795036,7166847,7875421,55131,563350,11362333,27161390,116305
14808570,1504114,21367484,13995304,3800717,78773273,7349386,8055922,77981,565644,10710613,25981448,116736
14573285,1496899,21267377,13928709,3793102,78496735,7381887,8123894,88546,582896,10931100,25257758,111233
14587730,1530023,20905705,13871500,3673003,78821164,7371589,8090673,75186,587640,11079505,25801508,114827
14741850,1421621,21274158,13800320,3673961,78326297,7137468,7856345,39142,532616,11075638,26768717,114940
14836257,1427688,21426147,13932439,3913432,78999085,7398285,8112237,8367,518790,10850021,26629588,113085
14290435,1421437,21089181,13718496,3783723,77696172,7335699,8054397,10423,515055,10720140,25169792,109560
14587135,1457364,20842966,13721346,3669442,78663426,7331313,8057865,10550,523234,11083396,26731530,115717
14820933,1433792,21427570,13892594,3787246,78593391,7334861,8054857,5943,525022,10982635,27056767,115795
14744108,1458195,21250585,13902218,3802891,78919270,7164056,7874783,32387,549492,10870185,26691169,114058
14513653,1443841,21395794,13923487,3886926,78714921,7552329,8292992,18847,534927,10803318,25182548,113286
14504963,1551895,20756272,13648504,3684688,78586368,7389052,8093341,60654,580821,11057555,26452700,111805
14670995,1430752,21160224,13754931,3666433,78042245,6921753,7845964,20377,528498,11045270,26694172,113862
14701856,1403711,21232237,13860269,3792288,79084020,7374311,7865298,14469,519209,10834297,26637237,115436
14519133,1446044,21181679,13811544,3789898,78624400,7351763,8067794,17507,530824,10595994,25277467,113464
15841528,2945277,22190806,14609237,4041931,82462868,8173448,9142573,882185,1459599,13764218,29497352,120376
14949707,1589134,21358170,13993621,3675740,78569796,7150117,8079018,123884,620978,11392428,27247284,115735
14893186,1701790,21492039,14124973,3801136,79071996,7362305,7867396,155805,668556,11029038,26668215,116593
14476377,1427282,21171062,13811165,3785096,78548954,7371673,8106985,17426,507614,10558140,25123554,112348
14405821,1591836,20834268,13799380,3807075,78341077,7397761,8120921,119376,627946,11187947,25956525,110111
14508544,1374378,20946778,13598616,3559233,77457055,7133472,8065042,16959,493432,10928725,26584145,107987
14762591,1377978,21287876,13829375,3900398,78331672,7355931,7869864,10868,499521,11057307,27278385,112779
14507000,1378653,21167307,13827902,3801031,78700246,7358301,8065870,12371,501933,10588410,25192332,114778
14360860,1422996,20740609,13714775,3788383,78681586,7355073,8085329,14864,527080,11117107,26074417,113451
14597136,1355871,21082216,13652644,3550361,77846091,7124601,8069137,16336,496401,10990293,26472687,113535
14837930,1342337,21349738,13841573,3905389,78472376,7339801,7853792,10208,496976,10993879,27373894,113653
14633797,1380145,21295679,13839601,3869389,78769904,7535460,8275498,23795,514400,10559408,25322140,114426
14151040,1435722,20490977,13533660,3776009,77426928,7326431,8047949,11081,525640,10953283,25702064,108105
14638855,1398469,21125752,13699388,3566858,78176957,7150421,8068543,18562,512887,11058601,26658097,112113
14617975,1374171,21163895,13799546,3796001,78524966,7161305,7666574,14652,506448,11060916,26537551,113189
14692800,1393237,21232496,13848961,3797339,78718342,7358476,8074340,20073,508312,10590501,25192785,115825
14335437,1408863,20985145,13818887,3788845,78655493,7357387,8097465,11490,520274,11111953,25226565,113083
20247801,7927341,29763416,18953546,7703454,80256399,14675282,15928604,1356165,1849274,19382582,45544410,99494
22509397,6964026,32794184,17594096,13161164,48504524,23074310,23959250,990195,1418384,26556754,66337926,45617
23651170,7457017,34093082,18220838,13652239,50221137,23855042,25505256,917708,1400574,27393369,69097547,49418
23661512,6943733,34475101,18238327,13854440,51002520,23850235,25084888,856897,1317490,27879565,70660509,50090
23746430,7326503,34445487,18462043,13938482,51384320,23789160,24711669,890382,1366190,28363557,70610358,51356
23861825,6670457,34912351,18425614,14065925,51039745,24248278,25944195,831990,1313810,27498694,69391067,49562
23735753,6469440,34121752,18278334,13915418,51214910,23907094,25127817,842207,1327430,27878752,70313420,50257
23864823,6411723,34583818,18268792,13761008,50649091,23815437,25292936,780638,1257085,27934070,71161018,49893
23146866,6795284,34376691,18124347,13407157,48318447,22430158,23696252,797365,1246857,25462210,65457976,47879
582475,303464,1160779,889383,386615,4008834,769829,793275,126562,157304,1034833,1033504,3848
18422643,5214594,26196963,13793436,10184137,37129816,16778784,17844488,666029,1039569,20273504,53904475,38847
24257832,6547502,35018723,18469905,14177067,51320022,24367214,25719025,771533,1252746,28083452,72494679,50161
24721493,7384776,35708506,18764885,14382644,52597144,24868803,26168482,842732,1348121,28386860,73083307,52391
24281450,7546833,35548128,18631089,14239127,51876036,24614944,26172300,876520,1374549,28477790,72324234,50087
24177452,7520270,35043981,18484684,14251023,52192023,24913908,26331160,896526,1375668,28753717,72885544,49967
24893705,7289558,35640454,18608314,14234843,51572589,24583763,25635577,862460,1321322,28821227,75108593,52424
24360422,6561703,35090453,18527539,14097554,51897410,24654056,26157673,818872,1293048,27974500,71431800,49979
24004383,6423714,35144046,18688520,14319744,51522892,24572831,25887295,775147,1264104,27881203,70388451,49292
23982312,6686301,34467866,18180021,13932343,51222437,24394694,25880132,780752,1256866,28422182,72843673,49876
24584201,6943940,35445405,18778552,14269348,51191406,24159147,25706942,831234,1321183,28916966,73642282,50988
24346728,6581341,35143449,18498648,14167249,51542835,24529616,25627411,745288,1239323,27981967,72618757,51003
24324775,6794417,35345474,18630545,14183901,51558636,24585849,26046715,797131,1273750,28097892,71611955,50089
24235998,6496707,35202968,18737407,14140612,52092409,24668201,26462725,801236,1304474,28747212,72069288,50177
23970739,6462076,35271254,18599582,14344396,51858467,24855306,26061402,763383,1252100,28053326,70615407,49460
15804321,4611747,22945806,12259998,9304531,34744381,16109562,16755900,519172,815215,17122560,45084176,33525
1023390,327500,1112785,584892,149217,3272880,739092,777453,100354,128316,1016112,2598993,5104
18723215,6426658,26191556,18469530,5080226,48034696,9201338,10021003,1269201,1449826,14138698,30422600,70326
23023825,2495439,32989386,24779314,5840458,43457837,11188604,12810618,406571,775236,18275173,37604353,18169
22796126,2359058,32975589,24735294,6004469,43459087,11144172,12326491,344100,702192,18108016,37135272,16676
22920805,2351046,33093495,24828732,5994711,44192640,11358022,12786706,349676,707230,17659901,36673426,16711
1884425,441709,2200676,1218614,354026,3766677,1162077,1512322,138232,187532,1867026,3437670,3641
609203,343109,848844,540393,331568,2580207,839168,869562,135455,160760,1154929,2274252,3435
834573,476864,1148156,728066,212739,2126894,211767,452661,114169,171463,955824,2218239,4020
2173099,1664135,3365824,2176561,621870,4841841,846741,899893,406895,446689,1829035,3880626,13407
12490044,1505306,19021754,14482559,3669489,28624926,7478161,8572948,339295,600346,12017558,21153110,10377
22595790,2350542,32499529,24511315,5843677,43803408,11319054,12732644,384966,740893,18045162,36431662,16003
12571009,1446977,18345793,13557280,3327437,25014943,6501281,7297317,292622,496503,10394081,21104564,11142
10480324,1326963,14566902,10768534,2677611,20721939,5574421,6677319,366725,586715,10754077,20546950,10408
22220781,2148446,32093103,23916942,5748942,42599972,10695314,12253810,275294,606250,17643859,36507302,16058
22260189,2131640,32206915,24011719,5881390,43099846,11163530,12322969,276088,611392,17427626,35707297,17072
22186349,2153608,32245182,24047369,5879744,43092347,11134050,12532765,274277,602746,17271575,35331055,16460
21841477,2163785,31846926,23906105,5894051,43077415,11173773,12547309,241880,594383,17630021,35724128,14955
22390065,2111918,32123663,24020620,5747488,42524887,10912044,12510009,272077,604308,17882585,36946563,16287
22393607,2186283,32121203,23954367,5854723,43193764,11103786,12473185,289070,614981,17623445,37164476,17428
22247244,2155485,32248224,24123692,5874997,43212855,11149955,12535852,277473,587533,17276392,35147672,16513
11271540,2054600,16956050,12742477,3153175,23235174,5488641,6012170,466918,628786,9005334,17917670,8590
798428,227075,950482,610795,109842,2692249,445600,694433,122836,149045,923404,2237866,3723
843868,85564,1169170,615942,464809,1993420,664044,452359,7799,17132,716701,2773828,3600
502808,95703,938849,507306,337982,1923299,636049,652163,8453,22061,227740,655723,2135
307515,59837,514951,382617,314336,1913715,631175,665725,7140,20165,721578,1421734,2088
86216,26707,1019296,563103,377235,2299637,699179,725584,33263,52710,850680,173880,621
416188,156261,747477,381253,306852,1622414,576574,599842,4958,20497,594835,849273,3006
413431,164543,738302,374059,304916,1632391,572652,595817,2487,17547,586941,879321,3022
414082,158234,871693,422522,389057,1661541,733862,760498,3244,19477,733559,854522,2762
322540,176346,652084,323113,287244,1318195,541236,560874,10386,24740,549049,604966,2269
300897,113080,657548,321516,292295,1316499,551920,572181,2426,16572,551209,628611,2019
304538,130389,652591,318691,290432,1332563,547730,567836,3184,17259,547048,600325,1956
297904,110391,651787,319229,290218,1298478,547298,567307,5598,19608,548503,589788,2018
303299,112315,647540,314180,290555,1296861,552582,572770,786,15301,545126,618422,2061
571182,229954,1567547,741884,510140,2894104,1155080,1196182,95048,124178,1134915,965227,1461
1013599,440677,1420840,977895,380692,3464233,288009,295999,118718,185320,979485,2344499,5343
853922,173798,1327512,719938,466478,2926384,909146,734396,10415,38690,578811,2402964,4069
632019,164288,1089479,620199,363436,2556088,705456,730377,5820,32631,318985,842087,3403
628545,152707,853120,504652,360192,2807648,895840,924017,7040,35620,1048461,2380450,3326
786097,165108,1075947,607512,236928,1969811,267402,512211,9184,38633,825608,2318017,3656
1058942,230078,1425204,406145,211245,1739080,770719,590193,39275,70834,976023,2791269,6639
23306721,4133350,30884670,16593372,12077282,68569309,23441806,24134986,653250,1090725,19930334,65863055,124356
2568353,1387916,3722207,1766561,879483,8231708,2173271,2334933,389692,548916,3309380,8395246,16398
882601,441926,1142449,591399,192063,3177988,677631,696177,144994,187183,1018966,2491064,5633
1236540,524242,1656922,1043740,460500,3862007,708477,512441,86088,123048,1008615,3313162,7182
8719081,2941488,11846848,7001195,2603735,34596249,4686978,5029256,500295,694963,7067337,18839858,60216
3399988,381696,3919108,2484160,794519,14836050,1764096,1916531,110013,214019,3025935,8238476,23615
71920,0,0,0,0,187496,53506,56293,19027,21806,80934,156223,150
79280,0,0,0,0,189143,55434,58415,21776,25655,89583,163636,162
78880,0,0,0,0,186786,55008,58013,20825,25291,89955,162651,149
84000,0,0,0,0,194734,58155,61389,23419,28694,97735,171132,145
92480,0,0,0,0,191767,56851,60043,31820,37214,109579,166086,138
90480,0,0,0,0,192180,57815,61124,32124,37669,107603,170833,150
92080,0,0,0,0,183447,57540,60863,33827,40259,110299,165703,120
1801566,521487,1783329,631037,177205,2882592,1558607,1875137,260678,238303,2141628,4969588,6985
559073,618933,1609968,1083666,397094,3785576,760500,778424,215924,257282,810881,978218,4061
497231,229208,712089,702875,377764,3400967,736791,776006,140559,188023,1140967,1847412,4102
1051777,626075,1468807,737291,125085,2441391,513350,787219,151751,194930,1102045,2542199,6249
1490930,884383,1733304,1527487,632142,8067510,989992,820669,256047,370220,1831079,3522919,7031
2870622,1418406,3942043,2121891,747429,6099897,1454231,1659847,389017,603142,3512786,7148299,21025
1272658,689015,1431867,1422899,271896,7596237,771588,799058,388765,463494,1460873,2005119,9171
1669414,1084669,2273526,1471690,142886,6531258,512785,708806,414590,482632,1539864,2883988,12424
1500218,943719,2091543,1541947,394555,6745834,519696,286152,233871,354202,1442169,2816471,10555
1195114,622924,1606180,1074282,393801,4173433,743938,762033,166970,180904,495024,919323,5074
1019770,962645,2155954,1639422,375723,7438390,743786,781794,426367,506072,1216033,1134211,7198
5839927,1697985,7616143,4458566,2746896,13858261,5198032,5557050,458904,495609,2085889,10850074,26457
7093856,3088625,16349872,8550496,5685910,20099670,8295567,8440670,961773,1310572,10945987,15046360,29966
17395158,6285676,24346940,14547636,11387847,27413791,17362109,20824473,1413544,1594716,17788486,32594276,48925
4517772,2721730,4603161,2976645,1848651,13303778,4851984,4944794,838045,786698,5778596,13917189,18496
1021907,340912,1029158,781772,254683,5381188,731072,769494,188123,269460,1328448,2814866,5990
1812991,863646,2203775,1517446,390618,6212633,615095,644675,253307,324766,1837166,3816642,11462
1026029,367316,1400617,1095014,532582,3952655,975648,997112,93258,143363,723983,1758651,3988
481928,317751,1043231,855248,379750,3322357,751291,791332,83336,132866,720858,846594,2811
715770,225503,798662,484162,262635,3221455,737640,765487,77829,123473,961994,2384554,3717
13414555,4746149,16879150,9120712,8031839,22061265,15720036,15354844,965469,1247673,12525865,37636140,40581
10833043,3152427,16162297,8627165,6752450,14353067,10993297,9889911,451633,654995,7499893,24130647,30311
376111,44772,544133,197506,8651,139424,16105,378359,2342,8066,400606,1324298,705
14290661,3708748,17465784,7204527,4237294,10312284,7422432,9232941,348332,700697,16159919,49025056,45596
2239230,2479083,5424302,3346123,1730305,9263775,2948686,3320603,499902,573671,1392564,2741279,12345
1255304,739166,1728041,1181104,401627,4813630,752451,524043,125892,158797,878841,2074313,7598
4766299,3548455,6477902,4099012,2029801,12807911,3892987,4135094,797940,714485,947859,1277332,16075
10357931,5927231,13116454,8580791,7603426,24947618,16733805,17404128,1547211,1698203,12639365,27112354,28395
60066331,61333354,87645550,47151975,34865125,94551448,64102415,67287882,6386083,8028464,75790960,176751691,188177
42254761,25670284,61612728,32377403,27522934,63732082,49611163,49701679,3160494,4425012,53372013,125338667,120393
65973821,31906837,99151978,48745059,42424828,79322732,76970381,81331861,2591153,4183547,86904638,208435892,174744
22813363,3814908,31557508,15157448,14450049,26676918,24366426,23334628,350156,850240,25400710,69233023,58257
12659243,8527717,21535630,11259506,8639950,27655626,16795349,15062474,1629820,2149734,18011550,35429875,42797
16559556,10227382,28392196,16816009,9859243,34056039,15385642,15973029,1759905,2041392,19294150,38329832,57852
27688276,14739800,39743368,21350184,17803285,51089327,28382211,28874387,2502550,3222450,26877924,74355469,83412
7702471,3100163,10698740,8595732,5684625,16221470,6141537,5404485,905095,1067975,13301354,22328404,29184
21520457,9345499,34528437,14924585,13515304,33713648,27692993,26331649,1897121,2423696,28915570,68572519,59343
43709580,13769215,59929209,30188304,24336999,57823448,40463752,40936733,2543178,3723556,56085919,143333214,126125
17330364,9299200,23405531,14354772,9563246,28554469,13082183,14186436,1773388,2096925,17722610,43362904,57526
23562443,13815331,27015915,14084395,9993396,38039191,21694787,25506150,2799448,3249185,29879956,79082081,77409
17630867,13692916,23421467,12848125,8171456,28831992,16790617,18705701,1956661,1900629,18565953,45696317,66960
29599966,26062510,49277074,27636489,21622510,56640762,39594667,37057074,3388554,4374153,40438037,80806617,89076
45067205,25182268,65834173,33260135,24742904,60095482,48085460,54607428,3629632,4858638,60589192,132958544,131785
37590235,22419005,51473430,27308713,22290417,56266730,42992935,41222348,3159226,4078951,43372925,102171642,110005
22852487,14744176,36719955,21096197,14864206,43513233,25900448,29631389,2923648,3529774,34736121,69174383,75456
20604674,10474809,29832475,18506557,11978613,45018547,19934757,21579204,2680623,3294843,26206139,58932612,84853
17257358,7967802,25982247,15310404,11374133,40274679,24093212,23511547,2308229,2847684,30126076,59629051,70074
27776841,15106206,38211100,20648652,15780147,48786301,31137536,32638050,2649105,3324734,35367428,77480866,92427
24550635,8484317,30979127,17328256,14480195,38778266,26998533,27557327,1760384,2384900,32303489,76164377,86898
31329881,17624722,43394387,24002298,20141616,50593019,34084779,32269137,2687841,3585179,45650651,116552958,106968
19733911,7631618,26291435,14764307,10730683,34378485,18773411,19727637,1672822,2081922,22847192,63589591,79333
18651094,6728495,28553809,14478561,10683537,36204612,20458486,21709831,1906564,2404211,28562847,62067551,72139
11606435,6306185,17952627,11047317,8087657,28875950,14739762,14605293,1446158,1640699,15037675,34692559,45382
10916881,8993132,18571927,10757669,7058590,20341880,12951441,13272023,1514650,1717740,15413580,26442979,39989
1449471,828989,1986296,1437019,661597,7056447,1201345,1238210,366275,373759,1384355,3751854,10423
3582383,2317136,6008141,3798959,1620168,12796089,4058348,4283287,800954,943689,3947617,8041462,16679
2121167,652388,1855162,1868372,1023023,8587500,2149229,2229634,474769,573448,3727802,6814988,14510
28357425,13604318,41794603,22131226,19514707,38745473,36074910,37505313,1944607,2717369,43069414,98744506,74894
33277385,22407618,43630054,21287524,15870716,42645610,32994612,34859634,2885822,3564496,37200426,100482577,98469
16585609,8538374,20513985,12757645,8807029,36102915,20587188,21445743,2080517,2355744,21891678,40167244,64646
8728825,4381329,12045017,7742603,4788953,22429686,8854034,7715373,1112229,1428132,10348712,19759403,34364
11235315,3490663,11948506,6947856,4660025,24033328,11674623,10946905,1409622,1554861,16606922,34458145,44415
19389722,9951809,29788097,16158933,10650057,34157365,17401242,21406306,2369513,2930501,26968790,55533238,64689
20034057,9744736,31192729,17434039,12722015,42498155,22423082,22734479,2213129,2734413,24265084,59749716,78295
29286355,12384709,40308262,22347020,16236317,52315885,31377889,31658343,2516149,3177063,35375058,94312308,103459
36240152,14900431,48094320,28491124,20520852,68666168,38502010,38319808,3169916,4234801,41931874,99124233,123276
28042138,11384019,42623564,22376072,16573775,57802469,34059210,33969106,2801069,3461498,35748618,78773395,105718
26503638,8092674,35103346,18719059,13737349,47096639,25810486,26979607,2004828,2665736,30301362,70242108,87804
21983082,7949542,31818740,17744343,13189571,40250416,24326583,24413120,2143008,2532232,30823819,68298948,83170
27741838,8983895,38814545,19580175,14033102,43421332,27945362,30731236,2161934,2696949,32933583,87261723,90172
25893511,8955433,36538176,19296010,13547940,43614993,25168474,26041105,2118194,2482785,30346673,63087700,86455
7159325,4115014,13248718,8406982,4289318,20949285,6582194,8025947,1377212,1653254,9678886,18337442,36145
5902103,2581586,7349438,4543466,2793315,15485494,4120113,4530118,902633,1053357,5721233,12885056,28972
3762321,3778945,7491168,6263877,3814397,18904840,7469489,8379065,1323729,1536600,9223445,12675656,21156
1620571,1567873,2919397,2314078,495988,10281636,926725,974041,656597,731657,1393879,1217505,10136
4789094,2987605,6604804,4541000,2305036,16237952,4302913,4466989,833617,715195,1790887,3850486,22628
3294588,2323812,6208517,4584681,2195611,13767478,4106901,3053361,828295,964830,6103654,8045917,19026
17471484,8255176,22670172,12984817,7975451,33645302,15592514,16205919,1976877,2355600,21004133,49346450,60052
22935942,24317267,31094167,16874435,10338510,38568877,20673518,20605015,4475363,4845843,30788226,60531809,81037
13952375,16432687,20177533,13154387,8791666,30547995,11437650,12440446,2546143,3414236,19763488,39739983,50293
7288629,3935512,10234027,6212340,3275274,19409302,6211422,6424635,1310074,1346302,5355462,11718896,30886
12421055,5710029,16585983,10964843,8800851,38060981,17213409,15168727,1650272,2081098,17180512,45534539,47901
7909498,4659326,12408615,8345917,4575669,25692923,7728590,6136699,1090221,1518674,7181675,16089607,37792
4524466,2789223,6603843,4639009,1368317,18145831,2578473,3166141,1179435,1329279,4657052,8773501,30896
5183906,5033654,8890306,6378596,2893601,19377914,4728478,4654223,1116534,1367194,4856615,9401111,29014
73186,97280,743046,432884,275002,816217,537557,560527,25337,59587,0,146806,470
35555,49819,434299,245270,169190,355541,331125,345142,936,14888,617847,67372,184
12078524,8006591,16769420,10451302,6144259,14670170,12391759,13001125,989966,1255649,17157870,30163468,30537
1141992,1066404,585295,194447,75204,1078918,616277,647531,79757,98499,834636,3045731,3435
306710,75789,773375,979756,612486,1561686,535668,559467,13099,32713,696546,771506,1284
865416,524114,1610758,977942,1866877,5112542,1595090,1084718,98605,134369,1431737,2112126,3162
36275,14031,461583,270415,280432,449866,557302,356950,2632,11772,435067,67572,181
42788,15211,391708,288026,320282,746466,636617,361887,2778,14059,449101,84554,233
368508,482700,533384,533957,654025,1475740,1299397,576482,44765,63713,762391,831543,1514
77309,29766,111279,326255,644612,1435278,1280664,371961,8127,21108,477626,149030,398
420497,64696,608071,480126,290420,837625,582719,539340,31565,48375,720211,1092933,1339
488827,65972,707300,288369,11864,171810,22089,342127,2265,12534,444378,1295957,1337
526994,72593,762596,434616,11766,196559,22227,343131,3867,14290,449766,900236,1474
577479,83223,835599,509666,116769,215579,26705,254851,2750,13629,454812,873569,1637
486948,67289,704493,430557,165595,179901,22943,24552,1452,12150,450266,860117,1407
740454,137701,1071301,663701,242116,633131,32875,35181,7566,31507,666451,1261128,1794
19514360,4185333,24983347,14567331,7407860,21233852,13020545,12811513,420411,652950,20320339,47523493,65352
348080,62604,503617,311345,168190,546289,32919,0,0,25045,458780,885102,1234
329680,47658,477380,290789,165400,444917,22272,0,0,16990,445881,863152,1058
338800,51682,490243,301509,167503,465233,25798,0,0,19613,455138,869908,1032
329360,57306,477041,291641,164185,404682,41340,0,0,24097,440143,859156,724
482640,69804,698837,425583,245856,500400,487876,0,0,0,661097,1271950,1150
331760,50792,480031,294503,165400,430820,328025,0,0,0,449267,856896,982
332720,52938,481377,296585,163381,462825,324295,26854,0,0,496193,853287,1040
346800,54276,501389,308143,170219,502579,337029,32867,0,0,971370,885633,1061
615920,506532,891279,581323,269488,1155420,537533,277920,64925,0,2617832,2813111,1989
3655557,1054696,2867752,1979037,667314,4875694,1329675,1157571,332831,336998,1640949,8617729,16304
395287,87943,883822,541503,243029,500426,332699,347301,6028,8471,42037,882754,1360
333680,70847,724722,443523,253299,442660,328113,342382,4860,6901,33403,860099,1062
333440,81537,726507,447470,250483,468680,323331,337374,3784,5723,32883,852831,1149
604400,616540,1110322,1084591,618336,961793,533438,559016,70422,82472,466452,1443156,2339
490400,70156,709904,584065,335847,768628,488163,509295,4500,7247,45887,1280774,1586
480480,93240,695094,654389,357846,942533,461656,481744,3572,6899,48751,916688,1472
378960,66707,548174,355795,626574,1412939,1020838,372271,5732,9708,67400,159186,1206
1022160,360545,1479108,975233,491724,2876287,1283543,1138049,111941,36505,147595,279535,3452
598640,449498,865786,544357,283635,793457,342367,360850,38567,55259,1493522,2815789,1887
603440,485497,873144,576173,259310,1207894,299829,316252,66688,37867,1351952,2579917,2157
722400,489113,1044930,671722,327699,1026745,1256806,1311924,63149,79290,697240,1260106,2140
568160,448361,821876,528104,255647,856744,942231,983601,2426,56175,476711,842440,1564
328720,48228,475619,298201,157410,447633,487416,508793,1860,13164,33649,75982,211
335200,50373,485137,304494,159623,471666,579161,604558,2780,12989,38002,87992,236
366320,400445,529813,339770,167150,460015,504753,530287,45791,43257,37557,79093,206
952720,576271,1378377,897246,418451,1636458,897302,940222,101416,114437,979745,1819155,2328
347040,51839,502417,315188,165189,499520,30078,32061,2147,13650,943717,1748017,2045
329920,49711,477286,299046,157769,442548,318548,24295,4930,8546,679089,1252425,1442
333280,48598,482187,301454,159614,463533,319977,28299,1113,3543,806359,1482606,1665
790960,541783,1143935,746150,352062,1257555,700441,1283119,17508,54914,928485,1665652,1972
656640,100771,950244,594437,316578,895821,636069,931025,10189,38193,61029,133274,342
476640,77736,689940,435570,227711,601192,458195,654899,11653,28829,43062,92889,229
361920,58640,523212,328292,168883,593983,337319,423535,1402,34150,52290,134601,388
358800,61422,518819,326543,167415,558805,334842,350040,6422,35177,0,131617,364
228049,53802,467198,293400,154053,442519,309146,322909,3090,18500,0,71708,180
22886905,46325766,30976473,23262425,9115708,35398162,16758208,17154179,5134392,4781474,30044318,52513614,52631
712749,249776,765846,495865,241705,760724,485802,507233,2219,5254,44187,1753464,1864
556745,76344,596678,297864,164835,354256,331049,345757,3242,5142,31139,1462591,1140
491917,67859,711356,295728,157464,434011,316011,330057,3060,5234,33389,1250735,1496
578151,78303,836581,303584,159628,465621,320031,334357,3219,5668,38890,1462057,1720
557785,81886,807178,293074,152801,469917,306216,319903,3662,8076,40852,1365149,1796
651431,90307,942718,426321,234140,495895,470156,490852,2668,3325,41423,0,1453
1296783,216336,1875494,407147,176639,729728,353087,369350,12757,13941,84427,192133,3793
489745,67296,708696,442269,157451,438454,315974,330019,1953,4218,32327,76613,1492
580092,77945,839629,524553,159620,470706,319989,334313,2529,4774,37992,88540,1749
590807,80829,854981,529233,160609,375607,322251,336598,6234,12633,49880,98920,1061
1045893,148115,1513090,934785,320993,1048992,648416,679231,52037,74984,558996,949332,5088
464654,83240,909193,567019,200632,471672,327698,342369,3270,13941,38102,86732,297
486000,115154,952835,603897,313588,644988,460707,481048,14562,28727,43584,97026,263
473360,1717319,1726453,1097762,548413,676700,410788,435731,77259,89672,167931,300097,535
346240,108902,1025583,642425,345346,514329,326736,341443,8132,19377,50662,111188,314
326720,52769,571815,454652,247542,488303,316588,330679,634,11285,33254,78850,206
524906,528976,1137112,1024856,630650,1509427,714970,702832,78533,103631,579952,928599,2229
1760577,515577,1007174,710565,258763,1156521,407777,416601,129634,149470,684077,3289188,6349
840189,124494,539193,345973,166906,367904,48670,51796,4801,17062,485028,2073569,2645
596277,95656,501344,320658,158734,232489,27185,29017,5982,16982,463891,1462398,1800
496152,70814,480963,305792,155539,189818,23012,24563,2850,13785,450891,1226602,1382
658663,91554,716560,456312,231344,493828,30428,32485,3568,19286,673037,1617066,1968
821391,116228,526667,336804,165034,574486,47186,45287,6131,17178,477564,2033514,2277
1044495,158200,538381,344927,167570,613037,338293,47679,4196,7977,483771,2570548,2987
737686,109124,503161,321913,158973,530862,322376,28474,4178,6763,464305,1814272,2329
502651,72614,486841,310136,156412,470593,317627,24014,6341,8426,455927,1241644,1544
2191451,344368,1735059,972576,389269,1982341,795556,452717,142595,161007,1254300,5376399,6745
597329,81908,864535,536677,158124,496421,320478,30041,4947,7086,456046,845072,1827
631531,96401,913717,578114,151659,495173,307283,64246,7202,9716,434040,804453,1885
851860,147972,1232348,788551,230647,724878,468670,489994,3283,8744,65234,285234,2301
1447016,1268228,4191505,2896893,965890,6050670,1964902,2058466,393860,450756,3118801,2971003,15425
0,0,0,58851,163291,554830,331408,346541,6299,18759,467986,1571472,0
0,0,0,56740,233287,674817,473224,494652,2943,19223,677320,1853803,0
0,0,0,40549,155520,446624,315461,329764,2801,13251,451669,1235823,0
547263,0,0,49376,140069,505304,307084,321096,4041,15705,441566,1546804,453
496882,0,0,35519,12023,406568,315234,329531,3366,13821,449609,1232471,1337
494840,0,0,36215,12114,436827,315225,329519,2252,13495,449803,1224140,1459
747662,0,0,56867,18597,683609,475269,496821,3701,20146,678691,1848716,2210
1133384,0,0,73624,19999,722191,363916,383851,55700,69408,563710,2644357,2836
746299,203127,374954,290875,16747,1207948,371561,384258,109825,123843,611640,1056161,2013
695120,207265,787446,509370,228107,2583706,1509529,616491,63381,85119,814514,1468403,3321
331040,52696,478949,37817,12008,0,488037,509867,3396,14135,447646,816254,995
498560,72487,721092,55920,18209,0,725673,758145,1808,18149,674507,1221844,1507
347200,58213,502369,50987,15941,0,579552,605680,5748,17572,463384,840786,1059
480720,75603,695516,57538,19060,0,730936,763565,7160,21606,653428,1190398,1188
485760,91029,702866,44955,15243,0,624101,651903,13036,27060,660629,1182842,1275
360960,61383,522697,199165,21107,301625,834648,894206,5080,16312,475070,870068,1087
360400,61928,522179,334296,21465,325859,0,802810,3979,18194,476056,866892,1102
493120,70274,713284,453097,16294,263413,30863,679214,2504,20181,671293,1210358,1448
342480,52576,495355,315076,14449,222287,26918,598231,4424,22013,459809,835411,978
648240,568347,938022,650285,137510,1525402,284155,1079027,8967,46709,823873,1371948,2480
607920,473382,879368,582847,381235,1184573,780839,487953,59947,76708,788665,1403360,1817
337760,51890,488902,315840,230555,603714,473587,246677,2184,4327,348835,807348,1021
507840,80662,734736,474462,376465,992304,773241,493976,3878,6311,48210,1020690,1529
345520,59835,500302,323405,289679,738700,594865,333978,3853,9236,46686,95078,1019
334560,51226,484205,312456,232450,570400,477351,327575,2546,3448,33494,74092,961
542800,108805,784980,510908,333246,1720059,1372678,763365,12836,14931,88097,193442,1621
336800,52869,487556,314181,153907,650217,535429,559799,2070,4777,37105,78458,984
496480,76712,718241,462852,227919,813070,667229,697596,3018,4954,44024,99640,1371
334560,57568,484147,312575,151470,703161,543645,568389,4593,13346,37989,85136,762
332960,50528,481864,309327,153177,494360,494198,516694,1260,12803,34837,75056,193
341920,53932,494787,319315,155156,486581,564891,590604,2983,14554,38326,87661,213
492240,84620,712348,462907,222552,609102,620041,648306,11166,24484,44025,95910,236
368560,70771,533389,344971,164464,581980,931806,974215,3729,20188,64747,141359,368
567680,551248,821595,538087,250666,746908,971464,1021726,83654,64641,62338,132668,343
194323,53849,470655,302067,149309,453584,466096,487312,1624,14172,33807,71789,185
43156,52963,496936,320987,155471,476021,430900,668764,2411,17093,35730,80092,216
37787,50691,483244,311976,152842,450564,313050,500067,2849,18648,32632,71582,176
43680,57458,498886,322412,155924,481574,319124,606586,4609,25085,38744,82469,203
1442680,1211279,2604191,1862089,641370,4318575,1322255,1415909,279830,392079,2112145,2856204,6138
41393,58335,495642,322977,152907,470736,313184,327634,5547,23504,0,0,274
50260,45423,482201,312359,148367,530367,303265,317334,3515,23274,849658,0,282
73067,33992,537254,348585,163772,623211,333921,349541,6682,19699,1423427,0,0
61298,21561,518195,335795,159948,522886,326268,341511,5614,17886,1096407,0,0
57795,21237,734176,474642,230046,698495,471283,493127,3684,20634,1048853,0,0
50363,21275,489989,316442,153780,455879,315146,329684,3695,14867,701948,0,0
46235,17409,492956,317468,155236,451234,317537,332265,3310,14593,817712,0,0
37907,10450,153228,310566,153292,438963,314039,328624,1102,12842,685875,0,0
325386,53721,470787,447525,186409,696752,372593,391868,36288,49638,790008,476480,0
917659,158226,1327800,866292,298244,930046,612422,640506,17991,38537,62472,139864,0
980136,150793,1418082,915509,164722,578153,335583,351426,4860,17793,58882,135178,0
725809,106712,1050360,676576,158559,537558,324099,339206,8258,20682,59537,114467,0
496384,71393,718161,462717,152821,439405,313026,327464,1847,13562,32270,72171,0
166778,70645,711214,457788,153175,403041,313802,328293,1544,12527,33635,73771,0
0,100370,829757,535712,151433,486734,309667,324051,5197,17168,329081,85864,0
49947,0,997252,642979,303837,660912,466852,488284,3386,20018,677304,105879,329
45151,0,866293,559771,274630,494460,319183,334003,4538,16976,465631,85434,208
36560,0,722717,464974,232508,433768,312997,327409,661,11580,451572,70520,193
47717,0,825820,530789,265013,472658,315517,330060,4205,16210,461055,81292,250
91641,0,963261,648715,272085,795712,400172,424296,75536,89551,627775,170873,476
1092332,895688,1323856,599330,281115,1253457,793630,832725,108505,140284,1249895,2350225,3901
42971,17194,495102,570002,281999,752348,317152,331875,2906,15141,461187,81459,209
50541,20369,502810,585822,290283,736668,320567,335448,3828,16474,466165,97817,286
51175,18813,505389,669837,332781,814748,321721,336704,4582,16991,465023,98414,263
53002,17486,707053,628600,319637,689681,466030,487343,6433,22131,667587,97962,303
62505,22878,924088,759093,369410,917405,598746,626110,10865,32118,872139,118554,282
71885,24279,103983,753795,508572,1183664,372980,351383,3996,17498,483357,138539,406
862771,138170,1248533,752815,277513,1388743,571069,695680,67916,93609,1023519,2071360,2564
713634,113987,1032420,332410,17059,253970,31787,339558,4405,16477,473548,1713011,2107
797944,562568,1154596,712520,27549,431665,51331,683202,57708,82046,992512,1831642,2127
39416,14558,56506,316865,234821,620383,482260,327624,5013,16452,458779,73304,204
56597,21101,81799,430153,342232,904332,702731,483974,2987,20669,671647,554591,314
581634,106400,872070,564423,500319,1219192,700076,690397,54458,79850,997172,1712081,1794
344080,85025,865768,557849,0,219710,26443,332106,4639,16113,461392,815988,1067
339760,79591,729974,471709,0,189454,22767,329811,4698,15904,459404,809784,1001
341600,87632,878690,565776,0,208503,26668,332417,4181,15580,459692,815091,999
9547164,4705684,13749557,10192351,3512106,20047629,4688876,5997148,1388381,1822116,10778399,20607893,31500
3348381,1371454,4225627,3311312,1224870,8637530,2147908,1168458,320466,496186,3916889,6492076,13171
24795165,9172001,32107586,20907579,8792412,35480164,17820552,20329638,3706525,4451958,33522749,62348307,80710
25597935,16413391,38689610,27074756,12573867,46534658,23580219,26533031,3492137,4423666,28172128,49414170,77029
776360,164406,1123010,367191,191558,657520,398713,421643,35039,44914,159752,0,2730
777480,149133,1124986,456639,255632,806321,522962,546966,10810,4851,49960,0,2575
794665,145265,1149740,427853,251411,660035,509836,532737,10531,4016,48170,0,2102
3381801,1417686,5042352,2997046,254770,5482951,1635284,4105637,569040,615160,3583764,7252508,15594
38914,51791,470519,269323,179085,438805,350607,566501,6705,21117,47875,74708,259
50664,15449,482962,275170,183828,518251,359423,447894,1348,23233,728680,101134,325
51305,15843,483274,276998,183892,423368,359540,374840,13048,42242,993401,81831,311
49613,15963,680964,387873,263730,535692,516677,538374,5381,24786,881906,0,304
39008,14724,465612,268933,175594,441387,343592,358142,1656,15858,677096,0,213
39526,13018,471007,273875,175662,460886,343729,358281,2058,16287,679184,0,194
43946,16878,445928,260927,168257,368213,328999,342955,2285,16225,768140,0,243
148112,38148,213770,723349,375431,1811988,729136,762737,112612,234793,1802881,2283246,574
1323516,190087,1914771,1146024,260614,852777,508682,530625,10155,8473,73050,169091,4177
878933,133776,1271693,761978,171513,600687,335439,349927,7677,9637,54668,118491,2779
589103,79113,852085,507615,168126,486522,328679,342645,4297,5307,37734,83096,1786
562182,69109,813202,482457,167584,452944,327625,341593,2152,5080,37716,83380,1605
807724,639052,1142438,725776,312280,1433921,670242,701425,77808,40271,908367,1789830,2787
477520,64987,691151,49868,15603,247507,488929,509521,3579,21486,891863,1767531,1482
483760,77453,699977,55813,17897,276920,476374,496535,12064,37822,996568,1945707,1615
768160,522176,1111077,1328684,800721,1942310,714635,747551,61933,89137,720734,1379278,2270
350880,60702,507336,781490,481369,1065534,341660,356387,5830,10535,62012,129570,1151
330400,49990,478036,568578,349727,782293,331443,345686,2856,3971,41129,93396,1003
315200,46443,456072,412054,251489,612782,318695,332199,2342,4149,31747,72730,1120
477760,64710,691513,460269,393615,916831,652809,507497,1378,15473,46368,107620,283
319600,41868,462097,275338,256796,615485,502987,338138,1023,10217,32945,74229,180
324160,46645,468840,280518,257587,645070,504980,340332,1979,11681,32048,74245,189
336800,50632,487488,292727,370440,873879,725580,348857,4086,14059,49599,109937,315
741520,531324,1073470,674128,244677,1233717,484515,710804,69537,91976,1684445,3330514,3651
484480,68985,700947,419379,204718,284591,33488,316277,3154,17820,1070225,2114097,2453
566855,1937476,812689,527589,228965,438369,168795,190194,168620,179551,1697858,3213963,3280
2041942,2013391,2840043,1960114,761574,4146690,1478894,1760024,318947,123621,2181277,4210004,7194
54310,74697,513199,316444,171851,610491,336090,350509,15908,29339,0,0,534
42340,50021,472907,284062,166741,489568,326504,340320,3535,13586,0,0,0
54977,68449,697088,414324,251922,660862,492868,513741,2718,17529,0,0,0
39736,14441,469526,281975,166258,496541,325313,339106,5525,15517,684411,0,0
50416,15730,464642,338345,234937,701190,460804,480163,12928,26460,848704,1822700,0
67140,23919,96972,63909,176610,577716,344460,359476,4828,16534,1378225,2737815,0
43378,15253,63121,42083,167933,487091,328325,342333,3232,13255,804127,1594111,0
49780,19475,72292,48048,171188,531288,334716,349090,5213,15252,952299,1896236,0
49463,14446,71368,46339,246531,649481,482506,502825,2638,17225,880083,1742808,0
683171,110539,988301,594762,346048,1543809,681371,713113,80095,103817,1023901,1886622,0
595484,84422,845866,504789,161732,517800,316189,329679,4333,14237,38294,83642,0
0,63030,697989,414078,165801,439088,324338,338044,2787,12165,32189,72786,0
0,66860,824199,488156,168045,483724,328501,342521,2731,12357,39831,88316,0
0,87911,952981,567441,247638,673803,484885,505323,4059,18081,43056,96415,0
0,294121,890284,878501,302461,2455206,585010,612774,201201,223948,713712,793777,0
90010,0,0,84628,209433,728865,359298,375044,14736,26340,494128,1403375,605
274611,0,0,0,236690,447873,312445,325687,4252,14097,418968,829685,781
327760,0,0,0,0,498742,328520,342532,2510,12322,438906,871689,1064
470960,0,0,0,0,663342,478004,498146,2787,17142,638773,1267246,1532
325280,0,0,0,0,491072,328524,342537,2990,12558,436022,872807,1039
323120,0,0,0,0,445454,330742,344741,1656,11117,438086,875076,999
475440,0,0,0,0,633336,474634,494560,13331,25691,640330,1259782,1315
345440,105294,1452007,0,0,513473,335954,350719,2917,14516,448673,905540,1159
370000,765183,780790,0,0,202921,354777,372953,41150,50496,504466,958336,1083
533360,744178,1312302,0,0,300149,520749,545129,39587,54507,719421,1394857,1619
999440,820035,1553659,0,0,1259153,869945,911584,136531,164161,1291994,2389120,3573
329920,16345,55351,0,0,661315,330776,344781,8046,17469,445180,883568,1000
329920,20589,71311,0,0,728841,328635,342649,3935,13811,440068,874564,1084
322240,39853,456547,0,0,1286501,325027,338803,3334,13052,434659,861318,1020
477840,65995,691502,0,0,0,486094,506684,3518,17705,647765,1287263,1518
323200,45762,467901,0,0,0,326107,339936,3052,12576,435770,863618,1009
357760,64112,517674,0,0,0,346741,361866,8135,19637,468122,931218,1181
344560,50284,498372,0,0,0,343556,358357,2306,12878,457042,915947,1047
323920,43740,468830,0,0,0,330718,344717,1745,11031,439790,875058,978
518160,415889,749582,468671,0,0,497450,534868,28867,43356,701085,1361731,1592
329040,45919,476229,283478,0,0,0,348941,2377,11861,443384,888119,1015
2285120,755223,3305145,2093064,303414,2016964,36080,2751905,153021,409228,4577688,7338427,5478
6674021,5288943,11206460,7820917,3540425,17868229,5782538,5900250,1785038,2123427,11925243,19338517,30654
20923351,9613020,33665750,18962472,11211960,34323103,25411627,27376939,2242324,2922717,37884640,67458242,64836
61088384,261874011,85117599,59534636,21088107,70803654,44827997,50456666,24244331,25007357,82806312,127481028,112829
21511636,70741089,31623428,23786887,5931719,33679055,10756297,10360384,3108339,3639645,17907220,32263337,25837
24600191,48825465,33685919,23309542,5634533,40659048,12646933,14074369,4124355,5167882,26627631,41793559,29237
15578917,27320997,24041584,17820456,4275967,28056508,7995719,8911655,2876918,2948136,10449313,20931475,18229
28636101,49048051,41182330,29896009,7209586,47945558,14267745,15792440,4864744,6017727,27965852,46669499,33441
30319916,67171681,42537269,30766699,7595463,49177098,16218124,16730407,5888371,7012436,29664683,48427482,32319
29509500,58495673,39685614,27694381,6868734,47417407,14188638,14910602,3753924,5958309,30092340,49280067,33336
23284733,42396330,30361704,22846682,5491835,39496579,11851403,13237458,3504317,4311334,20848004,38851180,26688
20709018,24232948,29744126,23706386,6229808,43678786,11184844,11992650,3139337,4725790,21665406,35042428,26539
19302171,14371138,27207111,19671175,4319111,28789099,7168569,7825289,1468860,1602790,9496272,23436365,20518
22411074,43184209,32827674,24920693,6337200,43411003,12522872,13753291,4487945,5910806,21022932,33875676,23359
20988232,34105039,31602304,24845795,6104583,42106021,10979712,11414800,1579212,2108247,18239220,33766201,30229
19646569,21123899,29443685,23642111,5502531,36920027,10140532,11228030,4014533,4276184,18585460,27987402,20245
26095673,38539169,39766287,28743104,7001019,47395091,14920865,16404915,5439235,6010109,26841816,43295274,28107
27641075,49792044,39934720,28974988,7168883,46645109,14495564,15889044,4611828,5743364,26198454,44759061,27795
31922217,81076100,42889277,31796068,7720282,47135862,14785048,16227458,5724584,5639473,28593210,52563422,40521
24324983,28116663,36121333,29294838,6872157,44913665,12728154,15354189,5902445,6044469,26685085,39192417,27064
28610264,61763998,40871715,30792765,7392414,45949049,12643504,14637749,5191521,4745045,23723929,42481887,32876
28823576,69221775,42407700,32739106,8361781,49209365,15039641,16918352,7121535,7517563,24912947,42662210,30303
25557741,47942884,37878307,29555820,7056351,44907512,12533909,13217855,4353697,4981963,22679236,36331740,30330
27219877,59211266,39437737,30028398,7513766,47185039,13260906,15167272,5205430,5879967,22638892,39028193,27251
28135619,56688790,39171716,29798562,7374086,47210196,12997651,14735216,5076148,6368949,24201474,41494267,26424
25406005,32260361,36542860,27525223,7017542,45677753,12940277,14523240,4779701,5582669,25768193,43755318,27124
26880093,29331827,36799871,25364574,8843522,40018954,16569988,18314254,2147565,3913073,31715101,59498658,67551
31802812,48700771,46356672,32987291,11390598,53011499,22586416,23131494,5580811,5628266,27089479,54845071,44401
29216128,22244183,42577113,26430851,11833208,45287663,23466821,26175778,1923828,2558203,32548744,74767019,76814
34155239,18052541,48601091,31545098,14813073,54030154,27659627,31854579,3559378,4345263,45938012,96051917,89144
25651423,10999947,38577350,25801862,8779937,42485443,15567956,21644791,2087655,3052365,30678125,65411459,77925
31397692,10348238,41494882,26178019,11777102,45467893,21875803,22214038,1897076,2742494,36910528,81872546,97467
23959892,11031717,35592112,24218121,11304846,46204032,20547990,21175280,1686657,2139944,21734707,43111468,58530
43282207,12533207,58861429,34633132,18788206,57772941,35899740,36271125,1582022,2598427,46358724,112368987,122568
38537012,9582436,56280598,33855617,20444151,58597438,43225120,44946821,1356047,2433967,48802140,102784400,90515
39131251,10172774,58210945,35070634,21899704,57707009,41799708,45046987,1630180,2696967,58723188,111946725,104750
31743074,9851230,49578973,29947960,15877201,53170118,31032588,31126604,1451989,2398937,39582893,87191431,94515
32261661,33181748,45132753,29134408,10941908,52706896,22222127,23799517,5111800,5881451,35962476,76707860,69320
29182274,9885342,43571114,26675891,14467501,50517351,32095618,33994796,2007348,2832098,34259716,69077708,75816
34742006,13456384,46935243,28657751,13541521,53981706,33908665,39219245,3075952,4002294,46625839,89247718,88244
35454520,58113471,49848156,34620934,11273830,51482891,21139763,22558202,4626956,5065635,39915126,72892826,70532
32592495,24683861,44937707,30374628,10159148,51871774,20200335,23144706,4157204,5024010,36023656,71326704,61181
22798925,44698227,28679684,19195669,4924693,37557125,13349381,15511506,5855443,4884183,20631600,34957910,25833
13413584,2079351,20592458,18122419,5240892,35912784,10941041,12325307,4353776,4764005,21160987,27186899,13138
18213875,41057455,34172044,26687293,6707745,40310473,13186195,14758322,6702940,6567601,16629723,23170370,15276
21209451,47651881,29166847,21981073,5275812,32139788,9161904,9957635,3091330,1425296,10140078,25888622,21693
23872676,46331254,32720438,24184590,5776368,34707990,9948318,9498973,415012,1560422,19779684,39574178,27331
22777087,65086652,30590649,21484807,4693457,27640877,7562979,10273555,5149017,6951479,25870558,39917792,27094
15226248,3510825,19677284,16415342,4636195,35460814,10962146,12358002,4393058,4868943,21972500,32027468,17584
16352254,28596584,31491213,25888317,6440048,39015775,12411542,14008182,6577436,6944838,18851832,23566884,13086
23408999,48696945,30839104,20767676,4454005,30296732,8347151,11583947,4473443,4949383,23348574,41768729,26675
20770138,47143997,31444714,22956737,5586759,34687015,10769401,11778719,4458280,3435428,9819093,22140638,16933
21696407,43585628,30005426,23011036,5711409,34972655,10107133,9973189,1247254,788201,14729611,34216739,22891
26116734,69706097,34835111,25178306,5588597,31762956,7791947,9318469,3609125,5947995,26795525,44609605,33320
19755944,45541067,25201666,16735628,3490670,25163063,7205156,10196801,4412381,4803439,21494569,36170070,24497
18384493,10141856,23429018,16932518,4603727,36543276,11675272,13190739,4566717,4990153,22004881,33852149,20058
12954211,9236058,26066549,23651236,6344090,37940001,12412284,13657355,6299324,6671126,22186950,22133743,12187
19488158,42980678,27547219,18436339,4164573,32389690,9293950,11451496,4617553,4978524,19807597,31341643,22121
24289655,59483952,34544161,26081260,6317205,38582149,11637346,12394533,3906182,2221577,12979649,30014777,23187
21214224,55815206,30412673,23037074,5853487,33215816,10435530,10912452,3291433,2235274,10959344,26476447,20596
11716338,21175827,15988486,12406299,3011293,22103930,5892939,5499559,466284,899668,11173004,20178570,15300
1393023,1206064,1945007,1369015,479684,4013024,732138,523181,204312,242533,1171777,2976893,5416
595278,668138,857637,892970,362402,4049813,733973,755056,261149,304107,1183226,1623025,3029
1187012,932719,1253199,690833,127261,3555322,718684,759110,304690,335899,1277224,2492543,4761
1109409,967839,1546863,1089355,362480,3403062,272508,283901,187675,279283,1164249,2265832,4348
1175096,965323,1603778,1118941,365787,3869822,718780,748222,192663,170346,475154,1670112,4463
8793954,1723532,13452742,9594333,2234900,17649488,4322465,4873036,399855,580616,6783213,13372804,9184
21032833,2787745,30013629,22614914,5427900,41436534,10734103,11949485,709420,1043785,17559744,34661226,16997
21435619,2867921,30700472,23035833,5507359,40305412,10054724,11382883,443713,850672,16897253,34767819,18188
20961902,2672899,30151053,22416409,5378662,40422091,10169947,11549112,476828,747773,16027007,33562025,16997
15740176,19199398,24187985,18914027,4809262,33818627,8617330,9698544,1999862,1604669,12941228,22076560,18010
18919640,15671924,27378612,21998630,6797567,38911891,11628507,12551253,5347238,5792958,22264065,37081942,25717
10954589,23727850,15386839,11835557,3038237,21069654,5325311,5698043,1460660,2915898,11535226,17569861,15582
847885,602402,828723,621736,241354,3858553,742483,772556,239748,279889,1189193,2341696,3855
1149068,947744,1564426,1087103,247355,2783703,268622,509577,229681,272041,1171502,2405583,4525
1133626,909073,1536826,1051982,354756,3658645,728812,523926,123817,157919,846117,2491459,4432
836552,929393,1547420,1081949,361995,3767632,734929,767988,233068,275225,463001,862324,2996
871672,642980,1104960,839620,354283,4040970,929866,969600,286127,337478,1566447,2487736,3828
1831581,1240541,2245746,1559831,451157,2888939,292617,546477,541404,601988,2206123,3892296,6979
1139264,974499,1596350,1103128,365852,3900275,740731,519632,137977,165772,807151,2346945,4535
864473,902227,1550238,1061761,351540,3776776,716029,754318,235221,279722,465065,862974,2978
567909,551340,811112,827754,356154,3718662,727437,755038,219240,263114,1148987,1545002,2961
1138786,949800,1548465,843535,126016,2763069,491910,736640,228155,269930,1159416,2384851,4428
1382362,1063785,1854825,1251565,461337,4066259,724238,526338,162347,208271,1194633,2488336,5113
18604488,2673395,28401333,21690163,5223145,38647994,9672109,10641444,531468,837106,13827509,27737822,14159
20412924,2631557,29560523,22644689,5497114,41129775,10490287,11773014,657878,1004086,17273627,33657987,15300
20741005,2686607,29870685,22324145,5149112,39250056,10023994,11527254,544918,873846,16863501,33887865,16855
20341356,2795865,29813377,22333108,5370818,39759821,9824398,11122833,514693,893301,16582525,33326158,16581
1353244,1107310,2235686,1592508,458516,6171589,932995,987959,287753,289344,655393,1770788,6898
665262,284272,1375344,1005031,366172,5396801,743265,775172,190382,257138,1283683,1675546,3437
1318882,519382,1386582,801111,124924,4612069,602122,710143,172173,253295,1277290,2544348,7593
1271119,647688,1761500,1253905,351956,4452411,268433,283476,124198,260300,1349002,2590282,7054
1281989,675854,1804988,1282204,365934,5310039,743140,771663,108292,114221,535776,1683169,6874
663874,440009,1751820,1230301,463347,5827939,925634,966322,217404,305474,1314566,1802587,3678
1244100,455543,1340612,971374,125983,4521426,501777,764899,176459,257790,1308946,2483635,6824
1403219,1073737,1956132,1449935,364695,4968363,500514,288063,226101,292940,1380825,2594410,7886
1295753,658423,1754133,1235642,335654,5330826,692367,731877,120563,130928,548185,1797854,7155
660853,459082,1749802,1254128,361533,5345236,734621,765997,183772,255965,907291,901421,3589
1293718,475693,1365552,982816,242344,5094353,708704,962541,221534,302091,1667821,3428968,6779
1312605,750878,1823237,1314635,354252,4613623,500455,285763,148729,215935,1363635,2610350,7175
1338943,841871,1883856,1359509,364626,5315486,738385,765907,179549,242814,619333,1700042,5488
694953,539893,1829183,1495827,456907,5743221,911896,951002,219262,303740,1313100,950887,3742
1014556,460785,1274396,781210,243676,5022382,734407,765627,228624,304190,1370006,2521059,5312
1381373,810607,1878342,1335454,247747,3894970,271335,516514,212030,291866,1345667,2608278,7418
28788452,52566188,41779197,30102874,7328664,49028849,14979389,16203534,5157868,5985893,26380158,46908623,35494
12214511,33853261,16806118,12090836,2620724,19782750,5220090,6031838,1952267,2141511,12320726,20409346,15508
1378515,1456807,1643195,1014824,233740,5194392,690140,717779,505215,560743,1519683,2567503,5117
1715957,1675946,1986158,1523709,229674,5057205,272027,511433,476649,578987,1527238,2457310,6387
1692086,1611320,2002775,1516815,353620,5812454,718339,515287,406850,428788,1125562,1738104,6428
1419842,1726465,2037717,1808043,460615,6359484,917934,959584,588173,643737,1226226,921324,3272
1304694,1507419,1629510,1043294,242195,5314753,738499,770468,549991,595290,1564078,2468612,4564
1677232,1800887,2125583,1642648,245491,5339541,271096,514181,493774,611321,1562361,2527033,6478
1659034,1785802,2092942,1607337,344030,6236019,706610,527994,508039,487476,1206212,1725851,6702
1331156,1694916,2141865,1675199,364515,6395968,740735,772683,594304,636888,1232362,908953,3477
1654969,1625543,1705192,1364600,247001,6118931,933257,966671,614359,666860,1973087,2579798,5954
1588849,1734395,2002823,1546908,251593,5286259,269189,458983,473169,589255,1530925,2423628,6073
1623165,1805112,2139546,1639905,364194,6121836,738830,527615,518825,499172,1214222,1660783,6043
1653412,1711126,2459475,1560119,352334,5894672,926538,965806,592220,640227,1583109,1772983,4934
1336287,1594291,1699149,1612541,343905,6995027,938271,976449,634303,688644,1557597,1689707,4450
1666920,1829772,2125980,1361721,246101,4769924,495763,514225,547090,610552,1565918,2538508,6325
1987166,1857483,2433649,1810056,461192,6595061,717407,756492,474011,517894,1197701,2629866,7788
1151196,1416224,1963729,1518851,344596,5930871,699388,729392,507339,555940,1135191,875960,3141
1334749,1278224,1249583,1285703,242051,5866334,707882,734952,495941,548676,1514856,1731549,4841
1586678,1602587,2002260,1285140,235506,4512566,495325,523427,502252,564357,1546062,2534335,6270
1596860,1613394,2029418,1561349,352775,5966492,503964,523156,402148,499029,1112854,2384557,6363
1282801,1636601,2440373,1811881,465592,6602202,926600,966048,573503,559172,1174814,925994,4862
1251472,1241926,1224363,1001523,241632,5962921,732887,766194,507124,561169,1506657,2463923,4504
1593273,1603996,1982976,1350225,243789,4455036,327236,477264,478983,532602,1417062,2415862,6485
1595586,1630694,2005824,1523466,346180,6023133,491885,518468,394480,501561,1174236,2611557,6354
1277061,1624342,2045594,1568927,364374,6116958,738963,768762,513414,496527,762131,900619,4920
1293651,1197154,1615448,1254593,357215,6377350,927327,962995,531288,597473,1875678,2604923,5068
1566404,1602591,1962403,1499200,231961,4459084,268659,524724,499876,543662,1527135,2514225,6195
1548922,1610203,2030045,1542774,362657,6009589,736515,525768,370356,412778,1100761,2430003,6162
1301461,1617605,2001059,1510907,349755,5829905,707509,736647,491816,478789,745969,903202,4146
942079,1297206,1610618,1257780,358378,5915785,734587,766230,495919,550811,1492020,1693577,3234
1960700,1847531,2434442,1820667,354699,5797275,708733,960847,612514,681125,1832279,3319479,7777
1617265,1615900,2014485,1534663,339318,6042491,695632,503057,382218,427229,1180472,2579363,6581
1267215,1598286,1988673,1522264,361949,5941809,735101,765560,500731,542903,743399,892733,3316
994884,1323664,1246128,1317450,360160,6010090,710602,737239,527749,589600,1558981,1743910,3294
1569714,1480564,1919504,1268327,124728,4894100,495817,763868,529002,574075,1557896,2530655,6245
1567733,1601087,2010525,1532448,348773,5254584,502615,284203,425921,476107,1424428,2364867,6222
1609743,1872588,2447643,1806477,462358,6549387,923855,963494,522030,566729,762862,1746976,4898
946173,1194453,1176138,1226335,347600,5843086,715588,744783,481444,531479,1466115,1607139,3038
1580466,1652837,2012548,1242291,126512,4509932,495731,734769,490152,546423,1461378,2480623,6285
1549108,1567687,1969175,1483018,346729,5784783,492588,283359,368871,475645,1527500,2596557,6114
1559864,1621681,2019699,1543185,363267,6068677,737295,768700,490560,480645,750094,929499,4710
973106,1387628,1580716,1521868,458617,6581599,897755,931154,538707,605403,1562570,1744071,3262
1571477,1611724,1986171,1253134,123372,4470807,496348,765247,514455,555524,1525292,2523568,6070
1571275,1628678,2014907,1536783,352664,5958459,485124,283141,363292,470002,1428654,2383332,6221
1628752,1621647,2024221,1524180,350477,5866039,705260,735006,498962,487074,763342,909694,4904
949069,1220749,1619741,1531597,361818,5868728,740258,772374,507149,564434,1523488,888488,3162
2214984,1799686,2385145,1512821,271298,5949614,932890,1087452,609022,678313,1809486,3230710,7904
1606524,1587400,1985944,1507174,345857,5859762,490928,283629,385796,494509,1543863,2623534,6475
1591820,1615817,2035008,1559969,363019,6020035,733105,765292,515191,500303,771789,902442,4712
1006079,1272875,1657250,1578467,350272,5982097,692737,718556,522199,583545,1540863,885738,3362
1603966,1446052,1629380,1017666,124326,5223153,727704,765479,529994,572990,1580008,2557940,6351
1590553,1669572,2053565,1566359,357731,5219306,268383,280716,454965,569931,1485355,2418158,6247
1804769,1816168,2425609,1791886,450813,6540444,901859,940249,524359,508665,808823,1754001,6374
982309,1296087,1637141,1563724,361276,6176889,743108,775468,513295,566750,1532524,899291,3139
1607601,1484664,1657329,1037071,125376,5503947,722381,743435,509374,567511,1511194,2496921,6242
1609638,1628455,2030974,1536584,346494,5440134,270069,281507,445392,565549,1556123,2616272,6370
1589278,1651245,2021486,1552974,361995,5973429,732903,764573,442743,426841,757190,1652137,6145
946522,1445569,2036854,1558443,475516,6546513,929331,964736,565920,625066,1537630,1735484,3168
1636978,1520921,1667682,1203454,125725,5457894,527061,768027,534342,589955,1604328,2574914,6545
1662183,1621949,2075242,1581296,360566,5441557,271559,285429,456961,563900,1492505,2466333,6594
1634239,1657397,2057212,1562054,350366,6187410,708255,739000,476502,453185,818944,1763637,6709
937243,1469825,2025280,1576279,358061,6224247,735522,767401,534752,592117,1157358,856769,2889
1593629,1454635,1641042,1552831,361334,6630389,938316,1194817,618889,680301,2186028,3242945,6043
1920155,1881863,2426567,1809977,450430,6275845,699643,503950,527540,582487,1554355,2604195,6296
1576808,1617581,2045649,1584521,362594,6249331,734274,765906,469080,479265,785991,1648986,5135
995732,1481164,2062254,1598336,346956,6148003,683749,709140,541693,591681,1160469,914151,3487
1276270,1312466,1274732,1037884,236294,6064209,728137,765673,550725,609235,1596936,2539316,4816
1935486,1778100,2456518,1839959,362184,5291170,502145,522321,526415,572707,1844857,3229352,7807
1610692,1699321,2052244,1558118,341869,6030742,689471,719448,469347,512699,791567,1687312,4893
1004332,1528701,1677794,1602734,361009,6092779,742321,775455,559587,616441,1181786,884128,3216
1352651,1463579,1653014,1048472,242952,5521247,721020,740734,536168,584653,1531005,2526550,4981
1575964,1663847,1984274,1506508,219907,4712455,268832,516540,522461,589366,1529514,2490315,6126
1609075,1624150,2044186,1582040,361603,6055791,732445,525134,423584,463080,1179914,2408800,6217
1311691,1653436,2044593,1825430,473537,6498318,926960,961370,590644,645990,1181162,894992,3295
1283330,1451894,1641560,1041196,229834,5477999,721997,760963,546197,604019,1593127,2507262,4646
1616973,1696067,2085867,1592982,243428,5373915,274973,526849,491419,596905,1517577,2444819,6371
1626178,1637752,2039074,1542504,350395,5881096,707499,510701,453141,434752,1195597,1756163,6482
1296226,1678529,2001875,1562105,341112,6077875,701307,729529,537080,596460,923509,875099,3133
1373059,1611977,1725819,1364465,364831,6194878,951778,977388,625864,680762,1960782,2525009,4767
1941586,1940666,2454455,1826384,344891,5973654,478855,739515,560048,618680,1614853,2632624,7412
1618777,1797944,2113177,1637972,355740,6250856,720006,525965,524044,498527,1217254,1617598,6261
1330191,1550804,2122778,1626383,360986,6180534,712835,742265,566842,616493,1213036,906996,3226
1271298,1260578,1255700,1295896,237544,5971580,727693,766606,526684,581552,1572558,1697789,4580
1949514,1889673,2500676,1611725,334916,5457651,506744,581752,544603,659405,1881581,3224478,7787
1639940,1686468,2076072,1579881,351224,6135652,708779,511754,483135,458593,1199693,1770975,6673
1289899,1464455,2024200,1564548,358123,6057187,733854,765417,530621,591117,1160422,877163,3123
1340261,1277057,1252200,1313643,243659,6061511,721791,744654,522508,569952,1517569,1712696,4962
1567863,1710080,2022852,1273165,235315,4702553,491263,517791,535830,590726,1564682,2595124,6245
1559285,1662804,2034570,1597291,362871,6182715,504651,526024,431844,532722,1181514,2376467,5844
1381052,1658165,2467514,1835097,476494,6447494,929200,963044,573992,581912,1150351,883085,4653
1280992,1273891,1258030,1297533,237768,5945635,727052,764346,540891,589518,1579100,1726403,4760
1639465,1647375,2109278,1349924,245303,4745007,502094,523934,536119,582211,1525617,2478852,6539
1671508,1699929,2097319,1590478,351229,6057103,489463,507667,424670,530418,1218982,2635445,6723
1277630,1680912,2010304,1541216,347385,5929746,715386,746053,541850,523582,791996,891496,4645
1309074,1269398,1630377,1283611,356489,6676367,940283,967512,568033,625207,1873907,2544936,4853
1625177,1672861,2039027,1489199,237348,4788314,291309,521801,535420,598451,1584839,2605897,6392
1861054,1840394,2389144,1825698,458895,6798565,729495,752632,446027,523301,1136412,2392271,7345
1311949,1693923,2095406,1604260,359810,6025195,711164,739120,530623,526212,810126,882138,4899
970193,1310234,1680444,1332388,351558,6169914,733098,772430,542978,610332,1604215,1716452,3288
1898458,1681719,2089588,1602051,245184,5274240,496178,756518,592531,649543,1864824,3194369,7751
1622718,1669401,2061226,1565596,353769,6027688,716435,519832,410119,448097,1198241,2653285,6708
1281647,1647550,2005645,1550616,357333,5987400,733223,764455,544058,593211,789091,864575,3098
973245,1235884,1539124,1296037,349969,6088580,699371,719742,521107,570493,1491573,1678369,3032
1619261,1486848,1648951,1285893,126836,5362777,495541,757920,536741,595701,1571618,2585133,6116
1903903,1813206,2435028,1848684,472897,6169150,721424,511409,475282,516008,1525460,3089316,7629
1318928,1740445,2129428,1625478,362970,6048337,716802,741390,544507,596044,811066,892316,3459
1005400,1275850,1247644,1287278,344729,5920641,716687,755370,531449,586820,1561024,1695635,3260
1630696,1646566,2097862,1314339,126707,4564163,503673,762893,530245,572561,1513507,2467082,6367
1617070,1716547,2065354,1574805,334161,5535680,488827,285649,480161,532781,1572525,2547264,6835
1604803,1720944,2050040,1584874,358757,6100673,734957,765033,480166,522351,778386,1673651,4731
989945,1460926,1660128,1563520,476341,6514611,941860,968980,567121,628245,1517559,1702748,3369
1954758,1867864,2409644,1521122,234592,5144729,713906,990313,586853,654003,1553501,2613242,6375
1587239,1617038,2018083,1565442,362474,6097397,504986,285802,416142,516878,1524845,2403078,6042
1903329,1792648,2427219,1804535,467072,6359426,912850,948010,489433,512811,789547,1694658,6175
934682,1455873,1635090,1567534,349105,6116946,730498,770197,540862,597281,1430179,882308,3198
4167890,3043805,5526120,3582568,1276236,9989873,2749073,3098600,979123,936301,1871521,3208554,8709
1670016,1675134,2085137,1582807,350788,6141670,489579,282140,424436,527544,1587933,2622555,6562
1580982,1617736,2032529,1579012,357824,6141595,733848,767507,543451,527371,802330,873920,4623
971347,1291187,1672036,1582335,361553,6108224,723036,742196,517133,571459,1510413,901349,3354
1655710,1517848,1684005,1074736,127376,5540294,714457,755391,546166,603175,1603009,2630885,6667
1930401,1827683,2452383,1842855,468002,6037008,502995,306785,483982,585106,1884662,3179114,7807
1628479,1647801,2057550,1582436,359282,6113004,708837,735813,509177,508575,795076,894303,4910
976185,1327697,1633243,1551275,348332,5848553,724595,764225,540164,588187,1577934,897410,3097
1682226,1561342,1704069,1100586,128120,5662137,721798,751521,557849,608206,1553401,2403575,6290
1771426,1642859,2076081,1569357,346379,5347238,282362,292646,451308,564776,1571111,2586909,6910
1714206,1634296,1988766,1530938,349094,5998227,713271,744122,475745,455368,800249,1649864,6299
1684386,1806733,2362567,1750107,449950,6155837,879587,920625,531914,552579,807995,949292,4609
1028614,1179817,1193945,1235726,352567,5760023,737760,770551,490953,538409,1535095,1699031,3227
1697331,1521080,1969147,1269882,126646,4440425,487581,731397,475398,523538,1436608,2385490,6339
2007311,1783185,2360913,1752474,441067,5777212,470549,280834,436067,552931,1858507,3329834,8276
2465625,2079233,3009631,2277654,608142,8640183,1232668,1220184,488245,471047,1045508,2602952,9083
1720431,1570059,2158082,1964782,581534,8734668,1345795,1188280,679417,834170,2713342,3218584,6134
1611725,1673199,2021898,1317558,151924,4837269,491572,666896,551734,603777,1564597,2442561,6328
1625309,1737089,2101713,1619663,361456,6147934,507522,284369,419940,524361,1552898,2409332,6432
1674492,1752611,2125885,1645420,358535,6148400,713818,746268,541511,533683,818256,907926,5184
973016,1265870,1641313,1547693,338787,5931546,714031,748371,541378,580925,1554630,856940,3003
1924372,1676740,2080040,1330754,240327,5439549,734242,759455,589818,645362,1858841,3165706,7452
1648934,1731978,2079246,1587027,341056,6027938,482424,502029,427156,531507,1172709,2553740,6569
1471568,1634726,1967453,1536001,335937,6057196,693446,723873,529136,515675,802791,893152,4564
1008962,1299876,1664011,1579409,354315,5917290,709349,730798,512030,567749,1504360,904812,3212
1605900,1454409,1627828,1043142,126616,5390470,704925,747608,527771,586560,1580526,2563803,6495
1949587,1863949,2490350,1902590,471580,6114253,505378,531368,481872,591006,1539358,3143950,8065
1335795,1644119,2081339,1600181,352875,5963388,703673,734583,527636,506143,793377,903075,4844
977917,1318252,1639044,1292508,345465,5959389,725550,762496,535588,591662,1571175,1678756,3198
1718703,1431195,1837076,1322704,125837,6470875,545272,757677,569670,612549,1582218,2480008,8006
1701288,1677339,2104496,1614371,342039,5531999,270392,278721,483474,593122,1604206,2560886,6801
1920784,1857449,2429087,1863866,454137,6120397,723905,755682,550832,543870,1182307,2365837,7404
991406,1497566,2094563,1606275,467907,6661557,932764,958556,578546,646033,1528198,1668639,3219
1640495,1495078,1689251,1343981,129185,5573885,493729,751808,552126,595094,1593069,2560064,6492
1615983,1705220,2090535,1632232,241421,5506228,275133,523734,474664,592665,1500056,2387704,6368
1637089,1703358,2096655,1599188,344414,6045464,695869,505229,431628,463663,1197902,1831594,6399
1290063,1653692,2047171,1575431,350630,6023728,734165,764804,529885,589578,790074,875849,3109
1395036,1496967,1699224,1324057,354992,6136581,953891,979548,576798,641208,1862237,2498372,5273
1689706,1593345,2010595,1508252,232248,5124348,268828,506963,435683,549695,1544039,2569122,6706
1673805,1542149,1967061,1513430,350893,5970077,717161,521302,430575,408643,1110837,1625586,6073
1376850,1404751,2058193,1579652,352357,5870301,698483,725011,504696,553750,1146279,902383,3322
1330104,1206909,1199664,1220461,230975,5725788,694861,735890,496380,555815,1492074,1697444,4245
1961967,1729229,2379501,1506873,251226,5263210,498468,698124,474757,592328,1753360,3028979,7788
1778178,1582980,2015383,1514318,338426,5800592,679732,502479,447519,424756,1131303,1703710,6919
1383175,1440299,2014244,1544459,346111,5932324,724491,755473,504199,558819,1139093,917691,3512
1362851,1234785,1216039,1263360,238762,5896492,709675,728929,487052,544190,1444422,1645975,4991
2023141,1750068,2376898,1504426,234206,4534050,484822,726363,555167,615458,1919338,3355440,7879
1973868,1682452,2314098,1744408,457433,6365964,713483,743088,418797,467377,1098150,2313450,7262
1597546,1620437,2350541,1493783,334882,5698185,872380,898569,545237,607707,1480228,1627999,4638
1365006,1188439,1196185,1245948,234176,5821182,707995,747550,484556,532793,1521378,1657203,4529
1691582,1596429,2020334,1283987,242510,4581649,500031,522658,498323,550773,1462452,2374685,6271
1891962,1819047,2199628,1723353,359090,6745780,514724,291514,399262,525993,1642182,2621340,7726
1009007,1358877,1558562,1472585,334811,5685228,697290,737147,481407,535981,1140544,883097,3040
1618034,1583587,2005819,1276874,239889,5192302,725257,992719,555591,611350,1838723,3070417,6208
1619195,1667741,2043315,1549749,334465,5312524,486539,285711,460703,512361,1506067,2451390,6353
1605408,1676550,2047937,1581098,349818,6167403,736098,768393,483709,529902,785924,1653891,4566
1309873,1526738,2072882,1589603,353577,6056290,710506,731667,520424,575019,1133061,888639,3236
1332390,1268919,1245573,1302821,237309,5981723,710180,748146,516648,576597,1608207,1746306,4839
1913036,1884137,2459553,1602995,352848,5495885,492701,516382,560970,672478,1911038,3101749,7584
1675754,1668248,2098209,1603558,351663,5995550,699204,724159,463877,447773,805763,1728667,6926
1094263,1492478,2031656,1570481,341911,6070585,718450,761678,536051,601588,1186483,922795,3076
1317828,1290445,1279703,1331033,241208,6146000,736175,763531,537293,580679,1518969,1655979,4569
1673162,1671283,2071991,1308914,234654,4791170,486183,506427,533276,593490,1569202,2556554,6647
1885172,1823757,2395044,1819259,464390,6794203,732920,765074,457890,511381,1157222,2450909,7398
1354291,1648719,2476184,1879727,354153,6061457,710936,942039,574302,642053,1506510,1636473,5033
1302616,1245721,1236355,1019792,231471,5888729,698215,741832,521150,574034,1573489,2574520,4831
1607504,1690222,2078838,1501418,241354,4829595,297778,533586,535650,593780,1554656,2407649,6379
1655482,1691393,2076306,1608503,357679,6166024,500941,518379,408931,511359,1158746,2566301,6438
1299510,1654067,2021124,1564105,339289,5940908,716390,759147,540668,520136,808422,900670,4665
1348226,1356283,1691901,1346207,360809,6795045,965709,1001735,614532,656579,1899520,2400904,4885
1652728,1725801,2085227,1587427,233824,4805915,272520,513648,531580,587471,1598536,2597127,6620
1609402,1668713,2021582,1574052,349151,6017864,724270,519972,434634,475273,1171914,2405720,6074
1327577,1694273,2072047,1580020,353248,6006979,714003,735595,531203,548898,808809,883621,3625
939376,1335825,1564878,1259971,326764,5866808,676425,715928,527821,587282,1524661,1700234,2978
1916683,1668911,2035579,1564951,240488,5257915,500235,758204,582597,629031,1847223,3068439,7129
1659812,1715792,2095878,1626091,348004,6082810,694228,498024,427130,470526,1178043,2484745,6465
1350978,1614837,2040273,1572028,342907,6015103,716859,753975,537759,578097,813229,921962,3359
969862,1333739,1275819,1327017,360777,6148238,738397,765426,536978,588818,1519859,1636974,3164
1676865,1693689,2070137,1316409,124915,4860746,482089,725887,543302,603208,1571879,2563039,6703
1856512,1775365,2352729,1804012,446032,6112049,723820,518755,459916,508404,1512364,3083449,7339
1324542,1680013,2084131,1598126,357515,6042899,720140,741433,534455,590361,804857,902849,3303
1295314,1514494,1633431,1308675,336192,6070783,894211,945700,614889,682222,1956711,2467980,4385
1617556,1683919,2100339,1345492,126401,4806568,507923,767927,554168,609803,1554819,2392618,6074
1682097,1636417,2094471,1624203,354092,6227631,493371,291352,414112,508904,1548570,2530374,6702
1612611,1837386,2358791,1778204,434289,6488871,911830,963096,589371,585004,946235,903294,4604
26492404,6853399,38715093,12721095,29277000,21520694,60945462,63075303,1354688,1484696,35024589,159446238,4462
1677647,1658080,2068247,1293558,124507,4684983,482414,721984,533858,594177,1584396,2571322,6737
1635443,1571156,2003352,1556922,352918,5408522,271046,282917,445330,569798,1521639,2376284,5895
1744867,1580339,2048692,1559515,351830,5840870,705989,728778,441671,425973,781355,1707654,6438
1046848,1390574,1958061,1501013,334251,5810406,700480,741354,511437,563573,1129889,878923,3139
1670188,1415958,1632727,1142994,240659,5930972,762799,1000826,556042,617865,1844144,3108965,6056
1727152,1550779,2014384,1535127,342818,5200414,271609,283819,442635,543961,1517260,2524779,6439
1701753,1558666,2011870,1528352,340804,5926731,717485,750186,450003,436330,800933,1663531,6377
1044279,1454998,2039652,1576287,351909,6029757,713071,732193,499294,553887,1108855,908588,3225
1376252,1254213,1207628,981145,231684,5802606,694472,732854,494883,557282,1533249,2553264,4873
1956293,1757147,2376025,1793238,353164,5199137,500060,529507,503336,551273,1868395,3136770,7149
1723753,1532884,1982636,1510150,457858,6359428,904314,927227,489534,485452,1117392,2445025,5789
1041460,1394329,1958426,1508281,340104,5722595,706684,747674,494865,550730,1149391,922969,3289
1563367,1220521,1203872,986023,250976,6470118,934054,974778,542327,603869,1801683,3039572,5568
1774616,1592377,2061648,1557186,235050,4507853,272048,508558,497836,545876,1545429,2581252,6755
1996870,1711946,2333766,1763960,451806,6655189,944556,749954,453075,503149,1146189,2412968,6083
1058192,1448862,1670752,1575420,354159,6098805,725368,743518,484567,541710,1117516,901576,3432
1318509,1219987,1204648,1236465,233530,5891245,689491,729033,496071,556666,1502424,1716538,4095
1624792,1561679,1931264,1205708,140008,4583980,498817,689478,488468,544963,1420889,2232143,5920
1710560,1573212,2027405,1553210,351308,5797465,485125,284754,377512,478539,1511746,2505375,6407
1665748,1558451,2348357,1767313,447720,6411441,940139,992866,561516,555991,1143834,897941,4793
1356228,1195450,1181512,1236698,230100,5849838,706726,733530,486446,538876,1425469,1615491,4606
1711218,1587797,1998186,1234080,234571,4506751,484560,504838,485650,538237,1532811,2569965,6601
1665437,1520929,1946088,1498524,345782,5812430,498694,515186,372543,465480,1116330,2363508,5874
1624042,1563899,2004159,1538172,341396,5933729,690030,710836,484492,479811,747699,884373,4985
1026893,1229726,1604113,1504572,340242,5871561,708469,748005,503458,564919,1532479,926370,3221
1937639,1560740,1977115,1235940,239768,5021476,722394,753706,547446,600454,1819134,3059478,7354
1736228,1566914,1994657,1519615,337133,5773285,478195,496286,382461,472224,1116649,2456472,6751
1351194,1547229,1944449,1484141,337233,5724183,705283,741989,491148,481257,763429,914043,4639
1032349,1226326,1612498,1583391,455037,6278945,924925,962059,506262,570235,1745904,1527996,3155
1690155,1405364,1556732,1046928,123704,5066325,557538,691655,492822,547971,1467846,2426998,6372
1974351,1688784,2332549,1767250,460024,5816398,502092,526191,439517,545206,1506015,3178372,7362
1376336,1587987,2010453,1525980,352903,5807537,716689,737142,480855,488703,751920,896455,4713
1040075,1190319,1600234,1244236,339479,5731078,699111,739530,486699,548633,1539142,1747803,3283
1721299,1463259,1649051,1296544,124762,5341032,498697,769519,530333,583999,1537524,2415689,6202
1724377,1586985,2007734,1538904,345227,5099791,477426,284578,440556,480246,1499755,2496954,6581
1684134,1759043,2343528,1780165,446898,6385763,939434,992899,509680,508928,782851,1683673,5511
1012620,1230908,1597003,1252631,353866,5761375,725289,752403,474153,525337,1437699,1621940,3011
1728013,1400948,1590624,1237886,126139,5166303,486298,729143,493728,545315,1534457,2548968,6484
1678197,1550158,1969831,1502061,240903,5176705,273520,512707,426875,540893,1460674,2346112,6137
1737551,1614298,2019947,1542774,349332,5776321,698076,505892,434452,413927,1119428,1679793,6471
1381379,1369380,1974143,1507681,346730,5827058,722830,761052,493578,546536,1148946,919515,3309
1888286,2014972,3447293,4170484,1589335,13051533,3656973,3784430,1065811,1127995,5026896,3187502,6882
1796509,1711168,2055486,1327381,237085,4870122,463792,491890,521174,584217,1550667,2511427,6877
1695688,1663242,2026000,1551219,355573,5994100,500954,521242,387927,496200,1167479,2449427,6116
1468544,1678383,2032526,1572971,342865,5934279,686533,707173,520233,523225,835569,922702,4958
1405430,1512115,2047850,1580879,445241,6744150,915924,970204,611588,679638,1637054,1790594,3405
2012371,1636949,1986106,1525695,235545,5190423,490494,740645,551435,617612,1819040,3016739,7299
1757802,1609388,2059848,1572283,349220,5897849,695238,510924,380498,440467,1164357,2572120,6947
1319159,1538454,1924908,1478325,324619,5740453,680087,718099,492436,490113,754421,892468,4349
1016196,1223212,1608459,1252178,354326,5791806,724688,750637,481678,533336,1446401,1632304,3304
1752990,1405302,1598396,1238439,123850,5098362,480871,717318,481902,538126,1517388,2556586,6854
1947262,1712979,2313647,1756701,450539,5706354,712843,508586,434989,474718,1506795,3115476,7283
1390546,1594648,2025409,1534312,351632,5794596,714975,737819,480009,544487,780226,916799,3374
996728,1220751,1184439,1218725,334711,5671609,694205,734623,492385,553027,1507829,1720597,2981
1603078,1409805,1650864,1217411,126604,5099721,462612,709358,497560,545086,1416615,2227044,5879
1696748,1575518,2008789,1533392,351611,5148790,486907,285006,428628,474032,1496272,2512095,6419
1665674,1711139,2320896,1742861,440398,6358089,923170,976215,496808,546455,763854,1640124,4471
1061079,1196531,1230357,1301809,350983,6049998,721461,744285,490730,542778,1447699,1636170,3477
1757753,1644520,2037781,1271652,126643,4668297,485273,718986,497671,567077,1539214,2538184,6647
1647478,1601177,1989289,1513567,353163,5089650,274188,286898,443155,557959,1482030,2383687,6149
1993686,1749855,2330957,1738846,448586,6238707,888521,618791,417513,408101,1280695,2378913,7178
1681100,1530494,2334637,1762342,439713,6375864,915057,967872,571927,557062,1167756,885361,4534
1683900,1342056,1573764,1232448,238889,5513974,938294,980759,528001,586161,1771708,2320452,5823
1721740,1624584,2011844,1508108,346772,4960071,273518,285781,425925,541766,1494360,2568690,6524
1681458,1525499,1939993,1476647,335685,5768391,708226,741000,419378,413428,761075,1654156,6358
1030036,1374868,2011273,1542077,347249,5777662,709364,731662,495338,547179,1117826,904939,3334
1046247,1198665,1350892,1228704,331227,5695072,686044,725097,487862,546703,1532382,1721997,3240
1951397,1541581,1961587,1502058,238184,4952795,499473,759629,523660,586686,1811142,3076322,7278
1725507,1611002,1980842,1508984,341384,5643674,683603,499214,380793,422051,1094478,2466418,6292
1298519,1583428,1958352,1488626,340508,5664991,717758,756628,485103,537521,753558,895226,3227
985920,1299443,1243131,1304158,354195,5959186,724978,752313,522477,578306,1485477,1627470,3101
1708364,1665262,2068037,1285895,125187,4511483,493981,738924,530798,582845,1595912,2578675,6458
1885179,1803360,2393124,1829339,466192,6361100,737050,521070,452649,522444,1573422,3156390,7360
1359184,1695824,2083202,1594811,356301,5906295,713851,737325,517461,570604,796901,922968,3330
989577,1279824,1237422,1297725,340470,6048155,706963,745816,535029,593836,1578984,1724060,3082
1607337,1655464,2020265,1297029,126722,4561493,498177,744150,529889,565926,1486695,2318330,5986
1687232,1679743,2069764,1585358,349445,5974546,483374,282366,416153,514984,1542855,2518942,6452
1622043,1714813,2366653,1785403,448276,6469298,937464,988834,572421,578671,1120291,904449,4589
1323554,1520320,1680102,1604291,449923,6790655,925496,731106,529619,575094,1847701,2306057,4729
1666947,1657613,2047354,1267103,123003,4495532,484215,729357,522911,579477,1564047,2576337,6583
1622098,1693922,2034733,1576566,355094,6074581,505156,291249,413633,533717,1572304,2463246,5955
1644215,1705390,2074682,1591043,354057,5992864,717378,739494,530739,529635,800726,903458,4854
1000528,1268811,1616997,1520970,339356,5801813,703316,743908,521917,567277,1551210,908922,3099
1935327,1747136,2060723,1317236,238864,5314180,736026,771577,603443,668062,1913931,3127271,7433
1698007,1773414,2097688,1618882,337039,6073261,460720,355555,438116,544274,1441808,2484441,6935
1631376,1649440,1991653,1539300,339719,5709849,717561,757757,526610,511234,802087,894735,4641
1033017,1376572,1679225,1601172,354882,6130109,727438,754521,547997,601315,1540829,909786,3293
1740412,1408479,1588392,1007445,127130,5198725,683576,715974,520041,565814,1545422,2506401,6457
1997170,1774885,2361968,1794981,462746,5931694,501119,519311,447750,569414,1527161,3178735,7340
1753743,1703489,2082565,1597045,354708,5779862,704300,727752,464903,510667,818192,1739564,5066
1095176,1521404,1823666,1532831,328401,5792360,687303,731096,536963,596073,1192786,939206,3348
1390112,1297416,1241321,1023950,241971,5887799,717093,747925,521277,573867,1503822,2368618,4745
1791222,1702815,2069947,1573975,236936,4644361,274139,507687,530251,588529,1591257,2581270,6459
1963642,1812944,2383676,1793468,458844,6520139,960884,769094,449048,505562,1169570,2486959,6120
1055891,1709498,1741031,1669299,360678,6117335,734054,755822,576828,629603,1221324,907788,3087
1695612,1722176,2055019,1335466,333485,6155858,701064,741437,553341,678481,1989253,3333231,6361
1676947,1871180,2161990,1696655,249094,5195185,277782,533944,578034,656116,1625410,2452880,6216
1713635,1802226,2127624,1639134,367645,6128057,725058,519586,443493,481734,1222973,2584625,6685
1340084,1692547,2041129,1822334,458637,6529047,946667,1002812,608037,672147,1225346,931230,3439
1379100,1631553,2127066,1644490,362400,6119292,714391,740853,565389,624925,1241226,877141,3018
1363475,1354877,1283070,1320283,237741,5971104,728892,769378,570507,619761,1617967,1711782,4571
1657861,1715570,2103108,1340115,246153,4833884,506784,526767,543770,599930,1538035,2453339,6325
1677257,1690679,2053337,1545784,347521,5861196,489802,492762,418502,531220,1261022,2583924,6509
1609338,1573412,1983998,1520282,356743,5843398,731380,766466,503300,497345,789322,911494,4636
1326104,1286482,1647633,1564443,360234,6625930,952808,979421,581362,637913,1880219,1722489,4887
1648802,1657808,2016207,1265938,236092,4592950,492341,518900,529647,581189,1579684,2616115,6344
1588287,1692557,2031537,1581709,355122,6187689,508756,530940,410909,517173,1141693,2364624,6196
1369719,1640440,2083038,1605480,361994,6038161,717062,742678,523864,508502,797835,885971,5200
1055780,1337599,1657014,1355002,347337,5954626,728637,766966,555205,608679,1617965,1667248,3405
1898374,1720869,2018048,1308386,244646,5218044,673528,725973,580964,643501,1817732,3115976,7460
1663266,1891833,2458382,1823412,463156,6529907,706285,738318,474464,596298,1206194,2615595,6544
1305123,1625587,2016372,1553887,466507,6667936,956117,996889,604883,584512,1161185,1610965,4594
999089,1261046,1634281,1289160,358047,5980503,716209,736868,516920,568747,1514192,1681692,3066
1655949,1512517,1662593,1299607,128055,5298207,495857,756197,532016,590291,1561375,2615388,6427
1943994,1821862,2434497,1839491,481170,6069820,736100,531007,456013,507616,1520378,3167648,7769
1304739,1672634,2028738,1569521,342596,5931271,677670,702187,520799,506023,788098,883147,4660
997840,1297878,1621693,1276315,348395,5767591,726843,767846,515646,567257,1562438,1694702,3113
1641317,1464458,1643321,1297848,127942,5274483,507908,766266,515658,567323,1496295,2446136,6347
1676589,1702383,2047136,1565361,343165,5280263,490768,286020,494180,531990,1576277,2564352,6491
1560623,1653519,2008660,1545758,356546,5978713,734376,763966,460087,512536,778174,1652179,4467
1001508,1479403,1637324,1555236,480814,6459531,949977,975638,571958,632603,1508313,1699489,3107
1637832,1434784,1782454,1281771,126184,5128285,457741,714970,525323,579643,1546853,2490068,6349
1668754,1697837,2053931,1585417,363840,5329258,502344,283631,474293,524951,1543720,2422004,5982
1707826,1741122,2078302,1594670,362706,5882357,718633,744174,476054,526295,815742,1738922,4838
1048945,1518870,1677506,1567950,349283,6011391,729670,770470,559080,608690,1238120,913035,3236
1738053,1718078,2039570,1286858,246684,5290006,738758,988280,586050,637943,1858763,3197736,6040
1725866,1649739,2017843,1535424,344018,5787258,481766,282671,401682,506560,1548016,2564415,6573
1728860,1727957,2052597,1587783,359605,6081046,728983,728249,493389,475958,943941,1681646,6313
1415100,1496664,2172794,1778632,459433,6460730,902015,927601,553060,616194,1480501,911788,3261
1385377,1373095,1266010,1306542,237957,5940240,722681,764213,554671,603843,1614132,1753868,4655
2015426,2005871,2532988,1645427,357192,5615362,513198,533439,565851,693390,1922296,3161409,7958
1723572,1736888,2101992,1593858,358360,6111218,713750,744036,492904,479458,829280,1784166,6753
1008907,1434391,2008088,1535357,354698,6086126,739399,771019,520639,568132,1183328,874734,2998
1361116,1364543,1285735,1145523,244250,6198606,730983,752654,538071,598009,1518041,2373185,4850
1708151,1774015,2090709,1367727,237185,4934684,475777,510522,544073,603367,1587498,2619637,6954
1930053,1814798,2428468,1839367,480174,6842905,734374,763864,475393,511820,1164429,2433767,7690
1022972,1442687,2047068,1567421,353343,6028590,697711,720329,515766,565875,1137400,906974,3354
1326176,1291098,1238833,1025246,237610,5849882,718869,757519,520139,582400,1577737,2586228,4714
1607527,1697769,2044482,1583963,239243,4630531,270275,526416,525525,574738,1511826,2393608,6266
1692710,1701356,2093695,1580973,355532,5849565,694225,507608,419334,478517,1178355,2616082,6617
1281085,1630541,1997390,1534941,339294,6090759,706379,739652,512018,508015,787921,887003,4520
1354756,1320466,1672762,1312148,361993,6687399,961136,987125,592283,652571,1872393,2498453,4763
1696022,1676101,2058752,1561403,228255,4876239,271937,514223,552146,603533,1597656,2590752,6630
1585617,1665362,2003999,1540093,360449,5986579,732949,523762,401862,447565,1162995,2432862,6200
1341628,1705445,2053751,1560821,358623,5829895,710367,731464,528488,581389,794570,902244,3253
980722,1274346,1698441,1482144,450935,6382970,931552,987521,548239,613071,1915442,1716193,2960
1892224,1663224,2119667,1554753,244293,5208794,469842,732292,576433,634244,1819281,3029153,7247
1670804,1694710,2116126,1607863,360217,6024535,716494,518953,407274,444584,1164933,2623764,6670
1293116,1650847,1993984,1538130,345408,6015742,721176,752392,534049,589419,777561,878222,3117
1031294,1337746,1276621,1337328,362331,6164064,730898,751502,531703,590242,1528775,1680075,3293
1662090,1470202,1623561,1003719,125242,5274493,715509,756561,536661,585455,1569068,2607632,6196
1873914,1781909,2356450,1785828,464231,5974472,472591,401273,465881,569804,1690736,3037944,7250
1637736,1723439,2084847,1574104,358728,5876298,707244,733137,527109,517673,788616,883991,4813
1016194,1256185,1622954,1530010,348879,5892690,724277,764725,524183,582806,1571314,892893,3051
1615396,1458037,1632664,1028729,125558,5299531,716896,743386,535272,576301,1497200,2384209,6101
1657711,1652552,2025092,1529366,348827,5116234,270333,282588,445672,568549,1572630,2609327,6609
1629528,1651691,2007570,1553120,359491,5963340,738849,772296,473691,456180,785099,1649448,5891
1019217,1438814,2034361,1675115,482660,6582153,954292,979776,566432,621484,1531336,1557079,3255
1646983,1467114,1605576,1021237,126297,5293376,715951,756581,509416,570413,1560703,2612615,6348
1677266,1731892,2074671,1604662,364148,5427466,274939,287552,485327,592736,1531508,2408003,6234
2015795,1870682,2484247,1859274,475876,6519771,708906,735910,477117,510545,1167261,2543766,7973
1341027,1684550,2406576,1810940,449613,6709964,933771,982718,597179,660478,1181415,899639,3213
1668491,1486438,1672283,1315302,244871,5925118,737820,1006734,588633,652655,1858212,3219201,6164
1671396,1676041,2034890,1541963,349664,5204876,472340,284092,480859,555176,1564350,2607570,6523
1621631,1608666,2018981,1557171,355573,6055078,731761,760839,474431,447202,807806,1694355,6084
1331597,1688332,2060253,1581016,363217,5822569,713977,735921,526887,581587,811109,893660,3118
993399,1310357,1254379,1306373,346880,5975459,724055,765496,547982,601571,1606619,1717055,3106
1947530,1825544,2404118,1530442,243498,5226098,505026,750366,511635,617203,1805179,3115868,7603
1677425,1705449,2070847,1574108,355817,6006247,708868,512135,460808,450860,1178640,1769994,6848
1345492,1540632,2816447,2100882,579337,7579126,1194627,1246605,665116,733084,1926568,890496,3204
1096244,1260124,1235399,1254679,318885,5842541,698922,719385,491753,553268,1435061,1617550,3526
1678748,1563422,1971105,1218528,126787,4485813,492222,740029,487056,545112,1534066,2578828,6207
1951672,1686530,2330063,1762976,467874,6516397,717172,507493,423342,479364,1495644,2397371,7408
1382154,1434220,1983672,1521527,343788,5987455,677569,697981,493694,546659,1095753,877655,3101
1345124,1249355,1208041,1227943,234212,5770920,697269,737254,482598,546393,1492123,1673091,4676
1660111,1530759,1931644,1210253,234883,4454637,494693,517427,477100,516736,1419481,2319188,6166
1706333,1618784,1989672,1506936,334713,5826846,458461,370394,377193,475079,1356237,2486969,6892
1662788,1510338,1918097,1446545,345079,5713253,721165,750762,472768,468875,752049,887902,4679
1667989,1429059,1977271,1770345,464547,7182187,1144999,1174107,593736,585297,1755296,1634656,6270
1713645,1544179,1925609,1207301,223951,4473280,472347,494908,484791,531496,1473613,2469110,6538
1675609,1583667,2011310,1551533,359591,6052736,502369,526313,393969,501280,1135489,2424735,6437
1378885,1618124,2027611,1536727,359710,5803821,710139,728615,480851,480962,767328,900156,4868
1020781,1213228,1575062,1385937,327331,5737353,678278,714686,500027,552914,1489853,1363567,3158
1994614,1543255,1971308,1260375,240254,5244066,717052,747611,554641,606317,1810771,3085350,7607
1769692,1714940,2064012,1570051,351949,6034062,490786,513998,413014,523863,1178843,2624660,6719
1365557,1601333,1946600,1471518,339790,5773356,709125,739569,500059,500100,764915,875034,4580
1081152,1333311,1671902,1321041,365113,6026894,738597,756576,527962,572161,1536645,1702942,3170
1736866,1376381,1560912,1210142,125063,5055338,487513,734195,482061,535263,1517688,2578329,6490
1984880,1746434,2333679,1764343,468591,5854391,685508,527549,433023,535958,1462335,3167178,7551
1365553,1588229,1992716,1504991,353979,5736109,702455,723173,479534,478628,755898,880856,4829
1082538,1219592,1626533,1277285,343698,5731768,701771,741164,512341,559492,1550800,1762094,3401
1679660,1350981,1552920,1236556,127024,5205612,506960,750628,490723,547039,1459289,2368069,6242
1723830,1625288,2001126,1503696,337718,5022819,471939,285020,439572,493299,1477020,2505241,6519
1659012,1699973,2319797,1716566,452206,6304684,940045,980115,485677,540035,755974,1657397,4606
1031209,1217433,1312068,1256079,346898,5854101,707084,728395,498840,541216,1449486,1649519,3250
2042602,1566001,1971344,1488314,224424,5724627,685796,933723,479721,536054,1528221,3331251,7803
1674648,1566058,1944756,1500418,351502,5222039,496934,286062,449533,500508,1498838,2414267,6161
1761977,1635683,2048336,1541275,360532,5903539,713312,736225,432520,484262,783754,1751036,5204
1013640,1388089,1574787,1474806,333337,5802131,688779,723667,507391,547347,1143674,900489,3074
1688518,1612526,2009918,1267199,244055,5215414,733744,989394,567486,623895,1836831,3084454,6066
1714928,1586413,2011998,1524265,351927,5625915,480400,283627,394507,487377,1493887,2570619,6416
1668402,1559293,1941530,1490458,336093,5874785,695279,567409,450267,439489,1049303,1582356,6193
1382637,1433040,2006696,1521843,353322,5838034,706511,726594,493578,555364,1116444,894237,3215
1371806,1231747,1204098,1231890,237266,5746452,702901,743027,498193,553482,1546926,1739915,4654
1953125,1725788,2302731,1485222,348309,5227708,485125,508134,499571,610431,1821484,3047730,7312
1732584,1550028,2037740,1553301,355489,5947849,704477,728982,441766,426425,782222,1732892,6714
1038174,1357717,1959936,1491007,344761,5747855,722149,760889,502884,563363,1153691,879625,3008
1367209,1197975,1220957,1173996,228459,5820839,692311,722837,488069,543533,1430885,1934197,4657
1857653,1370580,1376699,1131636,133910,5945705,696292,731506,539873,589432,1662779,2650129,7531
2054175,1886283,2455540,1577667,353983,5239000,495680,518807,522209,638190,1850028,3159286,7879
1695420,1762475,2338161,1712325,453796,6233647,899706,938192,483311,481827,769027,1761472,6023
1351734,1587582,2319395,1729434,348632,5834339,727291,976699,552319,611383,1485448,1594267,4427
1384170,1222707,1223758,1009310,239880,6022187,713415,733968,501914,551922,1449669,2413479,4619
1658302,1577016,1927915,1329335,234519,4525914,330977,476324,500199,555907,1493435,2438803,6174
1982960,1687678,2310702,1735896,460583,6523289,715246,745990,433478,480474,1092870,2343569,7626
1048441,1438019,2023901,1540642,343984,5882901,678726,700330,499149,555793,1128103,903589,3340
1360752,1172800,1189963,985050,231240,5769620,706312,746839,502829,546788,1526391,2512875,4588
1690770,1599176,1995000,1532299,238371,4653161,273393,520633,505615,561629,1467004,2390479,6210
1706329,1662803,2028111,1541827,349527,5924576,700595,505336,389154,427247,1142938,2572473,6336
1353937,1588423,1967518,1488305,345211,5847640,719285,750281,505058,497492,755621,884211,4030
1384656,1230336,1623618,1273836,354936,6387051,938609,961551,538117,583631,1787291,2400198,4711
1726062,1581426,1987670,1508882,236993,4570370,271444,498837,501077,559517,1518034,2564882,6584
1677523,1587457,1963128,1499885,344969,5873343,701994,500029,388571,430982,1118840,2306090,6135
1694082,1567256,2000650,1555436,351636,5863304,695308,724858,492028,485283,765743,888527,4895
1034381,1246965,1614492,1506667,343608,5897300,715832,749431,508181,577778,1535246,900114,3059
1931980,1607656,1988886,1259015,135917,5120015,693707,918471,557426,600385,1741959,3030333,7424
1746782,1564039,1999448,1496714,341054,5721885,481436,280733,390547,488024,1523699,2563845,6604
1672721,1588533,1943656,1490175,349139,5783719,717755,749321,505691,499589,761364,895741,4634
1353420,1236095,1587672,1487863,348820,6371665,883970,906175,525999,585408,1741317,1573307,4349
1666630,1401142,1574451,995356,126584,5055250,707285,747617,507960,555333,1538202,2532899,5944
1988477,1763382,2434116,1824504,363499,5330565,502051,530750,501492,561774,1834092,3198017,7626
1713912,1593175,2001003,1505903,328710,5869527,662213,689313,449522,435302,776810,1710358,6476
1042148,1418591,1965577,1492808,345854,5787547,718799,751976,502843,552860,1100464,885564,3168
1344756,1205691,1205591,988814,244438,5939039,715192,734462,484461,541291,1443003,2436011,4762
1740725,1673647,2022349,1539545,230127,4590448,272107,517676,543713,592361,1586919,2582999,6494
1665637,1550504,1972095,1512400,353781,5823201,719500,518574,398269,431577,1119207,2362401,6105
1376457,1619899,1993524,1778233,462796,6482408,902207,930772,563174,627141,1147484,909752,3118
1328029,1254421,1328886,992636,226761,5673910,662346,701055,487253,538322,1436952,2308591,4481
1758159,1701416,2088990,1612420,243302,4920500,278029,529795,549466,591456,1538131,2431993,6347
1803082,1675798,2058982,1562202,346063,5939331,692108,502157,418321,454407,1168964,2581457,6780
1377248,1753681,2078184,1613477,355391,6282991,735272,766860,568253,630725,841825,900023,3214
1416123,1595298,1719203,1354796,364749,6096919,965473,990637,621497,682882,1927945,2542589,5008
1694976,1749198,2066769,1578638,237220,5465514,271744,517216,496496,611509,1631576,2623715,6310
1625065,1792999,2050963,1607910,342106,6235917,694889,492673,453314,490785,1196735,1895281,6000
1381110,1755912,2098156,1791996,456448,6715315,891975,918545,605103,669699,1145307,1255078,3108
1075043,1397953,1299181,1338578,350179,6049742,729093,771188,572922,616581,1624703,1708530,3035
1986216,2006263,2552581,1666811,247424,5577971,507494,767339,571379,692766,1943048,3211153,7646
1729636,1790794,2142325,1625924,357929,6142056,712795,516558,498975,488003,1226867,1771309,6707
1403205,1628118,2094114,1599387,355583,6091805,738685,770757,581031,634138,1255139,927566,3191
1229532,1359417,1273759,1322789,255850,6107089,724216,745331,553433,602440,1550308,1703434,3782
1739471,1832454,2106717,1356194,127878,4917390,493155,752738,588495,650372,1675461,2639791,6414
1911183,1866738,2415002,1831572,481167,6579191,736019,526298,478316,537529,1546274,2408837,7079
1396757,1543469,2108959,1627427,366736,6189843,720776,741864,551009,605827,1208936,891290,3080
1328623,1269052,1245493,1295737,233731,6038634,718629,760461,530284,581085,1570296,1708637,4642
1664496,1977296,4698737,2985161,1150846,8550918,2293908,2391894,681102,786252,3014511,2401203,5853
1738260,1623777,2029214,1528882,345038,5760711,480968,485114,388831,496023,1193813,2579470,6971
1646776,1600860,1971478,1499277,337391,5829351,703143,733634,498836,487289,771793,918311,4781
1375504,1182006,1620338,1514754,358965,6523006,958075,983710,536422,590165,1817787,1709162,4919
1709437,1572903,1983207,1252350,236843,4566214,478813,504429,497711,554328,1535342,2588146,6294
1688351,1667738,1988687,1535369,344690,6015562,496127,519697,410592,525306,1136440,2336991,6249
2045431,1769816,2355450,1742512,463333,5585082,696804,728306,471062,528467,1113915,2547980,6096
1017249,1378342,2066888,1675053,448279,6104256,933462,978209,509954,567606,1470874,871815,3128
1663816,1376591,1680209,1264943,243797,5722215,693556,954719,551193,597164,1776585,3082979,6062
1706627,1585681,1982783,1510640,339653,5177058,484904,286643,436502,487424,1512612,2509010,6399
1638379,1585070,1963453,1501789,356837,5858416,731919,763318,418224,473112,735814,1655472,4631
1034460,1437429,1613014,1519111,344335,5719042,686764,707075,491036,541722,1113368,890300,3223
1400593,1384362,1583104,997738,235623,5037347,714310,753199,507166,546230,1553378,2610829,4933
1999817,1767213,2386807,1522059,352382,5043460,489273,513195,497041,603193,1792126,3108018,7897
1677264,1555998,1943550,1468397,327109,5634314,660917,590496,427074,428242,991452,1665902,6742
1323712,1414077,1922212,1468722,346550,5726999,718980,749832,480782,547861,1107570,863957,2911
1337754,1245213,1222118,1259967,239629,5830445,721716,742265,499743,548979,1458651,1661688,4535
4572698,1772536,6833882,4942568,1081499,10514320,1836661,1819838,514569,607732,2981568,5693218,9322
1978759,1721598,2351299,1754565,473828,6429159,720512,748048,417588,480358,1120700,2390212,7512
1055018,1432987,2016624,1546192,352928,5836008,700087,724814,505885,554773,1142429,898077,3181
1379786,1240001,1214299,1140550,236692,5729522,726684,769148,505036,563070,1545784,2362496,4834
1716497,1596919,1994025,1251732,237480,4439249,488366,511664,481254,538707,1431701,2382943,6529
1703221,1626455,2014168,1509824,349579,5757388,484326,504906,382234,491017,1164005,2587625,6501
1343236,1503037,1926724,1473874,342299,5744488,710250,740769,490102,479230,774822,868296,4476
1685298,1448443,1997770,1532807,464488,7083325,1150131,1179663,601702,672384,1773826,2389158,4345
1718503,1554496,1944230,1460843,233119,4456083,271459,498527,482773,545635,1471507,2516169,6293
1678506,1573392,2019346,1543706,361843,6060334,708385,524300,389661,486721,1133484,2381699,6201
1409324,1560761,2014552,1522623,357499,5711653,706284,730524,482621,488979,781474,902121,4867
1004841,1482619,1664964,1574611,354144,6173368,738065,769767,549934,611382,1222318,888403,3091
1630763,1706250,2066576,1304553,240025,5347030,727591,968809,574186,633758,1813577,3169006,6163
1722891,1781844,2092483,1606226,350001,6133008,491229,286214,448397,551410,1609877,2619639,6712
1604820,1622809,2009424,1548686,359277,5976700,736727,767772,539299,512063,784465,891310,4524
1007496,1436160,1666100,1580771,363395,5963287,721322,740380,523771,575370,1462796,893811,3310
1345558,1548137,1654356,1046051,222898,5199321,692067,730368,557616,613270,1553963,2519986,4937
1953830,1831836,2448675,1847413,362191,5967504,500153,523608,467124,574799,1877666,3168700,7794
1639119,1642262,2029372,1566015,347241,5843652,686873,718427,527931,521639,808059,889360,4702
1021062,1339274,1683877,1577993,353685,6154202,740544,772819,542889,595707,1582047,863158,2934
1655432,1518947,1682357,1059178,127166,5379894,735511,759797,529698,584892,1518417,2468987,6451
1721289,1669065,2057847,1557843,345556,5295205,272711,287270,470234,586840,1584983,2621706,6663
1600117,1629427,1977229,1539844,340921,6031757,701041,570342,482534,464050,1099989,1569870,5934
1639727,1725189,2478057,2100654,592239,7167309,1160800,1190055,644103,648054,1529389,902912,4875
1629722,1481202,1611314,1023776,126027,5143156,708397,749412,543162,592848,1561319,2559408,6411
1634282,1673606,2052296,1578643,363781,5235603,275774,286049,477464,586589,1508773,2406778,6024
1724131,1682068,2119567,1627165,360464,6034981,705869,737821,486798,461951,824198,1790295,6843
1028674,1514455,2038153,1563876,349388,6058741,729940,757361,543852,609428,1180414,879163,3026
1668171,1516238,1655093,1207630,227235,5827688,933868,958860,574851,626183,1794413,2740410,6332
1720547,1674384,2050635,1562618,349077,5242814,269231,279726,463246,583526,1579032,2624210,6645
1620816,1610906,2006779,1546762,358614,5916907,733129,763093,483820,451356,800730,1676802,6063
1038066,1522107,2078284,1595076,362001,6006081,719087,741349,531022,586928,1168599,912977,3285
1319570,1327433,1252953,1052072,236284,5885769,716327,759423,546425,602936,1585155,2595300,4750
1907363,1878101,2444511,1854664,356993,5461907,455582,527082,537655,640981,1871001,3145191,7531
1684382,1758935,2111644,1611180,356554,5893698,704933,735445,500565,486353,823020,1746973,6629
1015563,1491358,2037135,1560102,353280,5944546,735927,767364,531037,584165,1172736,891248,3241
1356736,1280806,1270173,1054873,247511,5961048,737079,758925,524055,577322,1505518,2488874,4890
1679369,1707643,2064132,1561504,236773,4626004,272839,512939,557250,599752,1598760,2614384,6726
1916086,1922420,2447836,1860470,476561,6800702,968901,767811,491700,541418,1209271,2460590,6076
983750,1557199,1846957,1857722,480897,6628975,946289,972180,591406,647136,1504731,871953,2972
1633472,1518917,1643047,1322863,341963,6571883,928833,982517,554831,613918,1599166,3368456,5828
1640859,1635024,2064238,1589515,246210,4620067,272238,521599,535677,577785,1513789,2425481,6381
1718205,1666623,2101250,1615193,359727,5996768,707665,507774,421568,457635,1216632,2658625,6722
1293551,1679987,2056667,1577150,349288,6063798,723000,756418,540509,602472,823645,914996,3239
1337610,1567435,1675367,1302623,362542,6083319,968571,994941,593305,648317,1865378,2467842,4868
1673786,1667415,2035872,1557097,237109,4970025,271922,501159,514376,587599,1578033,2560749,6425
1595197,1680882,1997421,1539251,350583,5890162,717193,505291,423881,452559,1170192,2354929,5874
1351866,1690921,2090659,1592093,363274,5935871,719065,742688,512665,571383,788701,902213,3226
1020916,1315162,1250069,1279140,346727,5831413,716922,758256,533660,585148,1559726,1741003,3151
1929320,1848313,2425221,1576631,242786,5409489,503155,746892,538040,650885,1888236,3103067,7535
1684933,1720366,2066506,1557455,349993,5861393,488161,510759,419000,530541,1199651,2617648,6604
1334889,1640768,2006609,1542920,355462,6018184,735518,767061,530645,514794,807980,904504,4885
1034295,1318236,1674475,1539856,347723,6117496,699612,719911,531979,586488,1478868,1043110,3121
1667627,1494485,1672498,1052234,127060,5523181,712061,754621,540715,597749,1586593,2622589,6475
1913755,1864918,2419455,1832903,481931,5974152,507204,529354,467741,579403,1515680,3149645,7337
1345931,1720578,2080835,1601647,357451,5987287,706423,730453,537936,512539,798563,884392,4935
1003812,1308993,1658616,1306394,349355,6016732,728063,768412,548979,611964,1601543,1701123,3077
1952471,1682396,2070924,1557330,235254,5884026,718984,764793,523660,575131,1835683,3146200,7497
1622482,1708827,2023677,1530541,334142,5147305,353855,283232,472532,591703,1544655,2520259,6498
1606652,1642847,2046692,1563262,355312,5889612,736931,772053,483336,446695,801161,1707452,6083
1332432,1515966,1652623,1253581,361614,5718056,965968,1007469,567893,617986,1825224,2435906,4629
1699485,1693102,2076724,1589318,240711,5285745,272614,494397,484275,599246,1556808,2554875,6704
1640214,1654793,2038311,1560272,355036,5984984,735482,523612,482500,457464,1194457,1721716,6146
1394071,1598640,2139198,1646174,362392,6286027,728787,752009,548105,614849,1201791,938259,3509
1186970,1346839,1266904,1308318,258139,5924775,697872,740670,567596,622034,1592097,1768738,3619
1930747,1795968,2395734,1565674,242983,5361959,504494,767267,550051,662044,1933634,3219064,7472
1678319,1651335,2050643,1567779,361243,5953721,713988,508802,466542,456381,1164743,1714456,6339
1302190,1485099,2003170,1542151,347583,6000116,722774,764673,546155,593195,1176411,864771,2862
1313178,1316332,1270861,1338798,244543,6040354,735892,767324,544881,592495,1517901,1641756,4514
1708300,1669945,2097603,1330071,241768,4898426,495632,517663,543618,584025,1578940,2631727,6864
1926323,1816874,2424956,1811305,467549,6721168,737155,740853,472548,537775,1303083,2505435,7605
1351486,1529349,2090693,1576532,362289,5856468,731751,752775,524572,575632,1142209,909171,3313
1350305,1302728,1265478,1301920,236475,5971902,700627,739762,544484,603764,1583146,1726818,4715
1949015,1813027,2407756,1558233,355612,5313725,722658,753681,550395,595130,1548737,3142759,7257
1666271,1667170,2051445,1573918,353841,5999933,492016,508290,408074,518232,1148897,2500622,6484
1316338,1682528,2391391,1800224,458056,6395130,947156,1001381,594620,588359,1160948,881458,4594
1337224,1299972,1263648,1111834,247871,6167623,733123,762863,527098,576300,1516735,2385767,4869
1668878,1661007,2049752,1310744,242487,4611911,463521,488926,518052,567756,1523877,2557451,6625
1608808,1679539,2047992,1560559,352991,5888518,501677,522931,424172,531231,1193540,2523645,6325
1371973,1777447,2134093,1650918,361028,6195961,727034,750126,556661,548602,821289,910134,5005
1016514,1269312,1619374,1286078,338498,5950530,688653,728399,533352,585136,1541717,1747288,2944
1623228,1661600,2030552,1278057,243278,5085953,735948,1008977,579378,641031,1860987,3121695,5884
1688939,1666723,2050717,1565862,353300,5782309,482343,286033,416453,508841,1531153,2589108,6465
1595867,1641234,2001428,1558408,334916,6038931,698093,732346,481970,531442,830020,1414275,4749
1000198,1493966,1657057,1549561,362162,5907109,734724,761909,517581,565601,1137104,891116,3150
1346241,1447751,1615330,1014315,238796,5330186,709726,742556,511459,571445,1565412,2616041,4939
1936206,1800284,2363571,1804735,357424,5978598,503413,525119,474907,587289,1899389,3195035,7331
1725255,1614046,1993700,1508620,349406,5684308,694999,713625,484156,487764,765176,892643,4757
1366289,1429260,1985014,1744156,448828,6307337,915346,971617,578301,628637,1529513,893634,3154
1492108,1472412,1630821,1019394,188351,5309956,703688,732255,532074,582234,1492819,2334427,5222
1976659,1810243,2344161,1751400,327411,5582741,340824,502741,431449,608157,1809688,3243363,8067
1973915,1713336,2298770,1722760,448410,6243659,933321,740431,508300,497941,1160820,1705647,6004
1066633,1224943,1619665,1535372,358781,5820111,727723,756049,500274,553894,1469884,902702,3209
1715352,1430253,1603844,978979,128749,5157471,708700,738266,491349,554152,1547162,2633820,6515
1636754,1603452,1991490,1539770,354194,5200167,272791,282883,468484,562819,1512666,2428944,6111
1732755,1571852,1989558,1516139,352735,5708595,702614,678217,426372,421629,898115,1699325,6373
1379841,1506767,2292032,1719377,449941,6196771,931675,983331,542020,553808,1172158,892264,4553
1372620,1244319,1208214,1006281,244527,5703993,721771,755151,500080,555782,1465059,2420649,4624
1727731,1605198,2008978,1483053,233254,4295235,273017,513237,479636,544459,1511747,2606397,6641
1660109,1573489,1965020,1495571,348564,5789037,726785,516564,390577,420938,1168079,2481314,6117
1375894,1566490,1986740,1520615,352951,5861836,714022,734822,494585,548649,779266,885718,3180
1039854,1249262,1333538,1239996,341053,5711036,694619,734143,499181,560809,1521965,1700785,2914
1950368,1560882,1972500,1510846,242836,5130207,493961,747844,530267,595374,1792337,3059002,7401
1764937,1587969,2026627,1549182,355303,5757606,698785,492664,369875,409007,1144797,2541554,6916
1360652,1613274,1938227,1493983,330584,5661257,690714,731472,515820,573092,772299,889688,3087
1090577,1429607,1268190,1317859,364322,6050639,740698,772732,550448,602614,1552254,1678454,3235
1728817,1652285,2006134,1266639,127233,4562260,483984,722861,522351,558818,1545855,2557228,6531
2224618,1977572,2628438,1962516,535711,5981239,696944,494804,505217,562478,1850948,3676096,8307
1350584,1615534,1980117,1509754,346260,5800080,699460,719854,481296,535838,748855,872449,3169
1066451,1291560,1255849,1278276,345790,5938094,705019,745662,520146,578737,1581701,1790077,3311
1711948,1675604,2036454,1302694,130401,4505215,507998,755657,547187,596071,1543095,2402914,6366
1805235,1607732,2006935,1525129,344948,5186075,270248,283085,455278,552372,1506563,2537319,6684
1760115,1902733,2427491,1826656,465901,6525720,962207,1009388,555850,544697,841917,1724932,6145
1062520,1379254,1640567,1485975,332494,5909113,676076,698584,507161,573828,1436949,1106967,3149
1773075,1460833,1650136,1031086,125337,5293395,698778,733480,532388,584955,1584275,2617094,6738
1712985,1540921,1895512,1454639,336619,5108250,274166,286476,452794,561373,1435030,2314531,5962
1725976,1680977,2028883,1547832,350552,5932543,702078,720686,433892,423810,768480,1744346,6583
1034948,1410375,1956463,1498375,340185,5733935,701292,741423,507123,547030,1126703,873066,3117
1668585,1401099,1599990,1262255,239800,5702113,727259,990252,551274,604223,1809247,3054545,6232
1667827,1565588,1937610,1480825,330735,4993490,367204,292015,426487,534961,1423181,2395810,6460
1654149,1589680,1996832,1528085,350743,5818118,732226,767010,467385,444331,791827,1666295,6146
1042631,1429045,1969367,1504792,348300,5760534,709229,732959,488653,525479,1080003,869348,3006
1383228,1230853,1184636,972132,234133,5669637,699281,732183,490491,549740,1518789,2593660,5029
2263479,1890184,2661193,1727614,354378,5101183,687785,717416,548059,610322,2172549,3830815,8625
1713642,1599416,2008404,1524123,357818,5660882,712607,734518,444554,485513,767147,1683335,4977
1064457,1365215,1734153,1486938,339778,5796333,701339,741400,496226,547922,1167642,882910,3103
1066972,1231759,1244876,1274731,352582,5998491,714443,745318,492927,533968,1433971,1632500,3108
1681839,1686646,2078667,1295251,126877,4635840,490577,735488,538218,586547,1580215,2625711,6460
1905587,1866133,2408703,1828180,469607,6647255,733913,524432,485324,528860,1584135,2480624,7554
1312413,1524029,2098034,1589055,361920,6048634,728113,750927,523814,587346,1141671,879080,3133
1316726,1368392,1278366,1324310,235504,5957208,705831,747298,567655,626832,1609675,1768850,4739
1615941,1693094,2055338,1323959,232895,4798205,507793,554049,554246,587625,1545998,2439873,6252
1673585,1673663,2061909,1588822,360747,5916841,491819,285671,421906,524549,1550324,2556693,6538
1637716,1694337,2416877,1818422,459832,6664260,955980,1011000,596267,597564,1182195,883190,4665
1359669,1361835,1252824,1318661,243727,6077318,734800,764802,547567,593851,1510895,1668496,4747
1659073,1662160,2090449,1324030,241077,4750888,475708,495950,538081,586257,1556820,2555764,6829
1651988,1670934,2069875,1592185,357187,6080659,505170,525869,430663,527820,1199643,2500557,6377
1381618,1754983,2084857,1601453,362665,5994875,729823,751197,527752,527384,807182,887116,4825
1300913,1482118,2012413,1748154,333996,5840215,680226,950941,596844,655234,1910304,1783487,4591
1924255,1743097,2067373,1327754,245335,5402445,736585,768267,644566,699321,1966699,3188128,7238
1982990,1674715,2049754,1546419,358729,6504428,697417,723096,483539,587860,1520709,3329365,7656
1285756,1701265,1993208,1534299,341292,5763539,714354,756388,552350,530400,776432,863817,4557
975943,1349217,1651191,1317900,361439,5899118,733358,764250,542435,592870,1493401,1661534,3216
1667922,1470765,1663019,1276394,129432,5308174,499568,744090,526100,585915,1586272,2616769,6625
1905015,1843418,2403564,1836235,449066,6054356,558274,528686,496823,592791,1529945,3178127,8003
1308996,1770897,2083749,1586540,361294,6019186,731683,752210,541318,535859,806682,907628,4821
1029747,1343438,1643477,1312403,348886,6122784,712652,752776,542616,598429,1596518,1767285,3179
1581017,1489559,1650243,1317189,127882,5420958,489373,751562,557209,604531,1517711,2360740,6152
1630554,1756256,2100800,1620820,362110,5334662,493732,287145,489104,528095,1549894,2549109,6341
1969684,2010859,2558662,1946251,465606,7172270,980772,802004,533282,537908,1177721,2404683,7207
1679325,1821913,2124936,1636885,339986,6144912,672643,704884,523220,561163,817721,1310391,5064
974186,1468219,1641838,1534910,348209,5894917,728728,764036,525528,577733,1171208,872396,3026
1364618,1503490,1699404,1077588,244189,5403971,733507,757875,535346,587548,1515571,2478997,4912
1703816,1700460,2082531,1581603,237196,5406205,271676,509648,488840,594530,1597306,2654967,6918
1900330,1837166,2424942,1838562,474298,6763328,965929,763767,529861,528259,1178187,1681036,6316
1054997,1371334,1703161,1609181,360807,5988428,714856,739284,546238,593105,1525258,901537,3385
1842841,1617492,1989878,1280648,248300,5879923,921395,975792,588563,644056,1581094,2578039,5159
1633599,1653222,2041368,1574242,240589,5300378,269579,524960,474458,577266,1512712,2371137,6035
1636901,1714347,2068684,1584801,353382,5857002,701752,507680,472886,457759,1181950,1731219,6239
1339530,1509758,2051846,1586574,351218,6056155,736900,769366,555901,607906,1185608,881393,3229
1697892,1447764,1659748,1309678,243651,6082119,970708,1001602,583715,638088,1863674,2463625,6297
1676847,1712594,2092213,1591915,353029,5445434,271810,280486,484045,599072,1619081,2646135,6562
1636862,1685835,2033892,1572233,358109,6011052,735946,742224,477456,457614,886257,1667542,6177
1376368,1493809,2091477,1597648,365211,5870243,729259,748576,523446,580593,1150923,889394,3260
1365625,1397809,1311168,1364368,236672,6170263,716478,755007,610523,641972,1650073,1768481,4846
1910776,1822138,2411264,1568635,352654,5308517,498648,520534,522396,640995,1849507,3068789,7312
1710490,1733599,2096473,1606589,354397,5860605,699306,733036,484550,466484,791814,1745650,6487
996751,1442295,2024199,1553167,347384,5934480,730760,767560,537564,598159,1205928,890335,3185
1356195,1329820,1244006,1071806,241592,5916400,725381,749520,523458,577523,1482251,2353397,4553
1675911,1684371,2044771,1330954,235048,4677412,453898,475288,528706,594494,1542299,2510930,6866
1918051,1864999,2416000,1833992,474161,6790997,736626,768220,502103,538081,1175879,2457118,7533
1071479,1492236,2120876,1642562,357510,6290935,710824,729725,528519,575695,1147651,888051,3444
1360877,1258313,1208102,1005134,233997,5819292,707166,747732,503465,549523,1520447,2548391,4817
1998154,1710188,2339136,1766250,344897,5302064,472125,725818,543996,585841,1455655,2340941,6042
1718594,1575613,1962973,1502695,342489,5698660,677079,482584,364033,404668,1113261,2512319,6695
1323606,1599965,1956414,1499134,329359,5906529,689283,721465,514258,512876,768838,873871,4557
1431176,1234064,1672007,1300715,360784,6700437,957367,988261,563236,613222,1807489,2416263,5149
1710121,1594460,2017976,1514166,229135,4641338,274334,512758,498418,558416,1529998,2552732,6759
1672125,1537004,1943167,1492622,347948,5726949,716160,505602,389653,417703,1136886,2374135,6001
1377492,1566672,1954983,1482361,339427,5678868,678021,698457,485367,543006,759243,860150,3094
1018910,1229763,1191401,1236391,337512,5690280,698125,737986,499061,552430,1502453,1675437,2953
1981225,1593826,2141193,1536233,239966,5099629,471097,730922,551743,601607,1790269,2998259,7585
1712867,1537140,1994698,1526822,350837,5690313,691648,502744,374149,417189,1141286,2574635,6652
1351749,1587568,1993849,1528957,340189,5855569,708483,745884,509885,576308,776947,902037,3383
1054719,1220655,1206000,1228099,350574,5770713,714756,739218,486943,531475,1442939,1678820,3253
1743408,1579005,1980790,1242071,124289,4420899,480334,720470,498188,544683,1525602,2553909,6459
1975931,1767981,2361870,1784478,467479,6691284,728556,527882,395297,496056,1489435,2598087,7592
1384562,1621845,2008075,1521261,353120,5869709,703870,724567,496136,546387,744731,870293,3315
1372840,1410026,1599485,1512364,452134,6299133,926515,977780,555416,613759,1537358,1703342,3199
1703529,1670596,2048338,1311065,126869,4587966,504350,756466,539186,583850,1509783,2390465,6571
2086611,1790916,2384635,1758825,450571,6218036,679359,492092,448592,479897,1468160,2527157,8009
1648096,1614605,2369612,1777039,456223,6399247,949609,996462,595040,578271,1193616,893333,4710
1193284,1319706,1245027,1294838,252006,5911125,730831,757594,522979,576839,1496371,1654485,3969
1711742,1706481,2087068,1302267,127127,4672210,495400,743441,531150,588755,1563565,2627933,6763
1643239,1655475,2028612,1566078,356062,6062105,504289,284893,408706,524715,1545789,2451631,6201
1675095,1673775,2081538,1595893,362854,6049933,721657,743355,539465,524817,800709,884887,4825
991110,1317622,1620167,1536476,337107,5945628,698263,739645,527610,577015,1529815,863019,3189
2002259,1552806,1983840,1265835,239231,5319852,720629,749035,561644,606635,1805553,3052212,7687
1705116,1581516,1998782,1534467,351079,5720230,483558,492547,381802,482097,1177844,2546295,6283
1591547,1563566,1918670,1474163,324350,5732824,677102,709173,508097,511397,773067,862044,4560
1050483,1212689,1608940,1496276,346576,5731131,705659,731241,487403,531258,1424963,869723,3048
1747973,1395684,1607417,991348,124270,5216543,696600,727164,519419,570377,1554752,2578999,6588
1969242,1704234,2317373,1740618,458502,5889996,494828,513056,437110,545368,1471274,3143400,7483
1403316,1551809,1997917,1526501,353493,5797822,703679,724103,492511,484633,779419,891941,4905
1056526,1227746,1566383,1253545,337821,5645311,700347,738657,504994,558865,1524212,1682619,3168
1618852,1416468,1548584,1021036,123963,5157033,623849,719591,484806,536893,1409775,2257971,6101
2041926,1766341,2366138,1787153,435790,5969008,436188,457821,449687,546127,1501051,3029841,7908
1650810,1761759,2324313,1746265,453376,6380464,944247,989199,525385,512623,763815,1632408,5714
1032579,1279400,1600275,1248125,347800,5876920,708960,732484,479390,535039,1417197,1632262,3169
1740648,1420249,1636419,1271798,127162,5228423,483888,723273,501622,552657,1528879,2562530,6760
1655073,1568302,1977122,1515689,352577,5116485,496115,287554,442212,487041,1481086,2408085,6063
1679172,1571477,1948002,1497300,331284,5915818,663477,683777,442099,437125,767172,1625669,6030
1026356,1410042,1952486,1495621,343003,5690998,709772,750301,503595,549321,1160425,852047,2943
1676940,1383045,1572575,1238854,243091,5629135,733596,988922,544135,593824,1777033,3045450,5864
1782757,1727986,2091430,1592964,351980,5347232,478916,281715,472138,524056,1541408,2582881,6791
1664436,1549204,1934263,1475765,336532,5704041,702525,734517,443051,478348,772143,1638611,4748
1056786,1354537,1599835,1529300,352661,5809676,711761,733470,496055,538844,1128901,900008,3348
1394857,1244358,1427711,977014,226121,5461943,684061,718920,482229,541550,1505243,2550418,4965
1971397,1758676,2315674,1736363,346783,5309742,494991,509219,496218,562423,1845364,3144234,7335
1755073,1592415,2025814,1549224,348265,5942121,690150,707968,438581,477795,786596,1696309,4886
1050564,1387480,1594232,1519408,337916,5930752,698411,738422,524375,580558,1149591,874243,3208
1364380,1419933,1614392,1005708,233483,5239716,704138,733911,495331,549410,1435875,2309559,4775
1715412,1556364,1990639,1518903,237341,5067268,263031,497015,430536,526447,1492520,2550619,6301
2214101,1752255,2583995,1897551,537805,6817301,1116148,928024,423431,478284,1161329,2892466,7345
1064330,1452618,1614751,1503667,349208,5723584,715210,742529,481164,537824,1101600,895216,3306
1372819,1373398,1580614,975567,235295,5222363,697926,730616,495079,546043,1536785,2591473,5085
1668912,1495181,1921274,1487230,235127,5132173,278065,520806,450417,545073,1470787,2361952,5977
1726793,1620859,2038395,1544726,352120,5877080,706397,514454,447469,434315,1098110,1642355,6526
1365250,1475700,2002366,1789636,448535,6603519,922327,976391,586628,648826,1571447,848096,3071
1557698,1503211,1652830,1051745,133754,5371555,734512,765020,543148,590366,1516372,2365894,5760
1644928,1713450,2074856,1597452,251325,5363041,269013,463480,491215,590839,1534203,2506736,6606
1632384,1689814,2040472,1557574,348923,6044214,731507,522211,477877,463935,1182562,1686698,6262
1343316,1525253,2085174,1585990,362008,6095330,731745,756283,526075,573092,1132528,892919,3241
1371207,1312844,1252053,1305749,231239,6016180,695408,729938,545542,602283,1579149,1742261,4803
1919409,1850713,2425664,1578333,356698,5411451,503590,523462,560888,668653,1928638,3213720,7472
1686573,1693447,2105770,1605316,363207,6116845,720228,739766,471244,447086,788696,1728211,6819
1263743,1545390,2037047,1574120,332306,6163598,689297,722622,556272,621272,1208141,911502,3416
1355470,1368003,1285505,1353222,242078,6142433,732515,765693,559816,607194,1524553,1628265,4731
1977511,1848743,2462955,1573864,354130,5192918,700214,506312,532009,582726,1928160,3412790,7549
2016139,1866545,2432410,1849198,459693,6706358,731319,764031,508523,542241,1219694,2508800,7837
1328726,1665755,2437569,1839117,457277,6733851,924343,749835,524571,578258,1474744,1560588,4695
1345443,1305517,1272269,1057307,233751,5957970,700578,735171,550338,594303,1598997,2594657,5035
1611142,1714237,1997056,1381410,241930,4711580,360465,489114,538550,588842,1507959,2356694,6036
1665382,1715525,2102629,1609043,362441,5927181,499029,515735,425532,531441,1166863,2539453,6482
1333272,1631557,2404153,1800662,454748,6529788,935017,990603,600636,589406,1181700,849369,4589
1373895,1285706,1251063,1036014,243340,6034006,737261,768991,536240,577251,1527897,2372465,4664
1663566,1683182,2059250,1564886,238977,4529989,267872,508668,530398,588438,1553314,2585863,6353
1595048,1656819,2019990,1559761,349004,6045814,730002,522402,422467,467088,1188040,2484149,5913
1321827,1714268,2096885,1613759,359649,6118046,735492,759717,548596,531911,806763,872500,4327
1017166,1328701,1644838,1287732,348549,5912887,705485,738672,534186,582505,1572730,1747897,3373
1884883,1734561,2062178,1592818,241720,5346476,503662,763137,602138,670692,1925877,3227195,7498
1707613,1720875,2084875,1579265,361965,5891913,716691,509156,427740,462350,1158323,2530286,6542
1333866,1638031,2029907,1559004,346414,5959297,712756,755747,539024,586212,816002,896206,3277
1022133,1349000,1272172,1333541,361276,6021835,732205,767314,550982,586753,1530414,1624336,3128
1669332,1544114,1965439,1332736,123638,5146943,484141,723063,537781,591947,1543779,2563051,6554
1911607,1855743,2411668,1808840,460660,5882031,728737,524165,500663,539375,1580759,3313425,7622
1664306,1890831,2477474,1869971,470737,6894362,954381,759210,534470,576425,1153818,1634422,4878
979960,1309334,1241271,1283642,339082,5932761,687322,719380,537357,590306,1548792,1698521,3310
1616049,1637000,2005346,1275712,123374,4649543,502638,765941,529048,585448,1539927,2444198,6072
1756384,1590834,1992427,1530642,349969,5891741,481201,284948,398790,490997,1444058,2425565,6312
1681401,1750094,2341524,1742854,437844,6498975,898403,951282,550691,574294,814061,926032,4617
1035682,1231699,1207854,1263323,356804,5795278,727697,759601,506710,538026,1463341,1604757,3049
1720662,1633238,2003506,1264167,124441,4469800,480170,720296,496803,549438,1488956,2532807,6511
1637750,1569786,1936876,1476227,336965,5749543,473897,282097,369037,484297,1496021,2417702,6150
1709897,1646478,2028825,1552123,357590,5971581,726813,751813,509517,511695,799877,877195,4718
1332176,1289476,1638953,1543802,348716,6495966,920647,964932,591578,643066,1951044,1722590,4453
1612265,1667195,1986262,1275652,154681,4767571,496857,660495,543444,596483,1492228,2329071,6125
1692048,1711577,2074284,1612956,362337,6002180,492539,277237,429624,529239,1534023,2528036,6342
1623512,1651472,2032160,1561712,344879,5987266,711540,753891,563137,529194,796439,864199,4609
1044473,1306369,1700120,1602787,356540,6195152,725536,760920,568577,616699,1541227,899373,3466
1703765,1517024,1675292,1042358,124212,5297759,703044,733144,528840,584130,1550338,2617577,6798
1951672,1702478,2300129,1711977,448975,5705642,488203,511480,423214,524670,1483350,3246936,7545
1566237,1590620,1967736,1496647,338350,5811535,689341,710524,482517,474967,764517,890854,4806
2259845,1854178,4317876,3322107,1217865,11478483,2503932,2615218,850905,954019,3816149,3318168,10038
1777693,1570285,2029614,1540800,337167,5936155,681345,491863,419118,455893,1188251,2559305,6817
1366650,1675547,2032348,1578245,358752,6178832,736856,766251,569122,618644,795034,911837,3336
1353845,1480779,1678247,1321684,363436,5986237,946120,977220,585350,643996,1911282,2572910,4843
1661742,1703430,2056378,1568153,238464,5415178,272011,519210,502321,604915,1599047,2619147,6263
1618490,1745745,2098436,1607281,361540,6124715,733985,524400,438029,465609,1161719,1818034,6396
1351735,1742948,2102817,1618548,356073,5979026,706045,736135,548959,612437,830188,901909,3364
1029639,1306416,1266037,1298376,349565,5884649,730694,766765,545914,587325,1586689,1708812,3076
2005436,1831656,2440202,1545087,239950,5249675,504140,761774,530823,638073,1854010,3232714,8050
1701899,1556034,1990468,1494800,347277,5843455,701099,505117,445476,423096,1184635,1779078,6507
1320838,1422404,1929163,1497301,345806,5828187,711967,742595,512231,572177,1122674,863782,2995
1307999,1289920,1238837,1251545,247532,5808995,698692,719398,490613,549264,1444065,1646001,3976
1720650,1552759,1952515,1243915,132243,4560851,481587,718142,505936,544120,1478895,2501249,6392
1684251,1631204,2013061,1545554,355633,5975819,498002,289267,398687,502233,1466686,2333806,6144
1670450,1630247,2368275,1760565,460917,6303171,900463,936736,540145,555873,1114755,874799,4537
1644234,1385435,1593420,1497069,336357,6417814,923723,972549,577019,576956,1532584,1675397,5722
1722205,1643450,2061803,1314555,240909,4787368,507768,526876,525315,579006,1502925,2434976,6449
1776453,1816869,2403377,1782269,444601,6571348,690231,710248,467218,570136,1174068,2508954,6224
1596798,1579024,1947476,1505274,337273,5869179,694841,722231,532930,507147,784413,869902,4450
1426666,1235037,1627807,1513793,359142,6317584,922734,947975,527824,583622,1788368,1661595,4855
1706918,1627086,2007387,1249598,237790,4436955,490781,519725,512734,564564,1564022,2636487,6382
1693753,1585919,1967737,1521323,345248,5904612,483894,505064,404758,509085,1136260,2289762,6167
1386600,1620220,2023105,1531903,353232,5711538,697629,726659,492346,486574,762974,903791,5049
1043871,1254952,1624024,1282364,347122,5891880,720788,755180,508610,566779,1552651,1694923,3298
2001067,1620024,2018652,1354072,243962,5202367,622850,718328,568098,617399,1801027,3098108,7562
1704966,1655374,2009107,1515300,346320,5804323,490337,511948,401285,500371,1138229,2583720,6551
1313622,1725900,2043116,1587466,358540,6166982,737149,769798,564594,552066,810874,874757,4538
1047371,1359073,1674259,1339519,353896,6027148,704117,724704,545444,597923,1530767,1694506,3183
1633179,1434974,1618497,1271026,125681,5191851,493054,757374,534152,567470,1559580,2589746,5960
1900097,1893451,2474405,1868827,482674,6207236,741915,532968,479958,527723,1534749,3152719,7587
1347692,1739216,2054259,1583410,341798,6006505,676596,705076,547655,539778,805731,888435,4657
1002759,1304198,1634118,1294605,350944,5959143,732790,769768,529373,588828,1575776,1693240,2973
1637446,1524995,1695662,1335072,126379,5460560,503610,761138,559078,593966,1519940,2426234,6133
2022101,1921214,2473865,1839629,455407,6048556,693082,495506,563196,611266,1597021,2628469,6471
1649412,1702149,2043881,1575534,358825,5995232,734193,763941,496443,548902,797384,1679530,4593
1050930,1581518,1703429,1602317,478709,6703881,943210,970877,617309,670573,1547058,1727671,3307
1642509,1525505,1911605,1322544,127550,5279075,498359,752610,553791,609774,1599779,2579034,6239
1653704,1726941,2104795,1626278,368736,5484032,514333,286962,503476,539749,1564477,2430039,6160
1667973,1753360,2106203,1607866,357810,6076985,709465,739010,491964,535018,816194,1734355,4753
1041021,1583118,1696034,1601002,352736,6206163,736905,774189,579589,635696,1221865,888703,3067
1677802,1632242,2032851,1269051,244995,5291254,728870,993107,558345,615016,1817405,3187813,6142
1799552,1633283,2019135,1531457,339529,6005494,472360,282208,414357,506322,1533931,2541812,6710
1723923,1724089,2038527,1580990,351835,6128591,722471,755203,513817,544615,823435,1002286,4774
1077423,1557870,1659124,1572391,346355,5938675,691609,710142,530598,584550,1153242,914956,3339
1392788,1516947,1630053,1032881,235628,5204639,710074,748494,534615,582432,1576651,2597541,4664
2052081,1893955,2414496,1843341,343267,5990891,469582,527895,507588,604854,1848505,3028565,7391
1793542,1714336,2070671,1571984,349695,5964099,693496,722424,518801,522283,790888,888449,5088
1118362,1388493,1704288,1578357,343991,6014287,716652,753592,556060,588241,1587529,917661,3298
1692418,1482352,1643795,1038402,134855,5298252,710754,736181,520155,570783,1472989,2380928,5931
1752184,1798917,2038279,1542800,252785,5236320,276296,444381,481946,598685,1552230,2490007,6518
2227647,1874111,2635720,1971096,552785,7304690,1123983,948401,572233,499145,1122848,1632320,6949
2877533,2231157,3908176,2781042,901009,6650094,677549,709512,669402,788091,2577469,4931474,10454
1084946,1240005,1251787,1292597,346656,5923697,722457,759213,529031,571270,1551492,1696145,3394
1755150,1622497,2059532,1284187,127925,4642334,510337,752419,505695,567291,1480255,2475270,6607
1772223,1633220,2033200,1531420,347057,5824461,491597,286717,399988,495191,1572152,2638376,6788
1648550,1597243,1905687,1478494,328340,5996614,676555,705728,448066,495016,777124,1304129,4663
1034879,1425089,1602601,1536439,466860,6475510,918766,945697,546617,605395,1469387,1667291,3002
1662266,1724399,2045062,1313633,126154,4692868,495909,742585,557660,618893,1574490,2535367,6302
1669539,1711047,2070808,1604353,361716,6112676,504370,285750,417029,523348,1516779,2406186,6204
1700751,1672203,2088725,1607594,356639,6002833,705215,737685,534447,521376,812027,874735,4937
1006978,1330751,1655305,1558208,352574,6094190,736334,767347,545568,590464,1579987,884601,3112
1758811,1754878,2085865,1335262,170283,5351544,690960,947389,585053,650882,1809753,3113842,6583
1712448,1663468,2058428,1556268,350245,5935444,488548,283053,425176,524090,1562050,2621270,6566
1656295,1609184,2036122,1567305,361096,6246979,740639,768460,546483,535455,814900,918644,4681
1013144,1365303,1709100,1623344,363032,6025150,721364,742385,549990,597505,1538514,872399,3079
1966873,1766929,2060312,1337014,126530,5503784,715992,993430,628119,697293,1994470,3411864,7162
2178845,2022194,2779793,2082919,574712,6603483,686512,336993,478637,593108,2092749,3736851,8434
1796885,1765903,2080152,1588058,344035,5908184,679203,712776,533701,529668,805978,942919,5116
1018543,1340778,1656054,1561218,349432,5897062,732026,768271,537501,588780,1576768,897715,3238
1675785,1537218,1656050,1027284,124284,5315213,737028,759650,534936,588926,1515894,2490562,6476
1735740,1724356,2083108,1595485,351767,5473966,280382,289361,493225,606401,1596111,2656292,6928
1611731,1697780,2055944,1597233,358525,6225134,739262,770465,500109,474619,831384,1679763,6060
1039778,1569648,2087161,1680441,481587,6659103,947588,973223,601917,658367,1540766,1623092,3301
1627993,1513146,1631845,1065562,127094,5366866,686246,732409,537081,587628,1549285,2506262,6337
1666754,1695802,2076367,1609061,363750,5334509,272075,282234,498539,600573,1525344,2405524,6176
1761316,1638576,2079488,1591616,356010,5901102,702872,735344,486838,465813,818060,1764241,6660
1027471,1500713,2022742,1557117,343643,6103388,715849,747634,543918,616145,1188075,887114,3062
1704886,1484443,1656455,1299963,243245,5916281,733788,995640,569780,617195,1818417,3245308,6314
1703253,1673002,2042491,1558893,344632,5296139,466922,281438,477070,548712,1570756,2592309,6342
1621638,1679140,2035053,1584599,343446,6262676,705639,731830,505738,474236,821660,1700704,5987
1006254,1514477,2081728,1591479,362499,6103553,722302,743854,524011,584529,1175442,890965,3089
1367907,1346961,1266240,1059720,237708,5982952,717587,758889,547747,607103,1574291,2580057,4727
1972242,1918269,2480582,1892136,352607,5462971,505299,528571,562558,608839,1918069,3135316,7742
2038563,2061185,2515275,1901928,456445,6824680,705252,738016,539552,652821,1228656,2531210,6692
1033287,1592884,1685897,1596419,352831,6173203,733802,766133,563724,621223,1243579,879257,2949
1358502,1509180,1437781,1117637,246043,6200435,711165,733083,608315,660503,1560456,2375118,4545
1758280,1750992,2124081,1617341,240536,4903539,277734,516031,578005,617714,1631242,2640088,6883
2001610,2006548,2511394,1927222,479143,7042049,974850,773687,538897,589393,1289163,2473702,6177
1034114,1584351,1698801,1597797,359767,6067117,713655,734753,549165,605743,1175853,881473,3072
1340616,1562410,1693900,1096511,238223,5541095,721110,762486,575285,633486,1631510,2594115,4707
1630355,1703623,2073645,1611090,244455,5444225,273230,526857,492780,592242,1531144,2390114,5929
1650057,1718574,2049490,1574843,339415,6110853,673187,476470,418962,457366,1188062,2079361,6414
1386824,1785265,2086252,1610663,348840,6129307,726734,759022,581064,645515,854423,900205,3326
1340757,1487720,1692622,1319871,363126,6159144,965338,991259,590996,642869,1860638,2488870,4923
1721811,1674842,2084127,1595126,236684,5316683,267627,509326,496328,604400,1628212,2640405,6697
1687497,1643782,2031035,1560997,356952,6060222,735312,528765,482714,468179,1184473,1681317,6145
1404859,1540925,2120070,1634718,366067,6168835,726630,743906,552277,605815,1196336,937499,3498
1263983,1339943,1266142,1314812,256105,6008783,720903,762571,553012,608033,1596082,1732538,3720
1953379,1868483,2468335,1608217,244257,5521182,502721,767051,549710,660856,1903119,3152719,7351
1698591,1726012,2119945,1608768,357751,5967091,705409,509737,490710,480756,1190114,1753600,6584
1620071,1770784,2438110,1839925,457249,6780480,732618,761963,554097,682926,1586087,1647997,4580
1023579,1337630,1663583,1592477,353922,6047482,700800,729934,559793,607445,1546136,909421,3219
1308810,1330116,1260151,1303560,235871,5933582,727100,765686,543018,589407,1588756,1691274,4411
1989624,1911672,2490229,1599350,348639,5400109,504559,545669,539868,647210,1865869,3227505,8027
1678553,1744135,2057211,1565432,342854,6135424,692786,514512,483475,464406,1160401,1694775,6545
1357268,1522323,2041755,1577096,359119,5990419,737676,767261,555661,614338,1184651,882783,3286
1369633,1294016,1270258,1332654,244739,6165956,720126,739790,542153,591752,1538397,1720884,4848
2142047,2050238,2595160,1325635,236931,4700534,713133,751539,694532,755314,2118029,3537442,9213
1677404,1936932,2526273,1938651,467718,7079138,717853,750871,540743,635528,1175969,2401834,6419
1414575,1656442,2464199,1855056,464378,6612671,917910,953676,604178,603209,1194895,911370,4657
1340463,1272227,1235679,1227266,221324,5754781,692750,728094,529826,579144,1548232,1788361,4411
1744416,1589033,2001691,1294840,240152,4552018,489946,509479,495239,548839,1432374,2332321,5953
1763141,1627216,2011155,1512180,334427,5859150,480687,502023,397639,499507,1148463,2526952,6758
1396948,1601438,2003033,1557511,347699,6065505,722387,747752,527830,512693,783273,901712,4835
1412388,1298610,1628759,1272085,349954,6348742,923758,950206,540122,606192,1817152,2426847,4768
1713384,1768389,2334846,1698143,334535,5104728,493275,733367,579640,627715,1546035,2559164,5966
1979747,1569364,1947977,1524862,336806,6613998,793333,738357,452773,547654,1419417,2901455,7076
1435778,1751488,2105968,1612357,349875,6011802,697802,729081,535954,540246,817925,918179,5099
1051804,1260271,1609862,1271648,341391,5834586,719505,756565,510122,567078,1546909,1647352,3085
2023264,1576131,2044145,1572468,240144,5240210,499472,751700,560403,611197,1828210,3149335,7461
1787305,1614167,2016345,1518417,339969,5871261,691955,506157,388013,433998,1138481,2535469,6627
1389988,1593289,1962787,1508678,344822,5890901,717907,748797,520727,560816,772536,873222,3046
1060969,1194492,1396692,1264779,358453,5761602,720320,742179,485543,536968,1493776,1672549,3129
1715195,1400834,1593240,1241995,127417,5120536,482954,740353,493530,551910,1510896,2504627,5990
1962150,1798966,2394389,1816824,463379,5898245,715032,508430,445579,493780,1492990,3051123,7485
1373957,1536283,1981319,1516657,340726,5676315,678611,704980,487212,533997,771787,885624,3190
1042189,1267646,1217105,1264435,336469,5689758,706556,744839,499617,563126,1513496,1652303,3101
1711011,1634370,2017751,1245503,125369,4457782,494850,737610,486654,544562,1452309,2376749,6410
1740752,1631533,2036751,1547121,339374,5394404,481741,283359,454914,496813,1574325,2575776,6662
1698041,1548401,1950056,1496518,347117,5842266,723798,755457,433244,484364,767069,1634963,4610
1052005,1409613,1610443,1533785,474260,6486897,945355,971711,553134,613276,1512447,1699018,3116
1694788,1564627,1941875,1240180,125811,4619464,490270,728933,500835,551621,1527228,2476629,5921
1689327,1568828,1983797,1524800,354127,5825213,498824,284854,390453,490208,1469894,2319681,5952
2096901,1618149,2076163,1437624,327179,6525837,829052,862892,563702,562296,1150554,1570117,6504
1015860,1479038,1654694,1579385,341315,5993647,718456,755492,561815,616426,1499196,878433,3071
1644296,1679613,2080934,1312633,229837,5387763,717225,976420,596610,653764,1863350,3109967,6245
1676406,1718482,2091078,1587822,345117,6109957,488450,284742,434191,536425,1601301,2591773,6556
1604624,1713709,2030920,1566257,345786,6162415,719802,749254,543850,529200,797930,879051,4544
1015171,1373421,1681146,1606360,354747,6032317,713047,734371,535218,591376,1511368,866489,3054
1654108,1506061,1651261,1043326,127401,5279132,707460,748467,549176,589435,1572449,2540108,6077
1922545,1846195,2416777,1843701,450013,6036058,470779,332573,470800,583794,1796585,2992247,7357
1687706,1770782,2114342,1622775,353426,5970844,702832,733915,546077,540061,805179,904411,4919
1084397,1396613,1676212,1605804,342135,6230516,719511,754554,580399,632330,1636511,928157,3452
1644667,1498499,1670840,1064965,126562,5420186,721208,749502,554870,595414,1539448,2405516,6261
1697842,1706618,2096057,1590530,344570,5398933,271594,286119,495800,597601,1603541,2603764,6576
1640583,1727478,2050356,1589696,353252,6056779,736393,769111,499259,480610,804730,1646399,6047
1027738,1507145,2075969,1807776,461467,6849313,920092,946104,587762,649360,1484764,1130274,3031
1662837,1503135,1657636,1056501,126486,5429382,715318,754959,550140,606096,1627279,2614377,6356
1645388,1719947,2064637,1598507,358265,5281511,270711,280926,481763,584342,1516233,2355432,6079
1674679,1717256,2100266,1612814,348802,5992683,695687,725357,483306,464621,811587,1717559,6546
1007250,1494830,2022326,1560809,446988,6672629,937032,983079,605216,663724,1551131,1634507,3041
1655103,1492309,1684973,1330287,244780,6042571,739392,1010540,598693,644795,1907951,3235169,6006
1692549,1696702,2062074,1556712,339775,5250349,430078,282996,462129,577387,1556334,2576330,6517
1638453,1704089,2048214,1586975,353623,6200232,733104,761102,487270,464967,796054,1679473,6169
1061587,1553179,2110184,1630776,362481,6043380,728917,750749,555918,617799,1201045,902881,3296
1324054,1303099,1244123,1019189,232463,5887162,702264,744228,557609,594160,1584403,2552457,4610
1950771,1860052,2442460,1860986,353588,5384706,497786,517927,552749,607214,1896087,3064866,7358
1668808,1705843,2083146,1619880,348118,5989439,692677,724138,482324,532916,798174,1716144,4962
1000106,1478960,1811289,1586092,341085,6033555,718295,754221,548224,598661,1212996,896495,3137
1346500,1318008,1284201,1046600,243948,6180621,736437,765550,535416,583032,1518745,2433841,4847
1676630,1678560,2052215,1566392,237630,4684368,271500,505071,530542,588478,1585633,2594679,6410
1945954,1889883,2435094,1852083,465724,6763088,961213,767313,510195,552547,1182449,2423009,6224
1010711,1498994,1670620,1602853,354297,6077198,715608,736862,535280,584141,1172537,891166,3247
1311145,1478679,1627123,1016425,238821,5296226,717276,756842,532095,597907,1606291,2592817,4590
1686527,1804892,2100757,1633596,240784,5107731,273190,523451,573623,643882,1588302,2359021,6053
1982586,1981037,2482508,1874311,461743,6455757,913906,730302,464428,499240,1246448,3280931,7184
1328417,1800061,2057775,1849177,444201,6723343,933072,980881,638699,693945,1222925,898775,3123
1394874,1667049,1758646,1391169,357162,6210384,955564,989932,633901,701290,1926158,2414205,4864
1721132,1853559,2126464,1638626,236276,5534009,275557,499684,526974,643128,1625640,2535185,6598
1636860,1727729,2050737,1607123,352031,6148040,728351,526278,492194,467419,1212871,1653875,5795
1444431,1709062,2158997,1672609,357746,6297146,720806,738455,593221,646175,1223888,934131,3362
1043148,1314923,1240766,1303754,310394,5956111,688205,727832,530803,586456,1544986,1629495,3244
1971097,1955282,2502848,1654142,241822,5518806,501888,760133,582805,693410,1913059,3061461,7257
1693840,1843237,2156229,1669370,355963,6242494,709118,518736,521699,485065,1217507,1729826,6629
1329424,1553784,2058126,1591794,340075,6133235,712669,745933,554671,617489,1217675,913901,3246
1333206,1283558,1242953,1318569,244502,5990589,730373,755494,528711,579118,1513881,1651555,4718
1682727,1658179,2082518,1314848,235717,4641563,481012,504865,534586,584254,1611031,2607907,6566
1883769,1855156,2379035,1809859,451967,6668681,704207,609903,488235,531544,1409082,2303468,7012
1370797,1501477,2088151,1601744,351856,5991625,712223,735386,522836,584014,1166142,898661,3249
1328504,1304487,1255647,1300846,240318,5980453,721249,763389,521405,588065,1574380,1717256,4440
1632601,1680041,2057444,1325810,244894,4681366,490724,512475,540044,592030,1532581,2352297,6184
1653711,1693912,2069661,1585458,349147,5900125,483961,505606,413668,515333,1175073,2548448,6543
1305458,1652875,2025669,1558113,344158,5913499,727051,765741,537857,522922,804297,888407,4650
1326420,1468994,1643443,1279613,446799,6297797,1150016,1200008,594432,662225,2133720,2971313,4717
1652728,1621972,2018648,1527483,236488,5148100,272868,506625,465896,576562,1537463,2554739,6062
1585834,1619906,2020480,1567391,349254,5979234,733239,530333,473634,449901,1178500,1640696,5961
1345867,1470413,2095800,1599120,356445,6171564,727691,747720,525979,582609,1142223,881050,3188
1025153,1253556,1642481,1293274,345123,6040412,718556,757034,520957,573768,1604764,1749048,3356
1925628,1683000,2066733,1589760,240050,5393926,497219,764189,601808,654517,1891034,3093255,7557
1688877,1668189,2088326,1591016,356071,5976248,685746,519847,394235,495318,1160579,2584068,6733
1312773,1615828,1991378,1522418,340451,5769662,717772,753848,528064,508301,779184,880237,4488
985629,1282895,1650488,1291405,358820,5972860,733329,760566,527390,579858,1519055,1644420,3051
1718690,1583581,1699907,1331001,127631,5446987,486986,728381,554535,615516,1619576,2593593,6631
1935521,1753230,2372126,1800398,460574,5892086,720932,518572,453938,501791,1530096,3148323,7118
1310423,1702134,2079605,1623805,359794,6062256,725978,747501,538602,589099,813804,892588,3205
996006,1290973,1781585,1607661,445223,6903513,917546,972225,620237,690268,1992010,1731835,3313
1623076,1467830,1668966,1318779,129160,5384197,508284,764439,527964,578028,1532912,2416232,6676
1725214,1748163,2114030,1643751,356091,5479228,496594,285248,499976,542261,1617784,2586805,6889
1653709,1921301,2459247,1887738,454461,6684853,952541,1002200,578973,640714,880929,1678696,4583
1002238,1384413,1283534,1325415,355224,6056910,725127,753278,544043,593950,1505832,1635706,3137
1687973,1673566,2464498,1571570,221764,5360769,682805,934243,594051,657968,1962419,2604274,6782
1610890,1660733,2042084,1580707,354360,5754753,505057,282236,428207,509354,1558154,2452071,6142
1647522,1694027,2026651,1555885,338401,5877684,685240,706906,451879,502944,794254,1448306,4904
1016455,1485074,1651311,1555046,341385,6059825,708544,745893,529644,592157,1180340,945855,3559
1599470,1641876,2034770,1293562,240755,5326015,737693,995681,586547,643511,1885643,3080558,6205
1698791,1757583,2119045,1639688,350946,6137633,484900,283906,434213,542417,1582057,2552681,6656
1583906,1621024,2004829,1542698,340807,5863988,716124,753184,520817,509014,772187,897525,4697
1006520,1298158,1669866,1600799,357372,5837524,729861,759895,522512,572508,1494581,900493,3330
1454930,1457262,1647653,1015530,173797,5227320,669870,698890,525558,577919,1544838,2493228,5238
1892791,1861385,2407077,1829309,351382,5922932,496602,522770,469644,595202,1939409,3208722,7467
1643284,1628138,2034157,1555851,353635,5878081,713650,734946,509162,500973,768565,890564,4749
1025626,1257569,1622294,1540572,341063,5907016,707301,746194,514044,567587,1552063,906385,3074
1606007,1485696,1633664,1016383,125793,5237883,721231,753588,521611,567761,1508885,2374234,6134
1666014,1655902,2050577,1574774,351769,5139250,270628,282292,454196,569381,1523456,2543137,6625
1918741,1741567,2311684,1745331,434971,6220936,913383,897678,511624,480758,923819,1586493,5995
1286593,1455716,2020466,1826028,471038,5821362,732365,758577,552678,619863,1833210,1617818,4345
1659590,1499116,2013934,1275697,226464,5837089,885094,923736,583002,648169,1917187,2542069,6381
1443773,1643086,1841050,1768745,378583,5809023,502307,508106,552574,640462,1595481,1751563,5647
1609160,1482022,1614598,1025619,123594,5187984,712326,754506,520278,578731,1556347,2476287,6278
1942398,1852525,2452946,1854808,466964,5967525,496639,485736,458550,565331,1605307,3103631,7574
1693215,1627773,2063098,1571819,343904,5771280,692303,722685,514685,501785,800092,920367,5214
979971,1281264,1601972,1516828,343451,5783765,721398,751260,518386,571659,1530824,890246,3219
1638835,1444703,1616330,1002169,123299,5111687,714248,736597,497911,555141,1477426,2435248,6398
1631242,1628511,1997757,1528794,332854,5197917,266275,278457,463117,579758,1552139,2523365,6243
1614466,1639615,2009421,1546125,351290,5857889,725259,759102,463583,436916,770131,1623211,6218
999811,1512288,2059258,1646127,468665,6554305,926967,956082,576024,638558,1527001,1625042,3339
1634755,1414537,1580652,1042308,124193,5215686,692765,744445,532516,583699,1573675,2467119,6103
1633725,1659533,2067732,1564666,360572,5174739,270261,283209,457563,562081,1499496,2420611,6225
1642391,1680950,2048640,1555635,342361,5856726,694180,724646,466805,449679,787157,1712857,6433
998195,1460931,2030931,1571267,348029,6040774,730722,762846,524485,582124,1157669,867516,3171
1694803,1401221,1606427,1260469,239595,5881780,721150,961875,552932,610071,1823166,3173781,6170
1660659,1673353,2019757,1526610,336820,5168578,477676,279471,465676,522656,1553246,2560149,6379
1600192,1615094,1976827,1535413,338803,6013914,696911,727674,459795,439467,784823,1622669,5973
1314360,1654063,2438012,1855103,455403,5757300,698746,724696,593437,649326,1521715,1635330,4721
1289683,1243010,1206422,1005546,231520,5876707,713358,755576,521342,574705,1559879,2463631,4572
1869739,1841837,2410971,1824339,346134,5099618,496197,517845,517977,573376,1816484,3075352,7622
1672259,1627868,2070139,1581563,348927,5937746,703256,735932,467864,507665,798469,1726084,5019
1011351,1446502,1635769,1544092,346825,5983179,725816,755557,539914,592229,1165897,888052,3181
1300946,1287464,1348524,1016160,238174,5829617,690785,709779,511708,566830,1440883,2328391,4845
1662771,1653809,2034764,1553346,232001,4561435,267965,505196,516674,568106,1550270,2577495,6598
1596247,1622948,2012702,1541613,362215,5791873,740262,525477,402529,437527,1153877,2423034,6188
1337384,1591262,2010638,1811016,462409,6275400,912558,944376,563267,621991,1158119,904294,3396
1311359,1458921,1590550,988900,230240,5084603,710847,753338,522494,576568,1564481,2506764,4609
1592110,1661414,2050836,1576213,236402,5205442,271366,521854,473069,585268,1491226,2379793,6219
1642110,1657542,2023680,1545673,333850,5737609,678696,478348,399726,428874,1178481,2044893,6478
1276528,1624739,1997969,1532417,347872,5720927,728266,762408,519503,572309,769658,880955,3153
1335452,1462140,1667928,1291102,354520,5999894,956397,982774,567710,628830,1845460,2461054,4732
1674506,1640023,2006358,1535835,230705,5053063,266388,506643,456652,572227,1576949,2572061,6385
1592278,1636407,1985225,1524189,350865,5797051,724063,520055,436096,418544,1133965,1633919,6218
1328463,1435442,2006272,1545183,355031,5683747,710632,734659,504982,559856,1142836,881160,3160
1273034,1395704,1943622,1609411,346650,5771904,732547,994810,569926,631674,1928536,2307802,4440
1894962,1657817,2032239,1289032,239670,5161735,726097,747114,569659,628768,1832032,3149045,7637
1670972,1670027,2028323,1533765,339883,5783587,482873,505420,392660,486183,1148674,2556183,6724
1303498,1651350,2035275,1574023,350811,5873772,722303,751522,537927,524395,809430,919708,4928
1016665,1304226,1632993,1298192,347777,5889443,702059,720746,530403,580776,1497492,1679980,3368
1654995,1470878,1624927,1291256,126037,5003572,488106,753956,529280,578176,1576082,2554398,6060
1900034,1881728,2418594,1832600,469981,5722332,710577,525655,456399,524098,1476515,3087465,7498
1278477,1640139,2006544,1534715,342001,5535488,682570,712206,505251,501584,770107,885292,4591
960985,1314939,1617466,1278842,342249,5657869,718900,753367,522162,561601,1546101,1657547,3246
1637234,1461387,1608500,1257932,122709,5111136,495499,744117,507976,560842,1482477,2419078,6393
1627519,1727463,2023734,1542652,329770,5024501,481515,280575,483918,523779,1565648,2513970,6638
1562753,1695511,2014830,1558128,351025,5928384,732120,764334,497250,539974,822576,1642999,4830
925982,1565218,1676709,1567976,467002,6527026,932323,957550,601514,655680,1530274,1658001,3127
1538911,1537979,1699383,1299934,125419,5122671,460248,718346,546904,592591,1547838,2427788,6243
1862574,1990586,2474916,1898856,463504,6012586,721576,510491,506612,544967,1546911,3066927,7358
1607864,1746506,2050516,1580211,340737,5787335,686370,718823,498749,535401,807106,1715054,4788
1203809,1736391,1983177,1542276,334279,5812694,916837,958217,636964,693026,1572811,1585404,4118
1637641,1642049,2017094,1293004,237060,5103586,720241,975486,590302,635590,1850665,3132249,6113
1681937,1665118,1984993,1512346,332911,5710505,480973,279348,404801,501122,1546744,2508277,6594
1564984,1573785,1884191,1468560,324332,5747301,675452,707166,469480,508876,785534,1205668,4380
979200,1456405,1605109,1543037,348822,5854927,704821,726193,515699,566718,1115144,855107,3056
1315670,1446075,1570297,992186,229710,4953672,702319,744046,512078,550679,1522920,2503536,4772
1922352,1812179,2369902,1800964,345912,5731986,487490,517404,456778,561452,1826960,3034767,7489
1676553,1664851,2002086,1522833,341656,5670242,682217,713926,506575,492383,774452,892027,4849
975906,1256080,1607131,1493131,340846,5670775,721174,755451,530704,575005,1545983,862272,3150
1425372,1399864,1465316,902731,133998,4941050,685426,704335,486970,524459,1398982,2269866,4661
1613818,1584703,1890027,1432233,216806,4788081,234914,467329,451354,561729,1492083,2412138,5947
1521157,1616233,1822011,1396674,331554,5423164,682973,476239,440237,402742,1063066,1480701,5097
1205567,1411121,1864177,1699989,448566,6030729,888292,912515,547511,600327,1417838,729663,2341
1575348,1418892,1484124,920027,112051,4794857,664592,701680,488030,546623,1465607,2370402,5549
1533501,1616446,1881472,1453921,334475,4860085,229825,242166,439217,546375,1433493,2207458,5573
1580758,1596152,1850329,1432648,323898,5292590,644388,650797,432372,416111,817549,1559370,5522
1208079,1420746,1805809,1390604,323203,5388379,680708,713613,507448,552454,1084257,737615,2452
1840466,1488915,1493210,1142398,207720,6090611,1094662,1129290,615636,668139,2048365,2953392,6631
1517584,1731268,1941274,1496988,318936,5089373,231459,239516,488818,599079,1529557,2362838,5667
1439364,1634324,1860574,1449623,331021,5662398,683288,713018,478196,439908,724055,1467664,5126
886090,1570835,1981408,1531465,338712,5775496,674579,692980,543371,586479,1115407,753871,2483
1219084,1295423,1132725,1037490,217674,5596384,670080,705451,552818,600762,1545074,2350160,4221
1773975,1898096,2328108,1518419,336957,5006681,435782,461035,548479,649867,1810011,2895231,6880
1544212,1693236,1990363,1533371,338133,5604920,668173,697717,482385,453047,768555,1682242,5790
890119,1469119,1961715,1518108,330262,5766096,694052,729640,549943,585606,1144996,825287,2689
1244753,1341105,1234446,999529,231818,5877982,710155,733403,529487,571840,1467241,2367821,4490
1644141,1733296,2073031,1556718,233246,4399685,262970,493082,519105,568226,1553106,2620780,6422
1885329,1829295,2328333,1779040,446875,6489053,913390,720939,471780,464515,1168182,2433572,7322
963444,1469548,2019002,1543664,350561,5690267,705027,729040,492230,539772,1111598,894631,3203
1274316,1289943,1202135,1000847,230090,5725352,701842,741925,527197,574493,1565547,2520088,4646
1589372,1678608,2004222,1557384,236067,4558156,277221,525558,523996,569324,1497433,2324670,6204
1686125,1620193,2036248,1550506,347886,5775022,697023,507372,391677,436092,1150259,2544457,6632
1276948,1664549,1992439,1532552,341049,5806850,718686,751089,520829,565921,772340,873201,3171
1535327,1279745,1205708,1257420,354966,6848934,1164666,1204141,577371,639917,2113403,3069713,5509
1680171,1693273,2021672,1522031,231259,4441602,268426,500572,508017,564307,1545853,2570991,6586
1598500,1551635,1923455,1479604,345158,5664556,718565,516269,383317,416521,1128840,2404249,5900
1346716,1602653,1986041,1499530,346093,5572048,702690,723807,487760,531270,751612,900063,3231
1001281,1176131,1171276,1222210,341106,5680304,704817,748009,482871,535742,1536919,1752753,3197
1967398,1540405,1964104,1240708,239699,5087063,722861,754446,533646,582725,1775433,3114958,7490
1706566,1529369,1982871,1490395,342600,5566866,489772,455909,354698,458804,1266032,2546288,6688
1648832,1582668,1944520,1483203,345378,5652402,720919,748621,473087,464451,732952,901660,4762
966973,1270755,1589460,1517266,355574,5599116,720418,743914,483736,539574,1459339,892223,3246
1648405,1458219,1606820,980690,123115,4947454,693796,734137,505658,561537,1552791,2569206,6351
1899198,1836445,2373028,1780653,464546,5749390,500621,524832,449922,566855,1515083,3121302,7260
1300605,1681595,2021440,1548056,350722,5693296,700524,725257,504902,500755,766893,872715,4741
960841,1264611,1599917,1379932,342688,5738586,723497,766485,502050,547578,1537266,1541337,3043
1590548,1466217,1622349,1005385,126666,5266500,727542,755361,504989,556670,1460079,2374643,6136
1637631,1643141,2013826,1515060,344295,4994671,268931,281124,445070,556080,1532083,2563916,6563
1893449,1936181,2693610,2007355,453721,6162352,945741,1223401,561588,551394,1142006,2410043,7379
936957,1308317,1601449,1262243,346056,5866532,707996,727114,504708,558000,1460355,1638613,3145
1605620,1460882,1586769,1504031,218563,5819778,678260,945126,569691,636844,1934247,2563700,6009
1947507,1856428,2436292,1964501,711465,8023208,1198239,788319,584384,662299,2706340,4613202,7807
1716285,1622256,2022127,1571861,335168,5852850,675342,699995,437150,413607,764475,1699133,6639
1013334,1319764,1907676,1467682,331199,5545629,704497,745374,458032,517819,1129823,881301,3169
1690600,1386454,1615931,1265548,239391,5751997,716347,977709,531211,594190,1794500,3113010,6538
1672175,1582407,1988837,1492647,333264,4955809,482633,280942,412044,461140,1498301,2494155,6593
1638563,1532837,1952121,1478784,343253,5658743,725184,757617,411604,455783,740426,1668440,4672
994283,1340928,1594998,1528269,346432,5805376,710605,730179,482487,528531,1114944,891787,3073
1339763,1207577,1287780,978613,227064,5619012,650443,688889,467184,530457,1467233,2416355,4771
1958603,1732628,2352162,1781095,349277,5125019,499224,514142,473294,529206,1818379,3081843,7439
1700395,1584492,1983395,1494104,344569,5590713,695772,719805,408770,458302,738100,1702919,4874
1290416,1374490,1939324,1481926,336962,5658033,716448,748115,478312,534330,1114583,873653,3144
1344412,1240559,1195981,1242048,237596,5678519,716773,739010,460561,513863,1428120,1607432,4762
1696502,1568960,1970522,1226084,228209,4551090,475387,500376,468276,529199,1508215,2510249,6546
1910213,1664152,2261598,1723325,437576,6319597,690508,632025,424344,466595,1288628,2248959,7292
1349051,1389182,1961519,1487542,346329,5678750,704196,723976,452767,514469,1066949,870229,3065
1350404,1204273,1180465,1219859,230863,5524933,703060,746215,472967,527722,1509218,1735744,4646
1596574,1583061,2357208,1516516,341124,5126595,700185,733487,528391,593348,1806661,2330389,5969
1685207,1572985,1997575,1496302,344137,5572513,483646,506547,357414,467505,1132106,2574584,6614
1611175,1568729,1943589,1483296,345410,5768774,726067,758288,407075,450677,733620,1682153,4552
1038850,1363695,1752104,1502040,461095,6454271,939088,965794,513541,580122,1480804,1685235,3322
1673037,1373452,1584633,1240763,124503,5085739,487151,737495,470560,529386,1514753,2506886,6127
1639581,1597934,1963747,1517051,341665,5116303,487580,281472,417268,467050,1457137,2328071,6108
1708868,1630540,2036493,1547390,349942,5751010,702860,728993,408938,461319,732603,1721247,5206
1018670,1395091,1565428,1461928,322216,5632788,685493,726114,464226,520411,1113469,888421,3156
1675100,1538421,1944458,1224288,235847,5108101,715438,974054,510489,573468,1770556,3072971,6038
1718901,1531550,1982554,1506076,335475,5425801,485362,282243,396796,449333,1512855,2542638,6659
1657684,1591867,1970586,1525073,344826,5801693,727045,759627,439028,488829,758447,1635421,4609
982105,1439073,1607843,1534349,347594,5841100,710584,732148,466698,533393,1087410,873632,3096
1334325,1360702,1576895,958292,226798,5130709,694339,735340,477996,534377,1518657,2503754,4581
2009145,1687712,2364894,1788214,351996,5883831,498509,503487,413974,523491,1842637,3085348,7917
1724004,1542475,1995669,1522280,346283,5676487,696383,720109,454376,454370,730194,881289,5071
1028163,1313487,1578804,1500259,336757,5705678,718262,757882,488865,549569,1480715,893559,3245
1654041,1542369,1965155,1231617,338488,5823316,928405,964751,526601,589375,1451401,2371712,4548
1705481,1607332,1987406,1238228,228811,4377486,480152,508356,478292,537464,1525107,2549781,6396
1937322,1749572,2344604,1770362,446020,6426780,706862,740566,421746,469188,1104672,2357229,7458
1017808,1458788,2015709,1528811,350365,5693645,711615,732132,465929,523339,1110535,897950,3277
1328708,1201834,1183213,972070,227842,5693900,694458,735271,480777,533729,1520144,2485421,4695
1649089,1648649,2039394,1563871,238187,4576315,274523,511798,512281,563309,1500446,2333623,6218
1652595,1630516,2015017,1534475,332955,5901522,556750,510122,395263,490054,1117299,2463373,6352
1283897,1624986,1995960,1521941,341341,5856085,727211,760347,499218,496075,768477,867426,4538
1301939,1260718,1632747,1282057,351771,6581278,946630,969075,566575,621131,1843057,2390398,4699
1685273,1684779,2068271,1573431,230135,4678953,269030,517782,502217,559066,1572127,2598375,6637
1622361,1673206,2045931,1590599,351014,6090117,723750,515483,399679,434525,1147168,2415820,6274
1314721,1690218,2072383,1600043,349619,5887352,706438,731309,512678,566883,777910,890256,3215
1003012,1331143,1484782,1276791,323583,5901640,683044,722910,518328,575059,1533606,1709625,3206
1883233,1634706,2019918,1583276,237208,5305722,499497,759901,570070,629134,1863432,3072220,7424
1698957,1722060,2117681,1624661,346694,6098471,701358,509251,397599,430951,1163272,2567824,6780
1300035,1846152,2376431,1771559,453795,6271087,963771,1007289,553436,613335,743276,862765,3133
989598,1247415,1225798,1283976,351119,5875399,726544,744836,491042,543595,1478824,1643586,3217
1999592,1855683,2429440,1559515,222056,5379533,681888,946227,571388,553077,1568372,2535348,7676
1951179,1890003,2460360,1873420,463321,6142103,724634,517171,463619,510492,1537621,3153954,7613
1384995,1780125,2130565,1630772,350727,6022951,709031,732935,535901,595624,812291,925612,3631
996307,1287372,1236622,1295388,336467,5989384,709005,751482,527184,588378,1601750,1734829,3274
1591903,1684341,2044569,1303537,124814,4643093,503261,755633,515971,568647,1509961,2351463,6317
1698254,1758880,2113436,1620051,350170,5981408,484853,283788,409363,521141,1577324,2582274,6635
1604361,1665828,2011979,1537214,340169,5836847,724253,757636,519197,495619,770232,890978,4728
1288616,1297023,1302659,1265988,349630,6454602,949048,990331,552108,610635,1831566,2403290,4892
1647285,1706955,2067698,1559944,231135,4497835,267883,502806,504644,565312,1557349,2557354,6585
1612002,1655944,2022186,1556920,344270,5932924,724260,516857,401305,440505,1168398,2419317,6068
1303481,1729598,2062552,1584224,345127,6091620,707016,729903,518885,573963,772628,887540,3134
985101,1314507,1232882,1291757,335676,5890272,697659,738553,521792,586297,1572104,1718953,3174
1911636,1859195,2408576,1559384,235723,5030165,495770,757213,538563,625771,1880579,3088665,7175
1640881,1718803,2056244,1584862,336501,6040005,678469,479070,396263,435128,1148751,2321762,6783
1284804,1715151,2024066,1562715,338479,5974339,716595,757314,516844,582276,780788,885424,3281
989657,1281041,1244664,1338613,351292,6092729,726735,758370,531746,588267,1519426,1625483,3280
1679346,1823614,2095503,1301908,122985,4602204,482055,717806,540710,601408,1592487,2533663,6710
2230979,2212944,2820751,2136627,564407,7275080,950898,756491,564534,544047,1608702,2413755,8267
1348134,1493604,2064471,1587148,351613,5956723,721775,743740,508238,563721,1128404,883976,3274
1062242,1321472,1241927,1295182,291988,6011758,672358,708780,521785,576141,1531890,1618123,3511
1605740,1714128,2055260,1304670,124508,4745208,501218,762132,538385,598277,1558486,2393142,6249
1655411,1721140,2080741,1601592,355091,6014481,497782,284044,402194,501435,1543911,2534577,6612
1642014,1651081,2387789,1805048,438858,6472107,926181,982374,572903,574803,1169907,887355,4705
1321893,1375631,1267830,1314168,236068,6044782,727570,761813,528415,577197,1502719,1648929,4678
1692062,1667354,2038517,1268820,233184,4744688,488850,510653,521084,574299,1579426,2576935,6350
1579250,1634026,1973568,1525058,330694,5994088,469607,399868,400531,504742,1347171,2312508,5889
1643534,1723969,2073661,1611921,350652,6027564,718843,739828,521419,518023,781846,864295,4733
1012962,1363378,1670693,1590554,338063,6034448,701568,742636,550726,602086,1596937,894879,3255
1902939,1718592,2051091,1312251,237916,5367849,724642,757152,582784,651153,1900679,3101385,7214
1703426,1712525,2072196,1596574,350787,5912894,488860,508912,412765,518082,1161812,2509010,6667
1317981,1677483,2026697,1575854,338373,6008782,721252,763602,527741,506957,815226,907919,4915
1002388,1362143,1633852,1444136,347558,6036290,719016,748462,508643,563339,1480755,1401107,3229
1674540,1520959,1647137,1018340,123397,5236653,697389,729363,507161,559423,1558035,2551004,6455
2199167,2061634,2776346,2084319,557490,6588331,712530,743516,479844,585653,1539237,3870754,8656
1324603,1690513,2063275,1593086,350352,6043490,720093,740899,502309,482897,763739,874718,4912
987212,1338831,1634890,1288569,337495,5900255,700643,741492,514608,580685,1570316,1718974,3238
1591363,1524664,1625925,1281717,124077,5288738,499709,759202,525704,579732,1520368,2348179,6013
1700891,1710984,2093752,1610673,356058,5274360,457799,285496,468597,561039,1559030,2559434,6654
1635840,1865754,2408200,1822172,444942,6621651,945081,999607,515419,503401,778419,1674082,6087
980530,1352499,1654455,1310280,352365,5998309,726882,759058,524327,578713,1484421,1621393,3091
1707590,1554378,1686695,1302884,123325,5216765,482154,734051,527103,579080,1588381,2601856,6639
1619303,1784717,2045499,1586913,339549,5312766,494253,280063,483005,533605,1554740,2398554,6030
4019176,2057098,5564884,4194543,991303,10971662,2067285,2463325,550944,663918,3640771,6601819,7962
3164380,1636756,5721106,4984255,1299367,12627775,2527546,2605101,541628,644898,3079190,4241051,5492
1026807,1255515,1521629,1251029,327233,5843476,674308,694970,486896,541676,1400917,1610022,3103
1688974,1473878,1617699,1255186,125511,5162528,472601,725816,505110,564138,1542573,2513709,6130
1660877,1606231,1971315,1526310,340816,5224951,487234,282774,441409,479441,1479996,2323662,6172
1772230,1609852,2036459,1567084,341282,5935853,688738,713876,439858,488149,766076,1664235,5134
1348732,1648508,1994366,1802541,443127,6449841,716838,762854,514882,637929,1536332,1675242,4473
1664022,1542315,1908590,1239704,231368,5238674,706326,976054,534959,590362,1770262,3047496,6152
2007788,1645342,2263187,1682732,430861,5073997,466342,280892,437499,480673,1780035,3186266,7731
1639260,1564606,1978635,1508881,343041,5812336,723706,756035,428109,476242,756124,1648249,4532
1023055,1480555,1591149,1543657,341019,5883170,703244,726860,496173,539940,1123405,874149,3312
1373483,1421442,1604110,986822,221428,5189893,672947,711591,500949,557054,1499933,2467678,4965
1944910,1787547,2386121,1816200,346842,5832225,490580,525084,448388,557468,1868831,3093890,7646
1696843,1629574,2008477,1541232,338164,5707250,681757,716608,449151,421588,764941,1671731,6319
1159808,1400897,1935603,1505094,320982,5753440,685832,719871,521703,565700,1140635,846107,2861
1338467,1294201,1212810,1280539,232408,5729148,705105,725103,499517,547152,1441925,1577239,4385
1698331,1642988,2017133,1262388,226362,4496173,471876,492911,502588,556882,1534221,2541409,6504
1961557,1809234,2324146,1775717,441557,6494654,697096,725598,438440,484206,1123983,2354517,7423
1007716,1471747,1990812,1533688,343777,5659567,697362,719584,487483,532127,1084721,870314,3195
5629457,1553283,7465523,6018886,1410987,14414931,2952628,3429247,513757,650152,5494996,9686053,9018
1932160,1693218,2076368,1502384,364408,6267298,687357,950277,550366,602555,2173294,3711866,6423
1660052,1749743,2119744,1657794,345348,6076224,481346,506081,434932,531543,1185722,2529620,6659
1325905,1696478,2089792,1621171,341709,6158717,725114,758738,563870,537944,807290,863031,4756
1272358,1344039,1654061,1312875,348601,6683995,948345,980814,592595,642311,1864171,2385260,4703
1636479,1751856,2074235,1592425,226859,4809740,265497,501913,541890,596484,1577421,2551390,6818
1820988,1895547,2353428,1545919,339480,5952788,922066,725571,485440,530190,1525297,3052477,7242
1235099,1791742,1995943,1550033,334365,5724691,673995,695556,567508,563703,765757,748668,3224
903536,1399305,1547714,1250232,321750,5744680,674329,712478,581484,626271,1573241,1586504,2552
1794180,1661694,1915036,1511221,222770,5000413,459841,718404,594046,640374,1832711,2915108,6725
1570808,1769906,1999451,1554857,325989,5710823,647144,452962,438938,463808,1138461,2394571,6024
1160223,1728196,1914572,1500720,323261,5748586,685557,715480,551061,595739,747751,719913,2472
880831,1356671,1137234,1245420,332682,5789397,682686,705262,545674,585294,1474040,1509226,2581
1566376,1600753,1870351,1195823,105133,4439971,440732,687544,542585,586746,1533953,2421265,5737
1793637,1932757,2278262,1753220,420809,5724959,686857,481764,508678,547093,1484599,2938857,7125
1194710,1739695,1935417,1507280,334908,5628262,677073,697200,552496,589498,745036,759288,2318
867549,1425114,1147338,1246800,318148,5692667,666362,705485,579593,623768,1567970,1539644,2303
1499909,1772501,1958199,1254625,110271,4437487,466585,724993,568761,605927,1501678,2191250,5279
1543796,1729669,1952512,1514515,332129,5550461,450978,250570,420322,509386,1505260,2418047,5729
6968331,2233749,10169989,7744721,1864512,16773417,3622262,4025895,591315,672750,4428206,8678566,9209
925616,1282379,1102108,1182634,335863,5442400,689161,711496,490116,528951,1405936,1524282,2629
1608659,1647798,1867767,1150896,110077,3986107,446756,694454,497167,539550,1482218,2409411,5660
1837578,1781537,2226913,1424009,326426,5454270,670242,481731,453329,559464,1813460,2945154,6329
1630414,1691526,1981849,1525506,338312,5711082,688946,707900,517484,492818,731661,839998,4330
982837,1243303,1560637,1480736,326904,5637302,685869,724893,506401,542473,1500375,856338,2790
1649176,1457017,1592143,1093196,236474,5893358,790706,939698,568130,620677,1768804,2982292,5980
1730873,1605989,2031468,1521160,331803,5112404,265024,276296,449996,557102,1524755,2519957,6523
1669613,1636868,2047505,1578370,341721,5976834,715460,746528,455565,427834,769242,1700358,6252
1047307,1433897,2017561,1542720,347037,5842626,710095,730597,496492,543081,1133755,920219,3383
1331084,1252149,1175490,966021,230004,5755371,687644,727226,498192,547080,1504870,2507570,4594
1948904,1813255,2349394,1775410,340202,5158763,489727,524941,493940,543371,1828240,3036841,7027
1701044,1654756,2006220,1527511,339259,5773014,685681,710651,437242,417923,755011,1666541,5916
1003251,1418209,1929895,1500856,327817,5794250,699578,740147,490955,545635,1146798,873410,3032
1339782,1272527,1214453,989585,233646,5782548,716922,748424,493984,540616,1462037,2367124,4658
1727354,1643406,2023162,1520031,228040,4421266,272686,508247,495080,554763,1536860,2525103,6541
1934853,1806219,2353435,1781006,450776,6532669,947108,751596,430753,476152,1122084,2376916,5899
1031131,1454158,1629341,1556806,343237,6108230,704943,725764,488190,544330,1111246,866812,3115
1359900,1240176,1438784,992816,332953,6292955,896202,952413,556878,622348,1924496,3291855,4384
1658764,1582966,1961020,1508698,232294,4620853,271288,511016,484426,537436,1446705,2307841,6183
1724773,1668881,2026562,1544664,451359,6549989,899533,711360,447552,497050,1487049,3215948,6491
1346077,1568730,1932303,1500268,328280,5847510,697810,740448,498096,553061,769240,880404,3193
1682689,1516551,1646937,1291095,236826,5915058,714336,984191,579135,638045,1853500,3032386,6229
1736646,1671456,2036517,1561410,343106,5254875,484868,284555,435956,489670,1520881,2502446,6342
1705091,1593277,2017364,1556584,338766,6034421,719086,750531,452621,477927,778986,1669271,4966
1035388,1459822,1942342,1534898,337262,5909578,699794,727105,494948,536299,1077012,872456,3098
1394721,1233875,1200682,978411,226756,5808426,686849,719739,488654,549575,1524098,2546691,4972
1969238,1771602,2329656,1764597,341675,5177471,486588,516407,491443,541781,1865090,3144355,7229
1697586,1622324,1984579,1511200,335821,5738004,674761,491537,414359,407355,1108341,1648727,6422
1356619,1430768,1933559,1496662,325980,5830726,694267,737445,502629,562528,1138813,872497,3038
1349978,1248214,1200692,1245134,233006,5849795,714894,749116,488836,538085,1454203,1638213,4434
2580492,2203161,3065999,1668060,141832,4621313,686290,1136069,694427,772397,2453853,4271635,11315
1963758,1726647,2286726,1711124,439287,6361093,710572,514041,414214,469235,1467988,2381181,7253
1355917,1461610,1980870,1520984,342064,5928005,704725,726112,476486,535000,1092952,888247,3137
1380200,1239945,1229124,1283894,236190,6054196,706454,743582,506706,567738,1583346,1756619,4789
1685567,1462865,1623723,1270629,127054,5282433,494163,753347,501418,552252,1481942,2325367,6192
1723411,1604898,1988953,1810208,441803,5885882,676096,493497,486875,534072,1856729,2501806,6473
1616919,1756751,2307815,1752443,427484,6576558,903825,947526,487147,484527,759647,1657081,5561
1082583,1308384,1689198,1349058,355492,6323131,726788,753519,522415,578783,1512060,1672095,3364
1730377,1419351,1609735,1254502,124296,5193005,474895,720120,495255,548869,1518316,2540891,6524
1692778,1617886,1973222,1526411,345848,5269077,499622,285581,444611,493786,1511787,2413376,6209
1744962,1678533,2028951,1546843,351251,5881426,701951,722970,432768,485404,770358,1680919,4933
1032234,1371534,1557108,1460712,334441,5746983,696793,734982,489582,541675,1140468,906916,3093
1647316,1418185,1820443,1248056,239767,5663051,722873,992183,543428,591612,1823392,3043274,5780
1731847,1648281,2036161,1560620,344585,5204330,474818,285113,434900,483254,1495516,2539046,6593
1639602,1638306,1965497,1503755,338978,5773651,710120,742869,454023,494892,758990,1665409,4607
1040808,1460364,1635017,1523694,348470,5815520,713685,739250,482785,531325,1088427,908435,3198
1402136,1407300,1592553,993369,227653,5165483,675986,711341,515871,562175,1534789,2510055,4937
2008840,1813739,2362052,1787957,345156,6047338,501148,523049,447115,568381,1882115,3148580,7302
1659510,1714103,2036772,1572460,352912,6036294,713004,734313,474020,505705,784207,984826,4558
1280341,1555578,2022852,1570034,342965,6102303,722327,762559,537881,593076,1195933,872438,2911
1333912,1329496,1238007,1299342,239889,6111621,728309,760874,516622,573742,1477393,1648091,4635
1692009,1712463,2040368,1266395,234417,4580703,484598,505956,527411,570598,1550097,2546529,6453
1910566,2066167,2755314,2074583,556101,7405324,938863,978353,537345,600460,1165968,2403605,7484
1005344,1544829,2084570,1589702,358560,6089769,728283,747247,520355,568513,1123148,894463,3187
1323152,1313929,1240128,1054849,232548,5910133,702661,743960,521927,576195,1580944,2548739,4861
1592887,1715141,1992181,1295176,240030,4590390,449846,487538,516875,558365,1463407,2286084,5789
1700275,1697165,2123248,1626690,357810,5963051,485486,510124,406491,497754,1175144,2578863,6710
1320240,1738285,2415080,1838461,446239,6690070,935056,991472,619710,613358,1174597,881066,4581
1345029,1349947,1273723,1061838,240563,6286010,723734,753406,534995,586572,1508453,2402698,4819
1672520,1698842,2059445,1550771,234778,4640993,271796,504948,516252,574679,1560924,2556873,6562
1604790,1684085,1994459,1526853,344579,5930284,719312,518909,410209,447713,1155360,2415145,5857
1298376,1662448,2013482,1551738,338587,5998401,691050,710368,507618,498416,780322,899218,4508
1021195,1291236,1615451,1276100,339306,6044805,696114,736277,539291,591066,1583880,1722253,3005
1893362,1711501,2039975,1579621,234653,5247884,495187,752898,572853,631040,1852256,3072160,7135
1707290,1732866,2096011,1604427,352443,6072981,702326,503966,408864,444201,1152994,2510341,6533
1323671,1719668,2027567,1576486,342130,6113257,721818,762765,533112,589145,807576,881861,3089
1032216,1364135,1285130,1334730,361104,6291868,737658,767962,530653,579974,1518259,1703718,3396
1991428,1735026,2233488,1549055,232524,5820175,673567,924163,567315,574475,1514573,2460648,7620
1897237,1835882,2394085,1813491,460884,6014482,721942,517551,471933,520208,1556860,3214463,7202
1623300,1931699,2490505,1899623,463568,6906158,937891,965425,598002,656497,804626,877456,2980
1012830,1297579,1243168,1274640,343489,5992748,707719,748464,528042,587091,1580687,1756221,3070
1597383,1749743,2038183,1307367,126279,4844373,500306,757538,525399,574849,1509013,2366587,5925
1714917,1830608,2120539,1654545,354452,6133242,488310,284124,445099,543119,1568737,2510380,6348
1662430,1843094,2409988,1832311,447568,6803709,940371,996700,545383,594090,813684,1072991,4695
1019254,1328193,1274722,1324835,353595,6110577,728680,764007,521041,580529,1512253,1657623,3278
1683724,1773261,2078048,1298933,123302,4722086,484337,726143,534388,594123,1573962,2564922,6570
1602941,1665243,2001289,1548151,341564,6082289,490424,285773,409927,511102,1539850,2396291,5897
1639928,1741713,2074578,1591794,352814,6186382,719976,741252,528173,515658,787389,876443,4607
992611,1363725,1649410,1561794,340286,6117144,698345,738703,532267,590875,1563091,894481,3128
1786222,1685307,2037263,1310690,142703,5342487,725293,985586,587728,642032,1879343,3066412,6412
1666115,1649649,2062206,1585425,355100,6024487,488376,283787,406813,503398,1518831,2486833,6346
1651591,1756408,2047148,1576269,344348,6048947,725651,767929,541494,531577,795347,890308,4716
1041226,1345391,1665132,1595172,355151,6300729,727805,755363,541915,592091,1503932,910503,3160
1697190,1491214,1687300,1043967,126529,5469171,701578,732785,518286,582102,1566489,2557100,6563
1889065,1893827,2414895,1832952,456267,6103658,499975,511091,483623,586592,1589031,3190654,7417
1935198,1801549,2435358,1828704,464265,6718665,940171,966137,540739,526929,787954,886609,4821
1006300,1379220,1679124,1578019,345742,6154018,708683,748901,520294,586666,1564176,905166,3155
1616198,1558251,1685279,1066276,127715,5560374,726898,757361,548502,602007,1539862,2373982,6075
1672745,1784894,2101345,1617781,353916,5447032,269305,281104,493673,599067,1558140,2514842,6383
1622475,1872249,2382244,1810737,445745,6663113,932077,986181,524217,505844,784957,1678618,5962
1021599,1364714,1690472,1354888,353972,6255641,729258,763232,538742,595511,1506499,1644988,3117
1722924,1573594,1692508,1139278,126000,5575120,597201,702682,543793,594920,1546240,2480043,6727
1692838,1880709,2123873,1652421,348169,5739191,274586,285497,530389,641016,1643088,2463595,6135
1682633,1854078,2128378,1637506,352999,6202905,720313,743832,501507,481795,828198,1694662,6353
1040961,1660632,2071165,1605015,443043,6833183,905708,960241,632345,696975,1610037,1731792,2905
1666338,1661062,1727115,1370586,127762,5646466,502157,759804,595171,634845,1598612,2395264,6055
1694949,1791735,2106980,1648076,237726,5546824,272132,507778,481217,602570,1587237,2530883,6226
1656966,1852259,2102728,1645149,337782,6391946,710082,496895,469772,499441,1252479,2008237,6072
1368462,1783176,2134264,1653529,359835,6446773,736593,758904,537287,585232,818144,898529,3267
1080418,1454992,1299864,1347565,345433,6287014,703265,735954,559174,615714,1611977,1761150,3434
1987991,1947552,2456691,1605361,240197,5561950,508429,766784,547098,668258,1944435,3218455,7585
1748404,1859190,2162300,1675853,359729,6261886,723837,511687,525969,508651,1248557,1756620,6525
1644524,1659208,2382237,1804863,441914,6779455,917238,971773,534399,584355,1200953,1645648,4228
1199716,1320881,1257896,1318804,258741,6186306,725903,757784,526211,576650,1503111,1594162,3683
1701277,1751215,2098937,1315871,123955,4636806,489245,734080,529041,579284,1542685,2570887,6417
1909619,1869884,2416094,1836393,454717,6755181,729933,520306,488271,526788,1583459,2457094,7051
1356529,1541985,2110341,1624516,353844,6266544,723777,746761,535560,587448,1142815,891647,3265
1406054,1294171,1232705,1256130,225980,5905959,682626,719348,502914,556909,1521303,1746670,4960
1666915,1544895,1939400,1238955,236579,4584035,491848,513402,487285,540161,1493984,2388204,5935
1769818,1604621,1987780,1542275,345246,5958379,481900,478139,399011,492332,1188436,2399851,6162
1656149,1616236,2348727,1763196,438296,6485494,906438,960284,555705,552432,1132937,876302,4577
1040696,1284136,1624826,1281012,349668,6046822,714632,745899,497194,558174,1451444,1641603,3188
1729957,1482444,1639482,1262620,124879,5198620,481664,723234,503679,559299,1550951,2572299,6447
1670227,1555412,1948675,1501390,333156,5232113,487716,286363,431581,475785,1471004,2348443,6110
1730170,1704356,2057176,1575500,353868,6238750,721545,740949,465142,516662,794153,1690186,4769
1035280,1494954,1665071,1511845,441719,6570353,903281,957643,575418,640616,1522075,1723946,3016
1685950,1441835,1700834,1305089,129660,5393385,455084,708926,515342,556372,1451996,2258675,6167
2032509,1859231,2446359,1828858,357894,5298211,488509,506597,506270,564459,1858695,3308196,7542
1698159,1611814,1986981,1530784,338003,6030263,713025,755336,446436,488259,772097,1679241,4850
1378262,1697244,2047494,1876778,463635,6882259,944456,753429,516668,568519,1518018,1628270,4841
1353113,1525106,1667469,1021667,233570,5256999,694074,724293,530842,588481,1579202,2565945,5020
1910942,1864797,2399538,1800959,349768,5942257,496904,519303,483724,596333,1936826,3212509,7355
1664262,1754081,2043994,1591669,339790,6189516,689959,711165,485645,534018,810952,1301390,4552
1039936,1506920,1673586,1583642,342878,6238854,706038,744508,554045,603170,1211834,916488,3168
1342097,1521075,1658892,1048294,239773,5554900,725692,757214,536980,588135,1523883,2341567,4484
1677066,1786087,2090285,1596876,239665,5366079,271758,498087,485212,591665,1516219,2473687,6380
1954177,1869158,2422451,1834796,453054,6686123,724967,756792,493220,538994,1196351,2462409,7533
1032577,1618212,2108018,1604679,352931,6224931,725237,743948,537980,588426,1153523,914314,3359
1346401,1347579,1260198,1200095,220046,6179018,679415,715784,550373,611152,1571797,2220589,4684
1620881,1713020,2056178,1338676,240216,4863506,498704,518718,564887,608570,1549053,2377762,5805
1673791,1693371,2072790,1588683,353405,6131724,490092,506735,416689,513887,1154330,2450456,6177
1351495,1788776,2480050,1879061,451531,6872449,934295,988704,629080,617276,1194477,914346,4835
1361284,1357489,1278433,1056790,241078,6240596,730875,762766,532299,585035,1529995,2428294,4882
1711004,1732213,2118477,1649213,238572,4645520,268608,504637,529534,593856,1580213,2600078,6817
1655010,1671473,1999908,1548800,342787,5944998,685978,517990,432847,518167,1188912,2468910,6113
1635200,1897831,2459935,1879274,458822,6145842,721134,744212,590590,588969,1165303,1598405,6020
1027142,1408193,1688392,1319539,347610,6120358,712389,750744,549496,606193,1592855,1767319,3194
1938916,1734993,2067412,1607368,232409,5531136,499130,758593,617351,673502,1906289,3117695,7212
1709456,1731156,2069725,1610343,353456,6104064,711274,508095,434710,475928,1172112,2487686,6378
1333927,1674354,2027328,1572266,340388,6111130,707903,747422,550005,593763,819508,894132,3201
1056554,1364519,1391295,1359768,357990,6250504,729941,757467,537963,592452,1529951,1657461,3412
1695337,1590529,1697350,1311234,124749,5258335,475718,720299,535114,593488,1538234,2555937,6567
1940464,1821667,2383489,1801191,452446,6146362,724161,520876,457320,513174,1566832,3244108,7276
1347115,1709775,2091513,1626224,350424,6294193,718086,737091,559313,602842,834935,896269,3132
1040391,1379563,1270019,1312041,339896,6153267,696519,731328,543059,593006,1571877,1713199,3136
1693523,1716405,2080871,1339095,127250,4829902,508529,766950,544236,609434,1557073,2443458,6338
1717298,1721815,2076898,1598981,353620,5894825,489031,279663,432113,518041,1500014,2479104,6229
1675166,1987248,2430370,1856085,434604,6710919,898492,951349,577888,630114,860570,1500227,4937
1076539,1368874,1285206,1326012,354996,6021248,720624,752223,532293,576279,1503240,1640462,3225
1714190,1747715,2105721,1354908,125384,4842041,479547,719244,541426,590390,1562642,2551106,6560
1650816,1734072,2076142,1607008,344249,6235734,499722,283693,431093,547666,1594968,2480438,6315
1688748,1718790,2089584,1610119,359654,6247743,734138,753830,535876,521888,817497,903816,4727
1416827,1561560,2052330,1831943,493439,6449004,879115,927105,638850,711661,2287350,2424355,5164
1647660,1722439,2035452,1301152,124259,4678594,498101,758256,548704,601479,1546022,2412383,5956
1645128,1791963,2091174,1598308,356232,5924067,497931,282548,436459,543909,1546594,2492409,5986
1623266,1656588,1987830,1545919,334600,5982124,698427,738641,541143,518381,806600,890826,4454
1021948,1345601,1679383,1614193,356678,6285764,728702,758649,539908,590968,1515824,915670,3199
1697085,1607702,1721941,1071284,127237,5415099,708799,739862,547977,608990,1589267,2607444,6581
1875975,1865070,2348578,1781574,438767,6040914,470867,422390,460064,572171,1713929,3136072,7278
1666971,1704028,2088142,1625770,354394,6180416,725204,746999,542795,522395,811166,887542,4657
1014570,1350446,1664473,1577220,342538,6124352,702897,739482,545396,596103,1597328,883112,3115
1634458,1576444,1686555,1059524,125857,5458574,732851,765424,562597,623495,1574343,2432245,6186
1693377,1725743,2060359,1587506,353336,5409016,270883,282923,484945,589014,1523054,2465286,6329
1649334,1898975,2425973,1852262,448221,6752810,929357,984718,553669,541278,830342,1696091,5907
1003917,1417227,1687364,1466866,353829,6150156,725200,755028,546065,596955,1509556,1485787,3043
1699148,1543655,1675600,1063944,125248,5468297,692900,725343,530908,587587,1548794,2545593,6568
7337214,1982981,9964339,7336251,1732802,15093353,2671240,2741226,507405,702312,6110096,12157193,11985
1699033,1676273,2061851,1830663,457722,6641498,931211,958624,519185,490569,1115358,1621198,6225
1072695,1470329,2010585,1531233,439604,6587875,893804,941345,557059,627742,1504581,1715807,3302
1945788,1670219,1979279,1522830,125992,5366112,489504,968652,581029,638349,1855283,3049609,6750
1764778,1562440,2001454,1528167,348897,5258175,463473,283255,437344,511081,1473881,2426986,6077
1679142,1633361,1966779,1510291,330937,5901972,691284,729281,446143,432231,766649,1672154,5691
1091042,1622059,2100210,1640965,356273,6229358,727372,756290,544714,602335,1160330,939671,3463
1087587,1310669,1260303,1274843,340507,5857895,684102,713929,511715,572119,1548811,1755222,3590
1922942,1904433,2397139,1575772,238086,5412646,495032,743180,549432,663872,1915611,3143488,7326
1676061,1776144,2108195,1621786,354508,6286903,715077,506449,481936,480226,1176280,1691028,6323
1349110,1558670,2058729,1579490,338536,6116480,696864,739280,555427,607887,1167637,909431,3185
1077516,1306652,1251508,1302566,317383,6067110,695725,726055,528022,571926,1486486,1547228,3341
1738662,1763142,2101569,1335377,124776,4820253,487125,730488,542039,593799,1533789,2533620,6528
1956171,1859006,2375678,1789636,446294,6628924,711993,517393,472470,506753,1540331,2482849,7435
1354453,1554544,2078056,1610026,350120,6164477,713971,744618,541246,593377,1144684,912326,3248
1350834,1313706,1254609,1303733,232744,6000696,693209,725463,546719,597231,1590149,1731703,4759
1624539,1703041,2020603,1290169,232977,4644856,496937,521956,537332,597425,1562924,2431406,5970
1664026,1776907,2071055,1594269,343929,6291808,472536,380086,434575,535356,1359549,2394311,6437
1666222,1740718,2421259,1819744,445480,6706578,915539,970024,612341,610775,1192099,881738,4529
7115489,1639578,9073878,6953846,1487640,15064337,3272025,3870502,583982,744013,6304380,11241779,11689
1734637,1643725,2030660,1285575,236962,4576522,475976,494696,503863,548919,1505851,2508725,6489
1704228,1641323,1982780,1524176,339699,5920286,492603,519605,400096,509280,1160317,2492527,6073
1701197,1598897,2004810,1535860,353001,6026976,726561,746141,450025,496302,785515,1654338,4664
1040152,1493572,1779123,1520786,447382,6492955,909620,960789,564090,632810,1560860,1729927,3093
1683740,1434109,1586935,1262373,128554,5396157,506611,756537,495671,554528,1507512,2366015,5862
1742429,1658943,2026385,1552917,348015,5196061,491772,284952,453034,490841,1481837,2452042,6346
1702977,1653836,2012812,1555429,340568,6111821,710348,749666,461390,517513,793973,1717558,4719
1040466,1539093,1665080,1597495,355065,6067753,727442,757340,529956,583997,1151046,895016,3194
1355173,1548287,1668655,1020138,235800,5267354,693889,724118,530730,591917,1555753,2553097,4887
1964421,1809703,2374249,1780856,343880,5462919,497392,517311,541804,586129,1953372,3237463,7261
1636130,1534684,1826458,1474039,241343,6809982,728237,773687,547026,583611,1279045,2472102,6304
1699998,1802089,2099556,1329088,239200,4847957,499383,515801,543002,594092,1513732,2424540,6447
1706735,1723943,2051734,1580043,338886,6026485,481633,505536,409799,518917,1196045,2562668,6555
1341180,1713219,2049275,1589811,346896,6182736,713658,743062,556247,519292,786793,888196,4793
1361094,1330137,1669839,1317063,357272,6726831,934897,964852,580165,637661,1888323,2505947,5034
1653290,1682177,1996026,1464229,230738,4626678,286389,510956,502695,568831,1531294,2510647,6283
1927270,1737586,2364005,1786212,454726,6494422,486845,506395,378934,530314,1432544,2986635,7334
7477028,2009964,10602677,8042163,1775628,16065756,3124235,3237919,500170,602926,4907755,10743533,11132
1031220,1223068,1587566,1243294,340222,5754359,718217,753135,495260,553346,1534574,1655436,3108
1979214,1649674,1973228,1501875,231617,5253158,485575,727451,551125,607858,1770782,3082386,7448
1740741,1569928,1989513,1495762,334622,5830560,686805,500334,390817,423943,1158290,2524455,6426
1362299,1571166,1956419,1523229,347818,5912011,715851,744765,502614,541462,759234,878029,3300
1058427,1288524,1527704,1265804,339751,5930866,684318,703034,497565,562644,1451773,1680103,3214
1689880,1434792,1603864,1269512,123945,5195994,485360,741567,489808,532920,1529033,2522646,6068
1958067,1764900,2366480,1803086,456098,5944725,699253,495740,442185,475167,1476884,3022527,7546
1698758,1559831,1980722,1487275,335696,5738802,684200,714043,489400,478220,774413,893645,4624
1054017,1224940,1573518,1512109,348571,5874434,730695,762861,517525,562101,1531579,854286,2945
1724656,1390721,1563908,976576,124578,5241867,694244,715199,476446,534648,1418332,2363997,6099
1669024,1632344,1945019,1492796,275249,5289382,267940,374747,438042,556556,1482987,2427132,6308
1662841,1581357,1954326,1503243,346569,5890787,710460,515603,440406,419756,1094998,1575960,6007
1406743,1465270,2078409,1871378,467195,6534750,927605,962301,578031,633582,1565930,917180,3403
1686446,1549282,2049613,1324515,232673,6070141,936749,991608,631508,681136,1990917,2496075,6193
2031073,2062542,2527085,1641004,240025,4872662,486341,733713,628342,691066,1885368,3121656,7473
1730511,1783944,2075384,1588786,338803,6146833,694779,506455,449711,481859,1202376,2528021,6136
1402201,1822643,2094717,1652943,352543,6417550,725301,757031,589295,573236,878402,904084,4286
4912999,1660705,7208291,5494076,1318445,13965744,2911299,3257923,596947,719308,4514216,7633611,9181
4049805,2048033,5090574,3865878,748292,8361855,950248,1048446,605142,680723,2696443,5858518,8945
1724538,1852845,2144127,1683562,360953,6601778,740480,537123,466964,518576,1224116,2391126,6410
1405732,1881355,2133367,1630723,352822,6091831,707458,740479,565631,624842,834368,889902,3341
1028747,1430558,1289498,1333029,349736,6187155,737375,769548,556971,612066,1618509,1654159,2928
1984702,1840383,2372703,1636950,239310,5376084,497709,753546,637691,680649,1909515,3192378,7609
1778768,1876439,2132318,1637973,346272,6235998,706455,517780,467335,488496,1242676,2608235,6723
1350839,1792195,2063780,1607749,351012,6188540,723320,751884,552039,611582,822433,906980,3258
1102785,1455602,1309817,1370356,353813,6139866,704491,727692,588972,639475,1593558,1684538,3353
1710387,1822659,2091630,1354791,124706,4776411,489151,758082,587314,637154,1653009,2565615,6220
1687738,1806659,2071845,1599010,352656,6121889,500906,289581,438718,534344,1525164,2365781,6119
1644268,1872033,2423358,1823156,456575,6477308,908371,948031,525490,576490,791569,975442,4395
1031526,1349037,1273720,1317485,349981,6120135,739835,772392,553051,596024,1567621,1628996,2966
1662814,1721349,2083238,1317925,124299,4746798,497247,754750,533859,576620,1520803,2450312,6316
2035306,1863132,2422837,1542724,338540,5959030,680338,492033,467286,580205,1916874,3321198,8014
1678540,1609215,1988653,1533334,353776,5816645,731695,765651,520572,498140,766692,873147,4501
1361898,1262988,1601567,1511941,353770,6437785,925597,951540,540482,602505,1817715,1671940,4419
1683905,1626390,1963305,1254127,154614,4695002,490719,651209,505349,557993,1489143,2401844,6240
1674882,1607527,2014705,1564480,349259,6065441,498491,281887,388668,491468,1480870,2326103,6178
1742991,1604125,2042805,1551394,349137,5846298,699586,730192,498426,483085,752662,886822,5008
1030830,1285266,1602594,1498839,333652,5839016,705843,737381,522780,581505,1519843,882001,3146
2033155,1662085,2032943,1262326,238644,5118545,721893,741974,550294,604018,1808604,3175340,7617
1732946,1595535,1999289,1501427,337494,5752851,482073,502960,408973,499911,1172614,2538425,6316
1545541,1571597,1921845,1491133,336262,5907359,694000,724572,502974,504453,771375,884215,4341
1038960,1264309,1623197,1547694,347477,5950611,697178,718211,501390,557925,1471240,860377,3001
1723738,1463200,1616106,1025510,125877,5336986,699826,738237,518227,578349,1544618,2493840,6268
2022303,1822771,2410526,1841362,459268,5987496,488881,508076,470719,580506,1507552,3054574,7617
1422358,1689222,2036977,1540644,344537,5788209,691325,723642,518752,512848,781954,884648,4780
1062759,1253922,1612392,1262226,343064,5936030,724426,756004,509311,560997,1533162,1656880,3151
1773239,1465405,1660225,1151764,125629,5295746,546880,749219,516318,558482,1496330,2430720,6530
1762982,1694169,2021384,1535525,337439,5230670,271238,282678,482068,588991,1577911,2554705,6486
1980531,1619752,1954487,1509103,344604,6617410,917684,957664,516846,513768,1120474,2292461,7103
1052778,1472295,2055366,1594830,467514,6616270,928661,954495,581646,635444,1529514,1663194,3050
1691721,1404129,1576962,1253052,124263,5212282,489447,737711,521621,572498,1524852,2495256,6331
1681054,1655808,2011024,1538764,352484,5172880,495806,281408,444561,493627,1469459,2335857,5951
1748785,1611074,2032508,1546459,342794,5751116,686174,716240,461363,450231,800187,1700460,5968
1082312,1407582,2015516,1537707,342578,5988059,725439,762224,524050,577695,1193349,889556,3313
1700781,1450695,1573031,1238726,237292,5783459,723010,965493,545636,607754,1792185,3128899,5996
1708305,1655949,1997070,1502553,338181,5073592,482227,281873,443448,501940,1530525,2521741,6368
1670768,1598040,1954439,1508257,342150,5919645,708235,738531,453541,489084,757752,1551834,4401
1065429,1429432,1622875,1544017,351863,5789507,705618,726717,498354,550637,1126601,887483,3207
1386823,1347705,1533420,1011980,224961,5421500,694933,735619,497852,561505,1522885,2488040,4834
1958836,1804742,2324136,1763941,333361,5339356,497608,510810,483653,539056,1766202,2935982,7416
1723826,1566779,1957474,1482156,336545,5680104,677528,707131,422774,468067,767378,1709785,4754
1321990,1449668,1986709,1535924,346896,5881203,722741,754444,533981,572818,1149679,851204,2980
1399241,1233271,1232961,1269857,232257,6022235,692254,710970,495619,550705,1443949,1644942,4948
2038905,1756929,2324746,1460637,333708,5079830,701974,514448,488006,537514,1865008,3344642,7578
1949710,1741473,2339967,1773906,566960,7190299,924510,961971,503777,552049,1490351,3007107,7085
1381166,1430298,1579309,973445,195047,5037455,694669,724379,492738,537854,1424412,2251858,4711
1738475,1583927,2034976,1540483,231368,5151717,273772,516138,445377,546671,1523935,2540528,6446
1667964,1592380,1965670,1506010,343002,5805421,721399,517967,438893,417817,1143719,1656841,6081
1386791,1505022,2027403,1572575,342724,5888822,703771,721343,517678,570318,1111576,880073,3219
1446691,1308513,1263270,1291457,234054,6032100,697526,736964,527036,590774,1574232,1770160,5178
1962850,1783923,2349760,1544309,347233,5223354,499547,518008,530898,632171,1875244,3088161,7235
1706798,1587888,1950162,1505362,329688,5840557,662325,601008,449226,437814,929110,1532609,6044
1404818,1447189,1978786,1514873,339069,5734552,707805,746675,506521,556015,1142147,882344,3224
1372203,1260149,1204567,1256945,238245,5850885,720660,748849,488392,545131,1460061,1611444,4544
1728774,1594860,2025787,1264663,233369,4399738,469279,491273,508289,559966,1529099,2516728,6487
1998453,1694164,2300175,1720248,441486,6312817,711354,742703,451200,502494,1130970,2414946,7400
1374990,1572037,1974256,1510095,346582,5834386,703813,724776,492899,540215,771901,883806,3147
1037061,1224412,1357424,1244200,337743,5780422,700493,741949,501110,561420,1537395,1686893,2876
1657548,1437051,1590501,1258531,124957,5259461,488997,746410,498175,556120,1455804,2298923,6032
1745088,1607645,2033713,1556827,344810,5343825,476189,292002,437136,480663,1472950,2460496,6666
1720613,1750636,2355649,1772056,446801,6467806,937567,988835,516518,559471,770044,1690048,4805
1349230,1493901,1616620,1240205,342665,5799651,926961,961486,566170,626238,1790339,2318029,4373
1718006,1659191,2009309,1246207,123452,4610043,481437,725360,515049,561843,1542882,2554060,6472
1627619,1513509,1902796,1469271,338002,5355504,478532,282692,423217,471555,1467330,2319557,5767
1722241,1616870,2031170,1568155,353148,5950838,713460,734936,445617,492486,759976,1639544,4648
1057340,1411005,1587129,1472444,334389,5807036,693155,733774,477184,537368,1096753,891337,3236
1713915,1595626,2020514,1285717,239545,5122265,721708,981523,557315,608939,1851158,3096044,6352
1743463,1607653,2036434,1558703,350107,5826950,483142,282732,398739,489348,1511307,2513412,6415
1706595,1612019,2007802,1544887,338529,5816005,711999,756284,518689,507098,778064,902203,4836
1044464,1374341,1616114,1528998,347099,5911231,711668,736447,493580,557509,1387788,892430,3215
1383832,1414062,1588159,981294,214123,5091809,657171,688219,490401,544066,1479024,2421623,5019
1968301,1764156,2330179,1492306,345712,5122424,494745,518536,499009,610766,1821945,3069698,7048
1709115,1584617,2016084,1543746,348569,5882353,696648,717706,434905,404719,752519,1672838,6450
1059605,1370505,1962909,1510572,334571,5843941,700044,740777,489275,550532,1154803,878398,3168
1364580,1334292,1256511,1055632,234701,6059354,715540,745782,540924,589570,1489984,2324801,4571
1755006,1651828,2068666,1527412,235765,4526834,276075,515380,501707,563308,1541940,2592808,6786
1940863,1741144,2305021,1752380,433524,6476127,765418,736868,446927,494149,1129990,2323177,7370
1036370,1406828,1956557,1502393,342854,5735531,700374,721198,489802,538136,1093185,864746,3001
1388712,1271844,1209799,990765,325368,6383781,875555,928005,549597,618631,1860182,3221372,4965
1650244,1620490,1978576,1520735,233294,4582895,271187,517934,498819,562243,1477824,2338299,5915
1750570,1600733,2014997,1528947,348827,5686224,697710,505178,399641,431675,1113292,2442965,6222
1359575,1595722,2196283,1728629,431728,6320120,902522,954034,573270,617304,1084709,887515,3319
1357548,1243562,1203162,996904,235648,5893189,704948,736202,513477,563292,1450185,2314504,4547
1731357,1655027,2054544,1557653,232750,4547069,272076,510582,508920,562153,1543336,2572687,6753
1684928,1517225,1952306,1492653,339314,5891323,714511,507728,379692,415520,1131199,2386800,5965
1389872,1612122,2031295,1557552,352197,5924397,720251,739382,507787,555744,765422,880232,3264
1055830,1216864,1586641,1484686,334509,5680188,691367,729060,498679,538406,1533195,907236,3136
1999553,1566183,1977016,1239031,204076,5093260,728774,819598,553987,607461,1844878,3081493,7458
1700468,1603037,1989645,1532799,342352,5719786,481745,283111,386715,486470,1495750,2498841,6428
1665042,1581399,1921743,1459334,333954,5580166,707502,746290,489673,492235,757504,869506,4482
1034507,1256810,1617135,1525876,342440,5920164,706008,731715,501610,554122,1448017,870193,3165
1745576,1394935,1601093,988169,125160,5229138,698358,729638,525175,566432,1566632,2542167,6328
2288231,1895435,2721819,2042176,574501,5914219,512982,535599,485827,609495,1847687,3867406,8245
1468986,1624611,2025905,1547584,352053,5980995,708798,732051,485757,484209,763599,892622,4807
1032285,1199636,1561598,1671177,431929,6222515,894173,948706,520671,588259,1852428,878664,3072
1665106,1376916,1566208,981459,123942,5189828,713895,745068,504921,542261,1472928,2301324,5921
1753505,1602659,2021454,1555432,348723,5275112,268486,281504,455256,565997,1509866,2497589,6432
1648336,1736084,2303998,1728209,434175,6414869,913045,962180,490682,474093,738722,1647933,5920
1041889,1254635,1619995,1273998,347948,5941439,714751,738699,501436,551736,1450659,1613790,3290
1781084,1431495,1646843,1224100,125956,5246345,510984,729371,518406,568182,1584431,2597671,6871
1667933,1546799,1929564,1498526,327258,5097496,292328,284319,453724,552444,1438092,2287353,6303
1727341,1673694,2037797,1536716,351958,5832981,709996,731383,434761,430262,758413,1677403,6290
1042012,1380453,1954855,1477221,338365,5694046,700166,738024,499634,543348,1153159,913422,3170
1656756,1607133,2353364,1757619,449519,6248138,888810,923753,543138,542798,1124707,886385,4430
1352971,1236000,1207517,1243130,232576,5622347,708907,745743,491648,543319,1509979,1645850,4532
1642469,1616966,1983813,1231757,229850,4350287,494658,519007,490460,548690,1447877,2349014,6014
1687530,1654663,1947151,1464650,321840,5707092,448891,337354,385631,501118,1420469,2449778,6337
1649760,1613456,1951212,1512323,348541,5828219,725501,757080,515121,480948,764459,864998,4347
1392644,1229614,1570549,1491188,348459,6289836,914831,940437,532030,590923,1790060,1618830,4583
1690917,1680545,2058048,1308781,232321,4707109,478216,508365,545285,599841,1572799,2576465,6653
1690981,1629864,2053646,1597469,353292,6058223,495705,517534,424817,518808,1162735,2327679,6194
1700616,1897121,2460839,1865411,450798,6663777,890056,719572,540925,522155,1149639,1648935,6130
1033928,1340650,1664109,1496971,326448,5906700,687497,722215,553945,612443,1545962,1218029,3257
1968310,1701581,2056420,1307488,237813,5363880,728052,756887,590328,642102,1886309,3181480,7491
1659923,1679198,2065657,1582357,342163,5956029,481062,504041,421714,530044,1211800,2578244,6504
1359118,1746627,2068748,1599199,352187,6172801,735204,767574,555693,536450,802444,887971,4723
1028317,1309561,1672312,1349846,356275,6108427,717944,739277,524802,580500,1535324,1660425,3216
1665971,1467748,1627301,1275945,124470,5229386,494198,750449,526380,561696,1572102,2584061,6229
1940368,1879120,2428362,1844024,464807,5984539,665457,518012,487445,595088,1528418,3075923,7600
1365568,1733091,2070845,1586906,347221,5906758,697663,727517,534612,524031,783958,886005,4948
989344,1306983,1618814,1290198,340009,5999626,717803,753659,546221,592302,1590805,1666872,2926
1638178,1488759,1666011,1306143,125746,5441618,498906,751446,525938,579030,1517495,2373272,6024
1680505,1694951,2063322,1577608,341678,5380343,484802,283132,476227,526847,1559375,2523214,6331
1597329,1682175,2031248,1576480,352098,5969754,732256,764148,495099,527669,785643,1625657,4552
1063474,1530415,1799855,1587351,466590,6731640,929784,954358,591626,652844,1547646,1692543,3458
1723639,1405161,1623102,1250111,124891,5019211,485388,744216,507595,563966,1563760,2576728,6479
1698871,1558985,2000321,1541691,348271,5237571,495304,285463,446566,487749,1489597,2336580,6351
1729611,1644176,2022831,1555609,343077,5871434,684773,714036,449785,505663,769590,1697887,4965
1353302,1534085,1960448,1755752,441168,6518890,927394,752537,476652,530472,1504372,1622273,4600
1706952,1555960,2011564,1278351,242725,5218417,728801,989132,547985,593849,1830891,3149492,6173
1733083,1601202,2009366,1525852,339529,5590246,481370,278483,407102,484306,1541767,2565303,6537
1622882,1646167,1980106,1541341,337706,5915069,701852,734162,479550,526169,778608,1540721,4471
1019643,1456023,1661950,1590741,352723,6050286,713679,735092,529078,575306,1172140,892445,3265
1325720,1277682,1239298,1299262,233481,6028117,715712,757484,544730,595361,1558769,1666033,4496
1909069,1841350,2414494,1577776,351201,5380906,489126,511176,516289,626269,1841853,3063589,7206
1650801,1663586,2052202,1552114,343693,5932896,696383,726815,458042,442236,772317,1712914,6330
1002767,1516716,2033275,1564021,348202,6085119,731966,764097,547052,595438,1169299,851254,3109
1327708,1293428,1269867,1259995,225355,6070217,701235,718718,526568,576874,1483045,1891055,4691
1684659,1653233,2029111,1285082,230390,4666234,478596,506984,520390,574004,1574620,2562334,6353
1910623,1842905,2402883,1817310,463941,6491603,715959,747970,463676,508399,1151666,2384851,7397
994510,1467610,2019860,1548616,351521,5894494,702251,723572,503415,556113,1152353,880995,3087
1321285,1292939,1242254,1043504,231194,5944394,712671,754918,528300,584785,1578037,2493538,4598
1928884,1828782,2444555,1850006,353859,5423959,501036,758377,565627,572407,1487178,2363364,7207
1698899,1639208,2027719,1540088,332721,5818346,570596,507085,388972,489803,1115753,2461033,6462
1620523,1816765,2374910,1803876,446375,5842214,721377,752742,597700,573993,1150320,1585937,5829
1310855,1332208,1661275,1307755,356055,6643832,940810,968536,578295,649948,1864484,2418204,4752
1671083,1660722,2043663,1550505,236208,4650405,271253,509093,533751,594931,1565253,2590603,6358
1591006,1614710,2005105,1557520,352076,5982662,720764,516437,406776,436862,1148980,2348998,5886
1311966,1731538,2088730,1591267,356263,5894229,707039,727229,527477,586896,792567,879171,3154
1052388,1391158,1471022,1337238,339877,6095813,714576,760219,565369,622291,1620877,1730766,3441
1946295,1638331,2057278,1586935,239029,5321666,497542,754878,576150,634534,1838925,3108600,7684
1708602,1641909,2072735,1577848,344871,5832109,693383,500760,395850,416192,1151561,2567440,6747
1309220,1625148,2002267,1528057,343130,5874533,718914,753036,518390,584357,792926,899216,3224
997364,1336921,1259057,1319240,352104,6091247,717800,739259,531895,584950,1507056,1661199,3145
1643541,1635993,2010659,1265171,123354,4576802,481119,736049,515276,570645,1573118,2559547,6389
1887213,1804841,2373938,1789715,468760,5949563,730702,527385,445815,493447,1483112,3109679,7128
1345118,1670156,2019195,1555619,352250,5805487,703346,724497,517516,576708,797979,880453,3142
1006373,1294272,1258901,1315656,338607,5978728,714561,756212,547659,588234,1576341,1674068,3198
1635120,1631819,2032848,1286280,124533,4639653,495474,743339,514478,576766,1478234,2333550,6269
1705377,1659768,2094284,1584794,346688,5974142,487416,290192,410590,516103,1546927,2543811,6696
1641643,1555030,1994779,1537237,343219,5931603,723288,754798,520665,510616,797546,898817,4850
1322987,1605593,2032257,1841902,558210,6672690,925303,951383,640901,696139,2097781,2306507,4695
1616742,1657618,2023262,1274127,123759,4603428,491451,745899,517586,573080,1554268,2561407,6326
1626408,1645268,2048515,1598763,356792,6108733,505727,282325,407557,505929,1525107,2364003,6105
1688600,1655729,2071335,1594339,350047,6091008,695373,715126,514851,506418,804271,892309,4892
987464,1333918,1651372,1572845,342612,6005219,720436,762427,544814,602197,1588007,899393,3321
1972842,1670664,2069494,1302869,236012,5280584,724304,761933,581969,637978,1863440,3136013,7754
1639336,1627985,2016902,1537411,331573,5927243,454914,335259,411853,510190,1442292,2471791,6548
1607700,1604269,2014623,1538418,346431,5826126,730058,764104,513624,502993,781362,891247,4610
984833,1269427,1644268,1573714,351610,5968847,718604,740469,516442,574167,1485273,882130,3149
1661072,1451195,1615291,1014836,124228,5352485,696286,736274,533615,587734,1581537,2556674,6321
1895766,1796938,2397736,1821927,465921,5988611,496222,518093,436917,559060,1501315,3090039,7364
6968116,2030475,9333320,6569328,1535031,15322036,3270005,3628388,533124,599705,5345206,10874153,10699
1004361,1247607,1583694,1439663,323098,5910683,685590,725586,513973,571970,1524689,1212248,3149
1621992,1510548,1639101,1046612,126126,5408254,735228,767810,543607,581493,1528089,2392834,6063
1669204,1641421,2038244,1542988,345506,5254432,274224,286247,445383,546412,1516143,2530732,6559
1662275,1760346,2363249,1781576,455952,6606318,951081,993135,511362,489249,758755,1637027,6052
1283663,1447653,1982662,1524369,354107,5891308,724597,961052,552069,606086,1806876,2385149,4421
1640833,1501099,1629839,1278149,125981,5415232,484472,735847,530862,594696,1580098,2560104,6436
1614567,1637884,2030858,1561602,357771,5253474,451012,283862,461518,555090,1512300,2386277,6142
1675970,1648979,2068385,1558461,356340,5833009,710662,731917,457058,433471,784212,1703673,6581
965807,1457785,1956741,1510536,335572,5845165,709306,753518,504448,555132,1143368,889001,3087
1621871,1458278,1639657,1294488,237716,5971471,725617,994273,571107,628349,1844402,3109630,6116
1655612,1640180,2030965,1530173,344531,5236422,485887,286821,438952,480920,1522537,2537310,6421
1624518,1652339,2003819,1539476,343786,5897306,719677,751657,446787,493420,760634,1665674,4744
998734,1370060,1712433,1544777,354976,5938812,725964,749614,479678,537152,1126966,880319,3273
1312042,1305635,1216223,985116,230836,5687223,695386,736603,505261,561757,1551359,2568503,4845
1942115,1775390,2369615,1796984,356152,5371496,507322,520537,500554,548205,1871300,3125144,7473
1648173,1656151,2042944,1577010,353351,5887316,703561,724875,449669,486172,770223,1670464,4822
953904,1467452,1599609,1515154,341521,5781050,720189,762530,503431,557400,1140814,858854,2970
4162729,1611847,5125373,3678349,848476,9944630,1862921,2170002,517083,614905,4432476,8189021,7563
3258396,1695552,5160123,4372198,1014942,10490910,1761235,2187254,423846,549698,2840552,4445712,7771
2221599,1891081,2647308,1947987,544762,6903636,909119,712934,406057,518529,1484271,3012557,7365
1021607,1343670,1576554,1495327,351178,5667632,719310,741139,465761,517786,1098906,890744,3320
1656451,1542499,1945212,954895,233880,5090932,899774,953430,552563,619232,1918636,3333524,5919
1623166,1544219,1918432,1481664,229366,4938770,271270,516848,428082,523033,1410968,2276914,5891
1686065,1647449,2022328,1529987,347683,5739191,691284,500450,422759,399412,1089442,1660554,6486
1316623,1322683,1893146,1454195,332919,5611236,701114,739885,467058,509252,1095202,874328,3201
1387904,1380528,1551105,1187413,296126,5519275,907798,947967,500415,559821,1723792,2286815,4798
1719843,1634411,1997630,1501198,233454,5029427,272515,499336,430062,538586,1510629,2556099,6697
1617541,1540292,1928034,1455902,342438,5533629,721831,520406,413753,393501,1105445,1660771,6221
1321185,1403862,1955161,1487466,346223,5597512,705726,728069,463286,508348,1071186,886186,3315
1330230,1182266,1145910,1199377,230810,5699260,696197,736358,480503,539142,1515282,1734049,4775
1924919,1684395,2280518,1449530,346770,5016987,496106,518004,460569,570403,1787732,3073332,7347
1640552,1561984,1927225,1472630,333334,5592932,664605,606268,401500,379963,897453,1571950,6463
1300280,1358951,1907199,1470378,337647,5535677,711838,751955,472704,519515,1124209,860721,3082
1315186,1167759,1143891,1188094,232507,5480061,711397,743321,452200,502783,1412150,1626961,4652
1695560,1622521,1964773,1221101,228730,4302773,464198,483407,475223,532806,1451575,2467634,6672
1905536,1744388,2304623,1717016,449807,6354287,721607,750833,423003,459348,1106081,2428772,7458
4257199,1530591,5610613,3930693,898382,9889717,1708198,1835111,481532,577700,3834629,7436172,6479
1288264,1212163,1198339,1115795,232315,5833970,695734,735908,491807,545760,1534931,2352322,4894
1864298,1798793,2359684,1254706,237178,4458525,715599,747394,547149,602004,1824219,3062704,7401
1638363,1664352,2010257,1530487,354573,5647633,490315,508557,368106,465557,1105167,2530590,6620
1336543,1645040,2357011,1781696,438561,6472100,922436,979349,581831,571657,1159542,893938,4850
1275747,1288152,1180087,967388,237725,5762980,724311,756864,491383,538705,1450471,2373973,4680
1685392,1622091,2017135,1542836,234773,4517802,271559,505011,483889,541814,1519173,2533601,6486
1637914,1574881,2015812,1533112,348227,5880271,713044,525167,394430,481569,1175097,2499254,6410
1310555,1727132,2093936,1611632,358057,6047681,727564,749478,514828,504007,775028,884581,4974
988567,1270817,1602269,1258580,343513,6041266,708381,751320,524378,583362,1598852,1818494,3331
7104123,1895758,9115690,6550790,1406994,14264411,3141486,3806699,538912,669815,6253224,12072849,11749
1653836,1686346,2043330,1556525,345970,5871191,479850,282518,396579,499956,1536729,2561798,6638
1601022,1586055,1978609,1518265,344960,5777002,729066,763341,486070,477019,740546,866859,4815
1008408,1321566,1608943,1539112,351339,5786438,720833,744736,498619,539362,1418968,882618,3217
1335071,1450233,1616715,996264,215131,5283378,670081,700701,509931,562043,1500270,2451321,5110
1921781,1837713,2386049,1816392,350208,5943820,496851,517255,463541,581346,1907281,3182088,7768
1676733,1647767,2029120,1560277,347925,5853309,699551,723167,504471,492775,773801,913331,4913
1000087,1260222,1605763,1512364,338624,5713997,705719,746815,507042,564684,1557874,910676,3328
1610713,1468551,1618164,999929,230264,5792557,933124,974001,575704,627149,1825103,3017901,6198
1662459,1668701,2046455,1573578,347770,5057598,266023,284648,464164,576014,1567907,2588709,6298
1897231,1797610,2378663,1798694,440402,6561509,921908,830320,521849,503547,1049945,1592549,6203
994161,1304658,1647581,1566756,349988,5918783,722508,749204,519203,571803,1480427,888185,3285
1706676,1392818,1557625,960797,123168,4942378,677433,709448,484488,532280,1499601,2503059,6538
1650871,1556003,1950162,1497748,347744,5146914,273498,285301,431433,554283,1513383,2422449,6201
1744336,1578078,1995268,1516663,348681,5639632,704831,729250,410653,404171,748057,1697103,6549
982928,1394846,1919807,1455273,336842,5505252,701519,744151,470474,526371,1116777,885515,3323
1870096,1512169,1897256,1190908,128631,4681065,700179,968998,524756,586467,1793805,3033769,6833
1691985,1606278,1967240,1488566,346387,5593115,476989,281237,367692,473089,1459806,2468042,6228
4787314,1736921,5335909,3717953,848334,9809614,1711445,1907691,510182,542282,3761215,7796021,7723
1011568,1207817,1573901,1493016,345736,5675206,712305,745985,477947,528851,1433210,894589,3371
1715788,1385054,1580274,971137,125981,4903549,686440,716452,489391,534245,1512126,2556485,6842
1948181,1722315,2310278,1733873,450299,5512233,503584,488067,416709,537310,1639938,3226438,7573
1675797,1579679,1932308,1481112,342272,5547611,701463,722973,469397,465275,761821,884989,4785
1322841,1393198,1931848,1478460,335076,5557219,892593,948042,549072,617453,1894588,1700724,4638
1311977,1283326,1204884,977296,239042,5748004,722625,753994,506720,562029,1484031,2332136,4691
1667573,1643665,2026178,1563351,339808,5100007,465815,706185,580557,633346,1883369,3282138,6247
1911378,1746533,2314515,1742032,442537,6180111,926265,739556,440329,478647,1136840,2440208,6054
992084,1443113,1693088,1522369,350216,5580483,716980,743438,486774,531805,1110410,889424,3384
1318176,1275892,1191511,973699,229848,5504991,690524,724663,494857,546207,1522354,2556825,4859
1612561,1655644,1936274,1482330,230241,4306783,270338,516690,515906,566170,1494531,2363647,6014
1709338,1713436,2048308,1579000,347703,5831817,694320,499083,437262,460251,1150856,2465781,6684
1309206,1715988,1985133,1778181,437340,6251192,904737,957686,608283,644327,1163049,866820,3036
1299843,1302866,1210184,1246731,229563,5643198,692117,722102,503736,546375,1430200,1598344,4622
1668387,1697893,2029468,1258614,218409,4235263,472711,512737,517469,573521,1550599,2549329,6507
1524077,1745521,1990382,1528344,331246,5678800,463473,298184,440070,544109,1510768,2368750,5997
1603103,1785409,2068857,1601110,352718,5911044,725637,747284,562742,540018,818237,896909,4933
937579,1363111,1633798,1571343,339741,5873145,700047,740702,559430,613150,1610309,877023,3068
1814286,1740957,2017565,1298021,237903,5091818,723139,755013,621269,660140,1890866,3077651,6976
1610292,1750094,2070571,1599965,354857,5803849,493243,513533,431473,530944,1172417,2505887,6376
1291303,1698915,2001081,1555539,337468,5748858,713446,754244,566929,538731,821385,880651,4665
972109,1386388,1643399,1506199,337530,5879378,699568,732363,542847,590348,1465760,1121054,3470
1605529,1529445,1650135,1005841,121825,5028849,691589,723791,540181,584023,1554934,2533312,6499
1788982,1912112,2715282,2031767,550437,6455480,693478,724676,555061,675659,1899973,3144020,7086
1218033,1750017,1989566,1547746,337104,5888204,688824,707662,558208,531689,773747,766225,4244
882701,1332176,1529683,1204174,325314,5640212,664602,702712,543086,587791,1522781,1608863,2534
1437979,1525153,1489787,1201763,107593,4997472,459248,715983,541490,583094,1471274,2223981,5363
1487733,1708979,1892640,1471942,318098,4809807,341530,241301,475471,572257,1438295,2283163,5716
1511876,1850693,2277894,1734484,432295,6107511,902408,961464,536567,520156,765223,1565366,5580
888802,1381384,1541508,1228357,334844,5642917,680920,710170,555063,595456,1454914,1501557,2642
1559829,1508090,1522336,1181291,104414,4835964,440503,681107,541991,587894,1526499,2437582,6040
1461862,1677644,1871336,1457262,331215,4819591,464584,241803,481583,519026,1537738,2312280,5135
1498484,1730842,1963427,1379996,306492,5663104,622483,640525,470247,512366,730868,1433452,4040
854485,1497691,1696476,1414335,418051,6132774,852109,903473,585484,642935,1500454,1561841,2454
1460875,1482217,1478823,1182792,109412,4887803,461098,715742,517970,555773,1464768,2220284,5202
1522544,1665505,1936378,1494614,335063,4865756,447290,244185,465837,498716,1462757,2374192,5856
1491817,1769776,1940045,1502823,326202,5710700,687576,728773,499696,542506,767976,1597651,4055
913641,1630538,1604640,1556393,335829,6014244,687785,715848,570688,615262,1151720,843224,2680
1204951,1511134,1589251,956651,221730,4980143,677512,707168,531770,580487,1545928,2490414,4410
1845519,1830875,2722834,2029466,440240,6072378,690954,724298,572880,644507,2258506,3155220,6548
1611459,1736125,2075976,1578850,347576,5851785,709300,728288,472055,506326,756214,1656396,4585
976479,1492750,1621756,1530866,335222,5712278,687760,727039,515920,575613,1150469,916701,3172
1248549,1519147,1600086,979666,239756,5187289,733433,767365,532393,581534,1527675,2414724,4676
1638203,1658912,2013428,1536772,235882,5093050,266775,494973,446841,553406,1488055,2486134,6705
1891501,1867858,2382494,1787659,455641,6549685,727220,754941,462057,506245,1177006,2479421,7551
1049413,1425841,2011641,1527818,355185,5791654,723232,744659,483135,533211,1092875,904854,3175
1359040,1199568,1162492,1168730,215029,5575881,662536,696481,466339,516659,1435321,1787021,4951
1592401,1565049,1934151,1222458,236628,4320869,494775,514530,497451,539072,1494815,2399696,6081
1694652,1529441,1923221,1462395,340478,5402431,475958,495582,345275,444834,1065986,2397345,6297
1319643,1564733,2282531,1697353,435270,6058214,901496,957098,532805,520588,1089960,889970,4655
1299103,1238697,1142504,920686,232917,5664742,717333,748878,471461,527986,1427052,2327677,4570
1628028,1546955,1927893,1464874,233960,4126874,269774,494566,456981,511672,1445554,2508337,6451
1575256,1537662,1846599,1413384,319928,5488648,556583,518194,362103,461653,1045495,2282900,5761
1341727,1563287,1936299,1452055,347592,5585816,713707,736027,440710,434082,723210,868211,4668
1345976,1407973,1962080,1485428,448735,6340060,912179,958269,538197,600119,1525097,1708584,3350
1880237,1551486,1918761,1471994,231472,4867574,485999,733893,531522,593159,1810068,3063464,7268
2003236,1759364,2319405,1715485,447500,6135603,898999,709019,399365,447944,1072344,2425786,6195
1305676,1552876,1903607,1440997,335821,5512149,701925,744849,471071,532919,732946,888876,3094
973310,1241495,1370579,1195974,333290,5637168,687519,717196,484043,537001,1404509,1614704,3105
1334426,1335208,1549836,920978,232770,4859526,694400,724920,460025,516925,1495423,2542802,5023
1902142,1789731,2305673,1735766,345772,5687601,495676,515701,418288,543998,1873878,3153317,7153
1698790,1615732,1995020,1517974,347248,5730542,698605,721529,473949,472320,746466,908218,4822
1019140,1303248,1615026,1509334,340132,5804739,702762,740339,494234,547990,1544893,915521,3404
1607878,1351776,1531651,932945,125638,5086397,723700,751789,482541,537985,1470735,2350549,5870
1680530,1600196,1996140,1515666,329933,5004942,269560,321429,408857,514577,1480457,2496036,6502
1964579,1709334,2297886,1730044,441135,6196924,925552,742221,486427,460677,1120811,1666393,5994
989178,1214550,1581336,1514554,351504,5654859,719105,753577,474680,519597,1429331,893255,3294
1672494,1402527,1574743,940945,122541,4907064,683607,713592,468037,533776,1509900,2523875,6446
1591411,1658473,1996224,1525027,343439,5074665,270397,286042,455140,569939,1537810,2422899,6026
1631009,1692119,2016671,1549889,351693,5910479,718058,739461,433779,425290,772592,1666597,6376
1073213,1444331,1979517,1749089,448600,6268539,918893,974696,557537,621009,1522430,882902,2959
1560911,1433052,1587472,988032,127089,5341722,739042,771381,500435,556142,1527746,2380742,5965
1655524,1703292,2047399,1562295,351251,5104063,271034,284301,442829,558467,1498224,2501619,6510
1895376,1793314,2352173,1784328,435624,6489162,918599,974272,465839,436815,774760,2415224,7485
965082,1511887,2038731,1551368,351470,5887259,723186,750651,497377,549788,1117696,891179,3244
955932,1302300,1191313,1237446,337152,5647249,694418,735977,497074,550173,1541702,1722394,3249
1887695,1716441,2249319,1482834,223470,4611243,496355,756684,532081,599129,1811633,3033189,7065
1648773,1675791,2027244,1564729,352722,5840991,707997,506379,378923,413028,1127836,2456727,6296
1320343,1643019,2011724,1526564,338613,5843894,706779,752052,503515,560049,770258,913607,3180
989471,1276121,1210956,1279946,348769,5959300,714931,745727,504432,555337,1458577,1580415,3290
1664699,1654650,2027652,1261844,125511,4462616,481551,722671,485559,539141,1513849,2562981,6660
1901830,1786770,2337081,1756254,451836,6248560,719696,513344,430310,487564,1516373,2462831,7484
1301914,1654342,2011344,1531640,341737,5823603,698895,721612,484626,543134,848037,897536,3261
961897,1279456,1602012,1508744,338308,5813112,704387,744888,501826,565695,1543333,882960,3177
1559723,1445169,1598208,986043,125639,5139414,724543,756244,479989,532362,1460346,2310105,5727
1634084,1668033,2035674,1555581,344144,5218285,270208,281659,441566,552766,1488540,2482022,6500
1602413,1866792,2385363,1802905,451302,6533137,947362,997227,520655,507662,787425,1714047,6071
984778,1368612,1695015,1331709,354630,6017352,724376,750276,517521,571977,1496525,1645057,3336
1653340,1413600,1583884,1077202,126016,5200872,556794,703063,474161,541600,1494838,2472386,6571
1852412,1769055,2311857,1746358,459453,5821316,272020,283889,452255,611987,1892973,3130607,6849
1623700,1678218,2020493,1543982,352140,5888610,711865,733086,436968,427215,760595,1670587,6189
1286547,1594994,1967352,1516278,338789,5830641,714862,755975,500061,553486,755536,857104,3099
1285123,1494260,1604301,1239948,351343,5734442,947464,987323,553419,610878,1800671,2357143,4566
1643037,1687566,2051173,1543602,233004,5151939,269104,510710,454872,560215,1545718,2562948,6454
1589544,1675079,1992058,1517644,343441,5841764,723821,520350,402228,444682,1162285,1881782,6134
1337785,1632957,2042619,1551024,356066,5950995,732810,755905,497636,552056,770701,895951,3343
969679,1347104,1223941,1260125,333164,5697469,682006,722564,497241,554091,1527464,1699454,3154
1914615,1826462,2393507,1544808,237606,5259325,506495,765383,509985,633883,1885849,3135521,7198
1654842,1650074,2035065,1561537,352425,5970035,705233,505947,441081,427376,1151047,1698625,6437
1273561,1487095,1975681,1524574,338841,5854426,715179,756377,494036,555377,1144222,870940,3225
1231470,1272947,1217584,1285612,249780,5951001,730924,762336,501633,550447,1485157,1643822,4126
1633751,1690094,2038078,1259837,123720,4498952,480891,723279,502392,557384,1532759,2537441,6496
1911926,1841819,2387584,1795867,457823,6578959,723473,518874,450189,503208,1541166,2464922,7607
1296839,1512950,2043666,1576005,351226,6077816,718533,739380,512340,565217,1127950,876241,3127
1617581,1461933,1617877,1261188,226848,5933473,897031,954238,566541,631363,1919662,2553701,6279
1605771,1653154,2003738,1271378,239528,4613439,499445,521165,500490,553105,1488465,2357229,6057
2014405,1889865,2462031,1863333,352858,5907362,484181,686809,455790,555333,1577464,3261412,7924
1644931,1694623,2407990,1817257,449875,6644236,938520,996091,575031,565120,1177673,914165,4957
1318184,1315265,1216995,1267737,236587,5831244,720948,752824,498049,546823,1459412,1634600,4686
1656041,1622386,2007920,1237453,232315,4502182,480156,503267,499001,550042,1528443,2563015,6398
1606348,1654048,2010784,1535800,342554,5965941,505338,527675,393884,509330,1153650,2443563,6173
1329435,1648801,2036338,1564040,351229,6030112,724443,746977,497039,483840,761259,894682,4844
1016489,1377853,1682836,1314827,343905,5942327,704831,747443,519888,590374,1600470,1729342,3358
1915723,1573910,1968875,1234972,238093,5002464,717840,752318,529251,590092,1838123,3101258,7104
1722856,1551524,1916927,1449418,333721,5585901,477805,495005,363122,457524,1065248,2404803,6673
1289115,1549154,1909241,1467812,336624,5639909,710602,751424,476453,461851,754217,857312,4477
1004953,1205620,1576336,1242135,347133,5667532,714162,745548,466806,512491,1416907,1591955,3247
1705430,1408087,1594025,1246243,123823,5095705,490425,732652,476241,535812,1526248,2561893,6410
1918188,1788453,2363818,1788194,453615,5897065,722269,519035,444557,493692,1511797,3165425,7231
1274466,1776334,2067189,1584389,342769,6078257,701767,723204,522252,511227,758925,858975,4573
1012023,1263095,1629028,1281420,338341,5932834,695135,731975,483851,543303,1538961,1735359,3394
1655476,1425524,1604080,1254793,125609,5086001,495798,754045,485726,541465,1486126,2386347,6287
2080598,1784803,2389432,1519911,235938,5161940,460539,693007,479967,594367,1839397,3260874,8175
1937443,1714390,2288396,1719649,448554,6257581,944398,743922,473644,467195,1132107,1664408,5542
999948,1277289,1608410,1533083,350695,5931749,719002,743033,482609,541714,1457380,867947,3076
1551197,1367981,1561227,962074,142927,5118544,692408,725848,476942,527933,1506397,2540340,5474
1655328,1542465,1933271,1487994,235733,5077071,268112,512654,417149,521268,1476095,2388789,5944
1698471,1594897,1994127,1524805,347852,5754104,699642,495094,412185,398271,1097045,1670724,6443
1382254,1477511,2001591,1783933,439405,6427407,903360,956012,565326,633071,1547115,947295,3613
1637709,1382347,1550128,961606,125629,5195993,715387,745934,459855,512635,1428502,2300938,5957
1711915,1603678,2004344,1522409,341326,5064764,265391,281092,425628,531966,1479071,2507659,6528
1596539,1662101,1997117,1526345,340167,5828622,717792,730796,450805,427256,841603,1659212,5958
1274464,1492335,2027052,1565069,345414,5893157,710773,736508,505654,557072,1114113,887050,3301
1383279,1271446,1217987,1249920,231312,5769159,692945,725850,493412,555119,1552747,1750490,5065
1937731,1754432,2302006,1496821,342609,5180580,495087,518380,480168,612741,1856512,3130075,7255
1715310,1612175,1984181,1521354,348444,5837890,704205,725270,421700,415269,738718,1665208,6348
1014139,1415818,1941612,1485225,333459,5687625,693841,733788,475245,539417,1110153,878242,3150
1378364,1347109,1257845,1081804,241039,5989274,729816,763756,528087,575123,1513422,2282190,4689
1705756,1576459,1951763,1267910,227178,4481279,422199,471111,483861,531563,1426261,2370693,6616
2291549,1775853,2354707,1766517,449883,7191968,920972,965512,498423,543547,1481593,3138185,8617
1007417,1470321,2002406,1540928,342137,5932897,702520,727930,485409,541955,1090056,881643,3235
1384622,1249046,1216740,973980,231214,5818218,693745,724839,483399,545735,1525119,2570399,5040
1669695,1582386,1950212,1488671,234981,4567211,269609,517137,490348,538703,1500287,2412910,6105
1711054,1552577,1969935,1516677,347578,5775694,697938,496771,385704,417277,1128710,2430663,6230
1324557,1566599,2301384,1718404,423665,6303322,874364,930204,543571,547030,1166223,901600,4477
1347123,1239307,1207200,990688,236889,5810219,714919,744263,490824,542531,1437086,2311363,4583
1701787,1666454,2010248,1531260,235781,4429017,268193,492224,490689,546931,1484187,2524655,6670
1650280,1597561,1932412,1463783,332305,5673126,700269,507913,356671,395113,1103609,2421561,6267
1346414,1680743,2031410,1549459,352705,5871442,719542,746094,494158,551975,766861,892887,3366
1032750,1222980,1185873,1225000,339215,5721146,689688,722014,485600,536163,1520261,1721026,3376
1906240,1585106,2076514,1502973,230237,4966403,457500,713622,546116,595457,1806639,3013177,7201
1711615,1534469,1964858,1488443,350198,5686717,709793,507803,366421,406410,1096358,2433453,6151
1664399,1603585,1933862,1498342,333741,5784022,705933,747244,507188,478961,766173,883878,4788
1031448,1273107,1587953,1513051,347848,5731437,712892,743613,471290,514805,1408432,873262,3270
1764949,1633902,2040588,1253181,233679,5826168,920038,961499,548012,615521,1549669,2625473,6725
1984132,1777598,2320588,1740679,445111,5812760,497695,490855,451773,557179,1588646,3157742,7596
1601519,1741993,2062577,1598591,462494,6807138,936357,962298,581677,582856,1137302,1589425,4405
999532,1300488,1632529,1552425,343316,5959726,703038,743586,517298,572382,1571737,884054,3095
1572789,1491508,1615602,996978,123856,5289743,730518,764629,516077,569463,1511170,2372354,5984
1678623,1696781,2024022,1553277,346327,5193989,266737,278639,461116,566088,1488141,2449746,6247
1677908,1874621,2374807,1794149,443690,6539440,932884,987552,526968,525160,800227,1673029,5995
1013954,1374739,1669490,1393992,359085,6034910,737480,766671,514768,558441,1484001,1601443,3416
1703623,1616648,1673574,1074898,124507,5395856,678020,709695,549215,606583,1559514,2517483,6675
1602275,1701210,2031371,1562532,348923,5361259,272506,285390,481673,578267,1565331,2461931,6147
1627611,1759744,2091030,1610055,353328,6110281,718133,737150,477284,460888,796164,1650420,6406
1017871,1496461,1976938,1507181,431722,6401296,878027,932772,552936,619673,1477131,1675511,3051
1638654,1431739,1570718,1234747,123245,5191915,494338,751822,507042,551938,1471353,2362974,5773
1686713,1617670,2007354,1523210,346937,5063567,465714,279848,424503,493658,1458186,2480624,6625
1594236,1600564,1922538,1487348,322722,5727645,683780,725201,452888,430001,769520,1687246,5933
996624,1447777,1977685,1520090,350334,5819387,720499,753852,498630,538161,1104794,887076,3282
1334338,1295120,1199536,990348,224462,5745592,676129,707702,521999,574372,1515040,2485612,4811
1961114,1830646,2336000,1755170,329574,5142512,484377,517000,522734,579109,1897919,3143358,7293
3789779,1911889,6208222,5469400,1365501,13220249,2629190,2582562,481289,567691,2442575,3980905,7260
977389,1423814,1596266,1482321,332031,5702079,684946,724109,490669,535069,1141904,866248,3027
1297862,1265888,1305802,982373,234219,5678233,676877,706702,492419,543938,1430286,2234209,4534
1702162,1730261,2018214,1253159,120142,4425764,474685,710726,503391,548913,1490913,2510577,6532
1940764,1729201,2311092,1748214,443843,6446478,709333,515402,443018,470552,1490819,2403679,7534
1323028,1475747,1993747,1518853,343027,5966191,700170,721665,476426,531273,1082251,898776,3333
1349441,1235800,1213831,1238299,230699,5901829,699606,733655,493143,541168,1531052,1753631,4964
1667080,1610930,1974632,1261762,236361,4665283,491950,510075,506741,545680,1485616,2394302,6549
1670756,1575746,1974513,1513621,345285,5764492,483838,440874,379868,461962,1242292,2433421,6467
2637145,1729264,4779479,4014961,976964,10326538,1945789,2158984,574108,571973,1895638,810595,5536
5421107,1454094,6547032,5027826,1178447,12175765,2426769,2615369,506217,604875,3993048,7965024,7721
1603201,1648654,1872896,1173630,217379,4073196,431941,453938,508331,552424,1453592,2371251,5734
1543919,1581889,1849480,1432702,324905,5423870,458097,477111,390403,485939,1109774,2298089,5359
1256428,1610792,1885756,1443139,335416,5504340,680539,699237,494882,468446,705756,751574,3978
1273016,1274837,1451953,1263323,316882,5986465,854447,900008,550296,600562,1844951,2256759,4236
1587176,1708587,1862375,1209152,220027,4299177,440154,459687,526235,579100,1464939,2243887,5430
1640763,1625958,1867247,1430065,329659,5372911,432672,452589,390671,482764,1074592,2309270,5685
1225934,1789282,2198013,1658332,418777,5979521,867127,919761,569653,555652,707022,743465,4069
919780,1285390,1474538,1194272,330888,5523990,670495,701902,514405,557140,1427684,1478193,2561
1609624,1471701,1498709,1183939,104840,4782164,442091,677940,508300,556443,1462398,2394717,5897
1885236,1749691,2214907,1667182,434903,5421933,670239,485264,442433,510997,1490122,3121293,6919
1224082,1651320,1841213,1433267,313862,5506993,644105,663179,511298,482068,728516,775400,3903
944326,1257205,1489999,1174723,328263,5476679,666889,699853,507637,545249,1497395,1615323,2764
1559439,1449236,1504564,1185359,113914,4984419,467132,730361,526270,573675,1494392,2307646,5456
1592010,1634333,1855739,1414282,330289,4737964,461269,253029,449093,484385,1409302,2304369,5455
1559181,1790360,2209193,1638292,424093,6024061,877818,929843,502866,539796,736434,1623894,3758
948924,1283505,1180821,1222245,343232,5662943,701631,731814,523226,567862,1442384,1507034,2598
1670125,1518096,1641388,1253685,117202,4966205,432796,665308,501290,554381,1420218,2342936,5949
1680601,1577479,1975305,1503629,338145,5081300,485378,269181,428204,463206,1507539,2505771,5974
1689460,1589865,2000462,1523415,349524,5713656,714840,740068,429749,460953,750776,1650684,4682
1042873,1412983,1582952,1495431,438434,6243598,883045,923818,546384,605403,1491499,1707321,3174
1648460,1581717,1957362,1238163,123219,4427214,490718,750078,487537,534984,1488686,2394265,5855
2040404,1782429,2383362,1778602,460331,6245188,703793,283881,391542,466540,1806815,3237460,7756
1637038,1631752,1915527,1480920,316722,5882498,671921,600916,440713,421011,975605,1580204,6272
1621964,1523393,2330240,1727169,456391,6300194,936107,979160,499428,555055,1091847,910611,3271
1348322,1272804,1192728,1209091,229214,5670270,677321,706610,483006,535379,1493959,1694208,4801
1925225,1722075,2266116,1474945,344180,5069479,476760,499133,470186,579598,1836332,3125003,7291
1659326,1620012,1980095,1517763,346795,5878472,708534,729628,430044,402666,742332,1637887,6024
999107,1406686,1917080,1452291,333083,5707588,685575,725162,485654,541243,1109192,872133,2892
1329480,1268786,1216605,1146092,242026,5961883,730473,762555,490632,540753,1460628,2113920,4592
1752319,1637228,2040767,1273684,241573,4595841,489160,505816,487426,534885,1495545,2523820,6645
1977888,1840293,2307844,1759262,440233,6480758,705782,745713,465346,500388,1177930,2455795,7637
1015977,1441607,1998980,1533182,352677,5806757,722499,754304,496578,535643,1102023,892793,3162
1390959,1303163,1224214,979513,227917,5782514,676611,706815,488601,547624,1480523,2483434,5062
1647626,1585665,1905089,1452470,234233,4548751,270738,489387,484321,527871,1448293,2330819,5887
1664588,1667378,2025070,1547223,347564,5936196,684857,502421,382605,486610,1129638,2378700,6250
1342655,1579479,2338259,1736516,445160,6346966,911251,964878,548369,554059,1144817,865701,4339
1356529,1270511,1208376,992099,234185,5931382,714192,745705,508070,545828,1470401,2333464,4640
1656186,1760242,2055767,1581460,234166,4588836,267274,498603,516918,567266,1505295,2474112,6448
1669843,1678428,2029938,1573536,342788,6006965,719539,533786,420422,463116,1191243,2563111,6477
1652989,1892500,2446400,1852172,458400,6911089,934624,973813,592467,573816,788709,907147,4546
1309979,1334383,1390066,1304423,346098,6430852,895238,934485,588526,649263,1938446,2474882,4682
1591690,1700431,2011997,1548044,231827,4714746,267099,517358,539372,589980,1547078,2418376,5848
1679658,1752572,2073933,1595778,351269,6075047,718102,510248,413514,459573,1146109,2416942,6007
1318577,1738709,2013664,1553845,334011,6189068,688559,728645,559273,602340,808667,885236,3155
991103,1358043,1242708,1295034,352993,6105128,725156,754427,516935,567359,1501169,1625656,3310
1683086,1772248,2128144,1339466,128796,4767230,499953,738093,534401,584466,1539667,2554407,6866
1911057,1919546,2387749,1823442,435961,6619657,701006,496349,446006,523322,1608392,3180869,7908
1301836,1771271,2066921,1580142,356884,6069294,732118,764191,528723,569147,757767,896933,3196
981679,1355216,1240668,1288871,342783,5889425,693107,723767,521532,578283,1550021,1705902,3139
1609495,1694155,2006494,1288739,125103,4634224,498585,744767,542722,588242,1539314,2383711,5823
1633876,1715753,2058645,1577651,356600,5974744,491784,279438,403814,512008,1492710,2443479,6164
1655320,1718862,2424943,1814693,448713,6514007,913651,968019,585449,578689,1156114,905793,4679
1080185,1298317,1240223,1286685,292128,6056407,693838,727563,522775,571225,1482104,1554839,3550
1696968,1710852,2026573,1277741,123333,4581994,485594,721769,509140,562917,1502047,2489624,6323
1627044,1682766,1990643,1557720,337368,5895413,489670,283977,412277,511245,1575255,2493419,6155
1687407,1809314,2136288,1651049,349069,6326844,716033,752013,560376,546066,817702,911420,4941
1656377,1570979,2069780,1837816,449115,7161375,1110498,1157360,628623,623986,1913190,1702696,6298
1608037,1758328,2040765,1322917,237971,4690358,494968,515386,547081,602819,1569878,2451022,6005
1599275,1704652,2015914,1551703,336481,5877451,463899,415733,395373,496937,1289980,2368097,6316
1656799,1766683,2049615,1555879,342307,6038796,710000,751602,545713,532927,806030,915191,4883
993682,1361899,1639590,1565712,351698,6099721,722049,753892,542986,592289,1525457,881336,3117
1630879,1576218,1665540,1041777,125134,5320046,702368,722996,524944,575411,1523795,2479123,6269
1939361,1864034,2386757,1807434,448204,6103144,498572,523926,455691,564349,1535442,3279449,7420
1314314,1752550,2064108,1585773,350868,6114006,723620,755290,530606,520421,778721,888831,4528
991716,1305016,1663099,1425215,347882,5920637,704401,735380,525262,575005,1567260,1547325,3305
1594809,1542174,1652655,1034177,124623,5329835,731665,763417,533417,592624,1551569,2447899,5936
1639440,1726915,2055950,1577947,352383,5267236,267023,278340,465160,576718,1501536,2426020,6151
1664014,1895341,2422609,1812680,444433,6568927,908160,962517,533098,516664,789478,1725351,6262
1010585,1359270,1629150,1307789,346238,6185656,710662,744137,536999,590376,1511899,1594618,3103
1643744,1519023,1655889,1305070,123813,5293979,493960,731857,526971,580429,1540706,2525394,6320
1692871,1775204,2055116,1600270,343449,5488141,484208,283376,497409,564844,1605397,2548928,6287
1958732,1971637,2492748,1614127,344490,6225072,932203,975623,542255,535612,1181986,2397159,7409
1030854,1582718,2107699,1604255,458179,6615082,914604,954173,604622,665865,1564285,1724253,3302
1911682,1684403,2023599,1564002,231763,6143610,724116,989859,525898,578867,1566028,3199593,7179
1683750,1707749,2089887,1605466,350816,5439848,501176,282562,478755,519187,1509807,2451660,6545
1646097,1713483,2042132,1556640,337496,6020312,696420,736511,462671,513138,796843,1721735,4693
1020026,1529495,1669087,1574346,350840,6065168,722128,753790,534921,577460,1143514,875951,3259
1621972,1487664,1686410,1287307,238416,5969817,666276,907985,564183,617992,1826492,3191779,6220
1641558,1703247,2037504,1584763,341878,5568128,498336,287349,471659,523668,1570278,2503897,6478
1684730,1767456,2102209,1617011,351700,6289032,725585,759390,476413,519510,792418,1656187,4931
1004067,1611288,1689538,1597188,338540,6097061,687128,716991,564103,618471,1223989,920680,3398
1298521,1541788,1634042,1046838,235779,5513990,724770,757110,535002,577326,1539849,2407045,4308
1604315,1734765,2072220,1597687,237685,5397551,270114,509482,467265,580402,1489722,2403313,6200
1953520,1897896,2398191,1796807,432478,6622113,882675,707758,476846,509438,1163290,2130114,6339
986826,1543348,1653536,1590648,353383,6100738,722859,753377,531571,582322,1148971,865957,3209
1305509,1565284,1648113,1023485,236820,5224899,697691,720799,524588,572715,1501882,2470254,4598
1644126,1682366,2009056,1543235,230466,5228968,269987,524884,475390,581252,1571465,2520875,6040
1665536,1735480,2073888,1583566,351973,6122599,723021,518922,470060,450204,1144558,1649721,6188
1352108,1475526,2076933,1854325,453385,6594509,905019,948351,580444,650355,1590217,942313,3469
1771747,1657478,2015053,1303641,257296,6198437,934406,974968,536424,579186,1555941,3140602,5975
1642782,1736515,2059504,1582195,237580,5484089,267135,508186,460287,572143,1485753,2405132,5965
1644837,1672024,2011866,1526341,336935,5829371,693369,506802,451530,438658,1156046,1715880,6373
1283473,1544345,2039368,1585209,355880,6122446,728739,760919,550218,602596,1176230,849791,3105
1673616,1580598,1673170,1305356,237097,5851756,923718,951301,584913,642055,1892466,2524582,6365
1626184,1664001,1982702,1547564,337066,5379033,269257,279007,469796,582044,1567810,2491960,6043
2112281,1984040,2640574,2047531,357224,6194022,730811,988314,586362,567634,1335422,2470256,8798
1362433,1516892,2117768,1618380,447757,7062148,904869,944629,626942,689987,1597208,1660697,3149
1295175,1357383,1270097,1318318,233220,6120150,724850,756809,529684,580038,1555009,1643969,4659
1963296,1983274,2483511,1575665,345635,5395942,494983,510933,529560,644763,1859606,3176032,7680
1626962,1511882,1641992,1025811,123591,5450586,735615,768213,534319,582061,1535111,2371111,5899
1656944,1775540,2087397,1609069,344453,5277120,266602,281001,467950,582693,1538689,2527957,6280
1592728,1645165,2007145,1555412,341481,6003922,726184,738665,446834,423497,843997,1649296,5759
1283368,1534681,2038136,1566684,336553,6023474,695135,714988,514743,566781,1137303,879232,3110
1349293,1331015,1234631,1306011,233376,5960265,704409,743812,525287,587793,1591724,1722923,4837
1923107,1892254,2438835,1593632,349132,5481002,502355,524385,541102,655993,1942974,3179818,7746
1718520,1816442,2146014,1672886,355033,6441155,719486,738947,494284,468827,828224,1699067,6523
988204,1529059,1999462,1533801,434240,6532495,912244,967839,579969,646153,1540270,1631356,3006
1299332,1356738,1234532,1050212,237258,5935655,724687,757053,515793,571081,1504068,2303799,4377
1646684,1750346,2096131,1402219,235325,4813424,412874,479167,535376,589831,1531805,2448251,6657
1985905,1982100,2483520,1890928,452092,6940286,730002,762327,489858,533900,1224806,2464133,7600
1078651,1707026,2152727,1674436,349518,6305573,720311,738067,574310,624669,1205724,909414,3323
1405666,1440897,1301255,1073641,232108,6151032,700197,738622,555433,604302,1635897,2591424,4953
1709526,1877575,2147024,1680326,239671,5082162,280793,541495,580236,640292,1650923,2484291,6192
1662766,1778415,2109866,1624182,354865,6065583,717628,517620,418325,457973,1150783,2495136,6350
1303717,1660498,2383104,1807702,430704,6505749,903660,956763,579189,584193,1184658,892656,4404
1370299,1245177,1217173,1007996,237209,5893593,724638,757061,483900,535584,1471563,2352940,4724
1731165,1698220,2042953,1561643,234433,4433475,265610,501307,493954,557252,1531533,2569964,6597
1691139,1535086,1940286,1475515,337028,5687962,713085,519398,372148,408165,1118790,2426178,5963
1399682,1629119,2012341,1541449,343753,5950839,714594,737387,495563,549276,772535,895690,3233
1033493,1226056,1177437,1239406,332525,5838855,691431,727156,506255,559569,1555193,1712068,3256
2232809,1782568,2516820,1759283,347102,5462267,715981,739354,528301,589736,2167967,3773934,7755
1734951,1662968,2042647,1556286,346405,5780862,703052,511389,376890,415748,1102426,2447500,6498
1346537,1628922,1990854,1776207,425571,6425186,891352,945719,560822,621653,1128926,878193,3118
1671417,1647132,1981588,1510429,332957,5729120,476856,284166,375783,491481,1531579,2500330,6208
1666705,1649760,1988954,1537826,347685,5907305,720260,752242,503771,492386,738196,866363,4575
1279879,1317742,1633332,1543171,359206,6308685,905898,928593,542540,600010,1837704,1659534,4000
1670728,1617712,1958226,1251166,124523,4466425,479635,751975,505355,554252,1542041,2507815,6039
1672457,1596088,1959295,1502991,336683,5737177,478237,279492,384072,477763,1433815,2285023,6002
1726900,1646957,2049963,1563037,341617,5832029,690136,721080,508696,499969,769205,928271,5063
1022047,1301024,1572737,1494420,333887,5754698,708232,739496,499678,556198,1492566,876613,2957
2044496,1737193,2050841,1282220,238620,5205978,718647,740008,558468,616801,1834535,3159124,7751
1695420,1635555,1973275,1506051,334084,5205573,474577,287920,441698,518753,1526892,2516006,6148
1659749,1645731,1983161,1535141,330810,5852335,684249,712994,445787,410688,744704,1575948,5851
1003104,1478460,2004160,1536290,339246,5523151,678697,706557,484967,536171,1096117,885244,3067
1293409,1292603,1120961,916239,216552,5553044,690409,724307,525946,573218,1515806,2386884,4088
1910652,1757898,2216218,1664640,325383,4750371,470663,488708,474560,517237,1724782,2956290,6559
1614874,1576588,1818849,1387799,311429,5301035,638713,669046,438989,469804,729068,1574567,4163
920554,1455432,1453581,1414386,324692,5394542,678222,708294,518329,559632,1090040,717941,2147
1247590,1276696,1159422,891465,221482,5461184,645429,666522,484586,538431,1397013,2238091,4154
1837393,1689553,2168746,1609930,307903,4142488,227841,472651,509907,568415,1813997,3138506,6780
1572592,1633881,1882190,1455718,332079,5532587,684374,478604,383782,411934,1068797,2218224,5573
1263030,1583401,1840759,1703341,431442,6004889,859388,894077,551375,604710,1096531,757161,2662
1293704,1457380,1538469,968159,219732,5032198,694647,732877,501539,559020,1503622,2370268,4259
1636410,1657718,2019390,1553914,236684,5232357,270175,508459,447758,559553,1461945,2335341,6108
1665156,1660962,1977574,1514245,317036,5886541,652349,467855,394181,425046,1134777,2023200,6654
1370868,1636308,2001492,1544165,347693,5930064,730328,761254,524077,564601,746826,896452,3420
1354512,1242849,1590069,1510978,339128,6206789,904481,931436,557358,602699,1861133,1678551,4613
1658913,1560274,1941695,1229855,227903,4424457,484764,511277,497793,541525,1539419,2509791,6218
1627033,1606555,1996546,1562912,345146,5866656,494318,519625,394257,489935,1100478,2325324,6024
1381722,1643582,2015928,1516348,334037,5719029,679863,711235,486098,482734,738965,892047,5024
1041379,1260375,1584300,1351700,340715,5647492,724790,757107,483956,540491,1521452,1442295,3310
2038525,1644766,1990860,1256706,231639,5143098,705204,728646,528871,595595,1782899,3106528,7623
1709238,1612071,1984877,1509230,332152,5838333,476162,500949,378366,490677,1177109,2530189,6532
1338640,1663768,1997140,1550414,351736,5934601,727092,759469,535866,498400,764017,881239,4448
1031763,1225063,1629346,1282557,346856,5825497,700203,722006,494456,542734,1502462,1660526,3281
1700333,1483372,1598229,1258237,126968,5135658,498301,760599,493293,556275,1554544,2524651,6211
2250391,2006015,2778013,1796399,455718,5628934,886822,740263,505831,619867,1809709,3712058,8409
1336912,1449465,1591374,957772,232215,5089541,715563,744830,491264,546255,1465691,2337173,4792
1706615,1593003,1990626,1506017,234323,4988014,267544,504872,423129,528908,1494076,2542385,6189
1643129,1605459,1979235,1505550,340342,5701192,724593,521038,426087,404223,1142544,1673006,5921
1364465,1438939,2029309,1561646,346205,5907369,720251,739561,503906,539199,1111494,881174,3242
1391185,1220221,1192229,1245348,230809,5773046,692024,730257,481647,542162,1542177,1698479,4946
1940450,1773864,2351134,1512826,337820,5154179,503663,544384,486334,609177,1871403,3127340,7481
1656725,1629984,1976062,1505827,335151,5674075,680255,531414,416640,394175,1029388,1615293,6494
1344999,1438162,1927544,1464321,323372,5733056,683426,723356,480934,544013,1137149,893920,3090
1309781,1205595,1165195,1237737,232963,5896809,718839,750881,488679,542987,1476618,1601880,4497
1722173,1537977,1956885,1229654,230276,4437115,466843,488399,467221,510393,1447791,2421416,6214
1951454,1792843,2360293,1771519,447004,6464728,721478,749593,410185,462535,1145811,2462280,7713
1378702,1628527,2007978,1533747,341156,5802112,693952,715286,481614,537084,746895,895148,3573
999457,1179946,1474594,1189669,322129,5625133,674566,712903,467157,517071,1472896,1690892,3184
1597303,1363737,1940773,1492590,236869,5746165,704196,972819,536417,584032,1813103,2297607,5834
1730178,1577797,2030115,1553790,343711,5053082,483146,283744,423037,470815,1503273,2507837,6633
2004113,1909119,2654206,1980621,526497,6942829,1114873,967166,482967,534061,1090000,2338908,6004
1002578,1178068,1177760,1224957,338077,5816431,698348,724978,443129,503088,1394771,1574418,3163
1695136,1665278,2018643,1247786,123753,4408428,472081,714848,473708,524777,1507385,2541283,6662
1596094,1548243,1883578,1457820,321992,5090920,486146,280722,414787,476589,1425983,2269002,6012
1701645,1605543,2016548,1535216,344380,5629359,702244,725983,424102,465886,745152,1638265,4843
1011177,1389209,1534420,1452708,329712,5530173,692322,734646,463090,517073,1128229,901397,3245
1655696,1529273,1968855,1238855,239154,5153964,731802,991966,543236,608457,1840510,3034779,5837
1719130,1558327,1995086,1523876,346784,5747548,483460,288594,355133,451237,1458763,2491363,6402
1664564,1631055,1950381,1495912,333103,5682154,708180,747448,481853,473286,750444,887284,4729
1014313,1354688,1596898,1509602,351537,5770059,727256,755794,450997,503172,1298243,885143,3317
1348832,1383085,1587238,951348,232536,5095703,695991,726069,463353,516761,1515352,2552590,4855
1965572,1776594,2331147,1503689,349457,5025241,484530,508359,474363,606859,1851465,3094443,7202
1764772,1622179,1992472,1528117,340224,5864279,689670,710918,437144,416793,757594,1695634,6934
1339902,1395907,2030908,1507943,335100,6540787,910445,967716,562635,629197,1529968,1632533,4856
1332993,1178993,1163391,950916,232035,5786131,709285,741494,459632,512101,1414435,2295888,4697
1679367,1535151,1950069,1376592,231172,4355637,293486,496630,456755,502420,1472641,2484856,6412
1964191,1751788,2362655,1770950,446068,6264629,729850,764575,411182,460707,1126227,2462161,8065
1290443,1664955,2442139,1842904,456911,5859393,721668,743081,551700,609748,1469263,1607864,4664
1257270,1306348,1175316,957961,229248,5723882,687084,728994,495725,554726,1532842,2537509,4689
1568604,1658463,2010414,1272360,123622,4440980,498577,759133,495655,541291,1476203,2317090,5856
1644241,1694955,2032250,1554690,346289,5686692,483398,282580,384244,482953,1510726,2523075,6430
1608022,1805837,2327138,1770327,437977,6296263,929828,975773,540220,564629,787141,953092,4573
959401,1306468,1239479,1291012,351471,5904818,726049,752713,512042,562723,1492988,1653626,3327
1636809,1691065,2038750,1273634,126745,4513907,490354,734398,505933,569060,1584353,2588594,6643
1611083,1693574,1987110,1524083,341780,5894423,493167,288078,390738,496974,1528426,2412590,6132
1638581,1735877,2057045,1580995,350509,5841696,714065,737553,513625,510233,773215,907072,4778
954295,1307723,1624652,1544190,336752,5927997,708619,750150,533210,584484,1583117,899849,3156
1820235,1696199,1970544,1251250,151617,5138161,727362,912644,576860,636462,1825882,2956271,7067
1632348,1682542,2035370,1557048,347213,5768954,483642,282241,379932,479530,1513053,2527843,6433
1596432,1696857,2004137,1538327,339752,5855251,720841,758561,514456,500612,766113,888446,4691
999392,1306666,1649369,1571431,346917,5956734,716151,742352,523711,567249,1500464,905776,3398
1659089,1482018,1605473,965350,124183,5163576,696774,726561,503072,555603,1552763,2571616,6524
1907467,1778632,2355734,1812415,458273,5910782,499215,525577,446777,565738,1550128,3176796,7170
1547896,1802990,2077113,1584315,338296,5910808,691198,712156,535897,524856,799940,920163,4953
1281133,1520609,1973057,1770310,336760,5610872,702671,961752,582924,637764,1929236,1675095,4888
1609828,1489452,1606930,995965,122719,5109811,724034,757547,510961,562114,1497389,2341201,6194
1657395,1687497,2061834,1576558,342290,5044862,258583,272314,451639,558127,1540214,2571601,6493
1546688,1914214,2341007,1778725,432674,6391223,914747,962591,556691,538335,778275,1590994,5554
830397,1292762,1546058,1235726,337243,5887131,693179,718629,545831,584435,1481755,1517819,2426
1522505,1566715,1568858,1103434,109386,5225197,492897,692294,571023,612887,1571214,2401715,5437
1490947,1666131,1894664,1483297,331749,5039274,238048,248599,473810,581321,1500567,2276439,5408
1536131,1717223,1936127,1500480,332971,5572621,671020,691052,463153,433332,725910,1547046,5686
839650,1525641,1916573,1485646,318429,5717215,665178,707107,551325,600287,1151427,775490,2592
1513907,1520892,1538356,1223421,222715,5561277,695906,967194,601711,650424,1848517,2964658,5632
1588603,1768995,2028665,1577177,336399,5218251,462399,261284,502830,537059,1570813,2468623,6305
1546840,1753927,2013547,1558848,337417,5717905,718892,756124,498236,478851,796729,1660168,5225
912490,1546800,2057875,1602723,349375,5876547,723470,751179,548465,590496,1167745,848450,2974
1262925,1361611,1241607,1030408,229893,5757495,693703,726274,551797,595304,1573106,2514326,4864
2148746,2075837,2765017,2093599,454501,5860987,723255,518672,565036,608496,2318179,3873522,8268
1639373,1776209,2095002,1618393,345015,5956106,708648,729551,495776,533739,807250,1660806,4911
1268602,1715887,2028737,1560986,338580,5809010,908752,963723,610546,665515,1583789,1656775,4489
1282006,1438587,1564695,1002057,238046,5307416,723661,754102,542474,586832,1526588,2355338,4772
1628064,1648734,1987646,1532438,221263,4352147,266803,505792,505478,558423,1502686,2448863,6340
1908560,1784073,2359853,1772048,446777,6191879,947904,757064,450937,496137,1159086,2454388,5931
966951,1496885,1652958,1601366,350747,5874347,723234,751394,523866,579290,1139731,880842,3189
1280148,1482135,1627732,1000442,228008,5086907,687266,716476,507370,561351,1560182,2533524,4945
1620108,1597519,1972131,1531613,238054,5264349,274228,516330,467884,575885,1528161,2399509,6210
1669680,1632085,2039264,1573718,351515,5744671,715531,511586,434097,420505,1139769,1725577,6431
1348857,1708453,1998913,1793472,428656,6420070,900680,955253,606400,666814,1287342,914093,3367
1301414,1414142,1585688,989967,239372,5119615,729974,762366,505743,551677,1500045,2344839,4641
1662768,1683151,2058551,1581186,236417,5139657,270878,507198,445205,558304,1535371,2516253,6478
1591985,1658224,1995873,1543377,334389,5803715,711804,521577,456784,431826,1149110,1629591,6218
1290044,1428899,2025061,1554906,351063,5702314,726664,751995,503521,547678,1121776,875294,3254
1327567,1282800,1236146,1290575,232177,5624849,696048,726585,508421,565164,1563637,1727010,4984
1892603,1836525,2352521,1534779,284343,5130862,501802,626180,524839,638220,1876676,3087644,7199
1662881,1640399,2033990,1562361,351473,5771934,710163,505699,453357,428947,1162035,1694978,6367
1321343,1465399,2011184,1526427,337149,5635885,708683,752161,507566,564655,1161322,927935,3227
1586886,1227402,1208169,1281339,233131,6659156,929398,972599,594693,647694,1869938,2277136,5885
1693907,1629223,2041269,1267733,234941,4437383,482959,504945,494161,547608,1518307,2516522,6365
1949071,1805976,2398779,1808867,451001,6457419,730569,768500,450237,485488,1151414,2503174,7627
1124244,1386560,2033060,1570466,350568,5829447,723822,750879,499787,551077,1129963,869691,3214
1329566,1268067,1221766,1277776,231300,5682952,695351,728194,498614,555123,1555564,1721537,4888
1616487,1600490,1979981,1265793,235306,4489753,498774,519710,516029,569848,1527199,2398664,5869
1699102,1589312,2018426,1567275,353990,5862956,496022,513163,372257,474816,1137166,2467685,6291
1365056,1562711,2306603,1728180,424466,6250877,887074,941132,549807,547352,1134983,892656,4809
1317299,1216779,1170149,952136,235938,5828313,725338,759783,474897,525255,1467056,2331966,4773
1650698,1709671,2072106,1472574,234219,4497835,291529,502415,513693,572114,1547614,2540974,6574
1612594,1594871,1985569,1534198,337504,5668838,491916,519072,396670,505514,1188888,2479161,6140
1308627,1626635,2042793,1546167,349719,5778115,728259,755744,501893,492851,779264,899122,4818
1288565,1216496,1596589,1263591,341512,6316880,911440,954291,550326,621353,1944470,2537661,4465
1345321,1652852,2053724,1559432,343551,5706368,693585,726618,508736,570981,793884,908198,3468
989838,1257211,1237210,1274135,340399,5702545,725914,756756,525857,574963,1588629,1681159,3259
1648349,1574344,2011618,1315329,125595,4939643,502136,752700,515104,571030,1516094,2440169,6278
1678752,1715120,2057521,1593176,326919,5444410,489563,289156,466437,524962,1563593,2475627,6513
1854165,1749756,2361294,1796648,458070,6545358,950011,992133,486501,524925,776278,2280941,5502
981622,1443222,1634202,1573998,460626,6611001,924909,951297,564081,619164,1515670,1643552,3238
1654084,1670012,2009429,1279897,126046,4526523,490991,751895,512748,581172,1560310,2508236,6215
1627867,1621280,2041937,1582267,350356,5960427,496793,282373,403720,499488,1513320,2334114,6163
1698945,1709761,2095405,1585958,344517,5978979,697655,728382,507596,501942,772664,914324,5126
1217674,1470657,2013942,1582684,332846,5917602,694714,728025,539364,588294,1186764,889408,3203
1640076,1538841,1691378,1344129,240006,5994421,941943,966597,579863,649706,1892421,2430418,6016
1644857,1708755,2035811,1571102,332867,5330353,269688,279438,466577,593043,1573230,2506637,6270
1615304,1645472,2038849,1583705,352225,6020295,727984,758293,471092,433164,771307,1613757,5917
1012905,1486366,2081524,1609857,349536,6038491,700872,724760,523240,575611,1166590,892767,3408
1310335,1329820,1282369,1059615,230220,5843316,722910,768185,546734,601458,1618977,2535941,4716
1972642,1818221,2429007,1663932,349729,5367951,369734,484480,526411,628286,1834252,3051707,7457
1650609,1683847,2062924,1566142,338345,5845736,694545,727423,466373,453328,795346,1706731,6459
1000166,1474536,2024516,1567289,345976,6021179,727344,759864,538830,595655,1173794,870317,2990
1660811,1524719,1665293,1325244,350898,6644768,942794,969302,587240,568815,1525079,2435300,6053
1666646,1677795,2053621,1565721,234269,4755017,276784,517588,514447,569753,1584697,2573848,6557
1909081,1887571,2446544,1892421,456236,6762034,726569,522066,417102,529515,1520089,3048129,7489
1339727,1662014,2424014,1830707,443773,6486980,886442,917686,566922,569461,1171256,876619,4394
1284420,1311763,1260266,1041904,230971,6039673,719239,760272,541094,600869,1597772,2476122,4579
1658586,1690515,2083872,1599087,238231,4648807,271214,518396,524494,578625,1508791,2379082,6110
1700483,1688539,2083999,1588171,340766,5950038,698113,503641,402954,445910,1181852,2544959,6510
1344708,1710129,2067590,1605592,346907,6108968,726554,756744,560401,598063,794357,897385,3255
1428237,1238681,1522893,1295954,348342,6208495,917572,947723,549290,608062,1851788,2446492,5173
1741083,1592841,1969131,1516264,221829,4605235,268401,501543,506881,561253,1517067,2466772,6382
1678659,1599276,1970829,1512311,347594,5818185,719897,519561,381408,430412,1117367,2349084,6182
1398934,1610966,2024354,1560764,339362,5832934,684250,709909,506798,549103,784252,887250,3340
1046955,1220061,1210160,1253778,327115,5725436,697966,740296,519139,569735,1539808,1635555,3059
2028424,1777027,2388163,1501498,236532,5133545,497941,745238,500660,610883,1811493,3100789,7406
1750533,1676748,2030325,1528183,335003,5755083,689455,507948,423206,426932,1147782,1773594,6569
1349310,1593605,1943398,1512986,327318,5824007,688859,717056,510548,556559,807606,865483,3047
1032665,1269309,1228042,1285443,347866,5760115,709257,730945,492935,549942,1478078,1628557,3320
1723109,1662077,2004291,1231364,124899,4438008,487233,735491,506037,568647,1529762,2521217,6437
2009752,1756127,2373306,1802113,454446,6680806,706117,527408,459724,494867,1469339,2296765,7456
1722920,1599302,2416433,1814118,448916,6451766,695895,722298,493586,610474,1490951,1637443,4826
1332175,1240991,1211916,1242280,232052,5700616,708187,747251,491720,546884,1515081,1647252,4548
1698326,1652132,2021264,1268005,165720,4703816,496201,635401,504960,558176,1446285,2307885,6225
1758479,1587089,2004927,1515615,331590,5698865,472506,276979,386730,486278,1530109,2506954,6519
1672697,1587999,1971245,1533370,340044,5769529,710448,745602,520457,507000,771921,897434,4613
1391729,1286798,1598182,1506032,339331,6380347,914194,942794,530614,594775,1794815,1659171,4785
1736963,1553797,1982798,1263984,232252,4525810,476445,502469,503456,546355,1550164,2548708,6305
1672633,1597342,1973580,1533964,347868,5890484,501546,521350,392410,483102,1108881,2298966,5769
1567129,1611085,1965992,1509313,325756,5739718,657532,680142,488585,483778,745756,869481,4993
1039032,1260591,1618121,1534488,337995,5851142,717427,755883,524595,572046,1573864,883255,3236
2043538,1612510,2023649,1280629,238071,5074274,707918,736814,554272,606667,1810623,3071008,7402
1717712,1628340,2010075,1523309,336691,5112812,486679,285207,465833,500130,1567954,2544063,6096
1690279,1613664,1984810,1546031,346438,5935133,719746,751981,458220,504106,777405,1589873,4551
1015845,1461938,1623051,1545099,346088,5786317,699218,718821,494866,552609,1102708,872512,3197
1379572,1285698,1447584,1003034,230255,5620962,707659,749184,516557,567978,1566936,2507143,4849
2058180,1769288,2432553,1851928,345434,5245099,492489,529660,514844,557402,1842326,3091654,7698
1751029,1661157,2027153,1536468,339305,5678874,689996,720734,448472,494245,750218,1711042,4874
1331209,1669288,1981869,1796624,342599,5805109,726468,971477,592594,647469,1521879,1557760,4260
1388398,1401960,1613517,973322,236504,5134772,721559,740082,497634,546049,1487337,2421820,4735
1733273,1601416,1974427,1508943,229554,5089724,265787,492498,430315,556630,1540789,2543921,6404
1657300,1710302,2045240,1590184,348346,5934006,724764,521557,444454,464562,1162922,1728893,5839
1341621,1689557,2060214,1876797,462156,6605303,927908,957094,597519,648200,1182930,868760,3096
1333125,1535062,1643499,1025341,231307,5241373,714079,756117,533504,592371,1583819,2528752,4565
1667428,1778146,2100103,1635609,237951,5422926,269473,524181,484007,603948,1542826,2371981,6151
1674199,1717883,2074075,1595354,338717,5871662,685631,503743,484458,474175,1192491,1684072,6331
1367697,1648667,2089016,1619250,345729,6200133,730483,760757,596205,634004,1249450,904512,3191
1644980,1715540,1741676,1387674,247401,6143387,952912,979423,624143,687311,1937668,2424328,5939
1743930,1840436,2079310,1609655,246200,5420825,271745,450170,534953,645189,1597891,2460588,6469
1660447,1799077,2086080,1640093,349605,6146297,727451,523396,511833,491263,1229971,1632109,5923
1434456,1767305,2160837,1668571,353072,6111213,713840,734764,576071,640018,1241216,899787,3183
1365029,1415863,1255775,1325966,226881,5939360,702775,743937,560232,619059,1623101,1722797,4787
2013387,2068897,2554745,1680645,358560,5570111,504337,526960,595534,698209,1963197,3123535,7603
1773100,1676063,2100304,1589445,348371,6061911,705181,731073,473023,445958,802621,1756033,6707
1537471,1668204,2359654,1806351,323448,5965148,690513,941924,598526,665369,1551462,1585195,4519
1336017,1379912,1291971,1368181,238356,6094652,727589,746611,563168,608080,1535876,1632244,4571
1718348,1727519,2067234,1314315,229575,4797804,483006,508842,546890,596051,1599825,2556955,6493
1927384,1856112,2409039,1845407,457869,6743443,725946,758356,451559,521612,1150603,2346144,7411
1052351,1584467,2118942,1624532,355125,5942287,716980,740890,547490,599163,1166943,880240,3168
1338403,1314158,1241277,1053383,230919,5945852,712468,752470,555765,603084,1604796,2510180,4465
1654803,1705941,2060733,1419390,238034,4652149,360028,493776,546897,594310,1506023,2301890,6312
1682356,1810789,2144255,1647392,351215,6156370,486901,508368,437515,543840,1220331,2567373,6485
1330840,1741496,2046863,1588040,343267,5925172,724660,756985,545722,538932,785638,883263,4634
1385973,1390685,1698266,1351861,352055,6860179,954740,977597,612985,661212,1904035,2427706,4773
1726339,1743283,2079411,1591278,229003,4700283,266386,506760,544681,596930,1603871,2571678,6614
1642115,1728246,2037822,1582003,349428,5929295,722933,515853,425782,463295,1167604,2384538,5905
1344326,1804989,2113628,1629377,350013,5885700,706158,730043,548165,543191,813304,892596,4243
1000153,1339196,1635362,1297890,335282,5925734,709768,753816,555684,593144,1597634,1701617,3033
1994810,1762991,2085825,1616911,236617,5376319,500041,750361,607756,672768,1902573,3069473,7487
1720970,1758295,2082177,1591808,343745,5916618,699783,507729,424156,461639,1170662,2532986,6221
1339295,1686248,2079142,1615786,346040,6168563,733321,761835,542520,594195,798749,901518,3391
1344741,1553076,1685673,1354220,351530,6162912,941991,966139,612431,667488,1881822,2353091,4503
1710247,1601964,1959990,1314220,122687,5119463,482384,737081,548690,597076,1593035,2546924,6464
1928967,1880118,2413435,1845001,462629,6034102,727534,522524,463768,519869,1521153,3112125,7266
1403322,1740687,2055916,1577669,351823,5876204,709341,729385,514173,573283,752073,879233,3075
1021259,1302544,1206379,1245661,328852,5721401,690897,729164,498823,542822,1506248,1669101,3061
1705335,1583444,1986843,1264047,123887,4590962,487773,749908,492371,539576,1456023,2337142,6157
1764759,1652243,2064278,1558567,339583,5841826,475189,285034,384047,492247,1543448,2574417,6942
1689382,1748359,2299989,1740603,424469,6434950,896360,935912,534904,543744,804764,933065,4647
1684504,1666182,2005723,1272439,124794,4530906,497442,757909,503811,565599,1510723,2363389,5807
1722754,1632333,1997842,1529718,341080,5783262,477323,280811,382343,477131,1466097,2423375,6240
1679813,1608553,1968101,1526337,328803,5880323,695807,734531,516337,499263,778407,873780,4731
1049562,1252738,1633010,1564013,346973,5994199,716860,746654,517352,559780,1476425,896768,3242
1725409,1492806,1632256,979457,123783,5127456,696099,725788,504673,562744,1528183,2544926,6331
1971238,1761105,2299706,1729744,430694,5716763,456618,364131,434704,536209,1728899,3069826,7140
1698101,1649166,2027348,1557363,345721,5955868,712881,733917,498229,489828,767178,869464,4663
1033783,1457268,1990984,1502216,333966,5861551,701294,742363,500760,563782,1142748,903681,3173
1658251,1429478,1609305,1288809,233462,5971414,707930,964540,593630,639583,1850796,2959329,5994
1777436,1730586,2034679,1556738,236919,4623455,271286,500591,515799,566548,1512926,2525502,6520
2015824,1758855,2332148,1768351,437369,6496581,927142,745500,448516,484596,1119364,2396515,6184
1014601,1419907,1787491,1522904,337916,5911415,695876,721987,490492,536943,1082812,869743,2945
1375588,1225705,1205499,990264,227423,5756378,689955,723199,497873,551297,1529853,2507981,4856
1641795,1606563,1955372,1505971,235497,4556136,270349,516562,492684,552836,1507424,2376408,5636
1747851,1664287,2035659,1552688,344106,5918094,695109,496919,372782,411787,1109780,2432809,6512
1373824,1612713,1991907,1743269,432061,6409844,897240,951406,560199,612473,1113122,926662,3251
1321744,1480983,1598741,975832,233635,5197136,717728,749335,518385,561491,1465589,2299260,4473
1723646,1626346,2027688,1553096,230903,4677107,265960,502337,488367,542718,1490677,2493901,6326
1712029,1567378,1974149,1510649,334690,5755986,708065,508810,385013,424146,1160169,2448813,6138
1346406,1622898,2016360,1553667,349674,5841650,727516,757296,488358,541964,754901,895183,3267
1034420,1280459,1189950,1221603,329035,5789880,677685,710236,476195,541822,1489784,1700790,3309
1952799,1806620,2332901,1536642,229285,5200605,487680,738900,506593,619254,1861799,3075994,7163
1703976,1615298,1968064,1502840,346529,5680502,477441,494127,381220,468839,1111932,2448777,6104
1776955,1798737,2356669,1536731,333395,5873857,928055,984537,575461,560584,1177172,1664092,5810
1057114,1247269,1616376,1524296,345222,5888062,714471,744767,486621,537196,1426062,924527,3153
2040319,1677852,2009777,987135,124199,5154142,892622,932252,544515,610172,1867581,3242277,7468
1983007,1768470,2352764,1776943,447242,5867400,489401,511422,443910,554735,1523392,3167640,7318
1375096,1638062,2024864,1556534,338633,6016565,694891,715388,511596,495393,758258,878931,4803
1048678,1269901,1594100,1258737,332262,5853850,689517,731119,500460,556386,1520932,1714359,3098
1654505,1461144,1599581,1215288,124961,5187513,509880,759425,503101,560684,1508131,2380915,5990
1697714,1696649,2023182,1567882,337035,5223123,297650,276210,456915,562173,1487786,2398050,6127
1721123,1750606,2342663,1776187,436837,6369167,915115,974788,505255,487523,765185,1649647,6239
1053807,1256528,1608137,1271295,343177,5950118,710158,737613,487529,536236,1425814,1573974,3166
1703805,1467220,1631948,1263687,123826,5216908,466650,707280,501504,553684,1524647,2485795,6336
1727240,1670422,1996175,1534231,334995,5246602,488727,282011,458500,509051,1528020,2399761,6128
1715679,1679918,2027931,1561205,341076,5952475,701099,721115,447020,499037,770969,1622720,4728
996720,1444923,1820473,1467366,424369,6308917,873214,927517,541859,602999,1449331,1710858,2991
1365618,1513609,1635822,1011019,231553,5275624,717402,750955,501241,549518,1463329,2305452,4470
1758352,1653863,1992427,1526381,229794,5174171,270005,497465,443895,539231,1482433,2459960,6465
1636742,1618485,1957277,1510963,326898,5886247,696443,511021,440106,417424,1143710,1624155,6215
1353971,1493331,2049794,1586879,352325,5940385,725822,749905,512307,554820,1124378,884581,3234
1418675,1280819,1224758,1256856,233315,5859133,695978,726531,490731,548131,1518594,1713010,5111
1913450,1844632,2353716,1541954,384139,6127659,714899,860541,593020,725153,2255846,3739292,6782
1672412,1741073,2081534,1601570,351247,6018375,713801,507981,455384,443389,1141151,1657120,6264
1324056,1540648,2028259,1545779,337425,5915992,707796,749515,532304,585958,1161000,872818,2981
1325672,1310864,1252444,1326004,238004,6240264,726357,758598,534471,579081,1512342,1590608,4529
1681922,1768632,2100812,1326540,234428,4693702,482012,505932,530370,589725,1547536,2518688,6324
1924035,1862109,2402528,1819673,447724,6728344,722690,756283,459341,495579,1159402,2450117,7351
1176933,1506843,2125543,1642604,351925,6088450,724060,754056,541964,583929,1166375,925809,3360
1353462,1323238,1235154,1298682,232341,6109008,699185,732658,530406,581014,1579679,1734459,5059
1603268,1689349,2020123,1306767,236191,4800862,498637,521019,533302,584796,1534930,2389230,5825
1659884,1734199,2100763,1625289,350690,6113848,487737,502829,407512,515447,1153182,2462694,6357
1330245,1714090,2444610,1838695,439965,6706695,914933,970329,596171,586041,1190700,899591,4742
1318473,1330401,1227497,998230,236131,5935857,727445,760705,501759,552919,1497398,2340911,4637
1677185,1688626,2073227,1514667,234030,4621712,286881,505732,517395,571216,1558167,2548577,6324
1603269,1707403,2003436,1536516,333711,5924752,503161,520616,410829,513149,1180252,2428797,5971
1311092,1683012,2055007,1579612,351287,6135046,727469,753234,516359,511084,774144,882230,4428
1326841,1312552,1657491,1306536,342799,6747327,908781,951622,598518,659172,1978082,2528244,4742
1352646,1499392,1643569,1307435,339504,6706228,929561,965300,566377,622098,1493911,2391957,4398
1754048,1737284,2087572,1580914,234209,4628972,271255,496634,520521,570113,1571107,2564307,6612
1660512,1592890,1968524,1490493,339679,5739159,704116,518924,369540,425694,1098448,2396463,6140
1314926,1662914,1951090,1506238,327771,5842628,668698,689628,481468,489096,751655,893725,4417
1007625,1282444,1594688,1240172,337579,5751837,705068,746199,490039,550026,1535601,1698232,3010
1978102,1619747,1957377,1519826,223685,5171373,488125,736563,559425,603109,1775561,2939917,7342
1764068,1623075,2008820,1543306,341404,5820397,684069,487429,378362,418382,1124355,2456795,6490
1359470,1655966,1992670,1534691,336347,5856519,708137,747302,499040,555753,769308,911141,3285
1053877,1264160,1215094,1255276,336393,5871817,697024,723714,475160,526754,1415717,1616411,3343
1696499,1396263,1676863,1207641,122412,4868416,444802,679664,467000,516262,1446645,2412014,6531
1921015,1814536,2350541,1774280,450590,5711351,714014,519684,433610,477309,1494350,3136589,7177
1363290,1673809,1982044,1517621,336653,5837783,688860,710119,482101,541876,746269,892013,3096
995059,1264281,1181763,1226035,322825,5734013,677815,717149,478456,529745,1472039,1642255,2934
1655405,1591404,1969952,1249419,124772,4605096,489467,749532,497226,544407,1481777,2298213,5876
1714241,1654826,2022025,1561503,344386,5784125,484159,278916,380055,479028,1495428,2476816,6391
1940806,1946040,2627903,1963396,520811,6912320,1101733,1166785,542060,541410,730605,1144486,6001
1057522,1287057,1231825,1259215,343946,5835514,714530,742505,475220,524714,1420391,1619111,3326
2045644,1848219,2418091,1517945,225356,5090871,678690,931484,570408,622823,1545471,2526304,6368
1629057,1602277,1972075,1520405,341839,5808238,499174,283861,370950,476490,1494132,2366183,5896
1692999,1661696,2016627,1553662,346455,5862078,706205,727960,483291,475984,738357,868065,4639
989479,1319721,1619060,1531330,336588,5879923,703667,744338,515411,567796,1561176,890572,3114
1797053,1704633,2033524,1294597,146459,5312741,726569,995221,582559,639882,1904322,3101420,6553
1669079,1769556,2079273,1595075,348700,5855516,483583,279295,404120,513549,1535898,2513370,6258
1650100,1708352,2043218,1581354,339432,5888229,715102,760931,538370,525247,805795,917839,4804
1014099,1337870,1651626,1581895,343930,6113140,711449,735282,524641,571113,1478859,888034,3183
1682803,1567460,1660463,1020680,123443,5207016,698095,727002,502493,561937,1549204,2548862,6353
1949864,1943797,2431434,1859259,458553,6187717,499940,499786,490153,588959,1646463,3187691,7427
1654258,1798930,2088519,1617783,351347,6142359,714371,732914,540448,521448,799544,902551,4831
958865,1343372,1613620,1532874,336111,5842518,698884,741798,520177,581053,1560760,899641,3123
1647265,1529434,1655166,1023866,124171,5361411,727284,762267,543588,589449,1544502,2368698,6147
1665457,1784617,2062283,1583300,343402,5331775,267454,282494,460760,578382,1538132,2504130,6526
1623686,1937502,2408219,1820013,444092,6568926,941680,994092,535951,521011,811818,1680302,6046
988951,1393856,1650444,1353289,350305,5975892,726680,755336,523317,571737,1502702,1568800,3142
1320161,1392745,1286697,1023929,232096,5992832,677630,713877,526206,576732,1535097,2469197,5063
1888302,1945316,2436210,1871800,342999,5511813,484772,743525,579841,574901,1522984,2426807,7317
1639606,1731316,2086620,1602300,350827,5944706,705049,502083,417526,440805,1166718,2490621,6464
1292938,1779202,2045930,1827339,435450,6529301,915965,971553,609021,669748,1183147,892835,2979
1218183,1534711,1568585,978459,229338,5240291,705396,734314,535792,576316,1484592,2311167,3903
1549904,1844359,2001231,1532066,221841,4987487,242442,474352,515844,614841,1551604,2440936,5641
1450036,1733718,1884675,1477678,310153,5763014,655153,449758,439425,469652,1154455,1963489,5208
1212018,1747487,1976756,1517864,336207,5720019,691791,713392,522578,561493,741059,802414,2762
874528,1408281,1123285,1206796,320040,5599669,658049,696289,544936,589063,1527718,1581805,2647
1763029,1919559,2278800,1474478,219501,4928486,454737,693390,543603,656238,1844177,2945956,6680
1542885,1800080,1968240,1523367,334279,5679470,668685,461352,496965,469059,1131254,1562283,5855
1216004,1612551,1947687,1522399,323434,5787504,676886,719560,554685,601637,1168551,796935,2750
1045450,1368988,1229021,1331648,275347,6056134,696789,727922,559766,605119,1500409,1492093,3400
1633179,1805480,2089762,1312169,124024,4651576,483467,728421,540121,589357,1555698,2564340,6607
1883388,1871078,2406943,1830483,448991,6640103,721388,512393,481959,515883,1574989,2449963,7653
1295374,1633387,2092454,1608268,347666,6012777,717903,735357,536775,580665,1139886,884923,3277
1337378,1360316,1253402,1292008,227675,5870302,689609,727196,545501,589923,1602764,1751158,5059
1843170,1941273,2412296,1563242,340601,5395322,710377,741120,549429,602820,1553624,3073795,7031
1675463,1836487,2132477,1651006,351713,6186583,490929,470751,435363,543454,1309320,2471999,6426
1653063,1768554,2427551,1836552,443892,6524073,931520,985739,595047,592022,1188377,887792,4649
1276050,1332199,1210705,1287768,237731,5851982,722154,756188,506898,562897,1503800,1604035,4422
1677436,1834018,2088986,1306014,234479,4579420,483409,505125,534627,586061,1553459,2580829,6725
1601284,1698093,1993898,1540041,334875,5890641,496584,520671,393330,506882,1168507,2437569,6240
1304555,1808360,2104364,1517826,337341,5848077,700141,722284,513208,501577,787588,927526,4817
1003920,1307435,1623632,1333720,322100,5887035,669844,709656,531497,577502,1596646,1582499,3393
1876046,1628360,1913786,1249264,233406,5047567,693289,729095,538036,604981,1812741,2991688,6882
1710356,1616500,2018286,1541508,347201,5751254,479407,494086,371299,470127,1120246,2466889,6555
1340166,1570956,1940348,1482106,332459,5627584,700686,741944,483891,460094,739882,854823,4536
984088,1321064,1602246,1288174,346596,6066090,717232,747827,508552,566677,1499126,1606228,3196
1683494,1511625,1645294,1282975,123847,5104165,482687,727577,505096,555070,1531857,2539845,6503
1914033,1861326,2385188,1779079,449584,5792488,712485,521274,430914,511591,1535964,3226187,7398
1302333,1694653,2011647,1556084,337437,5981011,698288,714334,514966,497438,772918,887596,4362
1350513,1490236,2033782,1552801,443657,5927587,698270,736482,578359,638595,1958185,2547492,4945
1645380,1495401,1665905,1309153,127579,5373736,501289,769689,512614,568865,1536018,2438619,6238
2028771,1956027,2475470,1884490,451329,6034735,696554,283135,452898,501691,1854460,3194369,7991
1605893,1885304,2396777,1806180,442998,6422959,926980,983088,500147,557037,774914,1706869,4716
962592,1305276,1198697,1270783,349718,5861762,722168,754234,482890,533856,1474124,1621311,3293
1603126,1520569,1701963,1270094,123028,5054170,453672,698525,508143,565772,1513292,2458165,6381
1584941,1702475,1985325,1525117,340164,5174702,496091,280157,461999,501901,1555988,2444221,6059
1614209,1743040,2051801,1570069,349852,5884366,725753,747802,449895,495690,757442,1630052,4619
976042,1528073,1636867,1560547,438628,6515649,904186,958727,580476,635392,1574209,1745509,3566
1629435,1645107,2009708,1274969,126583,4488417,501120,758229,491779,554865,1506580,2394569,6126
1643694,1723445,2033380,1563557,349341,5825707,487010,278776,389605,490128,1506655,2476392,6247
1683158,1645208,1988223,1526771,337060,5823986,710501,751970,425477,476309,773162,1174191,4915
999142,1556910,1643227,1602647,350193,6131808,728152,760778,544072,598439,1176794,903049,3327
1333908,1539996,1644977,1000202,234950,5221679,698983,730233,510022,559990,1543812,2558376,4963
1876926,1840941,2370507,1784004,341749,5777830,499321,521410,431474,549631,1927798,3200034,7210
1665566,1743360,2080401,1609838,351914,5937055,728141,747822,501476,491985,761808,866719,4745
993215,1261939,1630493,1545994,336934,5943991,699003,736757,494590,552773,1546587,913705,3552
1472871,1503260,1625455,1009094,146429,5234034,724986,756172,496790,560570,1507937,2407131,5176
1669576,1676705,2052192,1577174,240348,5103557,270132,505564,428912,542230,1508552,2512633,6628
2191085,1951669,2681059,1965186,541310,6751984,1136935,751939,507086,500269,1460322,2431924,7332
948764,1279234,1585278,1550037,346485,5920701,715194,745014,496925,543504,1480022,864202,3004
1643969,1514288,1649358,993722,124060,5186182,696177,729088,500176,551443,1530353,2569072,6538
1589330,1685642,2027461,1548548,340241,5204138,268696,283444,449618,563862,1551107,2449736,6249
1635299,1671297,2049233,1565953,350856,5935999,728254,728529,437901,407256,813948,1661968,6076
1299168,1647426,2395511,1799843,438949,6443817,915640,972678,559111,557027,1177944,888663,4462
1320767,1299716,1215990,984497,237738,6024446,732386,767236,506889,552371,1505695,2371863,4916
1634275,1710628,2036348,1568418,231201,4457536,269924,506397,497003,551701,1515467,2491076,6296
1602038,1603375,1977898,1517851,337677,5663636,716331,519269,380513,415390,1154853,2457058,5851
1300196,1710799,2055330,1571801,350344,5822625,725148,756010,496239,547417,754665,882626,3256
1023054,1276015,1250850,1256926,339922,5756862,701053,729804,490749,542704,1555869,1748660,3472
1835070,1662051,1997226,1529274,234289,5060431,469373,728449,555999,617180,1856960,3058005,7144
1673217,1685909,2034367,1544292,350741,5784510,714645,508449,389562,430795,1129313,2461156,6334
1260067,1714957,1973414,1508520,331685,5715971,695358,736627,508638,562930,761163,864517,2909
955323,1241131,1162524,1233963,351368,5796454,728086,760560,480719,538333,1480269,1597066,3059
1693843,1644764,2059234,1301594,126111,4435705,485546,730886,496499,553290,1538132,2543978,6553
2181829,2019944,2709470,2035477,534606,6266660,695404,493299,457865,563054,1938032,3775492,8483
1254598,1678939,2036505,1553026,351386,5847628,726594,754177,495374,550712,756695,880112,3157
1037585,1404876,1268024,1328966,342684,6037886,700348,728395,544434,596447,1610382,1760239,3553
1554133,1712527,1975110,1250325,123994,4411421,496963,736158,521115,580459,1507663,2359013,6037
1589233,1707622,2045812,1553357,350070,5027547,267173,279552,445466,560083,1531151,2516020,6313
1589571,1831972,2337352,1761375,441193,6194542,934775,993745,498620,484416,751324,1666401,5859
964766,1307230,1619791,1452323,338052,5960738,703644,735285,507371,560639,1458157,1279016,3137
1636083,1508380,1626416,982937,125632,5135029,702758,734199,504584,566221,1545230,2557395,6469
1608002,1661819,2003294,1539595,342120,5102535,268033,280671,466725,579624,1571994,2454433,6131
1653956,1739547,2068972,1584648,349710,5923534,724432,749368,462485,439175,782194,1678227,6549
947994,1546823,2012300,1533345,441653,6390180,911532,966104,584081,647271,1556223,1737634,3107
1537824,1553135,1645000,1317218,117633,5238893,482516,740879,578677,614346,1547607,2356979,5513
1529685,1809016,2014907,1554708,338009,5020885,425254,245030,496059,593017,1522949,2391169,5571
1469135,1703047,1900875,1485073,321513,5565577,678686,719698,476902,443661,738625,1542823,5499
839486,1617030,1960788,1547699,334140,5825709,687125,716349,571025,608858,1130142,737056,2387
1183580,1372416,1140952,1225058,327099,6083504,871721,910344,616511,674637,1945623,2378925,4317
1794177,1901300,2298881,1735615,316316,4946251,459518,484276,554550,605861,1920624,3063546,6994
1894486,2055322,2421516,1858660,337528,5903306,686489,921589,602643,647039,1191654,2239336,5177
868003,1647344,1699409,1544464,324922,5786703,672093,711920,576115,622453,1201696,804829,2691
965503,1578949,1290378,1376199,337439,6014386,708652,741077,626887,662879,1612872,1557965,3225
1645927,1910790,2112959,1349571,123002,4662227,484189,730241,590100,630770,1621244,2544348,6551
1888067,1970894,2437936,1864660,446639,6572860,721074,519201,518739,563966,1652895,2470952,7498
1276504,1686109,2085982,1617110,341233,5977611,707143,733495,580356,620583,1200745,902360,3334
1311739,1447791,1269857,1333331,232275,5840443,698801,731839,571777,619101,1658474,1739527,4965
1599377,1884306,2059967,1333111,231449,4623198,498874,526066,599762,644667,1635698,2430014,5840
1636700,1826943,2073486,1609798,335935,5896819,462090,322151,452457,559273,1499969,2390867,6338
1652781,1885704,2466813,1859295,445334,6592878,929464,985672,645180,623442,1245984,911798,4428
1343289,1482447,1300674,1373512,240135,6188195,727928,758504,584067,632622,1592992,1640203,4784
1711123,1716698,2059495,1294965,235102,4424715,470739,494849,513565,566960,1548438,2523840,6644
1613233,1696157,2017763,1544609,337760,5596298,493023,522133,400119,510797,1188558,2491339,6226
1303971,1651494,2006774,1529086,349334,5661993,729069,756465,504913,497538,784627,888823,4796
1295005,1307776,1616350,1457590,325913,6260415,884983,925708,578097,639434,1928044,1983693,4610
1576828,1650011,1988910,1260783,236011,4411167,503101,527632,515952,571574,1535517,2408410,6088
2025375,1652751,2061513,1577484,352088,6369715,693520,714775,446442,546528,1469284,3159890,7718
1323788,1665021,2009499,1536081,336659,5827571,703135,745045,528685,502466,790523,911502,4715
968431,1257618,1601414,1268300,348961,5756247,722958,757203,510704,560086,1498940,1602750,3259
1661695,1434255,1613171,1258356,122260,4958374,486084,730511,516757,562689,1554127,2548297,6473
1956564,1736150,2330080,1761580,446755,5665343,667687,521695,424731,539994,1555226,3268480,7459
1302633,1601097,1975219,1512923,347273,5667416,718550,745805,472932,464734,744984,852657,4534
996657,1272089,1623087,1266714,341626,5740978,701025,733838,506935,566491,1557549,1717320,3220
1595372,1436424,1599480,1273956,126232,5248150,497139,757689,518357,570826,1533910,2395213,6274
1684020,1662722,2045143,1566655,350014,5020309,488516,277873,457557,505590,1516670,2457456,6272
1621292,1833573,2383297,1778711,441393,6215974,922305,979413,516281,574150,786769,1728657,4747
999291,1253826,1360446,1288868,350034,5748649,727344,760974,526411,566109,1513076,1606447,3313
1664076,1500460,1626612,1281712,124183,5186578,486508,731760,502665,557380,1549664,2537862,6453
1601070,1639434,1994101,1548143,339032,5203104,494997,282520,457869,507528,1574153,2466650,6147
1604639,1666807,2073643,1603886,350363,6067347,725441,752730,458745,506479,778468,1620867,4731
990392,1534352,1649703,1570340,442184,6508262,900727,943035,594084,653587,1574966,1707107,3359
1599678,1628475,2000440,1269803,124249,4585876,500831,759584,522955,575108,1548573,2399513,6007
1726757,1669137,2089580,1581943,350912,5537973,494903,285030,427859,498426,1522004,2513146,6662
1899109,1633845,2009342,1527211,339688,6438671,893799,947639,516183,565057,1162508,2453029,6190
1000171,1414849,1611445,1558564,351993,5832179,725500,755976,507241,556121,1132577,887602,3190
1335284,1539409,1694218,1057327,235067,5323334,696658,728774,551324,595343,1587111,2553112,4931
1923828,1827594,2382214,1798043,337837,5729994,493572,517910,452109,578681,1944330,3238008,7204
1665762,1688144,2079291,1608163,349491,5985830,724834,754059,526757,502949,793286,893894,4898
1003191,1356698,1649156,1573214,339020,5837546,696732,728561,508401,572889,1549036,906081,3276
1365371,1446835,1616333,1019029,198678,5279579,701602,734303,521513,580403,1509061,2308528,4797
1727478,1641451,2069850,1602885,239673,5306570,272256,511991,456097,569800,1532684,2480862,6513
1967235,1817784,2393919,1807907,437077,6483550,914628,739573,526405,511195,1193133,1720223,6147
977256,1294605,1634112,1580164,354722,5969144,738329,771207,527124,577898,1526927,871119,3202
1682250,1459732,1628475,1003343,122920,5093622,699255,729587,514050,568726,1544218,2526369,6488
1631622,1676565,2032568,1579389,338463,5227643,270142,283757,489706,604099,1616965,2475647,6292
1592827,1716770,2029835,1558014,337327,5874412,697343,606116,457681,433967,987279,1534650,6147
1311093,1458515,2037731,1817803,447984,6366932,913582,957225,552110,625350,1557477,868588,3062
1888787,1690969,2023414,1287315,236020,5832365,950425,992065,600235,581887,1540199,2380725,7133
1658221,1701556,2060503,1584773,350827,5247347,267355,277373,462847,576702,1527885,2456676,6181
1663632,1677715,2048137,1561210,337013,5923020,709449,753489,471854,457192,792712,1756847,6502
1032974,1473891,2063802,1617144,452640,6743783,930367,971554,597237,654899,1498075,1503878,3205
1660592,1500844,1664726,1181831,220858,5821116,884596,919946,573183,639039,1883305,2980171,6409
1604454,1649380,2012113,1490831,324378,5094473,263856,279597,459913,570438,1563241,2378226,6087
1626627,1783639,2106976,1619641,349864,5934139,724531,755369,476348,449040,789620,1646946,6252
1052815,1414841,1965356,1492056,329050,5742094,681879,714234,492309,551637,1137675,909119,3324
1330943,1214346,1169554,964025,230364,5614430,707453,739871,484087,542156,1468192,2315467,4303
1700100,1601800,1987441,1525571,235927,4517559,276208,505484,481258,538658,1463677,2383855,6143
2049654,1761765,2362236,1769407,439017,6362509,892549,739640,447878,480091,1174857,2512238,7698
1028563,1396596,1977202,1528564,345015,5717744,716629,748697,483374,530634,1109644,880780,3294
1406044,1287509,1203761,976439,230113,5579365,679996,709406,477361,536821,1470218,2477456,4903
1706492,1622362,1970958,1513085,222193,4469092,270273,512820,506261,561739,1524951,2385447,6145
1672080,1625355,2018359,1546089,346499,5967642,717188,508354,380024,427014,1125163,2347071,5928
1392298,1566129,2106957,1824965,449416,6476544,915925,959702,557822,616091,1182146,886466,3290
1365117,1252568,1247033,1017181,236726,5866934,689948,718525,510450,566149,1455007,2264089,4376
1742242,1639560,2046928,1565790,237846,4369770,268835,509077,484056,543823,1478191,2456511,6477
1708999,1587361,1970040,1525122,338495,5745451,495144,281401,384402,487831,1555243,2505064,6092
1692004,1622730,2409372,1823659,444821,6687803,912068,952528,570444,560155,1098346,922951,4779
1385708,1202787,1590859,1523815,337823,6303231,902972,943026,552718,615303,1912952,1710896,4676
1652925,1623662,1946584,1237830,226865,4374031,487096,510377,516652,574867,1495504,2366112,5892
1678467,1675536,2019906,1547115,337265,5831769,463411,328976,384132,493645,1382671,2331073,5976
1742966,1587886,1972669,1489049,326624,5706147,679634,720966,496478,497186,773483,887898,4692
1061107,1230651,1616092,1544945,345662,5947228,718499,749673,504093,550009,1511838,904126,3424
1742673,1426063,1593919,1008443,125988,5068034,680268,701403,488868,546053,1472808,2413295,6250
2003775,1741288,2331943,1752523,440979,5735248,488350,514680,432330,550313,1547868,3281727,7448
1388143,1578192,1974028,1521187,339485,5794616,704179,737237,506181,486032,778080,897379,4589
1093516,1258104,1612768,1439361,328168,5793956,672402,702442,504752,563778,1515196,1254770,3200
1647016,1406427,1575994,988439,123503,5126206,708080,740415,491492,553311,1497977,2365003,5830
1702461,1634789,2027890,1554954,347528,5270893,272199,286316,443453,555930,1470635,2377969,6230
1740931,1762280,2401933,1797908,439642,6534600,907524,960716,512192,507646,814263,1706620,6076
1047321,1251564,1585348,1261233,345837,5826819,712525,745775,507594,561142,1496398,1625810,3281
1730833,1475041,1621632,1242930,123632,4981139,476342,706237,494982,553800,1483567,2446487,6296
1681759,1613663,1954147,1510416,330138,5144678,441326,282277,442386,549607,1540382,2467580,5954
1763675,1613249,2054892,1587798,349369,6013051,719133,749224,456778,439488,803916,1662466,6162
1043616,1461647,2340556,1743535,545749,6835808,1095026,1143644,572862,648033,1829869,1723801,3242
1672357,1384575,1585953,1234451,125008,5169701,491458,739332,493416,548775,1498462,2373485,6169
1791103,1652978,2048799,1588526,342586,5231523,483595,280356,464669,512760,1486189,2399588,6484
1711423,1589528,1984224,1499146,335186,5661557,696401,738252,438646,495058,759559,1749045,4696
1039741,1451055,1696243,1501904,343510,5826469,714598,749119,509380,552138,1110375,877375,3236
1384850,1466342,1617865,1281485,334297,5784586,900841,942042,549766,626988,1911388,2512236,4879
1679860,1553387,1970710,1510665,231460,5143559,277674,519177,437436,544614,1516852,2390803,6042
1711934,1592436,2001551,1545806,347167,5757022,718505,508184,430491,421785,1141943,1638491,6155
1377245,1465793,1958994,1494823,325378,5747608,673578,706374,492193,554223,1118404,891179,3310
1343737,1282814,1203833,1224567,231484,5730622,706843,738964,494281,547753,1471805,1600609,4422
1727653,1552704,1975125,1232833,224624,4343756,492879,529444,479636,524162,1467431,2422957,6291
2021778,1792178,2321685,1765193,420357,6404411,662413,508410,462024,511923,1536043,2434023,7663
1365226,1458896,1986630,1540192,347155,5805346,718256,750348,496454,551237,1102537,857426,3159
1393058,1270758,1229513,1262301,231020,5735750,689585,721461,500891,559465,1506194,1700612,4708
2016213,1758380,2322264,1500301,228663,4467993,477882,736212,577321,628353,1912073,3140335,7311
1692342,1620144,2011512,1539046,346886,5750905,497385,511134,385239,484569,1106985,2373860,6185
1488689,1659497,2429057,1801073,443233,6355451,899308,946750,556548,560229,1183116,956931,4938
1675469,1404622,1582479,1479200,317126,6602674,894604,932111,572033,631279,1487137,1711325,4524
1766484,1600640,1981131,1273038,233184,4363942,480749,494955,494320,538876,1447288,2395839,6174
1726479,1649754,2004894,1533077,332367,5875705,487376,514310,388778,507274,1142829,2503832,6301
1716524,1630383,2008406,1534888,341890,5825509,704557,738061,428640,480518,756155,1605834,4812
1098657,1490391,1650089,1539644,440334,6358025,894543,934814,561907,617908,1529734,1717841,3490
1670123,1559304,1934139,1241241,123294,4443201,486226,735742,495834,549492,1513914,2372364,6033
1721690,1625486,1985488,1528642,331428,5323201,493272,289365,433666,486974,1415646,2277484,6307
1702477,1607185,1963777,1479502,328003,5834490,681993,721593,437107,491185,764763,1732480,4767
1047677,1419566,1610564,1557249,351102,5922905,727787,759802,522367,558678,1152226,867106,3144
1743556,1640881,2022165,1265048,232132,5201533,696003,933950,567277,626747,1863448,3251994,6353
1708954,1594460,1972182,1522565,333655,5268034,273445,284354,456611,567647,1555506,2390538,6159
1703077,1721560,2054683,1577245,351039,5898593,724890,747461,461127,445737,771544,1640023,6173
1200717,1457373,1992036,1505150,333733,5749474,687243,720486,505707,566913,1139882,892361,3192
1390333,1267873,1228587,1275868,236472,5906656,728576,760986,529846,573228,1536785,1629141,4436
1720487,1610569,2002514,1255636,233038,4533398,489809,504820,507372,561063,1493687,2418889,6028
2025117,1884225,2427414,1824175,443728,6545766,708763,751756,476519,508329,1168925,2549643,7667
1401130,1619466,2386267,1811189,448371,6625343,923002,963941,500653,546755,1132500,1540441,4538
1397843,1254131,1220807,1009312,234017,5651563,683993,716828,504537,561988,1509700,2529032,4917
1672388,1673092,2010138,1433951,229331,4613504,293141,515814,525606,598315,1567164,2443429,6090
1730862,1614233,2007769,1536551,335230,5715392,495085,504770,396908,482530,1103803,2324111,6149
1411548,1586932,2364789,1770601,433728,6389278,892080,940873,553283,544694,1158534,910845,4821
1357908,1265447,1197462,982836,231133,5910856,699095,730365,505622,562007,1470853,2288505,4344
1716596,1657023,2028142,1557873,234410,4556468,272908,511310,495573,551443,1471581,2437425,6268
1742189,1599271,1993373,1530797,331536,5896864,695721,514470,405029,436370,1159310,2450956,6326
1356060,1748044,2047512,1592292,351235,5973642,727364,758676,535005,551107,769532,887473,3571
1397336,1342233,1608009,1300415,332291,6518242,883234,924720,589874,652082,1914315,2539639,5016
1641018,1690511,2071456,1604905,233158,4762194,273188,523000,566585,620700,1631211,2449667,6172
1676872,1730647,2080448,1598265,346681,6133770,716161,504760,421810,459208,1159921,2375976,6063
1432186,1949174,2166930,1681944,340702,6317844,702828,737852,601180,660158,896235,897545,3168
1042767,1510170,1328602,1380611,350507,6243412,727517,760075,596017,644836,1591990,1634728,3021
1762123,1781331,2107925,1368228,126572,4917871,491553,732870,563458,612500,1581022,2491638,6302
1914206,1890862,2372129,1807255,431387,6002067,709923,517359,472226,519571,1553298,3224575,7225
1347215,1793085,2120644,1633899,354200,6071932,737968,774688,553687,603210,795807,914725,3390
1342952,1550552,1670493,1614864,444928,6714737,888497,721593,535723,595595,1921369,2459806,4659
1651366,1726496,2063300,1327607,124543,4741924,494974,754504,562569,616807,1605188,2457192,5964
1732819,1792034,2127318,1660305,356278,6389360,507158,281979,448121,544518,1577670,2427106,6110
1699242,1891029,2442226,1835814,430319,6627867,882408,929484,601350,595699,947106,905275,4872
996125,1375407,1248239,1304434,346971,6100201,724904,759431,539563,592027,1538882,1608333,3127
1709253,1789798,2123743,1352237,124776,4783016,492499,733837,552924,607288,1560014,2470147,6367
1680965,1727465,2093606,1623482,340982,6090427,493009,284106,439689,538285,1623840,2541606,6403
1631317,1728454,2074871,1600054,349737,6048628,725035,761359,533984,521032,797894,893738,4802
1365729,1442372,1725576,1629553,351490,6675106,920832,964142,607792,682861,1970727,1710631,4725
1620825,1632326,1989232,1282912,188624,4781684,501456,590643,523496,578361,1537065,2342053,5851
1660364,1714938,2090018,1623866,351491,6079907,497416,279539,443645,533408,1526331,2394706,5903
1723308,1751840,2074869,1588136,337858,6073805,697144,731394,537817,522792,806987,902162,4918
1017901,1371225,1661739,1608632,347768,6085002,720815,755167,548553,614770,1556148,880817,3182
2048136,1733913,2092735,1327975,236573,5246691,709680,734633,590312,646562,1905979,3270361,7794
1717999,1871232,2487996,1896899,443054,6759116,711094,752990,543581,658060,1690318,2531406,5937
1425185,1943760,2121898,1666512,352997,6221823,731458,764126,579282,558860,835014,891251,4399
1074765,1494175,1767112,1698150,347960,6279896,703425,738947,580276,643693,1640949,940930,3306
1982007,1841202,2089009,1374981,227354,6206837,915233,761571,584092,690658,1994284,3179974,7255
1720285,1926931,2182266,1699191,353636,5654956,272466,279364,529956,640119,1612598,2421869,6212
1697740,2062367,2520616,1899030,441464,6735204,903115,953209,574795,558019,840368,1760882,6642
1070087,1526865,1718542,1358334,349878,6087838,729388,761933,552640,615680,1595395,1654563,3272
1680536,1624225,1701761,1290758,125718,5491560,512337,736936,554388,608764,1560457,2465704,6273
1637942,1804930,2046134,1598247,326781,5387451,285211,285213,504728,608062,1588744,2441165,6077
1629348,1775276,2115518,1650509,355632,6264317,732213,765309,494637,476078,800954,1611612,6074
1020154,1607285,2113255,1629718,461210,6665665,919051,963977,603681,675927,1569689,1706954,3060
1634645,1513733,1667391,1336769,125245,5479650,490185,750683,542959,589669,1580578,2438743,6108
1701575,1733629,2106376,1615076,351835,5423923,498787,278340,470492,517862,1519684,2412145,6218
1738586,1846854,2113372,1619085,336517,5993269,695449,734497,512137,535979,827635,1736447,5180
1012948,1560427,1941897,1566466,332010,6068550,695076,728380,550830,609189,1137675,890853,3181
1689341,1585347,1680009,1329779,237024,6106654,723618,972050,601007,655495,1915688,3289179,6160
1654879,1734647,2059026,1544497,324585,5387250,463317,285074,492152,532440,1614105,2411753,5936
1694410,1656807,2030165,1419641,317942,5840808,659597,687040,424351,459141,715039,1489210,4765
1018378,1429250,1611450,1544880,345860,5738936,699080,730757,481171,540471,1128837,899594,3276
1676215,1659961,2001266,1281716,326342,6019794,721144,747356,521918,659531,1928473,3144941,6045
1680352,1650784,2009383,1548002,219701,4601648,270493,513341,508527,556657,1446068,2284462,6111
2057761,1823468,2365093,1757309,440417,6298333,901436,724448,429819,481051,1126341,2509909,6098
1066045,1467869,1634845,1562736,349066,5985451,724507,754669,512478,561798,1134950,877158,3055
1412752,1438534,1607278,993923,236911,5218610,700751,724499,480217,534411,1463508,2442558,4560
1731415,1577980,1936829,1495006,219922,5120595,269297,507753,438248,536914,1495166,2448298,6356
1670205,1674256,2022629,1569329,347657,5989676,720547,514119,439032,426607,1119565,1627732,6015
1420117,1701889,2088961,1867386,453701,6580649,907665,949918,550497,616506,1379425,922567,3556
1368982,1399204,1575396,1000744,227274,5208336,704963,738823,506389,550305,1524165,2405823,4750
1734280,1649762,2008577,1540929,231506,5283777,271734,517115,438936,544195,1460621,2361595,6084
1707844,1657431,2007469,1541879,333741,5935549,690996,509946,438875,426084,1144522,1694893,6389
1325699,1455681,1953512,1509863,338384,5894782,707377,738452,502838,559067,1131331,855638,3042
1736726,1464372,1619617,1288637,238283,5730513,896814,922524,554299,607129,1790592,2314681,6036
1733615,1610708,1964601,1514228,317279,5115777,270869,303634,459683,557867,1513195,2464492,6200
1682689,1670358,2040293,1578358,351647,5971077,726351,526319,455013,430824,1104176,1586612,5941
1426298,1446442,2061419,1575047,346182,5877883,699372,731522,497459,549497,1148799,890897,3438
1386666,1248384,1260464,1294699,237460,6014760,720923,749098,501046,559579,1564897,1686379,4699
2390919,2011665,2775678,1816531,442278,5283842,481684,497441,556576,683342,2111114,3716503,8953
1733793,1643432,1988044,1505607,325614,5821496,671651,705541,432925,425105,749916,1671608,6279
1123911,1482458,2006111,1564872,342963,6028912,717672,749693,531018,578635,1157780,879376,3111
1419551,1249526,1222984,1241734,224146,5918714,685141,704409,485096,541939,1462342,1754907,4862
1652062,1724270,2054356,1327809,230003,4671969,495352,524349,547011,607767,1605457,2552433,5978
1611808,1773126,2084868,1609593,351509,5429425,495030,280345,469724,511729,1506451,2388826,6158
1657541,1929736,2502550,1867186,447935,6609577,908688,948841,517771,584464,797485,1671092,4540
994102,1368615,1267777,1321474,346053,6068229,728817,759199,532794,593316,1563804,1630289,2987
1654653,1751310,2058901,1322527,124680,4917956,495977,742780,532979,589569,1534517,2442912,6279
1628736,1755623,2002907,1537421,320176,5432756,486147,282770,475715,529588,1516675,2407985,5983
1595753,1701837,2046273,1593743,351617,6052268,727780,761027,471569,508757,775786,1605461,4689
1026127,1591525,1679282,1600748,457088,6626532,912287,942531,587550,645564,1524523,1685159,3327
1610259,1717820,1994584,1284010,123993,4578836,492036,756151,522204,578050,1560919,2477596,5984
1616141,1744569,2088430,1623621,351419,6039208,499728,281867,416221,512021,1493438,2354512,5934
1992089,1947126,2486460,1847001,449599,6436590,907769,947368,525884,507575,797815,1712554,6508
998084,1548882,1648661,1579865,330231,6081602,696137,728795,540174,605553,1339699,897549,3199
1957755,1820541,2470269,1568461,241248,5588293,719171,1187153,612399,679807,2203617,3957026,7907
1704818,1624178,1973751,1503017,332993,5808438,476231,282031,382129,491860,1529794,2526641,6322
1665057,1633800,1985660,1518800,346948,5884433,719632,751648,490890,475339,745245,878166,4564
1059996,1271309,1620415,1549819,349242,5869632,703423,725932,496220,541935,1520437,883169,3081
1687362,1379558,1578863,1008136,125299,5263294,697408,737303,509880,559830,1528621,2433735,6066
2060036,1782560,2386825,1791215,431910,5764961,486129,327520,438655,536636,1771550,3057280,7416
1711548,1704594,2034871,1528793,335302,5732468,687129,717181,499387,483875,754796,901411,4809
1008004,1244902,1579312,1515664,338861,6060463,714028,746393,486933,548377,1506270,878364,3032
1710873,1464655,1627355,1009485,123987,5247392,708476,730673,493422,544127,1485287,2441756,6323
1707047,1608458,1940260,1466440,330973,5224667,270502,282783,431203,548154,1522331,2520916,6071
1667450,1654568,1970584,1532662,350731,5947346,727958,759319,451339,423655,760858,1603598,5694
1116389,1437330,1993034,1784830,458844,6311022,914036,944605,517808,577940,1474861,921669,3096
1712329,1495016,1618333,1035100,126657,5264880,721475,764720,519567,567098,1578768,2484002,6104
1680190,1653524,2023763,1561556,347034,5251137,271424,281770,434897,549045,1458489,2336773,6071
1702735,1695899,2020556,1523093,332822,5694196,680414,710555,450056,426466,749298,1722508,6321
1037325,1485169,1988402,1516683,344284,5877359,727316,757132,505969,557640,1141114,870326,3110
1730653,1465893,1625289,1222061,240506,5931907,729467,952357,550570,612887,1812757,3163531,6094
2036708,1809203,2371581,1533305,329807,5280567,468928,488317,505753,627089,1895550,3259805,7846
1670682,1692154,2010685,1560569,346588,5930380,717233,749200,452639,429630,739564,1605118,6014
1041665,1486252,2023177,1537972,346408,5743996,697909,722075,473164,531286,1100785,879748,3179
1008336,1267820,1215740,1269728,334085,5837475,705513,734482,496667,560274,1531057,1622435,3201
2008433,1860216,2373638,1520988,231433,5097503,485170,725744,482747,600877,1781064,3075302,7454
1708799,1601797,1966858,1478176,332209,5644759,687764,498706,425455,413699,1155587,1762334,6317
1315305,1602736,1914216,1497915,329248,5808706,688537,720939,504333,541837,869227,864946,3005
1025674,1277813,1224157,1287375,349526,5989920,708446,728251,501425,557981,1497012,1657547,3077
1691954,1608661,1907599,1230174,124047,4376662,468777,720880,494024,545004,1473144,2429300,6022
1678406,1669340,2006500,1554983,341058,5979160,481639,284821,374461,483148,1457354,2336145,6188
1714393,1576874,2399652,1797615,447227,6198852,888467,930426,522153,535537,1127441,927196,4619
1308838,1314122,1200777,1259630,227388,5656805,710641,743574,512191,563429,1534327,1641920,4155
1575720,1625939,1817904,1135766,173374,4206145,464603,547693,481565,527994,1361761,2171148,5494
1620290,1632194,1865128,1430125,325203,5292632,456238,253051,397902,487684,1507558,2403111,5350
1540916,1631905,1851000,1437803,328989,5421336,682387,712752,517206,487445,698338,729783,3785
1275405,1226431,1490376,1470347,330698,6090862,887744,910886,557629,601725,1792033,1537115,4020
1600299,1626543,1846217,1166105,211186,4091137,437499,461836,503044,551373,1475929,2365686,5655
1874378,1640786,1881620,1467482,335931,6243165,674161,700005,467075,558723,1427563,2867781,6569
1440369,1604656,1877533,1433761,318986,5370268,641628,670317,488560,478144,706745,766521,4234
940007,1257156,1506688,1447561,328585,5587753,693371,727304,504927,559610,1506231,802981,2730
2008487,1745820,2041738,1282751,233233,5181840,722613,744727,567925,621224,1836386,3122542,7675
1647694,1852337,2126988,1637619,337167,6133285,479276,503559,445591,558950,1226376,2560634,6542
1282464,1764806,2066451,1606956,345144,6062626,722134,756510,557909,531444,805042,907583,4948
954825,1418474,1690128,1356086,350871,6248070,713847,737217,549829,606651,1554471,1667245,3077
1614852,1558223,1650642,1209922,119100,5124926,502858,740446,562190,602169,1607641,2543603,6347
1862083,1934317,2448960,1872625,463384,6033088,500283,522096,496832,604851,1546587,3061088,7457
1304969,1779662,2063651,1605729,345333,5893642,698259,730847,545501,535997,804133,884235,4758
970948,1376529,1639821,1301501,339269,5909974,723261,758261,547195,595714,1585990,1664475,3029
1581766,1573437,1664947,1310362,123350,5295631,488432,741705,519377,569288,1492656,2357197,6079
1676183,1740552,2071798,1590977,340349,5285776,485349,281439,464610,516589,1590688,2546135,6662
1594821,1729474,2030772,1578804,347059,6080495,728014,758809,473866,453417,787457,1646643,5409
1303946,1764211,2372538,1824918,450130,6397026,906012,1158260,629890,702632,1838321,2426217,4378
1680871,1544157,1646376,1295300,124046,5152180,487827,748107,539067,581153,1586353,2555915,6429
1670611,1781539,2099334,1944245,344338,6227019,481727,745691,560709,675906,1885050,2420501,6452
1652568,1761730,2087477,1600172,337711,5965448,688168,504948,473654,454310,1188543,1686053,6668
1282957,1563244,2038245,1566170,344418,5943129,725958,758215,529382,584466,1164692,872975,3330
1633094,1550102,1673021,1325980,240662,5985817,944801,968121,566599,630513,1868060,2459427,6262
1626012,1738889,2022687,1543895,267620,5157835,262512,404122,450092,577247,1561035,2503027,6547
1633990,1806430,2061956,1594106,345568,6097088,719939,526212,483438,464272,1179715,1640867,6387
1291936,1516300,2042240,1566569,349458,5793825,704610,728170,525947,575212,1166051,887046,3140
1273957,1357675,1262416,1318771,229737,6045613,714794,758132,524506,584478,1579809,1655421,4368
1924448,1914911,2470626,1596558,352310,5310094,498099,520541,517492,639125,1855665,3127674,7529
1734384,1632833,2005158,1510750,341093,5640158,697327,728342,426911,409302,736091,1716392,6688
1222824,1465606,1919439,1471196,323757,5694086,684815,715340,480229,537003,1105246,874748,3185
1332800,1210076,1182043,1229750,236726,5693594,721358,745220,449182,513629,1447899,1650696,4669
1759735,1657363,2001940,1250553,226853,4729544,484800,510815,494054,558669,1540422,2528634,6469
1944651,1753630,2321454,1770593,459234,6391986,716590,747946,427921,463922,1110520,2302933,7036
1038703,1379264,1991319,1521890,340527,5686776,685718,709307,464318,509228,1084686,863379,3173
1004550,1231234,1200730,1221105,335829,5765424,714348,745725,479121,544241,1510013,1656973,3183
1736513,1375285,1825494,1236162,124254,5055069,497990,729654,469795,516196,1434326,2371284,6512
1690860,1771508,2349788,1746507,428000,5712296,673709,491034,463288,522859,1739126,2493428,6250
1618445,1597893,1960079,1512950,341734,5699706,712082,744693,429753,475271,741535,1639765,4664
995484,1383768,1578669,1484149,456994,6288054,919345,947735,508371,573211,1443972,1686810,3371
1673470,1569532,1927255,1201355,122422,4290189,482781,744311,465830,527564,1522871,2523929,6103
1633626,1564896,1962334,1522386,345390,5782393,498322,282391,359593,454213,1456235,2317042,6029
1728185,1563931,1965528,1496591,335629,5582103,679300,710958,407852,438434,731611,996008,4969
1021512,1376572,1573126,1498822,339276,5786868,722578,754301,469374,528913,1141837,895670,3380
1704522,1622464,1992259,1277106,234456,5094273,698643,946086,523436,589624,1757151,3048504,6236
1699926,1587231,1937028,1450763,325298,5593174,476266,282326,353732,453344,1472779,2471689,6622
1630821,1537080,1909073,1470604,338114,5691981,707293,738566,459664,454407,730149,873775,4397
998132,1175349,1610306,1538448,347374,5747536,707132,728762,465169,516159,1450678,850736,3075
1623816,1362283,1554686,969956,133279,5029008,689645,730342,466924,524987,1481754,2468069,5827
1944960,1724420,2269126,1726620,360777,5594361,490183,440927,391016,499440,1707135,2889064,7452
1690543,1647164,1986201,1509543,340677,5503271,683967,715517,449952,445283,719140,900317,4933
991767,1222021,1575783,1469722,331282,5480211,701288,734584,473028,520106,1495436,890506,3156
1679949,1383324,1567834,951399,122913,5036363,715400,742903,460076,512633,1431363,2386630,6227
1707060,1603570,2003414,1522697,337810,5023302,273571,283648,419341,525802,1546907,2577762,6655
1643497,1728995,2286484,1734163,440757,6294992,921052,960918,486854,475154,744960,1610917,5951
1241953,1459993,1945441,1753227,439822,6234648,885185,912132,504737,567910,1425369,873485,3231
1623811,1406452,1545688,948213,123826,4897002,685824,724269,456403,512082,1498579,2482071,6334
1695318,1613661,1981572,1516238,237685,4385462,272011,514062,476725,531115,1439674,2361978,6092
1696526,1618228,1972420,1484918,340908,5562399,699543,507227,358637,393022,1124114,2576120,6632
1293222,1560687,1907372,1445980,334661,5614284,706825,738077,457389,515452,730106,857405,3058
1305166,1206195,1329477,1221698,350129,6309871,916673,940807,521494,584054,1756174,2355315,4693
1659599,1617725,1996115,1511095,231370,4473278,270629,513064,488320,545894,1545335,2535059,6226
1550880,1674706,1987171,1529212,351980,5789827,728810,523268,381748,419707,1115620,2344486,5991
1312372,1699880,2050769,1583396,349811,5799297,704373,728411,503998,554075,764931,881488,3334
958710,1275917,1183218,1244563,335106,5665447,714224,759699,509072,562611,1559633,1685608,3093
1914905,1899415,2420236,1536955,236340,5094076,499901,759916,512450,628336,1831020,3113591,7442
1610653,1762075,2029658,1542598,341809,5805540,698502,506327,401870,432361,1172952,1942738,6289
1270197,1681230,1980841,1523135,344086,5745496,727765,760018,521177,580176,774940,855631,2980
961892,1500500,1615928,1560135,464520,6587686,947765,974309,564585,623338,1490788,1627857,3056
1655744,1704712,2026525,1267699,125317,4517561,485058,741376,507380,570420,1557285,2552092,6493
2160997,2066570,2814997,2140345,569106,7459684,932460,744021,527485,506137,1533825,2381750,8920
1333498,1494352,2048270,1569777,354621,5692190,713407,739961,523206,569464,1164476,894905,3292
1180203,1296734,1213628,1268889,241022,5799646,711870,754814,511716,559378,1559830,1696105,3857
1542500,1785737,2031629,1286354,116402,4477129,477850,734307,560029,595727,1486370,2304135,5582
1581456,1778081,2001429,1526980,327408,5583317,450464,247441,427082,525209,1546143,2475910,5927
1464824,1688694,1929637,1498356,328192,5566247,686204,717862,532506,507913,731211,761946,4190
1164883,1377052,1526048,1502280,328907,6253877,896730,919538,586530,644481,1834175,1530829,3964
1532539,1739008,1958106,1231583,216506,4446024,449912,472941,551958,597773,1562694,2437649,5846
1433481,1731052,1906832,1478716,334044,5656835,461757,471648,427751,518951,1155443,2219431,5110
1485973,1739605,1946348,1508585,324302,5687977,649012,670917,534242,522122,754495,760746,4200
891429,1352300,1527765,1495382,323144,5658232,686645,727882,549412,587975,1548393,751647,2464
1859609,1724930,2047986,1303294,234234,5180124,718259,750296,605757,659310,1858224,3064299,7306
1640523,1891045,2138319,1637438,338130,6072386,486020,508091,461163,564700,1225156,2519907,6531
1265734,1717625,2024303,1572482,343123,5883004,725753,757900,553781,530924,787941,868945,4654
971137,1244748,1606583,1293656,348435,5685204,715319,737411,516472,556381,1488231,1610601,3164
1648689,1476888,1542988,1053027,119389,4895956,566297,678389,506700,557626,1488180,2362371,6112
1946118,1801144,2336516,1782407,447276,5623215,470210,493482,471077,569604,1508438,3018914,7624
1604848,1755760,2362874,1763532,450380,6112879,901656,927998,531694,503977,772764,895841,6110
952275,1383804,1534393,1458525,336619,5528193,716561,749032,470757,526721,1109032,856362,2979
1311786,1422726,1581814,965385,232869,5050539,708647,732760,462511,512291,1418249,2350282,4779
1658708,1595180,1951701,1463345,225242,4813508,269082,506334,420940,536747,1520799,2531216,6610
1873889,1747954,2238531,1704970,430399,6148023,894114,707242,428776,467341,1096077,1867704,5794
1617617,1494486,1871936,1179810,230722,4211358,489197,509680,464273,506704,1457834,2359231,5984
1717071,1614543,2018829,1563097,348905,5616788,494272,513313,372265,463146,1106302,2446502,6470
1341368,1570557,1943036,1479349,328937,5623860,693101,731870,489048,470061,747263,898003,4939
982325,1244241,1558996,1228827,350575,5599042,725383,759467,487503,536875,1469757,1603194,3066
1652108,1378104,1571303,1218172,123360,4886737,475119,720648,461457,514622,1490161,2501180,6229
1941681,1726726,2345000,1762908,446846,5617652,684466,520951,428342,544881,1549751,3231600,7368
1311901,1508882,1955551,1502811,341141,5625825,708307,732806,474423,451510,743606,876252,4668
1030117,1173584,1596454,1245591,340230,5577312,698335,732470,466326,524840,1522321,1693385,3387
1641585,1394374,1554590,1218177,122839,5085706,498669,760842,490277,552844,1514045,2379266,5933
1714204,1657558,1997223,1532438,342271,5045916,482195,280923,441450,483381,1461251,2428341,6528
1688361,1907597,2396217,1807628,442224,6306200,922540,976390,522177,578900,807085,1675616,4530
1062961,1282786,1337035,1296401,350308,5838150,719913,751938,511874,559502,1497552,1576432,3262
1799871,1558696,2085070,1607079,225440,5818963,667786,913662,578842,641982,1884807,2470578,6335
1671596,1593161,1957138,1501233,337870,4995927,491001,286874,437276,484471,1521415,2413059,5984
1688930,1621978,2036726,1560340,351520,5869396,727094,751122,424278,473419,761529,1622409,4749
1071448,1450762,1605895,1536976,433808,6334700,882793,926075,558975,622750,1560541,1690223,3410
1665470,1586619,1966681,1251560,122922,4369530,489512,748472,496161,544999,1505651,2391008,6119
1698130,1570665,1995831,1523405,351871,5517995,490309,280312,382186,468135,1465594,2457710,6062
1680080,1578039,1946822,1510071,319645,5706556,669704,712908,445206,491736,775151,1447363,4813
992524,1367798,1598483,1522687,347162,5752030,716338,748766,475781,528536,1085425,869333,3243
1393753,1397445,1622434,975361,233574,4941315,695794,727927,476511,535750,1509504,2555598,5051
1976043,1672324,2276359,1718779,329358,5615328,484237,507941,436178,528490,1873095,3170774,7518
1700032,1587604,2001984,1507422,345004,5646545,718064,744480,487771,476187,761088,904414,4957
1015349,1191546,1557824,1498939,333516,5631318,688790,721913,486425,543869,1516654,892675,3382
1387954,1375063,1548220,943706,179813,5062056,698495,729569,476540,538713,1460125,2294374,4565
1691750,1589925,1988730,1524548,234793,5062475,271621,501326,422837,529314,1447965,2382447,6084
2005690,1748431,2721271,2007590,540693,6856420,1128477,964993,561708,546608,1511603,1670081,5971
1030551,1197538,1559303,1489751,342630,5691333,707499,737717,461877,512840,1419021,878577,3299
1729134,1389545,2027947,1293599,229132,5806581,881985,921721,539979,603893,1843845,2477812,6527
1652033,1530148,1964734,1494245,333376,5025724,269183,284248,428028,537962,1531349,2441351,6212
1646914,1573634,1963408,1506264,335849,5733826,697869,647662,427841,405208,915069,1546226,5957
1350027,1365205,1972932,1720273,429572,6218354,877213,920373,514660,580784,1445306,886329,3206
1606709,1477033,1598061,974555,123460,5075213,726973,759523,513489,570905,1530103,2389435,5892
1657274,1683954,2058145,1590463,350651,5161716,266412,278308,460313,570822,1521606,2444336,6034
1627666,1659091,2032047,1565084,338232,5927707,708098,747797,474719,439862,787917,1718882,6428
1356963,1692383,2106545,1631521,351157,5989575,722753,760907,530386,573795,797530,922594,3451
1338543,1264914,1406942,1289394,342016,6425830,911336,950010,562730,622366,1959364,2558571,4951
1594884,1719490,2067901,1604163,232751,4727924,268845,518947,549297,611387,1586292,2461786,6355
1659778,1644931,2065568,1586983,351397,6069104,722151,513527,403233,437675,1140188,2410943,5959
1294043,1724738,2062272,1580518,333008,6117115,691890,730217,539198,597442,790619,881370,3084
1029400,1436727,1312756,1368949,353329,6336069,727780,758952,562110,612290,1556703,1654406,3537
1692608,1715034,2124364,1357435,123555,4677982,481984,726834,548443,597057,1580981,2530361,6473
1929721,1891186,2426742,1848756,442650,6326078,716441,521913,463331,518754,1581955,3280998,7618
1297418,1661149,2049891,1588248,349036,6011966,725107,759314,524055,575401,785779,891572,3278
1025864,1324401,1281028,1333927,343110,6071858,702069,731342,541280,590598,1602826,1733721,3303
1905912,1854927,2432614,1584636,226935,5588167,718522,978208,604342,673133,1563224,2411467,6143
1651607,1772274,2110419,1625526,351021,6196193,497868,284923,431265,528085,1509437,2431545,6489
1656635,1780147,2464412,1867256,443283,6654579,915661,969704,593533,600076,1180708,891449,4785
1048517,1377629,1290509,1338882,329179,6153947,701101,730311,558093,601817,1519168,1559494,3566
1674859,1724164,2090978,1310283,122892,4593109,484430,727781,533812,591768,1547334,2500488,6329
1651565,1666410,2038911,1595165,336986,5970632,491441,281613,438171,537022,1613876,2498905,6041
1657799,1789689,2133105,1653601,347742,6222477,718963,755593,564929,558732,843132,908337,4836
1422498,1535942,1763901,1658919,344563,6721545,915517,958173,646139,711262,2034917,1746613,4780
1660164,1707800,2062370,1347640,234523,4815393,498655,520658,558771,611662,1616294,2454624,6209
1650186,1855584,2118193,1640480,337143,6219951,466229,353167,457373,560924,1451640,2352225,6298
1693170,1895978,2146525,1662617,338041,6271555,702842,744077,590669,587562,887055,925659,4835
1041256,1397397,1692899,1634776,351749,6236765,729047,762828,580684,619304,1601664,892793,3272
1714585,1649034,1727896,1102631,126495,5587298,699972,725427,579325,630330,1630160,2494926,6415
1969021,1940813,2414566,1859084,444491,6199382,495307,523513,507894,626704,1610679,3276332,7313
1324024,1861765,2144102,1675374,352743,6281863,728085,760379,587309,564380,863501,879067,4577
1060197,1416504,1735158,1525068,330809,6161269,675155,705233,563034,623494,1589612,1304003,3455
1949129,1810077,2068031,1344652,217325,6312800,921252,958914,639017,639327,1633409,2459931,7363
1739976,1888726,2172331,1695679,357532,5666722,274002,286290,536341,649038,1612564,2460811,6073
1702111,1959873,2524633,1885278,449733,6832105,929773,986161,575729,556526,857034,1739437,6336
1053516,1531124,1727088,1398027,359469,6457623,741998,775115,603483,664678,1654304,1675449,3138
1719380,1613431,1718595,1366570,124624,5405934,487512,728080,571252,625717,1590920,2495380,6358
1599584,1735139,2040649,1599631,337659,5432960,457084,283318,496270,606889,1611510,2465722,5895
1660622,1782664,2105618,1612573,351587,6093785,725577,758013,476133,453837,780640,1630539,6107
1017456,1519176,2080506,1590749,450409,6457304,909606,955698,555950,631190,1564680,1758141,3420
1650876,1511976,1670752,1318599,125397,5415639,500006,759982,564096,613559,1604068,2448077,6036
1641998,1744859,2091224,1623194,345124,5485241,494435,280698,494036,537211,1530201,2410891,6222
1633439,1752617,2061020,1591737,337216,6066181,700139,741146,490529,547215,807958,1732824,4811
997966,1501322,1765807,1621715,351811,6226660,728145,758583,561337,601272,1190868,881875,3197
1674361,1609324,1737651,1363187,235437,5984237,700087,951142,624454,681529,1955672,3301936,6314
1644950,1705213,2035827,1577740,336040,5370089,492307,280583,486342,530825,1591204,2492404,5973
1682519,1686263,2080902,1611335,349212,6046785,725897,759557,483770,525261,811803,1633863,4759
1346583,1683476,2058878,1837769,449452,6408290,910296,948731,521874,563939,1166906,1696443,4746
1357722,1420760,1563011,985126,234268,5153595,706337,737636,493370,557204,1501050,2361160,4475
2093718,1804947,2430879,1838658,337803,5875720,478815,724219,508813,543619,1473314,2428299,7600
2020816,1779091,2301554,1716643,410190,6356018,853416,683920,438192,491203,1123730,2240495,6241
1035785,1437859,1610510,1547016,351370,5891141,725642,757892,507413,552297,1115916,855950,3080
1403681,1389123,1600649,1001048,235495,5229625,694511,720408,494898,542566,1504515,2477407,4831
1655424,1598873,1973737,1263548,232737,4498113,477934,499360,507777,561781,1541255,2401316,6096
1722719,1610454,2010703,1546466,341086,5921806,489187,505671,392470,487081,1112354,2337218,6146
1402781,1628922,2384757,1770980,445530,6382570,912708,961833,549589,561430,1144178,893095,4662
1390439,1267879,1233549,1182860,220500,6043725,687679,712338,501854,551886,1444180,1906647,4681
1729519,1605828,2018165,1275245,238435,4507733,484046,500045,503662,549313,1488668,2417182,6079
1741261,1609998,1981761,1525206,334114,5786229,488515,515667,388303,489184,1145671,2516310,6285
1363256,1662029,2028360,1563031,356008,5896225,735117,767823,493563,497622,749468,882471,4580
1389226,1256824,1636981,1289881,340285,6348792,891546,934480,553433,619590,1890896,2477417,4664
1667538,1656951,2001726,1549304,233819,4579060,273022,512776,542229,590140,1575890,2422023,6034
1716503,1589611,1934709,1495681,322794,5835279,606986,496271,391306,493770,1082994,2211809,5866
1413579,1666249,2028627,1543840,334621,5932388,690947,723963,511708,506575,768831,883193,4766
1070843,1220654,1606979,1278857,343680,6014098,715635,747544,502189,553320,1507070,1585800,3154
2079532,1620200,2039978,1569516,238665,5305760,491745,723329,567973,624610,1864172,3234704,7697
1057632,1305752,2037958,1829147,449969,6598401,907719,932033,543595,616711,1809582,876943,3065
1670636,1457876,1622283,1010473,123660,5370310,704964,748242,527853,573899,1573467,2556409,6274
1662399,1752782,2092051,1626300,329428,5574350,270131,321353,497702,617868,1547453,2345924,6322
1655515,1804403,2089417,1616431,346366,6035146,698156,505292,496101,473552,1179821,1694640,6310
1323513,1569985,2072255,1619349,339634,6024967,722929,761719,572258,628591,1233699,866866,3090
1654170,1630944,1699442,1339159,238995,6150431,948891,980973,627382,684743,1892158,2389011,6219
1712283,1737124,2081667,1611603,341411,5483745,274580,281610,480769,598034,1606059,2543663,6281
1647561,1771938,2103172,1651909,350707,6396491,730821,762613,519385,486244,824184,1675111,6111
1081852,1565787,2128527,1653042,351441,6258611,713225,735190,558179,600311,1186468,869416,3243
1305322,1436815,1280235,1310532,230699,6027931,704863,742446,571546,632936,1613341,1779161,4709
1929320,1907469,2472527,1633185,351319,5504882,498097,519805,553445,670664,1923285,3042349,7163
1662101,1812034,2132574,1630784,342700,6042572,691947,721795,507586,485406,829830,1702709,6340
1000067,1569026,2065389,1598497,340512,6172759,724806,762358,553038,610099,1205856,884850,3035
1326190,1355983,1280921,1067622,238463,6212629,728201,751153,563594,609944,1545487,2383315,4526
1686347,1758228,2090817,1560033,231182,4796472,277794,504510,549379,594032,1587870,2539445,6400
1905138,1907161,2380610,1825587,444894,6617290,755007,757022,470865,535641,1131249,2303812,7109
1058656,1551108,2479288,1869600,457049,6734171,921427,951981,558154,620330,1496609,941199,3508
1312271,1376058,1283112,1076584,231307,6090672,696668,738330,568958,624440,1620069,2516042,4622
1634539,1763570,2072522,1611992,238501,4795032,268686,516876,562008,598328,1539987,2334445,5942
1653873,1744892,2072732,1610472,346130,6016752,695222,504104,414431,454199,1174641,2518909,6150
1299978,1750594,2053894,1588459,338441,6045062,720263,757072,568766,608491,813203,878643,3214
1363500,1407491,1565784,1326445,340673,6945468,935374,968848,619611,671527,1892984,2409790,4873
1692917,1789579,2098885,1593093,231456,4851188,272647,507386,553379,611089,1611126,2582905,6583
1621088,1773328,2062050,1610494,345568,6219337,717216,508985,434034,471083,1191652,2412184,6274
1358829,1773516,2120114,1640014,353031,6101928,718101,739967,549354,602251,817718,893580,3258
1015027,1350140,1262777,1312533,337273,6014526,707081,749059,560660,600187,1592878,1718805,3069
1843836,1957460,2431561,1590902,223850,4897109,498790,757318,614763,677448,1881352,2963548,7138
1696449,1734443,2084509,1609435,346785,5951023,697547,504385,421993,458069,1169359,2526963,6422
1304040,1725982,2045796,1591560,344137,6035639,730077,763767,552862,605174,814839,865773,3023
1011331,1394970,1283905,1340490,351404,6079792,723128,750389,543611,593713,1526541,1642452,3212
1665479,1771138,2067246,1303491,121900,4644788,482416,731609,537066,608628,1607148,2570367,6478
2214602,2126559,2810711,2119794,568258,7248824,954125,759154,574482,545757,1562435,2405632,8216
1319116,1734096,2067192,1599458,349589,5996153,713190,734999,544326,590281,1068600,881924,3217
989353,1632716,1687344,1613803,435905,6886416,915252,972946,633746,702104,1612620,1741677,3119
1645181,1777579,2095510,1339706,125554,4770624,498909,759517,543071,595862,1527955,2341483,6223
1695664,1748750,2113899,1645087,346598,6099889,483148,281349,431970,528406,1568616,2523167,6651
1613939,1758101,2438695,1858063,443182,6747774,940344,987169,623194,602881,1207635,869830,4607
1339131,1405589,1296896,1359788,238697,6125833,725625,751429,542212,597202,1527414,1651982,4709
1697094,1793791,2080007,1308114,219893,4782862,487133,529495,546842,609589,1597903,2565721,6498
1579619,1747606,2028772,1585693,347733,6155894,500938,297375,430871,533746,1557998,2403645,5797
1655480,1789823,2160011,1674016,356430,6287864,721676,743544,563755,544501,828728,877817,4698
1004201,1393360,1655696,1587481,338182,6094920,706813,748439,564555,621068,1617543,892246,3009
1944140,1772696,2069421,1338162,237565,5451228,716288,747679,606342,663632,1882094,3031590,7548
1653789,1791986,2115854,1643073,347031,6133390,483081,505210,434025,533071,1199143,2520102,6403
1315358,1765296,2064181,1602325,339420,6054980,722278,759727,555261,541184,796667,871828,4579
1003063,1360319,1649080,1525391,336478,6013957,698326,719812,526407,576555,1466219,994168,3141
1712343,1616811,1697838,1079745,125733,5422938,700508,732202,566944,620829,1634258,2568153,6448
1912218,1979467,2445485,1867686,463403,6056592,506693,528119,477662,596314,1550137,3193547,7257
1336628,1822193,2107671,1643822,345873,6061601,700696,723641,554577,543822,805565,880161,4687
987009,1374002,1666455,1318183,336430,6012325,708312,751857,559541,604828,1610357,1732896,3232
1601410,1813587,2104081,1633080,225343,6262349,706116,974034,627245,687344,1561837,2345768,5914
1679406,1815055,2077368,1599414,332579,5316559,354495,279946,499374,604866,1527214,2458056,6525
1638975,1911594,2452612,1864010,449796,6768043,951493,994378,550616,537001,824042,1690775,5996
985574,1372718,1699156,1340762,349361,6100126,723140,749739,552374,597383,1524048,1663765,3231
1673430,1614003,1686484,1332798,122004,5469461,482721,731838,557162,618056,1603762,2555714,6554
1619027,1730103,2038543,1592592,346841,5425973,500942,284591,492332,533161,1543095,2394354,5879
1654661,1766176,2111691,1638624,351886,6197093,717059,738999,483271,528146,813866,1665865,4735
995790,1622389,1910453,1584820,326649,6168502,682077,722163,554469,613131,1155503,894356,3252
1600379,1569827,1669735,1338652,237274,6061215,725790,998438,608078,663268,1904310,3063711,6127
1726371,1627675,2008828,1554557,335839,5274210,473551,282571,449513,501444,1499313,2454515,6454
1692455,1650322,2025906,1570036,336612,6145916,717506,753156,456261,511059,787537,1652600,4658
1033658,1450155,1646874,1564142,347623,5976252,720076,741711,490432,536359,1106759,878750,3157
1386571,1465553,1622276,1013846,231688,5271066,695869,729441,520242,569231,1552870,2544307,4769
2011261,1761821,2316042,1754659,338539,5511143,489270,507790,476028,535573,1820129,3077695,7296
1749456,1661165,2065259,1580030,350345,5969051,708322,731979,440253,489700,766090,1689751,4947
1056583,1432263,1608841,1503554,331608,5771806,697025,737865,506649,559244,1156341,897838,3159
1683642,1611663,1983556,1245041,336483,5949780,932618,977801,573140,631673,1508184,2369072,4723
1710004,1710243,2078093,1588215,236438,5201603,269243,506862,459603,568292,1534454,2531629,6325
2014424,1823010,2399841,1822488,447444,6624764,951798,767889,524860,500473,1144970,1639017,6143
1047360,1406009,1625068,1555800,346964,6065098,716268,738020,498898,546647,1398673,891149,3201
1357963,1519392,1665149,1054173,216889,5470379,676611,710252,524667,579383,1552479,2499247,5067
1671528,1846928,2118512,1653702,236574,5774166,270018,522214,523750,637815,1620465,2438517,6278
1666808,1816484,2127802,1655380,349704,6180786,710231,507273,493215,487937,1180578,1672729,6356
1316290,1610616,2086862,1865058,438683,6921633,922863,978301,627331,681389,1587488,912887,3400
1626686,1525506,1668789,1063496,124109,5662859,729771,764136,556742,607157,1561259,2344282,6029
1703204,1827043,2142038,1641382,342809,5424300,266417,287326,492903,606441,1570448,2543811,6448
1572188,1737165,2015021,1566472,325890,6199694,696283,569317,495497,465225,1098707,1565578,5944
1314475,1548497,2106574,1642523,352285,6313139,729439,752212,548399,593178,1177854,886437,3262
1339590,1390502,1271606,1340823,231048,6125921,695676,730115,559691,615067,1603036,1712254,4775
1911913,1963066,2443054,1618741,346497,5488413,489494,511370,563907,691125,1930880,3138641,7361
1649648,1718208,2080790,1601328,351127,6079204,713439,735353,481963,452181,790591,1662274,6145
1316793,1752967,2439435,1830509,443851,6645300,709728,751959,550406,662799,1578788,1682008,4208
1313781,1390568,1286692,1255561,224522,6250379,700567,729947,551708,601887,1494657,1896359,4589
2001276,1992267,2499601,1636165,327130,5631187,658641,684134,596512,599082,1577895,2570554,7851
1927661,1887559,2443953,1860538,448733,6788803,724036,757099,485298,523857,1188847,2448954,7668
1005490,1560108,2079619,1605507,350604,6191261,725447,749016,529856,571737,1142701,883193,3254
1347618,1340099,1238842,1019029,230783,6047254,696160,730610,544725,604937,1582453,2562362,4728
1599315,1726271,2050337,1617112,236999,5018567,270571,517316,549650,603364,1571346,2394516,5773
1629360,1846562,2094287,1609270,336274,6008011,621506,508199,449860,538434,1135405,2369176,6078
1323586,1753289,2427298,1824814,441349,6603022,923791,982238,598402,595716,1193705,882843,4649
1329861,1387214,1289594,1068889,238337,6316626,733172,766003,563283,605031,1557282,2390315,4919
1679824,1774499,2107699,1626885,234407,4693647,267174,505942,540769,594754,1579071,2536811,6385
1629482,1793350,2070465,1617004,334808,6238990,709827,518859,432857,481540,1195663,2444208,6064
1334311,1690724,2078451,1595120,349371,6038788,724589,749471,519857,566470,792650,895143,3244
994938,1357939,1426533,1340470,339995,6214221,699740,732630,548144,610500,1615230,1726672,3301
1908558,1760327,2060818,1594635,237132,5493354,502688,763568,596077,658719,1921263,3126516,7044
1754203,1879834,2175137,1698215,352872,6373158,716274,510432,456178,492312,1210902,2473807,6467
1341723,1739218,2082868,1609711,334613,6299136,700705,741215,558854,605660,799682,899394,3230
963079,1422196,1278345,1326029,346576,6284780,716779,747905,541788,593199,1515103,1596077,3239
1725580,1772373,2112417,1331870,123815,4700319,484045,730735,528796,585023,1554319,2577810,6910
2211807,2074802,2792003,2111726,541058,7355351,916419,723313,526609,531829,1594283,3194839,8969
1293539,1759489,2095790,1645111,351023,6254294,726299,751707,568830,609738,810127,870035,3081
999662,1393739,1280682,1322169,339659,6150524,696933,728553,553222,608396,1603280,1740991,3292
1616700,1813834,2082516,1357452,124463,4947414,496323,748413,571194,633216,1574132,2377589,6082
1689799,1744450,2113392,1644028,348952,6150971,490216,279473,428564,526445,1552285,2489985,6540
1637054,1781893,2461762,1849981,442739,6696237,925033,980909,608690,602833,1192292,908016,4808
1088874,1436645,1302388,1340896,314564,6238153,704084,733436,553324,602752,1511183,1544975,3608
1703076,1737762,2098430,1335664,123587,4750801,496276,746053,538696,598937,1584207,2591871,6356
1628075,1745035,2059549,1603514,339053,6138671,495744,282134,449193,548608,1612836,2450595,5896
1639352,1830589,2142252,1669579,346114,6369205,712854,739542,566362,561397,831235,889997,4591
1374080,1382646,1670680,1582036,337611,6660419,912097,959206,593887,660303,1972700,1740541,4958
1598335,1716152,2040388,1325344,234208,4912360,500443,523374,551520,609677,1586084,2405287,6066
1644487,1796969,2077184,1614054,336532,6150596,463252,367491,424108,529086,1395094,2378258,6393
1648129,1738224,2050436,1575879,335610,6011123,702814,746010,543174,530337,804270,891347,4729
998026,1347945,1659652,1596496,349572,6039078,724629,756480,532591,572013,1508891,876904,3185
1646172,1586867,1685774,1052355,121120,5302273,697835,731683,530825,582536,1567715,2545234,6191
2237558,2143028,2846977,2145327,556186,6928921,720303,753926,482510,603181,1575533,4027883,8689
1332039,1791706,2105333,1639519,351786,6296667,728350,753978,546941,525417,812584,882499,4854
1022919,1337459,1667538,1464710,339939,6092319,699830,729918,541002,596250,1592602,1471998,3352
1640786,1565171,1675251,1062055,124744,5513262,724139,758475,541459,595981,1562815,2419827,6101
1662352,1843652,2121311,1639277,349350,5401307,266582,278943,486600,607306,1549762,2465528,6312
1698027,1997449,2480622,1865311,442784,6817711,925320,984131,577147,554473,851023,1750902,6248
994595,1364398,1672018,1335104,350565,6178261,727256,759813,544729,598133,1538484,1597418,3109
1702701,1559474,1678011,1324763,124478,5568241,492728,739575,532338,588337,1566274,2572212,6383
1626914,1733421,2087471,1621047,344566,5583369,463937,283390,498719,606359,1630724,2504891,6112
1658188,1762583,2105924,1622247,350356,6142003,722330,750991,476041,461768,803355,1657111,6142
993486,1575335,2074976,1580423,445561,6531970,908263,953522,584795,659029,1583538,1739806,3401
1614303,1581746,1673928,1339945,122801,5586846,500604,762699,586912,634991,1598972,2424911,6148
1631574,1784533,2098826,1637918,346565,5511164,491068,279939,496133,540111,1548076,2421386,6190
1629053,1763054,2053932,1580763,337267,6111633,707900,747959,489741,540552,794948,1698831,4592
1314097,1745977,2161908,1641529,357126,6282803,964418,1005360,608661,655522,1543653,1596721,4402
1337256,1429846,1326456,1079758,235078,5997863,667698,697241,548028,600097,1545079,2438510,4771
1931386,1909349,2412613,1816750,339236,5426577,494647,517926,537524,594202,1972124,3230606,7158
1953582,1871113,2487723,1878128,458763,6750551,941386,972145,473280,521329,802826,2360799,6009
1026503,1592847,1687054,1620770,334494,6399128,690280,723587,576814,625377,1222995,910456,3348
1295719,1522680,1649313,1040896,235269,5580426,725616,757381,528389,591637,1564258,2402932,4637
1654090,1782964,2076741,1601746,237811,5278429,268412,508209,480538,579641,1511077,2435121,6189
1916757,1875736,2389167,1817182,429866,6665702,897997,718346,488912,530420,1194365,2263904,5888
989548,1598439,1693839,1629781,351684,6280458,727702,759391,554267,599413,1157330,864047,3187
1355022,1615415,1706141,1063704,235585,5433103,706514,738880,533834,597085,1582317,2574451,4830
1632420,1797270,2095789,1629256,235675,5550298,274132,502195,508452,619243,1597849,2465784,6539
1636574,1788471,2136524,1649762,356635,6327601,739808,519853,481146,461951,1196392,1678993,6105
1313117,1605028,2084320,1875940,447907,6626115,910262,952474,611365,675073,1587846,902898,3284
1398380,1579176,1678537,1068485,175938,5499615,699408,730126,547200,603518,1526106,2287554,4738
1666349,1750439,2116887,1643298,238013,5603615,268410,507992,493141,590990,1531990,2430682,6387
1672904,1681757,2023595,1551534,337184,5999573,707270,514900,471782,460804,1189178,1706880,6118
1334841,1690152,2135299,1673284,353368,6287594,729911,759821,571122,617345,1176099,908462,3435
1688579,1550926,1699446,1349854,234495,6162766,911562,949843,610617,663371,1964714,2559812,6571
1600076,1746029,2052443,1591302,339525,5417704,266405,280123,484599,604034,1598649,2474926,5902
1919884,1948337,2457808,1852784,436805,6804337,900038,653734,477070,457254,1280073,2221916,7546
2774047,2359324,3414184,1943055,446405,7173066,1416413,1504845,700546,694587,1675194,3453230,10500
1036123,1415219,1636082,1576892,344406,6028159,713831,743724,494434,541664,1115057,902823,3392
1428286,1517406,1667592,997430,233246,5184338,696002,728378,517621,575215,1559567,2567039,5119
1928887,1848460,2425997,1620543,344396,5548160,495703,520196,539777,669108,1978543,3186689,7377
1650455,1783880,2148674,1659008,347173,6354169,716869,740937,487188,474965,809943,1673808,6441
1113625,1544617,2055520,1575818,334860,6072778,707135,748991,542858,602923,1193383,897352,2949
1378686,1290575,1226384,1276103,231243,5899278,710272,744341,471932,525883,1444348,1600702,4872
1716020,1705024,2096573,1338032,236568,4614352,478991,499493,524755,573086,1531381,2482995,6534
1943889,1921699,2447580,1866390,437225,6770804,703979,744367,492812,529642,1204109,2481584,7551
998442,1518514,2084659,1620068,346820,6093182,724548,757217,532635,593746,1164752,897404,3277
1371648,1319967,1239932,1006004,229685,5941171,701994,733314,528345,583706,1591026,2565630,4921
1608389,1680400,2042664,1545500,233354,4874337,287580,522431,534433,592807,1578079,2395178,5962
1632861,1799859,2082832,1608099,334444,6257125,501237,512417,427956,528063,1119608,2351914,6098
1339498,1744431,2487775,1897447,439805,6917992,923518,979984,605553,609990,1218317,885739,4660
1293980,1373768,1287080,1068200,236240,6230514,715918,746777,560274,598991,1546018,2311906,4692
1643612,1786524,2113832,1637312,235383,4780083,267405,504766,531999,580243,1552565,2506196,6460
1951584,1961738,2478346,1888308,340372,6101308,730451,757035,491896,546567,1587800,3212694,7480
1331858,1701271,2095202,1623069,349445,6247919,728445,757368,519197,561321,804314,903596,3361
1321858,1336565,1575354,1308090,329503,6626182,897260,937221,596355,665714,1979360,2533286,4626
1593011,1747823,2073841,1623711,232955,4925843,270218,521749,547307,598878,1565611,2397745,5903
1656364,1827282,2113125,1658881,344858,6355177,707748,499216,422648,471005,1168059,2412176,6157
1407845,1893477,2155220,1666932,337248,6380905,707792,750308,604732,660273,882953,942488,3583
1003014,1470631,1311370,1385394,351345,6390626,731638,765830,583869,634535,1588177,1604949,3138
1726823,1959482,2182839,1410878,127792,5146267,493337,735953,594791,653130,1645322,2547021,6716
1963425,1961763,2446673,1888463,432793,6377295,727136,529041,487486,540008,1586805,3217772,7738
1354975,1900707,2175757,1702502,350820,6420207,730488,759644,591107,635448,857614,879461,3076
1081651,1517233,1352534,1399356,342258,6287911,704795,734056,597637,648344,1677288,1728062,3356
1648804,1916742,2134595,1387910,126731,4946020,500340,760896,597199,654045,1637679,2418175,5998
1717447,1873074,2158612,1685222,351945,6254429,493066,277507,437147,539884,1590494,2474714,6382
1660762,2036066,2503161,1896419,440151,6780803,918547,976504,620433,622155,1087249,905062,4471
1340672,1731663,1738203,1665956,462767,6816414,958458,1003830,639547,698564,1599145,1631986,3269
1677533,1822100,2125853,1372835,124458,4863938,491001,734744,572195,625076,1616634,2524087,6235
1666199,1936794,2139236,1675136,337978,6348365,499131,288513,478767,575374,1679160,2473237,5822
1950648,1992881,2533819,1653746,352045,6198181,946755,985203,617971,618202,1171319,1559969,5845
1358126,1381810,1699484,1612292,339100,6672827,913842,954673,601718,671890,2010547,1750283,4969
1616889,1672941,2041537,1327026,219189,4815764,498919,550530,534368,589033,1575343,2410829,5958
1647736,1831762,2132773,1656580,348719,6255696,492488,280616,425611,533879,1539846,2452960,6361
1663752,1733466,2047406,1583710,334798,6103646,708262,749607,540486,534010,812465,898180,4705
994099,1360992,1670275,1640831,349885,6292814,729935,763005,574277,620627,1584937,874625,3146
1651180,1551778,1690726,1069488,124876,5518761,695678,722106,542975,589999,1552982,2447879,6221
2019251,1854070,2439542,1848320,441355,6157824,487423,513232,466288,580494,1580021,3260622,7595
1432233,1638389,2033793,1570986,345596,5989382,720258,747645,500195,477596,768761,891743,4668
1058100,1311030,1635534,1525087,320253,5878371,660814,690022,509738,561826,1497944,928957,3330
1647247,1428895,1568169,984601,123520,5196933,696942,726184,489088,542340,1465495,2301459,5783
1715706,1651532,2051863,1585172,345296,5452960,266516,278472,457676,577422,1510702,2421622,6151
1718037,1830563,2396716,1805649,427679,6617924,891905,945086,510321,499566,791273,1691175,6162
1076060,1357724,1644792,1314859,340407,6071232,709577,743698,527913,585172,1506434,1604312,3290
1763230,1490198,1649716,1274716,122229,5253084,478959,711246,499403,549070,1495084,2458758,6585
1661584,1589703,1946746,1510956,316811,5239008,335074,281559,452975,560000,1510309,2363798,6135
1990391,1657950,2104877,1570419,340739,6668872,893775,933927,510851,496125,1086119,2194347,7529
1040163,1453154,2030225,1535158,443653,6504533,907701,946664,550936,613201,1552193,1723998,3223
1651901,1405865,1581343,1248247,123090,5270905,476022,727952,495385,551665,1494780,2306754,5776
1732769,1660446,2014797,1566155,338971,5253892,486071,284234,452596,494080,1475664,2390223,6209
1683515,1681224,1989556,1520386,330257,5912452,693365,733687,432224,488277,742030,1703228,4560
1046622,1455064,1848689,1543940,335652,6090862,699666,729297,509284,554842,1092803,868696,3254
1743912,1409036,1616135,1269315,235366,5791420,702831,942363,546827,609464,1886834,3289317,6393
1704100,1573834,1990365,1535346,332431,5182639,483562,278754,440970,489207,1560214,2467623,6117
1680145,1733405,2114605,1627479,350672,6135150,730270,514339,469553,447210,1168356,1681974,6434
1364195,1584863,2102025,1628019,335092,6264309,700282,737742,548717,600090,1208460,899796,3311
1318032,1387085,1302953,1368797,236004,6237723,724952,759614,557382,617688,1554103,1612076,4324
1680259,1746603,2112515,1356713,207954,4810649,488078,561158,544552,590949,1548192,2455850,6103
1970644,1934718,2459519,1867552,439093,6698410,711895,516363,484033,531310,1605759,2516195,7501
1380868,1506237,2059742,1606693,349922,6066760,729901,763004,521600,571519,1148055,889533,3147
1421338,1273389,1247640,1290700,228238,5952783,671336,701564,511050,564876,1509823,1666390,4947
1635849,1593646,1964535,1259376,232306,4585492,480608,502049,510427,552933,1532623,2364290,5722
1680772,1626542,2018034,1551631,344139,5877364,488132,503169,380707,477267,1107910,2330783,5763
1529668,1674615,2471633,1845494,534968,7259471,1105101,1169950,626181,641215,1521903,1589480,4666
1375296,1255907,1230978,1277961,236006,5903629,708424,740488,508813,552197,1482545,1590288,4525
1752500,1666166,2019975,1276393,232103,4652103,480641,497492,485708,552429,1469317,2409209,6485
1705001,1644678,2027152,1565735,334636,5990221,488393,516264,393840,511281,1193522,2527844,6310
1368827,1647323,2019243,1575201,343661,6094919,717474,749767,517245,505036,779671,881951,4524
1393280,1314881,1648905,1300460,340231,6501470,907140,947959,575998,635153,1937623,2500291,4510
1750388,1654343,1990363,1335434,127350,4917508,493709,744900,542344,584258,1544854,2357665,6024
1783907,1771081,2090053,1611796,331970,5507655,495071,283727,475475,518253,1508000,2378496,6608
1794019,1724424,2075617,1588238,338226,6098212,708476,750643,474069,521685,814909,1733887,4786
1060449,1452264,1653622,1568589,345604,6031874,715020,747185,495282,552878,1112052,896247,3365
1720474,1611000,2003123,1278606,230223,5246109,682682,920286,541647,599433,1855888,3208777,6228
1770284,1583097,1965144,1501121,323491,5751803,668634,699097,477445,479926,766067,897341,4895
1068669,1281650,1621713,1536094,334570,6065909,706002,737812,510118,574834,1494036,897647,3334
1367549,1270790,1210465,1222526,226107,5841777,674628,698037,490466,551534,1474958,1854034,4631
2026484,1801831,2336063,1534182,329918,5178006,696028,502171,497972,550214,1890258,3170553,7071
1691369,1656108,2055300,1583462,348431,6073201,502243,524449,383949,487702,1138090,2365940,6109
1382184,1596314,2389437,1807172,435055,6408623,884538,923027,553128,558160,1166109,884742,4517
1362909,1271970,1235998,1008476,327233,6741318,915442,956952,583449,648420,1910709,3067147,4568
1706261,1669473,2053770,1568686,234074,4825388,274446,516826,517777,570644,1513003,2422838,6283
1696640,1613035,2447304,1855777,434603,6819091,767746,749860,466985,575797,1570813,2457114,5978
1326133,1633263,1982161,1533778,339945,5894437,708796,740590,499715,489714,750453,845625,4223
1849479,1558300,2170082,1689508,460293,7889740,1146141,1178618,655895,725250,1852719,2460228,4735
2075161,1816730,2404410,1843324,326689,4821135,272375,514022,580519,639765,1929450,3194991,7681
1698462,1698358,2028532,1573053,336790,6046339,705320,508136,381813,427984,1109524,2285868,5985
1408533,1632150,2077140,1585248,338058,5930249,694886,727916,494604,549786,759664,898287,3510
1054476,1279384,1395307,1281718,332946,5957886,717713,752491,521259,578944,1545866,1624114,3094
2017443,1733017,2079996,1607395,234645,5397423,496341,746306,577118,640244,1887789,3154806,7601
1685113,1770963,2108891,1643286,331825,6279214,699185,511364,429449,467886,1223883,2532395,6365
1317173,1779406,2095181,1642800,346389,6345728,727141,760186,560968,605340,797052,857649,3104
971222,1400541,1275908,1355782,347934,6142698,708677,731314,530213,590898,1557845,1669718,3026
1639749,1773349,2079174,1344130,125006,4922895,493542,757395,570781,621353,1623923,2461228,5957
1675987,1813790,2127436,1659346,347498,5788610,500564,284578,492951,548629,1564164,2358541,6201
1696540,1980205,2511144,1873536,447456,6530186,914090,956082,556946,616829,809165,1685206,4596
983980,1356204,1276576,1328800,434279,6708683,934901,977424,582821,645704,1940867,2305184,3057
1674573,1786757,2143192,1378600,127566,5006560,502889,740599,541778,594100,1534130,2375473,6232
1653361,1801942,2080296,1614299,332074,6145003,486304,283905,429417,537566,1607999,2525371,6286
1591202,1793529,2072796,1634766,346702,6233012,729149,762236,558416,538067,786472,863643,4371
1033880,1453980,1683334,1621105,432320,6749770,897864,924298,580910,639647,1833678,1578155,3341
1657231,1763510,2050379,1325485,124994,4752382,494605,761200,542915,602942,1599218,2497486,6312
1644286,1750058,2092548,1634192,346816,6209322,499442,280936,419527,524539,1540205,2335764,6109
1664063,1814421,2128403,1643493,336918,6251483,690626,722160,550862,525933,784254,897009,4769
983753,1390321,1703438,1630995,340595,6299516,734512,768288,558883,626173,1609133,866224,3063
1991791,1746480,2104873,1349941,235332,5544126,725515,749630,602621,661492,1905786,3135683,7406
1662262,1712232,2042626,1580910,318292,6303394,455972,336629,419712,521226,1495337,2434146,6426
1635874,1732141,2067822,1622300,347846,6191841,728786,761981,546169,525844,777395,864640,4498
1028666,1343431,1685809,1611801,346884,5980757,708009,731033,535667,587174,1547631,888669,3211
1657291,1529634,1651338,1054375,125393,5531793,707407,745712,553395,610267,1611622,2469418,6094
1945531,1945824,2503296,1913910,457072,6155537,499715,522571,481035,584139,1518200,3052489,7277
1359816,1693688,2048612,1578426,338997,5991187,699235,730502,498649,496048,766265,872305,4708
1016388,1279512,1587134,1416637,318891,5854720,686880,718153,503731,567017,1485333,1224720,3066
1725732,1455704,1656025,1295481,225943,6120407,921640,948738,536089,596143,1798531,2359355,6186
1775462,1628456,2025372,1558087,333307,5335597,273071,283238,447875,564887,1568559,2541224,6321
1663551,1633732,1984104,1544285,339820,5908038,715783,749842,444231,419630,748605,1611885,5866
5886741,1768483,10142811,7704745,1932151,17171017,3660249,3918162,565549,720080,5135166,8717270,7182
1661292,1496879,1640141,1316453,124080,5401289,492800,757051,529626,589142,1588031,2460319,6144
1664498,1758484,2096155,1635518,345119,5495834,450766,283731,481790,580137,1512447,2342747,6060
1734245,1817560,2143953,1651768,339855,6139181,699176,731437,496852,476879,815546,1733994,6808
989945,1513988,2041501,1601732,340118,6195919,733160,765039,540781,588530,1194418,882051,3209
1645793,1630586,1720552,1373846,237466,6370621,727059,980612,615758,680437,1941187,3181462,6459
1678838,1784535,2103705,1621439,331851,5442139,486758,284194,495280,548974,1629448,2560341,6657
1623344,1722129,2058279,1636911,347926,6344937,730668,763904,512404,550211,835027,1621324,4470
980239,1610948,1826477,1654940,348463,6181863,709505,732076,550012,601209,1187590,867094,3077
1324362,1339481,1278846,1076508,228747,6144776,713369,754162,546934,608518,1602247,2487210,4556
1974186,1933419,2490166,1900450,346118,5456036,495853,520350,530134,574577,1882544,3069176,7265
2024372,1959751,2547973,1923816,338964,6087859,695994,950976,521362,582533,1189358,2539306,6543
1044649,1607160,1701107,1634759,331014,6188591,717533,753931,580166,635002,1220936,905434,3334
1342950,1555202,1685671,1061530,235535,5636983,726959,749571,540590,599785,1553447,2418068,4829
1690374,1735792,2090022,1888602,326468,6126015,474648,730906,560595,666622,1982329,2507933,6088
1586744,1738770,2036617,1596991,336060,6165643,709074,500022,416519,459995,1174772,2245691,5892
1360544,1704786,2042367,1886532,453531,6580201,919191,946581,565484,624736,1176673,873625,3231
1329949,1525014,1649038,1047761,228688,5577285,715455,755847,556696,603008,1602374,2472421,4522
2336662,1862056,3021326,2352408,392000,6909809,563221,652446,494819,602792,1830831,3461205,7615
2937767,1768957,4976711,4268246,1066037,10862972,2013887,1993135,430137,457582,2345562,2908059,7307
1364313,1417340,2000244,1546138,339093,5844936,729073,762214,505705,566321,1148471,841363,2858
1465617,1443732,1658566,1300996,299325,6020474,930819,958132,538620,601526,1811458,2310651,4898
1697687,1624614,2005426,1263209,228771,4589150,489624,516781,515569,562242,1568404,2534786,6193
1676723,1665245,2021027,1565878,342257,6033769,498764,522930,401488,489341,1101963,2274489,5958
1384135,1674199,2031249,1568031,332528,5892900,679667,708174,502141,501880,764744,888347,4988
1029469,1270160,1602177,1263937,325390,5912598,700219,734837,510647,569579,1544413,1617901,3128
2041994,1685343,2075005,1592442,236488,5238350,500520,753835,580044,630106,1870221,3130436,7434
1728485,1633224,1983229,1519703,321461,5847281,601378,504289,395228,494787,1122618,2434782,6240
1386646,1738243,2057864,1594451,343022,6075271,727761,762660,539044,521080,788860,880687,4521
1067180,1271390,1637810,1296573,345225,5949903,713522,737498,499666,557679,1501134,1653759,3147
1755007,1628378,1977425,1524802,222457,5956540,687158,949697,571163,635749,1544523,2490512,6293
2024897,1786809,2386156,1837487,449647,6015844,710452,515016,449992,501758,1488998,2981756,7368
1403524,1703306,2061984,1578452,340021,5767238,697671,729512,502475,555483,756836,894007,3349
1031334,1243216,1333998,1248153,329467,5867023,711585,749105,491484,538642,1533298,1660871,3191
1683804,1412227,1597246,1269697,125456,5313451,490688,736727,503081,547460,1465946,2279038,5794
1725572,1646406,2043379,1568769,331222,5267941,476460,284343,454317,506325,1558650,2468276,6218
1676902,1644128,1966042,1537395,331032,5926027,704009,736410,444240,498492,745325,1582680,4471
1376293,1486347,2059791,1855764,450222,6506625,907048,933831,549692,619212,1488398,893206,3254
1729192,1459301,1637459,1026119,127367,5212091,719618,764461,520072,570529,1581657,2494907,6236
1713611,1618813,2022469,1573016,328926,5353081,270709,305521,444735,558507,1490189,2329300,6306
1709660,1585455,1958340,1515628,319993,5795349,660220,501964,428301,418436,1108013,1596604,6275
1317629,1451983,1985170,1531550,334219,5865480,718029,750872,506326,561886,1124498,859311,2944
1700426,1478156,1636893,1280926,236502,5822750,940961,968660,551325,613915,1831265,2352363,5916
1746234,1613309,2014035,1539449,328222,5295314,270195,282487,456825,556385,1537973,2479411,6201
1667397,1637168,2017022,1572081,342172,5984992,718205,747486,452915,423119,769227,1593371,5863
1089987,1425622,2027102,1566580,341959,5754772,693490,715793,490361,542213,1120031,893741,3233
1379391,1300943,1222518,1215554,214844,5828328,672951,711371,515195,574269,1498021,1784347,4601
2303019,1996488,2811729,1834805,430654,6119971,675047,707915,550102,618041,1865707,3068000,8382
1727368,1809228,2183652,1694746,340016,6488640,696698,727685,507215,477130,832655,1758071,6815
992094,1557032,2059715,1591241,340238,6096409,727764,760690,565008,623119,1197135,881061,3084
1342714,1361161,1268041,1063871,232181,6272792,715262,737284,531231,589957,1516878,2374796,4638
1642995,1768676,2067759,1571838,229779,4805356,271865,510990,540640,604420,1606296,2533059,6153
1868409,1926188,2413146,1867196,447224,6730028,788116,762204,467835,518320,1123346,2261017,7011
1032157,1622743,2151073,1688491,351497,6259044,711751,734049,582857,634900,1239546,910111,3413
1343180,1327031,1270411,1073875,233400,6347042,713225,755793,567811,619366,1616803,2436632,4588
1628608,1785070,2127091,1660376,237319,4923507,270755,521990,564748,616933,1544939,2354630,6050
1698567,1796700,2137040,1632903,342111,6175048,700721,508978,432880,468351,1201782,2535840,6475
1300531,1695338,2056775,1609659,340963,6199271,728015,759791,550015,600865,811005,872223,3200
1329372,1417594,1537091,1338768,335325,6818421,921686,948603,606429,659191,1850864,2404061,4721
1666135,1728010,2075715,1920981,337970,5667667,493217,749842,621725,692807,2034818,2525204,6146
1640196,1773752,2110983,1661842,351078,6379688,731012,524463,447139,476502,1193801,2373748,5902
1336389,1737736,2501848,1902990,461507,6711512,925827,951197,586349,648782,1164686,873687,3093
991389,1354001,1249530,1326026,336907,6007856,715294,755713,533825,593410,1586912,1677139,2993
1964692,1921196,2493095,1617556,235700,4892581,494505,757533,597714,653696,1899424,3082376,7391
2010212,1926830,2532435,1905943,444892,6737871,906051,722269,477315,460401,1215888,2562393,7803
1307816,1744345,2054861,1583885,340672,6059249,725803,759117,542574,600053,795812,890335,3164
981232,1345565,1271395,1341857,348648,6096129,722911,746529,535943,589979,1528653,1662846,3226
1652797,1690312,2015480,1268621,122787,4658131,483401,739730,525485,576433,1576862,2533551,6141
1916321,1978466,2483468,1932877,462379,6959537,729030,522788,505591,560708,1581111,2344660,7287
1332125,1694059,2104370,1635282,349899,6069080,707443,729679,538751,585063,1062591,862153,3082
980998,1387999,1266367,1334557,333413,6073409,717994,760133,548831,600499,1591059,1654559,3249
1682707,1750790,2134152,1373818,128833,5046070,507570,768615,538712,590273,1519575,2352833,6072
1712032,1741368,2127617,1631085,341560,6059552,484024,281660,437462,533633,1612175,2564606,6696
1585041,1750604,2052763,1580675,334536,6073752,715130,747676,544964,527129,781621,868845,4704
1319120,1386626,1674291,1627113,349057,6750646,950861,978044,598819,657994,1892671,1642781,4432
1680962,1698485,2069863,1313783,220794,4938409,483391,526407,547201,597722,1602484,2520136,6172
1592439,1748690,2045802,1612376,335023,6208174,469333,298346,435534,542780,1495421,2264947,5788
1670381,1735202,2117105,1650985,348601,6173872,704118,726192,545621,528532,801814,892236,4936
994935,1469177,1695316,1634013,335520,6200861,713337,756161,586458,642066,1638015,894174,3164
1936708,1743810,2071348,1337789,234230,5435872,713389,749907,597291,650764,1882327,3064913,7493
1998935,1982962,2510927,1892819,432642,6742365,669321,699511,426144,534762,1215823,3234540,7963
1320845,1748128,2048592,1596167,341919,6156337,732475,762862,549449,534874,798502,876945,4529
987446,1387767,1712138,1568424,334343,6117092,694925,718551,541998,593217,1484027,1108146,3134
1661825,1561367,1678708,1061567,125180,5639086,703108,744468,572252,621102,1634701,2544628,6389
1899032,1942001,2473211,1903045,461928,6118921,500220,520802,471645,595910,1560740,3100061,7135
1320211,1763348,2083009,1621333,343702,6050209,696132,718108,541479,525953,792458,865655,4618
974626,1360223,1658316,1340419,335754,6081214,716303,758811,547686,601271,1625325,1669166,3009
1632725,1595899,1696081,1324660,125739,5502109,503059,764037,542768,586464,1512387,2344201,6066
1681889,1722822,2068348,1592166,329721,5471564,375715,286589,467155,584339,1550548,2468133,6477
1614749,1888272,2445289,1861870,449096,6701978,958195,1001041,549888,523614,807332,1642764,6011
1000287,1375191,1700073,1359371,350846,6348888,726755,749729,537947,596443,1532900,1637005,3123
1662874,1551977,1685353,1330017,125200,5586774,487784,743679,551976,610701,1588623,2538585,6189
1606244,1694339,2060864,1612874,349709,5561697,498024,280706,484712,534304,1547550,2345998,5801
1671691,1806210,2138605,1657842,349133,6177657,706086,729616,492863,541314,802307,1689661,4909
990166,1522600,1791339,1597336,335176,6108135,717058,757888,548231,604585,1219266,871965,3104
1621287,1574396,1700653,1363881,236109,6203009,728676,1000688,617180,666896,1907946,3096070,6121
1653468,1778034,2090362,1599796,342067,5464770,487094,284857,480375,526642,1581275,2519948,6032
1880298,1878907,2459791,1892831,440645,7023263,939328,981489,515799,566021,826136,2284634,5638
1021337,1536154,1692836,1643490,347206,6430832,720709,739176,545477,595201,1181814,912680,3330
1347591,1579721,1667340,1051521,229861,5469035,699231,740301,554837,617398,1620754,2530042,4549
1920082,1917713,2468841,1892858,349220,5901088,499999,522664,527609,599440,1942385,3089130,7044
1654163,1765016,2102576,1629500,349134,6055356,706880,729395,498592,535505,798716,1671704,4749
956741,1506238,1642689,1580328,335931,6012932,717996,760888,524708,580172,1186916,861338,3015
1365883,1678212,1742915,1114156,239582,5693368,732840,762941,595974,645914,1570081,2371104,4598
1720129,1765058,2155518,1663384,236413,5685352,275750,500644,477189,589775,1584303,2530801,6754
1921694,1970945,2497186,1913056,450206,6916428,956989,760616,563538,560503,1224051,1665086,6142
976451,1427757,1671609,1592810,350382,6036994,725474,749355,515084,567771,1468112,877826,3137
1329372,1508671,1655638,1049921,205014,5436992,670751,710730,547039,607559,1576995,2423484,4687
1601024,1741516,2054134,1604208,236854,5470449,271137,522771,478992,599128,1552054,2348882,5701
1668703,1745462,2087534,1631545,349228,6051081,706862,504477,485340,464857,1185805,1666955,6035
1331124,1520983,2032415,1590874,332084,6204545,709613,752000,549630,588179,1177828,865748,3061
1999453,1648632,2024613,1544605,349949,6469593,1175397,1226034,599497,593234,1809512,2309976,7180
1724066,1630044,2058327,1574630,340643,5155728,268448,279361,449187,561747,1560722,2532341,6261
1888197,1941499,2448896,1898442,428132,6913849,910288,592886,509340,474618,1465186,2284625,7294
1312660,1567523,2120741,1638982,351211,6253776,731136,752842,538394,603155,1193359,885145,3142
1296537,1368514,1261094,1312970,229451,6067290,698729,739639,538885,594962,1584029,1737485,4681
1904957,1751002,2071594,1624061,236210,5550585,499590,760726,615477,670023,1919620,3032537,7146
1659239,1803293,2123278,1653611,345249,6110280,700658,509405,433799,468166,1200474,2517071,6340
1286984,1745888,2088774,1633370,339259,6285353,726889,760695,557646,614704,834416,864902,3150
988349,1400707,1530244,1339570,334893,6202701,697109,721203,551070,602578,1502579,1627163,3262
1693194,1531850,1685506,1339367,123142,5456608,484976,734386,541803,600669,1594625,2522301,6284
1976169,1905050,2484423,1912055,460214,6465852,738211,532299,506136,539029,1575701,3144047,7308
1366115,1634308,2043860,1579643,344291,6038292,704188,728743,510304,556167,773005,877162,3035
1034641,1245735,1214204,1272653,330009,5825670,697477,738668,521689,575104,1560469,1674622,3010
1670018,1629644,2005951,1271523,124866,4566371,499699,750970,500841,551810,1467692,2284989,6028
1745300,1713707,2058163,1582370,335879,5311633,473464,282316,444153,497676,1498848,2449747,6359
1694834,1720311,2343573,1765050,436319,6421433,932795,979410,481240,528302,759703,1646166,4870
1046942,1243986,1209381,1271650,339067,6012373,706185,731451,505693,555297,1475198,1616157,3249
1758719,1680266,2056820,1317366,124986,4788827,484554,721396,533943,595725,1595540,2510050,6462
1664778,1657875,1997413,1549413,343479,5810931,495103,280121,401022,515118,1534815,2375902,5804
2081690,1854758,2452518,1853523,445345,6571981,709247,731327,493997,549262,1113053,1575759,6104
1153310,1415038,2010732,1554664,337137,5953806,719674,762737,499163,551441,1170141,896273,3271
1712021,1401232,1593329,1265941,237264,6013627,948031,991334,556445,612682,1840519,2367557,5868
1747538,1582153,2006428,1531724,331120,5138104,271481,285013,429122,547113,1524044,2475897,6412
1638752,1704156,2021162,1568500,336187,6052910,717405,750201,472987,455520,762809,1641927,6106
1020875,1466375,2039347,1563042,349817,5927107,724492,746522,486910,536870,1114211,856309,3073
1380295,1248537,1208090,988121,225874,5861506,691918,732659,504009,559252,1542250,2509992,4519
1973438,1748446,2349144,1768069,327794,5414740,328665,512967,495528,600881,1790173,2918727,7574
1772353,1662691,2073113,1598895,346220,5971334,699919,720787,442288,432386,773051,1713001,6512
998008,1480097,1942266,1510439,322057,5725180,687582,728264,511547,579796,1164928,867228,3067
1361127,1273208,1234962,1007973,237006,6033770,708769,740843,504777,554388,1468147,2302376,4604
1789419,1575884,2022021,1534402,228191,4618469,272707,509137,487220,536393,1524162,2509946,6362
1993659,1759918,2370995,1805513,445843,6541528,946539,758713,439727,484906,1142295,2376181,5925
1066058,1496796,1877229,1550767,330839,5980361,684074,703549,495016,553358,1082315,883145,3062
1372728,1227709,1202322,975811,229999,5863230,691684,730471,497937,559270,1528717,2517210,4728
1673621,1654665,2002677,1549075,231870,4615667,265945,519372,503029,551165,1490580,2333380,5939
1728903,1661728,2025704,1553657,331892,5759841,463584,284317,373730,488049,1505950,2490858,6465
2001812,1756671,2732614,1775905,441159,6607977,1155684,1211312,617593,619908,1543117,1600806,5653
1386430,1249621,1240312,1321064,236882,5971354,727600,752524,514625,558032,1501252,1630096,4514
1720953,1640588,2001630,1257598,197137,4630349,484960,566607,505635,570412,1530788,2477597,6097
1670693,1670570,2015725,1577455,341138,6086694,489285,282194,391377,506048,1522170,2343665,5889
1715607,1609203,1974820,1510202,339606,5735514,693590,715149,474373,467477,732834,860679,4554
1031627,1261784,1623711,1538318,331762,5906256,701035,742553,508880,566068,1557484,878132,3194
2035678,1706420,2055369,1327536,234117,5236172,718627,750192,583505,630727,1858693,3010216,7461
1804251,1697833,2070393,1576310,341559,5985020,485172,504675,406630,500982,1149253,2534748,6643
1464075,1581528,1962464,1516265,330934,5855083,711827,746275,491967,480226,766106,859611,4579
1069104,1299447,1673802,1602019,344748,6161769,718817,742038,513023,569055,1479926,866182,3109
1753044,1422123,1600184,995221,123396,5160103,669634,703372,491786,540544,1485844,2414193,6180
1995251,1807225,2387612,1836483,447726,6000127,490391,509071,461637,573219,1534570,3078012,7261
1398308,1669736,2067723,1586995,344340,5853598,699619,721500,500529,496394,752171,890757,4836
1052684,1298881,1634362,1283896,335780,5852551,707352,747209,502360,549190,1559070,1716184,3224
1651091,1336444,1511389,992584,230243,5986756,946166,991490,509901,569727,1775299,3033775,5484
1709603,1682459,2058985,1560319,221978,4723621,271510,508128,510247,568941,1537362,2463146,6290
2058572,1758282,2344847,1789005,529166,7385469,1123940,954988,531888,576991,1477353,2998974,6145
1075561,1492137,1684152,1591590,346258,6061276,716970,736201,505441,562187,1108011,910612,3315
1396480,1449294,1609203,994602,225347,5179014,681514,721713,508760,559616,1533195,2471638,4661
1682222,1603847,2003088,1549292,232236,5282354,272514,522155,455263,555499,1508261,2328722,6076
1752125,1590297,1995587,1534991,337693,5673427,682849,493616,426487,423717,1118157,1711722,6126
1363737,1607509,1933266,1506810,317769,5808757,676328,715637,507560,560557,823926,882320,3087
1412987,1463105,1640423,1261098,339171,5743381,927032,970645,539679,600205,1776060,2320460,4716
1768618,1647284,2045814,1549610,224726,5171681,268204,506301,455332,561305,1552680,2535086,6987
1697144,1576281,2012797,1550565,341066,5969472,718933,521421,433068,425798,1156578,1664168,6501
1384721,1449317,2051794,1577029,350099,5933824,723139,746690,490920,551321,1120451,900193,3273
1373072,1243966,1217569,1258639,226287,5911710,692079,733478,506139,562072,1533920,1700091,4425
1989857,1729652,2340517,1530328,274744,5222778,502062,639560,508399,603375,1813104,2966363,7238
1732204,1628550,2036400,1576686,343602,5889520,695262,494202,444392,429875,1138487,1680028,6349
1345064,1594971,1991444,1534064,333543,5769537,715396,750408,506906,491883,768379,874797,4486
1045435,1252218,1636555,1301947,344330,5910433,717072,740504,489984,539399,1463041,1602745,3181
1730307,1501205,1622758,1272526,122800,5282042,475424,717499,507014,574011,1527062,2500198,6525
2022236,1851198,2386129,1814675,451763,5829920,726488,522697,457289,503956,1521014,3105094,7371
1363632,1583969,1992037,1790456,430841,6639064,874799,900727,540952,537334,1098446,894770,4570
1031582,1270515,1591489,1271005,332105,5748361,702492,744690,497236,549590,1527122,1628969,2906
1657220,1489162,1629533,1292405,124867,5217748,489559,750700,496167,546435,1459759,2273790,5808
1757293,1649183,2075335,1589320,344860,5257938,485541,286280,452218,492726,1523016,2524011,6497
1666084,1766982,2360894,1787549,437925,6500867,936740,976658,506115,549504,770358,1657209,4623
1060450,1247575,1227647,1274978,340085,5815099,705230,726246,493048,541107,1452779,1622083,3228
1752094,1464431,1875072,1261539,124060,5147607,486188,724504,491200,552317,1563572,2533560,6616
1695243,1590307,1967704,1519224,333417,5270347,486330,283115,447077,502444,1487342,2314835,5952
1756085,1655815,2052635,1576159,346210,5875271,706800,726765,435785,485889,784983,1678197,4711
1031784,1466006,1604504,1532608,326773,5831952,692828,731728,516475,556393,1133579,856481,2960
1679548,1614219,2041074,1287357,233263,5348441,720620,990691,567625,621850,1858456,3045229,6055
1755117,1569544,2006612,1526928,328641,5150755,265454,279266,425053,535667,1515203,2500367,6497
1675318,1606742,2002761,1543559,337601,5912082,716550,728360,449692,437238,840835,1647501,5939
1337107,1500267,1997116,1532553,332851,5907874,687510,711037,500084,562450,1107309,893207,3087
1392530,1265601,1220766,1265358,229079,5914060,695042,736150,503212,551506,1545738,1702930,4776
2005992,1786287,2378029,1561299,338585,5351225,500749,523869,510039,628934,1868523,3008491,7011
1705106,1679153,2059410,1597211,344241,5871620,698426,725103,442726,421877,758925,1672325,6258
1056557,1634812,2368025,1810014,414533,6880212,888222,940497,564619,640041,1158349,874992,3221
1383845,1265069,1238072,1052678,237063,6028048,727360,761661,502023,554400,1494059,2324831,4629
1694087,1618863,1985631,1289191,226260,4495426,424734,476659,489020,539307,1504404,2389576,6211
1963802,1763541,2335070,1777088,447991,6510236,719096,751329,451770,481061,1140879,2358519,7121
1029479,1464061,2015880,1565380,339771,5939362,699814,721600,505549,561946,1113146,856405,2979
1359536,1261851,1219942,987781,230761,5881563,696298,737581,515650,573249,1529076,2498167,4534
1696056,1603984,1957386,1508267,232984,4642967,272291,500114,488220,527876,1438708,2264650,5901
1785874,1732882,2131801,1648037,347946,6051271,702190,509184,414924,455919,1206953,2554086,6709
1326535,1634542,2327258,1766678,419818,6428306,892526,946551,553079,561022,1149901,883735,4584
1051076,1229549,1212313,1300244,343765,5941056,717383,736646,508928,559817,1489412,1603782,3232
1767413,1627267,1974845,1270179,123089,4644076,475052,718313,498247,558435,1517864,2482913,6316
1664180,1687004,2033605,1573725,343097,6094789,498138,279357,425827,523643,1531072,2341486,5919
1693043,1815339,2145147,1673310,349671,6181715,708048,731595,559970,546270,803473,887211,4952
1005106,1351119,1656391,1589449,333297,5998494,709005,751890,556144,597055,1612739,894859,3224
2059566,1948840,2489198,1630175,279282,6147929,928155,1209276,652224,657773,1869507,2994310,7420
1683822,1783762,2130624,1641043,341072,6108203,484536,283000,438504,548956,1603125,2553861,6571
1859003,1799260,2380463,1822803,436830,6842397,936371,976270,575608,572530,843024,893984,4561
1049686,1242265,1670821,1596843,346443,6133198,723916,745023,512205,559900,1492981,884529,3156
1748130,1436754,1591791,984973,122912,5293439,671138,707750,489459,550376,1495305,2442689,6393
1964738,1780773,2340313,1783217,444424,5880150,489767,477975,433916,542659,1577771,3019601,7067
1730180,1655440,2041206,1563167,344990,5928459,702371,725012,501965,480196,754510,859760,4629
1046985,1250463,1591849,1522294,327988,5876374,694676,733569,495196,546425,1520832,899112,3291
1718160,1423534,1628817,1000777,124321,5235183,726212,760553,507236,557913,1498079,2360561,6157
1721252,1680266,2038443,1545457,338090,5255030,270361,280184,451744,559972,1524656,2510440,6225
1932418,1885950,2473502,1904081,453597,7007698,964048,770301,495870,539701,1223620,2434303,6076
1009615,1590318,1825893,1640160,349264,6132890,716780,738513,541595,590552,1158421,892646,3192
1323701,1316364,1265312,1041366,228986,6056135,682838,724925,527354,590437,1566098,2497518,4778
1630296,1729251,2091416,1634427,236382,4812643,268080,521474,549343,592574,1559252,2358683,5994
1706949,1757797,2130864,1647666,345574,6180921,704829,508468,431001,464850,1216053,2542740,6580
1310895,1788832,2029719,1578409,329702,5974335,709444,750326,554041,610736,798000,873628,3152
1321822,1563641,1675485,1331316,349676,6087822,947577,986454,595714,646954,1874421,2336410,4444
1668154,1736665,2103207,1597619,231332,5127960,271756,507851,491374,586010,1584057,2535543,6440
1589416,1754729,2025985,1589484,329931,6077478,699348,491048,420470,456161,1166672,2202037,5988
1673904,2037379,2584618,1999966,457318,7059907,930665,951845,559414,609283,825637,1638610,4812
988940,1350379,1267750,1321074,335296,6145647,705975,747590,565898,612371,1630521,1731285,3249
1900057,1920318,2490072,1625195,237325,5434859,500987,752140,554609,679930,1923450,3050303,7443
1656289,1770100,2112722,1626415,347387,6100650,703109,502757,500603,478137,1191255,1701765,6296
1322201,1541559,2090983,1642397,336931,6267912,717820,762629,570949,617059,1225432,891451,3246
1105511,1410872,1309765,1373379,291914,6198031,697680,725309,561763,611692,1510676,1541981,3309
1723136,1741515,2091034,1320292,121728,4705981,483726,731027,517402,583397,1582213,2559397,6437
1918122,1877452,2422654,1854767,454672,6716356,730065,524259,494234,530093,1573224,2404464,7132
1331464,1598968,2130119,1658506,346631,6392799,709344,733340,553844,610355,1203237,905615,3323
1320174,1386740,1261484,1318281,229284,6000087,703155,744990,550447,619162,1604905,1722421,4702
1615838,1719982,2057298,1328528,235367,4757642,498557,520563,543138,592090,1556936,2334158,5881
1643565,1775179,2073130,1612437,331607,5992690,457927,413727,429631,530498,1358628,2403332,6358
1583940,1728817,2414582,1842719,442651,6605220,944195,1000531,602358,600696,1201856,870253,4353
1331601,1363184,1275301,1359857,235760,6085098,725627,755922,555240,597193,1535292,1612605,4653
1673298,1773884,2127799,1323248,229917,4831860,487128,507106,544711,599706,1620509,2548278,6616
1623553,1722142,2054349,1604051,344205,6041280,498440,521073,429161,538349,1183722,2389813,5946
1322126,1766857,2117922,1646428,349320,6231723,718355,739937,542276,532479,814262,880648,4695
1312999,1623374,2065452,1719015,433872,6753434,905043,964263,551994,607331,1612308,2367057,4761
1965840,1681055,2082452,1330387,238840,5477594,727635,761128,589294,642623,1909594,3104240,7521
1687198,1764031,2124387,1652905,347273,6096776,486737,506788,430795,528982,1187365,2507855,6462
1348172,1747106,2082073,1625298,334177,6175472,718301,762392,571708,537435,811618,891645,4672
1019488,1388536,1680431,1349207,342660,6240887,714671,743370,547254,606916,1530589,1639321,3245
1692559,1542152,1681245,1323979,122599,5333581,485273,731914,546763,599039,1612212,2531990,6304
1893440,1920084,2429119,1873274,453609,6211571,708619,521612,484248,584904,1585222,3147723,7126
1332071,1842092,2139271,1660701,345256,6372923,708158,730800,554302,554535,831189,879797,4522
990453,1371698,1697143,1363608,336393,6278687,708193,750020,569378,629341,1642327,1724386,3098
1606730,1601672,1682335,1345434,123552,5608728,499452,761322,577786,613853,1568273,2329910,5961
1656676,1794764,2125998,1656834,342571,5414457,487178,281211,483017,536953,1569162,2480829,6502
1639740,1916102,2442111,1869564,442421,6646790,944348,1000767,555524,603618,812635,1666617,4508
957817,1395135,1337024,1342331,348925,6185122,728517,757482,554217,605074,1552097,1626521,3215
1639671,1645652,1758926,1339455,124514,5426143,458199,702609,566078,626634,1567830,2428248,6249
1879368,1874141,2426839,1864575,454094,5468214,501486,282795,550142,597558,1970216,3124377,6869
1681123,1800077,2131908,1648489,349740,6271353,716449,738690,484540,528366,802118,1666975,4716
1316402,1751516,2041804,1862078,428436,6802295,897340,733228,552450,612943,1581871,1634768,4317
1714221,1628236,2051932,1296260,238333,5206507,728847,992403,558339,623408,1874705,3081394,6457
1725377,1690996,2066540,1585932,342828,5843790,484592,280171,385556,487903,1523077,2466574,6475
1647861,1607966,1943425,1516783,312662,5853795,668012,708341,466593,497673,782172,1306986,4445
1040770,1413315,1626023,1577321,349830,5987050,726823,753427,493391,545575,1138320,899698,3259
1364277,1461020,1608023,994416,225278,5070956,675821,707805,491550,555178,1514475,2461005,4707
1967871,1788148,2384890,1810231,337629,5928549,490173,524605,435697,558005,1912039,3143116,7375
1671661,1755008,2118128,1631849,349213,6174160,718664,740927,537600,530300,799508,889910,4686
989260,1423663,1707691,1635521,338693,6337908,712684,753405,566904,615332,1629340,889520,3182
1425646,1585644,1685434,1052646,157552,5391036,697090,728500,558193,612946,1532252,2266062,4850
1693989,1731910,2097882,1622320,234108,5392997,270016,507890,483521,590459,1577074,2508086,6392
1940472,1881793,2426652,1848329,442055,6674593,945461,760033,542464,540665,1214381,1664032,5850
977561,1365631,1685547,1632985,350259,6251644,729634,759020,533665,586966,1524434,864036,3010
1677886,1546857,1699435,1048614,124544,5363167,701172,732901,551702,605992,1602991,2520644,6253
1604234,1735751,2056677,1604929,343815,5388489,270669,282862,478968,601768,1571997,2384409,5679
1693345,1781533,2126810,1655419,350516,6253286,718241,706938,489696,477623,922168,1660830,6202
1345462,1597935,2102886,1886835,441245,6700603,921525,981182,628012,680271,1625726,919853,3267
1974382,1702573,2062092,1319983,229167,6098870,729095,761835,537930,655470,1900429,3048627,7413
9417015,3830728,10635069,6676019,2431752,17809341,4234447,3544915,830145,1043586,9518854,20366435,40608
4745263,2245176,5844280,4109888,1677300,15647824,5897261,6725113,1008475,1174206,8291868,14813028,21557
1163036,1296214,2570496,1998787,994253,10577799,2050663,2136353,659738,789672,3181032,5218906,8771
4059721,5441389,9881391,8242993,4025843,22445264,9152694,9611495,1642135,1753603,10435222,10144085,21904
2579388,2087552,3572924,2474323,535831,7150711,506228,526270,597952,770357,2777846,4833754,16824
7876753,3091460,9480891,7462445,3689088,22805795,7652341,7423318,841928,968292,5838738,15993037,36658
1954159,2255071,3151993,2372108,689538,9053027,716195,759128,686001,790792,1549983,2939421,7083
3059648,899509,1721856,1183896,477351,9829880,2849121,2876821,480538,606202,4061835,8861849,14779
15475743,15641455,23947135,15670321,7649159,23256404,15778507,18328358,2718632,3280972,23916899,37377876,44849
26434358,12689982,36552405,22966384,11533836,31561109,20475796,26022140,1433153,2185355,32297288,66570538,81700
781280,218100,1130843,692758,376257,1956728,742434,0,5187,79793,954443,2043495,3328
587040,156595,849498,508334,290537,1526673,565560,0,47610,104128,711284,1558739,2251
587520,157851,849724,508459,291082,1511746,566470,0,26546,82803,713934,1560854,2182
589840,159962,853531,512618,290836,1495407,565879,0,122,64227,720396,1562490,2139
730160,176172,1055992,638243,360707,1620749,709817,0,0,65305,918012,1920018,2451
759040,212907,1097994,681355,357519,1827202,702245,0,9204,79342,942949,1915957,2702
593520,171532,858512,526985,282035,1474442,548674,0,17906,75150,725465,1512906,1977
582000,142095,841656,510645,281033,1463379,493665,0,32970,60659,708959,1507038,2075
589120,162166,852623,526958,276498,1627681,735218,0,33864,56518,717692,1480553,2005
590960,175197,855415,532501,273598,1639640,743373,0,40478,63404,720155,1462428,2028
758800,193657,1097314,686145,352049,1878921,850097,0,39457,66874,949014,1876000,2535
590320,166483,854287,530256,274200,1670697,746791,0,35734,59091,720874,1469612,2063
1373920,1650450,1987246,1481499,409508,4222162,1163668,0,76227,221722,1577492,2347971,5624
53680,34601,77463,52629,19326,138329,40656,0,0,0,60090,112363,144
79600,71632,115117,81515,25375,170894,52939,0,0,0,92582,147579,112
83520,77376,120737,85731,26473,173728,54956,0,0,0,97826,152615,96
87040,77633,125880,91506,25839,177958,53724,0,0,0,103232,150508,109
68000,60058,98364,67610,22940,166723,48178,0,0,0,77163,137106,125
80480,76879,116436,83273,24653,171583,52096,0,0,0,93343,147207,94
71120,61667,102829,71825,23593,162342,49235,0,0,0,82581,136970,105
78400,72382,113626,82034,24005,167758,50717,0,0,0,92052,139664,92
2536720,5043140,4343087,3753316,559809,5519077,833341,311313,2152704,897103,1437768,3178547,5151
51677542,85187618,74778728,48227335,30612571,17941526,62028857,66470965,25775601,27067726,74342192,163945627,19289
11908098,2930100,17228049,12161081,2592006,26154225,5016337,6084326,201169,684329,13599885,21167144,15014
55561532,2019543,80424259,54934157,13080447,129755169,24675927,30796704,357781,900216,62641006,107652294,43353
54651977,1789821,79016455,53542858,12932733,129602239,24610810,30544784,279870,805690,61559191,106174188,40459
54476981,1845147,78840038,53329840,12951412,129514796,24805319,30871846,259778,798260,61249257,106668476,39653
54568957,1708396,78897333,53328096,12948083,129403734,24844359,30773405,256634,779199,61422893,106357771,39910
54538687,1899282,78978377,53522704,13083478,129551697,24778634,30719347,316052,829075,61430723,106822116,39006
54634693,2044219,78995693,53564262,12954713,129517029,24667642,30414018,428903,941012,61464375,106502752,39650
53557710,2033467,77478036,52569448,12786595,127039389,24178907,29980988,423534,934892,60193567,104591927,38397
53607813,2030462,77521800,52577868,12660710,126856098,24350756,30173144,372941,894532,60378149,104832938,38087
54510486,2110600,78751963,53518120,12927008,128667600,24493890,30196833,445649,996151,61389849,105834067,38962
54082065,2113276,78316564,53415777,12780940,126854924,24316343,30132821,549888,1067769,61116540,104715465,39723
53700115,2339290,77736551,52875913,12693948,127252412,24016068,29837521,527481,1089669,60355410,103508362,38500
54042594,2584529,78177733,53314183,12739854,126970046,23989759,29976774,704038,1265889,61003143,105171427,39349
54126244,3116101,78248815,53872939,12442548,124297282,23682322,29336580,1102005,1667564,61352869,101743469,37752
53414995,3920735,77236995,53293235,12214387,121852235,23109297,28720239,1634732,2236457,60713550,99748132,38222
52997617,6130063,76567689,53234894,11696780,118922513,22107358,27672080,3077198,3658691,60421381,97194267,40551
9571945,5266308,13679108,10411194,2185880,21490821,4057385,4442165,1621174,1877435,11636963,16555014,12535
