cpu_clk_unhalted.ref_tsc,l1d_pend_miss.pending,cpu_clk_unhalted.thread_p,uops_retired.stalls,br_inst_retired.all_branches,idq_uops_not_delivered.core,mem_inst_retired.any,mem_uop_retired.any,memory_activity.stalls_l2_miss,memory_activity.stalls_l1d_miss,cycle_activity.cycles_mem_any,uops_issued.any,br_misp_retired.all_branches
48855616,35244867,77390821,47427652,28330821,134795808,57029217,62092844,7212905,7969262,58482187,185399624,270569
97840,49048,141549,80700,54673,305937,0,0,0,19544,115209,290423,261
1693760,205179,2450628,1809204,378629,2753266,801300,0,0,91534,1611396,3056469,736
40711037,94836233,58950829,46623246,7566956,65908707,14662933,17312804,11225569,12145122,37574884,61508440,48229
36939287,29942942,50525560,34678123,9989701,74246383,13643928,14185270,2575223,3595112,26021290,72579602,129866
22754364,2902259,33138858,25227555,6136998,47275413,11798395,13208102,571208,996694,18273097,35745105,18233
22470129,2275699,32865241,24818531,5772044,46221914,10949470,12326613,277122,696362,17696287,34593034,16333
22659235,2335397,32554512,24780138,5674895,45723454,11025185,12409991,354270,751293,17966605,35984815,17579
22799365,2282782,32903612,24850557,5730433,44527855,10683121,12244013,315855,701565,17905577,36229721,17372
22906159,2183791,33038949,24864438,5912158,45551234,11237228,12432228,275441,673533,17656689,36223887,18303
22437316,2172396,32700877,24818136,5824130,44898961,11083605,12464509,277008,672010,17626808,34733624,17423
22561715,1959667,32620109,24581414,5745973,44520913,11130494,12522003,184985,576237,17765480,36377312,16436
22827185,2060203,33010692,24902740,5765550,44619070,10764627,12371171,187449,575636,17929958,36470109,18496
22742746,1990087,32925094,24787630,5887275,45329447,11168922,12357798,177971,563290,17638878,36409878,17923
22648784,1999853,32984981,24940807,5996592,44972551,11377649,12785834,178254,563465,17627754,35223208,17875
22541639,1922859,32626071,24506944,5784941,44027604,11231038,12633340,140522,523923,17842396,36581940,16159
22831891,1935315,33008073,24777437,5820994,44522824,10860594,12472294,138581,527833,17837110,36673043,18664
22819849,1890764,33003292,24822688,5905249,44752487,11227696,12426323,135810,517775,17650224,35925675,18620
22572540,1890055,32833800,24622512,5924706,45042587,11265185,12665558,130142,512809,17433305,35330732,17665
22811123,2025943,32998558,24810630,6037839,44745537,11428386,12834836,174481,565663,18331169,37444302,18776
22967445,1900066,33131427,24793910,5788013,43926138,10824351,12642792,120520,510994,18079131,37482502,18827
22729499,1861842,32976230,24781501,5921619,44421221,11244621,12428542,128322,506981,17543878,35881151,19310
22454761,1868942,32735432,24504228,5931584,44518224,11264828,12681019,108982,496375,17567471,35415553,18562
22440506,1803317,32285321,24364663,5798008,44382945,11237229,12632571,100364,496750,17758360,36029564,18726
22805283,1857643,32967501,24552671,5847854,44241803,11059833,12587660,109381,500047,17995872,37325923,19881
22654326,1908987,32827890,24623545,5926497,44496205,11273584,12500123,112069,499943,17663800,35998114,18878
22477459,1839665,32701713,24519377,5894815,44253810,11250192,12641156,113086,495012,17569808,35259170,17745
22565065,1851665,32467777,24514541,5824901,44556935,11264586,12669140,112315,494797,17834081,36228233,18826
22658037,1895637,32745766,24444708,5805703,43868526,11024286,12417623,92936,494309,17802752,36833491,19209
22721113,1876662,32984376,24742972,5937920,44415836,11076652,12486742,109524,498057,17568323,36643253,19120
22711882,1881194,33040869,24728678,6004770,44785517,11395703,12813655,125733,503897,17580631,35262044,18833
22506043,1886571,32425620,24565289,5782092,44410322,11221652,12628261,142787,530819,17866862,35906640,19338
22792981,1916604,33018182,24740585,5808106,44145982,11031406,12433898,136023,528619,17837541,36634540,19741
22833100,1874127,33053284,24840119,5925156,44379450,11057636,12472316,111633,507364,17632192,36840406,19914
22757584,1785573,33186247,24941108,5963917,44451277,11306384,12725815,115613,494901,17526192,35476447,19209
22614761,1793658,32722568,24755248,5921322,44674864,11431234,12818726,106065,488334,17912735,36520705,18216
23065519,1838339,33293779,24910679,5905881,43685257,10875542,12417760,122984,517455,18038432,37344705,20297
23264761,1578719,34142655,24407065,6348426,72098507,12189467,13432477,142314,545641,18281647,39945982,85379
1032613,516856,1347472,828890,392537,3091764,764912,804001,77978,103249,256069,1921931,4595
504223,645557,1014528,859221,335882,2848589,638312,695030,199071,229358,702977,775557,3092
747552,275402,1010248,445123,201970,1876165,612144,845129,87206,110098,1041149,2897176,3945
4852029,1190612,7325768,4732164,2323909,19149972,2539164,2584022,82530,304754,3768039,9854758,22337
12517577,6017915,17716535,11704142,3843275,36743125,5594207,6579617,1194883,1500592,9824127,22353168,36349
10334167,12888054,15390412,11280436,3232498,29191712,4648356,5657054,1447975,1745922,8766261,17841195,16363
11181007,9834593,15765413,10901341,3143860,30579918,4817955,5976134,1268745,1568251,9706391,21979665,18809
11888770,12227384,16823473,11549027,3056094,29971068,4206815,5269784,1546155,1826662,9397763,20741757,20365
10809048,9634433,15619494,11398047,3271335,30162668,4854912,5684739,1145237,1400396,8486767,18249621,19519
11099284,13018244,16041144,11303760,3209038,31609379,4631139,5793835,1671326,1969520,9909463,20030540,20761
11781582,9730039,16654516,11378589,2967442,30379324,4697241,5528333,1544995,1822775,9573845,20017046,22527
10983912,9241369,15760108,11648489,3202531,31031183,4378265,5566545,1124915,1444333,9258190,20137424,21083
6617702,8598193,9158525,6146317,1782319,17962418,2880640,3131972,592354,1083289,5270234,11029255,12771
567404,212234,1056728,750116,457377,2902578,852234,881197,81777,107496,818563,702883,2394
30316136,6094631,42959401,24457657,15519299,96123533,22428963,20191130,749540,1622973,30209990,94020134,174241
25182866,1953254,35885015,22568601,7636016,119221101,13298176,13759954,270237,752855,20211651,52567161,190969
26973627,2290962,38785879,24194967,9261578,123381679,16970209,18451597,240550,741219,21791733,55783701,198852
20971776,2757708,31055437,17486422,10934377,64880009,18904090,19587057,397723,824138,20307476,51614270,90465
16031456,16873936,25293568,15527174,6671902,43686679,9394948,10250920,2756993,3108202,18468251,37441253,46608
10287616,3624416,15884286,9640229,6041286,28194372,10173822,10923633,697183,952801,11574800,25419366,27395
28425788,17779194,41702759,28300035,8378185,125684117,16751956,17641454,4748746,5532408,26823845,51787846,179111
30071683,18381084,43793839,30197637,8409424,138273327,17341746,18402065,4865313,5707198,27721296,52885603,213185
14629587,1404772,21102529,13849050,3684537,77715768,6974275,7896458,26981,513511,10921472,26720987,116453
14658661,1516205,21219411,14020242,3800328,78274438,7285951,7892606,122917,578309,10711706,26365788,116080
14361857,1488686,21194306,13861400,3918864,77657818,7559395,8268813,76713,554490,10705743,25170391,111436
14311278,1489079,20481404,13515932,3662281,76923039,7345465,8078950,85157,564607,10905889,26553256,110671
14580320,1498665,21312561,13952672,3801304,77683374,7172875,8114742,100375,574572,11135689,26455619,113609
14497322,1551760,20932441,13713772,3783196,76895638,7347440,7867895,107916,573684,10715058,26687241,108973
14413553,1579062,21058839,13830604,3808188,77521643,7412937,8144698,141890,620246,10571359,25215747,109135
14293327,1448447,20498305,13536697,3797752,77008819,7584954,8302529,68121,548899,11086621,26606068,107270
14609025,1384719,21047932,13802891,3682436,77839020,6962756,7893914,13071,501477,10885855,26694905,113923
14723342,1408081,21274895,13897313,3920763,77987308,7392697,7893121,13987,501177,10847162,27188174,114077
14404756,1354262,21076106,13842953,3814129,77869294,7385880,8089637,12591,486342,10383256,25232158,113278
14048109,1348638,20413424,13559725,3797030,76988633,7394161,8121261,9346,506445,10798074,25806236,108023
14554936,1349834,21017511,13602729,3679444,76345332,7163305,8102107,14918,487957,10921617,27210581,109131
14543943,1362291,21046068,13804783,3802348,77721809,7378357,7898753,15659,489834,10611636,26720502,113507
14369646,1332807,20991072,13760201,3791148,77612512,7367717,8089409,3495,480011,10361786,25159940,115728
14269762,1359463,20564601,13623082,3899101,77003258,7562091,8265625,15833,484418,10731582,25853910,110464
15193562,3121388,23064380,15607050,4053063,83622408,8237337,9252051,1159549,1695435,12586124,27509711,112575
14673645,1555607,21200942,13860417,3930805,77107692,7418282,7915433,132930,587753,10972485,26513743,109889
14367692,1548452,21048419,13824538,3798701,77268865,7341254,8060528,116260,592316,10709459,25075723,112094
14230197,1618530,20644246,13756533,3769408,77154419,7350313,8078044,169716,637980,10978971,25646811,111424
14460679,1355972,20902980,13609967,3567335,76877942,7170226,8107379,53890,511726,10842710,26523421,111867
14463850,1458640,20862205,13642979,3780191,76796709,7138319,7649359,59229,531712,10869218,26591681,111393
14444146,1372272,20902202,13689252,3795440,77035229,7386382,8108788,25834,507351,10376949,25201108,111728
14244213,1367995,20611205,13617888,3795875,77065291,7582551,8294075,7832,498026,11085536,25882079,110308
14531090,1339341,20956066,13658651,3669280,77228735,7159742,7888442,10714,494174,10859166,26572347,115021
14444815,1337307,20909121,13690606,3788959,77127382,7092201,7669760,6741,479207,10786533,26424062,112641
14593282,1361705,21027573,13711784,3785245,76614856,7346696,8272359,13075,484626,10570259,26628618,109905
14124673,1369602,20851110,13637141,3791521,76843952,7372982,8093820,8700,483469,10594444,25178371,111209
14499878,1363745,20764157,13621019,3692414,77493620,7390827,8318932,16059,491315,11061527,27254926,113108
14519114,1389883,20991183,13735248,3777272,77351392,7141990,7658818,15763,503031,10889815,26623595,115139
14462113,1391535,20901600,13667557,3801841,77497498,7399800,8122102,15155,506272,10396681,25799823,112706
14173165,1409484,20827822,13706793,3799695,77372327,7363333,8077498,9566,495609,10602418,25226210,111885
16188858,4714325,23706357,15992292,4193406,84004490,8490502,9148430,708122,1001106,11515652,28140234,121439
14577490,1437164,21019578,13721100,3803377,76455241,7186190,7892870,45380,525397,10999020,27231041,107603
14516995,1574042,21027084,13814324,3794219,77037712,7363368,8077884,132061,605628,10485272,25854712,109862
14164513,1368304,20740643,13747407,3805119,77454305,7403971,8139536,18956,506606,10650799,25178975,111881
14391417,1400074,20608781,13697570,3697033,77733159,7397086,8110804,11040,498081,10903015,25965483,114571
14473049,1423649,20902899,13625334,3673494,76865983,7160060,7878096,15165,506307,10891020,26640957,112326
14517364,1408471,20988323,13758731,3813859,77539842,7191520,7693607,18303,503403,10874249,26572851,112923
14554843,1339334,21257815,13871654,3907010,77891982,7567597,8287800,11708,482005,10553100,25158384,114719
14286542,1367778,20509442,13600522,3683149,77130470,7400351,8131821,25098,506929,10849022,25864085,110591
14456074,1424940,20890763,13583579,3678288,76727208,7163775,7869052,31922,514145,10793524,26556565,111211
14593103,1367159,21043287,13810193,3786015,77746082,7168368,7897171,7265,499366,10660906,26710666,116098
14425309,1350915,21023452,13631000,3794033,76945048,7584784,8334217,9243,482157,10570691,25804129,111602
14381861,1360573,20817946,13756544,3806192,77818290,7580691,8307145,8586,495029,11149306,26204392,114086
14619867,1395169,21135706,13718679,3788228,77012211,7166086,7887425,11768,496605,11113745,27291385,113015
14404647,1352598,20862849,13645811,3794722,77063271,7146020,7845945,11281,481271,10588128,26459319,112251
14420758,1402302,21022281,13774978,3782935,77539045,7344273,8075858,25281,492537,10392309,25257024,114839
14200446,1376125,20777604,13674569,3801948,77550442,7388394,8105704,18854,500845,10873746,25938829,113058
17273497,5546604,24340992,16311525,4208839,81316669,7666739,8528051,536961,1115149,12986156,30721895,123279
14546158,1511299,21023512,13805879,3778072,77422299,7171738,7892572,101681,581627,10749781,26571056,113914
14465447,1612531,21155212,13942792,3800230,77718613,7387646,8110896,141872,629571,10546108,25159921,114997
14174825,1448690,20755344,13680812,3786733,77318343,7338152,8054278,73453,550564,10904204,25780793,114576
14455087,1370064,20693714,13584346,3562849,77208442,7168551,8096473,8276,495240,10843666,26562753,113511
14545883,1436269,21007206,13757501,3811172,77334805,7176765,7665637,27345,512623,10857398,26565656,113887
14450302,1388173,21079440,13737647,3902864,77417525,7562211,8287228,15668,496957,10384221,25898721,112459
14138547,1347341,20631391,13598151,3788982,77256437,7360096,8090097,11253,486777,10810648,25827101,112509
14369297,1385057,20622032,13539136,3569535,76621900,7167903,8087020,17336,495373,10785835,26539970,108515
14444253,1412158,20887389,13668134,3779177,77149011,7164068,7663036,12965,501823,10830092,26569496,113455
14613016,1370515,20953084,13709324,3793348,77436290,7580752,8304464,8813,486230,10564096,26402413,113249
14218487,1370354,20860600,13815921,3904453,77764533,7542296,8276234,9301,504487,10821274,25807216,115736
14417773,1401611,20871263,13574139,3571266,76706476,7179506,8128109,15763,510472,10854822,26572794,110424
14406784,1383168,20885241,13688143,3790984,77145185,7154842,7653622,15019,500905,10790113,26391707,112284
14551769,1382104,21007485,13749126,3809749,77781300,7396893,8129464,11208,491907,10436536,25992999,112826
14010631,1368995,20509253,13535523,3789978,76224156,7359337,8074626,11950,500285,10506110,25081827,106157
14388795,1398496,20822905,13513987,3685561,76635237,7391412,8311404,14876,504448,11003603,27300385,108334
17098742,5264040,24137216,15607846,4017389,79539155,7606002,8244694,804083,1513450,13849000,30584906,129424
14621051,1633088,21157141,13976407,3802736,77792503,7386542,8118321,154421,632822,10541598,25126205,114876
14291361,1552332,20897913,13861992,3804037,77539266,7369135,8097639,99530,578803,11003022,25302080,113671
14283536,1536712,20673037,13536370,3662989,76439894,7350388,8088775,119932,597941,10945802,26448285,110255
14576523,1572260,21080871,13891556,3672827,77329812,6954426,7886517,132066,610550,10979680,26455059,114367
14755225,1530675,21257444,13917675,3887558,77426939,7534300,8062132,82918,559091,10714885,25927387,114212
14311180,1571748,20937749,13903008,3792317,77661957,7371273,8088794,133775,619543,11038856,25183802,114993
14734820,1585028,21044368,13832557,3572435,77762140,7373776,8088250,130085,607482,11025766,26698954,115936
14483600,1451978,20915641,13695108,3783644,76834737,6941150,7667107,26513,517204,10896860,26657095,110169
14542465,1488369,21025920,13835140,3781249,77660969,7350434,7943062,66947,546059,10600935,25787388,115178
14400285,1425681,21048621,13910802,4031164,77980936,7785739,8528020,23017,514198,11112891,25913068,112214
14488698,1326256,20742293,13612916,3554936,77561804,7369394,8096564,13342,489474,10823306,26480366,114894
14522954,1384878,21044354,13822570,3807975,77479678,6961835,7671868,15477,496259,10779824,26524530,112396
14490936,1331066,20913543,13705327,3769059,77462516,7337425,8063098,6670,484951,10349997,25809870,115150
14187953,1356058,20952000,13758373,3796298,77721726,7367750,8085708,10058,491900,10574859,25060989,115100
14458000,1366630,20709242,13617417,3681553,77532695,7559292,8273324,14599,492443,11072827,26558080,112820
18340314,6303506,25639000,16661214,5023322,83085733,9456605,10279087,1363281,1996906,15558221,32559953,134454
22287686,6244214,32407973,17496120,12892812,47692452,22429133,24040179,993121,1481443,27366642,67328696,47698
23506471,6858519,33739007,17981698,13410875,49457993,23091015,24338350,858582,1323775,27068190,68763137,49182
23879321,6614837,34523936,18451581,14087939,51064737,23707787,24784123,804691,1264875,27475207,71155812,50355
23902882,6766877,34623064,18154646,13839711,50625523,24619647,25824710,888770,1339784,27771325,70532871,50849
23479076,6434021,34148594,18205229,13946387,51012912,24049843,25410445,808811,1300073,28266616,71144042,49974
24107306,6960768,34866165,18345046,13874336,50664674,24307482,25832893,869495,1346370,28217911,72095052,50266
23430345,6845749,33936305,18032603,13722848,50402874,23383134,24624002,804956,1288184,27543544,70109236,49083
23442232,6985261,33960797,18067551,13939110,50003196,23646501,24906580,838061,1287392,27205460,69246119,49671
7678053,2592860,11312902,6079163,4277750,16492665,6765171,7014575,352016,517898,8888423,23745322,18926
9417882,2717229,13120812,7034577,5141156,21435526,9303963,9787337,507057,724570,12427370,30290050,21986
23777844,7238200,34682972,18289302,14020585,50628059,23636969,25177144,834293,1302844,27634754,70687307,49487
24121608,7744621,34610315,18246240,14006960,51581474,24263002,25591884,913845,1372800,28302315,72381666,50344
24328062,7026192,35559963,18810962,14376297,52071806,24740507,26090486,874282,1359685,28284948,71445408,49234
23903928,7664428,34342601,18196389,14042421,51552580,24609606,25975865,885003,1360957,28192915,72081921,49132
24280870,6955386,35095922,18458011,14067722,51276961,24370207,25684241,816598,1301886,28243609,72494970,49470
24034619,6481931,34766679,18402409,14048861,51198578,24284150,25592250,773474,1244500,27797943,70888049,49406
23905777,6519980,34951715,18460860,14143099,51357619,24485374,25818833,778203,1256834,28042629,71160580,48718
23925955,6704566,34493400,18255171,14018777,51242897,24532667,25921916,776604,1256782,28212281,71987559,48969
24158522,6791616,35196544,18615827,14093861,50774648,24025830,25481082,794792,1278366,28275562,72153208,49813
24335621,6773385,34957058,18426900,14148418,51630425,24682554,25826340,797413,1261481,28241792,73036565,49611
24023457,6678001,34799646,18478705,14161137,51321489,24516753,25843465,799259,1283819,28040649,70960575,48679
24126873,6491746,34807364,18401020,14174559,51387651,24735425,26099654,783635,1268393,28562043,72807841,49217
24372987,6361858,35204106,18492379,14055199,50728488,24097264,25646380,749614,1232475,28123704,72872755,49725
23944105,6605156,34663118,18246356,13997996,50634482,24259953,25574269,770432,1241047,27864654,71528851,48827
3518163,1069340,4915261,2678839,1569129,6622504,1839171,1940698,117297,199944,3200832,10494175,10066
5654653,1364569,7787433,5366101,1923661,13598887,2669043,2939322,242148,460182,4632980,10183322,9227
25204886,5210593,36205109,26762831,6649231,60705858,12846278,14289562,1342766,1947009,21211968,41204616,60921
22597115,2255388,32946875,24852550,5990501,44495716,11347673,12786833,276357,684148,18181691,36445121,19047
22802499,2127230,32816989,24645191,5742296,44405092,11275435,12693675,213557,617996,17978284,36815762,20039
11254156,1322194,17221984,13387864,3429079,25419384,5943646,6562864,170980,421710,9534784,18811640,12019
817167,449393,1379672,817308,442909,3016417,866210,909502,108467,104786,319936,1501255,4181
395870,323922,857337,576456,338430,2729981,655719,677608,135093,156233,872674,1408618,2557
2334655,1259929,2049154,967259,167253,5909875,1027910,1308046,493713,560285,1970324,4315114,12435
3107462,711085,5690966,4523216,1348383,10255366,2624474,2761538,162266,243146,2639396,4987207,6660
22819852,2323468,32982456,24822540,5945527,44801567,11223324,12432123,282302,682878,17736138,36445655,19660
22636501,2100949,32932682,24787287,6069514,44197015,11524029,12934912,212976,627373,17706668,35769172,18922
1538362,493947,2708001,2169640,784779,7512365,2052120,2255005,213465,258896,2677250,4312998,4979
19860763,2163974,29113209,22322087,5380423,41489414,10439528,11865915,337398,696064,15840074,30410491,19106
22248464,2115455,31994230,24238129,5753730,43562317,11118073,12476785,202561,623333,17732040,35652823,21048
22138017,2145121,32159216,24061017,5747220,42621551,10897412,12262095,208577,632589,17630458,36211607,20982
22249998,2135196,32087911,24031197,5841786,42902230,10856681,12172848,176993,597694,17512365,36163774,21699
22375685,2156001,32557491,24320272,5974877,43677781,11291733,12651807,192669,603623,17506194,35016755,22249
22006384,2017303,31668362,23930142,5714677,43536229,11068453,12434066,180338,579282,17570344,35400758,21201
22445793,2042081,32399558,24175175,5826252,43848303,11034615,12398064,207790,613074,17831454,36870486,23953
21265176,2057880,29682577,21765669,5153771,38635235,9543048,10715793,238859,594669,16165731,35308369,22281
2645715,1345042,5212040,4405531,1247365,10238075,2384209,2390486,302849,347978,1961953,2856258,3982
512411,72379,745678,454572,357439,3318606,894269,911673,83395,101520,1098550,2342793,2842
690294,91636,925358,402058,208621,1418940,427346,447841,6669,20680,749354,2201951,3242
669973,86769,936001,506038,341524,1976335,435844,451448,8644,21194,467171,2044034,3047
561803,143413,1009879,567752,347731,2233054,671445,694688,7387,16795,199233,779068,3180
530960,73902,768449,397970,309332,1726252,575509,598874,28843,75846,0,1646082,2062
644400,77626,932068,461170,400769,1875684,743349,771815,10743,63091,0,2099810,2148
510640,67543,738864,373389,306780,1622298,570452,593585,15197,58273,0,1615886,1795
462800,68530,670052,331691,293270,1375228,544330,564618,0,36657,0,1527414,1420
455200,67776,658497,324376,290712,1314030,539460,559458,0,36089,0,1511216,1322
458240,73879,662765,328319,290638,1320429,538902,558856,6574,20150,0,793349,1344
453040,66743,655722,321494,290946,1340284,539426,559359,3607,17616,0,608012,1969
580160,68216,839413,401043,383905,1556879,710742,735925,1467,16651,0,695064,2185
456000,67500,659804,327843,289400,1317801,536357,556160,4790,18490,0,600449,1943
932962,356383,1658143,821212,385075,3198424,909529,923626,161275,189436,829685,1311256,3392
894434,301401,1271515,785338,243999,2749349,275636,511327,75559,114653,898030,2427793,4773
824615,184873,1353259,745961,494996,2931721,948635,750957,13328,38965,800073,1545786,3873
634438,164824,1090704,708609,468226,2791559,877798,907085,9764,39707,809397,864152,2851
786844,160575,850330,412126,124422,2266438,717458,742749,8495,39424,827235,2297395,3581
809355,170647,1093187,618338,362757,2286715,269596,278706,7232,37307,765971,2230582,3611
960325,66893,447336,242769,147319,3027567,683478,630816,37453,68484,950303,3063822,5979
23158107,4183098,32495980,17899781,14246645,80765940,24923627,24218712,867092,1372362,23240783,72012848,118845
1043523,321193,1094829,703766,252367,3772648,926748,942089,133333,177104,1261575,2556484,6726
990031,400415,1338526,852823,355035,3089396,267943,280022,62434,141981,990962,2523660,6166
1035365,433146,1443102,944983,375294,4217360,726917,741722,59165,73683,427061,1712812,6856
9491621,2513609,14680027,9743302,3434674,49456871,6778439,7479939,486375,739801,9653521,19503796,65617
0,0,0,56698,24402,189260,51151,53734,6617,8989,64963,0,0
0,0,0,54212,27674,196271,56692,59657,2133,5198,65964,0,0
0,0,0,55551,27180,184635,54605,57529,2157,6184,66868,0,0
0,0,0,61683,30275,205769,58934,62170,3375,8805,75729,0,0
0,0,0,55770,28481,185990,54689,57750,2603,7602,68955,0,0
0,0,0,61113,28771,178781,53531,56554,3167,8772,74104,0,0
0,0,0,57860,30881,186579,57362,60665,1959,7645,72173,0,0
0,0,0,63035,32380,190780,59166,62607,1660,8879,78579,0,0
923273,447952,1263501,1172210,1112507,5238067,2050160,2070108,160983,186308,1879569,3644123,4608
498155,216126,1081286,916696,371548,3465732,719859,757668,130561,177724,1111918,952351,4304
1018395,377301,1062012,491154,124529,2942987,757800,785366,125600,168618,1082557,2542189,6437
1069573,553497,1446735,919310,392655,2829762,267643,280636,67448,159724,1079626,2695754,6661
2139729,1466186,3379346,2315887,931874,10849504,2070032,2404429,500692,611869,2852590,6237472,17022
1105420,577472,1856006,1510130,390754,5754458,785882,1154642,322290,382380,1776588,2204676,7875
940951,745945,1416293,1400893,388407,7425211,752196,791843,364675,440947,1511339,2086542,7315
1626625,984515,2293780,1525619,128300,6926211,527199,784405,355886,447835,1520351,2725848,11263
1256364,722841,1727188,1194131,393532,5066480,507079,284589,135226,232461,1226017,2795358,8136
1357400,867570,2270931,1591413,511048,6593098,998269,1045012,311678,336194,1017930,989722,6452
1077330,748004,1373762,1350655,291113,7006752,730642,754704,349933,420286,1392574,1764740,6274
7475655,2293934,10180800,6355755,4098541,13376890,3339815,3756033,635442,1003557,10339539,19907121,30916
10634818,3075608,16660923,8252001,5808234,24561288,13657346,11474263,660832,1124004,15604096,34758313,43471
15219037,5886976,26182190,13484804,10078147,25017633,12020259,12020166,1523052,1969834,20099644,44849883,50674
1802997,837786,3160205,2042342,907818,5447304,752653,792896,280607,393340,2380601,4552432,8748
1350463,598761,1499801,1111087,264152,5692595,764281,1045984,271574,353835,1660219,3469502,8000
1790706,916342,2206114,1514052,528215,6382120,796645,613655,237082,353196,1532931,3260508,9708
1058998,561247,1464440,951877,389710,3472830,766142,795678,111125,120613,460222,1720067,4866
526347,412790,1463354,930403,398757,3442201,760198,778595,103774,154095,732795,861702,2950
827977,386163,816638,594220,253509,3373486,736693,775397,143698,198829,1167575,2677636,3867
20705540,7840576,26539068,14514674,10679126,29777723,21175839,26069246,1157277,1900134,30631247,66446935,61160
308240,33829,445936,214017,208027,343029,376343,389790,545,0,0,1893353,773
297600,34736,430892,203891,203963,299310,369137,382043,453,0,0,1267365,663
9089543,4473006,13897047,7874116,6347835,20208988,13549295,16015172,752078,1332992,20101514,38558511,33285
15161037,12276049,22312649,11499136,8563075,20544371,18522271,19635546,1392890,1864837,26478531,60041056,39466
1627594,1005909,2218910,1505779,529055,6281892,1028700,819840,214329,283543,987350,2779927,8719
4747831,3863955,6762290,3764000,723057,9169753,1266128,3371829,769407,894479,5202724,11745027,19084
34164033,22831425,45404305,22440221,17688608,44464673,36051187,37469094,2182304,2937401,41154158,99812329,106268
43005400,49020640,64019189,35089576,26623461,76091861,49417842,53900088,5872099,7250107,56895050,129313802,128507
50412017,35820002,73785742,38036265,31465203,68395597,58987400,60111944,4121737,5558345,66087038,163478135,137335
66596027,19118128,92789390,44439400,42070949,79585459,78022874,79117575,1576262,3464781,85044499,212943923,170360
10936401,2255558,14261050,7170916,5419378,10461568,5767630,5332053,170003,379704,11681135,36342966,35279
14572187,8049798,22024367,13691580,8235433,31765270,15112947,16871968,1790311,2205598,18733952,38789990,40317
16160025,12427230,27744785,14476180,10453081,35616802,18127504,19177020,2686207,3082091,18545595,44993896,55208
23250894,11573249,35135546,17895451,13315154,42648611,27940744,28382095,2255772,3096044,33379219,74478836,78007
6237725,2660385,10641939,5850003,4659815,16701229,8096806,8141150,697437,1006749,10628427,21388710,24058
33940010,13416429,52057704,26333342,23808833,51156701,45477175,45949954,2655640,3346523,48480822,106040706,95307
34356409,11043323,51271178,25825881,19733140,42509748,27102679,25404483,1848768,2402095,32702756,101545323,110200
17719781,9469786,22543511,12536283,8786183,31639692,15321665,15566791,1731455,2168459,21144986,49213864,61078
20418641,13092654,31106634,19109592,13666243,34041004,19888358,23160657,2479189,2903171,27257094,48740291,60714
14495431,13751324,20276000,12612174,9531383,33920831,18716568,18749677,2155312,2271740,18292578,42595339,51229
41764151,38415973,60751190,31443860,23159270,57989762,42223202,46032947,4565520,5570275,49145331,115038907,118735
29298116,18031399,39880848,21832504,19069280,52232804,37301544,36082508,3617358,4499933,51247225,108325669,90545
40381780,19324183,54797752,28404228,22561758,56144250,39239097,36120957,2919589,3805293,49877549,122348610,123800
26895442,11945960,35945182,19750511,13910082,42596585,24513665,25180132,2358469,3039694,29398962,80868409,85876
22997238,11423691,34508368,19064609,14407819,46782131,25502999,24136138,2597603,3308066,30732826,77074122,81882
21636202,10317161,32578492,16542787,11927062,40876884,27342902,30664970,2253606,2986307,29275866,67603559,74483
29883812,12696756,36896499,19388901,14600784,45836326,30151501,32442652,2558234,3369202,36293423,102835593,96041
25307276,13536876,42607943,23010053,18993813,45378647,32373042,32482749,2402457,3000680,35439947,77693705,85153
28308705,14490650,42167755,23941138,18622644,48770439,32070258,33437632,2736001,3357102,37538295,84615093,94151
14887682,6655183,21220778,11435629,7931153,33314199,16602252,17383824,1666852,1982153,17516274,38740347,61295
17625569,7545322,26790268,15395081,11241257,37575328,19071335,18107836,1875155,2228148,20567961,46199800,62932
16646684,10937780,24552412,15025378,10656834,34919079,18214219,19895874,2289923,2664725,24259844,50824520,68125
5264859,2486002,7205757,4085484,1947690,9403123,2455972,3758066,337607,649893,6343126,16243644,24073
1614560,877397,1862235,1406191,130275,6384306,497242,754354,390053,471239,1507378,2848049,11863
5907148,3410002,8865635,5363372,2591367,14347058,4141925,3655808,830502,888911,6649614,15458404,32229
1319229,892349,2549433,1733645,642491,6750085,1211856,1257435,270159,335783,1024295,1919115,8492
38795930,24026886,56616322,30147828,24210524,50893565,41940137,44145163,2989265,3876426,52072464,122727723,112374
26846739,16553875,39967666,22562220,17143187,47310584,32761260,32807111,2698482,3327336,31965483,67937628,86724
18973569,9957349,27179281,14692678,9851730,29661394,15426493,14657978,1751096,2008355,21025311,50324331,68319
5243355,1922845,6764958,4505444,2736295,18042061,8050246,8596448,1051608,1175155,10009413,16709053,26760
10974937,9012914,19721112,11903875,6394919,21293540,8651289,10731566,1567116,1866100,11105341,31635389,42803
17215881,10401426,29596754,16971088,12138610,42472773,24513818,26010110,2725913,2941669,23028162,47083496,66769
20003656,10928950,29248716,16136015,10294114,40637274,18037224,18767512,2487496,3215896,24572621,54255522,77412
33612983,14268501,51427391,28088362,19881778,62262747,38267016,42225263,3440324,4359168,48883364,99785963,116496
29058206,10298934,42686376,23961444,17162806,56805569,28828669,30561701,3019714,3585129,33188807,77561090,107375
34370886,10138537,49705943,26414473,19751118,58989032,33703599,33777474,2682435,3619329,46621161,116038835,123285
19969735,6153761,26565954,14719415,10230936,40094961,20624887,21010099,1904881,2382984,25592583,65582649,78695
26405863,7810107,39876321,22614878,17361752,48814183,29807883,29040022,2247882,2810631,34581968,69077239,92584
24381192,8611249,37264486,20442564,14856118,42307876,23863252,25648014,1984534,2361628,24939772,65324335,85374
18750504,8062601,30006986,15594384,10266317,35464498,19473040,21632381,1948695,2472162,22820230,52687433,68435
7876134,3463362,10770286,6393594,3187370,16764747,3671615,4791825,1095986,1385693,10124509,25395153,37600
6152619,2822223,9945766,5941955,3743784,18617546,6904155,6641248,857126,994568,5362975,9641839,24469
4839454,3686391,6327258,4087673,1769969,13757904,3295575,3782488,953427,1048793,5092642,14620781,23594
4795333,2938697,7355122,4800846,2112833,10097380,795376,1109705,989698,1135814,6207600,12216756,24327
1626558,864484,1850713,1539360,319107,9369949,806027,829955,448458,528587,1783593,3475079,11121
7519498,4114732,10321506,6635287,3741817,18817742,5469780,5565405,853202,1073029,4941200,14326140,28669
18092761,10616774,25902519,15176989,10919776,39624971,22692294,23046603,2629488,3032986,23262296,51510029,59575
22007835,23256179,32628623,19098033,11846580,40967307,23115256,24694942,4208201,4647345,31309151,57354311,74269
10901911,10191134,12397989,8152347,3529972,20519737,7004432,9063543,1999317,2013857,11916805,26173676,44624
12730365,6627849,17870697,11125967,5596847,24567255,8677623,10108067,1424483,1787051,11300652,29480127,55442
13608118,6551344,20726068,13661977,8441497,33177276,13680059,11558877,1770187,2059960,17752987,30637057,55847
6396019,3833889,8603670,5250716,2269459,20304236,4087588,1543162,854920,1065763,6527035,15491861,34905
5321425,2976946,6729570,4862793,1691295,19212206,3276383,3224848,875875,1090047,3377258,8509689,28850
2097900,1404550,2891639,2115769,1399715,11592912,3760329,3916079,821341,953641,4541801,9120023,10183
486839,62743,704537,31743,11054,154989,355827,369835,1480,10514,422697,1509410,1531
491187,67198,710736,33325,11700,174561,358540,372691,1940,10333,425589,1470501,1199
483091,63324,698849,0,11616,187484,356219,370262,3126,11859,428658,952263,1377
763322,96310,1104432,0,18028,262661,368124,382947,3326,13439,448722,990621,2215
1507859,415656,3585750,2524524,13373,2036535,1113854,1278798,103525,137870,1623446,3375287,5447
567840,436993,821343,612395,0,0,360881,581396,48569,65570,737071,1525877,2070
532480,414190,770999,443673,0,0,0,578274,34082,48938,708953,1489640,1332
322240,50299,466189,258206,0,0,0,363497,3907,13395,431402,938659,994
345360,66299,500507,286884,0,0,0,367460,8311,18793,445619,957430,1159
506880,80714,733666,412028,0,0,0,559393,6263,21488,671325,1446276,1552
317680,44631,459461,254980,0,0,0,358566,2269,11224,429919,923300,939
314960,53717,455692,256347,209676,0,0,343602,7103,16620,417425,894693,962
314080,47568,454272,249908,288972,0,0,27854,2741,10735,427106,930903,609
326160,48278,471256,263211,336777,0,0,27339,3691,13198,436074,932064,1003
467200,64447,676342,374282,354024,0,0,27041,3181,16624,634070,1361629,1400
15087648,4547904,22068490,12758237,8214838,22029496,16098007,16730552,1198163,1681816,19989618,40453820,48906
1505837,262234,2177956,1230746,239569,586876,148030,160883,62128,74879,612557,1273666,4726
502982,80848,835077,457072,190820,216695,25744,27424,3119,11624,413797,902097,1126
318320,69303,699602,385686,282640,413454,22108,23608,855,12561,431449,923548,953
323920,76224,869965,478219,352584,443453,24603,26293,2180,11701,435175,934629,998
460480,82254,907103,495475,371741,501067,28628,30467,3790,15237,628910,1358655,1118
317760,74158,817730,443724,339524,340475,26016,27713,2684,11059,429052,931592,633
582800,931344,1318917,1409873,1079814,898116,294107,308954,50511,59981,756007,1583109,1529
337680,101180,488883,515154,325637,952802,173572,28027,3757,37922,438556,904437,1074
322560,45965,466836,472398,350135,675465,349270,26997,2309,4431,434185,934697,987
1821680,920308,2636463,1711910,608221,4900509,1972692,1809170,352369,321876,2303786,4129256,8000
535120,116680,774264,453543,282165,919706,534605,285036,26467,0,1560695,3414983,1744
328080,46167,474274,265106,184821,454623,349843,28384,1432,7420,817428,1751172,1124
320000,46001,463042,258209,182382,418475,345182,23486,3926,6032,672772,1434385,1455
327520,48012,473904,265574,184716,449174,349617,236721,3273,5467,780011,1698309,1727
676560,436314,978903,558493,374701,852832,714571,744872,52116,64713,0,3113721,2447
474720,88178,686733,387363,268837,562328,509754,529706,4802,7816,0,2188829,1565
386320,70225,559005,319156,212486,644651,393965,409716,6498,10421,0,3327171,3260
562640,442438,813775,477886,294329,908251,561939,586987,48275,59365,0,3508183,3544
357120,73803,517029,299795,190338,614024,360148,374822,7052,10455,0,3182137,3165
311280,43543,450306,247020,182649,310697,345780,359411,2456,2823,0,1439069,814
1057790,595717,1305969,784042,461017,1456850,880130,917229,97649,142089,0,0,2988
575545,46668,471454,262863,184637,441999,349378,363271,2254,11483,0,0,0
480713,43761,457385,253183,182237,394568,344895,358502,1645,10777,0,0,0
816923,506053,1009726,590598,370076,991475,708133,738449,55745,76415,0,0,0
33474,47099,459169,255543,182125,413902,344649,358230,4369,12868,0,0,0
549891,633914,1365942,811399,491039,1437232,932169,973942,102589,128088,1141949,0,0
330517,521909,632507,467265,287500,903388,549180,573700,41582,58434,1777925,0,0
109680,40892,157638,619964,380779,1156727,726049,757995,59520,81496,1336525,1713271,0
490827,70572,709980,392680,182332,408807,345056,358641,4889,13554,30415,71339,0
476653,68348,689542,377723,180157,347406,341290,354752,4232,12322,29422,68608,0
724129,95170,1048220,579026,273459,618163,517506,537925,5663,18942,46916,108553,0
14700506,10504491,19569706,13139896,7627696,20056236,12322782,12876914,1038585,1485255,22468474,46146089,38129
10832054,6104555,13401303,9515960,5057574,26444154,10771910,11183356,1879784,2052809,17282089,29877726,40454
13287948,4823801,18466742,11467172,7123445,23791247,10894946,7984572,799787,1084502,11980726,38377211,48265
23220221,24518696,29187096,17856251,10572231,43887712,22349247,21862413,2689911,4303376,30056642,66536717,67464
17826631,9150436,23858231,12587707,6683953,26283936,16043540,18835911,1753331,2214470,23871802,50645967,60848
365920,103029,1167001,618088,492396,342267,71268,78860,14644,25159,480912,1076684,1344
314720,63797,697430,370894,294206,178401,21596,23075,2371,11350,425978,952099,1015
311920,69943,678689,498278,388260,400490,25973,27647,1992,11948,413090,920341,1042
728320,406457,1053697,495329,289124,1189845,1354667,1407172,11930,68055,951596,2052077,2584
759680,492432,1099135,490146,230530,1290968,807417,2563832,37131,63818,974084,1993888,2551
902160,507391,1306010,900570,666551,1517866,892884,790246,99073,123556,1175567,2450742,3330
333040,50266,482018,299446,426695,850170,631509,33024,1991,4829,439783,957687,1081
404800,391356,585694,342928,244513,1122807,967894,47173,3151,7786,520735,1097382,1283
311360,46056,450653,247324,182572,231583,21622,0,10997,13976,424050,924966,658
320080,49967,463225,257170,184367,365672,25213,0,0,20176,431771,933009,782
475360,68187,687540,382910,272097,607843,28288,0,0,22670,642905,1376972,1454
956080,927054,1383554,835545,472337,1721099,816903,0,0,170726,1252322,2480424,3124
322720,46683,466904,259558,184324,450497,654439,0,0,5762,433747,932822,992
481280,79392,696583,395170,268373,708195,807838,0,0,8573,643064,1358132,1484
373120,68716,539664,308656,200572,637976,1424706,1522743,0,10113,75879,1030112,1117
490720,71719,709227,395403,278430,676700,1011709,1050952,6740,7800,57178,758909,1439
309360,40638,447665,244629,182405,303707,542874,563909,455,2926,29661,69827,611
310160,46521,448980,247176,180367,348889,537400,558280,3285,2783,30040,69999,723
1564676,1080814,2815914,1806890,810128,4203157,1274687,1334458,432630,455941,3559621,19251611,23006
726836,100295,1051543,281632,187556,540285,31770,33853,9114,18492,452769,2123152,2207
569482,71100,824104,259123,184280,441345,25345,27062,3446,12205,434343,1679636,1630
604059,83483,874280,354440,262603,478054,456944,30018,1291,12753,611939,1807683,1338
651250,82296,942324,382696,185089,462872,350331,26810,1872,4165,435028,1126969,1893
983836,146507,1423187,787878,191072,590889,361691,43298,4131,7522,455127,981846,2842
867206,125514,1254364,695817,188830,521886,357199,33544,2716,5843,450270,964700,2374
568545,72596,822627,452630,184459,443430,349022,27851,2769,5120,434811,934058,1685
611031,83101,884119,482959,263666,494070,499675,192449,6056,9602,603839,1337723,1393
481013,62861,695989,382226,182288,421608,344953,358564,2800,4826,33145,920766,1372
613626,79705,887765,487114,184335,429816,348748,362632,3489,5646,35539,932861,1682
964406,199392,1395573,809620,265608,1845667,505890,525808,145295,159893,500052,1426307,3339
641291,128457,1505976,817078,237162,501226,367429,382344,5689,9636,64537,995455,1346
890880,814161,1639694,986181,576955,1504395,875792,912744,8804,24591,624490,2379704,3008
310880,23915,218945,45605,14958,502420,329500,342759,3367,20701,804057,884320,939
319440,45731,462044,35924,11896,181720,345286,358904,4158,17178,672727,922282,927
329680,46148,477049,45001,15352,228042,352904,367044,3459,22657,953137,944699,977
317840,46921,459804,37447,13339,186947,350618,364497,3972,17190,792433,935593,622
1205520,1009020,1744198,750677,371606,1641528,1130261,1179707,155191,195956,1833576,3072007,3684
476560,75529,689242,47231,14862,225184,497981,518301,9599,28352,892123,1317642,1445
325280,53248,470479,186658,11767,199930,256772,352237,4846,19804,709593,997911,964
1222480,503855,1768863,1144461,566353,3023437,1105707,1110813,159721,175806,1316384,2642502,4204
1595563,963495,2076015,1355398,520841,3224093,1016167,1274871,232904,275678,3547821,7203440,9018
785943,592016,1154405,730286,435621,1398667,842455,746655,101423,126284,999998,1909694,2952
771302,517932,1026251,635142,332542,1068672,651749,706899,60995,82068,1035733,2056581,2575
607210,60001,492603,295680,14199,228367,26692,356296,3037,13629,683006,1665977,1813
838243,888532,1232293,981005,259357,5311740,2545327,1437566,44292,243955,1165234,1651278,3538
70201,34318,102559,428898,252561,612627,787218,819912,10318,23261,663052,132009,572
50782,23957,74032,420268,241076,663228,651016,678014,18082,28615,641781,94463,265
134914,598410,194779,481924,266385,794059,1235311,1286789,9192,49879,723702,259956,511
49048,15549,70821,295069,171410,520555,750564,781926,5185,13942,450123,95772,286
40634,15396,58235,272725,167831,342318,644875,671606,4223,12300,430495,76542,211
40828,15389,58401,280409,167771,433053,598990,623956,4107,13146,437167,79356,188
62250,36427,90036,278517,161237,471523,496897,517621,2111,15940,427872,247345,368
36574,12637,53236,36013,165618,415564,504931,525973,2950,12125,432748,863143,181
51783,21489,74493,48886,248478,519502,764567,796318,2674,16192,640255,1290445,268
41019,13122,59335,39611,167067,424738,333152,545255,2782,17133,437555,875205,221
42608,15445,62308,40239,171293,449764,334910,633183,2450,19488,444488,893511,202
36434,11760,52804,34066,166111,416465,324962,544399,2930,17715,432256,862364,161
359054,69426,519433,315179,182368,657517,359825,459899,60243,72017,457601,992128,1270
1122485,746271,1624151,1050897,505470,2016213,995137,1039846,83149,49737,1379810,3258937,4056
37212,15686,53995,36382,165817,445631,324390,338127,3498,13182,679189,1350591,0
42288,15685,60851,39865,168750,469586,330174,344280,2916,13404,801093,1590272,0
45160,21105,64869,43879,166700,424936,326359,340181,2320,12554,695329,1382328,0
36641,14507,52494,35020,165700,409982,324132,337834,3686,12631,673424,1336177,0
426079,22986,99608,67511,263029,747345,629828,656297,9880,27340,1259475,2516495,2117
364000,25614,111654,71739,26598,626522,353207,368733,4193,16742,1674431,3339722,3377
332720,16078,67761,44400,15800,486887,332529,346804,4514,14874,954523,1888793,1980
325920,14131,60233,39326,13526,445082,328332,342348,4085,14794,700446,1386566,1574
2201840,484236,1917951,798486,21631,4980009,4107075,3635128,179209,243173,2675435,5331014,4525
7704337,5628142,11007775,7903335,3084390,16132042,5439535,5734329,1872204,2179473,12186179,17210179,30600
19967253,8214049,28765003,18733711,10583134,36059983,22993759,26252120,2083531,2930148,31298045,57030649,56446
62524389,243763607,89498635,62457025,21356364,68929871,43144430,49563768,24990779,26190154,85718768,134680051,124057
21481478,78869521,32883022,24375416,5713663,31531325,11123046,13780289,8644469,8690505,24215132,34663621,28411
16659207,49639793,27628592,21137798,5056316,30104771,9505642,10911850,4258170,4327694,16156689,25120211,20701
26365010,47707922,34717215,24843852,5847522,37839737,11125258,13044934,3686106,3319967,21432081,43200864,29538
28129169,45238148,40465278,32654538,7926503,49406694,14469506,17063187,6921322,6182272,27748821,44163989,30245
30135268,69030278,42615787,31624606,7668438,50700102,14935529,15606424,5300966,7320375,27812958,46814917,29983
26420857,45875355,35135996,24063998,5887534,44162377,13598773,14574360,4331960,4318409,23749839,41033561,30730
22996181,45820683,35412814,27328842,6307185,43507566,12386794,13619991,3901418,3624543,17508342,32937887,23932
18268388,13695408,26977097,20077840,4761475,35504176,9638992,10393251,3409354,3838568,15485956,28152745,23649
16962028,14092973,24714306,18040547,4101666,31420142,7535781,8892604,1592872,1866554,12300820,24549967,22835
25413527,40985955,36543361,27209685,6485155,44187612,13454319,14996170,4642484,4896584,25699492,41690109,29730
18788329,20739200,25394188,18602504,4437956,34294138,9117653,10714878,1650228,913713,15232198,32037874,25368
25295972,45372650,37104384,29216489,6566444,45023152,13062472,15240897,4671284,4294188,23321082,37515949,29752
26264667,38408922,41352087,32141272,7544022,49884969,14699907,17318032,6651441,6787538,29158748,41451934,26073
26824673,45353930,40252956,31492415,7418915,47544806,13488591,15382276,4735095,5122120,26555852,40229369,27587
26603214,44470156,38055380,29663801,7447941,49705904,14832515,15889340,5250535,5724175,24755643,41131352,25397
27661850,54949362,40917267,28109178,6062846,47111698,12283169,15455974,6315138,6954178,26915615,44626879,35993
28590057,53893965,41323471,32432372,7720586,51123407,14797025,16548172,4683553,3496143,23405090,42210908,31048
27963095,63873647,41019193,31232375,6926746,47048999,13918146,16008832,5733982,6590774,27373735,43981984,32528
27835836,66820559,39476177,29984162,6858655,46209188,12635594,15158796,5060923,3347145,21250040,40072678,33664
25938339,38559269,38140045,30011688,6699365,48606324,12941667,15171555,5966240,6153386,25831596,38738527,32290
28263717,58574825,39800851,30229189,7070967,46289423,12207031,13556819,4744680,3386713,21768888,39753310,27230
26277208,58347363,35170112,26646931,6569434,42246546,11085554,12016412,3577396,4580592,25266338,41790341,35338
30118924,7723675,39455714,26752561,10434743,49916153,26307907,30608566,3002192,3996200,43002617,79511533,71154
28377836,57949966,43774551,30759148,8955703,47173819,17564689,18161393,4359913,5215206,28891678,49279339,44098
31552904,14925071,45475802,29088551,14459774,53090755,28518963,29889259,2182716,3130708,39543748,77945938,89048
29315941,17786276,46645103,31302681,13754806,53741983,26071544,28708449,2455008,3270863,29249535,55376026,59353
29883347,15339553,42419746,28858874,11364005,48962719,22899096,25902427,2487178,2892215,33543298,67303904,75922
24868329,8601025,33569317,20702273,9619837,39019165,20141300,18860340,1636826,2308543,28850960,59455183,74584
31146034,9949475,45731014,29374171,14095863,52478887,29036278,29023858,1686837,2533412,38417672,73927350,84293
51007958,13693713,72319019,43362835,24217390,63722408,45701017,45288929,1510627,2598059,50206971,116539233,121202
33738865,8886215,48261669,31626032,16788408,51584383,32053941,34087690,1360733,2303989,45815530,92635866,82291
36996791,10089269,58925955,36528811,21860751,59660585,43844308,43976797,1398696,2475863,45845893,94425339,97462
29498976,17258462,44795935,31295640,12185472,50471851,23233833,23673110,3026216,3756600,33844603,67776848,63570
30576866,28484776,42428000,26208318,10275666,46668483,22771649,26051445,3720159,4554587,35741983,69058942,84845
36206769,13239428,55171902,35485719,18505560,59974410,42063690,44279768,2955111,4222794,54044653,95456452,81333
30451435,16658292,45442170,29952488,12813819,47116471,22396117,24071895,2154100,2415595,33031937,70869134,78652
32471538,49353737,49957399,35561451,12120110,56093186,24136985,24964616,5065023,5217997,33857145,54710005,52319
31254917,48562452,43895401,32582530,10167114,47432013,15346539,15684435,4428366,5637458,34835485,60153918,56345
22869379,46748065,32175018,23783517,5432155,34563905,8448149,7922179,374975,3194832,22042397,37105555,24590
23310581,46666999,30785961,22501484,5075937,34000597,7812204,8976209,2544360,4693089,23315164,39899519,24547
21467134,52813758,26910723,17093363,3432807,29402974,9079458,12450785,6669911,7108966,26062390,38736474,27543
17551850,4151219,21739049,16865764,4666244,40471355,11410532,12839183,4451919,4807987,21902683,34300601,21470
14473600,8746593,27505071,24649149,6447875,42427066,12782237,14450786,6595441,7048238,23752204,24456123,11466
14621928,43413206,25552726,19338073,4596719,31307512,8972365,9754557,4713377,4956490,8523990,17298542,15488
23664613,47569277,32922754,24871435,5895254,39037258,10597573,11709965,3671190,1917358,12568334,28326137,23860
25090872,65022824,33337053,25008350,5977968,35141973,9651895,8835009,907070,2736973,22238585,41499612,31733
22889505,47031985,31062149,22153981,4840509,31188699,6786920,8692777,3420728,4936173,21872944,37445750,28860
22872589,42405696,27852492,18752006,4147481,36308615,10436340,13687119,6239500,6829668,26928659,41409356,26215
22187627,49003658,29393450,20833800,4917921,28873797,7151756,7202241,1287435,3692909,20760149,37611600,26967
21939992,42957760,29442273,21045677,4537544,32537307,8148071,11055530,4405311,5024854,23240990,37872077,24376
18684550,19563699,22818222,16483787,4394866,37764497,12252581,14079775,6334943,6744100,25484644,37135206,22667
12626497,2215873,23584742,21383157,5512637,38157164,10571599,12166075,4535056,5006845,20216341,21537508,11152
14928342,33446939,27913888,21875275,5596738,37446393,11470367,12707268,5517474,5793464,13499620,19958096,11795
24226657,44436692,31482971,22193144,5122463,37502828,10914201,12436773,4691717,4157557,18904757,35213235,27751
23273943,44145470,31723716,23802259,5511744,37232773,10318963,10483440,1182156,712109,15667862,36004685,26135
24700984,65705936,33752844,24789024,5623753,33261906,8029667,8358911,2313294,4738016,24285377,40754813,27906
2050844,2034730,3117013,2199915,681854,5968256,1357945,1397227,415791,425733,816823,1766462,5246
581070,547658,1195403,861374,352210,3847267,735941,767925,249738,292741,1217629,1613119,2997
1491050,1084991,1662817,1190436,237898,3425081,506612,760361,333952,382791,1582170,3063037,5276
1173410,966210,1597775,1116760,349092,3415910,479502,285833,193528,257416,1258947,2453253,4427
1131945,999017,1595795,1130774,355931,4016089,727183,763081,203687,173759,493119,1608313,4381
592861,747686,1610711,1148106,479380,4510412,941890,973614,278403,337895,1205976,1639092,2961
17184153,2516571,24792940,18739161,4191158,34364534,8035012,9472872,505653,863079,13719507,27570106,18225
21053384,3010343,30369858,22916771,5371676,43082184,9955311,11002009,491225,883485,16980607,33679018,19093
20943694,2894856,30335218,22628275,5392932,40769947,10209316,11396320,434348,784605,16489830,33589425,19365
20628367,2794694,29927616,22529641,5345809,40818244,10113658,11445943,519452,946480,16454071,32274202,17472
10130460,12162426,15343419,12402369,3785349,26881106,8088469,8381302,2944574,3149086,11934530,17749233,13867
28101919,45183454,36703036,27215853,7088861,45379098,13163421,14011313,4658790,5975470,28770435,50082243,33648
1154971,965221,1613382,1146477,361236,4065472,741317,531267,196488,175886,849704,1616709,4946
892269,789273,1606497,1119573,350703,3990297,709265,740276,245991,289762,852012,875970,3059
1609683,1288524,1854082,1625458,458349,6576631,964845,1007239,337768,585275,1773605,2420190,5608
1452733,1182498,1992025,2898752,1127772,6717129,2252786,2534803,491442,606423,4105630,3095846,5401
1126799,902552,1532670,1082843,325537,3963022,579754,516363,128065,224227,805555,2313015,4685
863712,919688,2313433,1627486,577899,5213486,1183006,1235177,340372,330702,1153305,865424,3802
751744,745967,1429950,1268072,478317,4214801,948270,988123,381203,275776,1523075,1652354,3043
1157156,735716,1192252,846191,126023,3568916,501704,764716,268115,311553,1264956,2353681,4644
1151675,940164,1585537,1108294,358347,3371226,505658,287016,173863,210695,1169864,2316427,4454
1162992,1123766,1948564,1328166,457233,4249591,934292,983240,231144,274632,465228,1630782,3620
575444,549053,988079,851452,352861,3877845,736818,769761,234795,282576,1206548,1554920,2886
7029199,1339476,8769404,6978104,1559922,14003087,3182999,3952070,364712,512377,6497338,12598656,8134
21216237,3026186,30380185,22846202,5418589,40010665,10148831,11233182,499385,892053,17046370,34238263,15981
21009781,3016643,30066895,22736855,5406222,42890035,10207314,11451569,518038,879188,16118695,33009217,14403
20463556,2855939,30127291,22873943,5592276,41009148,10513926,11740597,587803,990125,17029562,33608625,14746
15727750,2430309,22558091,16534596,3682993,30345122,7085254,8243286,561901,847751,13322093,26698542,14122
1313275,680959,1840111,1317220,353039,4881397,501843,286385,77200,170867,1272483,2474849,7640
1304993,647188,1765192,1248034,335244,5098871,691641,725515,100242,167425,521667,1686110,5621
654598,445056,1351681,1281021,361263,5358673,755883,789223,160860,234486,914269,925508,3578
1329565,707397,1805881,1001532,246125,4401044,727381,966580,217164,305215,1653675,3328631,7280
1284287,629015,1731354,1233626,337258,4900082,488759,283070,41564,173281,1322810,2594625,7157
1248382,623535,1745230,1265339,357350,5121155,739177,774000,156336,159983,512717,916958,5252
652901,339498,1367050,1293874,351426,4988046,707959,740771,150780,231576,1279386,909538,3665
1382416,776679,1451940,807230,201842,5439778,910491,954691,352223,431652,1772949,3196159,7384
1278593,640788,1791825,1281186,245005,4399274,274194,530420,85982,219197,1261745,2471967,6436
1651431,889096,2200270,1550780,447183,5756527,912587,733032,158154,169584,919139,1773022,7408
654991,259373,1340099,1241912,359651,5068171,752466,784403,162889,242532,1319373,927882,3578
1309316,488022,1384688,712149,127728,4386407,716086,737957,155658,232072,1255583,2502524,6922
1856667,1027459,2466486,1782895,462211,6430833,524837,564568,98906,233416,1336967,3488281,11137
1234897,641878,1728721,1249267,338777,5064911,698275,605203,93435,97548,754467,1594065,6946
958524,429757,1782964,1559094,461887,5549777,918004,962872,196251,287577,1314781,920276,3594
1266633,446426,1341344,701612,125217,4386613,716701,749524,163667,243667,1321971,2476029,7147
27868070,47500263,40420526,30885832,7352346,49629690,14363425,16966093,5685305,5288042,26459694,42878420,32647
10132908,16997571,15671340,13482345,3240218,22501570,6309674,7009110,3537976,2464567,9131363,11516170,12986
1037044,1491015,2040561,1583910,347807,5868846,725693,759123,539273,573062,1168992,883232,3168
1713162,1470295,1660408,1211957,241403,6138858,936555,963002,578597,635109,1903322,3060071,6727
1615374,1756426,2080774,1606592,342493,5274913,272893,287315,480892,600748,1616789,2574165,6263
1620829,1726492,2077789,1617434,352422,6055975,729306,761793,461307,439679,766721,1629087,6114
995904,1553528,2117761,1645879,352021,5844066,707503,741289,533853,586474,1173863,888107,3215
1304939,1322023,1258105,1045908,234590,5889859,738411,770853,529937,573576,1589777,2480598,4546
2292424,1868963,2510533,1900212,358921,6179224,699252,737614,591471,702096,2241117,3887288,8813
1662839,1722329,2113798,1619523,340854,5952862,703380,739244,480518,457750,815614,1742853,6566
1026633,1522745,2071067,1611486,353615,6216967,737812,768304,553000,603389,1182814,888803,3094
1302394,1356679,1297293,1063376,240209,5949530,714743,738914,525597,582040,1537019,2480571,4739
1881930,1929644,2366599,1796185,314433,5073420,449197,594300,533671,595679,1769140,3126810,7032
1689998,1623189,2020502,1549815,353057,5682416,728424,520514,369766,413786,1103449,2340048,5994
1394876,1554802,2091787,1823821,453451,6310780,901490,943656,533570,587688,1142948,892548,3260
1332323,1203332,1217824,982851,231111,5514718,679159,708291,452602,511529,1448211,2310910,4432
1703136,1637645,2039376,1562708,234369,4426835,271943,518172,489544,543720,1462061,2386646,6210
1755784,1588532,2033189,1542149,340578,5703754,700544,507747,388199,424645,1170009,2578851,6552
1343760,1603837,1972429,1533223,344989,5720549,717123,746857,496982,558335,763031,883524,3066
1390687,1385599,1624848,1256582,348860,5636222,927323,955737,514937,571037,1817159,2484853,4727
1686656,1619105,1989387,1518751,234684,4880577,275900,512375,443965,552731,1528305,2520401,6347
1652400,1564544,1976060,1539060,328769,5858359,681425,470034,378934,413190,1130314,2135780,6358
1435546,1650577,2012696,1544226,339646,5550982,678162,710537,488585,547275,784187,921401,3388
1019675,1240142,1218046,1244254,342246,5592611,725858,761138,485275,541493,1544444,1691909,3094
2322028,1903139,2743615,1769375,351694,5605654,720814,958448,531465,632181,1768261,3072936,7418
1703361,1621520,2031523,1552564,435783,6281387,891629,721358,482215,475240,1489693,2413246,6281
1296352,1507901,2042892,1602222,352059,6036127,734097,766600,537954,600150,1155385,875629,2983
1105281,1347261,1312083,1377717,301851,6323284,701404,721058,531000,580934,1505674,1609402,3598
1617231,1649692,2043037,1322317,125432,4712133,491654,752999,522569,577745,1581736,2536391,6224
1614330,1693850,2064573,1609293,352036,5927110,499072,285381,407643,505439,1500857,2325868,5967
1628401,1891910,2501082,1872996,448801,6683062,909011,949493,531501,525677,797829,1724945,6241
988541,1322784,1684574,1334885,347755,6049806,731539,764027,541855,582133,1558499,1629515,2967
1717637,1572241,1736595,1373158,127348,5873179,508776,755751,556084,613979,1571113,2534349,6961
1659795,1693584,2055553,1550621,347552,5315577,444632,283153,449111,561211,1527820,2628105,6529
1582405,1711152,2066629,1599348,362919,6227175,735186,764759,466087,447261,789250,1645426,6078
1027279,1503807,2112094,1631960,477611,6601674,930191,962481,589817,642106,1538121,1741799,3337
1638747,1449735,1653189,1299883,129404,5355455,507474,773416,521057,570413,1562816,2574038,6333
1610088,1705434,2081670,1587860,363170,5467820,509248,288010,456630,507558,1483243,2453020,6296
1651056,1743539,2091838,1578195,350872,5990109,704966,737271,480145,526839,793755,1767873,5070
5322236,1854908,9368595,7405947,1763018,16817427,3587520,3981681,543335,708795,5024108,7666847,6491
1692232,1368700,1607755,1250000,244555,5848956,729352,983713,514743,571015,1784158,3278288,6228
1719807,1539057,2332951,1730634,439958,5753216,682248,494614,488869,540156,1851143,2565143,6232
1674207,1583860,2008570,1530960,363794,5842695,736936,766812,413866,467174,730101,1693859,4878
1076673,1377675,1628045,1517478,349001,5716879,686162,710790,464766,509740,1086623,915839,3314
1364019,1366003,1596227,1006702,238658,5225813,726103,765445,487392,541747,1531760,2574409,4648
1988434,1735422,2415370,1524191,354398,5162390,502441,533461,474025,587177,1789897,3256801,7597
1640475,1675566,2015824,1524969,333657,5854622,680589,521124,449441,423864,1102092,1663066,6599
1276776,1481054,2032722,1566609,359392,6011884,738383,768839,524609,580125,1145297,903722,3182
1328890,1311830,1264052,1324035,243684,6038661,719281,740479,529201,577011,1509386,1714141,4773
1595087,1702528,2040400,1323768,236744,4722816,479246,504743,533259,590049,1571870,2536085,6236
1579664,1742685,2079405,1600907,363733,6238932,506964,529279,419210,512171,1139870,2401333,5972
1305482,1745854,2503719,1857212,475558,6570319,932307,972354,568981,568224,1161441,867567,4412
1255043,1388394,1302798,1284145,227747,6038016,712944,742798,553501,607188,1537018,1853768,4567
1637360,1733472,2140744,1373855,249821,4996595,515307,528352,524003,576255,1514060,2490957,6563
1701089,1730446,2116340,1610884,347818,6129043,487599,511771,436551,544772,1229937,2645098,6819
1310928,1726461,2076134,1601750,354507,6200976,727167,759571,566789,536259,811006,892430,4568
1318768,1359930,1671204,1322775,361048,6787516,944101,969865,585690,647604,1899242,2533911,4818
1597446,1782423,2079183,1658970,239490,5120793,276134,526665,584833,645987,1634234,2575224,6176
4713744,1965182,5849948,4140098,986739,10629516,1830138,1878877,449322,604994,3888844,8387624,8483
1406983,1583673,2070835,1554187,350679,5774880,697991,729850,488963,479753,770348,894560,4875
1067153,1280912,1646387,1286465,348456,5849655,727788,763189,512067,564796,1517986,1694334,3310
2044691,1631769,2086308,1587548,245847,5419354,505179,753141,558807,611010,1846833,3277346,7850
1681992,1688529,2073649,1570670,347309,6034285,704031,511136,444847,477353,1213628,2625576,6470
1299954,1688187,2036243,1556304,356796,6057403,732637,766195,521160,585506,791538,886263,3168
1038123,1350247,1477446,1352478,358232,6245079,709681,730816,543355,596287,1508115,1699600,3055
1639973,1508821,1676078,1334813,126302,5366013,493581,756625,537937,589815,1584079,2582362,6119
1921235,1905111,2483814,1888071,480317,6048304,732156,524309,480240,513924,1496155,3142323,7325
6899429,2120487,10020340,7760964,1654892,15804843,3259716,3886217,556715,700320,4872772,9285771,11483
1678603,1704750,2131592,1634226,356699,5424970,268753,285625,490993,601534,1583780,2619254,6705
1632037,1733692,2086526,1606501,351751,6200068,736502,770387,501503,483232,826023,1688069,6138
1186838,1522554,2113301,1611126,364417,6087738,738034,760020,521428,571665,1142692,895891,3250
1333600,1404792,1322534,1362678,236939,6136314,706277,739429,560530,607878,1612431,1774736,4949
1971898,1897379,2463008,1583877,358679,5537976,507053,529210,558957,668708,1937506,3269359,7826
1626979,1806664,2119968,1652056,355987,6248465,708268,729124,500450,492431,835337,1710185,6142
1318263,1692541,2431335,1830554,459248,6749033,942063,997785,619233,675079,1183148,857414,2949
1650837,1309058,1267272,1049090,244937,6783252,953464,994307,581990,635562,1841037,3055475,5851
1753314,1622453,2045702,1510724,238747,4623624,290833,504651,491958,553168,1498006,2569198,6742
2024394,1705760,2348355,1759952,444585,6542356,735768,752962,445112,501121,1153928,2401518,7932
1062943,1425137,2018578,1543611,357996,5800265,726858,752945,485936,539962,1114224,876675,3121
1397954,1239610,1225314,997795,237400,5855720,690647,723166,504097,558972,1513337,2547669,4815
1709888,1563698,1982645,1525043,238145,4725830,274645,526723,516088,558457,1497073,2428851,6088
1724785,1600042,2022881,1530391,363942,5828385,720684,509342,385749,429473,1123753,2523807,6348
1401247,1608547,2274453,1747356,441184,6435126,901606,956763,554410,600413,1109803,902141,3372
1406386,1254295,1259188,1033972,240076,5988656,727682,759004,519397,559865,1484600,2365953,4786
1751322,1598858,2030040,1538160,239550,4502271,269304,509951,474687,534554,1499274,2607543,6603
1692609,1558089,1959070,1490907,336747,5803217,704246,497919,377495,422129,1163336,2447172,6121
4128483,1879501,7137839,5470415,1267549,11819822,2122271,2058002,514131,605994,2161262,3986778,5781
1079985,1238085,1240139,1279000,351420,5927283,706540,740787,507854,558886,1571819,1770372,3264
1931910,1677894,2275320,1472152,220465,4580035,504535,767076,524817,585853,1798099,3085406,7139
1718067,1619462,2024253,1540323,358477,5850730,717143,515761,387031,428140,1102548,2479979,6200
1388089,1588063,1965376,1478573,339390,5804522,698803,738619,493380,551809,770432,904209,3111
1057611,1245681,1228408,1275921,351460,6055030,712805,743558,505289,549882,1466144,1608179,3206
1760252,1703015,2093593,1299356,126432,4559334,499755,737732,516182,577099,1535028,2592778,6689
2020447,1714919,2372383,1775089,459595,6603642,725338,530834,446555,482937,1526287,2505834,7726
1384662,1597519,2047223,1562865,362280,5896845,733340,762598,500458,551816,984414,881610,3085
1021819,1285193,1230104,1259480,347334,5831423,701191,733590,499059,553696,1514755,1713029,2973
1686479,1563251,2009801,1289732,126881,4728116,506521,766831,503527,550489,1516309,2453797,6110
1770395,1624636,2057077,1559432,362683,5214310,266770,276757,440103,537823,1497281,2570740,6367
1695570,1751074,2341248,1751611,450061,6407662,929798,986302,497682,485625,756797,1736584,6289
1063773,1261464,1601217,1254727,352136,5901787,716410,747327,482465,538326,1439467,1642836,3197
1752978,1411522,1622603,1165490,123871,5210492,507176,727173,510406,555709,1530300,2563267,6379
1663587,1572114,1971430,1501852,347953,5211433,272708,285007,443797,552573,1508742,2462462,5928
1691382,1630240,2024967,1541311,362936,5952806,731636,752495,437358,437976,771296,1667051,5888
1087829,1368327,2033475,1549520,462007,6631652,933148,987875,550969,613373,1560469,1749422,3295
1666517,1412975,1617597,1271727,125501,5271800,496168,759637,497575,562592,1490039,2398143,5718
1733854,1673324,2055518,1559458,357757,5209833,492400,281956,444456,492449,1499282,2534730,6467
1692847,1543810,1963634,1495820,346933,5789968,722153,763763,439846,450961,761828,1732916,5044
1026474,1444713,1896154,1491507,341899,5804469,695319,725565,485663,538269,1054343,870225,2971
1396718,1260848,1238556,1261343,338984,6472267,888002,926268,557803,616882,1862611,2559881,4635
2003731,1689878,2322804,1738603,342441,5247518,498755,529211,478313,539190,1857531,3187507,7246
1715690,1630594,2065737,1585885,353642,6227011,714104,732760,429494,489472,761749,1640999,4975
1046751,1395860,1612536,1498072,335648,5817030,682321,722837,489590,543501,1133582,889063,3012
1376572,1245055,1250962,1275559,241369,5885130,728250,757357,519436,555035,1480870,1641050,4537
1733454,1601932,1983975,1253671,156671,4561365,478719,633903,488281,540067,1447483,2485769,6414
2008234,1682887,2348299,1748907,458421,6426940,729779,522872,433212,476785,1507822,2489580,7329
1364116,1378586,2009842,1525714,353812,5911340,714845,741273,488183,535092,1084496,890181,3023
1373812,1353034,1261310,1290288,228599,5907221,691126,723792,517478,577991,1544286,1761639,4831
1624206,1734051,2082155,1366329,243670,5049193,506623,528408,572511,623979,1572145,2459005,5985
1662417,1689563,2116466,1630992,361744,6187802,494446,512316,443606,533853,1184094,2519295,6441
1500279,1775053,2449967,1835959,439374,6932647,900626,951408,611102,618000,1198697,924574,4752
1317169,1410130,1323235,1361106,246826,6234769,743323,775281,542603,586970,1510571,1636661,4619
1661284,1677636,2057612,1319823,241912,4660045,480256,502230,521244,580034,1513762,2539060,6435
1594337,1788772,2104114,1625205,351136,6210133,503412,528893,446827,547162,1191005,2512709,6275
1627423,1905734,2510384,1891185,480532,6165999,736349,760491,596396,584557,1159728,1648742,6082
1339546,1313953,2110342,1613074,464437,7198999,1144960,1196879,650768,717808,2343086,2596779,4581
1566709,1800719,2082498,1463988,238272,4863436,321155,525074,569318,620563,1554586,2439476,5986
1683370,1755638,2132421,1637413,364339,6127674,498952,511440,433283,539355,1178524,2542555,6535
1332625,1721846,2080993,1579859,348316,6097728,718992,762297,560299,532773,806349,929483,4797
1006352,1346035,1706281,1376463,364283,6337593,740034,771769,564579,611401,1550460,1602596,2984
1700946,1668875,1790064,1409070,125561,5540210,489564,743815,573014,629654,1593028,2622671,6582
1915008,1840515,2434509,1827474,462561,6048676,729466,524043,458449,508514,1559012,3358962,7681
1336091,1723601,2136930,1652990,363020,6230281,731409,757991,555795,559926,837920,903679,3991
1037092,1333790,1692465,1332115,348975,6045180,704091,737695,555725,599821,1600972,1753780,3237
1609661,1580855,1687402,1341913,124040,5549019,503447,768546,556167,617858,1575789,2460077,5988
1661359,1782124,2098170,1610931,361525,5373229,496485,282188,494175,534421,1518204,2512176,6065
1888344,1934323,2435459,1848943,454245,6778503,943950,767811,552862,546052,1195874,1672943,6002
1026462,1411503,1746918,1644445,367788,6277484,740794,766290,534341,583127,1502520,945869,3432
1609326,1569009,1714334,1080890,134525,5498769,707391,737591,534120,604864,1598067,2637960,6354
1610045,1698446,2032730,1574895,239882,5436515,273727,485108,496528,596268,1517224,2347258,5997
1678431,1673508,2089480,1603906,362712,6162269,731363,518517,479430,470460,1155367,1693044,6175
1309641,1595218,2079148,1847271,454607,6734166,919105,972927,612604,678261,1560340,881031,2917
1904134,1681630,2055415,1341994,237033,6336702,954561,995743,605008,670389,1547883,2403243,5909
1668311,1793323,2149304,1664069,363181,5506253,270899,283108,516291,615543,1574896,2541901,6508
1679628,1659395,2077320,1611100,352128,6178110,733050,772120,493173,467676,826404,1740181,6555
1248187,1570257,2085849,1621599,345245,6284977,702706,732706,546941,602038,1170875,904104,3256
1312596,1419300,1304565,1328329,240421,5938137,707496,738045,541001,599042,1560355,1738980,4629
1878088,1853424,2415309,1573112,346838,5433102,505180,524983,541083,669353,1942118,3249072,7490
1646652,1723782,2112719,1629087,362761,6177218,730326,749213,500366,477232,830065,1697156,6195
977453,1582495,2092607,1596940,347450,6064152,705481,747639,564334,609882,1219894,894188,2935
1294428,1452905,1326947,1100791,243280,6142417,732793,764258,557787,619806,1544173,2408376,4645
1640584,1798179,2065726,1420833,238641,4781618,361873,476428,550892,599796,1492392,2440934,6507
1902027,1841706,2426014,1853951,458382,6750418,719401,762688,480052,532619,1217267,2585091,7706
1001752,1564966,2114730,1631541,360172,6106010,734475,769097,549087,592325,1172131,909739,3303
1361692,1379807,1316513,1075001,242251,6178499,712515,739476,548604,601781,1593610,2654329,5189
1590853,1773188,2094861,1625102,240331,4871880,275620,529191,567667,626272,1580296,2492221,6136
1657951,1755447,2114546,1630143,362151,6190688,729794,517093,430294,468187,1136385,2470573,6232
1315296,1729557,2494131,1876107,458322,6782458,926999,981510,617921,612666,1212201,882815,4137
1337648,1423906,1332081,1100252,245739,6255030,737523,765766,562833,597964,1537359,2428584,4653
1922676,1971033,2511913,1893501,355762,5396859,477154,717668,603675,599094,1556120,2562042,7813
1644703,1762485,2071580,1599819,347151,6007137,721110,523986,441903,482190,1197931,2574881,6297
1325024,1725515,2122247,1638184,364746,6327822,738733,772455,541523,597277,827734,935443,3308
1307052,1363406,1588234,1375780,358694,6603030,929999,969726,597299,657997,1975642,2585960,4753
1586009,1718490,2058966,1571530,240521,4806225,272276,525787,546351,591520,1555931,2487835,5934
1624236,1816061,2143412,1650012,362495,6207186,729484,514045,430061,483431,1165164,2494695,6253
1329404,1720410,2059945,1568378,346689,6018338,704176,746455,557435,606239,810559,897624,3083
1014780,1352740,1300753,1358451,362118,6207572,733154,765958,552651,595700,1555509,1629092,3189
1693164,1788842,2127615,1351917,123982,4690485,492842,737682,552543,603343,1559343,2584713,6682
2054373,2095273,2673795,1912516,457123,6938723,752640,538171,513191,610374,1747381,3421568,8506
1568123,1721681,2080926,1613415,343256,6086395,699228,720657,552002,528253,824509,867706,4569
991155,1394810,1713992,1622981,349390,6176537,706721,739902,571879,623321,1606148,888482,3094
1628421,1566502,1706167,1090741,127161,5722441,736012,767753,542165,608639,1565355,2494781,6419
1625969,1800889,2108176,1621497,352541,5470330,268883,280810,480504,591063,1487349,2479559,6548
1637537,1859230,2429840,1842954,457061,6667158,939876,996840,535893,525009,794013,1722235,6176
1022881,1347413,1711709,1725719,480194,6696454,967258,1006539,579915,625255,1847376,1478475,3193
1960763,1766857,2096383,1431496,233140,6296485,823922,891643,548573,591946,1610282,3305883,8170
1591744,1741874,2077915,1588882,349466,5455631,267388,281527,496502,614666,1579824,2503217,5991
1672554,1713760,2087474,1583304,359651,5988717,733397,757751,456747,440823,780031,1681622,6367
1038799,1537829,2088173,1594609,451140,6719829,909585,955033,588269,662591,1573271,1780067,3347
1622533,1534611,1668950,1331954,124737,5495517,501164,764062,550485,597403,1537969,2450379,5986
1654784,1693501,2107008,1612185,359798,5375366,491458,277180,481402,522939,1529500,2523161,6331
1569401,1792732,2036057,1576985,329682,6142248,678824,719635,503213,494820,828312,1743456,5825
1000463,1543230,2081234,1599870,359321,6171926,734881,768659,536477,582073,1148582,892855,3171
1308001,1369663,1303744,1082976,239350,5915782,702449,735026,546474,605144,1565280,2579244,4701
1907962,1883801,2433552,1832806,350319,5428661,502409,524834,549846,587965,1957893,3304942,7393
1644165,1768793,2127181,1641110,361055,6331147,732968,753311,484834,541892,811863,1664299,4819
1025999,1557738,1705542,1609177,346787,6134350,701202,737296,546211,605337,1185091,914476,3459
1336015,1355698,1510364,1071642,244125,6205324,739452,771273,531951,598359,1550546,2455375,4753
1684184,1740638,2127991,1647697,242771,4783905,271171,512584,547845,594758,1537500,2526609,6463
1937094,1935484,2489744,1878232,459952,6918953,944599,762680,504184,542272,1216212,2586005,6381
1021301,1530356,1709536,1628681,361782,6271112,732983,762511,541317,601159,1165522,888581,3143
1337128,1593199,1717967,1084401,239399,5493152,701487,732163,547848,597975,1551456,2596459,4999
1918879,1880435,2436781,1852948,342877,6157254,485140,521229,481989,598366,1964614,3282828,7719
1668196,1840478,2163672,1661253,361611,6079276,732920,517672,468390,490822,1196340,1790594,6286
1352947,1728298,2092223,1837822,456224,6761154,921902,973219,595734,658484,1213487,926983,3355
1316672,1563780,1677736,1058158,242252,5562232,736748,768497,546144,609084,1536038,2459975,4397
1668201,1758045,2096512,1613499,243849,5361824,267637,507180,485568,586133,1519000,2535987,6309
1586510,1737281,2062918,1605811,337545,6175741,695838,517748,502713,484425,1203487,1661927,5925
1329529,1573800,2090590,1614030,359817,6202839,731351,762943,544598,589495,1147214,897580,3215
1578465,1562177,1698910,1335341,246300,6093019,917035,960666,574003,646325,1938872,2617767,6137
1570294,1716564,1990718,1537571,239476,5277958,269913,473071,497153,604295,1521988,2370782,5917
1653059,1726759,2072887,1598576,360218,6225966,736268,521083,488140,466581,1172705,1676774,5889
1343374,1559764,2079144,1593987,348113,6166163,706764,742117,541111,594963,1188773,866311,3048
1275340,1402324,1287063,1322317,233033,6212461,718455,749016,549761,607762,1519942,1629840,4294
1694774,1762900,2153508,1405776,246848,4960228,501744,516443,543220,602527,1534568,2526009,6404
1988008,1902726,2457401,1848275,457565,6718558,719578,756365,513826,549309,1238641,2609378,7923
1254851,1650033,2083996,1638096,339865,6233091,691941,721845,584723,624667,1204717,893513,3159
1385761,1597641,1377191,1400913,241257,6032279,706490,739344,590469,649968,1632511,1762784,4797
1620739,1794721,2096700,1367757,240027,4929120,505521,528211,565403,629716,1620554,2501537,5829
1682396,1902126,2196701,1717385,364387,6460843,505262,521720,476005,587644,1232359,2447793,6244
1383106,1777320,2499920,1858064,461463,6641344,925561,973019,618334,610504,1225321,882226,4692
1321808,1394560,1329135,1099610,241413,6297129,737892,772230,558176,605771,1578108,2481859,4779
1619665,1795955,2066514,1405033,241982,4730366,360667,475769,545292,598638,1477581,2381789,6058
1644919,1682746,2031107,1560895,346627,5995144,490274,515057,418018,520791,1184754,2593626,6333
1305179,1726757,2083742,1619402,359239,6054597,728283,762347,552369,539655,804857,886991,4618
1363730,1330431,1670871,1321020,353357,6609841,917672,959630,579353,636861,1939516,2628626,4949
1706468,1523847,1961823,1494767,235625,4498815,270635,526107,478607,529386,1527817,2489600,5884
1697078,1645137,2019631,1557515,355855,5954364,725618,519573,389368,427376,1101242,2423826,6037
1380156,1567394,1998116,1498511,347025,5825787,703449,738850,473893,473753,746636,867128,4280
1069368,1248125,1599814,1266784,349403,5889030,718252,747940,494932,538791,1470628,1592984,3012
1715552,1436466,1648613,1277725,126660,5091108,498194,733932,481134,539115,1458830,2501385,6467
1710349,1738208,2370894,1759119,457345,6256102,898098,936570,473599,524235,764874,1713914,4529
1042988,1265713,1228032,1257554,341460,5794343,715106,747097,513293,567418,1505624,1650146,3038
1728714,1600553,1947515,1207964,124154,4544239,495822,720555,471588,523177,1402471,2368283,6172
1704603,1571663,1983748,1768627,453077,6080355,705677,514377,481463,540413,1906192,2552844,6115
1932218,1739329,2331442,1755226,460415,6522972,934109,974905,486429,477405,732928,1618437,5564
1065693,1378437,1600343,1519296,470420,6454314,925166,950298,526258,577756,1442802,1631515,3200
12164576,4922878,15182397,8998678,4666377,11848317,3898759,2002799,748111,1013552,15034719,36918121,29129
3006208,3180628,3856996,3534482,590516,10101076,725484,414563,917091,1136735,3206307,4007079,15171
3053113,3195921,3845221,3075698,516715,11175815,1008710,1078184,773136,796388,913786,2077074,11679
3023989,3092803,3954696,3171135,555856,9371210,546960,340358,755819,1045226,2713970,4139616,15231
3181836,3319757,4308642,3374776,639047,12373683,1243205,1352573,809613,754756,1122820,2916001,16127
1080847,1560041,2127992,2682536,552009,11656950,1107289,1188327,1081879,1162140,2913904,1927537,3506
1654468,1918759,2131044,1670979,369699,6771904,748168,779817,570124,547117,950838,1745600,6159
1069748,1599356,2092883,1614081,352946,5950414,696801,721500,544218,594849,1184386,885375,3076
1333657,1434956,1336709,1103908,239717,6102670,730569,771021,561105,603620,1612662,2549634,4767
1945264,2133465,2581425,1943407,350305,5716594,340180,529812,596929,710392,1918455,3133736,7567
1729957,1846161,2149370,1613473,349297,6188439,706470,736941,505059,485603,839564,1777854,6796
1048529,1586704,2081118,1602481,354946,6154569,736761,770465,563428,623547,1213349,893222,3130
1341551,1358821,1282872,1067606,243704,6068610,718052,740903,540146,596121,1513193,2492460,4787
1650050,1731759,2062907,1574054,237178,4896169,272943,518369,545735,591401,1589088,2634387,6444
1586693,1702550,2051934,1576319,363616,6142664,736700,527129,408128,454916,1160903,2410920,5930
1663194,1957210,2682472,2091324,571022,7092347,1107590,1141407,588797,638434,1116943,1666466,4739
1000147,1328063,1277215,1314515,352051,6128145,734886,766887,544999,603204,1595328,1692553,3075
1682163,1739151,2124041,1342728,129308,4910986,508829,759441,529088,581613,1497693,2473040,6276
1698157,1754922,2110283,1612535,351106,6162362,494836,286778,412095,526407,1589590,2633557,6717
1641178,1692948,2052946,1594817,360495,6219060,739519,771173,544162,531835,787839,885736,4688
1325813,1330084,1688140,1607414,363329,6842014,946369,971561,590523,648887,1899702,1707599,4715
1650418,1750782,2051747,1312513,215457,4702484,493870,561564,536186,596068,1572095,2614578,6463
1639400,1742000,2103104,1616090,362761,5597648,272343,282283,500667,596573,1528530,2462492,6314
1657864,1809606,2119907,1595342,348022,6034214,694986,726938,502935,487420,817889,1721488,6398
1014507,1527353,2047479,1566416,355855,6002625,734593,764093,532747,592272,1169574,890244,3088
1684270,1537465,1706658,1348722,243708,6127924,727971,984820,591813,647694,1860765,3306965,6215
1668744,1699784,2060941,1567116,346604,5352114,488076,283687,494333,533472,1587195,2634625,6617
1635374,1730082,2057160,1601531,364831,6245338,742273,775626,476259,485639,817174,1680617,5420
1382105,1725499,2104226,1617410,356191,6136633,703951,736480,540198,588664,821199,918173,3257
1053875,1294862,1389530,1403480,345705,6479867,723278,757799,544520,594057,1605786,1777314,4726
1968288,1869137,2518443,1617553,243922,5510039,505536,760463,536986,636256,1874301,3264824,8371
1701310,1696627,2053564,1572044,341128,6333104,691646,512310,465980,433514,1149620,1699269,6821
1600610,1673539,2415126,1832053,358092,6170551,735662,996364,581464,642906,1506727,1628210,4483
1282668,1394038,1289448,1318505,252061,6140578,725023,746199,508350,566338,1501853,1743490,4541
3922948,1725084,5713449,4653263,973937,11781798,2231607,2296155,525336,652701,3041173,4860248,9327
1638879,1770410,2095905,1622207,358826,5632254,276123,288630,492920,601467,1518681,2412988,6222
1353644,1390602,1639472,1544814,354715,6603498,954669,985835,576352,628992,1821589,1685956,4774
1641459,1712175,2048271,1299020,238001,4806867,482441,503858,520735,580063,1561491,2597471,6426
1646047,1688452,2043662,1591027,358957,6230371,506465,527958,443642,543744,1179964,2433873,5852
1428630,1639588,2099600,1616367,363372,6143026,724390,745354,525763,521804,801361,863775,4613
1033501,1592598,1958220,1591965,331721,6209378,692884,729775,562245,611438,1151518,880261,3173
1646479,1558101,1711318,1360611,244415,6126645,733045,1005898,594765,642437,1865492,3195490,6087
1675786,1731631,2111861,1597735,353422,5311805,488334,281356,473274,518299,1578862,2621663,6555
3320549,1872723,4905058,3764458,869649,10953152,2189966,2670199,501390,614247,3259316,5355685,6060
1064782,1532070,1735651,1640291,365150,6280197,734045,752912,536895,585720,1175366,905941,3204
1343841,1540411,1677782,1059371,232806,5449779,698399,735972,542382,586826,1566825,2586030,4809
1933161,1883510,2444330,1597836,306614,5468412,503626,602713,531316,641274,1829303,3060301,7716
2063536,1913206,2510223,1884644,473725,6578696,919574,505456,497145,475688,1554373,2594735,7966
1633973,1686246,2424531,1815064,348228,5874553,727919,994463,587383,649342,1571502,1683629,4786
1389575,1282798,1238688,1304341,243067,5981437,734827,762844,503178,551484,1474433,1686607,4594
1726424,1573903,2011844,1257703,234816,4573035,486219,506811,487696,538827,1517224,2582122,6741
1974267,1717672,2330458,1765278,467729,6563670,723841,753360,431366,478572,1121327,2428337,7423
1412105,1637438,2015767,1539386,356817,5744226,705239,725671,492230,499546,758914,879053,3927
2864101,1400614,4515796,3500570,857850,10642602,2137501,2646535,515540,625084,4023079,5568772,4623
1653564,1548433,1680224,1334174,125578,5349939,513733,777282,533312,573917,1515822,2450010,6032
1699761,1748141,2117173,1605493,355296,5377110,492113,287149,480185,520287,1577118,2615493,6650
1583934,1953979,2449569,1843798,467608,6863172,969401,1010715,554274,613615,813393,1687442,4441
1032153,1364281,1290217,1332124,362408,6151226,732083,753179,528283,577576,1483394,1670256,3107
1590754,1542743,1664750,1060706,136108,5437940,715040,756446,556007,607916,1581355,2604152,5797
1626804,1773985,2089158,1606164,246937,5466817,273121,509050,480388,592387,1516727,2378651,6305
1688380,1742693,2121665,1627378,359481,6084555,715081,516342,473535,466102,1189764,1796637,6881
1366125,1555796,2078250,1598548,348010,6086061,729292,770303,571213,614267,1188071,898675,3146
1687778,1561532,1715848,1346389,239927,6260375,959244,995693,611716,661639,1883965,2475683,6291
1695051,1681501,2070428,1581043,351231,5350767,274097,286358,475239,586803,1584247,2622468,6642
1616005,1716878,2064145,1603246,363230,6184972,717957,526611,421669,481666,1152061,2409871,6088
1355284,1753278,2094106,1703451,451299,6798506,885442,908691,605415,596686,1170879,1563547,4720
1015565,1315183,1648477,1301914,346007,5896978,717940,761221,540852,580356,1580610,1743897,3230
1965906,1721176,2070604,1587494,236030,5486097,509756,773986,587894,653232,1854448,3153590,7719
1769202,1615015,2042172,1530830,347184,5876855,695715,499417,390579,426814,1158908,2577867,6490
1373008,1554025,1963916,1497032,344670,5820652,717549,748323,504728,556715,772068,877267,3002
1071053,1215655,1617333,1533097,360868,5862912,725227,746415,490525,539971,1464076,893344,3191
1450982,1455640,1596820,1004398,183862,5169538,672419,709396,479650,542948,1475761,2487729,4950
1975710,1747512,2345290,1768432,358192,5782866,503393,516709,434236,531599,1820828,3106403,7265
1725430,1570323,1986626,1511174,346746,5730568,686553,712425,481652,474460,750164,891134,5037
1027388,1300629,1625869,1525950,344957,5900364,721248,761533,517428,585986,1535060,855681,2883
1690403,1398004,1607490,1012073,126023,5295060,718719,746470,490901,531033,1440488,2370031,5911
1721444,1625024,1985996,1495060,232922,4564404,272847,513143,498120,549885,1515536,2576024,6253
1940991,1717432,2341923,1778955,460860,6726921,861461,764105,427753,467273,1094853,2307076,7402
1056952,1423933,1970631,1501972,340675,5800155,677602,696667,471514,529881,1111204,908548,3221
1374310,1261211,1232742,1029533,237179,5850278,711864,752718,519585,572984,1567025,2569460,4683
1728366,1558530,1950158,1497911,235058,4507038,275085,510983,481305,530324,1410891,2291600,6162
1728445,1792132,2381947,1763561,452328,6456993,889864,701248,441535,493215,1140021,2563718,6416
1636993,1716851,2053211,1578888,358232,6196377,737024,768761,524489,513399,768629,859651,4375
1056710,1393627,1627963,1537192,476549,6591920,946488,971931,541787,597163,1681473,1686477,3088
1733110,1571876,1991277,1257467,129867,4686254,489503,729428,485856,543648,1516212,2537811,6389
2662460,1680300,2231047,1549616,354361,7839005,1101873,926022,640027,767321,2665999,4435334,10517
1746035,1613608,2026235,1549792,346739,5859018,688871,714005,502666,491009,764392,906310,5109
1019869,1293074,1583700,1481369,344199,5809415,719014,759168,492306,556847,1512207,884198,2900
1694958,1471153,1637517,1188914,244487,5795176,754848,991204,539402,594863,1788017,3234440,6044
1742406,1585659,1980431,1486145,340479,5191555,283301,286291,436659,526663,1487787,2537273,6451
1696887,1560916,1969897,1515830,347787,5979894,713349,740740,426690,414322,752159,1613327,6167
1056546,1502620,2055951,1571737,358975,5880161,709694,729955,509598,561081,1093430,889298,3209
1377225,1262773,1238600,1024252,233061,5769794,691799,729146,508411,566103,1541397,2527736,4754
1973996,1752992,2411889,1820292,364055,5240298,504481,528241,487458,538607,1815803,3147313,7398
1755006,1634910,2041593,1534911,345001,5849192,695956,518135,414758,427029,1118782,1763121,6510
1359218,1594667,1928929,1480459,329652,5837890,682299,711955,503868,548116,792498,868884,3034
1033696,1180184,1209812,1254369,361774,5887945,726724,747403,466346,512378,1437073,1662311,3005
2044366,1777905,2379046,1512621,236673,5292185,708567,971644,549940,554124,1520701,2575989,7664
2023764,1789933,2419003,1822238,478652,6683545,722232,527337,428299,482356,1476288,2419094,7709
1412178,1489504,2067708,1566866,360533,5821614,713017,735598,504208,550187,1144638,886804,3237
1044665,1362798,1675674,1339335,353674,6126707,737347,765202,530095,579426,1559346,1677424,3048
1641144,1554175,1673043,1154852,127117,5492828,613905,726412,536305,593211,1461713,2373797,6348
1716632,1702494,2074112,1579915,349246,5412149,272422,283024,474387,577382,1561564,2598126,6515
1613798,1665544,2021428,1573913,359093,6013000,736365,766414,468727,450270,806278,1644608,5754
1065520,1580268,2095348,1610551,474024,6666814,932587,957907,573533,635004,1494440,1710509,3169
3336142,2793178,3665679,2460199,460365,8489689,1361999,1674214,907075,875922,2221818,3397700,13181
1726514,1638190,2054301,1585680,238072,5361855,271525,527970,440568,547114,1482410,2408834,6375
1691677,1565187,1975215,1506595,326611,5703044,661680,469499,383300,422289,1130194,2019874,6388
1364407,1598562,1969636,1503554,340716,5810819,715307,747479,498392,552023,746590,878983,3125
1397097,1443297,1655381,1307249,353616,5893217,945708,968187,535376,586228,1810995,2427954,4642
1734981,1629959,2012169,1527346,240408,5178708,276961,507635,430996,560569,1547755,2607474,6654
1680707,1610358,2003486,1539350,353222,5920033,727219,522352,454970,421504,1133891,1631512,6163
1410968,1573058,2008829,1547087,347873,5794488,695868,727865,483117,480727,773986,897026,4833
1061140,1243430,1636616,1399583,342495,5875871,719249,753914,499735,553673,1529130,1502234,2945
2042833,1637177,2011988,1292757,238274,5276645,707522,733801,538458,600430,1776377,3090920,7567
2047541,1807842,2448997,1825027,345031,5866909,485205,716001,462455,566281,1567328,3377063,7988
1380784,1581567,1971704,1537614,344971,5874046,717067,748570,516203,502619,773331,880665,4536
1077142,1294212,1655518,1286036,342258,5900855,689005,709819,490015,546805,1454134,1672965,3339
1357646,1404804,1589964,1010597,238162,5199654,724868,767599,491365,540151,1547141,2501846,4456
1999379,1769690,2395845,1822231,353135,5643132,500030,522811,477257,540201,1812126,3098040,7392
1701083,1625643,2017821,1537656,333280,5871904,672972,702023,434505,489869,759334,1617435,4833
1054182,1419420,1621517,1521076,346157,5933665,725984,757407,498579,550405,1143681,864462,3105
1414609,1489229,1664830,1041114,236152,5320203,712746,732495,503648,554362,1462979,2405020,4743
1729122,1616184,1999066,1511870,232530,5213758,270200,490468,448587,566200,1508369,2482815,6114
1678732,1562931,1991724,1517333,354307,5872592,489848,511224,383169,471357,1119537,2338354,5902
1432307,1587400,2386464,1794674,454627,6389405,899188,938059,547992,557874,1142451,883913,4572
1356038,1290800,1238725,1218452,221132,5807269,693271,729967,496470,551900,1470452,1791622,4289
1755128,1712472,2157272,1383424,250034,4979004,509647,521629,539726,580498,1524096,2463396,6701
2001532,2064125,5428569,3966292,1356117,11528422,2315602,2427955,845908,1064311,5164124,2947986,8609
1692108,1805925,2107444,1631041,350408,6032217,717920,520299,506181,479855,1173712,1622691,6208
1359354,1721261,2463896,1829911,451562,6495995,906644,946649,569882,577065,1169685,893919,4673
1320724,1380178,1650447,1321447,337657,6660772,934787,977334,617628,675835,1896848,2367149,4023
1670724,1707370,2082215,1398513,243927,4835145,395640,485541,534357,587993,1494433,2388532,6370
1674389,1705188,2069881,1593586,339570,6123411,487417,513189,410935,508681,1197161,2565016,6380
1361134,1714540,2107459,1640201,361520,6291297,737460,769609,558208,524712,797843,880950,4674
1370604,1339488,1682304,1330017,354767,6780445,922695,952265,569520,631192,1911228,2561450,5027
1649994,1718769,2061332,1346138,126169,4744146,499873,767547,559518,611343,1592460,2475736,6169
1642606,1736160,2117327,1636283,357968,6177786,509006,284014,425418,525552,1519051,2422054,6085
1678982,1733522,2040967,1557750,327882,6051100,671219,701792,468839,516886,784088,1197636,4878
1049133,1524831,1652901,1572947,351914,6095019,726108,756481,532566,590597,1161618,895546,3174
1723846,1752950,2094082,1361598,240433,5374610,707865,951782,583577,648644,1878561,3268997,6484
1703386,1701578,2053156,1580485,338896,6042595,485793,282728,431614,523637,1575907,2561386,6623
1695824,1718548,2065259,1586606,352440,6054959,726919,758722,479108,468197,802040,1650495,6295
1043089,1608303,2081580,1592185,344169,6042340,697913,728072,544372,599803,1180272,897180,3151
1316595,1363779,1300464,1203787,240080,6335176,738961,773697,547312,608178,1581659,2311393,4447
1725338,1718780,2121321,1377775,239706,4835943,494345,510444,542029,590750,1522357,2440777,6561
1988988,1883906,2471077,1852270,451551,6756458,708875,748145,494303,512873,1191966,2562322,7907
1307732,1688152,2422987,1856179,462455,6726690,940287,981178,597627,596857,1164189,871342,4427
1382258,1521841,1673374,1619513,457252,6795180,904597,945658,537447,592633,1565244,2487341,4837
1614520,1665986,2054809,1342909,127002,4820391,498370,765373,538368,597459,1607396,2495705,5954
1687387,1712540,2113427,1625108,353658,5910602,496228,281874,457942,518660,1493651,2387117,6055
1750230,1873998,2485593,1851636,451995,6768411,912281,957490,516753,563731,797675,1704708,5008
1041267,1396956,1316712,1351501,350549,6235556,728435,758512,543924,608665,1556179,1651664,3272
1748521,1861817,2141249,1384318,128077,4756190,492543,723615,568855,618024,1543821,2460596,6452
1708950,1796529,2081846,1626800,341811,5411722,275885,286449,526877,633124,1639273,2510945,6138
1686046,1803440,2128931,1649836,359672,6173603,732472,766766,504002,484108,830210,1635161,5916
1135123,1739183,2159297,1896306,446842,6712506,894136,935166,637738,714548,1624148,1042312,3214
1667266,1632894,1712761,1094327,126301,5418205,727805,759892,579534,627540,1598151,2427875,5970
1738861,1895898,2168546,1686019,359507,5542413,275060,285869,517879,625570,1589798,2470295,6203
1664743,1734297,2074745,1584942,339717,6052836,696727,736916,486458,459714,808463,1733325,6266
1349101,1676009,2045673,1585823,356151,6175407,730908,762786,528571,576103,794468,877038,3240
1371557,1509851,1669096,1358651,355717,6039778,921267,958217,578255,644602,1935708,2540842,4771
1655190,1638123,1980347,1529299,219593,4629808,270766,522523,515845,574298,1505356,2400262,6060
1723719,1577411,1980903,1508269,349348,5784813,717750,518767,362943,397418,1078833,2362897,5991
1418732,1601730,1980106,1502296,337830,5781450,687942,718958,492827,540668,769363,880982,3213
1347729,1427396,1588569,1509808,448927,5838342,715901,746270,554800,616755,1831579,2315406,4338
2041284,1587109,1969238,1250640,238425,5004158,696024,718352,509063,569362,1792297,3245931,7691
2228308,2256704,2682998,2141883,291215,6662324,312607,558051,612905,740118,1818015,2828281,10041
2008177,2005711,2396230,1666069,229229,6129914,534928,612478,544277,636624,1598605,2600610,9031
2162939,2301678,2745278,2314597,304656,7884564,568576,563716,645943,791280,2071640,2978340,9256
3080535,2954683,3756858,2912802,650547,10125753,798514,829563,739899,768582,1903536,3391394,14688
1854117,2135549,2564026,2353250,438525,9364122,865557,658006,753033,711158,1492371,1749544,6865
1164473,1784811,2431334,1910593,513143,8415202,1002993,997404,712744,767409,1848761,1955563,4050
1680728,1674663,1695547,1355212,127973,5426849,491676,752378,570100,634022,1618547,2509409,6167
1715296,1851409,2148842,1680277,359949,5532512,456658,283246,518310,616140,1565664,2421622,6210
1752085,1848626,2155719,1656250,346660,6048285,697552,728275,518262,505598,875011,1752582,6500
1063717,1602815,2086638,1622849,346253,6032584,722658,756341,577708,619076,1230956,894960,3037
1741049,1577856,1730375,1364983,242023,6357186,729795,990889,607636,669045,1915085,3256563,6333
1667792,1741259,2063972,1569997,335198,5382434,484490,284332,477740,532790,1550756,2519513,6441
1671963,1673217,2056857,1601711,352374,6078591,722437,519531,474662,455591,1156543,1612211,6047
1373157,1712983,2123318,1638046,347870,6092229,693841,724931,556278,605790,1112023,904637,3283
1337054,1532924,1633081,1550632,429409,6026517,698969,736515,608220,661486,1914634,2372546,4577
1987647,1895591,2469076,1615331,239886,5375538,499741,750424,530664,649462,1849128,3148209,7527
1707663,1750032,2072004,1585223,342808,6064664,697921,508112,488723,467325,1183558,1722095,6295
1371605,1515909,2067236,1607447,352885,6168650,730169,762653,545241,598528,1163242,869438,3193
1371808,1360379,1297244,1351211,240422,6021607,720652,743888,541374,583339,1551435,1702343,4597
1644482,1701015,2043541,1303384,230473,4736779,488708,519248,549114,590882,1582093,2541372,6066
1600762,1738965,2057456,1604442,344348,6002728,470380,312054,425462,535359,1459224,2271400,5941
1684437,1716994,2481154,1862350,465471,6379937,918599,957185,572872,581990,1154981,874764,4558
1369694,1323185,1283308,1326381,234454,6112462,731177,768865,553822,608108,1613816,1706149,4361
1657873,1767749,2130833,1372215,241637,4816293,490877,505271,556303,599814,1509735,2367353,6057
1721723,1762958,2113114,1613192,346666,6167654,482980,502844,434736,535976,1218133,2585743,6404
1347887,1736135,2066765,1604396,353444,6084863,729288,763285,538969,536820,788593,886855,4583
1387784,1382331,1697015,1534574,341089,6747718,907179,932868,578504,638377,1835087,1944453,4830
1655373,1546005,1669654,1323139,128375,5441820,499563,760211,546615,599715,1604007,2509198,6135
1647465,1760804,2072447,1591021,352524,5393547,496530,284687,470991,515955,1485218,2367889,5806
1713153,1766337,2088738,1598599,339958,5979123,689072,719317,476747,526043,796769,1713029,4854
1341975,1688341,2034900,1566527,346717,5965982,960201,1002363,604867,653938,1559852,1650521,3972
1991903,1884857,2477764,1621413,241150,5515922,721444,1196292,646344,703591,2205511,3929238,7435
1664153,1723616,2058929,1597563,327947,5585321,485498,285563,481794,531559,1558516,2469718,6306
1658970,1697000,2068464,1594772,354998,6074185,727194,758506,473417,511395,779873,1616169,4781
1034814,1550417,1709250,1623535,359830,6132360,717813,738892,525914,581997,1177078,905713,3240
1353822,1550896,1643680,1059199,232906,5327591,722832,765142,549367,607336,1585788,2510804,4408
1969627,1892283,2488860,1893652,358407,6138335,507479,520364,470222,571196,1843035,3109637,7388
1664512,1663177,2081397,1581079,346126,5841760,698011,728366,525444,509330,789222,868556,4819
1052596,1535734,1692943,1597311,351092,6131535,735579,764197,555356,595364,1452070,886816,3071
1378333,1587340,1694991,1057772,240155,5262048,725729,746957,519675,585391,1511825,2468889,4666
1676399,1716872,2043404,1557644,232215,5189883,269528,506742,481626,590469,1551620,2541779,6137
1659688,1685191,2070156,1609233,357047,6139142,730167,518697,477785,458904,1200782,1663866,6028
1381647,1746179,2495775,1871439,462008,6531453,915754,958531,590417,602933,1186473,896463,4701
1345399,1330026,1288451,1068619,236840,6198169,737105,772454,519056,580040,1577980,2463026,4395
1714228,1684530,2091165,1544231,241207,4772379,295772,519127,538703,580774,1498455,2392805,6246
1696344,1677640,2024644,1560644,328321,6080613,490588,508798,424136,511227,1166501,2474104,6499
1351124,1698555,2049092,1593259,350250,6056101,723532,754961,541021,536179,801942,882504,4521
1369678,1417256,1700504,1329339,352847,6716689,922990,950936,588652,649295,1864525,2441887,4896
1648055,1695593,2028188,1579282,233076,4782083,273120,517110,543735,596380,1580338,2521038,6011
1661782,1679576,2077833,1621943,354141,6154124,725452,521159,434544,470808,1157810,2306903,5889
1404263,1708699,2105107,1621484,351124,6114091,698909,728516,535472,565261,809144,912824,3541
1048000,1358285,1610694,1331135,329368,6183520,696325,728021,547018,603425,1559644,1686838,3263
2006003,1755846,2117051,1620088,241035,5496751,500486,750634,588629,646309,1849834,3147368,7630
1722651,1744992,2088029,1608712,337143,6073879,689330,501017,424916,470107,1196227,2528088,6458
1363167,1697195,2027695,1572898,349524,6016608,725555,755363,549179,602716,802152,882514,3200
1044940,1301800,1268317,1339559,358068,5932653,716900,737814,518476,561391,1529286,1661112,3065
1681223,1656271,2024880,1309510,126200,4701491,487692,743787,520876,574308,1562964,2513861,6097
1972321,1769255,2357883,1804566,444917,5921519,711201,508859,454312,495636,1431410,2910649,7246
1421795,1668470,2063690,1563219,346020,5844085,694284,726433,485624,547238,768217,914425,3350
1064717,1260099,1241117,1276851,341483,5753641,718406,753003,515176,549020,1531242,1672534,3068
1719447,1552448,2020541,1283690,128672,4706431,497657,747806,475794,534259,1435586,2363386,6055
1772744,1651201,2030416,1534870,341361,5915604,485079,284152,399724,498291,1547417,2562945,6535
1681868,1594760,1983710,1534295,350474,5906222,727133,756037,485529,475655,776947,895711,4673
1045879,1436305,1630545,1561348,467285,6457525,930089,956493,553885,612247,1694505,1658130,2933
2018060,1616128,1996864,1279494,127071,5294871,683307,952904,563214,625855,1888838,3261843,7454
1725854,1629937,2045689,1574666,348713,5290267,271768,284014,437565,544357,1450426,2348739,6197
1796894,1665648,2067969,1560839,343600,5837182,696646,727046,459389,439549,790398,1745121,6551
1060016,1386243,1966277,1491067,344770,5819842,720680,752161,471823,532178,1135536,895375,3059
1752542,1365311,1603209,1162090,241270,5914534,753307,970472,542812,594989,1825097,3233402,6267
1699365,1647488,1981104,1506697,334032,5215828,271558,283888,444556,559139,1526876,2502104,5954
1681938,1611242,1994453,1536312,352437,5848017,724399,756122,442568,421539,752217,1598853,5810
1059103,1414266,2030063,1558365,356638,5796239,710187,735078,484747,535361,1142402,885390,3171
1374498,1275287,1233002,1025484,233583,5862103,697560,738311,509424,569970,1510012,2424767,4593
2005949,1772750,2418337,1815904,348385,5097406,496410,520237,501263,542431,1786572,3085755,7361
1776673,1646392,2042990,1544513,344809,5908751,697906,728716,444034,467577,762658,1729603,5341
1048684,1478054,1953134,1515955,337246,5830003,707050,735939,494620,549420,1087376,871497,2995
1397844,1267091,1271643,1047978,237960,6140927,712441,733116,502751,554594,1448226,2409492,4734
1761301,1663635,2060900,1567429,239666,4677167,272979,503718,521775,573363,1559348,2559435,6459
1655485,1586644,1977826,1520075,349522,5813916,716064,509932,370172,413497,1101264,2309974,5884
1388311,1618334,2019590,1814058,466563,6222266,918663,946833,540737,592981,1147286,879066,3137
1666606,1391406,1600551,1513057,346064,6445752,959526,1000602,559581,607259,1532801,1682629,4190
1647930,1645290,1983421,1558978,257931,5296264,717731,900473,552575,611888,1776238,2309766,5592
1755275,1647090,2058499,1569310,344173,5911765,481293,281749,406475,507982,1570675,2582363,6328
1694775,1584006,1999049,1545891,350465,5862751,723998,755749,502098,494122,773843,881879,4554
1396095,1261828,1613507,1540626,349015,6352874,916768,946823,544393,605283,1827836,1692889,4610
1672423,1431122,1622205,1420385,139341,5966001,503716,756464,566221,632105,1667566,2486141,6254
1733106,1618434,2035420,1559845,347724,5203951,484992,282763,435042,470734,1449997,2361199,6253
1762583,1623972,1999729,1508876,325125,5836154,663908,690309,449732,437800,773481,1751796,6389
1050724,1424918,1985527,1524935,346974,5894114,722114,753776,497083,554287,1134836,876428,3000
1711588,1391474,1618399,1275652,240019,5956434,704178,943563,548390,600326,1799258,3155045,6046
1741649,1641760,2016654,1537945,339782,5216905,482563,281613,452342,498828,1545417,2563162,6399
1694347,1604077,2019908,1554487,352256,5954584,723416,755561,451275,497752,771851,1592850,4721
1074317,1566191,1714010,1616340,354674,5979390,709442,737062,538033,593201,1191346,919170,3442
1293329,1384432,1457776,1068038,237103,6103749,703404,741603,542137,604028,1574990,2458711,4781
1959317,1901833,2505341,1900613,359349,5487395,502683,521212,537272,594813,1870530,3179781,7598
1714421,1771639,2107625,1589219,345233,5937088,704517,737084,497323,532927,812140,1728993,4935
1005986,1493115,1646924,1569362,348504,6028705,726088,757312,524627,580495,1160787,858528,2853
1336732,1761375,2096755,1354465,347246,6246803,926217,951923,596720,654743,1515243,2432472,4668
1693830,1716566,2052707,1565297,232673,5461163,269771,511076,477372,595493,1573554,2532298,5949
1608885,1703038,2048279,1584634,353648,6017854,724242,521286,418632,457592,1138589,1729478,6022
1345130,1801313,2088195,1868758,464291,6633164,918959,950733,587383,647992,1149668,890838,3243
1327947,1530091,1681319,1072453,235817,5442585,729530,771258,535858,593466,1594301,2521543,4664
1654386,1704183,2079251,1613598,239147,5383936,272732,519478,475375,580394,1494464,2383974,5973
1672711,1711884,2068451,1579809,338095,5953516,688607,505732,474112,446305,1176540,1685388,6300
1315013,1511519,2041904,1579931,353735,6041941,735922,766503,528012,584599,1175233,880527,3055
1660919,1605245,1711784,1333800,249725,6259839,959389,986280,602920,670366,1901765,2563516,6292
1655299,1790003,2049907,1577075,239862,5337956,272418,495388,497492,602758,1578176,2563437,6186
1704190,1812800,2134299,1652972,365711,6203764,739881,527754,520048,499693,1227303,1683929,6376
1452473,1622630,2127813,1637311,362800,6065146,713042,738644,554635,608578,1205975,909871,3232
1384424,1412876,1332731,1373785,234732,6210658,720145,761101,571624,624662,1630536,1722993,4404
2062618,1952782,2568900,1670678,365547,5498313,504372,529099,552371,653558,1889687,3271207,7768
1743811,1812069,2136442,1615170,353980,6086713,709175,731938,499715,488363,869895,1787272,6552
1346645,1700776,2073923,1611639,337436,6025856,693615,723497,571233,642002,1230710,903358,3128
1416332,1355046,1269210,1308700,243480,5772541,709096,733051,506122,558467,1479803,1665079,4721
2099835,1852592,2388848,1530266,341511,5233062,692646,732146,574513,627091,1551135,2596774,6096
1682581,1797033,2095428,1650241,359788,6254507,508134,530282,456696,555732,1204596,2391649,6035
1966792,1995745,2456244,1852958,459079,6175558,722855,524772,499751,548066,1598690,3423652,7440
1380595,1816882,2131854,1666462,367543,6251927,741753,771607,558117,612280,838858,923809,3303
1104730,1417884,1569038,1329876,343978,6047589,687339,717028,548218,603779,1561328,1777740,3384
1700166,1670748,1725190,1373176,127599,5485370,506515,760735,581579,635216,1647163,2516513,6146
1671860,1694556,2091462,1601223,362425,5361297,504953,284764,483325,523314,1519020,2463873,6201
1705986,1860293,2444974,1804939,458494,6549811,923780,974037,520086,568932,786408,1735116,4628
1046828,1370470,1272123,1306891,359929,6056593,737843,770018,512498,582422,1530536,1666412,3092
1698645,1762092,2079538,1314479,127467,4597405,495496,740966,521532,570115,1494465,2532080,6331
1670556,1676162,2034307,1564717,346573,5361512,493298,284717,471554,516650,1575881,2570114,6341
1652505,1719982,2083236,1612595,363292,6119877,739749,770202,480559,517326,789290,1663211,4806
1031240,1501007,1673451,1583694,471740,6673945,925561,964677,571535,627817,1554297,1752023,3121
1962897,1902565,2477479,1672659,285146,7029157,790099,809527,639912,679242,1365932,2018975,7025
1046905,1300485,1573978,1479083,338174,5669660,708766,749276,493177,554103,1501906,887089,3010
1970405,1550702,1950554,1241340,243392,5721897,949035,990021,488005,530055,1434766,3111545,7280
1714682,1589989,1947218,1489702,295260,5215556,275427,353643,431585,535717,1441709,2422980,6056
1962656,1910879,2668285,1966261,555944,7031450,1144159,951746,548424,532726,1296070,1658061,5827
1064659,1203396,1607328,1527378,358614,5973269,722133,743017,487095,532445,1444631,871209,3147
1721383,1467534,1614865,1008042,127911,5181039,687210,722961,504325,558427,1513446,2550494,6477
1710797,1597177,2003732,1543342,361356,5331966,275996,288332,432576,550090,1489563,2406051,6254
1769502,1569412,1982927,1504523,349246,5734202,693336,714097,424819,407444,746684,1711122,6554
1111291,1454128,1975870,1514975,343527,5877919,714275,755345,512353,574978,1148790,887010,2874
1698893,1461018,1656088,1277562,235598,5850385,949849,992517,550438,603910,1803480,2437034,5929
1713198,1740089,2106125,1596559,352758,5348613,274559,286567,495632,597378,1590419,2609091,6419
1607842,1688270,2020858,1557926,346569,6053460,719602,750451,472290,455254,790520,1686963,6088
1024384,1576261,2086594,1592561,362604,6034503,729451,750895,513997,574409,1137609,883110,3138
1374892,1384368,1282525,1064112,237651,6032180,710127,751980,539298,599438,1581342,2633331,4780
1910368,1864685,2389194,1780791,344755,5310985,322251,523032,542765,644933,1845909,3081321,7425
1687872,1700592,2096263,1611444,364471,6138157,716933,737877,471973,451329,795492,1716913,6424
1046755,1538362,2048758,1589265,345313,6203425,721454,756726,555905,617266,1212165,888484,3063
1346333,1407836,1290861,1063839,244767,6164820,719332,750357,536929,586274,1477996,2344212,4595
1690879,1733168,2102763,1601705,239671,4725094,272157,509189,516809,582318,1568884,2632165,6690
1963386,2038665,2822996,2107784,577558,7476236,1182891,989786,570861,593968,1186022,2508269,6357
1046361,1542120,1967822,1593559,348021,6111415,703703,726142,534087,584562,1136466,910739,3280
1370510,1344447,1258786,1032887,235085,5963498,705699,748023,531047,597360,1568672,2632261,4701
1589964,1732708,2043620,1574062,242634,4732360,271894,516361,535337,588693,1514725,2378670,5845
1727962,1703075,2131678,1640976,365816,6214109,721679,513242,425306,468689,1194260,2592262,6697
1373675,1681704,2043324,1808644,457333,6610972,952913,1007293,602847,648300,1175449,884258,3113
1397621,1538505,2101037,1612871,356298,6012348,703964,736273,536124,584737,1162367,905920,3287
1208804,1285907,1274008,1310665,263600,6110234,731540,765975,546923,599586,1603679,1727808,3546
1681714,1713104,2087966,1334891,125540,4670121,501948,758792,536812,576252,1501145,2448109,6118
1698705,1732004,2082379,1589068,349725,6103529,487571,284080,426978,526823,1573524,2605956,6448
1663994,1720366,2065112,1599515,357614,6082936,735709,767537,548108,544595,795435,866591,4534
1383065,1324926,1669680,1594092,362308,6769517,950345,974971,575643,634771,1883252,1710695,4723
1684307,1673681,2048827,1310235,235523,4693289,491054,519588,533519,587158,1589920,2610301,6288
1674799,1728110,2103782,1614398,362862,6167675,510780,507053,428300,522611,1256645,2413866,6285
1684939,1694505,2075043,1585459,360950,6037541,711289,738892,517538,507032,797956,889580,4702
1006288,1376882,1657015,1563108,350735,5996513,731937,769436,530416,587852,1551600,871908,2853
1973132,1750793,2096791,1323205,244658,5434386,726634,752237,594179,646580,1831853,3180003,7472
1712769,1724779,2114452,1625760,344747,6227061,491455,512860,419688,534659,1186278,2582574,6952
1353274,1666560,2037616,1576999,358489,6056395,734904,764431,536714,520357,796382,880571,4537
1069643,1340552,1698596,1402623,362234,6149644,721132,743402,517725,574924,1515019,1637102,3312
1620988,1559263,1628547,1046213,126561,5343584,686857,730153,526522,600370,1552728,2551958,6321
1952915,1928819,2468447,1884104,483237,6197021,509564,531780,488992,591562,1528701,3170513,7559
1391670,1707948,2106681,1619204,358033,6159932,709433,738401,527759,519685,790056,880011,5087
1829557,1874489,2251911,1494376,254135,4910867,470885,498286,605787,646466,1630930,2644818,8068
1629307,1679229,2032987,1560672,350824,6061069,499008,520772,417712,526455,1160388,2473025,5971
1410980,1688924,2086195,1579787,360482,6109038,730803,751875,516234,509683,780364,880191,4623
1033086,1309655,1659876,1517871,329368,6035337,671716,710593,531272,592085,1540258,1035984,3077
1918918,1691900,2050631,1331967,237160,5400802,732039,764063,582178,629363,1870403,3141486,7118
1687816,1648958,2066377,1579698,360861,5912530,487851,503640,398733,499643,1154188,2555962,6492
1339028,1701477,2019437,1547635,337448,5912322,702125,744448,523583,518305,791369,879014,4739
1032236,1351871,1670679,1318421,360423,6214842,738206,774239,520154,573817,1504533,1682913,3144
1741103,1389696,1625481,1264132,123805,5144581,488220,728525,472224,532009,1491566,2552362,6247
2239232,1864286,2657897,1952182,558111,5696820,609124,522568,474320,594554,1829962,3931021,8436
1426308,1607329,2029510,1553403,352920,5942925,711103,731696,491260,495026,771811,892516,4564
1372576,1468624,1990642,1515869,439801,6604072,889636,943833,574187,645011,1555862,1754335,3124
1634747,1535618,1664681,1315026,124214,5449965,486103,750125,525637,585162,1504537,2372398,5912
1676828,1708768,2081623,1598922,361260,5350569,492318,282001,464205,520221,1524150,2548723,6367
1699182,1811469,2395805,1808300,458131,6630521,949147,1002166,522308,576041,798873,1736290,4750
1046630,1318765,1445676,1331610,361375,6321860,735809,767686,522349,570419,1492504,1645696,3015
1682229,1478396,1688536,1317590,124097,5353202,488963,736004,518581,565692,1547952,2594861,6527
1618104,1668785,2049706,1577199,353238,5526063,502813,280028,473189,507692,1553762,2493990,6173
1711597,1720428,2086855,1592025,361796,6074696,727216,748266,459008,518216,793450,1679862,4780
1028160,1549798,1669334,1558137,455098,6575509,921622,977646,589904,650929,1539617,1752134,3203
1625622,1687979,2057843,1318424,124876,4949096,501510,762476,543791,593710,1542842,2440535,5913
1718767,1763317,2123660,1643683,359619,5659234,487494,277015,492692,539396,1566737,2541262,6203
1642243,1626251,2024235,1555195,343986,5933976,718918,762552,474786,502717,785949,1697135,4456
1029765,1515329,1672088,1584116,355040,6222557,727937,759499,516823,568993,1127068,889326,3125
1383125,1587064,1727987,1063260,238837,5543404,710243,742853,534539,590923,1555205,2646944,5063
1929901,1820105,2381276,1785349,351740,5921185,499358,503427,461794,572880,1897780,3231816,7379
1708614,1671726,2072868,1600502,360075,6031750,727957,750333,514395,522965,795807,887348,4793
1371386,1583843,2041395,1801310,449318,6657224,913364,966466,603308,658298,1515248,921902,3155
1322448,1473883,1637420,1051958,223192,5481926,708073,738548,527544,576378,1491801,2300174,4390
1686810,1780842,2133044,1632554,242908,5483542,267978,515132,489428,592894,1538083,2547876,6209
1956321,1884423,2431074,1829179,456658,6750043,946357,762775,527674,514118,1168352,1697815,6125
1064457,1335259,1690273,1625811,365011,6349915,740305,768842,527560,585364,1507169,907222,3316
1738538,1537082,1708354,1064135,123673,5434230,707700,738241,541004,595559,1575069,2623313,6636
1627356,1635011,2029275,1554346,350421,5349109,271339,286726,479592,587839,1572759,2474542,6012
1665923,1701402,2028481,1555319,344061,5992946,695208,584181,462621,445776,998853,1574468,5976
1345306,1531471,2060286,1828275,457118,6672548,924778,977362,593874,657258,1575989,876885,2958
1614562,1522431,1649436,1046139,125013,5411862,714849,746373,520611,583251,1483766,2361146,5923
1723605,1742405,2106841,1612616,360992,5401722,266721,278663,475598,581244,1528876,2557187,6609
1688430,1664044,2038247,1586078,345753,6110340,719335,760238,478423,466661,812824,1730455,6254
1052329,1510833,2069014,1598920,361239,6084041,734051,764889,527599,565138,1137875,872957,3110
1368912,1373422,1302802,1233780,221829,6189995,677990,707436,548881,596158,1546466,2150622,4995
1900993,1833785,2399296,1574409,351958,5439955,502586,526370,523157,644257,1911966,3246366,7063
1712920,1703922,2107558,1606699,361867,6092143,732981,753161,469720,451534,766370,1704489,6322
1034643,1520531,2042862,1560222,344094,5967198,705699,745846,521714,573204,1165875,882875,3040
1606729,1548057,1661876,1325451,353107,6791556,953099,992346,604149,590048,1532995,2425791,5627
1667767,1666967,2058122,1580900,241922,4682238,266324,504217,519262,565657,1529581,2535326,6166
1978684,1856877,2420204,1824536,457498,6546175,899302,763009,466361,519888,1190838,2547755,7378
1074382,1421089,2042371,1559408,361151,5870385,735617,765812,497519,538090,1116616,876077,3067
1446645,1288353,1265021,1022559,236618,6027281,702953,733347,505509,566654,1520104,2571139,4760
1672858,1567544,2008516,1530040,239067,4653597,268925,522072,500939,545380,1519996,2482612,6008
1693340,1593734,2008792,1528125,357723,5892356,724787,519418,370534,416476,1078784,2444073,6132
1376627,1603782,2088695,1739414,448361,6403370,906828,960049,532991,596501,1119192,871000,2992
1368199,1213392,1239239,1021761,244392,6129052,727446,758560,498543,549855,1493333,2394538,4437
1733667,1585615,2015063,1537527,237615,4485759,266206,504288,486388,534831,1478648,2516720,6339
1696683,1607819,1975535,1507241,336928,5949868,701047,519386,388355,437867,1125369,2503973,6255
1350659,1585429,1997320,1545552,347998,5971750,706553,736965,506661,539102,751486,859114,2954
1440355,1505005,1659759,1285038,343931,5840504,897961,938505,542094,602693,1832835,2508610,4747
1690628,1574117,2012407,1530562,237684,5176534,276498,528166,466286,541692,1512554,2484645,6343
1707568,1606902,1998716,1527385,348838,5857728,705617,492465,383182,426914,1104796,2366527,6101
1747938,1606277,2016397,1513870,346538,6239820,922926,975271,527890,591128,1128704,1721374,4323
1348307,1367837,1583595,1505902,462406,6633662,935705,975095,479418,531024,1469870,2321632,4403
1724029,1597754,2005530,1284218,124809,4646524,491709,718383,487674,538780,1461786,2485794,6099
2006927,1761131,2355755,1770389,448796,6532251,695749,511108,444278,491961,1525848,2512241,7567
3706756,1644334,6416882,5379681,1262180,12457439,2311561,2293864,477707,587957,2414748,3106727,5455
1104468,1345210,1293780,1330073,312906,6031875,674849,703858,514504,574682,1490014,1640191,3532
1659953,1649162,2056284,1324696,124972,4836505,499875,765135,542655,596920,1564617,2505996,6270
1648782,1662439,2069952,1592280,359643,6063827,496058,279835,404835,509227,1504433,2491325,6334
1652527,1681310,2468737,1842144,455196,6626800,920653,974781,587181,581607,1194057,878294,4642
1354193,1344607,1255880,1294965,242723,6078995,735565,767287,523015,567650,1494480,1656496,4417
1650357,1717429,2063523,1317759,241530,4543941,489112,507536,505664,563930,1511653,2523686,6069
1600679,1713795,2016607,1561983,328617,5992551,462201,387995,418920,521121,1378067,2423969,6091
1643070,1701558,2086192,1618916,361009,6222951,735998,767621,527794,510011,793825,872954,4533
1372130,1339897,1709661,1607943,353041,6589049,921327,959427,580157,640171,1946002,1759724,4893
1648736,1677996,2057566,1303003,240089,4691525,504576,524622,539505,591299,1560068,2513650,6195
1695734,1786703,2121822,1616388,363011,6187877,501952,518731,405485,519433,1151063,2514791,6480
1360130,1680357,2028068,1538315,345919,5985962,705890,746151,516924,513553,767428,892074,4685
1010909,1360887,1660889,1467557,361374,6135434,734458,764391,517252,576862,1517303,1420865,2895
2009622,1677130,2029969,1307342,217683,5897047,887074,826973,523504,574202,1691664,3190571,7485
1949794,1815041,2407576,1807765,451107,6045437,484680,512935,468259,558396,1544492,3362713,7456
1359581,1734798,2102408,1622140,360203,6193227,733217,762625,534139,519489,789179,895771,4801
1044815,1364474,1689658,1307045,350699,5860172,701630,733913,530438,589301,1550555,1756829,3295
1640537,1493179,1669819,1316852,126998,5520944,508290,770996,520481,580636,1552228,2506349,6284
1691060,1722687,2114726,1643345,363671,5543763,475801,282349,481127,586580,1527914,2479279,6165
1662955,1877157,2456909,1828740,455652,6643789,923188,977556,538326,512051,782310,1739019,6218
1023603,1317547,1660215,1321615,361220,6146995,734295,765908,521167,574140,1518297,1630919,3014
1688146,1580618,1700450,1334000,125680,5464610,492618,734906,529985,582966,1539066,2546722,6557
1630518,1694352,2011626,1561451,337583,5373474,493437,279867,469283,519680,1537963,2512053,6134
1649597,1727711,2100941,1624319,362548,6122184,736654,766458,479521,524677,797874,1647659,4671
1024780,1528207,1743383,1571775,466349,6537606,918015,957385,586125,635507,1558174,1774871,3190
1568775,1500558,1681584,1316315,122681,5306082,462917,725723,544616,596060,1521261,2367283,5992
1702418,1738983,2123310,1607614,356062,5482754,492350,284748,475270,521222,1504319,2477336,6525
1663411,1728344,2063115,1569612,345027,6114762,707873,750819,483047,523348,799548,1742643,4657
1033236,1578338,1689124,1613611,356156,6090858,722913,756115,534083,591451,1143237,888392,3174
1702077,1726946,2086658,1322552,242108,5315952,714531,962158,571654,628802,1884443,3388038,6464
1943340,1828710,2402274,1829002,450167,6514694,708130,284108,445321,522856,1956295,3340388,7341
1591544,1690719,2012379,1570203,342598,6052728,698536,729278,475677,512057,785598,1374269,4559
1003586,1527913,1687501,1593283,352341,6007041,704918,735352,524194,573044,1165430,869622,3115
1336238,1516981,1672267,1057809,238866,5398160,734997,766637,535045,598011,1536934,2470706,4585
1671155,1731612,2095460,1610843,247441,5539949,275564,504956,459669,562468,1460014,2423036,6527
1991513,1863170,2425066,1803120,456699,6496649,922382,743249,521167,516913,1169319,1742218,6174
1012157,1364737,1662001,1585426,359778,5876874,732012,765488,519976,575550,1508370,877554,3059
1455714,1502129,1666105,1041499,174897,5281801,679074,699383,511390,559481,1465981,2434975,5078
1653516,1648533,2038456,1573765,236903,5413161,273351,526675,475490,588002,1590974,2575785,6191
1632327,1754075,2094936,1611182,361273,6140113,734622,525362,485531,455014,1134966,1623352,6052
1373014,1540081,2098839,1863390,466709,6665341,922259,961592,573350,642395,1539767,876307,3141
1646012,1548216,1662139,1062272,124048,5385767,733352,762455,536366,586764,1523026,2477054,6023
1675317,1734311,2105915,1610520,362362,5494534,266540,276492,474937,586350,1513391,2487091,6347
1692552,1692049,2091969,1593291,346014,6041228,702093,692735,470993,448274,953334,1782006,6517
1367973,1527851,2084954,1607080,362708,6222909,735036,766693,536596,578223,1154223,910551,3252
1649641,1519388,2057667,1594880,359287,6595938,1145993,1175798,623241,690425,2237368,2508263,6175
1660791,1756051,2067700,1610826,337498,5512522,267864,282058,474766,612342,1559885,2524504,6516
1668846,1699795,2081408,1611479,359652,6273853,732912,764431,474342,453960,791993,1632791,5868
1046482,1481328,2076827,1574476,350914,5925611,703971,734185,522788,567517,1168922,874089,3233
1350415,1303449,1270687,1139872,238231,6105045,734178,765060,520852,562920,1549410,2401441,4656
1649620,1758538,2125189,1350993,246824,4857767,506255,523139,512596,576954,1504103,2470707,6351
1642996,1530282,1700660,1321925,242937,5966919,955337,994492,592226,641776,1841717,2375006,6036
1686247,1695739,2081246,1597761,346296,5349572,268438,280880,475611,569725,1522074,2546606,6434
1635177,1681852,2066630,1589566,352100,6157006,732120,764590,469874,461776,814024,1694596,6178
1045942,1524979,2098002,1602294,360491,6119282,730997,755130,526966,577884,1141757,879492,3180
1351800,1373253,1279041,1112109,233996,6012664,703886,740961,538585,595169,1577363,2545831,4977
1873443,1915699,2405880,1621167,358291,5446096,458535,488208,543034,656857,1863164,3103066,7251
1677440,1685270,2087720,1606543,355020,6134283,708046,728728,470657,442911,783030,1676247,6392
1015046,1545825,2055991,1585635,341764,6041939,706946,747698,546042,598668,1181049,865210,3140
1353856,1375634,1302195,1064939,243082,6091796,732411,762200,530306,581810,1509792,2404459,4656
1696767,1767605,2153733,1659210,240873,4759369,266037,512517,539207,606426,1581682,2660088,6763
1904450,1883957,2408752,1826632,446863,6773775,926527,728339,504211,487211,1198723,2501646,7346
1008288,1490786,2060691,1566105,359659,6038493,731706,753581,508220,556243,1149695,893614,3071
1314920,1323954,1281433,1335187,337665,6781002,905455,954237,595876,654526,1959479,2591947,4680
1639146,1707661,2036795,1568755,236172,4845116,271088,525178,529640,571953,1496400,2398052,5775
1693090,1738524,2100308,1621549,360890,6202940,720592,512212,420158,467109,1176766,2535042,6504
1329639,1687846,2044191,1812322,457297,6677686,938273,994430,589924,651820,1183174,863873,3038
1338577,1392957,1452753,1102484,245233,6132000,698733,730263,541183,591105,1498095,2332579,4837
1711923,1701733,2120261,1634845,240555,4906483,272089,511595,537874,585915,1579181,2628490,6917
1650121,1635873,2024735,1558326,349277,5962131,731672,523029,404041,428316,1160281,2473054,5923
1324733,1735210,2092935,1618101,360714,6158161,734523,754720,534347,587419,804248,870700,3096
1045892,1347382,1264597,1297632,346766,5994822,702534,736716,517419,571316,1522085,1732465,3186
1957847,1982703,2477094,1633571,242907,5597737,501884,767255,578377,691765,1955356,3227115,7217
1685295,1726632,2124390,1639967,360066,6084844,716408,507999,420778,451661,1166742,1942758,6487
1321844,1698101,2042278,1575399,344813,6020679,716084,757033,537025,575042,789762,883475,3141
1076993,1463227,1319616,1360626,360615,6245866,738088,770551,561899,624751,1563499,1682112,3463
1701666,1845482,2143750,1355491,125191,4816157,488502,738407,558839,616523,1594868,2658124,6763
1984708,1910967,2462040,1856881,461834,6854428,727337,531573,489699,534167,1594495,2500623,7614
1358967,1638066,2125223,1642324,362197,6236799,735519,755804,562801,619915,1171792,870800,2933
1309134,1455103,1325833,1365599,247617,6158592,703126,741083,577610,628149,1623976,1761995,4118
1611379,1670793,2057352,1614296,233501,5687933,718123,992147,601401,662020,1922008,2461258,5964
1648378,1804697,2134214,1631538,358865,6143497,494629,283271,440688,535761,1530427,2533804,6405
1660065,1692284,2405546,1816726,455926,6635385,940743,996537,597148,591924,1188769,874090,4678
1348565,1319298,1256324,1322478,234113,6168356,717102,752095,528846,582286,1487314,1642928,4504
1723459,1747796,2128967,1360829,242207,4843118,491665,515601,543345,596977,1546501,2587337,6643
1599705,1692401,2049055,1580111,350187,6097184,501599,508049,427128,527317,1250682,2495181,6097
1599458,1718999,2071792,1600862,343711,6147253,700512,720459,531302,514029,809968,877995,4692
1321780,1357982,1662540,1572261,347777,6675464,911929,959006,585549,644531,1950892,1723079,4730
1663001,1724963,2077982,1584358,344640,6287821,708923,514628,505435,470910,1213685,1773296,6367
1322648,1504860,2038515,1586417,351732,6272419,716339,747222,528934,590940,1161266,883783,3238
1356206,1397119,1295527,1321010,240785,6112139,710409,735524,534589,592572,1537704,1724695,4825
1596745,1694154,2023922,1306389,234328,4758459,497103,524410,513798,577397,1554350,2507120,5915
1618330,1704409,2042168,1585454,343549,6145492,467546,346997,420804,519657,1381229,2313233,5936
1670787,1943478,2496879,1860929,459443,6893767,925832,976324,541123,527297,807492,1749967,6165
1023094,1373838,1683559,1346043,360496,6204941,738178,767859,546147,609341,1539287,1637579,3127
1989029,1718524,2056183,1568651,242296,6080745,484386,727391,520988,632710,1859022,3291298,7188
1979401,1657046,2046546,1582745,347270,6123158,703595,502316,554719,602479,1975788,3368842,7500
1613922,1735270,2123133,1634610,364210,6217196,738122,772113,493497,536090,802678,1657169,4771
1047957,1543464,1919019,1563399,455982,6721435,896638,935101,583411,645448,1544324,1816845,3293
1631517,1537991,1669538,1321974,122612,5450578,500532,765367,546765,608800,1566979,2486268,6020
1675054,1735581,2113589,1621426,362579,5701591,510290,288804,478271,522646,1512535,2460568,6098
1733592,1683782,2090411,1598479,347616,6166905,707286,744886,473773,517610,810243,1779110,5096
1043596,1528180,1673145,1590056,359248,6161037,729974,761445,541351,586832,1165835,881127,3060
1667129,1671161,2061426,1309482,240973,5404918,711207,963292,565514,623720,1879931,3352823,6168
1634967,1747220,2069975,1591197,345721,5604647,494855,283222,489608,551285,1592357,2586988,6395
1657321,1736068,2088866,1621851,363947,6282046,742347,774419,483770,526447,792357,1638994,4655
1064157,1473961,1622035,1523079,341866,5841696,682203,711804,500579,554774,1127344,879474,3180
1309538,1534637,1654376,1050940,237049,5467912,734254,765478,546758,596987,1563061,2491910,4628
1658277,1726224,2097209,1597262,243424,5445545,271641,516069,464081,567740,1487584,2464036,6260
2035817,1837952,2437212,1825471,456353,6496607,919386,741548,533172,533680,1208562,1735675,6189
1075990,1506499,1712649,1617227,362700,6202587,739662,767620,554607,598855,1470773,907730,3344
1371200,1503743,1675623,1056756,241581,5503540,716831,737745,549546,596297,1558206,2541312,4751
1622525,1739807,2060685,1588955,230596,5436325,268433,521669,488046,605474,1568984,2518814,6035
1611679,1739807,2085092,1606851,470977,6848767,952169,751943,526037,514548,1478685,2341372,5716
1336992,1512915,2045920,1843730,455475,6729459,897995,936656,586893,653253,1538258,875033,3043
1626102,1534708,1675325,1076607,125074,5475081,734900,767158,557802,602581,1556642,2492111,5950
1665487,1764847,2118526,1628791,355112,5475459,270294,289177,476110,581537,1518097,2471224,6216
1668169,1733643,2082604,1597670,332616,6323958,678231,543836,479021,461904,1129755,1641350,6415
1362962,1524754,2051526,1580344,359968,6250645,734472,764251,531651,582664,1159862,892676,3121
1648371,1563558,1663763,1347358,242813,6044286,920202,945253,584896,651956,1871720,2474085,6235
1600961,1756008,2061701,1601792,345619,5452846,268453,282686,490508,599916,1571785,2553675,6034
1644216,1696678,2107591,1639468,359791,6337813,735504,767042,482217,450297,803875,1632407,6188
1032400,1585832,2111937,1598273,353915,6129138,704714,733776,545038,595620,1185764,892228,3182
1287506,1373469,1295630,1266371,226309,6211584,707691,738375,552079,613189,1542289,1928929,4515
1946531,1984271,2516060,1622997,359940,5425716,502835,516956,556626,667459,1869552,3248876,7582
1677424,1711269,2057834,1568562,341545,6086838,696731,733783,503845,465362,803912,1744902,6285
1049127,1452839,2059830,1597128,362183,6265723,735446,765802,544546,596457,1188452,876469,2997
1416222,1329665,1345669,1115524,243982,6242792,718660,737611,536490,588023,1542497,2560414,5299
2200841,1922005,2600168,1971739,363375,6228257,271511,522089,493757,683860,2057903,3630030,10069
1954551,1689084,2306569,1734428,446501,6546458,797232,522975,371990,463808,1352573,2976422,7713
1369834,1651282,2436357,1991322,557514,7081985,1089167,1136948,600185,614076,1431342,1103208,4689
1358605,1230276,1214221,994565,231499,5896050,719912,751704,500789,543674,1496580,2443785,4551
1684369,1597702,1972431,1495508,238389,4454415,271320,510321,462946,516084,1398486,2416628,6183
1690919,1622687,1989867,1497400,343828,5755602,699755,505877,363391,399608,1127864,2573504,6487
1393967,1594991,2011611,1552288,359139,6122070,728525,757958,503760,557366,753528,910093,3380
1366307,1228029,1371383,1254243,359249,6441676,928085,953474,527557,589469,1814649,2532344,4773
1718246,1653867,2042938,1580819,236851,4782587,271849,512587,530093,589050,1570717,2565052,6612
1665079,1691753,2080676,1618857,357923,6103493,724897,524648,428617,463728,1133740,2398165,6303
1389458,1714355,2110944,1597715,351390,6075186,701404,729614,548709,593717,816948,906487,3379
1030296,1367053,1289001,1318181,353704,6034248,734938,764570,543970,599581,1572507,1707651,3036
2024058,1723085,2101289,1342480,232037,5416726,721180,763142,585544,640387,1868232,3317951,7792
1686326,1684573,2047727,1576377,337726,6094234,474088,291085,432891,527440,1550078,2562758,6506
1684544,1713716,2073162,1591820,361403,6107492,736015,766167,545282,532272,816204,900702,4698
1038142,1295546,1673013,1602055,357351,6062619,704936,733129,508848,563991,1527845,903799,3304
1635416,1571807,1681910,1066840,126096,5255792,722748,758322,552348,613865,1572101,2527613,6297
1955319,1701571,2068434,1583040,363596,6085812,507247,524899,546252,649490,1858319,3240543,7539
1760537,1858110,2862923,2099781,570320,7201577,1130306,1181974,592071,594893,1179740,1718779,6109
1018083,1403281,1686857,1571292,344459,6128422,710081,740468,578040,613260,1523212,926094,2931
1679260,1450063,1647666,1037481,126247,5331443,715602,736188,495737,549389,1467993,2486542,6332
1729333,1634411,2001678,1525720,343323,5196777,271299,281591,449933,571524,1551912,2591420,6494
1718538,1589002,2022660,1542944,356914,5987324,718816,750454,444248,418292,762726,1680801,6240
1074750,1394833,2026824,1551167,473525,6517937,923451,955015,523029,582538,1499324,1754406,3348
1643937,1422208,1581115,1231055,125591,5184193,484256,738101,489456,548611,1479289,2452652,6275
1686591,1573212,1967314,1493420,337541,5159413,356963,280251,412293,507870,1365109,2279466,6023
1735499,1620182,2013280,1519719,349803,5827949,703467,735965,426978,405213,736597,1750927,6629
1388503,1529775,1913138,1472157,343408,5829033,699334,728062,461947,520751,745700,882806,3081
1363453,1513982,1665648,1330666,353208,5945184,920184,946726,571116,632048,1856118,2508108,4702
1649806,1676187,2025224,1552404,236451,5269944,268044,522419,451855,559705,1524411,2577805,6096
1638080,1655528,2044509,1580954,361040,6192894,735845,526539,458298,434315,1130396,1651520,6122
1356871,1790211,2089016,1597276,338625,6183197,677814,706959,543756,598459,967428,899609,3200
1073438,1498365,1360245,1375079,359845,6205827,747746,779931,555872,611657,1599954,1694584,2975
2008895,2005644,2518694,1644605,242582,5597321,503240,754384,548236,659791,1860541,3246375,7649
1730947,1784770,2089540,1592297,348814,6046396,709809,517497,503881,476325,1230219,1778182,6422
1368390,1655189,2133321,1665532,365779,6389865,740971,772773,571464,622922,1197967,888390,3065
1383896,1453536,1313240,1345509,245213,6126512,718310,739543,534626,585735,1527820,1733561,4795
1728572,1849381,2088835,1372781,221551,4906992,502061,565241,577178,627004,1617583,2600158,6225
1719568,1766622,2123949,1651868,365363,6272627,505340,285917,441479,536152,1524146,2438332,6113
1760657,1837312,2531908,1886333,466716,6538875,915389,958339,603646,594880,1214155,936773,4671
1304068,1338419,1298754,1335193,242022,6182098,738459,770216,533715,581559,1571308,1718281,4805
1679407,1716431,2091769,1312445,244361,4727156,497644,515037,503235,557241,1469022,2485060,6263
3653949,1788532,5048105,3767990,853373,10625870,1876250,2366226,388545,556349,3644573,6539195,8616
1422318,1583025,1960174,1505491,356039,5856642,727644,759240,491802,474247,727698,875036,4388
1365098,1305673,1596364,1497450,336757,6490861,892030,916606,520097,586310,1744445,1709455,4487
1670083,1614357,1977875,1256464,233322,4556130,496688,523916,493789,536442,1498979,2544640,6148
1722441,1556709,1943586,1492533,337029,5937302,471083,492139,370153,466238,1075786,2245518,6074
1370274,1630061,2022131,1535795,346798,5882686,690314,718765,485106,472673,738421,886251,4970
1044836,1236245,1611990,1255966,356206,5920700,740145,772363,491349,546400,1507708,1678944,3003
2065118,1648205,2023718,1507163,241935,5260560,487702,722211,523640,583246,1744040,3157808,8013
1674640,1565914,1914037,1453884,321608,5753802,499946,495192,377082,476203,1100959,2439622,6376
1350551,1526130,1927541,1484367,350540,5731668,714055,745443,478279,458079,716762,848548,4313
2014995,1751304,2327081,1716662,447270,6267398,701287,739350,431138,539094,1115827,2529044,6067
1066835,1410630,1595654,1491205,345366,5841183,700036,730130,470021,525581,1076637,905596,3251
1702532,1630827,2026226,1270614,240130,5070631,708162,962139,523794,583927,1846630,3415623,6466
1665670,1544468,1930438,1466670,343882,5693708,502748,287086,377263,466373,1492968,2512774,6025
1645419,1590431,1937530,1488770,337389,5964299,690720,718199,422478,468566,756604,1287209,4582
1391899,1431175,1978485,1493716,339695,5870928,690094,726894,487833,545390,1114110,895764,3059
1352591,1221534,1200077,1241652,238783,5807881,707098,739607,464613,516885,1424722,1611523,4536
1705806,1635553,2023032,1280929,243818,4482480,477276,493972,487959,542439,1467252,2504039,6557
1995206,1765810,2327068,1729616,457145,6311995,719073,761797,432627,481441,1130993,2566329,7611
1047984,1400618,1989975,1524367,357604,5900354,725166,757788,487844,528616,1109402,898080,3143
1382289,1273051,1206613,1115372,239527,5715306,707858,738869,483348,539298,1502761,2382321,4657
1653871,1595429,1934095,1219269,230422,4486570,496455,518181,472262,519552,1444590,2408404,5941
1684086,1589202,1996039,1512503,358746,5879484,495296,507349,373370,462524,1095712,2427835,6011
1404308,1610369,2378867,1762485,448771,6438527,902907,953089,535401,533518,1143413,905368,5007
1361506,1260704,1217607,989690,244391,5948635,737150,766826,488078,544354,1491143,2448770,4664
2037718,1775365,2350811,1747442,357845,5012677,272656,495282,470861,571379,1786150,3259125,7414
1987734,1752495,2336841,1733874,453082,5794067,696794,525150,442675,541080,1500297,3369694,7462
1292153,1722832,2075488,1598281,361390,6142170,732947,764630,531707,509808,787897,857696,4420
1340390,1369612,1679721,1307150,355107,6642291,923496,963720,575324,636079,1913309,2591455,4636
1619507,1752235,2041008,1578888,235015,4794257,273168,524731,543305,593034,1542702,2478938,6139
1653485,1759354,2107011,1609965,365830,6076190,500575,283531,409166,516617,1512377,2525191,6402
1634551,1763147,2063107,1572629,350102,6078039,713094,753664,522106,513729,773277,901220,4708
1002885,1452163,1644031,1567221,361108,6097342,734775,768733,517097,573441,1431153,884538,3088
1337232,1506138,1669435,1043252,239782,5311895,708648,736941,522162,571287,1535243,2579574,4790
1922129,1853751,2388612,1792344,344045,6060388,499966,525871,467368,567333,1928294,3306162,7263
1651491,1904068,2136825,1653075,359647,6267166,729043,756613,563744,548954,825349,879763,4516
1048978,1462178,1683850,1595424,353408,6020972,711358,743512,554714,609036,1600194,918292,3208
1602889,1627350,1695099,1088579,128016,5496436,738115,769738,558424,613660,1592897,2477605,5956
1668844,1800066,2113007,1615659,360370,5346596,270208,287417,490795,594904,1532835,2518647,6280
1950004,1992881,2416138,1804987,442628,6663095,898874,781418,549611,534802,1118658,1654898,6177
1027687,1546620,1750486,1681977,368377,6353605,745633,779856,579112,633726,1590628,900234,3106
1666384,1635805,1704315,1077955,126658,5494237,703805,731078,550100,602515,1535631,2567540,6639
1601230,1677106,2027088,1559763,348334,5379092,271546,284901,457330,567955,1560537,2522798,6161
1928349,1913762,2482070,1594112,363554,6159078,956163,989284,530349,507346,1130230,2400791,7633
1049694,1455171,1980116,1665653,434921,6408908,867258,906597,549995,605744,1456615,1186038,3084
1658225,1374219,1569236,976352,126364,5147145,729910,761271,479783,534455,1476627,2433003,6059
1673470,1640679,2009001,1530113,357919,5269724,269987,281820,441557,540391,1455643,2498308,6235
1613179,1741779,2046332,1558225,343189,6134526,704519,742488,464208,457696,777773,1709471,6249
994210,1557410,2052355,1574729,363053,6064389,737013,768895,524912,571450,1135861,870304,3076
1658508,1536935,1663823,1323703,241250,5945383,709603,962719,579741,634262,1896581,3438533,6314
1591500,1682429,1971213,1516457,332429,5308125,389016,284037,459404,560133,1502685,2425997,6111
1633131,1716785,2055014,1569351,361959,6014340,735045,762430,451040,435065,765778,1655903,6117
1027330,1531285,2039493,1537519,351386,6012498,707851,739186,523551,576184,1158064,894290,3271
1036150,1330806,1264003,1298180,358139,6069555,727189,756128,512401,565399,1483622,1629505,3188
1676037,1776007,2100224,1323648,126233,4740068,491623,734950,528143,581105,1514491,2547122,6285
1939383,1858295,2379918,1790314,458304,6553903,719023,518496,465630,507207,1536695,2552747,7386
1398490,1679501,2119215,1647874,366192,6268148,740125,774702,542838,590506,1062691,925302,3462
1072706,1348278,1312734,1350994,356431,6233930,708766,738968,541975,596844,1588113,1775315,3492
1612275,1701124,2051924,1323899,123975,4894266,502163,766807,549682,597204,1576277,2504633,6148
1722545,2533862,4942869,3654568,1389797,11087062,2477472,2305346,670911,828681,1846884,2541287,6434
1722027,1748295,2357975,1753351,446209,6532669,911646,965385,488651,477546,753268,1746714,6327
1067087,1302641,1632154,1267951,356491,5891425,728037,760839,491368,542270,1447392,1621033,3148
1732260,1435930,1620865,1203884,124537,5310004,506199,719416,497456,537765,1477794,2545671,6548
1668531,1611233,1982688,1527301,339251,5366057,279291,289449,443370,558688,1517837,2450297,6225
1724027,1620667,2034785,1546721,355033,6021899,720830,748685,428159,420247,773022,1645450,6379
1046032,1428824,2005974,1524806,453903,6547586,907432,949940,550696,615749,1515684,1703356,3305
1656231,1409841,1546598,1218732,126501,5223340,487554,732295,481656,541901,1443912,2332591,5804
1720155,1648018,2051055,1555228,359076,5255861,498170,283691,433324,475342,1460985,2481922,6407
1681963,1613323,1973779,1506940,348206,5905695,726330,527546,415940,406759,1125785,1769837,6033
1363324,1661612,2007920,1557371,340780,6201615,692380,722105,516288,568611,833910,880421,3094
1351461,1530581,1669231,1319814,352954,6016382,920665,961447,582144,637637,1915106,2590811,4711
1060636,1422938,1728153,1357724,361906,6240955,728854,750560,540155,595654,1502707,1708349,3172
1689812,1534413,1669435,1312293,123969,5429368,472024,732264,530875,591887,1561396,2591546,6464
1667159,1696566,2090916,1610625,362467,5609745,510414,293499,480997,528027,1539287,2472487,6369
1681017,1697955,2094098,1621271,360928,6114237,710751,736889,480653,515850,798274,1736819,5127
1316260,1685175,2343138,1824579,443451,6804840,918151,730456,551542,604421,1550624,1703564,4179
1971348,1716721,2044027,1568267,339596,6687806,744725,1012465,581230,698679,2148666,3843659,7234
1677544,1771860,2101599,1602546,347576,5460586,482112,285511,490309,537670,1582608,2585409,6381
1634997,1763738,2058834,1596324,350615,6117185,728757,760382,498449,548351,796044,1654994,4518
1019171,1511866,1680459,1610406,362583,6205324,728909,749712,540917,589683,1159750,868795,3075
1354446,1554318,1712349,1101760,237717,5665454,713973,755211,561665,610974,1619485,2634481,4780
1948355,1918495,2475022,1886787,346013,5609022,504780,527106,564883,611540,1876197,3104131,7581
1718171,1707308,2106966,1604376,360709,6061301,711914,733432,476235,526999,815559,1737635,4832
1342536,1512185,2060254,1595900,351068,6088828,733024,766788,557920,597822,1210396,882448,2988
1348434,1419229,1315636,1373565,241771,6346606,732557,756039,555079,610851,1528618,1673176,4501
1744802,1897008,2164319,1383561,237813,4908853,492103,515460,594905,651744,1634985,2637634,6651
1978450,1884524,2437753,1852881,477231,6922620,738357,766766,483962,536432,1179653,2458325,7528
1177348,1577560,2129181,1656794,363297,6137322,721206,742229,551477,609448,1194714,898878,3224
1339283,1341221,1288278,1326411,238000,6049573,720789,761634,547373,587077,1583353,1716001,4402
1630881,1762491,2102597,1355879,244511,4948473,505344,527012,558119,613621,1531400,2394487,6077
1767387,1756157,2136990,1624897,356729,6149229,493137,518900,423393,535416,1194261,2660505,6787
1361443,1609674,2015086,1546083,343538,6058785,718513,750500,503594,487462,764510,868774,4482
1401783,1220807,1623722,1270583,361741,6558554,964061,994081,542445,593273,1810189,2467159,4718
2105211,1825183,2439359,1692241,340840,4638990,296597,511138,566000,640460,1932762,3420099,7959
1635357,1533954,1933478,1483639,345789,5830459,510619,525740,374184,477730,1091084,2354940,5791
1421577,1638413,2047899,1573646,362876,5971902,723671,744560,504164,495992,787014,877726,4670
1050523,1278740,1608851,1275178,332077,5819854,687535,727750,486781,549067,1462325,1623172,3051
2027993,1616111,2047482,1569661,243949,5376092,492560,757569,565332,613090,1828670,3145835,7692
1762181,1642671,2045131,1532435,339386,5925149,482194,284642,411483,507436,1519876,2520219,6415
1669819,1580511,1980482,1517830,346784,5902472,717011,747420,471770,478752,750606,916770,4658
1075279,1474055,1586610,1524344,338990,5934927,681817,703924,492330,551379,1170246,904468,3211
1430825,1440726,1636169,1028593,235758,5345561,704296,745303,502976,562495,1550556,2620164,4977
1978733,1787897,2377629,1810213,353207,5992443,489629,519115,448579,561278,1839165,3101195,7458
1765445,1643771,2025523,1557352,345478,6031874,683791,706764,488820,501042,788186,885647,4872
1070916,1237052,1622214,1547470,342584,5962190,717232,758778,522597,564927,1541091,868228,2930
1692111,1445959,1633841,1012732,126005,5317575,727522,758807,485175,543024,1432845,2397773,6030
1733873,1658072,2019078,1536826,282993,5357796,278540,395305,450877,563192,1522531,2532776,6654
2003724,1705677,2328416,1746491,458617,6514209,944043,743643,472260,472816,1155347,1692513,6154
1071154,1280705,1654000,1549518,347767,5956435,701746,723781,506404,564799,1455858,902392,3150
1736476,1433066,1616316,1007805,126321,5390356,708346,747842,503283,567356,1576920,2614274,6251
2992603,2098303,3722505,2691142,907472,7966566,1348908,329839,437091,524334,3067460,5823607,11803
1758173,1585050,2018893,1542797,347517,5829918,685644,709737,437064,426530,771199,1667368,6386
1207241,1424473,2005296,1545887,348555,5965878,728279,770184,513285,565637,1149432,868212,2978
1703164,1471685,1649199,1269307,245326,5877789,958392,998197,536332,602335,1783468,2397652,6059
1751715,1666682,2106637,1586982,355131,5288856,277251,290979,470964,580424,1578269,2620586,6715
1600732,1687523,2059185,1589526,355479,6167127,737310,770501,476087,464862,807972,1701167,6208
1021973,1566520,2116713,1636524,362640,6146400,731590,752392,532580,580930,1166806,875516,3072
1363444,1357819,1306574,1085382,237332,6201394,710506,750453,552889,603514,1591100,2594532,4557
1934854,1870645,2461794,1745736,364328,5590965,311663,530554,532638,648584,1865774,3170409,7465
1683796,1756023,2101246,1605652,359660,6091522,710658,734017,480359,461211,782799,1716907,6451
1047669,1543421,2069885,1619682,343702,6235159,716304,756202,562626,620422,1232590,896828,3134
1374955,1354761,1308917,1097645,244715,6181486,715585,743932,555992,594279,1497005,2397336,4818
1704984,1760429,2122930,1600374,237904,4819835,268954,508801,526765,574002,1557891,2621096,6492
1926976,1910185,2460449,1848581,470489,6954587,974933,775327,491205,511593,1205289,2511468,6468
1074646,1542027,2080032,1607504,353813,6198805,711909,736194,527160,577979,1116640,902132,3184
1663518,1348814,1280340,1065019,235840,6665779,926644,980473,586004,662440,1967377,3448045,5902
1921304,1897618,2455856,1614002,244185,4772477,491732,754287,621460,670295,1885168,3132760,7345
1675222,1740356,2109336,1637730,352286,6198055,695302,492539,438190,476329,1200822,2525693,6537
1340795,1750659,2065081,1597083,347486,6093166,725295,769029,541812,602864,801597,882097,3065
1855535,1905727,2391608,1586431,239879,5289997,497907,761294,542188,658485,1899759,3220656,6976
1639651,1755774,2079048,1602843,348579,6256846,701154,489381,419604,456355,1158815,2271328,6394
1343103,1780471,2110897,1628198,350709,6308695,716398,755828,552918,619545,856572,917648,3042
1037274,1359090,1296875,1354467,361222,6183097,735422,767506,562686,599804,1543619,1633995,3044
1680827,1741508,2099553,1339266,126424,4783851,493478,730636,515156,569350,1526399,2554995,6487
1934324,2018129,2448980,1846677,460609,6622529,728847,526519,506782,547504,1569679,2536886,7376
1394673,1763008,2200843,1705646,369308,6297607,746051,774170,595163,644779,1241512,905621,3120
1114593,1404519,1316706,1348700,296301,5986157,681846,712549,553022,608262,1572838,1676049,3574
1651388,1711066,2053694,1324553,126459,4883428,506270,770301,544821,595938,1548014,2465910,6007
1694193,1732570,2089422,1625871,362074,6125494,498724,281632,413428,522258,1510946,2485808,6062
1675065,1730855,2455265,1831801,455658,6661115,922387,975104,604399,594016,1171142,907474,4614
1380706,1350361,1318998,1360724,245819,6316073,734874,770392,548439,596020,1557043,1674935,4740
1697600,1789247,2131388,1359401,240726,4753630,489691,510821,553567,596051,1550056,2579577,6686
1658828,1595073,1963540,1518787,331681,5900408,467437,420338,393970,489448,1339063,2429338,6240
2037171,1808160,2399944,1783147,468361,6480203,734679,764121,481735,556934,1100513,1593991,5855
1065926,1443073,1968960,1489639,453699,6368362,916719,969557,546315,615916,1537566,1727898,3030
1674020,1422676,1568143,1238990,127149,5360077,498117,734712,488549,547489,1444985,2313555,5748
1775931,1638948,2074895,1584849,359720,5334258,488135,282987,452684,493375,1495524,2494242,6235
1712088,1614163,1974137,1514375,342527,5878430,710620,751707,435617,481958,753511,1682003,4608
1086995,1444938,1765813,1551507,363745,5979544,736801,765201,498526,543185,1123758,892052,3107
1452757,1278733,1261370,1025664,239727,5885828,713813,744556,507533,559098,1550607,2647140,5033
1940424,1745768,2330676,1726430,347382,5172088,495712,525819,477423,534490,1866217,3268536,7327
1723464,1670553,2058294,1580643,364603,6043037,739558,758293,437026,485135,785543,1703435,4702
1094174,1531727,1673924,1574905,340653,6014079,692574,731033,537079,596031,1218099,887545,3039
1405458,1609915,1699672,1086405,232835,5363495,714314,742971,547667,600017,1495572,2361775,4456
1779824,1923821,2185250,1682355,247284,5330901,272207,512711,563348,635790,1581944,2569906,6329
1994793,1945638,2446847,1874303,447057,6812881,917417,731906,514990,571425,1254849,2467921,6260
1104601,1747237,1809017,1723274,364746,6231052,738379,775685,617352,652200,1253939,946440,3300
1403413,1660955,1744029,1083941,240873,5462256,708594,740817,565541,614571,1626524,2660457,4993
1647766,1872112,2096949,1635343,241256,5496854,273282,506828,534800,653801,1614450,2454336,5961
2092928,1974779,2510856,1635547,362831,6091652,714109,736822,509508,608120,1550183,3276199,7542
1431257,1810694,2487713,1868319,461123,6758225,941103,996568,621093,618420,1225000,925962,4815
1400091,1577435,1363060,1339908,230801,6245945,706112,736867,591073,638248,1554613,1809451,4690
1684424,1827257,2121974,1370100,242831,4772742,491076,510810,552034,610932,1580429,2588825,6402
1697147,1893614,2130534,1659859,352851,6190391,504644,531818,479597,589128,1270159,2547704,6183
1353227,1837416,2147684,1661586,357828,6414748,725373,752694,581297,564599,863546,892195,4719
1363815,1459816,1739831,1382092,355510,6660138,932587,977240,627838,685652,2023536,2602234,4556
1690895,1899520,2131385,1648848,243631,4949680,280789,532454,605891,650244,1615162,2469355,5862
1665535,1891543,2097466,1638669,346390,6217615,585721,516250,458921,557856,1162532,2400062,6096
1402495,1932780,2152062,1661044,351229,6289559,718708,758521,604468,589609,883360,921297,4872
1039547,1438555,1716676,1377664,362270,6265468,735732,767198,572211,621693,1584016,1641409,3134
4854113,1782814,5084907,3741033,682140,9461128,1486428,1829082,569533,674088,4589514,9251851,9765
2023977,1761163,2353116,1771405,452571,5903116,720550,528953,443284,487430,1535348,3331096,7682
1385071,1752340,2066366,1584337,358624,5961567,729222,755817,529365,588946,812382,896565,3114
1150860,1404933,1477335,1329646,347711,5923312,703777,736248,534393,594081,1600231,1764558,3290
1399122,1633549,1718420,1108222,246838,5607281,739175,771764,561577,613272,1585767,2432933,4495
1716295,1950191,2563607,1942695,363856,6085611,495249,738459,573726,701747,1973902,2549128,5810
2010663,2032180,2497264,1890664,563879,7463656,1158592,986824,648600,650711,1615500,2564158,6288
1068635,1525918,1751792,1668340,364158,6328930,735876,769924,584278,632411,1571419,920247,3102
1738222,1584096,1744013,1115181,126218,5457777,706838,737131,570046,625925,1634299,2636675,6635
1654415,1772407,2081131,1606927,337158,5508543,272590,318918,517382,612090,1606221,2498508,5901
1779397,1928532,2198109,1694893,366825,6396533,742620,528613,530611,527737,1244975,1733637,6351
1367917,1596405,2091589,1846774,453837,6764675,917619,973638,605218,675868,1575692,920306,3331
1615027,1576040,1645614,1054022,124765,5514026,717730,750144,549594,608163,1523469,2382731,5930
1715046,1704126,2086645,1610403,363533,5448416,273611,285801,486709,587842,1545841,2566707,6556
1606733,1704814,2029870,1571594,347606,6090851,721972,763265,488979,453848,804202,1707318,6060
1112664,1699477,2144187,1673919,365152,6304445,739353,769231,586591,644403,1235135,898632,3038
1392016,1465525,1333989,1329929,233813,6192764,691115,720545,567082,627718,1561259,1787754,4779
1962521,2035172,2488497,1646627,356100,5569701,509701,531849,570503,691008,1994961,3304872,7464
1681890,1830233,2135930,1655554,359140,6212054,724309,744326,516640,499744,853413,1690371,6244
1096879,1685213,2142945,1645663,350970,6259829,712392,749078,599515,645609,1276143,941507,3277
1419155,1417122,1337838,1101315,248236,6282677,738625,768058,561269,621600,1586321,2472836,4651
1738354,1936113,2171693,1643460,247044,4962762,277782,514339,571462,628290,1584253,2576361,6392
1907977,1904515,2404668,1830374,443571,6810626,759205,762914,482364,528745,1154617,2462681,7448
1046761,1507829,2086580,1888052,472196,6852545,949345,991483,611262,660391,1505316,895273,3156
1350478,1354746,1285417,1049669,239439,6045008,689051,718607,543469,585381,1551759,2580319,4906
1615461,1787738,2076942,1587589,239702,4803462,273262,526783,555735,617788,1589607,2507214,6077
1675234,1766936,2100542,1597264,362748,6107336,733378,519666,408119,453379,1141917,2496039,6443
1363601,1750281,2355709,1880170,449254,7009112,909061,961916,611037,683247,1197371,905898,3416
1360298,1378714,1288005,1080384,244578,6267845,736417,767578,566034,608246,1547762,2418448,4354
1654737,1773230,2118206,1634613,243254,4973681,271310,510831,552955,612050,1566058,2539747,6325
1661278,1779671,2058244,1594902,344258,6157709,714918,524749,431466,472566,1168450,2535285,6227
1360400,1828621,2133890,1662722,363934,6340653,737859,768383,570666,623588,856805,897409,3144
1381218,1596132,1733291,1379747,357176,6112163,924835,964730,621295,681233,1986709,2612950,4799
1667563,1832137,2099998,1612904,225199,4985164,279121,541994,595327,640031,1605529,2427868,6122
1708512,1903300,2183793,1690988,364688,6438137,735332,519019,465626,520662,1240083,2505003,6239
1369232,1823256,2104009,1606206,347551,6021634,705305,745663,572121,629652,840509,904475,3130
1113867,1532605,1379814,1424661,367037,6384682,738161,765869,593601,655192,1642412,1698669,3228
1740311,1837781,2186596,1421338,129799,4913655,498206,742668,580136,631029,1606787,2579379,6524
2036093,2002322,2461569,1865680,460918,6724775,725340,525527,526665,549330,1627915,2594795,7591
1385156,1800252,2089214,1898899,457545,6936020,916845,958376,621142,685553,1368511,917944,3183
1074823,1557319,1359115,1372171,354234,5976631,708011,741827,566463,627982,1611260,1799760,3454
1683668,1769842,2073442,1342061,126227,4826644,507442,771080,557317,614567,1608395,2530915,6172
1710693,1876120,2155810,1684692,363240,6283227,503510,283950,472779,568070,1574409,2489730,6300
1736251,1891568,2523689,1888747,458032,6779586,923240,977328,645942,640408,1266975,895397,4656
1338146,1380830,1310794,1352903,247325,6343533,740737,772540,538952,595356,1550767,1640696,4488
1688779,1804010,2121742,1356107,235157,4808424,491792,526160,534245,594272,1541091,2560325,6425
1648072,1739726,2048764,1599087,338929,6180757,480179,289004,437267,548828,1573568,2520589,6295
1685309,1730867,2088296,1598757,360929,6128301,735423,767197,551279,531222,813296,888024,4656
1399719,1527119,1771235,1674357,358542,6928145,929253,968967,650881,702445,2027781,1769846,4645
1631839,1846228,2097416,1373101,241123,4985783,491154,512079,580538,647006,1605855,2443333,6071
1742058,1910537,2178047,1675295,365296,6235750,503164,517755,466599,568806,1212616,2496562,6374
1389835,1823185,2126789,1642758,347212,6207518,704271,746485,568995,564814,864178,920227,5074
1101237,1541531,1754818,1605557,351568,6247115,713025,743710,597041,638579,1583833,1110169,3204
1767425,1652048,1765533,1130787,131272,5521299,722672,745216,559175,613528,1592285,2572947,6444
1634227,1767978,2081197,1590978,364553,6191556,960200,1237016,662956,727837,2212631,3128107,5492
1737856,1953467,2163439,1649114,242027,5464480,273198,494988,528810,637001,1600871,2573652,6374
1655394,1773223,2106731,1626295,354999,6331747,736715,525336,484028,474322,1224491,1724586,6402
1376045,1535271,2098163,1613965,360707,6065870,728775,752998,532770,575819,1152636,904996,3182
1109921,1315393,1248310,1286264,282193,6019582,683035,721766,542032,588744,1548521,1662817,3142
1893535,1887689,2421512,1578568,242755,5484610,504866,768183,523898,648106,1875123,3186727,7191
1701909,1788811,2117687,1641867,361226,6257973,708931,501937,496484,482439,1176506,1726580,6251
1332026,1536227,2063644,1615602,349485,6274592,724556,766193,557749,616693,1220179,885169,2946
1368037,1322853,1293051,1348279,246109,6209824,739356,768966,540173,577154,1500700,1649802,4645
1726273,1718365,2103108,1324587,238971,4849202,487263,507082,531830,582239,1573665,2604765,6549
1897754,1891938,2403596,1820512,451136,6822456,698543,657403,495029,552693,1353594,2391204,7524
1343933,1533905,2094490,1589199,361246,6098780,730139,753714,536557,590299,1144295,884245,3166
1338537,1368419,1293692,1325347,236276,6159941,708945,747117,559453,608642,1604491,1779302,4653
1616298,1749958,2097514,1351038,245829,4978602,505036,526590,553319,601317,1549655,2422397,5901
2488283,2343961,3132019,2366738,595283,7666527,729000,751239,630866,751720,1552053,3298684,7990
1337950,1771690,2470875,1885177,446068,6797288,932332,988340,624065,624480,1228705,898643,4818
1402731,1400102,1337977,1223083,241549,6446105,732462,766518,551278,604919,1532255,2320616,4817
1669018,1772856,2137910,1341424,233399,4757670,490648,516002,539062,591118,1576361,2597293,6673
1931506,1919032,2424291,1852289,450284,6872303,719324,531019,436994,547618,1547083,3180034,7340
1317408,1773136,2112865,1644364,354456,6315189,721585,743025,542484,533209,819853,879385,4504
1104428,1556357,1799229,1444377,343016,6513140,705442,745149,616022,666083,1675459,1742704,3115
1937805,1832134,2121883,1662419,241885,5539099,501552,759558,641390,684651,1911951,3095928,7077
1722231,1717853,2115872,1627038,354812,6151204,688884,505152,422343,491979,1169256,2500616,6349
1345408,1737808,2053862,1594576,330869,6174467,691839,728185,545570,542186,814592,916142,4717
1042453,1405774,1718134,1361019,353620,6309961,728251,760196,535890,591695,1503735,1637054,3338
1669912,1557523,1703127,1341947,125383,5441737,485186,727076,546242,611646,1578037,2549502,6313
1911422,1871765,2430920,1854183,450524,6095896,723549,519221,507178,540732,1550810,3161598,7211
1377895,1866058,2189286,1704797,360919,6372045,733108,752585,572788,624490,862434,878188,3013
1052048,1434536,1366268,1372897,347004,6302253,708933,748396,566065,616336,1607165,1782948,3062
1638181,1681230,1782637,1371563,128947,5481953,471500,730447,567065,623370,1528226,2317894,5905
1741229,1849918,2179372,1688949,360526,5502921,486549,281504,509267,556537,1593943,2566299,6684
1673655,1994964,2468336,1885180,440872,6743841,922034,980546,584319,621777,850428,1704855,4670
1082766,1501838,1347385,1414981,360907,6487295,742794,775121,580586,624248,1583784,1692455,3260
1797051,1624326,2066332,1319548,128686,4747255,492604,744268,485914,534941,1537230,2585760,6415
1731617,1718961,2006166,1539337,342449,5827240,491766,287038,419868,523931,1523670,2414473,5821
1986378,1834149,2385326,1783534,444979,6510585,901489,714035,416098,453228,1068802,1937921,6175
1065675,1422937,1605717,1503832,444676,6433496,911211,963425,540459,595811,1515661,1735884,3136
1661761,1665487,2007662,1279750,125487,4644253,497288,754927,510346,562688,1488088,2382193,5964
1728677,1587177,2031667,1545847,353364,5934639,487378,282057,385985,484403,1497123,2488458,6281
1689785,1573528,1991040,1528804,341446,5982305,714624,756296,496773,489138,758279,895749,4585
1072326,1247304,1640178,1560076,351000,6092807,721036,748375,479001,532791,1431212,895208,3161
1592811,1418971,1647102,1024879,146934,5336494,696181,726606,483832,534060,1500374,2520270,5072
1942714,1804368,2358096,1776842,341109,6033357,491127,523412,432899,559896,1856896,3152116,6979
1721928,1629328,2050764,1561906,354713,5981448,721027,742564,470322,458863,733395,889512,4669
1064948,1253574,1610260,1512215,326550,5832836,669833,707354,500946,554450,1483222,917671,3152
1662534,1416194,1597339,997506,125471,5306555,704960,733688,484454,537233,1440422,2312998,5857
1712872,1589648,2022949,1554970,352547,5322310,267981,281885,438809,536872,1479674,2481521,6264
1936525,1866382,2423849,1843043,450666,6732489,939892,967595,519090,506406,890712,1709917,5980
1012557,1384931,1692075,1611873,354546,6149972,723236,752809,518471,568981,1471159,882359,3077
1713727,1546322,1731721,1081290,127826,5619202,708867,735832,531697,584948,1575907,2609962,6882
1694924,1614693,2036203,1414320,415774,5918993,485117,507085,482834,605934,1913858,2951168,6182
1727108,1615692,2064489,1438344,326514,5886045,663314,683071,421628,420971,752142,1578880,6060
1399945,1643258,2440773,1794272,523372,7262028,890463,941199,574995,711293,1919530,2326860,4602
1114199,1449889,1803038,1685388,364622,6321515,716196,735731,562018,607933,1558437,1020295,4166
1700072,1498770,1667547,1046785,122574,5551104,702869,740348,522518,575807,1577618,2568959,6513
1620342,1710826,2043538,1597916,350080,5593610,271965,282745,464477,587235,1513684,2375978,6048
1664266,1781180,2121399,1631262,354145,6127203,709164,734065,460688,440164,777583,1739204,6607
1000267,1512133,2039949,1578785,338287,6069609,705874,746952,524679,582861,1184976,870762,3082
1640042,1500122,1667323,1305104,240928,6012165,727798,991914,569894,615348,1822844,3068780,6119
1662812,1698274,2040157,1558308,331087,5336759,316788,282408,462092,563095,1486591,2433327,6224
1610525,1715485,2043162,1564212,340994,6102426,722665,754172,462657,447202,753175,1647550,5928
1046409,1532811,2066084,1586271,351523,6104917,721144,740488,505250,552633,1111063,919977,3423
1333479,1337721,1243077,1040008,230443,6112842,681536,717857,515078,579002,1556221,2524145,4852
1971331,1761417,2358750,1790779,349473,5173020,495433,520701,490637,536087,1823177,3122296,7249
1678211,1633195,2009166,1516254,350016,5782003,705101,727428,415761,465002,729778,1676853,4716
1035299,1382291,1791266,1477694,324761,5782012,679386,716743,489280,528580,1089370,877220,2938
1359235,1264154,1229568,1013325,242932,6005810,730955,762966,463526,522747,1437342,2323457,4400
1711491,1571060,1998122,1507220,235218,4590835,270529,503301,471016,515455,1473580,2531326,6386
2268664,1737084,2331602,1746124,447103,7202982,1151190,964026,469794,522225,1495700,3169916,7434
1030341,1436795,1623753,1523519,347666,5851056,712740,732692,466303,521101,1063308,875098,3164
1387471,1414323,1601067,986522,230460,5237837,692935,729971,497118,548830,1512584,2527218,4542
1685863,1583774,2016499,1559716,237936,4794774,273444,519667,513798,565391,1500829,2380266,6014
1727697,1627299,2028945,1546623,352945,5854285,704013,499512,379418,425130,1114411,2477066,6034
1391948,1576848,2004537,1774254,441589,6502140,914528,972685,538347,588416,1145318,904451,3187
1377316,1500024,1630949,1019197,240158,5400046,724872,756790,500631,555277,1470428,2344156,4499
1740447,1630269,2049053,1558498,234276,5255586,268355,502203,444126,549764,1508635,2553082,6539
1669064,1563551,1978537,1505721,341969,5771486,719872,513398,432447,416078,1140590,1654674,5802
1397166,1623447,2050356,1574427,351603,5864655,718531,742476,489255,539208,1012543,893910,3209
1070448,1246223,1208865,1244563,320504,5712431,666872,703618,479822,536934,1469784,1638329,3452
1945948,1769140,2356422,1545195,236618,5204363,497298,755031,507720,626749,1862702,3091733,6878
1671410,1808398,2104896,1638689,351170,6157075,706263,504138,488162,463079,1155459,1665774,6175
1314865,1517545,2032188,1580169,333484,6120559,697554,737746,529806,576932,1175269,852140,2886
1328310,1393794,1297715,1347213,241144,6241656,728433,759171,516254,564634,1484357,1601929,4511
1670606,1744207,2119245,1341273,228423,4854406,485008,523493,527607,585489,1550329,2544911,6606
1925144,1912257,2417341,1829604,441441,6706700,705629,529545,481135,535969,1516628,2383590,7450
1365088,1480671,2031573,1564295,458063,6747122,936426,961856,563918,616133,1454972,1587811,3004
1354699,1357857,1284157,1338959,231633,6138675,704801,743036,548145,601691,1605828,1728462,4676
1594877,1771443,2071514,1351391,237885,4887476,489343,510916,546282,588978,1513037,2318534,5722
1668164,1744898,2115281,1624309,357651,6079886,487657,504328,398913,503394,1150483,2503994,6453
1330001,1756128,2454385,1865936,448489,6750997,933608,988834,605248,617705,1188095,892909,4519
1339775,1387910,1315226,1313477,226148,6345751,705457,741985,541719,594433,1506887,1816654,4594
1667272,1730254,2097654,1334578,233909,4828448,481064,500334,536425,585603,1550989,2558419,6422
1623795,1658993,2046013,1571289,344590,6013608,493134,515080,414994,510068,1183735,2457060,5909
1324281,1825339,2109748,1641151,345486,6274053,713524,735598,556735,546662,812404,883893,4614
1038580,1360265,1668908,1322520,338210,6125030,696916,734228,539765,600714,1557115,1704529,3048
1891925,1658103,2031200,1582921,237527,5465231,506252,763617,587079,642272,1906246,3105863,6892
1650979,1758424,2082639,1616889,342944,6079648,600291,502205,412301,511315,1134313,2394851,6199
1324859,1744826,2042715,1579395,342031,5988625,714005,755739,538255,524600,786782,857066,4496
1041429,1442493,1732390,1342841,351501,6045614,726755,758505,552660,609641,1523729,1633174,3534
2100297,1810720,2205572,1700024,242500,6658079,500476,743484,549214,686715,1990632,3442669,8345
2267563,1932862,2724163,2012445,551406,6546262,931168,745234,441807,491443,1517689,3922552,8580
1397224,1641534,2028514,1559725,347710,6127122,715286,735336,494571,545400,766223,865066,3005
1058431,1273790,1434942,1231359,416321,6459918,850273,897042,539913,603508,1821296,2460996,3265
1667025,1439296,1624737,1287790,125784,5360606,498385,765517,487899,552791,1491244,2387224,5767
1753554,1619595,2028790,1561040,345386,5247250,481114,278115,444892,488591,1470194,2442175,6288
1701300,1819736,2375131,1793504,438372,6608002,913721,968587,506257,555537,753465,1740999,4710
1060930,1280412,1259227,1309907,351939,6112662,725042,763058,489267,538923,1464461,1644655,3245
1767669,1700482,2062052,1294974,125100,4775834,483240,717475,514476,562381,1519797,2518163,6337
1713703,1697326,2039238,1564648,345326,5560687,498606,282725,452630,512112,1558916,2462822,6008
1744382,1668609,2048260,1572522,346815,5994300,715414,736037,448061,496520,800772,1607502,4785
1083301,1516120,1648156,1556515,441195,6366265,898940,948453,560957,627394,1546405,1706672,3204
1717057,1661460,1982161,1276674,124721,4624525,499688,738129,498683,560165,1474435,2330609,5878
1783384,1855317,2111963,1613596,353650,5951914,487905,281186,434804,531559,1550912,2495823,6027
1710696,1683593,2016404,1565525,337713,5950771,707506,750526,533343,517984,810296,875441,4425
1074366,1434933,1636135,1571542,347683,6070173,717263,748863,508041,569186,1427933,894845,3058
1453361,1588501,1693417,1073640,220036,5422679,683191,713225,536551,587196,1546998,2466920,4627
4818736,2132469,7349018,5648367,1205172,12384671,1839600,1796471,502203,662018,3534391,6435796,10898
1770244,1781299,2086593,1598194,344556,5915596,708448,728367,521795,516083,832861,912887,4852
1083952,1359805,1638284,1606169,336000,6122100,692033,731212,528193,589617,1564295,916255,3281
1721740,1532415,1653724,1045373,126410,5305548,726391,758357,530045,571549,1512147,2385968,5828
1715310,1524931,1989317,1529621,350481,5242626,268831,282100,422002,518473,1452261,2448038,6019
2005571,1761064,2326473,1753430,428206,6543752,889103,804270,480163,482885,995096,1606331,5979
1063526,1249649,1621242,1549552,347546,6069403,710109,742754,491052,526748,1434709,883179,3230
1748763,1442698,1676871,1015095,123374,5241624,691903,724635,489263,550110,1518351,2585897,6856
1681283,1581596,1998201,1531919,236001,4570499,267431,516621,481555,540135,1490349,2407971,5884
3907811,1664776,4152171,2660009,582324,7979705,1290332,1393185,400530,478229,3007607,6893154,8345
2670591,1683144,3884441,3006048,722408,8609199,1304411,1175446,566366,633552,1784724,3418257,4195
1344151,1231709,1202072,989115,242026,5963027,732477,764658,468100,522862,1458036,2344671,4314
1730883,1586103,2023124,1553130,237188,4662159,270434,504973,486612,529569,1477588,2476572,6215
1691533,1655955,2034103,1560691,340570,6076298,719023,533224,387897,427760,1127780,2477152,6193
1387724,1581910,2010202,1524712,347481,5875451,711766,739438,466458,517082,748237,875534,3130
1392064,1408070,1610808,1261206,341539,5814686,894260,930940,535341,591442,1885358,2507997,4710
1708933,1546633,1979731,1523072,339273,5914746,491545,480286,396517,485520,1260236,2509374,6245
1685267,1629233,2050220,1564177,360209,6026351,735887,764119,486226,478724,747899,905134,4661
1039339,1273022,1669134,1553970,343695,5902143,695042,722943,504504,551225,1515340,869385,3064
1654196,1434608,1632552,1028962,227805,6036023,936153,974945,562792,623162,1876577,3129608,5714
1699070,1686728,2042548,1575063,344303,5377696,266874,277022,432296,557480,1435697,2375410,6268
1714764,1731398,2325724,1720658,430129,6277948,877846,931707,471723,471234,745192,1721369,6163
1065235,1269002,1616876,1368986,346965,5977339,710956,742246,497294,541874,1461984,1503329,3018
1747052,1425366,1633460,1017662,123103,5204773,699388,725754,466934,528316,1465448,2511630,6451
1697268,1596586,1976383,1524574,339566,5262721,273288,283906,433755,539190,1522520,2528775,6313
1686117,1575166,1997499,1547075,352208,5883728,723262,752964,429417,414086,744087,1610578,5784
1034341,1389182,2015768,1532389,448376,6322949,892868,934532,533300,598249,1489949,1707051,3170
1696937,1431410,1620796,1262331,122837,5248159,485456,744960,480916,534148,1478959,2406437,5994
1724431,1600052,2021813,1550593,346505,5362526,479135,280725,421707,483724,1440409,2409029,6246
1678719,1574672,1943057,1488240,319668,5845035,659084,696273,424550,410103,741346,1713215,6069
1344797,1595434,1995391,1545625,351790,5967505,722945,754770,493346,544722,752019,863068,3170
1374781,1406317,1595009,1274157,342424,5798542,898119,937220,528534,592352,1844910,2476327,4447
1682391,1562018,1949040,1501238,233822,5314728,274862,494243,433775,542988,1474252,2352949,5784
1721366,1604973,2073511,1595207,353223,6072065,724859,520214,433554,416648,1111495,1655631,6370
1710839,1722410,2376074,1759860,440136,5917838,685668,716885,514300,583165,1417478,1677342,4645
1139119,1233461,1235362,1275929,301853,5893281,691031,719212,491858,531499,1447235,1548710,3197
1700683,1597177,2001118,1475302,215227,5128241,664921,913198,519762,581977,1741394,2435678,5643
2008359,1727715,2299926,1695591,439391,6208791,701653,512512,426704,456054,1472466,2507859,7255
1359657,1433422,2000095,1542976,340851,5990299,703100,736024,493690,543543,1108267,866557,3119
1356614,1357520,1288757,1331758,234534,6024289,704994,736421,527599,577320,1543695,1745752,4700
1643103,1670899,2046055,1321799,234330,4783526,495281,518637,520051,561005,1548321,2468666,6120
1665203,1708104,2081940,1619546,344955,6152838,469881,387470,405066,517851,1348430,2351181,6252
1706783,1641160,2454832,1824349,452006,6499731,911205,955132,547565,553405,1140031,885498,4816
1326300,1359857,1289124,1327648,234482,6065915,720201,755320,539046,585544,1532091,1661387,4629
1680109,1732058,2075285,1308532,235688,4695196,496057,514807,528567,582679,1518264,2501588,6342
1609616,1688297,2015639,1549507,337208,5984844,487203,513749,417886,511766,1166266,2552163,6092
1323766,1637776,2031673,1580715,351649,6142030,722078,753645,517461,495509,756430,849786,4267
1347633,1351466,1718283,1465842,352793,6588770,918201,956799,561641,620809,1890554,2334286,4761
1630649,1675047,2054293,1312904,233718,4805056,504864,525339,526176,574365,1566441,2503217,6188
1681588,1766155,2115662,1628478,357503,6117207,502976,522145,412379,510967,1129225,2443605,6396
1384414,1723247,2097467,1584724,340351,6023504,692041,728436,534792,513918,807612,936911,5221
997607,1310546,1649198,1313049,354046,6149392,734154,766335,515567,568392,1534531,1635380,3036
1963708,1771873,2493697,1883386,344138,6126473,692365,947166,635597,698146,2204882,3253912,7314
1677487,1686468,2051416,1566570,342134,6027389,690129,518763,406971,500798,1171202,2588245,6135
1320813,1691514,2070107,1607370,352387,6053273,719482,753203,519685,500728,767539,883372,4593
1020529,1323573,1705179,1354071,349824,6012365,701576,735109,514975,570473,1549345,1719907,3291
1594714,1519536,1666393,1303326,123247,5302548,494177,764460,522318,575813,1569178,2487274,5948
1672690,1732643,2107016,1629575,349643,5625129,496204,280641,453878,501323,1488799,2411965,6450
1662950,1864354,2462302,1860951,453588,6763471,916627,959331,513857,576435,788158,1724889,4419
1015927,1351788,1336465,1337873,351288,6151809,728244,762775,545722,588526,1538625,1619699,2915
1632458,1539833,1698530,1318704,123532,5289671,459839,701648,513948,564022,1467172,2365486,6262
1689348,1914253,2109670,1631614,338804,5567500,488820,285229,511953,558133,1608783,2574892,6196
1669927,1759674,2099313,1627268,357946,6227286,736536,768702,477344,524077,823069,1650199,4669
1058021,1663332,1729776,1660406,461693,6709122,911757,951390,617279,677592,1615986,1734016,3217
1648437,1755374,2036545,1325947,125885,4724197,496976,755523,538708,583705,1564476,2454643,5872
1628566,1831437,2115336,1636740,353964,6028195,499448,283272,435010,532011,1516257,2388216,5931
1699919,1857317,2101756,1619254,330150,6115707,673249,704621,498695,547138,845826,1386454,4814
1079743,1585935,1683773,1610230,353591,6191635,730325,760204,542204,592949,1192843,898165,2977
1673360,1751937,2103030,1335302,239339,5451007,711240,946500,568212,624552,1834730,3206824,6281
1612033,1889599,2403961,1806991,441023,6643737,694627,503987,482195,589927,1554295,2537538,5819
1630956,1722965,2068068,1612306,351521,6003562,719592,754662,524088,509503,780374,879651,4697
1020950,1327270,1676475,1592119,345135,5961227,692627,724650,511665,561003,1528724,896599,3234
1387550,1485433,1607493,1028356,166216,5245969,693112,726426,507576,562822,1493839,2321265,4395
1640191,1719779,2076189,1595469,239374,5459581,273317,518993,448966,550688,1456243,2376214,5926
1985503,1817986,2430761,1807564,449860,6557799,911111,732709,488950,482587,1113641,1709103,6185
1025829,1297294,1612008,1544001,348772,5994297,725172,755350,524421,566975,1505831,865886,2966
1655649,1476684,1659508,1033227,124307,5269417,707698,727060,509602,558736,1493763,2450908,6352
1636441,1700681,2032425,1536628,338150,5318646,272348,282898,469871,575858,1538409,2572582,6321
1647327,1677583,2043758,1578665,356835,6106544,728261,722620,447906,434419,881917,1627678,6075
1338489,1460690,2063750,1857284,458169,6477462,904724,944073,557883,615831,1520276,885237,3141
1635635,1506253,1644871,1039113,122805,5347531,718049,754609,524801,568142,1549139,2444933,6001
1611128,1683429,2051631,1572619,350927,5351794,270007,279867,444190,549903,1454903,2389839,6097
1661099,1745328,2069497,1582252,344241,6071134,702762,736971,458412,444714,782374,1751002,6471
1019498,1458117,2053786,1599493,354997,6123081,732402,767811,527408,574660,1181117,904489,3219
1915332,1527749,1698597,1180446,240310,6491606,1162282,1192706,576864,641386,2164459,3885097,7017
1946358,1832514,2382750,1798614,438627,6021095,473781,496951,519355,635484,1548898,2539853,6081
1621068,1733867,2082737,1615868,356515,6088735,729024,760695,464665,441926,759016,1615709,6003
993797,1473290,2082739,1618794,345950,6059504,691006,724851,519797,566793,1156726,872968,3144
1294037,1339197,1278822,1049604,232458,6056962,719469,753650,517478,563755,1539532,2452386,4613
1955596,1878099,2478672,1864150,351235,5454761,483295,510895,500577,568930,1818326,3148582,7557
1663682,1677319,2054995,1593040,333813,6233875,682660,713358,448605,439075,795465,1762335,6300
1027354,1515592,2050865,1580842,352133,6049728,733338,765204,539051,583923,1172228,884971,3038
1324055,1304098,1251750,1026449,239508,6058871,711291,732600,503759,557367,1496604,2488705,4716
1613893,1759337,2042984,1573354,226052,4812592,269646,522082,531994,583502,1542896,2513642,5820
1618868,1711823,2053644,1597015,352042,6109277,722805,519809,411710,444950,1131087,2308250,5783
1330551,1753918,2114639,1901963,458157,6663321,905881,945827,578391,636745,1159417,886462,3240
1267905,1348376,1363957,1052865,233375,5939245,692620,724906,502074,556664,1497833,2369062,4518
1625756,1711023,2066405,1585044,236802,4741350,270768,515179,512730,562566,1471505,2410931,6046
1676392,1679574,2027418,1549303,339967,5969095,694907,505149,399435,435142,1167157,2543189,6433
1306228,1664024,2003226,1561644,344033,6029090,713927,743394,511478,569507,773630,875479,3030
1346155,1536818,1714914,1315456,354351,5965140,937263,965147,552036,608730,1850507,2512916,4710
1632227,1662244,2013982,1545722,231802,5423162,271876,513492,450677,560733,1532753,2539858,6206
1900544,1885763,2442059,1874912,448618,6781169,913626,708766,469987,500395,1141255,2099144,5765
1335432,1633599,2090906,1610094,350558,5942296,699572,731791,496109,549084,777174,900399,3328
988230,1346650,1282421,1306688,338240,5962367,716894,753676,525256,583940,1537627,1660457,3110
1974096,1902185,2468273,1572340,237539,5406472,508505,759187,511451,624567,1842980,3180746,7324
1666302,1680463,2074998,1596606,344926,6117873,704987,506784,448163,434715,1194307,1744396,6318
1335542,1522642,2070168,1599598,351056,6326709,730061,761501,522181,570226,1140101,857626,3104
1195420,1327460,1270532,1319235,260591,5995699,709023,732404,502158,564588,1488773,1668394,3494
1665931,1675554,2048832,1297440,123808,4778973,495628,754005,521739,570961,1564133,2584489,6230
1654929,1786961,2149532,1717214,358386,6588936,502507,288978,467397,576602,1603532,2373621,6483
1690773,1724014,2467023,1854232,458472,6465990,905423,947176,561307,576874,1152612,894216,4581
1354344,1381339,1267680,1310299,233883,6052632,721841,755892,538798,587141,1578645,1668693,4527
1674716,1635560,2050189,1297063,238467,4697274,506480,523680,491205,540940,1460531,2397658,6029
1718796,1613515,1984018,1492407,331029,5790683,471352,473217,360481,458828,1175335,2479449,6393
1644456,1566314,1950808,1513513,333932,5985567,696593,729625,494025,459523,745293,879016,4620
1397450,1245019,1606347,1522061,342103,6556201,914404,938780,515245,582480,1797333,1701079,4810
1703423,1595757,1996150,1235771,233242,4605551,500389,527853,478099,531320,1534926,2604273,6352
1655288,1584724,1987615,1518021,345809,5836960,496454,519828,364866,461865,1087464,2295498,5980
1399910,1615673,2032688,1565122,343146,5941345,687560,718744,489266,472030,764064,896035,5100
998533,1263293,1589117,1288650,336600,5808503,710671,745193,490204,546135,1495400,1556040,2850
1969252,1602205,1982227,1284790,239437,5239690,665116,711928,504203,561607,1714118,3009606,7208
1725810,1610155,2015474,1525611,342237,5867362,486381,508530,363523,459657,1114604,2523144,6354
1365742,1597214,1969432,1515771,343659,5889781,713051,744281,467412,461300,735053,888201,4447
1031362,1316837,1655250,1313505,340794,6046207,692811,719011,495795,545102,1470062,1715054,3376
1639583,1488089,1610747,1260700,124004,5316715,486736,741824,512526,562433,1525617,2556833,6319
3285225,2717482,4181745,2184750,570152,6988888,1635075,1475122,768292,747954,2655922,5242673,13562
1380824,1601911,1998009,1530499,326098,5870951,658895,689615,461315,460874,742896,888743,4594
1049226,1243535,1635709,1296359,340821,6089065,723815,757302,488420,538459,1530249,1666072,3198
1693280,1413005,1643339,1298536,124316,5320132,503230,748587,488404,538925,1476175,2399937,6198
1760096,1623709,2004400,1520460,334200,5264389,473266,277878,429034,478411,1504937,2532266,6414
1659480,1603276,1983088,1523600,345075,5875945,722050,756256,419738,461614,736406,1645997,4671
1046300,1384271,1592613,1508651,457731,6417149,925450,951808,523068,582359,1463255,1683325,3248
1689715,1421961,1772715,1242034,125401,5171405,493969,744422,485479,538709,1527876,2535882,6300
1672438,1574273,2355739,1777860,460998,5794827,721529,525727,473006,520174,1782063,2278400,5803
2054270,1848384,2423045,1822762,438840,6375772,879776,920467,482045,472433,738606,1708548,6274
1007148,1390790,1564325,1491680,327416,5835909,696694,730809,481414,524918,1120240,872939,3023
1668743,1603798,1994676,1256041,233770,5222546,717130,968452,523199,581645,1768692,3083786,5958
1726611,1628117,2010153,1527186,338383,5757392,483024,279705,365651,469683,1514796,2546148,6496
1664166,1593054,1979590,1525809,346707,6004268,724963,757560,434780,482140,744146,1036414,4489
1064314,1469220,1648946,1569435,353463,5853304,715209,736409,485164,532698,1120379,895586,3124
1361286,1214842,1214806,1254852,227520,5868547,707504,748994,500654,538467,1518013,1682366,4602
2034831,1803302,2427077,1549771,342984,5307451,498924,519506,478834,598325,1784217,3079171,7668
1728306,1636882,2005966,1512429,332177,5725407,674330,704286,424050,412535,751036,1700916,6537
1019995,1426083,1996080,1529937,342907,5811976,723948,759861,481552,539033,1129588,878499,3087
1382020,1265723,1213850,1080067,230217,5924160,708834,732474,486823,532546,1463547,2316021,4704
1685478,1544092,1927311,1237729,229846,4448192,452849,488897,465780,520560,1476334,2467841,6008
1975905,1792264,2383019,1806888,464040,6470225,725200,757591,429740,468265,1097203,2346104,7025
1056648,1429056,2014047,1539378,340316,5884553,687470,711114,483634,534208,1109204,889329,3273
1356484,1333094,1217150,1021268,227229,5814654,710788,751427,510289,559356,1562948,2470286,4432
1726368,1690507,2061474,1607363,243650,4658318,281073,531074,506856,555683,1503583,2378275,6163
1766137,1736096,2047969,1544382,337534,5652264,681144,508390,383515,439588,1145004,2540589,6360
1659711,1833059,2329728,1769276,426880,6542109,901834,939062,508176,495330,796218,1607006,5698
1393326,1338774,1601399,1271205,338512,6570157,920517,946185,555399,612268,1813888,2399215,4622
1697218,1698117,1987078,1521450,222500,4587371,271382,502893,505229,564366,1505503,2433204,6071
1701154,1740193,2016775,1560332,349172,5929013,721199,515169,397746,437316,1148015,2315570,5709
1709643,1835315,2121814,1641255,347064,5976956,698824,730032,532302,528563,811768,906710,4893
1086690,1431100,1686234,1613815,343652,6203354,732959,764452,561830,617048,1638327,929923,3210
1777024,1729030,2104382,1326775,181076,5359475,698082,959551,564242,612585,1790746,3082363,6531
1661118,1719364,2046862,1551625,336783,5958641,483978,283574,407317,505270,1551340,2553457,6412
1620446,1697333,2020278,1567994,342066,6073423,717564,746597,523613,508165,770281,864256,4463
1041205,1358272,1694778,1624720,353104,6129750,711675,733978,516280,572250,1524729,884769,3069
1643228,1573303,1662643,1065061,123384,5443777,706350,750168,524977,584256,1564169,2520977,6253
1850354,1900293,2404177,1849159,444244,6105752,458901,396626,456015,563975,1675423,2934852,7355
1674869,1733513,2097102,1614620,344607,5941040,696189,731922,516323,502044,781658,904207,4885
971047,1335288,1628449,1553288,340057,6071165,724514,757788,506793,563832,1551799,868842,2979
1657883,1594616,1705293,1090120,126374,5551331,730945,754674,522045,570686,1501004,2398139,6205
1687300,1693504,2064181,1583773,341009,5532490,277183,285510,466249,570312,1567251,2559357,6337
1638378,1667672,2021271,1573991,346843,6006194,726975,757910,459843,442059,763728,1626833,5911
1294580,1737815,2439446,1984306,569876,7237057,934363,960944,561883,685831,1847084,2191891,4243
1629960,1547252,1624199,1049996,125252,5353077,710149,751645,545875,597404,1590665,2494385,5862
1636122,1735052,2079174,1610177,351350,5424892,272650,283012,488037,577973,1507788,2318590,6081
1659649,1730478,2077619,1604275,345369,5885977,692947,727777,473342,447141,783623,1732683,6294
978773,1495332,2001384,1538405,335030,5790355,712570,746175,516588,565042,1152102,862648,2955
1658258,1472178,1665302,1306104,236905,6177137,733343,992310,573076,625759,1862195,3184432,6200
1715850,1722351,2159430,1657113,337698,5489397,460041,279729,457499,545638,1564976,2620554,6613
1621201,1674686,2057849,1603373,340892,6068516,708966,739904,475689,445764,775977,1675432,5623
978554,1545542,2073879,1606807,348127,5987185,701572,723192,519859,574642,1149863,909251,3023
1265737,1379606,1267039,1066844,225351,5957963,695304,736663,553839,602372,1575957,2523738,4271
7500583,2385853,10463390,7532589,1564147,13440779,2856177,3438173,568951,713461,6309240,11988373,13145
1577770,1775827,2043222,1595179,336130,5762355,675239,708388,489362,524003,781754,1673050,4316
863177,1544861,1638363,1535493,334140,5860730,710419,743740,544296,591687,1143459,760562,2284
1165399,1386404,1218471,1000539,228074,5842023,663855,684586,549933,582240,1419539,2176543,4112
1574607,1733638,2001541,1539877,222662,4547491,250115,485062,535576,585928,1538080,2436238,5948
2103633,2101374,2725571,2073040,563942,7154911,1163380,731763,486131,518028,1523065,3045417,6541
1210672,1765587,1971984,1804677,439785,5728459,677928,698058,600337,654745,1471983,1506454,3943
1182548,1495108,1515053,943076,217560,5061863,678889,719028,532319,575504,1524041,2406943,3857
1497627,1747302,1953048,1538027,222267,5144364,235088,484143,497568,583017,1467841,2172326,5288
1511278,1794645,1945591,1518402,310665,5733011,622267,429281,435344,460584,1112359,2065067,5506
1184691,1721459,1940827,1512020,328397,5842576,695511,726124,557226,597394,747549,736511,2441
1212152,1555377,1577840,1245800,335041,5806893,917179,946875,590488,642846,1819084,2306350,4437
1538207,1745710,1955559,1514226,213255,5102592,228787,457868,496481,592666,1528230,2407486,5895
1478916,1725378,1918871,1504331,330068,5819102,686212,478435,481071,451740,1130297,1520363,5296
1236213,1575745,1986203,1547644,333767,5764027,672440,693702,537349,585974,1119693,753966,2513
1038175,1501187,1194579,1285297,248122,5771939,641876,682764,606611,642786,1567529,1470797,2612
1815287,2084074,2381711,1570608,221299,5129789,460657,719481,581048,684288,1890890,2912214,6623
2454854,2477345,3110813,2380566,565271,8266911,1114055,724985,531611,493438,1595897,3407251,10841
1229720,1675678,1991480,1570232,326680,5949494,688293,719554,580799,627000,1203495,777460,2713
7132303,1928095,9496005,7561619,1585635,14472881,2873456,3375167,610125,754784,5885465,10863494,9347
1651105,1711090,1927215,1219625,214594,4255432,435368,457737,511686,561713,1507265,2401023,5902
1878735,2063851,2398160,1842502,447050,6604535,704863,712048,526633,569301,1318748,2342830,6982
1241381,1565878,2034399,1591535,338538,5981044,682607,705163,552117,596707,1139889,767639,2510
1524155,1552050,1568665,1525521,220254,5876542,680424,941819,613231,667814,1912850,2361057,5349
1605237,1724847,2067321,1340824,234563,4710527,491013,514185,546873,581320,1501564,2308455,6110
1647621,1748824,2121013,1641504,342813,6057941,475862,502246,432893,535231,1195318,2552796,6683
1298932,1769830,2097892,1632326,340384,6244119,724567,759636,568848,547219,828613,895703,4658
1317684,1356710,1642986,1393744,351504,6825448,957394,988772,582450,637313,1853165,2338576,4903
1634833,1765723,2101720,1359131,233631,4829241,476774,505466,541006,596023,1583548,2547594,6549
1613333,1713148,2068255,1615961,347704,6264898,497121,521199,435282,533019,1175030,2391953,6016
1318669,1748772,2099206,1625260,349845,6114242,710765,735006,546544,521891,793108,878245,4956
995978,1311812,1664578,1329027,331416,6052501,697404,737094,547798,600538,1592246,1705671,3152
1888321,1788715,2086294,1639041,236040,5564782,494100,756440,618016,666313,1891023,3036970,7297
1675796,1718908,2115564,1629321,343146,6072565,689979,506154,431295,475794,1199336,2545799,6633
1592117,2011092,2482096,1910996,431329,7227058,915740,962262,653908,551216,819984,850034,6070
965454,1380744,1696523,1367633,347168,6180022,718776,743120,560854,603341,1518946,1592511,2873
1666452,1592635,1706388,1346826,121700,5594911,479171,727005,563591,610994,1602684,2528461,6394
1873775,1898886,2387763,1833614,450011,6045579,718156,510065,489796,528974,1519511,3109016,7147
4214803,1786734,5084218,3872343,887273,10004736,1686810,1951087,519406,621334,3718518,6956196,5775
1021688,1242063,1252533,1239499,332109,5769380,696234,735396,480401,532452,1509930,1722005,3220
1885453,1656954,2068215,1580275,124058,5008310,458483,941099,564779,607102,1779518,2874019,7126
1720440,1635577,2024501,1545562,341768,5185575,483334,283106,437249,485349,1501135,2512929,6603
1610874,1714022,2353818,1772375,450343,6461194,953146,1000099,478615,533441,746096,1639121,4395
1017404,1229376,1226417,1278936,354241,5855020,731242,754939,479649,519922,1455284,1637000,3112
1729623,1610022,2038276,1271847,126677,4645225,485493,733513,482796,536441,1542155,2572774,6609
1657051,1552294,1964582,1509464,345559,5816687,491707,280375,361367,463048,1486773,2405561,6285
1733370,1621816,2035278,1555386,353259,5816897,716507,737456,431617,469342,752856,1117034,4849
7055944,1858491,9789979,7437439,1697371,15711083,3125390,3296116,517220,674733,5533087,10975213,9228
1625892,1714652,2071192,1327827,241465,5441633,728630,997039,588583,640203,1878703,3071046,6137
1681414,1790856,2119319,1622700,348634,5957522,482020,282567,413092,518538,1556002,2554581,6737
1629200,1675915,2040836,1569882,343427,6031188,730682,770375,521036,509002,781552,886233,4663
1022736,1315383,1674969,1597790,350723,5976651,727618,755284,518208,566490,1499250,897199,3293
1552213,1543020,1665505,1035061,138630,5439009,698050,729527,514029,577391,1582646,2576864,5816
1912073,1843308,2365204,1809118,347874,5971010,499839,523193,456801,572873,1897289,3151857,7056
1693172,1703503,2090204,1613120,354166,6171559,720751,741366,516675,497471,784547,896885,4818
1333987,1543027,2041873,1812698,334071,6062052,694966,967609,584537,650898,1947174,1729105,4599
1648938,1551993,1680096,1023207,126383,5401532,732153,765234,516048,571521,1504134,2330767,6148
1659765,1724118,2094874,1607501,348471,5288286,270950,283029,468640,571901,1541787,2521770,6571
1922505,1896617,2429348,1843380,448705,6655655,946994,964980,527072,506860,904023,1686988,5924
990378,1362025,1677211,1613012,357086,5970921,735887,764464,505822,558754,1490966,881274,3192
1707171,1549522,1663013,1031553,124808,5344123,698064,730363,521203,570642,1559521,2546434,6411
1639374,1691714,2051624,1598087,343950,5489082,274957,287150,471840,589322,1567181,2441744,6537
1673072,1742259,2078351,1592525,354979,6141179,719506,739474,460111,439190,779485,1704435,6305
1005269,1511467,2051387,1676852,444775,6530800,926272,980152,571946,634240,1544820,1561050,3126
1577523,1687567,2021387,1564448,223445,4780732,273954,522388,525197,580375,1518931,2341181,6029
4252909,1961592,6781781,5462250,1260684,12474940,2185097,1885816,382682,491836,2535196,5138623,9264
1380179,1632416,2000265,1512470,334072,5825713,693517,733886,470074,535846,739422,876512,3145
1029910,1250495,1214874,1249656,338488,5896395,697656,728645,482182,525716,1440671,1566806,3171
1747230,1625044,2014763,1260342,125755,4418199,488869,723085,466612,517292,1463436,2489616,6698
1978084,1787607,2348640,1773356,439865,6334436,708657,521283,427193,473928,1502444,2466839,7597
1340275,1597618,1974669,1524981,335379,5851181,691823,720397,467195,523580,858570,894692,3165
1054412,1246017,1257039,1266409,339331,5817079,692779,722942,487041,543581,1532305,1769818,3549
1663701,1590142,1996819,1273834,126930,4600107,500771,760081,488351,539377,1502071,2415590,6137
2039692,1817545,2380979,1794703,444172,5803412,476460,282987,428350,527242,1755122,3081592,7694
1699125,1612323,2400666,1777683,443914,6338293,916842,972157,537220,534679,1133666,919250,4835
1337240,1229421,1204904,1257547,239363,5948117,730496,758237,481042,524885,1500626,1646896,4746
1662725,1604244,1946318,1229673,187706,4410000,478037,567100,467796,521180,1428041,2391324,6299
1652651,1579117,1956607,1501079,333327,5576243,482153,284470,364027,469305,1497689,2463760,6052
1696412,1623446,2053763,1568369,351171,5931152,723375,744853,421739,408273,750383,1651926,6370
1047438,1454550,2002948,1521625,443254,6558764,907549,958581,537517,606799,1548840,1743916,3315
1651695,1374218,1570900,1240060,125476,5108628,489954,750012,468869,520062,1470152,2355781,5984
1658815,1683628,2069679,1575020,351763,5207405,491435,283322,439195,488247,1498384,2465209,6278
1590316,1685743,1977686,1531680,324070,5770396,679865,719386,448491,434727,768924,1686084,5678
1008057,1493845,2027846,1583793,354111,6020081,730914,763430,507195,560341,1134640,893462,3104
1299998,1313433,1249646,1022354,236237,5895503,699564,730589,507731,560612,1543740,2525891,4771
1903952,1834152,2395299,1805435,343577,5280663,502970,525025,507900,563422,1930129,3215198,7256
1642952,1722040,2069131,1589408,352740,5966282,728136,749057,435763,483370,759511,1624168,4761
1001177,1549136,1659410,1568692,339363,5899008,698934,735333,513820,570601,1171792,903413,3296
1333837,1369441,1547831,1019140,244390,5613011,741393,775932,506234,567790,1533981,2423736,4582
1989159,1925025,2466745,1801446,233847,4571948,292387,723889,564889,630368,1855669,3192845,7957
1972281,1764747,2355991,1772788,443969,6334640,929300,751285,449904,481688,1136172,2502950,5804
987785,1461560,1627460,1575035,351869,6003758,726809,759055,492326,552402,1116085,871260,3096
1335355,1535034,1656594,1026175,232507,5354401,692447,723412,514756,565986,1513245,2502520,4816
1605783,1615773,2016635,1548092,235218,5253205,274752,522205,447259,552609,1553821,2452041,6124
1640997,1738098,2115449,1618229,357952,5943244,734033,520142,436734,428736,1123300,1705391,6376
1357430,1703156,2057146,1856514,431932,6616483,883901,936951,570156,647963,1250394,935655,3535
1294645,1487999,1626810,1019580,237864,5350813,727369,758313,523068,568510,1527791,2381832,4282
1664999,1650948,2048450,1568977,238626,5098632,270832,508057,435162,545119,1489987,2459455,6200
1685000,1555303,1945358,1488825,327621,5579815,687721,514192,420572,393482,1102985,1640309,6030
1313074,1387216,1977345,1520189,351614,5637370,727467,759862,458452,508031,1078726,884915,3127
1692584,1461574,1607369,1245097,236498,5657744,912934,953511,519586,592089,1879066,2548094,6252
1629660,1516418,1896607,1259432,231937,4347182,421691,482456,452330,509002,1416681,2239002,5918
1677998,1604296,1998891,1540167,347215,5868435,493639,510635,348745,457219,1074072,2402810,6038
1317392,1576167,1954435,1478527,337786,5547514,702991,743655,463338,455910,706979,872977,4469
1003899,1234502,1580721,1236186,357456,5778177,736529,766731,471204,520752,1466471,1630622,3077
1697767,1362314,1607090,1254235,237316,5663693,706884,955083,514017,566768,1844000,3309320,6172
2300376,1719514,2351235,1757747,449140,6293925,926349,747300,465964,520855,1843803,4020603,8815
1295902,1624298,1986141,1523990,333787,5756506,687204,715064,460123,459101,736651,894579,4437
1029893,1230662,1592951,1232920,332628,5650317,681648,713165,453329,516673,1481180,1699689,3239
1633324,1353493,1548877,1216458,124941,5064290,498623,758990,466876,507935,1486602,2394506,5656
1683159,1562631,1992445,1526577,348351,5073222,495948,283939,400313,450674,1443946,2397881,6151
1668004,1748933,2369727,1766584,440575,6371447,913834,970070,469232,537013,739303,1711369,4568
1039100,1224897,1221910,1265844,354068,5909997,730663,764177,476212,531600,1480859,1622110,3333
1707157,1426160,1894302,1270703,125940,4864415,489213,729484,455179,500843,1469093,2494833,6472
1723485,1610298,2022588,1562167,337563,5251976,502820,284814,427222,476669,1522524,2501493,6718
1680660,1538668,1981344,1490613,349079,5771530,715825,744111,402688,453716,741016,1621626,4659
1375976,1350236,1955484,1749578,438131,6406270,890411,940868,522199,591802,1495657,904745,3245
1617746,1367991,1564579,970280,125106,5045038,722724,756371,464976,523289,1446320,2382675,5857
1730299,1612510,2020339,1525249,352150,5073410,269545,282743,400035,509487,1444179,2473556,6316
1682339,1485355,1924707,1461475,337989,5551716,706713,728380,394079,370820,797011,1712796,6067
1316820,1383271,1975978,1530903,352613,5786769,723507,755142,461878,517949,1097548,892436,3145
1691393,1386550,1582711,1256919,239218,5716477,903869,943895,505417,568572,1831474,2512479,6328
1647081,1580283,1961573,1251476,129878,4474594,494108,748386,478657,524431,1469010,2367713,5888
1667159,1760458,2385375,1784088,461198,6366952,693307,490819,403214,506063,1429448,2465702,5812
1694754,1496839,1913301,1460267,335298,5567458,702319,742578,441696,442695,719027,886653,4760
1010049,1255194,1596414,1516331,358328,5779289,730716,764332,444423,501722,1414117,883627,3129
1355348,1372768,1587575,952549,233806,4926246,694347,724759,445274,499334,1464263,2552462,4825
1962330,1649910,2303395,1711669,338163,5609818,496928,528305,409962,512580,1856506,3232993,7480
1679719,1550966,1976648,1501543,350120,5857817,715399,735935,452156,451386,740885,917665,4891
1005859,1203698,1595386,1495128,345121,5786951,709198,749591,457636,519735,1529991,912896,3132
1325670,1205820,1170494,951902,238348,5646914,723880,756374,441520,495521,1415584,2314574,4470
1685805,1577226,2009031,1512015,238346,4297339,274523,507603,459726,517566,1478725,2528957,6401
1918213,1675674,2277993,1714155,433324,6303169,809635,757122,410751,445716,1066229,2339378,7333
1011468,1334690,1949919,1480196,348609,5635726,714137,741262,435584,487167,1042983,874835,3092
1366391,1208969,1177852,956347,234277,5683299,696137,727118,454372,507607,1483813,2546707,4852
1609985,1556837,1935087,1481693,237114,4283571,271910,527442,452723,511084,1465514,2404040,5768
1696535,1542211,1991292,1503727,354324,5703092,711156,506606,345815,386063,1059120,2443759,6168
1350708,1523392,2121768,1721452,443023,6189140,910425,962726,514033,565024,1118372,906241,3216
1332846,1201772,1216961,991493,236342,5871053,715054,749834,460515,514061,1442032,2336852,4864
2034815,1754500,2364166,1767387,338921,4979833,462629,702835,486490,499291,1466851,2543243,7877
1663693,1553242,1950084,1474293,335940,5710597,711247,511232,359336,402167,1120451,2451752,6194
1343704,1526288,2014590,1539661,353996,5948304,727024,754679,464509,508932,746636,884258,3073
1003963,1178021,1176909,1214268,343081,5639954,697123,727987,455852,514406,1497015,1715887,3129
1920575,1662071,2295740,1460930,237350,4558110,508189,765436,496266,567839,1828098,3149544,7010
1660720,1568417,2008466,1526796,359842,5619080,723733,519325,337658,373074,1060731,2465551,6156
1655181,1544978,1952383,1496718,339422,5718197,716401,758862,458835,451916,737470,907720,4708
1025411,1195243,1592826,1512936,353187,5805959,724568,758502,461362,515527,1428496,901015,3263
1702642,1373153,1574402,977842,125653,5115219,689744,719824,477544,522212,1500016,2536484,6405
1933168,1665243,2274974,1691116,451603,5499990,494859,514550,372165,479626,1437757,3170963,7165
1406309,1581993,2006275,1524129,352665,5773430,717716,741238,453024,454304,731532,878610,4561
995760,1213641,1550691,1447504,326582,5619019,671006,707297,457490,512366,1430483,905015,2973
1614124,1390312,1568294,950436,126981,5029672,723971,756390,441329,489359,1426003,2380197,6051
1659487,1607690,1994847,1513109,235259,4200543,265228,502997,457080,516084,1466488,2555744,6495
1951349,1713246,2323187,1716982,442390,6262371,930271,739653,408886,463909,1119723,2413025,6039
1322417,1552252,1955002,1742101,456470,5677723,707041,732555,503620,562684,1424533,1637754,4192
1372811,1359204,1562875,963757,228639,5175058,689251,723142,456571,516809,1486277,2525119,4876
1934594,1686711,2284503,1724833,330141,5141147,475632,521003,452080,513525,1774384,3004615,7177
1694441,1539622,1974001,1491622,353614,5578862,711554,509744,342035,382837,1065658,2444125,6241
1352922,1543658,1931238,1719356,436749,6176679,904155,957975,519752,582963,1123755,902692,3301
1311964,1485367,1623928,1016941,235253,5288632,715380,746087,491143,538609,1468738,2329034,4796
1660555,1637000,2017889,1532578,236054,4971471,267601,503332,431199,532916,1494280,2542473,6424
1595505,1628676,1964882,1521578,341501,5693309,719699,520840,430713,412633,1141300,1667800,6044
1278196,1624731,2029521,1563165,349343,6049592,716645,741108,481839,532782,876963,861794,2968
1002546,1276381,1208046,1248388,342683,5676576,696389,729284,468597,529061,1501900,1708770,3303
1876760,1828283,2362994,1507434,237255,5119631,508314,763661,489813,605062,1875283,3166787,7279
1663039,1633213,2031349,1556730,354090,5769874,710410,506561,411544,400610,1105203,1668568,6318
1280682,1473407,1977216,1508339,339235,5683917,706537,747626,487139,547656,1139412,886412,3118
989586,1240075,1608556,1264681,358775,5838740,732715,762531,474001,521568,1438988,1657736,3135
1614830,1485612,1611324,1111336,126091,5051549,538775,697215,483043,543812,1471594,2453578,6325
1914336,1797372,2378928,1790089,460991,5702237,497190,520952,431585,539253,1518973,3226917,7428
1275884,1660102,2017499,1543753,350921,5778260,715207,738362,473024,472239,748140,885285,4525
1001017,1288411,1623337,1267585,338289,5730940,696898,736464,478536,534838,1508460,1726546,3209
1616259,1425151,1615419,1274309,129782,5246902,506814,764983,490190,533083,1484086,2395903,6246
1683575,1688781,2087275,1582306,353391,4955560,485468,286752,430664,479173,1501140,2542656,6928
1594716,1784795,2340913,1767417,446073,6305742,936024,991942,477352,490242,759581,1685833,5306
967711,1273019,1634499,1300219,358796,5884281,736727,769062,485720,528787,1463736,1608883,3080
1629128,1467861,1650943,1280732,125631,5080857,484689,736021,481259,536982,1531492,2574722,6402
1615236,1649765,1984629,1522041,345927,5153952,498006,284067,426093,476284,1498069,2427991,6025
1623752,1650251,2042676,1572274,351229,5990772,713859,734939,424092,473762,754588,1629276,4786
997673,1473868,1634880,1521827,448278,6267907,911083,966585,533158,595767,1517153,1738431,3274
1607436,1558575,1928353,1256025,125275,4826161,509301,768363,499402,554564,1504557,2402831,6102
1667063,1779726,2067340,1605162,348507,5213962,495552,287214,451893,498145,1532866,2499750,6362
1656186,1764832,2032031,1573488,340406,5856434,716675,759479,479557,523546,812460,1688816,4599
1014576,1593428,1663997,1589149,354573,5952675,729567,761517,524874,572342,1142739,904998,3242
1451908,1670407,1820572,1349730,340915,6020867,710955,742295,498800,545462,1231901,2655099,5881
1356469,1845446,2496948,1864905,455447,6416866,906010,947628,585371,587972,1199344,896422,4693
1306819,1408071,1275440,1045094,232949,5748330,724952,759183,515076,574385,1551111,2447789,4684
1641721,1846050,2040745,1366474,239334,4456871,418533,478002,527799,580708,1472644,2323256,6175
1679427,1829669,2080456,1595479,347966,5880960,490732,518923,424063,532905,1253032,2610162,6269
1630455,1945481,2460686,1886416,466954,6834557,950289,989979,592379,583252,786778,904201,4775
995356,1607588,1668608,1601231,458838,6482300,907605,948835,588350,645421,1586237,1749263,3058
1586251,1703197,2006208,1286592,125639,4508676,498038,757240,510700,569062,1541177,2441531,5836
1661734,1830665,2089644,1620012,353933,5935581,499338,284089,416884,516893,1517325,2383919,5972
1672866,1714324,2027432,1552730,328885,5992944,672831,705677,450817,496617,799997,1295180,5048
1008685,1646183,1664521,1589078,350707,5942425,725291,755013,537391,598717,1195482,894024,3137
1677322,1646302,2046501,1292187,240274,5177699,715552,971873,526693,599296,1851383,3302706,6524
1626650,1597001,1980022,1518129,337802,5752162,490320,284833,375897,476194,1532049,2535136,6382
1561753,1675987,2021411,1577583,357957,5935657,734780,765680,490650,474499,744015,875155,4677
971049,1304019,1621236,1557986,350004,5670289,700112,731373,485570,542671,1507933,874418,3053
1475727,1411500,1587341,994441,150099,5115421,720098,753917,492875,539706,1518594,2449250,5101
1619213,1698171,2047502,1559377,236790,5145415,269433,515339,426623,532105,1458830,2393059,6154
1988902,1830355,2386035,1766774,445799,6236719,903791,725224,482172,476717,1117347,1712649,6253
984666,1328189,1612114,1528166,351543,5786200,734100,765733,514440,558933,1533930,898492,3236
1618503,1498216,1627787,993192,126562,5149378,722267,743195,488744,540939,1482304,2488267,6056
1886282,1828820,2372689,1777717,448395,5127505,270554,282784,492722,608402,1909160,3343210,7322
1583660,1644344,2007073,1548473,354080,5955636,727016,698072,441767,418844,887538,1556898,5593
1645722,1707840,2431901,2080628,563652,6963857,1103882,1152082,549205,601793,1493974,1029011,5037
1580702,1474547,1621404,1012522,123958,5213187,720266,755337,509835,570689,1551584,2465233,6094
1615884,1650117,2035091,1561856,347196,5270075,270109,282432,436655,545288,1452819,2372903,6360
1628190,1673459,2010949,1523480,339702,5784037,695202,728509,439951,421028,760778,1701510,6336
987841,1486691,1983388,1542289,352293,5953902,733109,763967,507014,558534,1120920,868706,2968
1613927,1438014,1607683,1091741,239811,5910960,904925,938524,538628,595515,1805888,3085809,5995
1655519,1563011,1953806,1487740,340054,5084311,276321,288628,412119,520699,1510852,2548280,6206
1663529,1570416,1982466,1504207,347772,5752427,713881,509515,347965,385773,1071468,2356336,6279
1352027,1555920,1939808,1461836,328679,5450528,665334,694432,471025,515896,733315,888449,3101
993415,1212014,1178011,1201106,345374,5641971,720294,750688,467680,512615,1466378,1687794,3210
1990023,1635153,2302768,1456943,232872,4855591,480865,725047,449717,534148,1717222,3122920,7339
1676692,1585121,1991064,1506982,323859,5654670,666377,478364,365582,401358,1121919,2282638,6213
1302024,1579124,1969883,1504996,343594,5639339,705135,737171,476530,519840,731311,881478,2939
1004248,1211353,1181204,1244688,343316,5489008,681937,705790,475473,517963,1441676,1654126,3016
1572329,1622664,1883964,1196698,113299,4176753,467900,718159,500318,549935,1485225,2400742,5778
1580806,1559295,1902487,1442291,340692,5467907,465924,251693,371619,457427,1380719,2252949,5263
1654360,1538408,2346552,1714533,439836,5949423,873564,914524,517040,534601,1099227,834827,4391
1335085,1395309,1471836,1427023,370099,6036698,873775,698160,489335,533082,1762680,2172369,4206
1561606,1569947,1890807,1167278,107940,4125631,455414,698703,475725,518498,1380687,2291596,5366
1582092,1545698,1831739,1389762,318837,5316285,439920,239694,357672,462401,1435918,2395474,5526
1521182,1564316,1847705,1427037,339035,5399621,692362,722160,472365,450335,666844,745288,3843
1222669,1230808,1485871,1443331,333008,6046069,884362,912096,536349,591147,1809679,1582640,4063
1479263,1641759,1866021,1203714,215151,4276656,454873,482021,516709,559636,1510883,2348033,5343
1535648,1722488,1962496,1531267,340990,5873538,464242,428385,411050,508299,1244522,2287799,5591
1522010,1752341,1940032,1487711,324635,5613543,653585,681660,541103,516491,746950,757133,4108
860740,1355457,1538230,1483552,327559,5716556,680882,710613,547392,590978,1507339,737046,2261
1807668,1719540,1966561,1240983,220285,5041340,675578,696468,574417,622553,1776406,3044410,7137
1544068,1713472,1958528,1500166,330226,5647823,450421,471497,410600,508313,1138605,2473099,5627
1172271,1671738,1903330,1489149,334352,5682927,678526,707187,518556,493267,729997,728763,3947
899542,1341719,1565417,1356377,331935,5569645,659030,683710,531584,571970,1458553,1434859,2617
1468913,1494233,1490794,928760,106277,4817267,679575,718495,519873,562566,1510140,2372042,5424
1536143,1594828,1853816,1425425,333929,4890976,229227,238957,426740,524079,1387268,2216444,5083
3428665,1922558,5204849,4241546,1136219,11751392,2431925,2673880,473450,500463,2477405,4051480,7583
1374653,1499596,2135216,1518445,432122,6487097,753856,793774,543824,668179,2001893,2530523,4505
1540439,1536026,1594666,1267139,110542,5139129,463613,709973,526811,567207,1441777,2344460,6175
1599725,1704675,2040318,1566050,335107,5172288,447920,263309,476358,556509,1566350,2529620,6427
1519950,1701621,1989134,1542242,338297,5846635,692416,724974,474428,443319,770215,1600693,5823
969208,1530884,2054675,1590437,462241,6415541,911995,939319,586547,645889,1529279,1690801,3285
1579226,1497560,1641207,1324465,123046,5280907,485295,759655,544682,585600,1599475,2508183,6210
1570290,1739849,2068856,1609467,348906,5429625,501670,289859,472520,515297,1479430,2374503,6282
1654636,1696428,2057222,1569817,341152,5823523,694280,722940,480284,512211,800862,1724578,5190
929028,1539062,1658403,1551006,343032,5846842,718195,748099,545290,592892,1166323,873927,3127
4916946,1652184,5292008,3598522,777240,9738569,1691178,2029238,561882,669465,4548829,9675020,10105
1656454,1609363,1990768,1490303,338773,4919536,475673,275258,427118,472001,1510852,2564794,6376
1549079,1648100,1978502,1503792,349964,5739192,718458,752094,449760,473758,743813,1609818,4434
970894,1449409,1595306,1521066,342767,5594886,686705,710835,495814,542397,1121258,868912,3167
1295320,1429107,1559867,985782,227399,5035375,707003,752066,513712,558403,1526432,2480362,4619
1932912,1782919,2387993,1798917,346475,5624093,489854,511896,457400,541560,1789424,3091551,7372
1643072,1681489,1985354,1510094,434359,6318224,872698,910326,503965,550951,1142260,2044770,4975
939975,1405723,1524117,1455915,332251,5567576,698807,731674,483861,539091,1132816,861589,2963
1601869,1672153,1992212,1238936,340188,5033574,711923,731316,557348,605343,1798379,3115303,5871
6157941,1954360,9733471,7430982,1594336,15468858,2970070,3605459,452458,667293,5604744,9716118,10510
1580348,1563108,1918050,1476261,348506,5515668,716267,512611,431821,398989,1088484,1569298,5648
1288222,1473805,1985277,1768016,463016,6158527,914920,942856,526263,578175,1429838,873138,3108
1268390,1234320,1180034,1083910,232511,5498353,716871,748347,466847,514769,1481697,2243391,4436
1632169,1595083,1984932,1241982,231498,4384214,490818,509366,473169,526703,1437362,2386141,6316
1645155,1569131,1967111,1482000,336229,5548418,479600,503970,360241,470620,1145853,2533268,6655
1300526,1580977,1925393,1480094,343295,5689078,713525,744911,482669,467315,729719,893857,4604
1307407,1255571,1578992,1241173,342371,6265210,912394,937421,530266,587400,1798102,2413250,4535
1635895,1519142,1936122,1484717,231677,4233488,269841,512957,469409,513126,1490562,2509686,6233
1631243,1559615,1922114,1469730,339458,5629664,674415,502458,349358,434725,1057149,2246567,6059
1338104,1585993,2000121,1515011,347193,5493808,693847,725287,460116,456656,717358,876178,4741
988463,1240024,1589840,1246698,342177,5632814,721142,753969,494529,545119,1509550,1642183,3044
1960631,1624836,2006497,1519118,233310,5002983,504563,753937,535785,586413,1787600,3168833,7742
1636198,1581797,1995888,1515987,343673,5688913,703359,503741,364670,396833,1138430,2584187,6388
1289559,1617356,1989679,1530387,354196,5853151,731082,761121,486988,537864,743699,876257,2966
1291762,1472433,1719364,1563942,355165,5791948,714064,948051,537256,598962,1810934,2411092,4674
1619625,1441947,1594301,1259305,125763,4939982,497659,756853,486431,534524,1531742,2547970,5945
1890838,1837881,2425487,1835918,469124,5781489,728939,517565,434585,477617,1486210,3083201,7409
2037986,1568061,2589841,1482908,331607,5873269,916309,981113,478539,537354,1236343,2076196,4623
5827877,1547975,8177400,6528161,1490024,13666831,2868014,3422632,486972,638186,5770757,10268689,7432
1634053,1506624,1940407,1201628,124719,4305323,497006,736215,443823,495882,1397264,2355527,6021
1705968,1556437,1966782,1497433,337618,5672257,478929,286282,371363,466120,1488083,2498604,6380
1628694,1471385,1867260,1432691,331442,5621389,688393,716462,388398,432742,720010,1335796,4587
1000807,1369199,1565571,1498617,464461,6190845,928792,956651,511665,572448,1440402,1667386,3134
1683263,1497071,1916314,1209779,124118,4354645,488492,745379,454428,512644,1499337,2537264,6339
1642376,1525674,1937506,1482507,345733,5509396,483889,281067,344880,445847,1415216,2335055,6366
1661546,1542490,1942845,1448319,335730,5474610,686110,716232,391444,375560,719937,1714662,6389
975023,1327176,1911919,1461156,345427,5587021,722394,753867,461077,516483,1109725,857314,2896
1678837,1344110,1568698,1136148,224673,5576637,902974,928043,500155,552637,1713034,2707296,6049
1669415,1533325,1960848,1475815,342827,4878658,270173,282437,405173,510177,1486321,2541621,6172
1645022,1547941,1950546,1491342,348537,5699239,715066,745304,411450,387653,721098,1600578,6130
1015870,1381136,2018119,1530759,350959,5637708,698904,722841,462422,512517,1081912,888506,3427
1387418,1186050,1223443,990367,235159,5844129,698077,735086,469770,528277,1487786,2417568,4992
1962151,1681371,2372242,1768848,357760,4896172,454747,518320,462619,563029,1769063,3140649,7405
1690022,1571394,1991229,1489504,337455,5536733,685741,715872,404053,386185,726492,1700622,6250
1016971,1371652,1966468,1508211,350010,5653530,731670,764158,482282,532862,1119900,857510,3022
1375486,1176887,1186648,968071,233872,5652202,706711,727750,452325,504276,1410686,2413110,4782
5608938,1842745,6777044,4548980,828400,8239336,1236558,1622282,496981,597778,3717814,8672499,10764
1600671,1557696,1990531,1531144,355441,5772656,725632,522761,360635,390444,1097541,2354342,6098
1355564,1567205,2113252,1783152,469236,6263463,925607,956659,513861,580715,1113050,890757,3254
1329104,1213950,1198324,989191,231232,5579458,714165,755345,477418,526786,1499443,2453131,4404
1687527,1550348,2008251,1254731,124745,4456044,497378,743338,470939,524114,1432395,2404289,6140
1701309,1578327,1991208,1500858,337503,5684197,480764,278618,359381,463424,1494925,2551677,6510
1635934,1578903,1986746,1525944,349663,5856461,719355,750813,491671,471644,741182,891293,4697
1381343,1156626,1574493,1492635,351455,6058421,924023,949874,499507,553515,1799460,1676366,4674
1643660,1556558,1969076,1243472,221382,4414198,480766,528274,485563,545710,1526382,2517050,6056
1637928,1581676,1986318,1542132,337315,5832521,471922,319406,380277,479920,1405180,2277229,6149
5779237,1977656,7515216,5468059,1207649,10410012,1903885,2052586,482316,519842,2470931,6774789,10148
1013307,1211584,1574848,1487290,343223,5637202,727031,759018,471135,531819,1497364,865225,2958
2003949,1570961,1991424,1249770,347349,5943619,931698,954351,578380,638592,2114647,3847030,7605
1687135,1536688,1961785,1483172,333024,5568337,479998,504267,363409,460215,1124975,2534667,6538
1349060,1516181,1950575,1482869,353135,5624798,732224,764687,462660,457059,731127,911465,4860
1028196,1194303,1587627,1403633,334083,5505252,675111,695720,450298,504721,1393590,1147034,3145
1670875,1355779,1558664,962503,124277,4869201,694861,734948,465226,524369,1493788,2490181,6110
1942693,1664600,2351036,1777347,466996,5577233,499812,521797,412145,509872,1438450,3033792,7141
1362895,1623383,2032205,1529901,347386,5683638,697695,728349,475339,465911,715251,866740,4693
1002031,1189575,1580341,1231810,342263,5578051,723179,755001,449433,505141,1487017,1658187,3080
1654206,1367450,1574572,1235903,124311,4994095,485808,730892,461550,507215,1420748,2368642,6105
1658068,1569969,1955029,1487911,324760,4942595,372578,282366,409599,519966,1476338,2462494,6548
1637615,1498133,1928211,1473824,349167,5578702,724279,755944,408806,394500,715392,1607579,5686
1025810,1398979,1982980,1503234,465269,6102166,926869,952413,503055,561515,1410761,1613575,3029
1663563,1335002,1559445,1221884,124539,4833098,485404,742416,475087,517427,1492494,2517328,6260
1641685,1543694,1988750,1530288,353147,5021811,497386,283430,419517,462980,1446665,2334803,6123
1689094,1522796,1956004,1472175,340211,5444128,683992,712556,399154,444248,718467,1702164,4865
1021832,1379044,1744456,1483401,342302,5613858,721831,753507,471038,530456,1104211,863119,3062
1666167,1338694,1593686,1348081,341094,6419024,929116,1185768,555926,612802,2076942,3721512,5908
1663902,1521601,1961493,1477532,342326,4938297,482137,279338,415627,465594,1507545,2579277,6227
1628372,1505067,1928161,1468635,347046,5590751,719259,752223,398518,439688,717304,1619924,4548
1007160,1336327,1601209,1531310,350035,5619084,706557,727666,471696,524365,1087860,858422,3064
1359105,1347389,1562394,987773,229320,4950509,692277,732982,486831,534642,1498129,2451064,4229
1946990,1766582,2387257,1811360,356284,5295879,497071,519049,465168,526550,1802137,3086598,7402
1712486,1598382,2031346,1531247,347299,5628482,696897,726963,415027,467275,725826,1673339,5020
1027237,1357206,1634410,1504379,342873,5640448,722791,755812,469093,518309,1100903,878280,3205
1357177,1336839,1573319,977026,237902,5115301,715273,735323,468625,513675,1433573,2392242,4879
1688539,1592474,1998574,1540046,231657,5159883,272083,498555,444344,558627,1537004,2492247,6296
1615942,1619080,2026093,1570465,349725,5969760,723523,518819,468270,435914,1135435,1615235,5728
1318845,1460149,1988465,1780966,463501,6330023,924370,952303,526583,583069,1425494,875510,3237
1353663,1459016,1626370,1027584,208581,5059165,679761,715540,496309,552443,1495661,2458535,4861
1654126,1598251,2019517,1561765,238613,5195688,271699,519896,447003,543989,1477344,2363996,6225
1676969,1669496,2074030,1569643,349371,5781182,705062,514723,455525,432702,1175496,1741998,6586
1273556,1470768,2006664,1543040,338838,5852732,715821,747823,520579,576320,1160072,859421,2893
1615228,1466590,1652462,1327064,242837,5863236,958627,984767,555169,612360,1827005,2389267,5912
1665256,1625315,2063105,1838423,444717,5963406,474855,499480,518033,628726,1936009,2551362,6312
1582659,1647080,2009217,1561198,340354,6017863,705924,597836,444073,432157,1027922,1578995,6211
1337000,1473482,2052069,1568980,352124,5927631,706973,728232,488401,547605,1107689,873939,3134
1322035,1235638,1245504,1299482,234797,5762793,711532,754431,501181,567080,1558592,1683705,4482
1882293,1815160,2413328,1567260,357178,5174710,489982,511640,505029,615955,1828627,3058354,7286
1658395,1632249,2056838,1569067,346213,5827456,695829,726639,440278,427059,772291,1699643,6330
990538,1464064,2021664,1550281,345065,5864635,728680,758467,511592,572317,1152388,867993,3017
1296203,1270337,1238975,1177000,225183,5925446,696320,716218,489601,543355,1438016,2049844,4605
1671649,1602506,2025741,1278459,230795,4568618,482039,506004,500922,553400,1545630,2528133,6439
1897553,1781146,2372608,1804028,462175,6543561,722261,753056,442448,487534,1131186,2370882,7340
1035747,1445446,2058950,1587734,353003,5879358,709376,730750,506611,560971,1129467,870479,3161
1337316,1226174,1236937,1012255,230671,5621321,702837,740957,507178,550145,1538127,2523793,4602
1630243,1659142,2055816,1592849,239491,4622884,269152,527941,522494,577379,1517545,2369958,6000
1671105,1674884,2090422,1577009,348086,5764108,655972,514458,397612,498309,1157319,2581237,6318
1293451,1576912,1997100,1530547,341855,5844344,724222,755723,493502,478565,774654,871812,4467
1625661,1456973,2031338,1548748,468999,6580137,957728,983422,608937,668139,2165807,3153306,6005
1657154,1608382,2018928,1540553,232708,4527659,273316,509724,492605,555918,1534533,2535846,6325
1614923,1612233,2401933,1839867,456215,6731639,937550,742240,468756,512249,1490279,2367869,5632
1359209,1596232,2016966,1546772,350668,5873339,708386,729578,484287,533433,770965,886372,3277
1005597,1255265,1324264,1289122,338607,5778802,706304,747545,500912,559776,1538175,1670987,2934
1906855,1637825,2040199,1572397,239575,5232698,498794,757229,548873,606039,1805236,3040248,7285
1700908,1642820,2056210,1565299,345931,5750481,695641,505269,379314,416699,1122853,2520586,6450
1317119,1612987,2041651,1577465,339712,5950431,718367,745710,518003,558975,775207,875637,3294
1055777,1284336,1284957,1344924,355112,6056502,726650,746988,502325,555630,1489817,1663308,3363
1687603,1661973,2061548,1292464,122517,4646719,482617,731523,509765,568059,1544322,2554080,6692
1897082,1783203,2336635,1786430,444113,6518012,686994,481462,427948,509826,1515335,2987536,7245
1357928,1611228,2069644,1596679,352869,5907727,710088,731342,507869,557734,795556,844482,2991
1011735,1253084,1244471,1292472,338927,5932764,707075,748186,515142,559848,1539543,1685746,3181
1633331,1662343,2047390,1309897,124365,4549252,496084,744295,505815,560972,1458163,2328955,6297
1669042,1669307,2046276,1556702,345031,5753932,479802,280741,397916,497092,1500687,2524288,6343
1618468,1857977,2400881,1825035,458488,6437040,945327,986945,515406,507388,769107,1663481,6041
1566158,1591080,1970912,1516993,221957,4546487,271145,519395,494909,549286,1471747,2310300,5845
1649735,1713667,2107244,1618895,357877,6036437,725704,509536,398977,433947,1136594,2448308,6200
1674200,1637480,2061529,1555042,341357,6525832,910573,966321,562173,630875,1153861,1689890,4597
1027525,1277618,1249793,1300485,349161,5985903,714237,745472,503853,558073,1482372,1610088,3267
1700694,1704798,2095136,1328413,124835,4608222,493018,730218,517281,570422,1530839,2537946,6612
1932576,1778584,2402521,1828168,448825,6507169,720305,517041,461641,502665,1570305,2499164,7486
1330271,1630488,2025503,1542401,337954,5800400,694856,724643,498312,541310,887830,872799,3271
1049935,1251372,1234667,1282992,340499,5698727,692675,723617,483889,542673,1513582,1729620,3397
1634572,1601240,2006792,1281039,125079,4599394,501950,758298,515275,565037,1532151,2434215,6052
1679907,1651180,2095186,1611220,358094,6061849,508080,287609,394674,491199,1514646,2471705,6329
1668048,1664166,2429411,1806077,444383,6546153,908586,962471,566954,572393,1172507,909628,4500
1344782,1210148,1214687,1254248,237054,5745606,714308,747442,479569,534287,1459953,1580452,4391
1754046,1593649,2035603,1299123,220671,4458958,476359,533319,488030,532088,1498140,2502803,6463
1675035,1544220,1968388,1515680,338275,5825040,493873,284130,375141,482447,1528445,2468941,5936
1736060,1659660,2050537,1572439,354387,5864297,725218,757065,498059,494987,780095,890104,4558
1371210,1270205,1627990,1530523,334319,6267478,890987,930731,538086,609867,1889683,1710737,4660
1696356,1644825,2044822,1322377,241991,4547826,502049,524143,538100,582210,1573839,2468251,6101
1679391,1535612,2013460,1539548,352326,5791798,493290,510810,353982,465218,1088677,2418351,6248
1460090,1519518,1969146,1482076,337835,5628379,697290,735188,455126,457405,735336,870591,4587
1361743,1199885,1627730,1540171,352353,6577250,938245,981562,548354,605406,1836310,1611654,4719
1712182,1327018,1553642,992882,123814,4978365,672019,695756,454517,509231,1407866,2406927,6341
1959876,1672682,2323682,1731171,449342,5589820,490509,513772,408834,526104,1522439,3295295,7263
1689798,1546386,1995344,1511099,347091,5689800,712439,732662,410890,459145,744748,1598243,4633
1074000,1356454,1598942,1521342,342356,5752126,703134,741131,486838,535168,1142954,871698,3247
1355082,1327851,1541023,1002703,234331,5310847,718069,747537,482324,538621,1457874,2336460,4446
1646856,1579864,1991210,1537752,227637,4594286,275775,511712,471678,522936,1432947,2382135,6139
2030483,1753475,2367055,1778922,449243,6277456,933285,746634,422287,466991,1147561,2543754,6264
1049296,1438748,1621717,1557973,351603,5761791,723493,755921,486747,543632,1113139,890580,3111
1460263,1507449,1652955,1034087,231510,5038842,679345,709136,506409,561927,1531416,2512210,4857
1662740,1593477,1982891,1520710,233014,5062408,273561,520851,456519,554574,1550629,2436856,5977
1683397,1686222,2042698,1568377,354846,5855001,727518,516745,451168,443961,1154020,1669931,6087
1380192,1547677,1942328,1730339,429557,6282738,873649,921974,527846,597337,1255138,864933,3057
1357478,1325621,1576587,999149,236993,5197517,722876,754283,466565,517565,1464776,2355841,4315
1715963,1539803,1993761,1536056,234268,5119018,270923,505441,413399,517205,1434006,2421788,6102
1981745,1783463,2347514,1755936,444572,5765275,704080,519864,479423,466960,1482097,2468093,7142
1382537,1361516,2015766,1543286,357324,5874312,734771,768341,470305,511792,1104776,924536,3305
1721022,1458741,1623836,1266337,231420,5844143,899956,941761,533543,601016,1865391,2554302,6339
1644772,1500292,1904365,1310247,235605,4434141,335386,469108,468296,521770,1404356,2262848,5891
1731242,1614582,2033458,1546099,350518,5824646,492469,511220,377960,489863,1123626,2449921,6213
1360212,1537453,1977884,1497860,337537,5745690,700397,740831,476304,468519,762873,892538,4602
1047796,1197233,1588608,1263853,351598,5811284,722139,753160,486349,537457,1470711,1612127,3222
1725403,1504887,1676223,1326216,126063,5152258,478622,728140,494596,551774,1491103,2493462,6342
1938464,1810905,2421034,1829551,452112,5981250,728391,534519,464162,506090,1543607,3309945,7568
1355648,1646762,2049866,1580037,350587,5912900,720417,750318,519079,510792,789488,888715,4161
1033694,1272961,1660582,1292917,345078,5778032,705160,735471,515181,560806,1570393,1710756,3123
1603212,1480984,1648212,1302152,124607,5285010,497539,755424,520413,584733,1517210,2386210,5814
1690220,1699048,2086964,1607344,353194,5425636,492822,282361,465472,504916,1479239,2408474,6194
1653343,1829576,2420997,1817612,448563,6548644,921755,975100,510541,565815,798964,1735168,4571
1030843,1315199,1263533,1315902,351697,5916836,720064,752176,523119,566441,1501429,1608100,3147
1698419,1562378,2007010,1326552,124131,4900084,485438,726338,504797,564892,1523536,2518383,6541
1630617,1662897,2010981,1554990,335564,5248954,495271,285216,477521,527922,1542553,2466533,6070
1661951,1634483,2078520,1597136,353693,6060227,721930,746905,454102,495309,792116,1625155,4625
1036394,1486326,2071488,1852410,553305,7251254,1109581,1159709,633167,694057,1926832,1727075,3138
1638330,1659578,2038722,1308092,124598,4671729,498839,755674,530514,578372,1527049,2407133,5956
1696521,1706947,2110018,1609116,355633,5952714,489428,278968,396166,506537,1498892,2483910,6274
1666140,1624019,2018099,1543152,336616,5912445,697945,741812,487100,498699,755404,979803,4801
1019092,1410874,1575268,1528164,337246,5936675,695603,726131,505116,550106,1162609,886403,3108
1367468,1472706,1647408,1034747,237470,5291046,701859,727327,502268,554726,1506269,2502350,4789
1034087,1466739,1640204,1545556,464359,6529593,928768,952605,547108,604781,1459844,1674519,3331
1662529,1633239,2029378,1276018,124899,4579274,484844,737860,500468,550439,1541845,2550152,6272
1609343,1686762,2041282,1582257,353094,6101793,498038,285042,407144,507419,1503767,2377582,5826
1702025,1805970,2094011,1615475,354288,5817533,704871,723999,521778,513556,799948,885026,4551
1009423,1448133,1568531,1493324,324819,5732310,681285,720967,497215,546697,1229195,865172,2918
1655263,1608647,2005899,1285535,237754,5255678,719531,983949,553581,598341,1813050,3068393,5815
1673206,1694308,2063760,1568974,339408,5917132,470285,280878,377744,484639,1502930,2531279,6452
1621720,1644352,2028508,1544176,347052,5878431,728858,763551,497423,486566,760988,903735,4653
1011658,1302502,1653544,1568097,351392,5929832,720921,743594,504116,554555,1474174,898920,3155
1668136,1471918,1591608,992143,122812,5277394,703465,744106,518365,555082,1554559,2582964,6219
1861849,1788208,2367435,1807953,422063,6038637,501988,362659,430421,551033,1823491,3043891,7024
2046711,1753126,2387843,1795219,447277,5815154,709564,731087,532045,535844,1075837,1567321,5948
1036521,1250925,1583362,1534515,333401,5877346,700657,741435,497304,552137,1499490,853872,3092
1685986,1406532,1618617,1012197,124291,5143752,722227,752585,472124,525114,1443239,2340969,5987
1761932,1573155,2029306,1541311,341074,5084226,271060,283393,437753,536609,1491492,2503033,6539
1779911,1715295,2355454,1762346,453286,6347293,950387,992172,473277,468185,739795,1652332,5969
1036083,1254906,1603624,1522983,348214,5804628,710602,729786,474145,534901,1429259,880539,3041
1693455,1386050,1612629,1000408,127107,5176985,704417,742806,491809,545599,1555399,2594847,6216
1686332,1554014,1945490,1505551,344321,5157476,273063,286010,438503,537422,1425080,2300861,5726
1750811,1649856,2022979,1533205,343041,5724231,685371,706210,423712,416112,737877,1682015,6458
1034017,1388597,1935323,1491822,328858,5642262,690532,728574,484019,529102,1101659,877685,3148
1691332,1404638,1609633,1201393,238949,5821136,741342,988332,543472,601594,1804782,3103477,6097
1715382,1628523,2016736,1532294,339438,5059561,276388,278664,434678,540037,1485901,2527225,6506
1630494,1584536,1978573,1515244,343044,5785697,721807,755422,428692,416592,765213,1652766,5901
1018779,1490019,2077519,1594994,350947,5931866,717201,740282,518425,567204,1134014,877286,3019
1366831,1304027,1242522,1021074,230484,5838690,688005,727525,511690,556696,1527916,2522315,4723
2184763,2029947,2766315,2068174,465398,5854380,723180,753495,507642,566242,1846413,3825548,8195
1990976,1930099,2454478,1846706,459193,5896110,705884,725432,515940,547879,1101306,2430452,6409
1317539,1617046,1994905,1548006,328086,5919468,695012,727770,520117,569316,831793,878564,3229
1026143,1303415,1275311,1321766,356769,6053257,733668,758798,513622,561092,1480818,1645802,3181
1671624,1671427,2056457,1317616,124290,4826878,481850,725685,511423,572862,1547962,2520610,6282
1884167,1864766,2404849,1840253,460370,6683967,711577,514169,468547,515138,1504739,2370900,7212
1371171,1456320,2066186,1587378,353192,5921815,708369,729744,501660,543208,1112331,875805,3205
1331765,1291152,1263373,1301112,231973,5905562,701082,740339,500398,559698,1545512,1719474,4515
1622363,1684297,2024721,1291825,166387,4703867,495292,641919,507341,552130,1438288,2260330,5991
1692446,1688847,2075047,1592880,346043,5890633,480759,280672,406811,511276,1522440,2529675,6378
1636820,1618778,2348319,1766260,448896,6406066,943977,987197,578319,560346,1148985,880618,4405
1663291,1660392,2027562,1581208,334350,5958469,488570,515365,406261,520146,1183525,2472607,6151
1308952,1649361,2036359,1568704,352415,5884464,725199,756854,506900,490056,777321,873265,4454
1065287,1454342,1701107,1342918,347657,5969482,697266,727947,552987,601493,1580766,1719487,3102
1620968,1567280,1636698,1148584,125926,5314050,578751,728406,536754,592462,1500325,2336359,5835
1736762,1798017,2109278,1627248,355935,5492738,276874,284851,485637,588023,1512258,2405099,5997
1711030,1938426,2475965,1862167,446601,6642649,908289,958769,540951,520265,816051,1747166,6462
1086638,1416624,1689137,1349119,352466,6080256,720676,754397,557414,598246,1555631,1642429,3206
2047803,1860342,2147811,1660493,234029,6209342,702192,957239,617035,610847,1588928,2529048,7888
1681068,1784902,2028592,1565557,338204,5262803,489204,284033,492536,543989,1578505,2536456,6167
1675734,1894335,2125147,1673459,357391,6187919,733714,768316,503017,488909,857380,1648155,5377
1053394,1501654,2086379,1580942,460317,6458353,917145,957157,573919,626950,1551462,1710244,3161
1630665,1523726,1636805,1287575,123400,5308221,496422,763750,529709,579186,1556697,2454270,6034
6086362,2084033,9578641,7768500,1799446,15798998,3341337,3430322,438374,609879,5433236,9147840,10479
1703324,1576822,2005482,1527090,332335,6000163,684453,721458,427422,473925,757260,1649862,4965
1039774,1429336,1589189,1517496,350573,5827295,721478,753087,478389,537964,1097071,878237,3150
1710829,1529434,1918237,1264327,237337,5328218,707484,951810,531449,587308,1819035,3257971,6249
1660839,1556196,1915968,1475694,325624,5261102,480955,282045,431775,474309,1478754,2435004,6066
1669738,1579530,1973359,1507583,347681,5761623,711500,740104,416992,464027,730041,1601179,4479
1055371,1421192,1629175,1537197,343908,5759325,690444,722728,499754,545842,1134580,881975,3192
1384223,1371214,1547059,975625,224615,5086489,687131,717753,469091,525239,1438355,2335244,4586
1729074,1606936,1994145,1263797,237365,4472822,481240,497163,474685,528023,1444742,2438918,6333
2042194,1726507,2309421,1706028,439328,6197836,694045,723156,429848,474837,1167800,2506085,7562
1282110,1401474,1923654,1493683,329613,5888126,676705,706216,495110,534298,1088332,873270,2978
1369855,1281196,1240635,1286873,238706,5850295,701952,729010,481403,535217,1471769,1671163,4671
1952341,1732151,2310205,1482076,330454,5168262,707596,522864,474133,521222,1849156,3159887,7086
1672984,1619150,1999215,1535535,342722,5989886,498245,516320,370675,469824,1074827,2328270,6110
1355195,1607348,2369288,1750743,445076,6328226,896503,937874,524285,530012,1108135,881437,4707
1323259,1213208,1189201,982232,234820,5772116,721138,754114,472947,527710,1486622,2375551,4303
1673136,1583641,1965175,1333914,238426,4494142,375836,480496,474446,525474,1417060,2358001,6269
1689875,1569894,1965631,1487697,338682,5823355,486841,512150,373279,478609,1121852,2525895,5929
4743104,1696928,6199856,4269564,896165,9614175,1624861,1762782,517547,531654,2871388,6386868,8747
3658284,1451865,5163062,3953555,978332,11216277,2402132,2846668,512658,630432,4297717,6671474,6619
1662905,1559010,1976385,1511783,235878,4488248,269424,517495,487159,527648,1525061,2494039,6033
1673169,1588357,2009582,1531451,352467,5777598,721643,514095,358579,399802,1081708,2348736,5982
1357630,1585765,1944412,1478095,319949,5756623,651470,681217,480725,468170,742309,873935,4480
1054005,1202095,1606474,1266474,352224,5842614,734621,766870,468742,523390,1486742,1632651,3076
2029482,1568408,1974739,1500840,238376,5124516,489106,721432,509013,570218,1766706,3194579,7679
1716779,1551562,1986073,1494605,341898,5739865,707129,509075,367236,405977,1147067,2558923,6127
1386279,1551085,1967665,1514101,347839,5748395,711689,740854,481576,525375,733649,869114,3069
1365843,1512534,1683175,1587860,459949,6605806,906412,942262,572915,567783,1488221,1710272,4995
1954207,1662849,2286880,1598693,231363,5961619,715307,760393,506572,562471,1940383,3266326,7591
1683051,1685220,2073823,1591972,351580,5414061,497390,281601,450841,490540,1484179,2399255,6184
1710592,1896494,2453962,1824045,449166,6701718,908193,949517,523097,567254,784675,1728498,4816
1015957,1322946,1632775,1571950,347896,6116635,714101,745685,521099,572858,1491886,854651,2874
1660098,1467820,1655847,1045137,124623,5417587,703773,724924,502719,547559,1487160,2465526,6217
1645818,1713409,2060198,1601418,341932,5563373,269112,281427,479046,587668,1579624,2541948,6096
1656827,1723064,2071395,1594438,354249,6211530,726236,737669,453939,434301,824496,1619597,6008
1341489,1512456,2083768,1871051,455363,6673070,907584,950600,565977,633395,1550290,896085,3352
1637881,1485926,1619273,1020427,122874,5376114,721804,753288,528567,583622,1533615,2439859,6080
3583390,1959640,5877280,5014791,1259463,12256838,1976480,2058881,455131,604767,2841469,4611134,8476
1726064,1814835,2146540,1643131,344093,6276552,707001,747964,508160,495277,835645,1713931,6365
1060946,1665725,2106452,1638102,353463,6285323,725582,757916,564430,617681,1189620,856685,3028
1670187,1553124,1664188,1148415,242495,5996173,877149,927354,588566,653990,1876523,3164624,6290
1701423,1664546,2056136,1588004,342207,5275036,268090,280011,490231,584999,1582502,2538249,6091
1656888,1704235,2090614,1620919,352443,6245688,724074,753739,471276,450254,794343,1621734,6152
1065571,1556107,2095026,1588516,341082,6037539,685232,713374,526128,584075,1158959,907562,3230
1336796,1342582,1286803,1052232,237777,5999604,728499,762706,516288,575125,1548561,2471405,4451
1723964,1699339,2156897,1674335,247548,4893063,276684,519134,535841,593142,1524531,2451274,6465
1967749,1884572,2411553,2094075,597359,8008204,1193483,1070218,513811,500107,1812736,3481077,7466
3936423,1587185,5291065,3575595,717799,8589938,1394751,1517699,474469,571313,3436183,6123766,6054
1428296,1264155,1244310,1025458,238408,5857445,693261,714405,489692,540638,1469584,2453007,4649
1713918,1535607,1933303,1493456,227146,4462518,269551,517699,479905,527644,1487644,2458486,6026
1677692,1609363,2008362,1534030,352077,5979135,724348,520336,375743,420779,1088000,2338056,5986
1423457,1591226,2033877,1806886,454558,6441589,904910,944514,549436,603449,1145040,883694,3316
1336990,1261833,1396439,1011753,235963,5706259,697712,730468,491706,546492,1478215,2337989,4423
1706121,1648569,2000278,1535721,237634,4505103,268148,501141,480217,540290,1425322,2365151,6081
1722819,1556578,1965417,1488991,332070,5653691,684168,496148,386835,420477,1137953,2509217,6360
1354442,1605485,1983134,1538113,351457,5724869,720910,752382,517026,564278,763998,865133,3129
1377801,1522136,1650972,1284466,351617,5695167,922176,948363,541996,608731,1825567,2442176,4625
1663356,1595387,1965187,1502114,231871,5062931,271280,517622,430260,535386,1517263,2506316,6048
1731796,1621221,2035652,1566282,353562,5978721,725698,519752,403404,437590,1126211,1778720,6196
1377814,1575379,1993481,1511491,344789,5577081,691696,722025,467007,523836,737512,879458,3126
1046603,1276236,1226916,1256015,343744,5764924,721411,750935,478504,541501,1486305,1667599,3112
2051283,1777155,2472229,1582426,239432,5193903,493311,751899,497844,596393,1828482,3214802,7772
2035273,1744564,2359765,1753467,339099,5702760,490661,733451,442710,548624,1519409,3323017,7641
1351417,1599824,1995194,1537916,355588,5934220,732001,764741,496789,480743,744174,868496,4454
1043741,1243675,1613802,1343735,349208,5705988,698477,726800,476319,532294,1488335,1588462,3101
1659086,1380381,1573705,1021842,125092,5210495,687570,727789,487836,541209,1485478,2352651,5812
1680392,1608430,2006245,1534026,351899,5021659,269958,280542,434799,532416,1436383,2354819,5931
1755506,1794905,2401857,1781269,444809,6352593,898646,939777,485199,486441,741730,1705233,6208
1104882,1260873,1649175,1310099,347276,6038184,720940,748346,515756,560818,1512833,1655078,3178
1770162,1389366,1608394,1252958,124159,5092386,481735,725671,462443,520680,1438042,2422810,6267
1688514,1625463,1983612,1505576,336914,5130105,481127,281827,436616,501759,1526184,2542560,6181
1623578,1554713,1935322,1512474,329098,5991838,676707,706905,438527,418139,758518,1556923,5684
1043264,1443910,2027989,1564905,457501,6502705,903559,938588,547333,611203,1472496,1652717,3107
1713951,1421052,1631253,1283691,125184,5230374,485162,744122,496082,562323,1515244,2455247,6341
1699043,1605338,2028140,1552283,347490,5158723,503461,276141,436758,470459,1443430,2356627,6101
1758529,1602548,1999318,1513843,340391,5760053,693745,726556,436737,481341,755709,1724926,4918
1058412,1440327,1597364,1499264,342264,5773809,714278,745116,488000,544733,1119659,864414,3045
1767075,1570905,1963875,1271945,293927,5760180,1108386,1138433,579101,644134,2144472,3142904,5734
1994758,1567958,2128519,1535186,234805,5802736,448545,707571,516731,627845,1850105,3109182,7293
1690805,1616669,2016937,1556756,351660,5811259,721952,518724,439400,422842,1097222,1607329,6061
1399826,1465522,2027659,1522770,336526,5805516,680218,708991,491375,553069,1137205,876885,3199
1360658,1222175,1234701,1259540,230202,5762537,713880,742888,492480,534431,1491759,1657794,4595
2067157,1760564,2399937,1535340,348725,5205986,495407,512135,476921,592080,1773637,3145447,7538
1718444,1631152,2008589,1518362,341694,5822104,701928,682931,449926,425695,917716,1726884,6013
1386533,1363019,2003186,1543377,354341,5970964,723491,755763,475899,529860,1117538,888622,3050
1426269,1239371,1241003,1298031,238893,5803066,704025,723518,487553,538513,1482562,1688132,4693
1680674,1661619,2028271,1279353,232019,4637031,500994,528440,510915,575141,1553085,2515285,6074
1684181,1592737,2006248,1552662,348255,5839892,487274,508191,381172,472441,1108724,2306329,5948
1404193,1654533,2440884,1809201,457952,6285356,912434,950477,549951,560383,1131448,877128,4610
1350703,1283994,1227973,1090383,232031,5678840,719853,752853,488686,546396,1512082,2312913,4417
1728449,1597371,1997602,1260340,232949,4644508,495073,511622,491290,545010,1454140,2386544,6198
1743303,1567078,1960963,1496292,333614,5805484,474528,500049,391028,496790,1166430,2497316,5989
1348798,1603798,1970675,1516729,352476,5867341,723599,755354,490761,489024,734822,850087,4257
1400561,1308389,1644698,1299381,348600,6434496,912529,938308,556382,602229,1840094,2458157,4558
1686596,1599800,1998291,1534860,236445,4556891,271610,517235,504129,559097,1550292,2539805,6106
2019858,1636505,2063845,1578573,356211,6708625,922552,745517,439520,519802,1450487,3058493,7578
1412531,1602110,2026020,1528281,333663,5743329,676136,708003,502848,490747,778247,888584,4639
1045169,1256660,1602467,1263282,347978,5856691,732906,765323,488724,546717,1515282,1656860,2940
1986481,1624335,1998225,1525832,233732,5203408,492811,738608,528434,590026,1773146,3122643,7367
1710342,1589226,2006681,1520921,341247,5779249,702540,507210,377330,411396,1154900,2529159,5846
1365138,1573955,1970267,1523192,351553,5883301,721535,753267,498540,544870,754553,862811,2997
1090106,1359633,1336480,1336106,360949,6093538,716001,733267,506209,570833,1524544,1761450,3600
1647989,1467642,1670104,1304807,124778,5363959,456713,716737,518038,579489,1514558,2394319,6238
1655268,1676527,2054855,1601598,356243,5450903,496814,283091,481561,523089,1505900,2363965,5945
1747115,1844434,2436428,1815938,453655,6453138,905326,945449,502228,561122,754700,1730846,4689
1033385,1287182,1229853,1245707,339527,5769820,713630,743021,480455,531908,1475195,1639007,2971
1743472,1643453,2060610,1308997,125253,4648514,492501,739197,506111,550871,1471527,2424943,6248
1730380,1657737,2027388,1549034,338731,5899871,482357,278636,400917,499715,1553279,2557127,6268
1632492,1608078,1956987,1511255,337474,5800762,692463,724858,430878,484230,761357,1287486,4425
1093992,1456686,1666541,1571648,467845,6439356,925811,952987,539608,595363,1495328,1688340,3340
1710782,1591279,1935294,1242752,123272,4455747,479871,740706,495783,549495,1496443,2469237,5910
1690574,1630376,2042155,1563965,353598,6049701,501625,287769,381470,489181,1471475,2364298,5995
1750284,1582480,2046274,1541813,443981,6594780,888409,931010,563454,552389,1137218,1666905,4557
1057341,1271675,1592717,1521303,343658,5855572,722336,754253,487339,552024,1502086,864542,2908
1907035,1590555,2002971,1278940,149958,5289896,712583,961314,527055,590691,1779983,3150235,6429
1711692,1567483,2006448,1525614,337101,5826469,478493,278585,396454,492083,1549508,2535879,6098
1683073,1599666,1994808,1538477,351691,5794263,719784,754724,495426,490982,750320,884206,4468
1068109,1294593,1629790,1533091,342465,5864179,683012,704432,482075,534252,1444953,886952,3241
1731773,1398736,1615128,1033078,127342,5315901,723526,763721,498766,544615,1558829,2554038,6295
2005241,1808064,2403226,1812782,461346,5956672,490828,485687,439943,545825,1537468,3046254,7361
1716434,1663836,2056947,1549269,344138,5831850,692374,722405,495994,478134,752083,887605,4895
1049274,1255374,1583099,1494109,334686,5861042,702169,729550,483062,535345,1493107,891125,3252
1745184,1549687,1715631,1063607,124552,5349599,722019,745540,530651,581584,1511730,2479589,6424
1692988,1704252,2051013,1556100,331314,5294592,268364,281527,478927,584692,1552569,2532069,6309
1620078,1707254,2049063,1596341,356636,6148844,734050,520869,417335,457506,1167774,2352255,5945
1371177,1813538,2223679,1930827,464294,6827292,919164,958159,595408,654807,1174009,878672,3075
1376596,1298048,1629143,1271414,336815,6351645,913963,960422,560540,615268,1861225,2406552,4896
1690988,1601703,2017803,1537727,238966,4653174,273480,512626,489724,534962,1473569,2390282,5864
1788742,1606685,2413047,1803716,440528,6664617,899780,719439,447643,496835,1531313,2593609,6925
1382509,1656053,2029394,1552002,348287,5963631,725552,759414,511646,570702,764140,885551,3115
1369833,1609827,1703749,1319949,351400,6014753,935803,965112,595410,648303,1885196,2508799,4749
1653402,1672618,2026685,1558927,230271,5166355,268297,511504,488108,588006,1572789,2534178,6102
1632020,1681448,2020709,1575122,340474,5970109,701595,489186,418644,441390,1141123,2159771,5961
1338185,1718218,2089722,1601705,350707,5926506,702280,732379,526418,580235,798834,884773,3189
1041873,1343230,1268678,1306953,342291,6005908,720534,754391,523671,585018,1554327,1681618,3134
2009742,1845776,2443061,1538966,240557,5198552,507004,739492,495859,614429,1809592,3140776,7741
1722761,1668280,2043478,1557568,340717,5966661,695458,506586,463656,442985,1177456,1729141,6325
1341951,1492144,2020548,1562795,347987,6119561,722830,752517,521947,570180,1139144,872434,3098
1115812,1366050,1253390,1307922,293239,5927039,680817,701956,522747,576997,1457082,1580638,3327
1656083,1673967,2036084,1313128,124489,4750587,484785,749807,528955,583544,1575848,2565051,6019
1681360,1596300,1999367,1547370,350549,5827575,492677,281490,390941,483586,1452448,2307409,5866
1709478,1708927,2433850,1808546,458857,6366594,906775,942955,544593,556215,1122338,885852,4468
1384903,1208588,1230453,1262783,232250,5793401,720891,759014,489329,538085,1524515,1695722,4752
1700515,1650567,2042790,1277901,238511,4565488,496492,511602,500786,552348,1470842,2396662,6115
1732418,1597826,1987637,1511702,339386,5754316,478344,452766,386847,494485,1289644,2539602,6034
1683241,1553709,2324669,1751085,447288,6620914,931891,974454,531874,533633,1103399,900298,4615
1411504,1261600,1645131,1570482,351404,6438217,929801,955677,551102,602727,1829117,1661923,4459
1705769,1425297,1580770,1249326,123227,5076850,489069,750281,490164,533069,1521348,2491918,6110
1719421,1635206,2030645,1561287,349930,5192453,493276,281504,449280,487824,1465850,2365160,6166
1759938,1643315,2030699,1519848,341493,5729535,696331,727172,444782,490830,765483,1734108,4999
1014811,1471123,1743066,1516219,344930,5967565,723493,755187,513281,573223,1124697,869737,2929
1752911,1411341,1666963,1310117,241689,5970619,709266,959453,541611,587719,1804484,3173881,6056
1702163,1618793,1991672,1520567,338593,5240119,483928,280988,440482,488248,1514425,2519973,6105
1682101,1635610,1987015,1529616,347733,5868861,713710,743091,440285,478860,734194,1605180,4692
1048245,1428193,1603196,1523132,347040,5749374,689252,709710,478377,531056,1110743,878955,3133
1358807,1442665,1594346,1017562,231203,5203978,709418,748740,494683,550947,1544582,2495238,4658
1991623,1779367,2411686,1813013,355994,5482360,491271,516605,459635,535846,1797108,3124557,7389
1737144,1621447,1968468,1475412,324098,5691810,662010,693016,424187,481408,756973,1554554,4861
1032636,1432751,1592528,1513021,344679,5859023,723160,754878,505898,550579,1132911,852999,2901
1364190,1404618,1613059,1002537,234044,5311518,709614,728953,491907,544741,1441329,2391389,4571
1699689,1655865,2024530,1548353,235889,5292248,268037,498646,448288,566081,1537243,2558378,6397
1650302,1610830,1983279,1528232,353278,5912582,725507,517989,425775,416382,1112972,1630279,6077
1433478,1442701,2033990,1838665,464382,6545378,915631,942687,538118,593522,1486703,916720,3271
1411109,1447264,1597337,1003228,193441,5162942,683827,723409,502253,568669,1487226,2404624,4790
1678569,1654661,2027467,1539054,239130,5225462,270240,516424,430921,531064,1439681,2367983,6021
1725042,1648916,2036964,1544176,338339,5836306,680890,490848,450779,418630,1149514,1714772,6343
1375254,1393209,1934878,1483856,330718,5809117,694773,727481,477504,534616,1115240,873800,3022
1711569,1446891,1610468,1294115,236448,5926397,932282,961900,529796,593948,1780261,2396399,5992
1719316,1620097,2017766,1529199,339871,5283606,275557,289200,433368,547670,1527137,2522287,6235
1631059,1632675,1975482,1545777,338946,5905923,694615,615319,453848,415519,978402,1530368,5902
1405202,1610384,1989100,1526023,342234,5800675,684403,716429,493323,480911,772309,872619,4645
1041488,1237835,1602617,1264792,340408,5862034,719473,753483,485552,540354,1515261,1613369,2903
2055788,1630806,2020328,1542777,234393,5255856,497557,745999,530119,591982,1764844,3113966,7377
1728123,1551088,2009258,1518202,344439,5760574,702765,503805,377973,411667,1151478,2572174,6385
1391524,1581228,1984372,1526844,353056,5841094,726053,760328,501196,549930,763916,888936,3157
1059028,1306124,1415327,1275364,351346,5739084,706480,729195,484953,541768,1461526,1684099,3283
2029860,1547620,1895379,1444056,223873,5656811,691587,725061,482992,529110,1827401,3233837,7457
1949758,1788713,2378953,1810113,468859,5852751,732437,519978,432772,473522,1486923,3068427,7138
1716799,1768689,2387467,1824667,454425,6634721,901280,941305,531780,527933,769767,892319,4599
1016493,1292728,1235078,1264916,341123,5949149,720615,756061,505734,565190,1532908,1669976,3007
1708842,1617930,2013542,1274750,123307,4611561,497435,738647,490229,522919,1434951,2367269,6144
1726899,1607049,1983128,1505998,333794,5419380,481925,281242,421888,476510,1498813,2518959,6350
1624229,1629699,1987277,1527542,351594,5854262,730661,762763,433748,486056,739284,1646317,4401
1039238,1441378,1615121,1511988,465262,6377628,927983,953997,542322,600701,1478432,1701635,3150
1703715,1569530,1970987,1271096,127393,4788025,493600,733558,493905,545949,1513775,2466758,6156
1661665,1592237,1981231,1528225,349285,5842760,488783,283897,367634,465266,1419564,2273795,5876
1733318,1661303,2004218,1516147,342698,5766062,687161,718776,479117,475161,750663,886937,4612
1113542,1479300,1667154,1576113,345302,5896576,727153,762497,525664,573899,1526605,893865,3040
1734786,1666175,2050823,1303827,224648,5320713,703945,957843,563760,619655,1811872,3091899,6307
1741080,1796478,2104120,1613215,344092,6015491,490246,282590,421972,527684,1594522,2595769,6482
1661088,1688910,2018512,1571144,343740,6113937,711683,740868,539006,517361,798240,884908,4549
1058657,1466798,1731599,1650687,358572,6108166,718123,741599,549496,601020,1562978,890375,3165
1661227,1558017,1660377,1052880,123549,5366688,711721,753972,553141,606418,1561627,2542021,5970
1912453,1860278,2395111,1834282,448695,6090216,470518,346577,471834,572578,1743547,2946911,7188
1662969,1757395,2074989,1586152,347080,5971487,696188,725793,515661,507555,790143,896476,4749
1296635,1505408,1980342,1806121,426846,6833844,899127,942322,521437,575625,1553975,1342127,4630
1660988,1547022,1685734,1055956,124728,5492554,716622,738902,531541,584514,1479446,2372965,6178
1678270,1692354,2015257,1536706,338295,5315168,270343,282632,468357,574023,1552978,2539156,6216
1610490,1696010,2015301,1567021,348019,6134563,722208,754225,470430,453399,780370,1604659,5686
994648,1556109,2039927,1753083,452477,6482189,902322,927737,560389,615988,1438616,1120565,2897
1685923,1450381,1613508,1048270,125353,5398746,715694,757882,504029,565946,1552149,2520545,5783
1686294,1654665,2033535,1571752,356079,5366130,279480,292000,434848,545728,1445601,2306484,6015
1740559,1665917,2095707,1599837,352808,5987296,701767,736157,435195,418192,772412,1719732,6521
1039654,1429512,1970041,1521030,339432,5792197,716456,753739,504769,545200,1156743,862917,2986
1689428,1410826,1607184,1257249,232517,5873087,722378,976897,532308,587229,1776650,3124952,5933
1712877,1608283,1983369,1511202,338226,5145320,428555,280561,431958,530622,1499046,2528247,6269
1648186,1679784,2021518,1567142,347592,6079145,720563,750120,453845,439003,754254,1607661,5742
1035367,1529762,2060189,1579936,351683,5966282,705064,726798,515056,558890,1114841,866736,3188
1356800,1315134,1255387,1061552,230198,5962353,700993,740335,531957,585096,1568393,2526378,4755
1944752,1953581,2468219,1889675,350364,5361761,491537,517755,533588,581284,1858429,3061548,7421
1667898,1664842,2087106,1440503,321512,5805960,647425,677815,446947,489778,774195,1617731,4764
1317630,1657989,2138176,1642251,402433,6589078,852185,893192,519343,568213,1177996,1529251,4344
1366574,1229983,1237488,926383,227101,5734644,674729,696067,479543,536696,1456497,2214001,4396
1730027,1598713,1995677,1360060,216461,4421600,268312,469706,463862,515094,1481663,2300792,6167
1927342,1834202,2414699,1663704,423665,6508096,875821,698852,456057,502922,1159304,2235245,5872
1027669,1570524,1707032,1471838,326550,5983442,658359,678641,514039,578451,1142352,874620,3052
1336572,1463036,1639157,973486,218691,5250844,653325,692192,513537,567789,1552883,2320927,4455
1635673,1679649,2080001,1458768,225378,5210562,272897,493267,480206,557533,1487284,2145339,5832
1752219,1635259,2054151,1439225,315118,5938770,629067,461480,367125,404625,1130414,2237600,6361
1324704,1695210,2044670,1441439,315989,6104371,667765,700768,531836,592601,783753,867458,2927
1370776,1407050,1615867,1151599,324667,5735428,866596,890952,528467,578145,1796707,2211557,4473
1749004,1572869,2006172,1369509,218942,5092463,270060,470104,426152,525418,1490736,2312866,6338
1674367,1609173,1988567,1388330,317237,5803769,657580,487442,439082,420136,1103719,1517508,5826
1324088,1539201,2124753,1479126,329160,5948530,663678,685991,517616,571393,1150800,893593,3219
1076007,1322467,1278833,1223152,282300,6031919,635602,670692,525330,575791,1556150,1563500,3475
1986427,1783162,2409128,1403180,225301,5191661,468835,697234,486890,585616,1816956,2803506,7127
2069458,1825427,2452771,1654176,319661,5667214,639276,668939,475362,474667,1504576,2326742,7515
1330461,1393289,1963814,1375009,305615,5751427,647726,681223,497800,547927,1143413,855716,2862
1682379,1470693,1621354,1562201,346731,6881964,941287,762349,476268,534404,1787160,2331838,6094
1747969,1599163,2000695,1258651,230876,4716985,475004,498558,492905,536154,1514253,2514251,6556
1963173,1685082,2285586,1739018,435940,6541844,685426,625271,410994,458435,1287870,2290511,7485
1381812,1480365,2020774,1551033,353374,5973742,712320,733569,482901,541650,1110570,874899,3105
1371202,1252109,1201875,1266738,236125,5920411,714497,756149,481537,538487,1508827,1680366,4559
1652005,1594516,1997330,1278123,233803,4590782,495938,518491,486035,526466,1429209,2270767,5814
1751262,1652426,2072677,1582712,348820,5956226,492452,515882,394983,482355,1122441,2532379,6433
1361764,1578814,1965575,1506811,339205,5915623,714267,747889,466232,471870,751502,875747,4611
1371856,1279960,1611060,1406983,352399,6554055,946258,977068,521487,582680,1794792,2228005,4631
1714785,1550138,1953553,1206224,225541,4543295,481986,505642,473742,517817,1496398,2505502,6341
1642426,1591930,1953532,1510629,343388,5865430,497124,519821,375459,479559,1095797,2340614,5624
1399951,1666598,2011447,1532130,342736,5881559,692039,713066,489874,483637,743444,864015,4692
1027655,1255299,1595169,1262838,337428,5838187,704824,746241,491536,534315,1505261,1686955,3006
1985881,1558346,1964667,1525961,234155,5281282,487853,742710,529814,576879,1764801,2989578,7280
1724360,1608353,2038242,1570393,347931,5968325,672873,503865,365286,450997,1105453,2534548,6352
1358083,1585221,1951900,1492290,332810,5886324,699196,732185,489696,487558,753161,867734,4426
1097980,1312582,1659822,1301464,348332,6011616,710821,733432,495188,539406,1448936,1659282,3320
2107795,1634027,1999572,1522363,224135,5995180,480420,732274,498952,620668,1902284,3365956,8239
1953475,1769853,2325630,1768288,448739,5915175,714036,517063,440026,481150,1460254,3075305,7383
1383729,1604689,2025985,1536796,352725,5901548,709576,731289,482660,531205,744369,888545,3076
1051841,1254787,1276417,1261213,331389,5748536,693393,736412,482449,533168,1497495,1664775,3137
1635881,1444478,1627411,1275476,123761,5181735,469913,725231,493318,539876,1421452,2251064,6025
1723501,1675443,2024849,1540797,346764,5232352,481303,284206,432079,481973,1485059,2539807,6359
1696727,1763495,2367737,1777428,446701,6608370,936764,981098,500023,542041,770965,1681025,4872
1040497,1223145,1211922,1232814,340360,5996275,697948,718494,476779,523267,1408034,1654580,3044
1728980,1603093,2007988,1249046,123785,4707125,491736,736683,478296,530278,1512706,2566106,6346
1665970,1606391,1989408,1528020,349014,5884036,493770,280180,373492,478279,1469433,2371302,5644
1689307,1634835,2010136,1532431,337467,5879490,679400,702610,426567,463273,735040,1386240,4742
1053589,1409462,1587624,1501366,336863,5788956,702558,741127,489047,531895,1129083,889337,3140
1665206,1390653,1600078,1242680,237359,5825545,945976,989196,536757,585844,1793794,2389089,6139
1683229,1589004,1993505,1509472,341192,5094353,269678,282361,425053,529186,1499997,2534218,6199
1636483,1574462,1970702,1507386,349900,5885904,733954,766132,423273,421008,730551,1650220,5697
1055696,1450112,2029843,1540760,352313,5881010,715118,736433,472332,529708,1083195,876215,3005
1708047,1425056,1595017,1423840,318563,5878015,676755,715768,528560,585840,1825500,2857311,5967
1995715,1774695,2409431,1565872,351291,5506511,509612,531980,485490,606038,1838544,3083965,7270
1731514,1656732,2040096,1566976,349861,6001786,699022,725283,423519,407937,736218,1695266,6428
1029096,1434499,1980236,1521540,337470,5961833,713144,754764,488965,543343,1130633,853020,2926
1380105,1240382,1215525,994505,232357,5948942,722778,754946,495468,536167,1450087,2371657,4526
1766026,1577629,1971090,1500935,223638,4676635,271298,504120,474510,529985,1467050,2464662,6159
1935839,1772231,2363569,1779147,461332,6597203,914003,766114,426326,475188,1097228,2395886,6879
1044979,1429575,2034220,1544737,349543,6105561,711194,732999,463139,516677,1065552,870978,3183
1376671,1243041,1230275,1018144,232200,6033139,700980,740005,500801,551137,1550697,2569046,4781
1660680,1545162,1957800,1520956,232839,4613213,269301,517109,491423,537072,1455068,2323686,6003
1696305,1664835,2031738,1535950,344809,5859963,691075,504293,376980,418747,1082752,2458674,6253
1336643,1553074,2057689,1726827,443589,6345400,933106,987378,523727,583368,1106565,865532,2955
1051294,1308086,1248422,1308915,345105,6035111,712555,730944,492162,547613,1423865,1607459,3228
1728682,1602802,1995395,1248952,122708,4697889,479985,722317,473271,522546,1473538,2500639,6363
1686232,1619231,2033831,1567478,353930,6068073,504342,282054,388231,482413,1506866,2417805,6010
1721206,1541757,2371894,1768694,459438,6349476,917136,942898,512040,511347,1089672,892649,4743
1068621,1285226,1628215,1538603,337186,5939757,704812,745803,496652,560290,1531145,903488,3213
2022262,1581802,2019084,1257512,228256,5273892,728650,782762,518985,586131,1811567,3104904,7694
1687335,1614809,2042849,1563901,338400,5900815,465652,295267,378522,470728,1462595,2486241,6338
1671055,1575371,1983135,1522886,341202,5902949,721233,756026,493349,482218,736305,849743,4336
1070341,1287284,1655396,1582052,356763,6142876,732285,751359,486042,542274,1445939,884272,3165
1741554,1416701,1589259,1002400,123942,5381415,675494,709813,465868,524657,1474354,2493834,6490
1979363,1745097,2374856,1787765,464810,5898985,492149,517561,422303,536608,1493454,3161154,7266
1418864,1572344,1999110,1521032,350837,5812472,707814,728544,469847,466938,758769,882006,4549
1055848,1215469,1593154,1474867,330014,5951874,686649,730407,478122,534984,1482895,1103745,3185
1692802,1413667,1602218,1012705,125359,5385441,713566,744841,459273,511229,1404348,2297621,5977
1713012,1594062,2028559,1552556,346307,5221796,266392,281018,418109,523506,1478172,2510247,6123
1656809,1709417,2344203,1762350,445843,6553234,938022,984288,486755,463403,738086,1648422,5926
1075159,1272820,1629799,1187753,328088,5898985,677340,694670,478157,523794,1419709,1625964,3231
1713725,1455742,1614761,1261706,123144,5261629,489514,735911,481378,536342,1533484,2590077,6448
1643251,1525891,1892553,1455640,330141,5154989,380581,281324,411150,520653,1400065,2266051,5812
1717584,1650446,2055327,1556190,355427,5927325,715260,738541,420747,412159,738856,1689210,6106
1043244,1400917,1968429,1494558,337550,5833528,704653,746193,465336,513809,1117094,862508,2901
1675019,1384801,1595361,1263665,238599,6011140,726497,993379,534797,584881,1801871,3023177,5694
2055533,1770273,2395048,1538791,339911,5292584,677879,496015,469214,526790,1804267,3238473,7883
1673430,1622770,2016667,1549527,342708,6016202,720564,754082,429264,486266,755929,1669225,4747
1064094,1441917,1820707,1552022,353441,6011929,725127,749208,473719,523885,1087546,871513,3140
1443284,1188853,1214543,1000192,231538,5894929,696166,731829,473698,524526,1507633,2544081,4805
1942424,1669200,2310640,1758820,348022,5245019,497368,517244,462134,513053,1823608,3100798,6770
1689289,1642844,2046184,1573648,356761,5901507,715491,737178,418520,466865,729823,1694490,4666
1013713,1406081,1595713,1506299,334328,5852004,698320,736834,466975,523788,1107900,874485,3092
1345969,1445775,1642638,1036244,247037,5478655,736194,764918,489844,532526,1476236,2348355,4535
1717299,1616247,2024632,1549963,233987,4744757,267264,503053,475849,529628,1491277,2532376,6303
1984855,1717609,2333084,1735964,448588,6436722,946623,755921,407329,463957,1131367,2432187,5969
1045587,1457312,1634928,1548407,351176,5863594,724018,746740,466431,524912,1082962,882764,3007
1399123,1420662,1629863,1008532,235820,5372377,704876,740036,485372,542200,1532400,2573159,4888
1690567,1520942,1950740,1507300,236988,5323998,271733,509746,434080,532313,1447901,2358833,5987
1731952,1610418,2031366,1548111,351921,5998866,707790,501952,418887,413248,1099516,1657524,6082
1349742,1444360,1948015,1733945,441162,6435329,912433,967065,517063,575450,1441929,863075,2951
1366141,1269299,1240956,1271307,223727,6039335,692587,725071,492261,550343,1407038,1680276,4575
1752048,1594551,2029447,1240077,311435,5280280,654350,682598,525779,584029,1825810,3243726,6235
1691858,1611268,2037597,1562794,345710,6138580,501257,526957,397574,492926,1157435,2463716,6104
1349132,1576694,2011899,1542407,343666,5989323,695894,716704,476312,465965,742103,875774,4583
1023975,1274889,1638511,1292457,336027,5929698,695234,737879,504093,565039,1531844,1689880,2911
1935130,1687671,2034460,1559772,238255,5368290,500560,756193,579406,619192,1841971,3078206,6999
1633077,1702050,2053846,1596788,340382,6133601,554888,511178,385970,491186,1099179,2441597,6364
1305175,1679687,2005361,1560391,337533,5991573,712280,755847,516047,502701,769320,861221,4440
1033756,1292724,1682781,1336958,359120,6162418,735710,769489,515000,567569,1493921,1628700,3324
1679694,1547413,1703357,1332372,124224,5411254,474778,726198,524641,577765,1564566,2545297,6512
1917279,1856873,2410905,1833709,456253,6143844,721131,517300,452838,499938,1513884,3171937,7207
1377243,1798944,2122076,1651596,353496,6142958,716007,739194,541914,585566,815028,883325,3173
1016416,1347674,1511500,1310247,325855,6119090,674570,711996,516311,573396,1511535,1717080,3066
1604401,1517409,1667170,1331652,124357,5462096,498090,755371,524304,577705,1495916,2352322,6015
1709844,1802225,2123441,1637853,356169,5399401,495884,285781,478483,521192,1575537,2542600,6189
1615197,1883100,2399646,1828877,449902,6666677,945630,1003828,520975,578224,776599,1674379,4388
1281048,1501712,1657063,1583884,470377,6776396,958444,997863,499257,546790,1449181,2351938,4016
1688582,1700236,2075524,1310859,123258,4716130,483303,725746,509766,566113,1534848,2538800,6309
1916390,2060956,2550249,1985237,663598,8779420,1195214,995779,810513,783536,2374534,3911345,7246
1688604,1691832,2106305,1626258,352978,6209900,719461,743224,442059,493272,784339,1684753,4883
1019773,1546787,1664830,1576791,336532,6070875,698847,736951,513394,575429,1158696,888866,3039
1609756,1492614,1672569,1290948,236400,5941948,952941,995234,569183,625262,1844276,2334462,5918
1719584,1763095,2103417,1600944,344474,5299969,270741,283039,472693,583506,1541060,2554008,6373
1620793,1647441,2037331,1575657,342035,6030865,727902,758236,461443,437565,781414,1640856,5833
1151091,1442456,2058522,1584304,352552,5974758,725496,743297,476775,528139,1103863,883783,3019
1413961,1249016,1215007,1204025,215638,5749391,673279,713365,463789,527388,1469192,1788253,5189
1976585,1767342,2397386,1549916,351763,5205328,498305,520752,475694,597522,1854222,3124684,7184
1729632,1682639,2095574,1626007,345842,6145237,698031,722369,452852,425506,774343,1702739,6581
1004260,1537242,2042272,1576387,336360,6087544,709442,751444,521648,577410,1153941,869029,3041
1342338,1299842,1250260,1058204,239745,6120471,728114,759002,491842,543736,1479090,2330256,4437
1696228,1718519,2101745,1541014,234069,4673861,285179,501759,513921,568879,1530486,2534733,6305
1904256,1872707,2412544,1835798,440407,6717907,743576,768665,448119,493070,1125025,2377876,7371
1048608,1541860,2121086,1645402,351596,6237412,724449,742905,530566,578801,1145597,898628,3194
1330284,1344437,1254252,1037812,228359,6000046,687142,727711,525256,580493,1562591,2537056,4898
1632087,1700706,2036094,1576634,235995,4675658,270220,518930,519489,569919,1504931,2378341,5933
1702470,1618194,2052740,1867847,451731,6849716,910438,713001,452946,493730,1498859,2498168,6058
1336352,1697298,2327234,1824528,430550,6704002,906408,961866,584831,644213,1140882,879889,3230
1343198,1354825,1266382,1046494,236832,6088593,736611,771720,519256,564880,1500114,2372736,4533
1681415,1681237,2059519,1578165,233554,4697827,272747,507894,493372,549303,1526490,2540124,6344
1613432,1699023,2035194,1571359,338262,6093165,718752,512494,389456,425938,1170741,2399286,5839
1327918,1724105,2090121,1617343,351393,6051880,726258,747239,508869,560704,772117,880976,3185
1030676,1258918,1218042,1267191,336174,5887562,697977,737119,503739,553132,1539806,1698575,3122
1948540,1750453,2340742,1511228,218061,4830021,500706,763300,545201,613639,1823016,3025672,7164
1715210,1603612,2040935,1576745,353297,5961875,712260,517992,372590,411478,1095581,2463372,6156
1378160,1599089,1979475,1511344,336394,5840101,706775,750391,472700,530365,736743,857147,2957
1044500,1236274,1226806,1292872,352190,5972204,728973,761031,484447,524648,1458316,1626213,3306
1729810,1609251,2035721,1274673,123392,4600447,481733,722753,477118,526064,1509896,2537664,6364
1979566,1793383,2379752,1791868,449518,6444644,721470,517697,424732,472954,1516305,2460489,7501
1337870,1709925,2090252,1596482,350212,5999373,726462,745592,511923,566512,1002328,893634,3181
1031150,1301119,1238220,1302157,335048,6053372,697466,738932,522358,574008,1564214,1725312,3154
1604913,1711896,2043468,1311341,124389,4826364,500209,759117,526378,579431,1529016,2348478,5649
1707969,1741864,2492479,1893524,457679,6766971,695754,491122,453254,562771,1856401,2464344,6332
1667546,1702807,2444227,1868419,438016,6915686,927520,984161,581109,583086,1177514,913706,4818
1343921,1355222,1291967,1353251,238905,6132047,727053,763405,514501,563657,1507274,1625946,4632
1698928,1697728,2088633,1311335,220942,4651542,482730,527384,507297,563817,1547275,2559074,6580
1622845,1679843,2031033,1570775,344634,6104754,509162,285928,392021,502191,1551009,2469532,6043
1664032,1684194,2077085,1620902,351737,6289567,727547,747160,509392,504165,791803,872142,4533
1310035,1351431,1656622,1577782,336927,6522081,908255,961126,569104,632761,1944038,1690257,4509
1630639,1501142,1672634,1333180,127621,5611939,492834,753036,531228,578828,1521469,2337687,6162
1696243,1718787,2116461,1628363,349198,5472470,487895,283755,455093,503560,1541081,2525993,6636
1613970,1661379,2016968,1547974,338267,5900581,718975,760075,447953,470529,762825,1648021,4782
1032940,1552566,2011676,1575434,336760,6015327,697745,724077,503935,554737,1076028,871643,3088
1341385,1281599,1232116,1020647,232917,5941313,698935,728138,509102,562799,1550135,2522548,4491
1928947,1838557,2419075,1577462,237440,5316126,495837,753204,510672,626326,1869184,3103672,7170
1681320,1731807,2091604,1618780,346291,6073068,693042,501836,463626,443178,1153944,1661432,6266
1321379,1548141,2027192,1567425,336035,5970427,712337,754202,515713,570888,1155588,881632,3080
1574585,1311341,1254205,1323214,245113,6689367,952003,996247,568992,625342,1851347,2356355,5383
1640742,1686619,2030731,1262312,151818,4560182,485444,644595,501801,553066,1501487,2449922,6406
2226943,2046791,2781582,2086591,553198,7386903,942184,746279,529110,573789,1532108,2408286,7086
1322178,1553200,2077038,1625007,353982,6198045,730657,752457,516036,574100,1145310,872744,2974
1333437,1317856,1242228,1283932,224717,6009035,691727,731570,524255,579307,1547089,1722102,4702
1604395,1649111,2026748,1304602,237944,4742708,498650,520974,522249,574076,1522379,2341688,5708
1676744,1763494,2098774,1610560,351204,6024907,484563,499949,412861,513961,1146889,2476166,6301
1507866,1644035,2381200,1819983,435088,6583959,919531,975309,576126,588302,1197049,864423,4523
1334225,1339512,1261337,1308666,238389,5999446,729068,761218,513700,554260,1467622,1628758,4600
1685613,1705874,2088825,1299216,236380,4692241,492324,512474,501685,556313,1566094,2599686,6303
1619489,1750989,2058269,1592655,343975,6146815,502520,525151,407840,513368,1169185,2425539,5888
1386921,1712939,2087627,1614434,350639,6070636,719797,743484,504012,492738,773562,883429,4642
1018077,1335841,1655943,1298918,334718,5928494,697061,735886,511969,569486,1551438,1716798,3273
1913527,1678804,2032649,1448598,237458,5297884,535367,756578,566197,630385,1880397,3091503,6931
1693073,1757919,2102511,1615634,351307,5880241,485156,505282,413840,514955,1172007,2506178,6270
1322991,1653278,1975216,1513515,335856,5794967,714380,756468,491537,474254,749838,868310,4523
1019072,1199205,1586076,1270441,350359,5952824,726915,759887,481460,532051,1465768,1593806,2982
1719406,1413672,1625415,1263469,125061,5134975,468496,712676,464151,520489,1475769,2475524,6302
2278845,1940525,2727600,2046184,553049,6536041,940582,744314,501199,489069,1518173,3184588,8527
1374006,1655528,2043622,1564200,347865,5981524,717180,738578,480207,488711,730353,874975,3491
1046881,1419767,1574429,1493317,325974,5845004,677659,717475,476710,536090,1157649,919727,3088
1355030,1449726,1617651,995675,233220,5193217,717225,750573,483733,532702,1441878,2296401,4638
1717304,1628169,2037182,1551443,234846,5121855,266672,503328,428852,541627,1522133,2543132,6392
1987720,1753011,2334389,1775662,438098,6408265,925692,756979,496141,480085,1116269,1608089,5900
1022040,1243101,1614475,1524859,349098,5781442,726269,754989,468936,523325,1450528,884863,3033
1675972,1446173,1609055,978467,128943,5131194,697546,729865,486760,540440,1519657,2542061,6067
1675813,1564258,1974472,1521815,256350,5324198,270808,450364,424906,536517,1463533,2341498,6048
1756455,1648551,2030102,1556994,347642,5843972,706184,507402,426380,405098,1097907,1639266,6311
1381122,1467300,1961962,1745469,426816,6339757,891292,942990,557424,614077,1518384,909411,3094
1719799,1600979,1661487,1046539,128012,5408294,730428,761045,519917,563666,1511015,2358515,5828
1734406,1601919,1995104,1527925,337977,5045941,265243,282075,423396,521615,1474105,2457896,6120
1680941,1651118,2018387,1552543,338177,6006264,719337,755324,438636,426683,774931,1664386,6001
1319325,1570378,2026167,1573729,328060,5957760,679044,707178,522727,563569,1148339,907713,3188
1425435,1372131,1254794,1296433,233597,5790570,700154,733790,520311,575207,1578133,1726620,4788
2010146,1817690,2338501,1531603,343462,5265541,490302,513694,488688,604694,1848746,3105093,7070
2100231,1876679,2445114,1849860,454095,6496600,900960,503440,387138,426852,1496185,3227594,7588
1354466,1646773,2029030,1578625,339756,6066658,714521,756645,512557,564579,785998,900247,3093
1041423,1311954,1268683,1346333,352136,6215352,728449,760937,519990,560553,1487108,1621559,3051
1650209,1590732,1827795,1304123,123193,5193413,456197,707744,511885,567698,1513883,2481387,6543
1935831,1847214,2418851,1831503,452321,6080205,721213,517295,445968,498453,1543291,3213033,7565
1360612,1765200,2140064,1667425,352276,6293989,723208,747388,540172,571227,779968,885956,3415
986848,1570042,1697149,1602121,443726,6909940,918072,975434,592794,655512,1548402,1697338,2891
1643036,1682203,2030578,1295506,124373,4772340,501625,763820,505192,567460,1516931,2392583,5900
1701972,1695908,2063290,1604833,352573,5926958,486581,281562,397549,487924,1515256,2499532,6343
1621011,1861689,2420137,1845047,447275,6665342,944379,999804,516816,573301,773535,1064692,4464
1043467,1370794,1272814,1321207,350017,6105185,723935,758479,520481,562678,1481091,1618846,3194
1703118,1735041,2115102,1312069,122646,4647587,494977,739048,504574,563139,1587171,2617025,6700
1623130,1670978,2007855,1550381,337201,5948129,487556,281535,399818,492864,1532505,2416961,6086
1654353,1756522,2083000,1602503,350794,6036394,722412,744240,519090,514935,784027,892508,4594
1205476,1338877,1623053,1545197,347171,6485465,911152,966175,568861,628314,1937973,1704875,3812
1890217,1891283,2423926,1585902,241967,5483639,725260,985278,583595,645333,1528946,2339429,5513
1701703,1728286,2061744,1585060,352567,5972218,489414,281848,403405,504204,1477743,2450218,6035
1983108,1865352,2375305,1813070,432739,6633125,720894,757310,496328,556750,1133830,1608480,5841
1017791,1361987,1688258,1603802,349552,6219788,718846,750070,519463,574610,1502066,929612,3334
1701295,1520490,1661268,1037144,124462,5355558,698693,731222,501884,559155,1529617,2553412,6356
1963799,1832652,2361904,1780068,450452,5892725,498258,502074,467694,561719,1577283,3200737,7298
1628495,1685006,2025686,1568462,341468,6090357,707569,724478,509618,496523,780007,862948,4560
1005510,1359648,1642862,1560536,337478,5959630,699346,738299,516748,574223,1551168,906386,3235
1625599,1495302,1639465,1035902,125075,5329945,722599,756628,510970,560714,1522007,2378415,5855
1717931,1765345,2108956,1620000,345319,5335503,267043,281462,469414,574163,1520880,2495359,6609
1663974,1866149,2457264,1848129,449558,6627140,942975,1000652,517981,489380,771335,1705777,6192
1025447,1259009,1584020,1260438,339542,5789167,701520,732750,483783,521644,1420629,1570923,3125
1681429,1385822,1564344,1047564,121916,5112753,574915,686321,477810,526664,1442862,2432789,6133
1656282,1576318,1983966,1507280,334556,5066503,261273,274579,436758,534955,1494457,2422927,5901
1724434,1623540,2054875,1557076,348196,5802054,709140,502165,376064,406568,1101803,2464671,6056
1341505,1609862,1985931,1764693,435037,6350803,905997,960240,559887,610935,1103308,872277,2995
1315710,1456106,1577324,985405,233003,5178464,706288,734398,496981,529752,1435318,2290323,4281
1636426,1646976,1998192,1535980,228689,5018894,252238,488046,431568,527644,1483698,2502099,6020
1884869,1808603,2247047,1703464,409044,5636443,661700,469973,456910,493939,1471675,2595435,6909
1260945,1637615,1944207,1486774,342371,5656989,708289,736480,487235,524874,721797,815888,2525
948861,1263882,1127512,1195205,325198,5571997,667377,698006,492420,540354,1489522,1609907,2521
1841788,1807239,2251228,1476407,228551,4841946,473770,732406,494325,612027,1842500,3062515,6339
1611445,1620351,1880962,1444962,330769,5531274,670846,470245,418513,410255,1049914,1530539,5588
1253069,1420024,1873852,1437188,320365,5497679,666641,703612,491409,542722,1080131,801226,2447
1149324,1261644,1121716,1192431,243996,5311553,694584,728864,485566,516626,1413753,1501584,3080
1662530,1515086,1876498,1168153,108317,4039595,453947,697782,473561,509203,1440430,2407698,5639
1880824,1752232,2240031,1690969,429914,6035021,685723,489428,437277,480059,1506585,2364169,6629
1236795,1419826,1917562,1486281,335530,5544864,688715,714789,497251,534684,1056273,752453,2373
1289895,1220729,1077406,1172000,216201,5447665,650738,678317,494265,535258,1461954,1546263,4069
1550632,1440495,1491406,1182824,107389,4822090,466821,727761,499604,547185,1458661,2274909,5264
1582607,1582482,1892377,1447088,332528,4629061,426211,239023,431297,509342,1445261,2358807,5497
1559298,1761395,2203919,1683146,425010,6006323,896348,951344,493834,476948,715907,1549212,5217
929736,1260253,1479412,1185794,325756,5478328,667499,697563,494148,531969,1385595,1451746,2399
1592156,1421270,1487318,1168025,105915,4793453,435596,678314,488969,531966,1450952,2369286,5525
1515214,1627864,1842405,1420842,321295,4766111,461966,244323,444643,482902,1456213,2251453,5068
1860743,1828028,2283619,1454332,339515,5495619,887961,911859,486520,535921,1018784,2182275,5287
938592,1427456,1529873,1465702,424684,6234356,868840,920178,545341,609099,1502704,1585317,2597
1580582,1432927,1564136,1190717,107013,4741223,427300,683980,499464,541467,1402877,2162926,5458
1617426,1583311,1888832,1448692,325385,4685807,433420,234798,439804,471858,1413617,2333244,5906
1547994,1618460,1853564,1444458,317364,5534253,669295,709004,467745,498823,722052,1525509,3812
916851,1395072,1445785,1439782,322752,5487306,664810,693742,484549,522533,1044032,716441,2310
1259100,1429538,1493211,894671,216737,4847981,658236,687432,487940,533550,1465300,2384982,3963
1830520,1798498,2245865,1714926,326810,5583250,453593,482123,443681,555253,1859133,3062766,6614
1596338,1652490,1921833,1483478,320166,5677871,655201,674576,438717,479464,710298,1138863,4069
1009254,1428463,1582416,1505140,328823,5777618,681551,724568,495779,553891,1127953,865452,3145
1334696,1457433,1599522,993718,232678,5351462,722858,754232,512680,568416,1495137,2353780,4457
1694095,1636788,2017350,1562250,236016,5236162,263439,498455,449750,548933,1485752,2457019,6294
1979464,1797182,2384031,1806168,442453,6539649,933339,753797,508638,495628,1143389,1674033,6096
1022298,1234688,1615688,1591489,354248,5985783,732986,765478,500065,538336,1465741,862562,3295
1517258,1464484,1640332,1015152,158417,5180425,670344,698774,485744,530213,1463889,2442697,5161
1905101,1634970,2295048,1711942,341804,5228321,270879,521406,427498,552179,1830238,3162379,7002
1692180,1642714,2078633,1585243,351273,5990078,725474,511029,437720,420594,1117019,1673159,6389
1702911,1474218,2033676,1805872,441913,7125276,1109231,1173656,620165,690042,1896219,1662912,4502
1695163,1452547,1639955,1041540,125455,5401013,720025,750111,505209,540456,1467039,2341504,5968
1698177,1602316,2047665,1571277,349049,5174370,268182,280075,447770,541422,1499560,2460527,6437
1667111,1599951,1993012,1535012,329385,5831063,696059,698763,442576,412030,887738,1689718,6163
1315154,1429943,1943921,1516641,332023,5780846,688607,720462,475518,521502,1051555,863212,3156
1655725,1430799,1598327,1265799,228762,5698378,892590,930074,559434,607962,1885418,2467177,6157
1624044,1622806,1962166,1514645,224967,4442057,258616,494192,507672,554175,1477329,2345225,5969
1740564,1558047,1987401,1526587,338709,5715947,465008,275462,378720,467073,1444627,2400797,6222
1659352,1616958,1992927,1544918,327044,5834922,694697,737140,501235,494927,777167,856569,4539
1009391,1354569,1579110,1519233,336075,5713781,697340,728242,498900,525914,1339886,842567,3016
1405999,1429502,1612978,993117,216935,5064431,664768,693559,478442,524377,1465545,2433049,5057
1932370,1721251,2332821,1750494,339272,5646974,490607,514502,423136,533372,1892160,3185715,7386
1636177,1644413,2009859,1533873,339325,5870653,704220,726129,495967,483173,730190,854655,4786
988054,1238407,1607383,1507484,336828,5780667,697767,738845,484038,541880,1518025,880084,3020
1591276,1411071,1597461,985629,125829,5217977,728698,758518,504215,549579,1486142,2352468,5718
1706872,1547687,2010844,1545358,341851,5109311,265601,292596,425166,520241,1467691,2469532,6097
1934872,1785216,2314464,2005093,523854,6962672,1102561,1016273,536932,534328,1379918,1602529,6160
1019016,1271942,1621233,1558771,350058,5911102,723129,757888,486988,544904,1467161,896665,3251
1682769,1394003,1562547,952510,123383,5099065,682678,714521,473789,525972,1485607,2522640,6558
1672357,1532226,1934055,1474323,336444,5072067,272149,284343,431977,515875,1481965,2410398,6069
1669056,1606826,1994564,1542521,346637,5753055,714753,734644,407522,390651,738346,1644524,6040
1095732,1377022,1969123,1660740,420231,6278589,861703,913569,523740,594233,1445867,1203561,2929
1351211,1246423,1198240,984002,237464,5691646,718183,750828,473317,510856,1418985,2275673,4432
1716608,1590556,1989296,1522053,234606,4402056,269302,497793,483267,523889,1477831,2479095,6226
1687820,1576042,2003435,1540921,338062,5874494,719880,519093,373073,414303,1143262,2431710,6340
1364388,1598169,2008654,1545377,346772,5874419,718077,746899,487905,535916,747007,877038,3153
1009968,1262276,1193128,1253971,335524,5663754,688841,721065,469175,523715,1494851,1675784,3156
1893739,1796428,2297504,1479387,220259,4539991,497976,756486,534902,597259,1821117,3037977,6874
1711517,1613332,2001113,1522299,346346,5814990,703682,498179,377852,416881,1088833,2401951,6038
1363920,1557836,1957085,1478225,337932,5631493,703961,743563,477191,533896,736388,889117,3149
1037367,1256543,1214754,1263994,345327,5787759,714471,747235,489869,529286,1463659,1622271,3298
1663484,1681038,2051503,1294700,122093,4496959,481121,728388,498360,549905,1519290,2545459,6439
1932171,1844104,2383151,1789049,444945,6300519,720286,519909,446992,487647,1532008,2467888,7399
1316680,1793564,2409182,1826882,455194,6673492,938808,974693,550506,605670,1042096,880800,3097
1012343,1343361,1253675,1306413,342757,5932217,702483,734138,502889,562967,1560597,1716788,3204
1624018,1671404,2008614,1289068,126212,4638988,500416,759066,513975,571725,1524904,2401638,5926
1684166,1769205,2105751,1623259,351398,6123652,492363,279816,417361,514199,1516557,2454278,6434
1650567,1705966,2420264,1816076,439485,6560676,913332,969105,572792,571620,1167508,893368,4773
1329671,1339842,1275643,1336247,237056,6037447,723189,759279,527284,573444,1500536,1610306,4721
1688965,1727925,2063456,1289888,209500,4572477,483668,548891,504006,554279,1527184,2545629,6531
1647069,1663859,1998492,1556866,334323,5981730,487168,290125,396175,499925,1541127,2455023,6194
1630983,1654334,2071608,1599182,353316,6084689,732944,760688,499503,492711,771724,889988,4671
1338482,1295173,1643943,1557282,338271,6437438,909518,954497,554264,616392,1933393,1715517,4768
1594002,1631152,1966705,1256213,233900,4579215,488055,508543,503893,552271,1519155,2362479,5888
1622094,1705412,2056932,1575858,352006,5819623,492545,510521,389893,490608,1133335,2444975,6222
1378544,1634193,2027678,1549961,337681,5868156,709132,751410,517637,509033,779760,889452,4713
990199,1325334,1626570,1496326,336796,5927732,698147,728699,504961,546845,1439702,1009691,3009
1647490,1516851,1657892,1036581,123906,5200251,698851,729601,488357,543455,1505264,2513342,6386
1922508,1834452,2754464,2054558,554522,6362154,720893,755889,502818,620862,1924527,3231034,7321
1285998,1685035,2050939,1579930,347093,5951653,716342,741856,502786,483554,763609,879875,4705
1033531,1495474,2055565,1569446,445124,6455656,903740,945940,548185,614216,1516341,1738737,3396
1622508,1463989,1631240,1295867,124512,5326578,500701,763784,489918,553217,1533717,2419822,6136
1663381,1638773,2008644,1531522,336887,5184638,347941,283508,417168,526041,1429964,2385137,6456
1634387,1905611,2421738,1823047,443308,6492039,925618,983575,503325,492675,785232,1736208,6077
984546,1307911,1624962,1295738,349976,5947137,726271,759300,490813,538740,1463186,1580159,3012
1679755,1490958,1644649,1298092,122862,5192656,483801,729834,499754,558614,1511889,2533703,6470
1610550,1698503,2044261,1577741,343794,5166835,505889,281848,456033,497587,1566734,2467361,5935
1655698,1655174,2082360,1604253,353950,6070978,730837,756044,438352,484796,761326,1636557,4790
1019054,1487068,1889162,1547316,439373,6370227,894391,937064,550383,614062,1493443,1734986,3291
1586893,1460379,1623174,1274794,124026,5262188,502182,763110,505027,561863,1526331,2387689,5946
1675679,1646064,2052768,1564060,355618,5174493,492472,279998,439440,481754,1484359,2478297,6028
1627948,1667986,2022097,1542367,337310,5772293,705065,745105,433692,480517,748399,1717405,4679
1001615,1522331,1639083,1576425,350591,5921312,723047,757372,504581,551453,1105498,861954,3090
1341056,1473696,1649090,1009820,233838,5099237,694718,725071,480050,538721,1509980,2529554,4883
1894560,1761698,2349141,1779451,324346,5199898,492222,530432,489117,553212,1908493,3171390,7253
1625783,1631649,2041802,1574095,348999,5876302,725837,754461,434558,479326,751101,1619211,4695
1329962,1640782,2015879,1799455,439866,6515423,897814,941301,550933,607031,1151981,902194,3302
1288187,1434313,1577603,989478,235687,5305171,728846,759468,477236,530094,1493436,2382359,4270
1629981,1667143,2058900,1580019,240263,5247502,271521,499626,429454,538752,1470264,2429868,6355
1996072,1781107,2383088,1768775,448990,6423272,937348,751198,481855,475460,1145580,1749700,6125
993939,1464127,1644032,1574685,351443,5953846,726757,756781,509439,561072,1410249,868896,3197
1325768,1455998,1625412,1003370,218983,5101284,676374,706200,484014,537253,1486292,2443608,4836
1629070,1672689,2043114,1573431,235824,5224526,266046,517535,461901,578724,1577247,2488846,6109
1630915,1692595,2069169,1583656,349651,5863685,724478,517341,443605,421805,1113314,1630414,6174
1336196,1449962,2016340,1802103,442692,6546803,907369,947930,533080,594524,1541758,916499,3192
1603206,1468851,1617903,1016524,123008,5209076,726384,762019,492651,551714,1500618,2390578,5881
1643860,1639256,2047255,1572243,346733,5158453,266536,284838,432341,540150,1478564,2435552,6228
1601425,1685591,1993992,1525142,321719,5809080,673870,556663,439240,415622,1034321,1620125,6208
1280642,1438102,2016649,1559340,349212,5894243,723247,755933,498157,549605,1117976,870556,3188
1643116,1553983,1656292,1308524,233425,5912520,902550,941783,563361,625681,1896085,2505377,6348
1598225,1612936,1969896,1516214,337310,5172965,266018,280711,437464,551486,1533735,2446936,5857
1621809,1586625,2004092,1553386,346098,5956217,716573,743252,433450,418841,768202,1604473,5803
978852,1478361,2043793,1554810,338823,5825744,695272,727569,489132,550956,1136087,858669,3050
1616036,1467317,1602152,1498880,322774,6727617,918912,959716,581368,589196,1486403,1762005,4874
1678108,1671930,2054986,1298730,237879,4462624,489683,505396,481354,536379,1475304,2447804,6354
1948035,1865147,2411515,1811325,446143,6545486,709768,752117,446967,493896,1151861,2563282,7656
1002882,1425037,2030466,1568444,350105,5979382,726735,758760,492495,540361,1124836,872133,3272
1325910,1291238,1229461,998898,234508,5822450,697725,728970,483635,541904,1514159,2539528,4752
1591758,1604097,1991192,1535638,234648,4460032,267146,517644,494152,545075,1549709,2457695,5906
1566501,1662815,2017040,1545427,336453,5932787,623074,518979,361178,463103,1059359,2273068,5864
1332629,1641049,2413915,1806105,449314,6346456,914554,957503,530943,540191,1139059,891444,4705
1339593,1420034,1299601,1077978,239222,6079141,734183,766854,540503,590727,1576086,2424370,4875
1707696,1780553,2112397,1633491,238859,4542571,271753,513406,503408,558131,1525187,2455657,6262
1676636,1745682,2044617,1561250,339066,5796246,709216,516634,397545,432213,1187827,2546403,6154
1308174,1680515,2030842,1567866,350641,5955488,725790,756599,509012,558962,775731,884716,3271
1295147,1284142,1371330,1286112,346518,6393185,910816,949522,536975,593282,1886138,2516052,4593
1602489,1606158,2000090,1539526,231652,4624290,266068,518812,486334,546758,1536094,2460927,5889
1671118,1604911,2034380,1546074,349376,5829235,723935,517215,357611,396088,1090664,2373649,6283
1644493,1881063,2437301,1818346,441877,6443899,901523,943363,545046,544150,772256,903755,4722
1298994,1452987,1572290,1525732,444484,6564223,930519,972681,548705,536698,1512298,1649654,4589
1650792,1690003,2048620,1300137,124632,4566746,493992,738492,490341,547937,1483180,2466576,6120
1937002,1736999,2380346,1771122,448456,6147645,717468,526943,412825,456784,1500794,3359903,7439
1302087,1639248,2062046,1592980,353706,6016640,730018,761292,495608,551163,762888,895198,3279
1001640,1205669,1198981,1285795,347540,5782022,700799,731271,488960,542062,1518474,1695550,3298
1602393,1663094,2018052,1289997,124005,4558921,496582,748756,499949,551321,1528514,2445910,6151
1602349,1619158,2015543,1538136,351998,5774511,495861,278219,348968,453774,1446902,2392283,5957
1653219,1692082,2437442,1807042,451287,6178477,917150,963864,519813,519884,1105197,899588,4820
1026358,1294106,1219845,1261013,344980,5874734,728406,762279,488840,548509,1504857,1653392,3311
1670086,1662068,2059025,1308306,123225,4556002,494620,741394,494167,545163,1501244,2463597,6333
1608967,1627256,1998199,1525267,337130,5709261,486323,281165,361659,477033,1533410,2524654,6044
1617645,1637276,2023606,1565883,345008,5930922,715961,749942,481464,465360,734212,868520,4786
1317461,1282422,1616577,1542866,345782,6386524,915417,953095,517424,579916,1875999,1713947,4696
1610791,1619883,1986367,1265759,235562,4432695,495413,522132,493309,551901,1553144,2478132,5836
1569423,1653717,2012372,1557988,337129,5937478,471243,375850,365153,473966,1323874,2279755,5915
1609433,1697285,2041908,1553130,339401,5758268,696697,728802,497837,476667,737249,881077,4645
988164,1191615,1577955,1520969,346318,5862966,726038,758905,467885,522890,1477772,871002,3061
2245804,1909451,2472286,1566504,343212,5869393,931787,959082,544563,600718,1854655,3965499,8752
1627141,1641164,2025547,1556664,338767,5840381,491309,518538,376590,483992,1154886,2521739,6033
1331606,1595341,2011567,1552487,351800,5903295,727483,759877,475770,465742,733269,874971,4681
1000297,1254710,1633574,1439656,333406,5745876,673124,702361,463596,520036,1448080,1344917,3334
1611613,1462989,1618146,1015703,122213,5062793,718082,759052,494684,544460,1536805,2476290,6103
1608322,1647971,2033185,1552989,349462,5243894,273334,285233,431597,541513,1470584,2391920,6114
1642385,1808862,2399455,1796480,447225,6269028,912323,955073,484932,470362,755231,1687088,5937
962129,1240357,1581185,1251990,346493,5789888,728697,761735,471211,525074,1482818,1622001,2975
1675486,1474330,1655592,1298949,127467,5284126,498548,742029,490099,539424,1477854,2438211,6379
1650596,1645898,2044062,1573631,338801,5193170,453979,283943,447182,551075,1558816,2533425,6325
1571024,1639451,2013841,1560212,350751,5809020,724734,757033,415761,392357,733447,1589026,6047
1001832,1435991,2039759,1552935,458930,6253455,915993,954182,524321,590218,1489288,1691664,3242
1596388,1431604,1607046,1258991,124800,5157727,497888,760215,494009,544840,1538338,2483959,6065
1611948,1626604,2043226,1570045,346640,5133380,496146,280079,417420,465806,1437204,2358263,6239
1661092,1605275,2029340,1538199,341410,5665676,697762,727758,414801,462466,739844,1708369,4800
965681,1424976,1665189,1517891,345779,5770330,724766,759331,477204,531593,1110791,906196,3255
1650889,1429511,1642561,1271263,237476,5717217,702674,954174,516463,577505,1813618,3222849,6175
1947418,1819866,2382999,1792550,433661,5767532,689913,500392,428859,476251,1537390,3300846,7584
1600879,1570881,1984262,1522813,347424,5866648,719991,524316,412384,388237,1070613,1594445,5758
1301080,1506253,2065179,1561179,340052,5790711,690870,721157,485151,545573,1140876,897301,3353
1308704,1269847,1231711,1271345,234643,5860071,721597,754315,480116,542311,1490379,1613702,4323
1940453,1790674,2414374,1528924,340364,5127757,496066,519593,474179,587834,1793491,3137322,7451
1571126,1608558,1964222,1500601,255013,4966700,269645,436593,429473,540318,1472918,2362969,6253
1622908,1665896,2056856,1565852,351582,5849506,723741,513190,421962,405106,1104626,1650117,6261
1281511,1470190,2004107,1518981,336345,5781660,696252,738698,479781,539922,1130486,896385,3010
1281149,1266785,1232781,1294988,236507,6031551,720828,752841,493771,542120,1510610,1616278,4619
1689733,1483204,1626316,1285730,126156,5159921,485265,733409,477493,528229,1501169,2543792,6577
1893026,1759557,2358267,1786271,451928,5812346,730567,518213,414639,473401,1557946,3256115,7254
1271253,1683654,2014768,1550746,335902,5922310,694349,717883,484547,475089,752498,870829,4353
987570,1258379,1608568,1245786,338591,5617447,698407,731931,479885,535341,1544761,1722955,3331
1550549,1433790,1560160,1226152,122619,4975632,496045,756325,476756,532851,1490176,2376311,5811
1661746,1649218,2049563,1571299,468837,5725124,712471,506913,479656,533832,1841241,3234127,5966
1614718,1794038,2363130,1761875,443604,6262822,927565,983861,478602,527321,740924,1678939,4254
1268220,1227373,1188199,1258045,350582,6407081,938071,977623,517820,582382,1777742,2255476,4244
1465148,1514847,1660681,989661,157523,4990815,674790,704784,489260,545336,1522733,2486635,5127
1594531,1591539,1976681,1506701,232107,4906036,266607,518311,418086,537949,1505333,2402610,6036
1630184,1660417,2052973,1578342,353743,6044653,726770,519878,428334,420300,1132957,1666707,6132
1297037,1499399,2037008,1809295,441769,6400599,916292,974229,543491,612731,1530292,875899,3028
1570264,1430874,1589327,984644,124606,5207304,727476,759968,489129,540699,1484132,2332975,5760
1638851,1715107,2076342,1588347,351412,5271229,273694,285823,428961,545792,1503844,2488258,6365
1585544,1620590,1943534,1501558,323278,5688229,686183,653828,419311,401821,913514,1577876,6002
1297146,1454597,2039128,1561539,352457,5790609,724913,755902,480308,527384,1102614,894830,3251
1008859,1230797,1613981,1245175,335763,5722931,700657,743301,472340,539455,1553305,1773516,3338
1876247,1653331,1992509,1537880,233017,5063848,495894,756237,545633,604656,1862641,3081531,7066
1648120,1675197,2044224,1558631,354205,5766456,716862,515955,361968,402887,1113728,2503278,6237
1314507,1630661,1978556,1522668,335119,5674225,708836,752587,487900,537351,744516,875540,2971
969962,1272341,1303069,1282871,350468,5792837,727111,759717,484223,541216,1463921,1602305,3121
1629896,1453014,1626203,1253166,125235,4990203,459305,703552,465103,521672,1471242,2465376,6379
1880139,1825510,2397488,1807663,454588,5812607,735980,521749,429125,475326,1548309,3230674,7271
1300833,1686683,2038778,1558283,347024,5951805,719377,738056,479428,533215,741660,872151,3085
981925,1239999,1192595,1534130,435625,6370646,897982,950858,529283,598289,1894845,1690508,3131
1578548,1605776,1978080,1244419,124374,4422800,499003,759380,469074,529242,1470663,2351947,5759
1691456,1642446,2050652,1570827,352045,5746805,494149,284013,391916,470165,1494957,2499701,6680
1603242,1812324,2367878,1775619,431979,6415501,908905,962766,485167,540346,758888,1472742,4895
967787,1287276,1199021,1285736,354714,5724038,732413,764763,492873,549856,1490375,1614281,3195
1640254,1644223,2035470,1254969,123345,4361510,483484,718920,478913,534023,1508470,2528348,6520
1555395,1633998,1975655,1509846,341236,5713498,497988,284017,368901,478758,1518997,2445711,5828
1635500,1623162,2040978,1566696,351648,5869745,729916,749562,466163,460919,756802,868031,4545
1089994,1296091,1601051,1515878,383523,6351650,887496,940018,530214,596776,1854414,1620136,3332
1595831,1631117,2003825,1261586,127431,4537960,503715,764334,470606,535907,1491674,2379916,5915
1666476,1620953,2025002,1553626,350219,5789773,486755,280863,356943,463342,1474460,2476599,6480
1599123,1656014,1993423,1521790,336125,5716110,708430,751403,499514,488711,757093,882079,4767
955219,1235132,1594401,1545938,350953,5784669,727001,759390,473344,518920,1446350,868203,3170
1648711,1445463,1613614,994254,126045,5035887,701495,732711,470963,522946,1491700,2529501,6326
1920277,1774328,2358867,1768417,451731,5701625,499504,459591,423478,538694,1658498,3226692,7350
1601509,1682272,2039959,1565828,351000,5798073,723397,740381,474361,458570,744658,882752,4575
1012360,1264418,1596198,1514347,335282,5756399,693211,735059,484256,534360,1507530,894818,3346
1584358,1442360,1990300,1265094,228197,5698271,938757,979164,544942,604368,1862564,2366776,5600
1672542,1677233,2041531,1549043,349006,5058352,267559,281545,430234,534657,1471031,2480118,6372
1611514,1840883,2398840,1802973,448524,6328820,943216,1001371,492453,477928,755681,1740299,6214
967524,1308842,1625158,1394475,351821,5892105,732845,765482,490713,546974,1493081,1515583,3055
1664753,1433919,1617949,982135,125287,5095473,701084,732077,471498,537880,1508779,2540275,6363
1573358,1603990,1987355,1520254,347492,5069529,273797,286314,419091,528835,1528028,2448745,5911
1643624,1662433,2025245,1557632,351158,5779459,712364,504431,366452,404559,1114186,2441786,6145
1303048,1630734,1980986,1782694,439485,6369096,912529,967599,549553,620232,1166624,903187,3211
1289128,1450583,1617231,980827,237170,5075553,726880,763350,482692,535041,1479293,2370009,4702
1656015,1644661,2056633,1560796,235786,4799134,271095,516667,470414,539114,1529304,2565065,6358
1567107,1606369,1946896,1498554,324373,5728238,686509,487069,363063,407603,1141615,2343328,6018
1305227,1653113,2043390,1561467,349044,5831818,725719,758036,479157,528241,750480,875120,3173
965819,1340526,1216401,1277179,339894,5770678,700022,732688,499146,555068,1537500,1736824,3353
1862954,1826426,2365354,1538665,235839,5245640,508629,759488,502006,624131,1916895,3155189,7006
1970722,1790728,2404364,1796920,462539,6289511,933878,734532,401971,413194,1114178,2452444,7214
1310120,1548668,2018563,1537485,339999,5836040,711081,752889,503316,557957,1129491,898955,3112
1085737,1503915,1594698,1554148,419783,6560295,909304,951752,567467,617533,1462584,1535591,3232
1649756,1648831,2025867,1268509,123649,4385550,488878,731509,466722,532356,1484154,2511446,6332
1908276,1838569,2382956,1802486,444085,6394850,716825,521201,443292,470118,1536741,2466727,7465
1275916,1528745,2050360,1582719,350544,5956755,725651,752878,504074,564242,1131839,902118,3129
1337623,1265193,1203255,1263808,231187,5722182,698375,729992,476547,530188,1529594,1709848,4621
1575189,1473497,1582190,1247391,124003,5005652,497267,757998,488389,545299,1485009,2356666,5831
1602108,1706165,2015375,1558219,337222,5168429,360032,280037,448774,545351,1475942,2398927,6298
1589635,1805720,2339414,1776601,443078,6331738,936796,993927,492658,476288,743749,1659040,5773
980506,1240011,1608240,1278007,351963,5819106,727036,757264,491708,539212,1464672,1609225,3043
1641376,1547375,1670834,1288322,127096,5223229,471455,715198,498079,549466,1497138,2480509,6631
1609812,1608832,1995263,1523161,342124,5089786,498142,283011,438308,483342,1529073,2429082,5958
1620678,1681422,2047866,1570195,352700,5830075,725456,747207,433768,474795,741756,1634173,4602
991978,1466468,1824606,1526980,442994,6308685,911027,965813,555758,620880,1552221,1739912,3138
1276956,1433403,1597782,984801,236172,5093762,727182,761324,508360,544904,1481397,2341749,4574
1628594,1632997,2032314,1538734,233971,5056499,267476,503348,439044,537359,1503122,2516268,6200
1584079,1664689,1987495,1527078,338289,5746825,721022,519425,439909,423487,1141082,1665272,6103
1322248,1435180,2073004,1573215,350096,5808473,721435,746880,486914,539035,1121360,929985,3028
1633595,1525111,1679316,1597363,325569,6456160,878877,921573,511217,550897,1556956,2483749,6105
1869446,1815167,2383635,1544419,328138,5095542,487904,535629,519866,625317,1881482,3150059,7056
1601693,1727187,2061259,1582133,347934,5721046,703114,486904,474882,448749,1144274,1657245,5776
1221597,1493421,1971216,1500922,329064,5768237,685513,724289,519580,564970,1139478,836446,2827
1227149,1356999,1197390,1282219,226240,5843750,706551,737414,543251,574518,1497500,1550363,4025
1537305,1741994,1993023,1276954,222105,4292501,435215,453022,525821,570233,1490335,2384596,5873
1824575,1875091,2337472,1775936,434074,6285406,686647,720999,468372,514363,1149680,2383628,6929
952235,1551517,1978707,1536174,334937,5747951,687256,713897,529113,565331,1098238,753955,2554
1193724,1263881,1116539,1164439,201299,5429050,639794,670691,502817,549154,1472548,1659165,4026
1513168,1711798,1920525,1212335,217571,4374597,466497,487267,530099,588332,1515389,2296655,5346
1541725,1744449,1961544,1522842,334530,5517944,449911,467354,399876,488791,1094864,2310232,5466
1492117,1902098,2258632,1733766,420845,6180136,890748,945995,526406,570145,727026,1503901,3856
837029,1291929,1100691,1203046,334709,5614413,687979,717999,502271,542086,1429705,1479657,2319
1564382,1684305,1905608,1197090,106853,4277750,443440,686427,510885,557926,1498088,2393203,5753
1423837,1699734,1861794,1435952,311875,4846142,457606,241143,466668,505721,1451261,2176715,5163
1556967,1659978,1940495,1496719,334128,5610913,684533,704792,459778,495017,728490,1490374,4162
878196,1473875,1516390,1474789,422379,6189873,865155,916089,587516,638881,1499856,1540730,2412
1542685,1925371,2315525,1740990,418306,6298342,859772,912149,541648,516293,731726,1581343,5700
842986,1502908,1910441,1498834,334000,5719162,687453,718127,530785,577267,1094202,724724,2257
1205233,1323346,1148021,959675,222186,5563042,669229,688985,513895,555047,1465500,2315190,4001
1501214,1706897,1906444,1312600,214948,4327019,326767,448141,524909,574232,1478699,2283282,5567
1459634,1709603,1954006,1530484,338425,5733521,456399,476734,412931,509087,1099705,2227511,5178
1209615,1733139,2358796,1779205,437004,6196737,870524,909063,574967,575602,1138138,743821,3994
1159453,1334135,1138661,943425,216454,5417671,689814,723606,518852,567090,1488477,2317165,4031
1558175,1745311,1990354,1529879,224464,4389320,242220,483976,532221,574526,1472950,2332281,5961
1522110,1725477,1943077,1497954,323576,5682912,663665,475185,434001,462046,1161916,2434857,5549
1186187,1729769,1960722,1551797,341799,5865157,708323,739754,533855,517517,751784,775780,3798
1275428,1341036,1642679,1303362,344482,6475993,913727,939209,584011,635223,1885154,2444373,4769
1554851,1712674,1993379,1552555,224764,4524612,255640,504155,537280,580030,1570216,2472356,6252
1580993,1748192,2079578,1636223,350366,6066828,724063,517508,425129,461551,1157191,2337154,6162
1293764,1695275,2077027,1592197,343662,5889676,697164,728270,529464,574093,779148,851324,3104
1247774,1522317,1645977,1542576,450049,6456618,954308,759482,545777,595697,1933331,2401808,4343
1910889,1753820,2321181,1592945,237818,5091259,495162,742153,594326,642848,1865492,3172976,7530
1581566,1895037,2428266,1820560,435227,6465469,896899,722453,474639,521744,1180909,2533688,6190
1252664,1695994,2029922,1585268,351351,5948361,725040,755095,544993,589906,783173,868038,3025
954293,1339140,1254351,1313806,344598,5882132,694143,715815,541554,585845,1522258,1665590,3336
1589362,1677339,2035810,1320500,125071,4621886,494832,766893,540682,591255,1607853,2525536,6089
1603587,1722147,2082569,1618624,350792,5987123,497174,280130,422052,513305,1516787,2371609,6430
1622573,1910240,2431319,1841263,435872,6442592,880480,919607,565806,597611,822053,970906,4821
935477,1343085,1242844,1287543,338042,5870881,721084,754281,550439,597927,1576737,1630449,3007
1594620,1724220,2079635,1336600,123747,4664848,494068,742550,530213,581078,1503779,2391302,6022
1573774,1733959,2021696,1557134,328300,5812495,467838,274878,418929,520239,1561743,2477646,6197
1611403,1781848,2085436,1625500,350523,5951037,726480,755079,559661,533388,835527,889467,4405
1276693,1351027,1650322,1598283,353610,6373406,927787,950708,590141,649346,1915517,1677996,4442
1524541,1706647,1961789,1249838,141943,4270310,481544,662137,549340,587290,1532934,2363995,5929
1537857,1709395,2049773,1589704,352378,5762433,499193,271797,428371,523314,1513716,2373975,5934
1576052,1708895,2061569,1576349,340952,5675765,689455,719919,530949,504992,790499,869596,4714
960889,1350167,1635214,1538771,334732,5709703,713539,747076,535532,592009,1545749,881302,3124
1931823,1646607,2051877,1301140,236035,5152714,719516,743155,567260,618066,1849917,3192049,7640
1617057,1677759,2031691,1538983,336320,5755834,481246,507576,405001,511272,1189656,2562066,6376
1831485,1828415,2361052,1797497,441427,6332235,911447,951878,525112,430113,770041,1600580,6871
969496,1514720,2058071,1576098,347164,5706233,699954,731077,518605,565892,1158957,875602,3065
1281251,1220833,1208605,988057,231734,5467333,722736,758633,494803,549800,1528132,2431538,4344
1956214,1839266,2469243,1866419,351371,5061864,498753,521833,504992,549871,1837639,3118445,7492
1673758,1657043,2052806,1558719,340205,5739823,696385,728916,440761,482761,760408,1714519,4917
985462,1450034,1602032,1545156,347059,5728240,724464,756530,512671,566676,1126279,885362,3141
1324887,1273332,1456804,1006114,237382,5556469,710024,733429,485288,534879,1494998,2470425,4717
1617542,1605893,1972759,1496694,229129,4232508,268237,513165,474953,529005,1522527,2538995,6051
1626238,1611352,1996085,1546562,349949,5631144,723462,517371,372754,407360,1119820,2334878,6009
1312781,1684785,2045367,1851538,465086,6365250,925501,964583,554873,615855,1143036,890624,3165
1294628,1400584,1594964,1002963,231265,4982046,723507,761468,494959,551790,1533626,2464335,4516
1624502,1606649,2037932,1554657,236484,5081224,272379,520311,437829,536381,1470264,2373705,6099
1666799,1642904,2043649,1560897,341062,5731365,700050,505291,378075,422345,1164214,1845778,6395
1314117,1602033,1997028,1543951,352323,5687562,738174,770400,502839,552793,766704,873528,3121
1340611,1422552,1637050,1279373,352234,5723480,938632,965178,541559,598927,1845191,2456060,4837
1622582,1640429,1987636,1511258,230737,4922299,269525,514224,446363,550818,1526355,2543905,6161
1593955,1606193,2000472,1557452,346384,5758550,717073,521057,435481,405619,1103095,1559036,5949
1611768,1419992,1604254,1273084,227819,5660517,708963,978181,548219,602185,1818789,2974686,5983
1656904,1637706,2038814,1561439,347826,4957729,469352,281001,443716,498587,1513971,2519891,6559
1576382,1790241,2353959,1777161,432234,6316926,913213,965563,487028,487672,763528,1677711,5839
1032665,1260305,1696510,1331414,356947,5889413,738966,770928,506319,553779,1507091,1649314,3474
1686848,1476688,1655901,1290121,125140,5038803,486087,739077,504228,557041,1577595,2600111,6552
1580523,1615304,1976565,1529083,341162,4994368,495969,282128,434550,483750,1490100,2357243,5787
1671829,1603642,2028197,1543826,350079,5666916,716041,737691,423775,464673,752687,1679629,4877
1005424,1456681,1624441,1506201,336328,5646283,705218,744611,486865,544923,1146998,899271,3090
1572924,1397088,1645818,1239734,237643,5481213,695699,964917,533251,585719,1797930,2962101,5717
1694070,1624576,2051753,1589623,350849,5177449,493322,292680,418942,464983,1523671,2540022,6543
1603760,1646935,1994022,1526888,336587,5695274,721436,761268,433795,480961,754199,1667881,4628
986884,1432823,1625577,1561626,346602,5780133,717838,746669,498351,542546,1122468,873368,3165
1332106,1458118,1629983,1004212,232430,5137020,699272,732100,495759,553919,1570226,2556755,4942
1916065,1751209,2359787,1788149,346555,5643633,498303,521864,437143,550953,1870417,3145459,7294
1975841,1773767,2398839,1813043,449530,6447763,909336,935217,427042,472698,764197,1996598,6195
995199,1380428,1558585,1489595,335987,5595237,706473,747834,474712,534069,1144027,875725,3013
1254014,1423453,1582278,1274070,344762,5825949,943029,985097,549045,604166,1823571,2304360,4217
1669779,1668551,2071632,1586284,237074,5098298,271515,516257,447302,550853,1525810,2507370,6184
1925153,1742071,2349984,1773833,445441,6255649,945501,758257,477537,478728,1145084,1656891,5918
998970,1207132,1630014,1568230,350885,5745042,727283,756710,494229,541574,1472534,881446,3186
1532904,1454106,1659509,992426,152738,5146080,705591,737472,490631,548909,1554977,2554698,5339
1604580,1666204,1995914,1543201,235772,5064938,269866,522206,457752,572963,1522946,2388663,5759
1648767,1538663,2019644,1541785,355178,5613027,726500,511002,406043,396178,1123217,1687955,6113
1305027,1492962,2001686,1785915,433918,6282398,904651,959321,558826,625313,1513371,873860,2919
1619548,1426899,1620644,1011762,125995,5172598,729495,761771,493798,545666,1495879,2336399,6038
1670237,1629644,2053572,1570533,348615,5151486,270323,281487,432946,545066,1514644,2502152,6282
1653653,1585708,2019223,1550800,340162,5729655,718397,731135,429152,422619,878901,1726235,6471
1299448,1445252,2055493,1577266,352387,5942734,730216,759651,500483,556724,1130928,890103,3287
1334059,1212847,1202477,1268333,231758,5739099,697565,728594,498214,552863,1561586,1734661,4957
1898774,1818595,2375307,1547314,340137,5108482,493857,518361,515701,638746,1888828,3123250,7348
1670215,1613423,2052107,1570530,349573,5745916,705849,505840,373548,415260,1126664,2504349,6342
1294874,1646089,1985500,1535012,336214,5692946,715622,758189,508441,560485,764790,882107,3050
970713,1255488,1306810,1312945,352262,5855161,727609,758943,488366,542407,1479263,1597096,3097
1626570,1649794,2070904,1558082,225594,5612697,655748,909705,555554,620176,1768284,2431341,6294
1910974,1778868,2372046,1793651,451505,5800910,727242,520627,429635,475376,1532401,3201153,7417
1309336,1648602,2033760,1564245,347512,5842205,714429,735925,492859,545072,744067,861005,3096
996366,1262494,1252026,1297330,338487,5931508,703457,745988,507754,565228,1539200,1729288,3186
1627093,1572571,2032116,1270489,125903,4431458,513355,773817,499381,538914,1504691,2395177,6171
1697144,1638182,2075249,1593103,350925,5762742,485282,276766,393581,485478,1518780,2518582,6679
1596303,1812962,2356376,1793001,428993,6253659,904723,959560,509886,564892,761775,1398963,4586
1003241,1243257,1236161,1294141,349312,5799887,725482,757703,493717,545991,1491042,1627249,3319
1629794,1667332,2028875,1269739,124401,4431300,482021,715811,496734,556490,1530214,2518512,6280
1626935,1575110,2022811,1556582,346257,5822098,500970,289400,374819,487337,1560088,2474201,5930
1672395,1661910,2090892,1617407,355281,6053564,730742,749313,499644,490208,779863,876158,4649
1004176,1210584,1580193,1513816,335521,5762050,698192,738729,491766,539993,1540014,906573,3191
1278985,1575874,2399708,1801366,462474,6173278,918136,944987,527071,543689,1120967,886852,3640
1297446,1271769,1240049,1036126,231325,5761766,713274,753567,502622,559731,1553655,2477603,4285
1635467,1651745,2072810,1600323,236873,4488084,267948,529161,501390,551841,1493667,2402247,6010
1672628,1661690,2052691,1559540,341070,5738750,695096,505294,379378,418919,1134082,2561648,6576
1597792,1758707,2369114,1794885,447954,6414146,725615,757894,484376,615238,1150101,1640465,4631
1307575,1274896,1449850,1266153,349138,6251207,946378,974465,546784,606047,1821030,2408426,4602
1635839,1620931,2000502,1532787,231198,4502356,268759,510470,494226,551677,1540684,2521546,6077
1593630,1630913,2013221,1554057,349989,5835675,724861,518583,387976,413143,1127406,2326857,5838
1349193,1613706,2065474,1593521,353614,5807093,706513,728717,497181,552996,757492,879976,3238
1000702,1259468,1236360,1293359,337369,5757176,714860,755021,510766,565285,1559255,1679441,3103
1956346,1756744,2450552,1599100,243277,5302253,498848,757059,481393,594553,1831658,3116324,7392
1718213,1567619,2006132,1507114,337505,5563945,685968,492054,367333,400122,1117862,1816549,6429
1356353,1470623,1933602,1480234,337302,5578395,715808,748710,474178,516778,751355,879052,3147
1037481,1158349,1207711,1259239,349805,5584394,722586,744934,458971,509081,1439927,1653637,3250
1693371,1522458,1953735,1217792,126079,4465447,487803,734853,462284,532245,1522174,2565140,6456
1951828,1721261,2339986,1776613,454729,6310747,697951,511744,395316,465032,1473049,2337909,7496
1373354,1411356,2038705,1541038,349768,5597861,704961,727183,464568,517660,1096769,880884,3243
1288503,1135874,1175005,1230678,235546,5643970,697886,738936,460149,511631,1463589,1642041,4164
1629903,1526407,1968817,1244089,134646,4390438,496896,715462,470429,512772,1426915,2299022,6090
1750325,1495221,2334853,1730025,437523,6156753,670170,487515,400033,503195,1821053,2510093,6451
1638956,1545871,1959681,1493988,341579,5644392,725376,758346,492196,478059,721863,877702,4661
1675458,1370063,1977041,1786674,450762,6275877,938070,964472,564433,631409,2112204,2356473,5851
1683845,1553767,2000122,1237848,232064,4485417,485371,511108,473740,532620,1521566,2565334,6475
1647357,1511086,1954210,1513358,346780,5635700,486646,504058,348517,438107,1098813,2325501,6062
1589664,1554929,1982936,1536266,331609,5538459,664598,685960,464831,446966,749074,894966,4964
1019895,1163421,1575574,1509188,338427,5650134,715852,760713,458324,519791,1513644,894666,3346
1983353,1548400,2004248,1245372,238919,4940522,730358,761246,500023,561144,1786151,3108679,7643
1695634,1638654,2040703,1565489,339347,5856389,485609,507446,374162,476259,1150528,2533743,6579
1306288,1606976,1996254,1528913,341530,5724404,724047,756528,499355,480597,727899,858748,4408
976437,1223318,1649095,1303943,350919,5903633,722052,743191,498480,544001,1466124,1624041,3017
1656484,1464378,1620621,1099594,126276,5148332,566111,709647,496566,560178,1503116,2447465,6135
1945438,1802594,2450238,1877165,468058,6110804,505910,528486,447136,555589,1486097,3109524,7495
1379804,1658760,2087530,1608429,352322,5826277,707216,728125,505797,500131,786786,890737,4934
1002650,1205742,1609891,1284721,336373,5729768,714671,756545,497029,549318,1543151,1679777,3191
1631797,1405433,1614691,1287827,124129,5186563,495978,756332,492531,544844,1453702,2355671,6031
1688547,1626126,2064870,1580787,347412,5097112,491317,279409,440168,479443,1562693,2575681,6264
1586654,1834008,2406326,1813727,451538,6419040,950332,995242,509969,504698,751372,1651828,5576
996994,1224885,1646475,1290399,350110,5722269,721954,745724,484514,532183,1456977,1636423,3247
1996381,1617497,2014617,1532130,223554,5024388,487469,741688,547638,606442,1923548,3325784,7604
1661446,1596844,2005638,1552941,350515,5055291,497494,281486,446014,488527,1478382,2351980,6016
1671318,1682593,2088900,1594456,355481,5720307,713888,735846,456039,507433,781735,1683142,4824
976194,1420139,1596436,1534446,337763,5798225,717898,760535,506650,547584,1153009,863298,2923
1648337,1475377,1961227,1330145,245391,5759661,737984,1010268,560649,626124,1866281,3146313,6246
1686946,1636179,2062835,1565759,342744,5268031,485339,283808,452338,496989,1533065,2550568,6370
1625075,1587477,2013497,1553166,343830,5845226,729179,758805,434495,478187,750496,1648902,4633
993037,1494149,1662424,1594003,351633,5916495,720276,742018,496257,551390,1113501,873736,3145
1317479,1437301,1613643,1010162,230719,5146641,696256,738201,488136,551401,1549675,2566990,4665
1922098,1771924,2404749,1819766,350155,5811734,499523,519507,448805,546861,1866051,3114585,7447
1705345,1618730,2048188,1579747,349519,5864523,709533,733523,470018,479554,773113,970640,4952
1012040,1430884,1587890,1538179,323823,5725366,686748,728475,507721,560458,1178661,867691,2941
1312135,1411664,1627508,1018418,236958,5216356,726307,758467,485353,538519,1472354,2361198,4525
1684660,1684857,2052798,1556170,232867,5039450,270225,505081,446847,553469,1530459,2526253,6484
1887143,1748877,2341197,1783315,443732,6422044,936015,758458,480879,476249,1138889,1603934,5962
1002022,1237144,1656781,1585450,352360,5831234,723817,745739,501806,554640,1478301,870380,3131
1925176,1613834,1998701,1250686,127224,5143237,702317,957900,563145,629794,1916011,3303695,7426
1607996,1614206,1990684,1554711,271071,5270952,270782,421216,452876,552557,1464830,2261856,5842
1676638,1598478,2038887,1558982,351634,5819264,706029,502390,419959,413813,1143774,1679542,6232
1331765,1456312,2010245,1560228,337470,5837504,715196,757516,507326,563365,1151634,874267,3045
1681400,1425671,1650789,1290271,233039,5903568,954037,998728,546634,600513,1836648,2419374,6294
1676189,1677718,2097474,1602798,344075,5258388,275652,288073,443314,565120,1565785,2574969,6808
1617996,1625774,2019711,1552036,341800,5823866,725110,756240,447782,424977,765968,1670130,6036
1190314,1456252,2039219,1576910,342044,5883844,702487,724077,493936,546245,1123641,893902,3308
1316229,1233357,1209683,1267387,231056,5864321,699976,742807,499828,553465,1563048,1707433,4452
1901250,1845953,2435786,1594884,350741,5315129,498311,520619,498959,624575,1865094,3085517,7165
1666713,1653942,2085373,1607397,356589,5951455,717092,739020,450340,423426,765155,1670322,6332
1007449,1447677,2044245,1587864,338505,5997275,719388,762314,511960,574737,1182022,868660,3230
1298801,1285298,1238423,1021723,242502,5810243,735010,767712,494900,544631,1479189,2367579,4519
1683233,1669042,2094513,1441796,237397,4532640,314328,505186,509071,563039,1568940,2569666,6462
1940657,1787595,2388635,1797362,453936,6556015,729308,760029,441768,490811,1144786,2425686,7233
1314444,1640717,2459013,1868144,464686,6558181,949023,972272,555343,559899,1126646,874388,4497
1347326,1249743,1233616,1019736,231908,5888440,696520,737277,509968,561631,1557452,2548170,4590
1908034,1797356,2414135,1839042,236895,4629504,266806,741278,559079,621215,1854436,3036721,7272
1673254,1648680,2063658,1582082,350085,5777771,703322,503355,387684,422071,1124985,2473112,6217
1334391,1614922,2392425,1824811,443254,6554072,935745,993161,567959,580915,1167604,883646,3825
1351196,1270753,1265665,1042055,238089,5922567,723027,754380,500619,549215,1477270,2362475,4628
1699342,1649398,2081818,1591399,234712,4622228,272196,507833,504291,564314,1552145,2574248,6558
1633726,1659503,2037388,1585907,339394,6047389,721570,513299,420351,452824,1183990,2402337,5963
1316063,1675881,2076889,1610059,351225,5977263,721771,743571,510783,566878,785996,853654,3058
1004759,1303591,1270483,1317357,338535,6064545,701862,740923,512725,567465,1552142,1717350,3181
1901674,1686692,2343409,1553912,223607,4910011,506421,765541,567664,622462,1870368,3032640,7154
1678053,1693041,2097816,1612128,351539,5843253,702323,501247,401741,443743,1148139,2487205,6373
1351444,1650258,2035577,1571307,336064,5929132,717610,763984,529072,585799,792070,904749,3307
1021954,1233958,1256137,1315004,346274,6001366,719129,751031,517538,558764,1476771,1605967,3051
1698742,1708486,2108497,1337556,124958,4752509,482306,725838,519805,572385,1561369,2537050,6445
1943038,1844336,2445160,1856251,455341,6561195,726908,523440,465549,522994,1562598,2478841,7336
1344998,1600047,2017159,1572237,337438,6057404,696778,718017,497345,542983,862462,885282,3218
1029306,1271411,1246686,1293194,338068,5949357,699563,739690,501251,569019,1562808,1721409,3079
1625476,1639962,2031731,1310425,124317,4624997,499718,760694,514459,569669,1515672,2339200,5838
2036961,1787128,2421600,1549931,346014,5678349,680863,488337,446298,550773,1837831,3184650,7565
1658173,1598918,2346949,1787776,439424,6288342,930880,987714,559184,560671,1130919,844014,4360
1354396,1227823,1223142,1262700,239113,5830171,728409,758889,465586,521574,1432091,1607526,4497
1715000,1557678,1980540,1251543,183378,4493379,473633,568352,481772,530154,1458723,2404768,6442
1660915,1527065,1979297,1515672,340219,5851107,502813,283558,363997,470092,1531878,2432812,6152
1700745,1605541,2045510,1576544,346896,5898292,716129,737931,489377,482539,753697,889599,4837
1027471,1216730,1559510,1490148,330808,5619616,687382,728022,471413,527929,1487077,877207,2906
1994624,1681047,2041846,1285594,239401,5008922,727867,760430,556186,614276,1877985,3103820,7063
1756587,1647767,2025559,1567551,341586,5028253,477217,287736,428674,477719,1518917,2494076,6070
1695950,1610302,2016779,1553182,336388,5855374,713254,747854,443131,441007,767352,1640415,5612
1085655,1463543,2032457,1563128,346359,5779293,716022,739945,491783,530692,1104020,865230,3143
1436540,1280910,1250885,1029465,234648,5792335,693896,728049,505777,562627,1543718,2536340,4972
1984006,1731903,2331821,1764407,343502,5125018,499496,511159,469652,526272,1831145,3095150,7343
1735694,1543507,1983253,1511565,341985,5733692,694820,714058,422573,468595,748396,1617387,4802
1034180,1359724,1589827,1506648,337624,5696091,706405,747744,483404,532835,1156913,889188,2967
1333145,1225882,1496636,987199,233553,5411032,715430,745476,489696,539985,1459049,2285682,4428
1946315,1603605,2001359,1529467,241007,5028135,454589,692694,526348,583272,1781825,3189165,6841
2009054,1684684,2321714,1733646,437743,6194573,928532,737954,414981,455504,1114587,2434478,6026
1051165,1396283,1619570,1545496,345537,5854193,717843,742987,490019,535179,1118149,899258,3319
1376456,1381480,1596637,976792,225858,5037980,687736,721885,484666,545610,1537157,2524169,4795
1667288,1546917,1948032,1505795,235164,5096501,271448,521413,446589,548822,1495221,2378859,5834
1761950,1649239,2060450,1579188,349645,5947846,709727,510111,417749,421127,1102594,1687421,6381
1334118,1532434,1926358,1720931,419895,6241494,882525,935787,530593,581180,1153122,862004,2971
1340749,1245183,1223745,1282382,238377,5822012,717242,746996,467085,531708,1432341,1588523,4486
1725836,1543037,2017998,1252266,228954,4427731,481873,503284,461353,517189,1490861,2505876,6416
1685298,1533427,1943310,1499652,334345,5584533,495122,518543,386552,472842,1098357,2365874,5899
1378694,1543562,1979179,1501919,345124,5700662,712705,734492,469852,467633,751211,889939,4673
1032316,1212961,1608698,1269069,335892,5845919,704586,746070,479069,537339,1537623,1742551,3174
1950144,1492163,1952048,1319761,237846,5150875,619894,728468,532171,587806,1810812,2994628,7014
1708564,1573411,2021116,1551003,345015,5657461,487901,507887,358237,454640,1096424,2474384,6487
1356802,1570559,1960177,1514509,335993,5644922,716624,760068,489516,481758,743281,869432,4584
1350452,1402488,1980854,1508384,340977,5883247,708165,975316,521152,581409,1772436,2335006,4179
1752498,1387824,1626509,1268803,124603,5062494,485287,730440,477954,527308,1520762,2540669,6298
1974626,1704397,2337036,2000608,546950,6370785,919917,735609,470514,529372,1840679,3137401,7090
1314058,1585269,1963485,1519579,332525,5790832,683485,704366,472904,474631,739797,863231,4265
1032613,1233652,1604895,1248825,332871,5737293,691108,731381,488893,555739,1508354,1705348,2980
1629705,1402622,1596334,1262135,124206,5116509,487543,735277,485569,524770,1432103,2247458,5654
1751854,1575041,2060610,1587033,356047,5159488,495528,283003,423526,462446,1516991,2564719,6454
1715845,1716850,2331171,1778433,436536,6471094,926110,980983,467371,535558,759801,1705780,4853
1037143,1237152,1223582,1272612,344423,5851875,713218,746175,482669,543282,1446604,1630552,3190
1722384,1416492,1799136,1197400,122387,4824666,473354,701031,458770,518304,1452866,2441377,6118
1673432,1558531,1967239,1528711,337901,5182989,498535,282935,442426,477247,1510441,2362723,5739
1653337,1684316,2098342,1619123,351666,6112280,724961,746825,455141,496947,781294,1647544,4674
997333,1527292,1668207,1578069,440706,6566684,910821,965614,578758,645720,1540056,1680798,3040
1650078,1666037,2061925,1320823,127799,4687461,505805,763721,524279,578492,1529746,2334886,6077
1710678,1667497,2108084,1640609,351598,5935518,484721,278076,421736,513840,1557097,2494911,6462
1654345,1640372,2014506,1553366,336402,5862021,716056,758510,471023,504186,781992,969298,4555
1003891,1493787,1666027,1608675,351463,6009781,727353,757506,523423,574840,1136535,880767,3024
1393365,1456301,1678762,1044590,234954,5331123,699200,728559,515212,561456,1549101,2543352,4857
1937199,1850585,2422872,1841486,338421,5961496,485410,519238,466855,585500,1934064,3163792,7217
1716130,1790981,2522856,1908397,461998,6627608,942750,969617,601678,600858,1162569,890967,4506
1095076,1450421,1743951,1666463,338342,6155011,701460,744852,564089,624279,1657165,929738,3272
1647927,1595901,1696956,1081570,128948,5353590,737351,770137,558786,603465,1579604,2394685,5659
1690445,1795512,2103757,1640105,262006,5228496,272094,445840,485672,600846,1553130,2457012,6408
1999237,1960747,2474033,1900320,447240,6733226,946370,764380,569064,556106,1242960,1706684,6092
1041572,1337335,1712053,1656905,347343,6237854,720747,750009,540143,588669,1546418,908122,3264
1720842,1634466,1766147,1113902,125399,5504222,698681,729716,551508,614367,1615150,2540280,6388
1680826,1722007,2053082,1587582,345061,5288923,274518,284972,479403,591599,1567032,2429388,6044
1721550,1805859,2146165,1671916,353438,6110423,723013,742244,504043,483715,856177,1660023,6057
1286901,1552397,2051878,1853589,433056,6563854,889144,942802,607215,667096,1628723,905422,3270
1711869,1576156,1710999,1083074,125545,5285845,728381,764772,548933,601637,1562234,2379069,6102
1681783,1704152,2095545,1615066,346868,5333978,270828,282933,473452,579152,1518454,2491817,6519
1637048,1649716,2059573,1613060,341077,6041920,720647,763089,458912,442751,815863,1676360,6025
1039519,1493016,2096775,1609670,349143,6034457,726524,761690,514833,571550,1138463,884212,3138
1382633,1313639,1269660,1055070,238089,6036644,709532,741257,509372,568103,1566483,2586507,4922
1896256,1833796,2375835,1648242,343036,5374257,358636,490132,533481,646945,1909542,3085349,7008
1660866,1720439,2494191,1896590,455981,6803693,932141,959356,526799,518788,1135889,1633604,6008
1024808,1496760,2060580,1577606,337044,5990538,700072,740978,528994,586829,1175015,882264,3136
1318544,1302623,1274647,1060719,237954,6174039,726936,759405,525603,579962,1530386,2323880,4408
1698565,1727189,2118410,1633742,238866,4724828,269709,505220,533004,576950,1533850,2485272,6306
2006768,1786178,2377009,1806626,438926,6487370,928249,745868,450965,420690,1144883,2455586,6839
1081094,1398721,2023405,1555470,348477,6043246,721624,750166,476635,529072,1122687,910376,3229
1409550,1234233,1233163,1008709,228334,5744849,689626,720133,478833,534298,1502917,2514837,4934
1691534,1623149,2005613,1533115,227389,4516254,269244,519582,498570,566732,1523645,2429801,6182
1736179,1598916,2034254,1559491,342308,5908855,703107,493858,377419,412063,1112325,2388047,6277
1402630,1589500,2012206,1800743,443775,6520368,916114,971776,552611,617272,1145397,881338,3119
1361775,1292052,1533965,1017989,238463,5556768,728354,758996,499694,544459,1490161,2347529,4481
1733061,1608374,2037414,1562587,230469,4652383,274469,509481,483273,536855,1456799,2425251,6437
1716271,1550878,2000704,1546982,338835,5800325,718519,523040,376893,418537,1164180,2471678,5928
1361810,1629135,2032601,1593616,346689,5967497,715419,747324,508537,558347,753527,867370,3110
1428326,1446510,1635242,1279067,338897,5663934,894330,935273,535221,601461,1865088,2487601,4784
1690743,1608247,1992789,1526335,341964,5851750,507515,766393,506220,620679,1910680,3178086,5932
1707162,1513592,1978308,1527056,346674,5832714,710381,511306,404673,397582,1080962,1654569,5912
1374086,1726838,2299953,1733624,413436,6417994,852124,901132,538178,596995,826571,894082,3046
1056219,1266910,1229440,1273506,351319,5828998,723052,757257,491575,542599,1475032,1614496,3309
1776688,1690025,2070523,1296621,123051,4510239,487331,728153,497225,551204,1515714,2516973,6625
2009797,1706963,2301874,1740639,428868,6262963,686885,509684,435239,462811,1499812,2432146,7550
1381152,1448052,2032123,1558868,349761,5924254,727451,760039,496879,548207,1099531,877688,3198
1403830,1240343,1240263,1295508,237716,5834615,686139,716044,484688,542069,1485594,1669136,4715
1649787,1609465,1971627,1245438,160230,4533388,496155,636180,506218,563524,1488725,2308233,6025
1757820,1613649,2045094,1570060,351766,5816052,496386,282156,386605,489112,1471745,2398811,6055
1737159,1605301,2380935,1782043,435451,6457701,898512,952618,553009,558240,1124609,896095,4601
1370098,1278544,1223204,1265652,232365,5861543,714259,746109,487851,535616,1464984,1620665,4472
1750325,1594411,2030042,1260026,232073,4499531,484268,502565,472715,525926,1468421,2483074,6485
1728131,1538585,1983652,1530238,333322,5787959,489236,522294,380711,477845,1157020,2484556,6222
1547625,1619547,2047835,1593854,351725,5995610,727178,757540,508121,493300,754233,895818,4759
1399113,1291340,1613821,1507538,337341,6200478,891382,931576,517555,584237,1841354,1688806,4720
1664895,1616470,1993210,1268877,232170,4480788,497556,521883,504424,549367,1507507,2417949,5854
1722954,1566721,2009289,1539576,340919,5856679,486808,503608,378002,470368,1095581,2361181,6308
1390758,1744195,2338998,1760800,427142,6381940,885650,937258,541456,552463,772429,904558,4777
1046940,1268111,1606454,1273576,350997,5842451,724463,756672,482914,544146,1490079,1609356,3195
1446935,1366207,1532952,1040361,235885,5703257,699695,732425,492713,555465,1509713,2551968,5101
1977046,1693246,2278522,1718900,326872,5182300,477982,520735,476227,524688,1832240,3129590,7239
1682170,1602339,2032176,1558597,351314,5940316,727242,749818,437141,475850,755014,1614823,4382
1079443,1431245,1630048,1536493,331853,5841167,680603,712072,492753,546574,1145902,908929,3418
1390899,1419346,1608261,995282,227578,5259469,714087,744339,476640,541818,1472211,2364779,4695
1722858,1630639,2043736,1558805,233112,5097742,268765,507775,439937,538656,1471226,2434458,6277
2013164,1752226,2373103,1775720,440997,6325632,924229,748287,467510,480790,1151653,1790100,5966
1045420,1397691,1559958,1503983,332382,5875425,687103,717787,481151,526129,1092624,877020,2994
1365507,1449512,1626800,1006564,230030,5099118,688129,721216,481806,548253,1507200,2509555,4787
1694566,1579679,1987151,1518570,231227,5118303,272287,523509,449358,558323,1550441,2456416,6083
1706249,1604865,2026519,1560384,345638,5910080,712893,512609,429465,413430,1100979,1605451,6130
1394128,1452529,2001832,1781501,442036,6318960,902094,947693,540862,609627,1504309,896351,3266
1633708,1446164,1612772,1001016,131333,5210498,725830,759497,505426,552362,1501488,2388141,5742
1690077,1540194,1985725,1530615,249355,5184256,267171,443497,430003,535895,1445358,2332890,6313
1687292,1576824,1971228,1526826,338064,5747093,709748,517960,444127,429374,1161337,1680147,5850
1679931,1761327,2392905,1811099,447477,6413477,917346,955799,483823,456616,750293,1538020,5974
1403982,1269525,1624277,1267881,336406,6275657,889525,931539,547120,604718,1863457,2489411,4701
1652659,1630083,1996586,1520882,232722,4523419,269082,519047,488123,542593,1510827,2421567,5875
1747600,1611015,2034917,1566401,345075,5901154,707833,502919,384274,427787,1115605,2408736,6312
1353523,1601453,1974405,1514308,318172,5751585,659890,701361,500988,486314,780313,893362,4456
1082155,1231066,1612711,1277553,343213,5910787,711116,742783,496804,542421,1459722,1626091,3303
1764070,1501205,1644284,1281260,123216,5126289,488585,730117,494230,553574,1501434,2500030,6474
2013517,1691230,2314843,1755121,434416,5776032,717089,521504,427088,465387,1480381,3199541,7378
1374401,1607283,2037350,1568938,352302,5992368,728900,758990,488626,527324,755914,879968,3128
1066266,1216745,1217143,1266160,336412,5716705,684568,713686,480975,538271,1512655,1688287,3332
1657708,1449296,1764126,1261529,123544,5053105,465635,724539,510285,572079,1490338,2335211,6039
1755871,1633952,2061401,1553442,351372,5268088,497743,287847,430362,473616,1465049,2445895,6327
1755320,1766098,2380747,1762986,438182,6393679,907076,962180,497773,541734,761902,1712003,4430
1061187,1250506,1215913,1270452,347222,5802774,715544,747662,489066,535705,1458558,1567924,3024
1791164,1580407,1977578,1237791,121771,4397268,477691,712781,469544,528987,1446356,2442403,6285
1969071,1759181,2335491,1771395,441418,6413532,715704,521232,449539,499216,1541883,2463214,6992
1686069,1645810,2057641,1592773,352437,5970800,727176,759420,458595,494931,773548,1020416,4658
1371013,1647857,2016614,1797420,547239,6847520,1100477,1110193,529439,591755,1630089,2439899,4538
1670861,1618039,1969993,1240023,124259,4532731,501131,751749,494626,548409,1509821,2403527,5992
1696248,1565721,1986649,1540729,337231,6015647,475749,281028,369724,470340,1427498,2333679,6148
1734402,1576268,2026204,1544037,337827,5914984,702050,743078,493376,486469,764431,878774,4663
1121149,1398406,1651950,1586891,350133,5863218,721077,751160,523305,570379,1505402,883695,3307
1998681,1763083,2067516,1307742,138537,5268660,709604,933137,574468,631906,1885288,3283685,7402
1756034,1598509,1692443,1067523,127739,5223513,719112,751240,533010,591614,1522753,2314146,5819
1732633,1736080,2085673,1596508,343421,5309364,272702,286846,468321,579944,1554835,2518729,6536
1655265,1849742,2086357,1623236,337032,6058530,715729,752159,528531,499895,863684,1675051,5922
1059940,1687838,2158510,1686801,358226,6106365,739537,765495,566171,622156,1189210,869575,3011
1395387,1441063,1306108,1083442,234291,6067922,702710,736326,571215,621528,1634415,2559089,4847
1988790,1977388,2468607,1878093,338150,5653833,329766,522249,573772,693575,1971782,3097938,7410
1709059,1833097,2147231,1650571,352687,6061596,713970,737092,503683,488985,827335,1699223,6420
1066637,1633492,2114075,1639261,343361,6228343,719837,760361,573313,621850,1230281,913704,3211
1334987,1341338,1291791,1073207,238311,5985479,714457,748328,543228,586103,1524158,2314290,4551
1690956,1699168,2085857,1609926,234665,4671141,267784,504619,509159,557788,1532899,2524628,6272
2269065,2038812,2774582,1818988,446182,6546253,1160008,983755,531717,564909,1536312,3205819,7901
1053459,1505951,1952531,1587917,336310,6068523,697886,719935,512618,560351,1111239,889043,3112
1353556,1337133,1269570,1045534,236095,5941033,707422,741683,537641,588791,1597981,2584542,4941
1633477,1718889,2064907,1597256,239621,4692287,272932,522910,537643,597443,1572808,2412855,5893
1660186,1736512,2088256,1621939,347908,6044101,706757,500256,418750,459223,1169900,2421131,6075
1329787,1674877,2053942,1832505,442759,6579896,924640,980456,606416,655116,1199578,880578,2963
1370160,1514525,1692845,1079648,243911,5546922,734128,770413,532379,597519,1543782,2378181,4763
1695144,1745699,2065149,1590712,222104,4688362,269191,506439,517338,576435,1498589,2439468,6413
1642148,1671626,2037691,1583375,339054,5962706,718233,518228,398358,443689,1176908,2449966,5765
1356952,1709797,2115606,1636075,349727,6088978,724002,752600,537097,571849,789599,878861,3200
1025651,1342102,1251701,1294316,338501,5870169,698854,732723,521989,584438,1576757,1713214,3104
1935465,1832416,2396504,1575190,234740,5326818,501548,761033,538918,647313,1891483,3128696,6977
1695206,1691615,2087143,1643385,355098,6140770,720193,514501,470378,444618,1170856,1702518,6358
1392944,1711034,2071389,1585013,337589,5980322,711289,752793,538950,592246,1085858,911698,3131
1020919,1380896,1272763,1325111,351371,6057550,726510,759022,530954,569678,1491579,1579242,3099
1703127,1703691,2091164,1355911,124941,4697878,484416,728375,527581,590841,1557664,2517950,6327
1944781,1895640,2455614,1864171,451655,6621271,730285,530512,497424,511708,1563287,2450763,7368
1653608,1544172,2102384,1613397,346319,6797195,931564,963484,585554,651934,1490358,1572532,4541
1360688,1343234,1275280,1333964,232478,6059200,700250,733462,533215,594649,1581281,1734269,4739
1644606,1633844,2057751,1339884,231442,4735368,500553,540997,531129,582984,1570574,2424173,5740
1698854,1724605,2097448,1611731,346223,6065315,479603,280987,414764,516913,1488897,2407196,5981
1691857,1706270,2449684,1848206,442419,6689413,922512,981204,590084,586279,1190376,906907,4793
1354897,1325915,1284725,1347327,236934,6190774,726371,758180,535838,592019,1529936,1618288,4745
1714654,1729407,2127291,1368383,236823,4775464,477902,503118,543565,591240,1567483,2501546,6431
1672413,1672157,2043275,1574276,339827,6078829,496742,519848,425994,528497,1192747,2460261,5945
1354068,1726824,2099861,1615507,350845,6135043,729445,754178,521051,509394,789094,873960,4621
1341084,1319949,1663717,1545158,325457,6554097,883447,926835,576852,641612,1914799,1816663,4409
1656297,1665362,2043366,1319709,237084,4796152,503239,525132,528251,565033,1524692,2378297,5944
1694686,1774495,2119325,1640068,351879,6108473,492867,508619,408666,521835,1165063,2453021,6235
1401177,1712381,2056858,1582497,335248,5976680,701979,737730,533414,519619,785107,914657,4938
1037880,1338610,1693182,1348655,351988,6213244,731371,763538,535362,587700,1530042,1598518,3201
2030407,1543039,1695101,1331253,122710,5982204,699240,960112,593446,651522,1947125,3375210,7755
1903946,1877212,2390640,1817154,433179,5984944,568837,516383,469442,577665,1524197,3132730,6928
1348676,1738896,2116616,1649793,351922,6079902,724833,751999,531729,516638,797297,881110,4610
1407690,1333502,1706251,1346490,342461,6810468,916975,962628,619394,676502,2019390,2539878,4849
1651543,1523023,1663044,1323571,123296,5478189,501049,761003,540437,598998,1560839,2413344,5977
1683048,1774099,2097889,1612940,350734,5342738,489253,278565,488764,534097,1514625,2440481,6124
1665595,1870093,2440881,1845854,442714,6587061,924253,981308,548217,602767,825039,1706655,4484
1022150,1360651,1440998,1315909,350228,6020678,726331,758535,535777,573250,1499321,1569742,3104
1695234,1517088,1683076,1337954,126706,5411475,487960,732754,512123,568783,1544496,2518955,6369
1680863,1684092,2039533,1581813,341980,5403314,498213,283649,474286,522259,1560996,2464775,6076
1710343,1652757,2047706,1565354,347124,5951188,718394,740858,422390,469639,755718,1619375,4684
1089207,1431300,1610477,1517405,437834,6485014,891185,933557,533427,600665,1523850,1714285,3357
1676026,1554613,1966684,1258451,125148,4568969,488360,748353,479840,530615,1489445,2377923,5967
1774141,1660072,2053706,1579716,349476,5381548,488963,276737,439687,485272,1490391,2447412,6200
1711699,1587910,1974480,1499209,330842,5850526,689066,727755,439399,492655,748388,1719184,4691
1056794,1445308,1647588,1562074,347845,5977614,720500,749403,500775,545015,1112088,871389,3188
1438302,1374939,1622441,1014911,235777,5237044,698770,729076,490875,535321,1518728,2516837,4622
1980483,1738901,2342417,1777987,339579,5838949,496749,511999,415463,535387,1909808,3212042,7333
1710391,1653133,2085515,1601853,357722,6142302,738601,763653,492312,491802,778291,873043,4567
1071612,1313223,1598365,1499274,421879,6308214,862773,906152,521189,582336,1757277,1595033,3237
1407913,1419827,1616091,1006252,217253,5288550,698972,730191,513349,561034,1476146,2313979,4789
1708922,1689823,2087383,1620880,237895,5421551,268461,508326,476502,580822,1524727,2441707,6159
1971338,1891848,2461975,1860173,443298,6743415,925427,738107,547889,529703,1204954,1730297,6164
1052926,1395248,1703279,1628723,355281,6146849,734755,767764,543988,584599,1509903,850327,2974
1701159,1529820,1699056,1079225,124503,5419717,701194,729185,527375,586998,1547139,2518877,6417
1678527,1675738,2075065,1615988,339778,5520888,272288,287398,486220,586859,1605019,2487136,6292
1670874,1692805,2064450,1604897,338555,6158416,700153,566020,469827,448124,1057133,1580271,6179
1379683,1529284,2071344,1852510,446486,6463700,911434,958288,594690,657458,1578233,903461,3252
1634012,1492331,1647329,1050990,123298,5534489,719034,751080,538657,585365,1547319,2369480,5825
1737468,1722824,2133293,1656978,356109,5470388,270376,282394,484309,588443,1555399,2479101,6295
1674566,1686985,2058037,1579625,337338,6060617,705909,747606,478428,465513,794916,1697612,6001
1086921,1561479,2145004,1680393,358507,6431174,739532,769807,562857,607516,1148860,898599,3363
1712254,1509023,1688484,1252215,221399,6121782,897933,935052,588892,642558,1917054,2888445,6406
1649016,1709377,2073887,1609316,338357,5512472,268156,283228,484020,605443,1601084,2453751,6047
1687340,1723137,2083666,1596965,351339,6108129,728020,751005,473169,453085,789064,1637085,6120
1061388,1525604,2095820,1616846,345031,6106397,708276,742745,526561,592605,1209458,882481,3271
1347756,1339128,1292161,1072267,339858,6959773,940921,982147,619407,668673,1925968,3094636,4401
1674510,1756690,2089484,1605831,237114,4632603,268437,506241,534826,587819,1536793,2440045,6190
1946785,1927817,2420450,1829400,428934,6627640,833658,744946,488704,534073,1156263,2450460,7573
1033932,1526121,2077914,1627650,351026,6151001,722816,754149,544867,587367,1168063,876300,3214
1365792,1403070,1306944,1052973,233963,6031419,699261,731406,547591,603666,1568596,2542146,4913
1619379,1683163,2039122,1578814,230841,4808562,269735,521746,538920,592379,1589892,2466307,5930
1649056,1754269,2144937,1666258,354711,6306110,734635,524107,440414,467050,1171278,2364307,5972
1369533,1728516,2215730,1863037,448298,6712345,913074,956093,584867,646796,1189316,886532,3146
1338593,1363953,1287725,1073516,240771,6096081,738061,770351,540664,604473,1568111,2430022,4415
1734266,1724330,2096782,1624115,235415,4743792,265195,507083,528427,576539,1519199,2459397,6358
1690611,1730105,2069223,1594475,336194,6069330,706335,514229,418296,464396,1212193,2553111,6286
1336194,1760382,2089319,1629895,346901,6326520,718206,751723,536533,584833,792516,885904,3281
1409201,1477122,1689829,1349602,348451,6165293,922169,956658,571613,641882,1940984,2557668,4907
1666764,1702307,2067602,1618536,230815,5284276,269947,522001,546740,617614,1606730,2446444,6083
1661541,1729232,2492819,1898261,454156,6805675,935464,730599,470168,516236,1508598,2311113,6147
1385097,1745653,2100333,1604046,338407,6075766,696580,730149,530809,587330,788135,892296,3362
1067164,1353254,1298358,1352912,347627,6413818,726898,757947,541387,606190,1581655,1659437,3147
1697273,1743284,2090455,1639477,228110,5350046,696086,936579,598868,651700,1878997,2427545,5944
2001051,1886948,2463680,1837257,446647,6624253,717174,525965,489942,510952,1569165,2569937,7893
1317155,1555553,2054990,1598562,350005,6146583,726643,758308,529932,592466,1133259,874992,3046
1075412,1349459,1302141,1369802,316793,6151440,682853,713046,537390,581442,1529643,1593795,3424
1664300,1708402,2055584,1337115,123941,4784648,495990,759328,546104,601830,1589594,2425948,5739
1688063,1756225,2128539,1636254,351598,6248878,500225,281599,404023,509987,1486449,2388535,6236
1697522,1727804,2485455,1865688,444629,6690640,903168,949424,577075,588713,1187361,925618,4866
1362728,1392656,1304573,1360972,236034,6065272,727749,759362,568112,614483,1563197,1637906,4443
1693716,1691620,2084646,1325516,236619,4715836,490650,508740,531494,580116,1530560,2436915,6188
1608466,1748795,2012918,1552201,323751,5944448,461173,375744,416666,524740,1392132,2430030,5995
1655690,1563793,2023137,1412932,322720,5857014,668886,698100,492506,479356,747623,853867,4355
1440109,1225597,1640370,1411750,317457,6421387,818497,849343,520225,572265,1834742,1611166,4983
1672573,1673314,2075029,1227210,219919,4729382,472151,491839,519475,577365,1597478,2302068,6234
1710020,1683275,2107485,1484263,322771,6032625,469049,485962,406521,504593,1137531,2211211,6304
1409997,1607159,2063499,1426126,312626,5801918,643570,672020,503229,492516,752062,886894,4872
1058080,1251296,1619133,1434141,323884,5959383,679569,707551,497330,556645,1454873,1255992,2991
2088171,1619500,2220170,1537028,324129,5916721,884404,909120,594471,656819,2130391,3221971,7368
1712203,1547769,1940926,1508551,323509,5209719,474378,282786,444729,476217,1477227,2388662,5900
1720812,1627013,2043963,1573446,345641,5993113,715647,747596,429584,470835,752200,1595938,4679
1084127,1485384,1659838,1562191,342559,5877689,698127,728017,487525,547771,1150498,907062,3283
1363754,1454108,1621442,1020793,233532,5300988,723984,757644,508623,571753,1526427,2409256,4410
1722838,1624277,2062888,1567397,237407,4759447,268979,512234,479282,535377,1480759,2430875,6235
2077611,1770321,2389420,1781784,443751,6487442,917219,745015,450706,498572,1140110,2540018,5817
1068560,1466041,1639176,1564794,343942,6052129,709403,740363,501318,551975,1108606,848313,2969
1374842,1426867,1630464,1014661,238232,5236383,705351,727202,488291,537537,1493570,2463454,4556
1721066,1598659,1985416,1544998,227168,5242446,272893,512706,453259,554530,1525234,2418286,6142
1715621,1651276,2062086,1600269,352339,6003730,727566,519664,451601,438958,1119513,1612452,5953
1421248,1581514,2065601,1826029,447295,6448848,901396,941877,538604,607823,1438632,898836,3370
1433567,1409479,1645358,1041750,206180,5364385,688584,715004,506418,549683,1485846,2351672,4916
1742955,1572609,2017830,1554108,234556,5263533,271540,515168,436321,536737,1444202,2383148,6126
1705258,1654064,2013574,1539847,332528,5855131,691196,499916,438887,428267,1148009,1704796,6074
1354312,1443162,1990371,1537815,342122,5967595,705712,737102,490826,544636,1102546,854634,3143
1396992,1315169,1645356,1284569,346837,6312156,903035,944149,522965,595141,1839183,2495891,4705
2029674,1761193,2372686,1714464,327671,5216416,491954,741681,569256,624103,1553062,2472798,5702
1691957,1586805,1972108,1519083,326778,5991572,538622,503161,385665,474404,1063957,2238820,6057
1415322,1618893,2017498,1549011,339163,5829353,698149,733440,488570,492004,762506,893969,4791
1064968,1270660,1621779,1282970,337790,5818132,701745,734818,485214,545203,1461617,1570902,3062
2091353,1619533,2049963,1566814,232664,5304706,482584,725582,539086,594360,1823241,3181742,7513
1701654,1588531,1983769,1521352,331918,5787442,698307,507439,385336,409234,1131743,2467834,6027
1410027,1676109,2064899,1591814,350512,6091046,733063,764265,507014,558712,751990,904749,3323
1088838,1235609,1475649,1280192,330966,5864637,668344,700980,490851,539362,1476073,1714654,3256
1708318,1419352,1636562,1275376,122514,5186932,494953,758957,505653,561090,1560911,2464091,5937
1638856,1723770,2092383,1628142,351442,5513850,501437,282820,475184,511343,1517836,2390843,5921
1696138,1861572,2460682,1838977,446150,6650622,911749,958428,520300,575056,796999,1706179,4655
1042637,1352081,1283836,1339741,348607,6182266,726802,761280,528410,589714,1526683,1622611,3024
1737488,1720428,2127865,1360549,128300,4867977,492670,734722,522646,577212,1518827,2456726,6315
1681594,1680249,2070531,1613391,338071,5654848,490841,282658,474743,528362,1605236,2527162,6194
1964715,1901636,2485148,1900297,468028,6852895,962293,759365,474876,509091,1160298,2333992,5872
1049957,1558551,1683753,1622032,456503,6686265,909685,950076,587471,652006,1555682,1709232,3254
1971585,1882283,2434488,1605215,223883,5466217,709465,984478,617161,605817,1577037,2452980,7193
1693178,1665159,2078263,1601233,351220,6129820,499829,278643,403654,498827,1480962,2377959,5914
1703108,1732229,2092922,1603002,338918,6098481,696637,732185,521588,511120,790905,882721,4970
1049457,1488205,1674316,1609719,347809,6217079,722817,755735,535784,591510,1465978,897216,3121
1690917,1726844,2112634,1364600,236510,5348441,710447,961047,587574,647682,1893487,3242094,6149
1678001,1686647,2048216,1579553,334560,6070343,489206,282287,414339,505561,1573572,2536027,6218
1597416,1739450,2059399,1613644,346835,6161570,719152,751256,545773,533731,793151,880995,4382
1053592,1385840,1723105,1664519,350493,6333948,711732,746443,537933,589998,1593742,911502,3316
1633250,1523041,1673711,1069581,125106,5409784,723963,759650,545746,593505,1584107,2428900,5868
1659245,1738050,2098237,1615582,339174,5393619,269063,299127,466733,568507,1479257,2373689,5959
1992320,1941444,2457684,1846278,436195,6664170,894099,742714,530380,529388,1139584,1656369,6164
1057882,1354561,1682504,1627350,346712,6219524,724967,757381,563467,609887,1572589,870206,3007
1736308,1545815,1715494,1087686,127463,5516689,707316,731972,515720,567946,1518363,2471198,6798
1667472,1738875,2072891,1596740,337625,5399079,272477,286906,476384,595120,1567429,2529529,6370
1624051,1699885,2069293,1632943,352822,6208717,730218,762564,477350,455494,795396,1581783,5885
1044679,1564053,2145020,1855099,448616,6678699,894373,934514,586795,646534,1527624,1065562,3035
1611542,1546341,1666893,1055030,124324,5449667,724229,759525,526341,570058,1540174,2422259,5938
1973142,1948621,2520025,1927831,457800,6286124,486728,500956,534054,575901,1497665,2383081,7424
1723080,1723255,2083844,1602896,334081,6060509,688489,721557,495493,464133,819692,1716909,6357
1052947,1547218,2079434,1615180,348218,6104617,725891,756448,551043,608026,1176379,890079,3174
1667061,1593595,1712811,1353054,239123,6072676,711238,961566,575786,630936,1866954,3243516,6115
1560450,1752246,2040481,1598449,323040,5370293,367447,281420,486434,603262,1563006,2407292,5810
1661634,1753900,2092725,1634643,349921,6141765,725931,760354,489720,461331,787638,1586499,5795
1056748,1563403,2117154,1639672,350141,6002265,709742,742046,518266,579285,1158891,926745,3399
1340171,1377628,1308746,1090946,232320,6203677,724589,762130,561147,607171,1616318,2468821,4639
2001286,1964928,2538374,1925324,351407,5517123,496417,513660,547156,603166,1885033,3138023,7490
1693075,1754690,2066383,1585011,335609,5950468,694768,732244,479001,527807,780462,1724738,4908
1011372,1501677,1831013,1568817,332578,6119702,699781,730828,535685,593966,1153871,873772,2952
1343957,1386601,1305563,1084090,239908,6162239,716077,738127,545546,597888,1534245,2442393,4514
1702153,1716585,2083793,1625250,233836,4967626,277140,523511,539503,605666,1588380,2509698,6396
1637408,1743184,2093607,1636897,351802,6148879,727197,522862,418298,446686,1137299,2329939,6040
1362989,1727475,2096454,1908875,455806,6675743,911065,951583,594258,643707,1181534,864217,3015
1292786,1584582,1687450,1091363,232505,5572835,724534,759384,548725,612814,1592147,2440625,4536
1664084,1754105,2117851,1624342,238012,5051207,271571,516045,518553,572903,1493050,2395881,6215
2017759,1893681,2471334,1858384,440370,6725924,901414,722125,407447,448396,1188687,3290964,7635
1321071,1718612,2054875,1588880,347773,6111214,727303,757759,540273,585609,776576,862642,2960
1381589,1599299,1712953,1369428,352666,6135114,932313,956979,601097,670772,1906310,2469284,4614
1681369,1687272,2038010,1584869,229783,5305827,266400,504469,484531,586505,1560226,2494969,6087
1643242,1735402,2094786,1631205,350784,6205032,724250,518042,470848,453257,1163240,1615414,6146
1384184,1652066,2101889,1610180,343446,5940153,695622,730975,518963,576971,1101918,903064,3365
1055199,1295644,1261891,1327880,325156,6190763,708521,743111,539750,597917,1578858,1617871,3300
2015106,1887804,2505185,1631156,237995,5493365,499744,763181,538124,640613,1866630,3167552,7557
1693347,1770237,2091065,1599972,338127,6145409,700114,510091,477114,459549,1190709,1707131,6218
1313323,1578018,2052851,1603304,344124,6097689,719111,751208,551848,599186,1142323,848211,3082
1375306,1315921,1282557,1348268,238953,6064939,713332,733748,503321,553376,1512068,1661336,4606
1676984,1758127,2073527,1338920,231127,4811372,492140,520456,536461,594077,1565778,2524698,6160
1651848,1782787,2079661,1611100,339442,6271034,474367,344487,423229,529371,1421637,2257234,6302
1669512,1689635,2475630,1883976,457261,6539833,911419,954249,583084,589081,1184915,888973,4343
1612738,1539112,1674945,1596903,232333,6151958,723139,995416,612501,658018,1966218,2412394,5480
1661613,1785690,2130280,1366237,238442,4978144,489729,505630,553269,607214,1495118,2344640,5844
2030147,1941654,2507090,1889165,439431,6868346,685591,720515,429424,529434,1184980,3309516,8061
1352832,1665138,2039705,1594884,347607,6150738,724738,754842,530047,531472,811673,868590,4322
1369804,1385287,1681013,1506269,336331,6644211,906718,934055,582819,642351,1842274,2006962,4643
1642531,1669394,2014024,1295272,230118,4654247,488379,515295,529936,578877,1573295,2512047,6010
1628888,1717754,2052216,1605453,350649,6077438,499122,521451,423796,518379,1148042,2291487,5870
1331345,1796355,2130453,1655687,346775,6257081,698478,731203,546325,531619,804071,855021,4659
1036953,1382804,1684033,1338501,341349,6129451,727096,763063,551714,601299,1563961,1641408,2906
2005497,1752784,2140874,1667142,242364,5710729,507486,751510,589640,638784,1880834,3173749,7926
1706124,1724743,2085943,1593005,338473,6041144,654672,508611,410423,523109,1193978,2538385,6326
1332653,1733500,2068823,1615078,347973,6198211,723709,756046,532469,522171,789743,877914,4520
1040295,1394899,1707363,1343984,350934,5998892,709490,729298,540674,589896,1536173,1673231,3113
1667448,1516391,1656106,1316098,123482,5528579,486411,749040,537931,587789,1585857,2537775,6011
1954946,1890253,2497042,1913121,466891,6130768,732727,529625,462990,515921,1505744,3049661,7237
1385725,1730995,2112949,1623537,345834,6029574,698526,732911,534439,580953,781712,875590,3184
1011694,1345509,1433934,1354073,340551,6263990,726215,761410,546902,601108,1596156,1656205,3069
1664573,1552598,1688994,1328670,125427,5391072,498263,749289,531183,583135,1499081,2392563,6135
1689543,1647999,2053487,1574101,341964,5250656,482173,282825,455507,505141,1575181,2568661,6300
4519756,1986241,7085327,5499702,1350249,12174085,2283712,2051258,442651,520618,2660767,5448523,9146
1034083,1532113,1686933,1634780,461664,6778286,928929,955360,587121,646164,1527028,1642165,2986
1667970,1689976,2059784,1338715,124682,4878330,489681,750015,543237,594272,1566239,2490014,6075
1661918,1747656,2117199,1659129,352761,6114672,501336,285726,461801,537060,1517031,2300531,5942
1680157,1693562,2082184,1628831,331813,6195054,669059,694587,474725,513569,805062,1578860,4904
1020973,1526753,1700339,1616979,340533,6200175,719053,754259,546739,605841,1199119,877848,3075
1705008,1781352,2142987,1364011,240002,5618997,726333,972968,595731,652593,1865742,3161771,6490
1700400,1718676,2094302,1626901,338461,6222566,486696,284373,425185,542227,1617778,2565188,6498
1625851,1703848,2061540,1614469,347603,6220733,725029,757642,554392,529948,795425,838466,4250
5035332,1611717,6360114,4639329,930924,10270686,1699519,1828395,568997,665669,3790244,7120603,8245
1393253,1541929,1667391,1067673,189322,5508862,680493,721071,540203,593261,1535391,2402812,4575
1995931,1879411,2453321,1878663,345356,6084195,488638,521553,487394,602163,1850989,3018326,7403
1721736,1737297,2137379,1660432,343838,6261219,692048,723345,537669,526215,806202,886756,5003
1031633,1357430,1681650,1599409,340169,6084324,723976,762154,545167,605949,1585738,881498,3047
1673996,1510042,1679534,1054929,124889,5523690,727889,750362,510366,564932,1494482,2386786,6113
1694366,1724153,2106848,1629803,342611,5519184,270306,282373,479169,595599,1618512,2541943,6186
1611328,1716519,2048224,1600889,334651,6303871,699385,636773,489761,463290,976658,1516982,5773
1639981,1757596,2469978,2172613,556180,7479669,989379,961795,580344,709384,1840699,1515008,4624
1695567,1499814,1672509,1066084,125414,5411769,708491,746784,532356,580773,1583057,2542837,6286
1653857,1674596,2075939,1621550,351154,5495602,266643,276473,474509,579647,1512797,2318286,5924
1715490,1781881,2136196,1628929,344533,6016601,693938,727804,480211,468451,789199,1724326,6541
1006603,1491261,2060412,1609041,339033,6154446,720391,756166,550920,603744,1207168,875428,2908
1687216,1536472,1721093,1221043,236626,6063780,956003,987241,581090,638054,1867991,2934862,6067
1729137,1728287,2112611,1626066,341600,5653661,276863,285269,478323,598092,1596896,2575895,6605
1663076,1744759,2083539,1640508,348939,6365932,730218,763005,487269,460860,777697,1624412,6015
1066076,1450464,2098668,1617843,352189,6148380,714548,735886,513799,574030,1145525,877413,3195
1369204,1282312,1234939,1029066,230330,5868881,697929,740261,488653,550562,1509521,2484738,4592
1992059,1806409,2411392,1837901,345923,5422152,476531,518678,496612,602914,1820505,3001321,7308
1746186,1583846,2041079,1574827,347752,5917797,698255,730212,433439,420883,765769,1704032,6073
1048582,1422703,2020493,1551277,342891,5917400,727672,764505,500777,555508,1147467,864882,3070
1356395,1260501,1220709,990120,237397,5923144,725664,749151,496740,554455,1464942,2400800,4615
1712841,1588992,1990968,1507984,339206,5239497,485133,733895,534786,595320,1903968,3323689,5975
1979372,1735143,2382935,1817321,460462,6648595,956792,759899,424414,467710,1138009,2381655,5852
1386176,1609686,2136266,1819769,447250,6560768,702234,723804,477231,589512,1430031,1575861,4739
1354390,1269476,1266592,1006589,228481,5816983,669008,709942,498895,558760,1492472,2414788,4612
1710749,1599469,1993010,1278031,123611,4586540,488027,748343,476576,534179,1432830,2328855,5963
1724961,1710043,2068874,1563760,341720,5933661,484285,282719,395945,492536,1543801,2536467,6274
1646084,1587084,1982938,1547110,335678,6107199,707944,739385,502830,482486,741269,840897,4324
1408927,1272997,1660971,1599116,350973,6700712,944182,969420,550859,609837,1834278,1656349,4631
1723124,1634942,2025232,1272649,230793,4630300,485744,514089,488241,554116,1514477,2545576,6296
1685482,1621981,2025332,1557095,341870,5981986,478863,351891,381782,478384,1382116,2311447,6284
1723986,1627055,2045700,1575375,349832,6047319,706358,731442,504585,493446,782365,899183,4647
1041008,1266006,1621891,1558770,336667,6007553,715838,756781,506653,568212,1552979,857740,3090
1999479,1669958,2040391,1302410,237540,5340882,714001,746035,546387,616975,1793604,3067304,7331
1719927,1657549,2078930,1555515,345819,5868268,482200,501890,375864,479463,1151650,2570270,6264
1419929,1574389,2018957,1558945,343120,6131330,719811,751244,496631,483591,758940,902569,4736
1074549,1212063,1641344,1420212,345267,5899151,710224,733257,473927,530406,1442421,1409692,3147
1724436,1442625,1603565,1003177,125083,5312393,693891,734410,494018,557901,1515996,2503925,6194
1978904,1756609,2384521,1815209,466000,6032281,490670,510529,424536,541944,1498234,3090174,7294
1395019,1621976,2047003,1575703,349728,5864276,701597,724813,489204,479838,770041,876614,4561
1359122,1422290,1944889,1519116,331573,5872274,702701,948864,557457,612976,1854686,2325489,4363
1693442,1439161,1616738,1267486,123818,5314493,487821,735425,478575,534611,1423518,2324327,6235
1711741,1658568,2031959,1532282,334542,5135391,441145,281418,434375,540836,1515333,2513189,6358
1675690,1685985,2320382,1751658,448254,6480202,943374,985106,470904,470977,760605,1654941,5940
1699815,1592034,1997888,1529094,337468,5854231,490498,515696,386411,488023,1145136,2494391,5895
1397886,1575785,2022206,1568713,351887,5943139,725911,756311,489836,473326,744479,887297,4596
1090903,1286544,1657272,1291651,339407,5879616,687382,721806,477712,539433,1503935,1744563,3480
1691950,1401044,1599847,1244341,124502,5185752,487720,739067,473654,526545,1481984,2395779,6125
1700471,1664656,2040992,1571113,237128,4920787,266562,497136,476479,545750,1457760,2429949,6196
1959237,1864425,2445356,1832257,448163,6548861,929096,746195,462437,507740,1178711,2554282,5927
1027109,1538935,1677394,1606392,349225,6142910,727347,762366,534771,583866,1156283,859385,3042
1374933,1575997,1714323,1084509,234898,5508850,699932,727406,537292,592846,1560180,2527268,4785
1640418,1673833,2023866,1570789,232942,5584992,275796,518265,450358,572011,1567187,2475845,6254
1698994,1740064,2107083,1620915,351866,6141541,727704,519692,466245,441398,1136731,1642857,6174
1363412,1571211,2061485,1842696,446793,6608190,910167,953033,571858,628817,1512410,895961,3276
1305390,1525995,1638542,1053665,206708,5420438,696955,729997,528298,589640,1504930,2288269,4389
1697854,1733369,2101764,1615295,236588,5509339,269009,510288,458808,565632,1494341,2456621,6210
1972446,1922957,2446883,1852470,441223,6773545,919985,743924,534791,520929,1191516,1698289,5896
1317375,1596999,2079928,1621602,346442,6233889,717163,747905,540098,590961,1148608,858471,3097
1690947,1531476,1695373,1362213,240313,6114764,924785,960678,584376,652414,1939847,2508249,6255
1610973,1708170,2069197,1596120,337735,5546264,271812,287636,494842,593648,1578331,2449210,5983
1632312,1702631,2051165,1599902,337545,6252569,700122,596185,465680,457310,1020774,1538016,5909
1383545,1529586,2093165,1599170,341539,6071520,700625,731071,537129,590845,1189280,897753,3284
1327854,1303457,1264038,1315767,235860,6200984,729801,762760,521436,570562,1543004,1663687,4492
1701074,1753675,2111218,1344261,237343,4815811,480968,500218,531558,585601,1506587,2426987,6288
2004842,1975508,2476749,1874230,444784,6768228,705431,748937,503791,542159,1215087,2561928,7535
1043528,1651408,2141250,1676734,351434,6365551,724685,757072,569743,612888,1195465,881625,3126
1358488,1371944,1283909,1237714,218885,6000435,670125,700542,522751,571731,1497921,2085464,4790
1653875,1683093,2030644,1305937,230302,4843733,497810,525067,529529,588141,1565962,2488541,6074
1640148,1719011,2097662,1636275,353513,6335263,506137,525567,415168,510459,1159224,2379129,6043
1339380,1753748,2496414,1866669,447106,6668468,909159,951862,584585,580262,1158181,876870,4758
1610217,1504916,1636998,1039915,234433,6136435,971539,1018234,571835,635201,1931846,3195234,5462
1651535,1734484,2100312,1621359,237210,4871045,271391,509743,533372,582244,1523411,2460656,6296
1971596,1817321,2380900,1787286,435274,6568112,870541,731738,459267,512615,1179067,2545876,7433
1323805,1675622,2047032,1585318,351021,6041967,727176,759537,522528,506478,759742,868071,4432
1369582,1262482,1612618,1273279,346777,6699632,918153,953794,558829,609031,1897108,2540373,4904
1617363,1729764,2052698,1582777,230855,4821047,269516,520373,527761,582326,1562722,2460652,5943
1656634,1680608,2078037,1601220,352796,6099001,730120,521066,405173,437831,1121232,2342086,5739
1334746,1722887,2095958,1611307,340385,6108465,699125,732266,532643,580508,772975,878814,3321
1037825,1283604,1335282,1279185,341845,5929755,716648,748720,496237,548642,1493689,1612609,3114
2073638,1623766,2058855,1554266,237288,5295440,496168,743818,530107,595277,1842951,3255938,7890
2479985,2297050,3386891,2492322,441677,6756272,923685,1252000,603415,674880,2024345,4373085,11044
1378937,1635727,2042710,1606407,353333,6294148,733985,769882,575967,632333,876527,929804,3213
1037342,1236473,1218618,1284516,341288,5834093,693383,720394,473687,524457,1459685,1642084,3103
1687834,1650364,2010200,1281618,124869,4653133,485752,748984,501421,553902,1522188,2449937,6121
1733574,1603927,2013720,1550764,341307,5752391,492390,283784,391015,464567,1434817,2349639,6247
1708253,1804486,2397860,1788673,432107,6397482,884766,925365,487650,543755,738640,1484466,4859
1057154,1240832,1615456,1549730,342696,5902388,717082,751409,491445,546661,1479711,870408,3027
1714084,1472506,1632336,1005776,124754,5172281,689415,711087,492472,548262,1476447,2424238,6437
1679599,1618276,1967566,1528534,330758,5187302,270948,283414,445029,557444,1524515,2451811,6081
1974042,1846310,2438042,1849554,454620,6610744,941822,982408,431491,415081,743691,2283891,7171
1088109,1418030,2027724,1720657,436875,6459806,886573,926887,539760,592110,1487501,1214557,3621
1658912,1415396,1592435,976722,123496,5152497,731074,762925,485788,542025,1538757,2449230,6087
1650633,1794733,2122090,1653005,349480,5483735,269791,281956,486523,590774,1525295,2416196,6300
1669541,1701806,2046156,1567941,330156,6015299,692128,733374,469068,447296,789813,1696612,6293
992595,1558070,2065328,1615238,349069,6138273,728484,760871,531978,592565,1149443,853628,2891
1667842,1538755,1702225,1350081,239624,6221955,712924,959930,585192,642693,1915062,3260263,6304
1623566,1667483,2025778,1585283,323352,5456104,395744,290380,456908,575211,1539038,2409314,6022
1642644,1748215,2084329,1615938,349845,6118441,729074,762149,460216,439039,760246,1598048,5733
1036237,1503529,2103000,1615070,342810,6013776,697497,726908,502855,565551,1161500,894495,3309
1323019,1358105,1285429,1048098,233042,6055667,728780,760970,536296,580389,1581912,2454085,4675
1680292,1742918,2099078,1628836,236546,4827441,264167,511179,512212,571643,1505366,2428941,6241
2044405,1906447,2480448,1847842,440630,6512777,915862,744497,480570,533960,1185947,2571745,6537
1024885,1420203,1818818,1582892,350373,6060696,729420,762658,504257,551521,1145475,865844,3045
1333101,1391841,1294149,1058443,237686,6068672,707943,728307,534100,582292,1533056,2483472,4890
1627233,1705599,2043967,1600154,229514,4816088,269530,520651,531649,585230,1578101,2488552,5966
1949864,1910682,2500441,1912970,454167,6616542,939065,518448,395031,432518,1489310,3034824,7481
1319169,1687746,2050057,1853993,444592,6476394,903482,946352,564505,629193,1171024,885817,3096
1304453,1541079,1654553,1046329,231248,5328493,727084,760219,520914,580691,1551358,2423829,4505
1666836,1687042,2079195,1611777,236000,5078830,269063,515146,495843,554680,1493970,2422336,6257
1601018,1678978,2041803,1574833,335389,6085081,489287,288145,407557,506771,1541354,2514414,5926
1622631,1666308,2067299,1611123,350086,6158852,730272,763163,523969,499024,769028,848793,4502
1354962,1371299,1695949,1624183,345637,6738178,918145,955818,577187,641809,1931268,1701791,4818
1667444,1653462,2071919,1347249,233476,4821745,490050,511237,524974,583787,1583998,2465950,6218
1652180,1742849,2119502,1636988,348783,6172319,502232,521268,419983,520508,1165754,2379740,6185
1375121,1701493,2073741,1590931,339196,5974382,703712,736385,506267,498117,772365,883791,4766
1033379,1363597,1688173,1583268,330891,6219482,698869,729177,537563,587885,1500086,949557,2941
2021896,1699995,2089171,1335873,237627,5454856,716933,737155,556799,619632,1874261,3198816,7548
1697893,1725242,2076346,1593563,335826,6186445,490385,517466,396736,514420,1178928,2576333,6315
1355934,1710619,2081631,1623681,344682,6314287,719224,753891,529568,518370,799796,899088,4754
1043599,1327306,1704370,1351005,344509,5957688,699564,731689,519923,568585,1556430,1727571,3394
1648495,1683811,2035881,1548390,230167,6128072,725972,1000484,575156,637544,1581483,2477259,5992
1619614,1748838,2092447,1640204,335845,5508551,341749,277923,465249,578866,1475427,2289735,6151
1969370,2063357,2835186,2108588,529541,6620567,912276,956971,582679,571933,1122117,2363072,7402
1017871,1348141,1659553,1324675,344302,6103224,726345,759653,524424,584102,1552712,1618532,3107
1683116,1497769,1675351,1329015,122865,5469843,481794,728429,502824,562922,1498596,2419530,6132
1674722,1710064,2055007,1576218,334409,5351960,488524,282225,475007,526495,1588178,2546468,6099
1648740,1712564,2044750,1582151,344189,6077325,721036,753034,464443,503450,770021,1594439,4626
993221,1501520,1881113,1578322,442455,6633184,889359,927318,553415,627405,1497950,1697529,3072
1649390,1501046,1637109,1302348,123727,5236939,496331,760785,517314,570332,1549205,2425997,5799
1640703,1743097,2155965,1675406,353340,5727964,506668,284245,473748,519521,1536603,2376165,6102
1702227,1752664,2108234,1611840,338626,6125372,702913,735239,469239,519798,778828,1707591,4903
1003641,1496619,1660547,1608443,345173,6226763,729012,761800,516843,578503,1158769,865015,3041
1669694,1775783,2110131,1349781,237344,5558101,715109,966580,573859,635930,1872021,3215814,6010
1675284,1690658,2058820,1582074,335724,5563040,489643,282334,459147,504871,1553671,2548525,6113
1707016,1705934,2114180,1637944,350867,6272668,734836,770512,486806,527739,802530,1645610,4912
1011144,1520583,1691729,1638471,345769,6040687,700049,730650,515660,563040,1156870,879455,3104
1310981,1548201,1669548,1051031,232044,5413813,721621,758136,513267,570247,1558827,2466112,4526
1950021,1907552,2474214,1879526,346324,5980907,494565,518163,469693,566840,1847452,3090735,7201
989188,1380858,1294236,1349622,350431,6188496,725341,744991,517434,568752,1476688,1629110,2985
1946273,1708181,2222511,1591257,222167,5987478,655676,924427,575487,564565,1513549,2414917,7352
1643190,1704808,2061837,1606586,345822,5586826,499190,279039,464260,509634,1515434,2352558,5937
1671416,1760429,2114897,1641540,349226,5977428,705358,728903,463257,519164,794463,1708281,4920
983114,1504671,1637795,1574194,333256,6031098,716209,760276,509766,556645,1156657,875159,3067
1606492,1692074,2062710,1326227,231476,5543834,715861,986781,587519,645980,1852311,3058776,5824
1727775,1683642,2083319,1586056,345069,5873083,484852,282415,405190,507168,1556396,2547172,6129
1613414,1680407,2065316,1603890,344218,6208741,734233,766354,501889,509215,783363,897571,4338
1004697,1559667,1653074,1600552,336520,6153575,695192,716314,498969,555173,1165615,892642,3199
1313886,1527757,1656194,1040933,229427,5456106,700975,742321,508361,577777,1570253,2529163,4631
1916749,1894202,2426178,1868504,344281,6056167,489781,522743,472711,575739,1885570,3086185,7224
1687814,1725356,2110528,1633134,351279,6125751,709721,731900,510767,502802,779120,887519,4832
969132,1369066,1648481,1598223,334994,6053417,716193,758947,521869,581397,1571542,839963,2822
2432735,2126201,2730069,1833804,353307,6532015,949106,987855,728081,708901,1991471,3179072,9809
1654285,1714726,2087956,1602979,274361,5386352,272713,396970,460388,575412,1538777,2436637,6301
1917682,1872420,2435920,1862110,446665,6674548,957123,760362,511792,498025,1151111,1615659,5923
993911,1300830,1678774,1637447,348277,6191029,725201,746676,508272,565883,1496576,880233,3165
2009549,1683640,2028987,1291630,216845,6031446,891101,943134,499736,547448,1551634,3252876,7617
1611788,1671312,2051652,1589452,347879,5368201,269670,279892,440629,554886,1503413,2349094,5778
1668889,1735674,2077991,1601676,346045,5913423,702614,726481,446085,426405,761515,1674582,6084
1132461,1496608,1998397,1579954,318735,6093480,686617,726759,519899,574480,1171845,835955,2828
1628430,1543941,1677401,1320673,236007,5961795,955292,998319,558526,617219,1830604,2330260,5941
1725109,1888372,2153836,1667921,340941,5393186,273581,284087,476732,594204,1602983,2541265,6472
1634914,1671566,2043767,1584231,340385,6067670,727288,758488,456411,434942,774894,1650998,5785
1003856,1540431,2136593,1658692,349972,6259234,726817,752294,496457,557931,1131601,890866,3203
1343188,1307649,1240252,1023222,228652,6062037,701689,743389,520832,578798,1582023,2541162,4670
1897082,1869583,2434982,1770528,346586,5569208,309864,522494,508585,631877,1907781,3063898,6974
1675760,1742010,2112616,1628851,348291,6076764,709000,731012,446772,431571,764777,1671570,6218
976056,1488822,2041355,1604282,333231,6110863,717180,760641,509352,565823,1165504,846620,3030
1320256,1332629,1321835,1098189,240499,6413838,723805,752709,536292,582666,1498522,2332817,4687
5289501,1801101,6452302,4364636,879058,9635593,1456555,1819447,598571,710211,4791332,9836193,10786
1996418,1788539,2387055,1801811,446753,6472945,959652,763909,434280,443255,1135704,2401452,6526
1031640,1433955,2419952,1834782,458630,6499230,952085,980102,521826,581587,1454086,866345,2890
1382533,1227826,1207916,986912,230124,5806511,693523,733529,475835,528275,1495937,2471316,4539
1993370,1844796,2424428,1865126,338945,5403160,483988,731805,500497,554411,1485256,3002975,7052
1753686,1613078,2018301,1549207,336891,5865551,683787,479019,361378,403619,1113509,2391341,6275
1358860,1615206,1992956,1808077,432565,6459405,925473,982159,552212,615172,1131692,870808,3040
1380438,1370599,1579252,1011893,236146,5330451,713779,748515,478435,528456,1455920,2324989,4549
1722586,1671493,2015695,1539377,214310,4630168,267903,505041,480594,549768,1497360,2427688,6383
1659513,1569494,1977138,1520260,338167,5832820,728957,523476,365292,410987,1136240,2408699,5910
1379968,1663582,2046139,1576829,346534,5896492,721623,741850,475061,536525,742572,872616,3052
1056833,1197711,1230336,1279471,325410,5886086,683483,723683,483574,535567,1507427,1632719,3148
1985768,1751297,2370690,1546264,237729,5243561,498172,747817,468689,592100,1819267,3038164,7099
1714575,1663624,2044879,1569904,341956,5869644,696886,492297,415091,404868,1120476,1689200,6347
1350646,1528038,1923414,1497503,319022,5608901,685223,725617,465932,513318,843055,849201,2992
1042633,1234951,1233939,1310100,346363,5989034,727391,760632,489235,541915,1472184,1582811,3066
1764421,1578640,2056690,1292663,127296,4718083,491100,732990,473832,535044,1525422,2556410,6374
1979354,1778608,2399956,1815573,446692,6477373,731460,523120,427504,491287,1544229,2420734,7192
1400764,1400746,2054589,1591540,342094,6048457,711479,732944,483120,538004,1129701,875849,3067
1389674,1218909,1213999,1270714,228704,5898989,697075,736494,494009,539977,1548003,1719889,4550
1659809,1438323,1586425,1084446,123831,5211787,561181,712804,475969,528635,1421656,2193587,6104
2044114,1721918,2382638,1792819,435695,5562674,266257,283751,424224,564149,1825886,3206233,7391
1649970,1843603,2370373,1793567,440472,6368493,950953,999635,512964,503015,752018,1649230,5668
1017064,1230165,1615196,1274258,345653,5880791,727413,753375,476593,524308,1461767,1600681,2946
1680833,1554780,1680431,1327717,124837,5424843,487631,736117,518779,577850,1569548,2494943,6123
1612765,1770154,2069503,1628599,343267,5519003,499587,283840,478517,524015,1537068,2363515,5686
1714957,1634460,2082161,1608615,346459,6062557,713105,735871,458577,455579,789310,1625427,5364
1031416,1556378,2098982,1616773,336528,6182013,713543,756080,519204,587093,1177255,888562,3046
1664685,1562632,1699843,1353963,237236,6013520,727962,1001976,575542,631056,1877655,3019661,6048
1673860,1754368,2098563,1631070,341388,5325284,484562,284682,471673,524089,1585848,2527064,6433
1642201,1700385,2039772,1597659,331835,6124082,715402,751725,464067,502628,783927,1605456,4628
992610,1542767,1686004,1627374,347119,6186359,728455,754740,514807,566077,1125157,859547,2924
1344020,1409923,1566596,1047558,229512,5797145,698842,733092,534736,583758,1583326,2494459,4836
1952607,1846203,2448270,1894667,341549,5639167,502555,522477,506639,569363,1931084,3120209,7265
1714536,1758373,2124730,1639934,348285,6144499,715748,738366,463454,507360,778097,1657617,4649
1024323,1513442,1649890,1569958,332226,5990808,709364,751547,515502,574484,1177403,892492,3072
1312036,1521752,1663234,1046382,230869,5482442,716672,749336,529525,572721,1512618,2275726,4354
2000496,1983762,2535085,1940510,335123,6071998,269717,509806,463395,639109,1935331,3234583,7554
1939326,1947569,2474843,1894013,442768,6758000,954269,763636,516215,529094,1165281,1688355,5677
1042864,1490961,1649389,1616485,331579,6202402,695197,719794,513943,559043,1171084,882969,3232
1360571,1478648,1655394,1028060,229477,5350650,697921,730475,495853,555216,1564857,2527436,4918
1631734,1708338,2049220,1598680,233206,5340885,268462,520406,466291,584903,1555647,2379982,5938
1701664,1767140,2112983,1658100,342366,6156059,703640,506482,484882,461589,1164799,1636801,6278
1364061,1518298,2045760,1856134,438635,6729537,927984,983321,592199,650778,1599841,898223,3032
1663149,1534662,1704948,1071168,128100,5578682,731455,767355,518718,586959,1513985,2309930,6081
1713354,1766300,2087018,1622238,275435,5403362,270090,394003,470368,567687,1504156,2401914,6489
1659829,1687502,2067650,1615152,336104,6210888,725060,520141,482057,456438,1183956,1638034,5979
1336162,1560668,2104741,1621019,346990,6027645,726231,752409,514037,566081,1123355,874442,3101
1345453,1293349,1246753,1324054,229332,5989577,697300,729427,512571,572141,1574474,1684040,4595
1949091,1913738,2484076,1627959,345732,5552622,501150,521804,541931,655706,1966381,3170912,7526
1711471,1745945,2111075,1637797,348342,6195032,714945,735494,459564,444453,782064,1678683,6188
1173112,1483421,2043901,1577513,334355,6017320,710298,752843,513752,572448,1163715,870870,2897
1646459,1521601,1687375,1632971,347773,6840806,958622,1000082,512679,560665,1509612,2297239,5790
1710296,1768202,2111050,1335726,232915,4699414,480139,504525,513974,563697,1534871,2532309,6384
2247286,2131345,2836153,2147300,539440,6713365,722041,756160,539264,599141,1584132,3155706,8335
1018341,1555018,2127679,1657904,345554,6098510,722845,752533,532577,582704,1154565,886697,3191
1385706,1330669,1265510,1046171,227864,6115735,696957,731106,531582,584319,1600030,2542258,4957
1617366,1723995,2056885,1485360,232163,4766559,303272,525259,521957,586761,1560587,2387602,5912
1701738,1772491,2131601,1659284,348579,6130268,493928,511495,418198,523133,1156446,2422669,6064
1356605,1706685,2480730,1886677,438781,6718147,930744,988260,603545,597187,1192439,870527,4564
1315943,1382959,1279522,1047928,235799,6172987,716289,745424,534632,576189,1501267,2286575,4674
1721020,1730720,2147245,1665055,236511,4831609,271639,511436,517053,584334,1568100,2526830,6589
1642920,1735419,2071969,1606962,336664,6089838,725783,522821,426248,455904,1209401,2436526,6010
1310524,1790168,2122033,1650365,347006,6256513,727132,753303,522157,524352,772607,874556,3615
1014957,1313884,1635673,1306545,335140,5974403,698936,733440,523579,575588,1560037,1693275,3096
1938804,1679744,2069433,1632436,234934,5464444,503004,763008,594801,650812,1939042,3123992,7092
1702134,1801689,2147897,1664025,339404,6235681,690843,483523,416746,455556,1178525,2409651,6467
1341866,1768755,2076133,1606645,334899,6216107,710487,753199,529358,586731,782518,906243,3119
1020323,1366775,1761093,1712224,461644,7218590,963791,1008438,630224,687207,1945852,1604527,3138
1703299,1668521,2069214,1352454,123111,4984690,484215,730650,530267,580105,1570832,2532447,6508
1978597,1824918,2355472,1792371,421980,6050369,711062,507479,457383,507551,1507313,3073887,7263
1675373,1887256,2469440,1886655,353801,6133208,725457,933796,572171,627745,1116833,1515723,4602
1018418,1327178,1270715,1334715,329052,6003983,683793,719327,526728,581829,1568036,1678910,3134
1664962,1704536,2058896,1325869,122688,4786522,501552,765632,533355,574774,1549655,2381496,5933
1724775,1753321,2117766,1650571,346359,6080599,491080,278595,419056,529016,1554000,2451256,6267
1674389,1923336,2417972,1843743,421683,6612545,893849,949101,595870,590783,889201,898790,4538
1022938,1275458,1254460,1297246,346780,6023794,728683,761812,516666,562630,1530558,1598181,3209
1721430,1783788,2127336,1352725,126333,4803459,488998,737411,528449,585568,1553744,2500462,6309
1611025,1709977,2055986,1603986,331433,6114872,487477,283379,406950,521808,1578685,2377676,5825
1741021,1784530,2157316,1688807,351080,6463006,735689,761538,553806,534193,800199,880923,4578
1357649,1330351,1668583,1588858,338776,6656042,915169,960619,565631,624750,1953332,1693825,4635
1631753,1706352,2052968,1321846,204420,4787321,499286,585684,527301,596144,1544241,2376941,5843
1730532,1699085,2092139,1620649,349923,6064029,489688,279399,413736,509982,1511998,2444498,6204
1704132,1692577,2068415,1595996,337261,6109635,709750,750327,545115,525877,809523,923852,4827
1002221,1355945,1677146,1627337,350786,6139208,730390,763272,537354,582496,1526284,866612,2958
1692310,1537570,1694065,1071988,123246,5397681,698833,730662,519500,581907,1545126,2512326,6146
1977123,1838943,2435109,1852689,447811,6057218,501977,524209,466800,569970,1560869,3221693,7372
1860692,1918815,2476098,1905494,335660,6230058,695968,936611,586858,578544,1159250,1600162,6173
1038536,1359049,1690941,1613646,336647,6037886,695129,732387,524992,583989,1578884,913059,3396
1645371,1528281,1651523,1028646,123055,5409969,729370,762317,521716,584450,1540814,2397762,5948
1712538,1749737,2125535,1654305,347896,5438940,266998,280374,482879,591993,1564652,2482993,6323
1650029,1890191,2423616,1829633,435478,6691728,917417,974010,535607,513228,802815,1712436,6023
1002934,1355589,1665571,1324408,347277,6048656,727418,761415,528036,587437,1508405,1598553,3150
1700088,1584724,1694733,1269758,123377,5453255,503938,732516,532497,583899,1553363,2519255,6298
1635913,1705594,2084090,1626775,332430,5646016,283635,290212,479583,594198,1578518,2379706,6076
1698976,1756668,2124600,1635873,349792,6169423,727379,752004,461513,441590,796593,1647033,6197
1002821,1530848,2064256,1589469,443127,6599136,912262,960678,581350,656474,1584029,1711372,3113
1629346,1528122,1651131,1322242,123502,5380453,489814,751109,537426,576836,1529371,2338091,5717
1659300,1725987,2099163,1638898,349661,5432105,490492,279138,459731,507853,1536737,2433843,6166
1664916,1776130,2100243,1632761,338422,6175127,711660,752344,470203,510669,781916,1709031,4945
1019407,1555235,2007315,1630997,341614,6296081,709945,742009,537202,585570,1135658,875322,3177
1388431,1382285,1321477,1091689,237041,6036731,702855,733323,540730,588135,1575729,2542351,5002
2309456,2119091,2853195,2119385,546855,7135176,1126448,966363,485550,531018,1190255,3293367,6973
1013652,1608307,1683939,1610675,342608,6227522,717967,750384,532747,598036,1157946,867734,3082
1680561,1748568,2083970,1349904,336055,5992838,713076,736307,520251,650223,1881006,3147337,5910
1689953,1642353,2019006,1569241,229480,5350880,269861,515453,474486,570084,1567842,2508732,6148
1641858,1707444,2053273,1617562,335601,6282856,698238,488471,428760,466207,1172384,2016687,5952
1390110,1756675,2099489,1897955,454114,6589803,909482,952676,584886,644458,1162031,887238,3172
1331642,1486889,1640822,1058382,230459,5419690,722172,757851,517572,561332,1559968,2419331,4432
1686741,1752990,2109811,1634356,230270,5482340,268971,514522,472886,576673,1504999,2376235,6115
1662999,1770706,2099283,1610417,337040,6064200,703318,513968,476009,464125,1204894,1737035,6483
7131714,4108216,14687392,10293687,4051723,22396002,7059252,7689573,1304044,1614985,8459497,12021061,24513
10410760,5127293,12075940,7954837,2248724,14572556,3570040,5818761,1149038,1301553,10712586,22339108,39083
1898332,1570387,2586445,2070893,244347,8061505,288147,535179,467347,618669,1825555,2931110,12872
10069765,6688857,12051493,6058494,1574654,17638580,6184838,7854648,1287575,1682649,13747887,25865457,38985
2574454,1932296,3979124,3000704,765847,10194525,1527216,1599035,655521,632094,1192255,1145382,10792
5000492,3431007,11918073,8358114,2877320,17696546,5506857,7427005,1332423,1659238,9436298,10893783,24123
2606929,1804587,3094534,1979254,482798,7707848,1180384,1447136,700426,774041,2133594,3511005,12350
3460871,1285664,4688961,3161997,1122234,4775694,155608,684937,400737,536810,4572057,8941838,17054
22004833,20395863,26707724,16071107,8184792,27319339,16535975,17347670,2169787,2325598,23045480,53314705,63231
18186676,7553211,34135543,22078386,13488528,43041080,30669983,28855957,1705144,2512305,28917141,45614268,53088
736720,165266,1066353,640361,365694,2003524,797366,0,19474,47820,900410,1973287,2926
560720,117543,811274,474066,287896,1581231,740294,0,5404,28706,677291,1541427,2123
730560,141706,1056804,619601,377027,1850884,833717,0,5007,33106,909134,2010462,2629
561280,118469,812282,473471,288417,1591367,741010,0,6313,29153,677104,1544782,2184
549040,110653,794503,461357,285147,1485309,695397,0,3190,26105,668000,1523272,2092
562240,119661,813639,474647,288299,1617902,736640,0,6237,29567,678823,1542861,2168
554800,110770,803205,466555,286964,1525428,711572,0,2325,25619,672678,1533963,2126
711520,138861,1029681,601966,369762,1828860,816001,0,5693,33904,888444,1964246,2610
555200,113133,803128,466901,286423,1638010,709858,0,4210,27580,673903,1531060,2114
554560,112340,802649,466347,286603,1634240,719987,0,3795,26202,672398,1530411,2099
558800,112412,809037,470774,287564,1608456,725214,0,4253,27089,674896,1537380,2100
561360,113154,812535,474905,287194,1633810,723878,0,4569,27778,679058,1536295,2200
1229840,1286646,1780444,1260240,424847,4203554,1304849,0,10498,156444,1415208,2431689,5723
53200,18466,77199,45914,23508,164518,48950,0,0,0,57288,136480,142
53920,18532,78162,44856,24836,167388,51894,0,0,0,57520,143035,98
54080,17444,78065,45465,23869,173070,50836,0,0,0,55566,142175,119
54640,20233,79052,47722,23112,173771,49069,0,0,0,57942,137674,127
51920,15956,74821,42644,23880,165705,50887,0,0,0,53000,139097,89
51280,16703,74074,42591,23508,165847,49730,0,0,0,53684,136786,96
50560,18166,73615,43374,22802,157530,48423,0,0,0,53267,131666,91
53520,19268,77065,46502,23012,169744,48935,0,0,0,56518,133624,101
5834000,9781117,8441129,6320849,2410216,5694508,4501303,4099774,6316271,3581162,6060492,13460489,9233
39268178,32762632,56964679,29616507,30355906,17811633,54290451,56079011,15754351,15569083,56393503,166768142,9127
29400050,1807411,42374782,28751817,6902617,69480990,13175966,16290990,818686,1166727,33173765,57373931,37309
54722008,2078412,79074923,53485247,13038799,130281448,24659006,30698586,361253,993526,61321320,106922110,55494
54453212,1820290,78866282,53403911,12997917,130091721,24640297,30699968,233075,866317,61046759,107655249,50991
54562159,1978910,78836054,53196511,12955869,130808394,24804195,30735729,315136,991745,61112198,106677668,64069
54623617,1980459,79146821,53604020,13054467,129963498,24536636,30764972,364146,976505,61280176,107640900,52464
54753770,1993497,79239150,53561584,12995163,130929554,24748934,30526534,356907,1010660,61276270,105817502,63708
54503060,2082472,78897609,53401171,13045043,130601753,24786367,30714271,337078,997950,61004040,107098215,62533
54652171,2083255,79032327,53418096,13038465,130996982,24620213,30516277,413368,1090340,61173806,106642176,64722
53710997,2128886,77707289,52628153,12766417,127968068,24231447,30112834,515799,1151153,59964162,104270683,59260
54692623,2167562,79160018,53607687,12976074,130219239,24701585,30609810,503314,1182115,61498690,106312072,63248
53951795,2130977,78082921,53041725,12685955,128234804,24104234,29872195,533081,1195188,60525277,104051627,62527
53720858,2166643,77568396,52419295,12754845,128052230,24223580,30043894,436553,1118115,60107460,104569765,61594
53870564,2256515,78028448,52948916,12804850,128144112,24342346,30144458,513854,1181296,60398533,104890041,60427
54940213,2572247,79422952,54468095,12741625,127857689,24168765,29903781,665707,1392653,62068738,104646120,60437
54079914,3870058,78248729,53869754,12338249,124785669,23538747,29268409,1912010,2513169,61082724,101786718,62994
41304365,5895181,63325444,45203466,9982560,100188704,18731346,23160196,3731136,4346235,50227359,80480892,44509
