cpu_clk_unhalted.ref_tsc,l1d_pend_miss.pending,cpu_clk_unhalted.thread_p,uops_retired.stalls,br_inst_retired.all_branches,idq_uops_not_delivered.core,mem_inst_retired.any,mem_uop_retired.any,memory_activity.stalls_l2_miss,memory_activity.stalls_l1d_miss,cycle_activity.cycles_mem_any,uops_issued.any,br_misp_retired.all_branches
45081445,32609495,77276619,46562169,28230600,144978076,52267555,59651743,6829666,8133325,59603647,193732003,268151
104880,56338,151923,87525,57243,322195,0,0,0,22978,123051,301657,269
1697360,205102,2455985,1817604,381281,2743088,807196,0,0,95647,1609003,3061283,728
40759180,85243942,59033395,46997144,7159651,64219775,14440617,17309026,11076076,11995540,37490884,64590576,52192
37399427,30812981,51758454,35857614,10367199,77490223,16107003,16743692,2282823,2910509,21350235,61866616,109238
22737001,2412557,33327504,24980287,6169361,49616700,11774638,13302030,485900,902025,18639472,36770254,22069
22517778,2030347,32812881,24771308,5863442,46467862,11115726,12513247,302137,676910,18056943,35781708,17773
22612815,2085959,32635293,24562044,5743224,46289484,11117781,12508528,323718,695299,18036118,36392121,18362
23001082,1956648,33204189,24879074,5869212,46069907,10922952,12352576,249525,619231,18250873,37106973,20118
22895089,1916848,33102938,24888617,5862719,46442184,11124815,12539194,246122,603442,17620298,35738403,18635
22537443,1862291,32771185,24743527,5871172,46335553,11172497,12580173,229823,593951,17852740,35173471,18621
22716722,1778423,32858949,24624512,5823247,45961028,11260899,12658898,167282,539234,17979508,36756639,19810
22810420,1810460,32946883,24684781,5815013,45875863,10811614,12426901,154359,534783,17998537,36907788,19939
22793540,1767278,32947972,24677570,5918382,46130730,11261302,12460034,160875,527087,17736826,36026089,19910
22682823,1736083,33037178,24768090,6031718,46059746,11433459,12842765,157754,520593,17750411,35448239,19044
22704960,1711795,32832860,24614390,5797521,45740230,11249629,12678966,140003,498955,17958549,36692172,19691
22800817,1776917,32964902,24723399,5829260,45547620,10824040,12432105,162758,528374,17923062,36623445,19591
22921411,1750679,33090389,24791769,5898298,46077387,11011376,12421816,134154,507009,17684221,36716167,20393
22565521,1724083,32849228,24634309,5910776,45844989,11234540,12659802,138210,500002,17469050,35341763,18771
22813953,1799088,32963038,24714488,6054352,46211806,11459487,12862843,194562,570394,18496832,37558270,22384
23068549,1760445,33294448,24715536,5824348,45453448,11293732,12703466,156417,530134,18344501,37699567,23163
22972715,1753505,33168032,24824860,5942033,46207052,11066236,12502417,151933,532088,17740567,36817332,22137
22575161,1674033,32830974,24541659,5900233,45437935,11189363,12625618,134481,480124,17453909,35417406,19933
22486285,1617678,32739923,24559867,5921672,46104586,11292096,12708248,131422,502588,17917297,36072790,21575
22957656,1691126,33013444,24772232,5847456,45894312,11101319,12707638,144696,504457,18177918,37477778,21989
22901251,1698432,33065848,24712619,5941377,45884914,11276689,12515424,124469,487626,17705363,37024596,20688
22579625,1659228,32843615,24598818,5915953,45847946,11259361,12654528,130105,491710,17474919,35399297,19719
22508297,1708369,32788957,24624905,5926846,46003162,11239543,12638195,127081,504237,17916562,36099190,21209
22846523,1759222,32727266,24559200,5700984,45443910,11038577,12663981,131403,507834,17985897,36836806,22532
22869504,1707231,33133602,24783515,5960047,45992559,11121431,12316805,134545,493803,17943912,36857302,21497
22642413,1694909,33031999,24716812,6005046,46193414,11379189,12804226,128641,486876,17385990,35825091,20512
22546127,1665964,32619725,24633961,5936262,46125289,11256745,12669356,140789,503597,17961121,36041973,21424
22907961,1853864,33020761,24769668,5729772,45905675,11091422,12684639,203228,577796,18064083,36728485,22633
22877438,1714115,33072580,24779865,5931689,45817710,11081130,12279515,144515,506008,18010506,36899240,20719
22949077,1676253,33157907,24831692,5949650,46284237,11320522,12735740,139819,498085,17599227,36288898,21683
22585437,1651306,32849613,24747811,6052396,46476808,11484960,12892607,114883,488106,17950568,36156775,21865
23002705,1663705,33195047,24695855,5726861,44925844,11088967,12915500,120420,479352,18262114,37719556,23114
20781675,1485925,29648281,20495871,5366581,66253139,9961079,11243345,145609,458149,15287116,36467904,97167
860752,293683,1267822,769271,378338,3140184,753000,781262,124043,151661,549960,952492,4736
487385,623359,987242,832933,345235,3446621,681728,708634,188036,167562,570502,564059,2812
743786,290157,1009384,454504,206690,1944777,629294,863893,95656,119658,1050685,2843708,3579
6583660,1352624,10209691,6608651,3175561,29182934,3841326,4135559,237236,487203,5817878,14992659,25483
11291411,9373705,16104996,10604283,3344328,31388613,4910778,5813869,1182972,1646638,9319157,20949020,24652
11112182,13878263,16511564,12139828,3180039,30749625,4692444,5827004,2098602,1893928,9091444,17790956,18211
11033097,12977140,15902077,10644787,2893070,28591966,4548516,5508316,1684558,1931391,9669648,20787263,17684
11525132,9560611,16452511,11726542,3330681,30714463,4509719,5566537,1589186,1347662,9145370,20342896,19060
10958535,13565923,15419688,11020523,3127557,30585542,4616729,5620264,1614823,2375950,8810604,18831564,18264
10302897,9006522,15629274,10887461,3152792,27493991,4465559,5360908,1139605,1354376,8333525,18507289,16558
10981084,13882691,15958316,11209324,3091502,31257550,4687735,5656866,1576730,2305972,9650196,19912463,18019
11021604,9147649,16090255,11155849,2980318,27464629,4086060,5248964,1665063,1895019,9702040,20170630,19412
5816812,780915,7784276,4969797,1822507,15098758,2660348,2977445,500481,626986,4227740,10239978,9752
769641,335335,1572360,744670,444321,3023490,911493,949013,108566,121242,718234,1141187,4367
24743574,4091776,32167041,21200482,16480685,103634085,29284452,29778317,1345981,2062210,33652142,85400364,137263
23891901,1559645,34570330,22100771,6927640,123680601,13428441,14485580,165679,489045,17755388,44943106,190156
27091576,2212688,39296845,24036641,8866792,121746095,16772750,19471172,280705,717210,23262799,60831195,183406
21479691,2682917,31601607,16939085,10610150,62892304,18348224,18761003,359925,839149,20891309,55098737,85052
16375223,7308729,20373704,13401763,4385366,44500100,9338669,10698514,2525628,2317531,14886569,35697853,45062
12058641,4237034,17552651,9877428,6520763,31823446,11487549,12221913,641768,790029,12027708,30670099,30059
28749569,18501500,41943543,28811785,8141599,133300651,16370124,17599712,4016717,4933136,26039120,49833135,198934
28249200,15870217,40832543,27528191,7804995,130887379,16035810,17187127,3394564,4178422,24419235,50174537,201655
14550200,1517666,21049947,13756800,3811358,77164142,6974207,7685915,37447,522414,10911562,26811142,113719
14554685,1550199,21233619,13875615,3915741,77782044,7607239,8337911,50331,533776,10480294,25984162,114527
14099106,1413055,20635806,13572580,3792212,76802660,7382578,8100902,6678,498937,10766033,25546378,108788
14537596,1402850,20804474,13602591,3578942,77196241,7362099,8096181,9653,487094,10903547,26794973,114538
14651109,1471048,21165378,13854489,3921180,77051783,6954169,7654292,20417,501058,11022621,27175960,113264
14665943,1486138,21170494,13878119,3822433,77992584,7399080,8120988,18910,499559,10493142,26128243,117878
14255475,1465419,21051543,13788250,3785709,77398371,7363093,8093998,20134,506155,10617231,25221725,114669
14578270,1438505,20830860,13716330,3692596,77904254,7379732,8324607,7190,506242,11095430,27179892,116560
14554401,1460461,21014020,13760224,3785623,77145132,7141883,7650467,15927,499328,10853767,26604910,114736
14747711,1444820,21315647,13923247,3907111,78176835,7583887,8094157,4989,491970,10682198,26612706,116247
14365795,1461263,21244748,13943646,3806202,78378139,7371976,8084860,11924,500628,10689379,25192665,117778
14586310,1429400,20824373,13757363,3672922,78385059,7353319,8086633,19912,513525,10957052,26747824,119149
14856564,1487582,21405967,14001117,3811802,78162417,7175153,7893207,18317,504424,11165722,27290370,116740
14598754,1471522,21072035,13787252,3813178,77555185,7372557,8080518,19293,507909,10438167,26038128,112206
14338115,1445417,20937063,13821680,3783915,77944585,7366881,8103637,9117,503798,10696236,25220298,116605
14417952,1467653,20620216,13595257,3687771,77431594,7391367,8114639,21679,512724,10836607,26540650,112649
17099929,5198151,24288311,16153795,4216578,82870288,7579518,8297409,380306,950745,12614665,30072843,127670
14719944,1602173,21257293,13878014,3915170,77355642,7623730,8125912,74871,565456,10696376,26594175,110944
14438063,1630259,21072163,13956597,3802267,77800665,7371221,8089776,112813,590775,10824522,25343533,117129
14506755,1478543,20922654,13631723,3675538,77359955,7363746,8100437,13408,507624,10913496,26791439,115100
14602647,1448009,21080531,13784326,3683690,77242261,6950155,7888568,9833,494897,10868051,26587089,115756
14603770,1496017,21075114,13810615,3800986,77559875,7344843,7859088,17350,497917,10635897,26620549,114494
14441632,1539956,21082869,13805669,3789971,77516985,7384083,8110400,45368,517120,10454789,25269848,113810
14612482,1570363,21101835,13904156,3803851,78020560,7600184,8328911,74241,560754,11234204,26747408,118723
14611253,1450971,21088450,13770123,3690485,77294720,6976135,7897552,11986,494706,10913134,26799493,112901
14461893,1443170,20868587,13620076,3795036,76796971,7372701,7868844,7180,491493,10578699,25887699,110254
14593826,1457573,21296599,13871276,3933034,77501625,7381131,8097494,16335,512984,10875881,26087338,113870
14273266,1440680,20606611,13636202,3760797,77250737,7366183,8104584,23852,514638,10879891,26019579,112016
14618161,1407769,21110573,13664190,3692914,76890118,7173421,8123402,9688,493115,11068002,27238447,111192
14606851,1456128,21092285,13781672,3808511,77521592,7382419,7896880,19312,500792,10681220,26116318,115048
14450626,1471071,21123570,13827083,3788292,77558309,7387123,8115255,13125,508732,10664494,25274173,116753
14285584,1425934,20442755,13558124,3681159,76805785,7380133,8090953,4864,492099,10768933,25870458,110489
14536672,1439712,20955311,13598296,3681496,76680674,7165570,7883770,25094,507752,10907961,26772784,112051
16832512,4392334,23535697,15061756,4103228,79098846,7913980,8808340,745104,1430620,13334959,30320900,121531
14577676,1572208,21264497,13971378,3801516,77734268,7354569,8062827,81402,565626,10712898,25336115,116941
14555583,1733719,20841608,13917036,3678764,77700431,7363102,8091453,162215,646420,11104799,25999754,116469
14622287,1606742,21127668,13760835,3687351,76905338,7185861,7903648,81338,572188,10946861,26599027,113874
14595500,1494146,21017531,13741657,3793573,76811091,7166080,7670641,40465,520781,10925877,26847449,112831
14703093,1689055,21263522,14018461,3809202,77920412,7386972,8110506,120817,606585,10580452,26003822,116806
14424974,1593507,21153303,14005873,3917654,78039070,7575276,8288009,88120,576530,10944901,26043518,118027
14621595,1433597,20900022,13729533,3569183,77243562,7167592,8118667,12865,508210,10892340,26828043,115274
14508236,1451508,20968511,13713025,3798691,76895479,7181197,7673429,10067,506772,10817661,26471373,113622
14492369,1491112,20954108,13687388,3794175,76821371,7346191,8062770,14919,492900,10394530,25986520,113301
14332137,1419890,20930057,13760006,3903009,76905457,7383019,8103729,17970,492520,10830575,25873453,113005
14670892,1418939,21192507,13725093,3807435,77093776,7604552,8336117,16792,494167,11258399,27933011,113319
14509134,1406680,20931305,13659804,3778655,76742043,7138659,7642743,2623,491888,10820289,26625525,112736
14409337,1473401,20801400,13575920,3781419,76625508,7373034,8097005,18497,496576,10326759,25876031,108291
14407045,1466862,21061646,13966378,3821167,78018354,7392065,8109420,22606,510648,10702699,25423681,118311
14571759,1525112,20811457,13883238,3684158,77640926,7375950,8115756,72552,567986,10976511,26069181,116966
14664315,1438212,21176290,13701212,3813818,76916664,7192634,7912608,18174,504938,11060030,27299239,110747
15220756,3041103,23043953,15558407,4302472,83934521,8443937,9225888,922820,1474013,12117155,27048694,111405
14397865,1593183,21214142,13912673,3789630,77417630,7360541,8087302,82773,569948,10746661,25303853,116984
14433391,1659136,20686894,13735183,3684498,77053584,7375099,8091422,136198,617918,10958995,25970336,110873
14630631,1451256,21089289,13681544,3686756,77013594,7172500,7892727,21896,510323,10884982,26843353,114476
14451035,1443803,20870516,13625582,3800075,76681915,7184223,7910389,14080,507174,10613704,26550875,108919
14294012,1474186,21088618,13723015,3908877,76857249,7538204,8257951,11429,500989,10587526,25208901,110299
14282432,1418590,20439070,13407526,3656749,76462999,7339300,8083699,15220,501982,10824256,26645554,110228
14468160,1445157,20933315,13654515,3680490,76492634,6941699,7861935,12724,505193,10822653,26507328,110532
14546632,1434537,20988897,13682384,3786493,77206450,7207948,7884210,10933,499431,10621420,26718738,112725
14728371,1400071,21054232,13795551,3799333,77692689,7583100,8312791,7400,496192,10643775,26624239,115499
14328308,1442712,20927518,13810797,3926924,77769848,7582609,8305214,23336,506870,10904650,26079643,116122
14507534,1422333,20953289,13616888,3563223,76920942,7166216,8107753,4773,489278,10820294,26622153,113604
14521251,1465328,20918028,13677133,3778382,76976142,7137490,7636143,15673,505443,10807636,26513819,113799
14713537,1444805,21181731,13837415,3796483,77626975,7364797,8083421,14165,497263,10398459,25409374,116587
14185871,1431979,20767704,13678436,3783284,77076339,7349035,8064246,16762,505596,10697487,25197133,112235
14548679,1461611,21015488,13634474,3694087,77168166,7396031,8326279,18385,504839,11060810,27326955,112147
16752111,5038755,24062475,15951488,4309350,83952615,8067756,8374557,378128,894382,11903430,29345947,123670
14540253,1601530,21015316,13766266,3802760,76536616,7389010,8124807,96325,568298,10450163,25245659,108131
14437691,1721540,21090658,14002579,3806697,77527110,7370689,8096628,164284,652251,11108807,25414588,113769
14553451,1443163,20790405,13544529,3575507,77227363,7414153,8135943,18765,509842,10908082,26764553,111589
14793612,1593867,21323182,13958098,3803213,77314711,6950790,7858634,99847,572110,11202211,27353529,114149
14583671,1571968,21013555,13770906,3786178,77003869,7348473,8089459,89515,559739,10483478,26018653,111763
14368963,1517303,21205053,13897914,3801496,77544392,7380710,8116406,85897,561819,10740393,25286258,114839
14501613,1672032,20754102,13712059,3700521,77377993,7390734,8119426,162281,631729,11090518,26798193,110968
14474574,1489947,20892161,13665628,3680489,76452642,6955019,7891464,52747,527934,10907298,26656930,108743
14461106,1423999,20891601,13648313,3802492,76889497,7399498,7905123,15203,479683,10564777,26502898,109487
14502248,1402214,21361413,13932493,4027729,78209349,7777490,8513958,12817,495290,10896811,26118898,116113
14221123,1444335,20401657,13425544,3682277,76232709,7374492,8099719,11877,488890,10807681,26547884,105732
14475528,1441802,20926473,13698517,3691857,76768546,6938738,7864442,9962,484881,10785345,26514637,110484
14553653,1428699,20956165,13688157,3785660,77314175,7359600,7887197,13868,485283,10699234,26774960,113164
14339597,1433675,20962368,13702286,3798914,77077321,7376723,8113969,19520,482107,10364957,25197129,112269
14175088,1402773,20495988,13377686,3796918,75958791,7563310,8271850,23225,480736,10954404,26625834,103545
14534426,1412790,20996655,13724669,3666385,77186280,6944195,7893082,27069,479140,10859875,26638107,115305
19933163,8003669,27940114,17530693,6012868,79871875,11144944,11853059,1163089,1663767,17263394,40219855,123963
22232491,6547353,32370350,17536118,12953421,48401408,22607900,23703919,1003595,1442587,26996588,66400792,47506
23469636,6688344,33430734,17855193,13364999,49683554,23244757,24860577,882870,1354088,27712610,70133227,49418
23920163,6940711,34830860,18374114,13906571,51360282,24269138,25589707,882621,1340646,27892705,71051712,50543
23073049,6919856,33959367,18326373,13799398,51291692,23433087,24667679,898396,1353492,26948195,66612955,50377
23337373,6863369,33578167,18133804,13636744,51450949,23631269,24807909,829618,1307681,27567788,69119883,49579
23093410,6795308,33767086,18250847,13805374,51865439,23989061,25296521,830470,1315284,28159898,69704692,49725
23810167,6389803,34386403,18177956,13729487,50785707,23726827,25070794,786535,1258069,27541837,70356686,49891
23815701,6637709,34190614,18102342,13793592,51014927,23797011,24817547,815535,1273330,27594275,70638446,50621
3445951,1485496,6318138,3760890,2858184,12662324,5080223,4916697,287809,336297,3604533,7965892,9134
12904415,3867189,19161226,10478343,7989822,29685874,12869277,12979918,544794,804482,14816073,37689169,28103
24167966,6666501,34773853,18357776,14012879,51989348,24768664,26088555,772222,1242875,28274550,71708975,50382
24444926,6623920,35233549,18719882,14358212,51809710,24304024,25635689,788772,1262586,28827624,73041351,51256
23993564,6638455,34708963,18197643,13865967,50881279,23987380,25308557,755263,1213499,27475424,70738946,50092
24216278,6911971,35433862,18638767,14354770,52309523,25000225,26368735,823895,1290241,28469158,73051829,51048
23879142,7137460,34576253,18365196,13838854,50997352,23817533,25356509,884124,1339431,27811834,70747511,50422
24261123,6756484,34854544,18428149,13847670,51422134,24172894,25699545,878660,1333510,28368622,72146782,51042
24115828,7001646,34861753,18418951,14060823,51365851,23994237,25223057,813975,1272584,28179883,71892946,50956
24107403,7230681,34840871,18397961,14086956,51844026,24414978,25698857,863610,1312718,27762112,71395713,51337
23257775,6430474,33982668,18229215,13849383,51706273,24224804,25403807,800149,1244123,27340980,69159996,50304
23782589,6892806,34621736,18300084,13844231,50733784,23729970,25264184,810768,1265637,27843051,71154935,50016
24237576,6930192,34999366,18486476,14107649,51690321,24345791,25471908,783529,1254324,28013902,71613298,50762
24254353,7121937,35005586,18412349,14065615,51399497,24123820,25448718,846139,1306509,27689881,71857118,51010
23456301,6931324,34135733,18344451,13953205,51276159,23636143,24824836,898460,1346693,28115680,70195090,50079
23187556,6673254,33909839,17994536,13419163,49210289,22611875,23727651,807611,1217920,25916887,67280539,49465
1207966,529839,1696810,1042176,391605,3359529,554011,568328,140447,169422,1346405,3246666,5225
13404778,6050996,18144859,11894660,3258980,35535417,6021358,6442114,1102853,1186677,8557762,21761136,69640
23167468,2395907,33539134,25128996,5950799,45846354,11000425,12597511,326992,723275,18417080,37581067,22063
22897836,2182804,33054428,24765097,5971405,45092058,11094235,12496822,268330,644198,17873822,37178406,17165
22694522,2154240,33032119,24763165,5990755,45073130,11343376,12742877,217480,602655,17607438,35751048,15858
7235281,881871,10701326,8113763,2176073,17696325,4666899,5138306,204407,351285,6898081,12364892,7186
808956,373444,1091587,525522,211634,1597115,428220,450325,107750,130745,900003,2261612,3949
821048,472016,1158637,733415,340012,2730757,437363,451386,76966,130010,617741,2115112,3931
1851406,1659580,3181887,2054447,542567,4446901,785657,1058431,425453,481822,1590228,2941896,13041
6754553,936101,10498548,7906762,2168868,17753130,4675945,5301653,241105,407412,7107240,12188851,7383
23125749,2251721,33128817,24776845,5908113,44573199,11159769,12757026,359393,714967,18421555,37782289,19447
19477185,1724907,27351172,19954828,4780867,36849986,9416553,10730200,220001,523107,15291747,32133662,17846
4373897,759395,6074403,4971208,1311388,10103572,2296100,2990240,283433,402244,5694590,9973464,7562
21851579,2183813,31618445,23644973,5703988,44026831,10966660,12132785,270348,639895,17338078,35185885,20971
22253921,1998842,32146391,24068662,5864155,43818566,11085978,12460582,199939,548976,17213882,35668836,16431
22115523,2120904,32202547,24266624,5865462,44053290,11133812,12516663,291292,642499,17484776,35083453,15556
22334303,1999436,32247017,24068387,5741778,43922651,11143773,12745992,195672,552043,17764947,36974222,16400
22309441,1964848,32343210,24230828,5879175,43795832,10927261,12117561,191552,531717,17615386,36413218,16591
22369777,1975318,32284351,24126034,5965884,44020127,11106197,12487780,189585,533291,17293243,36195797,16183
21957067,1980710,31980538,23993911,5908919,43852909,11179511,12553785,194980,536440,17511423,35137048,15190
18097074,2077728,26717590,19920145,4688294,35187936,8816877,9632120,284275,570198,13864822,28937180,12882
1096919,891396,1517808,1092327,350988,3824314,469238,491549,223350,295655,1365939,2854931,4020
702799,99401,949987,515101,338678,2002135,637004,650536,16489,24297,239714,1429381,3282
327774,113341,929981,515293,325644,1971836,649118,682483,25013,36921,514081,656284,2152
486005,62901,446847,393484,217288,1944793,661846,685359,6300,19823,703088,1351363,2455
754388,156289,1009184,460551,237579,1677176,459881,363725,3534,13777,809118,2348356,3493
535061,80500,771662,401699,307869,1691557,572810,281508,74329,117008,607569,1647529,1957
638428,74923,919620,450679,398196,1806233,738011,352340,12268,62213,768141,2073380,2035
503274,70600,725334,364310,303786,1556544,564502,313603,2275,48805,590433,1595993,1662
453095,64211,649499,315241,290342,1289912,538101,232305,0,36454,556374,1508484,1284
455325,61970,652680,315689,291907,1310180,541528,233093,0,31028,557794,1515346,1273
457321,66443,652832,317441,290998,1315005,539887,239628,0,32024,561604,1521162,1258
574663,68540,823353,388350,380868,1504183,704318,269657,0,38188,723986,1954230,1456
449721,65761,644382,313189,288354,1278834,534200,237848,0,34315,552139,1492202,1221
599153,90611,854470,416461,383130,1631520,709101,278413,0,37702,747311,1988479,1595
1065272,487664,1455197,927612,377842,3828418,709208,458741,66663,91548,659502,2720401,5769
689263,244885,1131142,668448,457070,3274144,900756,931081,55378,45395,584273,1580555,3969
630499,160879,848053,506220,362863,2818334,924999,941821,7324,38046,1018833,2289129,3210
812438,184259,1081265,612617,230495,2000799,266341,495526,14700,42647,815442,2326797,3763
776982,162821,1072072,606272,367488,2517794,715166,516330,8543,32823,552712,2210021,3526
656943,255085,1148332,662728,366992,2607443,696242,714165,37902,68395,362808,849954,2884
1352351,250546,4268773,3229119,1701111,15351065,3319334,3749456,271341,374617,4177051,2322937,8612
22069221,3884994,31021540,18286460,13788405,64349828,17338226,19208960,605725,1024584,20582761,65645489,119797
1035513,372009,1385395,876675,356156,4043157,484778,287296,38364,125051,1041036,2632710,7178
969742,394395,1354219,873823,369999,3860528,721094,747985,102310,109912,395173,927586,5039
2637905,1230362,4718217,3249935,1326405,18038352,2900933,3428633,367711,463751,3583479,6743679,18771
8047826,1591052,11103051,6995907,2427047,38289660,4360486,4648998,184549,464559,5725469,15440977,52931
58640,20267,84472,50784,25183,185609,52524,55187,3087,5424,0,0,0
59920,18184,87124,51466,26910,192810,54502,57390,1336,4846,0,0,0
65040,25368,94180,57941,27609,189569,55227,58192,3497,7949,0,0,0
59520,18517,86239,51685,27010,175538,52288,55177,586,5828,0,0,0
64640,23002,93400,56540,29247,189934,55282,58352,1833,7648,0,0,0
69520,24128,100444,62237,30527,193038,56811,60043,2532,8492,0,0,0
66240,25397,95975,58282,30792,184856,56189,59417,2208,8710,0,0,0
65280,19773,94398,56908,30722,180036,55466,58716,450,7332,0,0,0
1236720,495247,2500558,1450788,975264,5598348,2002478,2069842,184772,261298,1160432,2659665,5269
1031421,575627,1408630,903965,252016,2348282,267911,534633,131769,175997,1117774,2647828,6250
1041831,585236,1449241,931317,388304,3409848,745956,517897,14865,52186,713365,2539894,6340
778478,549673,1422793,1100161,508174,3745450,956641,999185,173746,226912,756270,949834,4095
1881626,1588755,3879554,3057678,1426435,16058399,2502638,2869998,509404,676015,2779881,4254185,10317
1450863,973717,2098060,1587956,403512,5505632,301650,310551,325212,389683,1381203,2708839,9841
1569949,1002907,2162357,1640222,382702,7588392,749244,541899,246046,292522,1088845,2912626,10929
1589943,959175,2227687,1636440,396048,7136403,760675,790356,338574,361884,751996,1112095,9808
891546,364433,1312692,1175922,379716,5394613,949558,986105,240451,296852,1564589,1809851,5054
1514586,1062522,2132918,1361397,265108,5793845,535202,558005,359004,415838,1463677,2815747,9459
1555363,1066883,2160749,1576582,397673,6704085,515228,529926,260463,371269,1082138,2771713,9907
11050646,3382081,16198607,9039081,4522114,15907676,5115748,7199034,810331,1134412,15170133,34424976,45383
18370317,5355227,28193349,15027307,11175137,32471819,16780492,15617442,1083958,1664331,25681495,47966819,57378
8946837,4477401,9999008,3485027,1995266,12964064,7679785,8304241,790240,802993,7599084,20564462,35020
1593905,735387,2143078,1483580,503048,5636648,507959,534329,115499,257473,1328486,3619596,9032
1058344,664806,1920555,1375520,393402,6063216,756542,786252,189320,213656,595326,941381,6209
1144503,503133,1964338,1313751,559534,6038157,1045074,1089874,182162,192497,1174594,2001437,8006
979498,337171,1026530,573430,123707,2975993,592258,763832,84913,132901,1043581,2475160,5046
1014278,424849,1398051,872965,393733,2892666,267252,279700,48381,119693,1005502,2534670,4932
1045760,582981,1829804,1155174,506844,4416479,967514,1019650,119759,135269,393163,1778394,4874
19182803,9296966,28568972,18267822,15255223,39981858,24773146,26392523,1316764,2196582,29110916,57920769,54301
1961333,708557,1600006,1349945,1186528,8619908,3215921,3341793,487400,595517,4874311,10639263,10254
1195561,714710,1705396,1163815,265069,4218372,288804,551322,161422,268875,1232961,2693863,7406
1892384,1288378,3729989,4143161,2127479,12505853,3482314,3327770,643364,858312,5588784,3197934,13920
17983694,12315516,27532772,14408506,9920526,21668754,15623618,16823265,1793135,2318701,27720252,59401893,56601
53709951,53870878,76491244,42505883,31873175,90967212,61990604,66921628,6338828,7901494,77891318,166306398,174479
47663763,29508371,68379537,35961930,28909162,60803535,48975526,49686543,3775741,4696225,56520409,128555118,132266
66417298,29093741,97617865,48555626,42305645,76701844,76949587,81069308,2503206,4064513,86476566,206558857,168343
15463957,3379021,24662956,12280236,10873640,22203899,20500481,20720099,341787,787369,20026756,45948078,42001
20310503,11054365,29467448,15598746,10726784,31538875,22156604,25490710,2089151,2787005,28325405,62577772,60450
18062119,10018317,23906623,12359110,9733520,36723302,23804079,24274638,2351263,2679886,26016531,56132592,62749
11593402,7921047,16884450,11411516,6063126,27731729,8687474,8369555,1585252,1821306,13813117,24570152,41028
12981617,4347686,18802555,11569145,10244040,25696528,13180143,12422257,1019663,1439283,18034867,42920781,45044
29858404,15670437,42729869,21673156,17505455,40687285,33192723,36892521,2088544,2895490,39356141,91743412,87650
30385594,12766106,44669034,22677200,18010809,46944049,35226197,33956135,2115794,2852462,27007359,67882453,87888
17583592,9776594,22474745,11634942,8747010,31624810,16595485,15578073,1678378,2248891,21148898,52422974,57175
20804717,15108300,31983319,19295285,13578506,36898757,24398987,26023473,2359267,2793153,34173468,74232013,73621
17833680,14876837,22737452,12534679,9145405,31221150,18945832,17661215,2118290,2486303,23934241,60647460,64665
34712747,29614042,56926503,33112391,26306654,60555723,40131850,39221494,3859219,4926432,50523459,104330749,107511
39280340,21725669,59627131,28771818,24220956,57835437,46945635,45659163,2466990,3886885,54377868,129267229,111055
38956570,28917073,55976816,28645196,21537929,51350203,35623579,36204187,3792757,4526836,43660054,104708917,113286
21633324,14460590,35495826,20043165,14168244,46552972,21839169,21773577,2609361,3335939,28140030,59918300,79560
21570923,10959626,29514633,17443048,11841991,43740095,22388704,23358247,2750312,2976621,26760724,62735346,82825
19154365,9469782,29154948,17834035,12427604,35161159,17813983,20052107,2473967,2920889,29779585,59510400,74826
29809323,16754984,43415155,23703704,16748436,46578376,28417818,30877364,2574500,3329233,36170206,85600843,97903
24196777,11458781,37024874,20539171,15724726,39529388,27642659,29479620,2179620,2739084,32709119,73461432,82700
26045830,14404518,43487597,23944413,18672896,48182885,33335323,35729313,2627192,3335943,40180354,80399414,88198
17183665,9217242,25326042,15807055,10839921,34927037,19790030,20025822,1697317,2166422,23871172,51062311,67116
19732224,7859339,26962038,14542753,8979085,34730651,18266150,20961247,1924408,2588004,26721261,58275445,73990
14533619,7862824,20467953,11420359,7888504,30547109,16249731,16921889,1653746,1839277,17356176,38659559,55329
9773716,7301768,13067385,7950196,4442546,17156917,9710906,10575999,1358789,1623135,14592193,28034556,36965
1754308,1018170,2372959,1708357,501922,6641373,737521,528192,282898,333396,1480877,3789641,12243
4108816,2370490,6786883,4468869,2184249,10350360,3100520,3714374,800094,964013,5609818,8629925,18742
2535554,1440638,3420672,2055157,905055,6948007,1636362,1698708,491964,602828,2757729,5576932,12900
32542102,16838494,47560175,24500518,20851736,42327902,38815849,42130523,2276930,3215420,47017601,99077712,92441
29387778,19132876,39539177,22331723,17079757,41375702,29283264,28809058,2970564,3602199,31418278,75572931,87746
18910998,10198612,24575259,14719244,10190845,36179657,17117532,17022645,2108437,2593649,20540354,60124208,65791
11967026,6954521,20430419,10573334,6058817,22173408,10870986,12324983,1362241,1754467,15167289,37829184,45722
8720085,4302072,12565224,8009106,6050513,25210906,12303062,13352759,1524579,1797858,15364639,29545795,36520
18274469,10374228,23649675,13677999,10829416,36249886,20689276,18181306,1812358,1721033,19047876,56130148,68434
21514452,9866166,30237856,17574425,10396554,45835874,20970846,23103687,2616578,3417342,26483213,56860367,87372
25961757,15844875,44499275,25665256,19469040,55301693,33446989,33562416,2547053,3493507,34892689,71600840,88800
33256189,14850353,50908627,28231230,19245059,58454437,31610912,33209035,3440474,4182579,43453834,96806072,118059
28016813,10495472,42301636,26272436,17651505,59699056,28971500,30834969,2978059,4006560,39143642,79461487,102027
24535275,7726955,34188901,19361728,13910668,46831754,25320938,24553990,2202926,2899965,33747186,83883947,87237
25150527,8340067,35729847,18615002,13183722,41178447,23096701,24173334,1778505,2333333,25862898,71713746,83916
28049794,9416920,39309037,21027678,15206477,45361222,27812178,27552926,2073323,2872452,36646931,82743304,98376
24120560,8108041,34752177,19154822,14040912,44580933,25823863,25623506,2094298,2716422,31459340,69074159,83730
8929040,4575280,11829915,7440840,3458511,22382541,6077839,6182930,1240148,1561091,10093796,21737462,45435
8166060,5038598,11569269,6378121,3589071,16176813,5907771,6747603,976898,1176731,6502617,19640941,31445
6369085,3977611,8329800,3871625,1431582,13908705,5231173,5202763,790121,924674,6470880,17632955,29086
1688626,1273201,1962319,1655175,274417,9649936,765302,791643,565319,663598,1839933,3224120,12089
2519167,2335820,7125593,4666839,2136065,15598060,3861330,4519554,1022607,1209563,3582874,5598885,13788
5515274,2674364,5371105,3569677,1456144,14549694,3981079,4280620,819666,904134,4602719,11432926,24282
15796818,6819066,23380750,13455880,8736792,30922257,15693247,17064648,1955005,2190250,16205316,36249213,53889
22744051,26262849,31336505,17474146,8215655,37232170,14996849,16686369,3800631,4557393,24936634,53762251,82087
19768794,22862721,27920068,15588431,10240106,33390632,17493097,16130227,2841615,3479657,22605675,53909099,65808
5286718,4177754,7779838,5215855,2224387,17445572,3539468,3422091,902526,1231893,4752311,10511938,31077
17561763,6322546,21595952,10117486,6647279,28964827,12483669,13116090,1665206,2172111,20156754,50620639,66204
10039848,3628228,11712927,8077992,4311893,26196380,8292588,9055648,1434915,1573400,13916868,29518631,51206
3820552,2505115,6166527,4668234,1574613,15008203,2015605,2088466,1149616,1379646,5417207,7701743,24771
4187798,1688380,4091851,3800628,1620512,15511569,4439699,4623166,1010298,1241699,6979270,12693933,19398
793207,762185,2494654,1504462,873879,3083268,1338275,1393939,144062,186246,1430163,1941456,3385
7972579,6372293,11888880,6983378,4165193,9073609,7504020,9139844,707792,951296,10616385,21933023,18295
41550,16470,374321,256650,186688,393100,359630,704300,3156,18830,433386,78250,192
34117,14076,49273,250599,183984,351756,354463,581422,2449,15354,428596,64071,157
2360246,2877654,3414073,2214446,1070158,4397123,2109686,1901422,206629,259097,2947814,5626027,8524
587732,88120,850429,485683,182306,512813,356988,372329,2844,5822,43239,957175,2082
631441,87264,913809,518072,262574,500525,514033,535601,1040,3692,39585,1365239,1598
352730,185747,1906560,1089015,521623,434199,344769,359450,3932,5910,31523,924461,988
322480,74794,700709,405853,265423,436224,337966,352387,3345,7780,33440,694055,982
377840,215242,2082320,1207268,790048,700378,373763,390194,7069,8397,79007,183492,1294
323520,77178,815534,473246,309531,423475,338885,353230,3193,3664,30637,72562,1049
492720,118612,1218848,713499,455826,654651,509810,531454,6185,7426,50352,113793,1527
322160,76684,708283,420289,257884,436202,326036,339864,4726,5054,31428,71054,1074
321040,78318,821867,482897,308601,357090,329976,343966,3825,6092,43229,96448,713
317280,79618,814821,479633,304504,345605,327917,341820,3862,4866,34970,79876,686
316400,55030,523027,498645,306347,569232,317194,330739,2340,6060,38517,86404,1029
16236980,4390525,22575674,13871893,7865122,20856918,14948851,15566119,898842,1372767,19992318,41669370,53120
724504,136440,683506,413783,242850,565778,475846,495795,19042,30544,43600,0,0
572800,84793,468641,279397,168802,372751,330277,344285,4730,13252,38164,0,0
796888,118295,490623,295334,172358,506656,336525,351054,5476,15981,45816,0,0
561295,75846,486746,277564,166378,421066,325570,339353,2130,11940,29650,0,0
1815499,365298,2605403,637704,331469,1303645,648829,676530,41261,63822,371371,0,0
0,68986,690992,267035,165678,329937,324089,337720,2498,10774,30668,0,0
774074,1366152,3688418,2592618,887965,3585769,1148312,1196310,292372,332849,1475509,2004888,3827
131166,288827,724413,518486,491920,6778637,1987220,468800,97078,110847,111181,215632,820
36246,49696,464340,278663,165613,582894,505904,526990,3877,13694,30644,70092,181
72758,61850,532711,320172,185301,604300,1189317,1238921,9947,17197,61861,143350,411
59858,69644,692754,417230,244680,681739,849043,884447,11639,23962,463127,112195,278
54570,18676,479061,288607,168667,451191,610661,636115,4396,13849,441661,99040,352
43891,21510,482836,290351,171046,470554,606751,632050,11864,18302,450424,83387,222
376644,615045,825162,523280,265279,992139,677652,916967,7786,54206,786263,828480,1698
37452,16944,462215,276744,165693,422047,324148,337852,5781,19735,674909,69314,191
404656,549345,1110256,694226,370319,1232686,718400,751223,65319,113831,2598356,916034,1615
157940,27223,294418,357660,229240,678837,418317,435578,10726,41565,1418759,425080,383
55643,23149,80538,356025,236736,680846,463954,483541,27159,46409,979132,837639,292
35849,15671,52307,34691,165938,435578,324612,338355,3838,18750,694916,865010,180
341355,540939,493967,321656,267988,892434,528293,553427,12886,45874,1554902,1443051,1227
862015,940206,1247045,843160,451474,1708595,888995,931142,122151,127208,1531721,2933842,3120
1142818,147033,1653277,1008026,268211,861767,534911,560879,30250,53289,439560,812980,3488
580846,76748,840546,514294,168811,476090,334878,349568,2797,12461,46436,106975,1866
502634,71581,706260,432163,165562,426595,328457,342743,4315,14097,32839,72356,0
0,68808,705011,427238,165248,334020,327749,341988,2366,11212,30555,68587,0
0,134510,1369320,830271,174757,460822,345551,360880,4749,15015,53655,122840,0
0,121521,1191394,728226,247401,676101,490628,512092,5792,21020,51413,116999,0
0,100064,1013386,618315,171428,523520,339821,354810,6280,17163,56655,120328,0
0,68765,715146,436918,165275,419582,327782,342024,4119,13599,32416,69596,0
0,66795,676245,409474,158761,331284,314857,328542,1577,10524,332270,68446,0
50131,0,1045839,633530,309420,393449,337048,351863,3027,12361,455761,97989,302
53414,0,945238,577868,330595,618792,483229,504157,5612,19986,661554,97665,249
114579,0,1780805,1084921,631723,717588,534651,557688,9760,24825,715268,271457,470
58908,0,2226218,1431474,717173,751535,340057,355027,37453,49242,501671,88161,350
44234,0,938060,578579,326581,521822,476885,497431,14535,26552,655459,87962,204
49167,0,853681,520803,295372,480920,319760,333769,6288,16866,441202,86852,247
47680,0,0,716739,410159,651784,491844,513221,6119,20759,673605,92031,228
142223,0,0,559124,319100,505681,357072,375822,41696,51756,520650,278142,432
37786,0,0,423726,254916,307644,327753,341989,4448,13022,439082,68746,187
34706,0,0,429655,253317,329631,327865,342102,3024,11892,443625,66947,159
46305,0,0,513439,295463,447647,325183,339430,3956,14373,445562,84175,214
89037,0,0,1046120,353287,1357850,661094,692047,100944,122459,1000716,1712589,442
1233060,0,0,0,27657,745953,511494,534123,6331,22537,695897,1341849,3374
488400,0,0,0,11830,340609,329732,344068,3456,12225,445346,860598,999
1022278,1128612,973050,0,33331,1094679,713931,746954,57472,79128,1013302,1903075,2807
49867,14841,71687,60272,378377,877231,362249,351864,4582,15347,464155,889699,278
359534,605871,519645,344152,366814,1055515,943136,534766,42700,59385,745415,1372528,1134
870981,36168,149921,100318,165051,1441822,1041443,1089458,65653,91191,1198256,2207198,2007
742960,685454,1177730,754998,370810,730092,557071,582037,36330,81640,990885,1814741,2193
389520,25272,142976,89442,45819,608812,1019023,1062736,9697,17168,502295,996272,1176
492880,19174,79356,53233,17326,656889,738175,769693,19373,27066,661234,1256614,1356
18486461,8492028,28822011,20074138,9445432,25837852,15727820,17066365,1711809,2389623,24006437,39290469,48980
8119273,3441904,11133714,7853765,3215678,22800157,6175749,5398322,1214826,1556299,9187980,15307060,29810
12905410,18994307,24486331,16642955,7223485,28989770,13979314,15711416,2060571,3215269,12073419,13205025,26168
21307369,19633791,31919594,22088843,11061452,43903354,21289732,21227307,2563161,3799781,31347112,54868031,75338
14157037,7306662,17173816,10279538,4194408,20538131,11736080,14127969,1320294,1720628,19738515,38759159,51384
38590,55170,473579,278154,277415,463696,558853,369637,2323,11815,33483,76754,304
43365,53911,474681,281141,319077,544133,642251,364376,2751,12919,36656,83427,237
56468,79998,715039,428165,396991,871239,799036,539822,4651,20022,47944,109511,298
66887,64853,501057,303315,518138,1214837,1042474,361130,4623,16845,84930,136980,410
896041,548377,1648515,1062543,489570,3271703,3573284,1786397,93464,122791,1464099,2124471,3033
44841,19935,482008,294511,166592,471703,606630,633264,4463,15267,447341,84578,234
39526,14163,474761,292358,161863,463976,503318,525411,4679,14481,440937,75292,180
832780,146748,1732827,915711,422604,1694385,862669,904495,121091,127167,1259806,2131020,2506
669911,99630,968952,301191,160084,483156,24894,26508,1854,13782,446613,1715494,2092
869147,132172,1257675,325428,178491,572993,131946,73489,5570,17609,471632,2221837,2701
768893,111333,1112794,356846,165000,526397,330544,41076,8541,11850,464480,1539904,1983
645504,118221,934079,591276,227727,635187,458200,31171,3937,6524,649114,1194104,1769
653595,113596,945463,592800,234577,621475,471248,31423,1300,3979,665623,1226088,1962
802125,683988,1161154,766697,329618,1351601,664998,670733,11816,33211,1000942,1779649,2840
46946,18893,67796,45075,161800,386335,324024,742201,5425,24394,447782,846061,266
159541,18230,70183,46048,133322,488491,317746,698206,5155,27382,444276,832480,302
735680,46959,135051,89503,28422,1027087,670224,757271,59393,82645,983186,1763485,1927
326640,77001,715885,447577,242130,423597,315596,23397,2858,4820,442941,819365,957
493760,109298,1033245,646338,347741,657770,475282,36715,2651,5532,668813,1237490,1588
727280,300571,1978620,1260408,638600,1203180,666365,70050,9116,14537,959263,1756837,2318
385760,137027,1339293,832018,457260,572335,355101,79069,38999,42755,512210,943269,1142
3049840,2151915,4490740,2876102,1112323,6516747,2367610,2320031,380998,641725,4550896,8181800,12568
385120,188952,557240,373550,162947,219257,26820,28614,58520,68785,881285,1489783,1866
939040,611343,1358556,898847,404850,1086382,679019,709539,94457,121915,1314208,2293808,3037
335360,55175,485497,302397,163783,543862,604667,631072,3852,13573,35150,79747,218
341440,64432,493909,311149,161233,705898,586384,612127,7682,18355,42214,97121,271
950320,540051,1374410,880959,440891,1683036,1054003,1104473,62262,89531,725616,1443896,1720
335040,49635,484885,303588,159831,366820,26663,28496,2798,13068,792033,1465957,1705
631840,124278,914259,576963,304521,704407,35044,37358,9354,38090,1105296,2039747,1903
3260646,2813709,4595936,3177386,1235552,6065131,2339687,1438381,641481,883789,9029527,10989000,9525
48983,54763,505227,317409,165363,510569,331292,346208,2557,14030,0,0,0
39733,53549,472269,297660,154684,453981,310673,324511,4046,14151,0,0,0
639385,618317,1174788,800723,324766,1708805,658923,690630,109321,134803,0,0,0
680436,90609,716600,451940,238326,564062,484043,505821,8549,23967,0,0,0
749214,411153,544942,356939,162875,555138,332840,350290,29961,42730,0,0,0
0,59572,491326,313601,157480,472341,319089,333668,4906,16428,0,0,0
0,65071,525607,331666,169766,573229,342654,358559,3136,16140,0,0,0
0,63917,483082,306107,156414,463547,317496,331867,7064,18330,0,0,0
0,94891,697883,442810,229606,500164,464651,485694,8345,22130,0,0,0
0,85114,721560,460025,233065,659101,472757,494180,6281,23239,0,0,0
0,41523,473293,302324,150379,486498,304526,318444,3825,15530,782633,0,0
0,14420,477934,303818,155299,423684,315044,329340,3421,14884,685802,0,0
0,11025,476787,302838,155283,418405,315002,329271,2438,13727,684900,0,0
0,20886,534443,334504,179416,484584,351542,367410,3561,15601,1313001,0,0
0,182439,1011904,659382,313133,907347,640272,671450,43375,65181,583222,0,0
0,99030,492596,313377,158215,478207,320578,335210,2671,14221,38561,0,0
0,159848,729809,305800,152772,461674,309893,323912,4627,16152,406514,0,0
0,0,835410,299725,157516,343243,319126,333645,1367,11863,448095,0,0
0,0,713933,299287,155406,315932,315233,329502,4886,14883,445838,0,0
0,0,1212543,480992,252250,699554,500832,523319,5453,22527,704873,0,0
0,0,855698,316845,158391,484519,321106,335783,5519,17299,461889,0,0
0,0,715526,302921,155288,423450,314995,329262,2621,13476,449586,0,0
0,0,933567,495098,160372,395391,324742,339625,1485,12436,456908,91836,0
62431,0,0,712950,209266,505570,328031,343130,3312,15199,465601,113920,344
50697,0,0,639494,332783,479293,324165,339010,4108,15754,461651,99582,234
50576,0,0,714828,366436,644027,477584,499236,5330,22431,683379,104700,247
32566,0,0,446331,238252,303865,315024,329290,725,10554,442992,66379,158
38015,0,0,461407,239976,322437,315239,329507,9049,18548,451002,67837,167
35554,0,0,206624,234139,430173,315886,330234,3575,14306,450195,818925,161
276131,0,0,0,462237,625130,359804,376093,4552,17643,502307,951037,885
982160,0,0,0,0,1798302,823114,863224,99445,131957,1276951,2187740,3397
479600,0,0,0,0,494204,458866,479500,10285,24280,654096,1182680,938
324880,0,0,0,0,320213,315022,329291,2394,12555,445561,810273,645
334320,12667,56428,0,0,589780,316035,330386,2611,13850,452517,816204,984
801280,629941,899777,0,0,1949724,700311,734544,59097,85550,1042186,1856368,2508
478560,85522,692820,659662,0,0,240972,480816,5453,20304,651898,1189215,1116
324320,54440,469028,450373,0,0,21425,329324,2547,12780,444654,810731,611
736400,509164,1065019,754488,0,0,546543,688391,53137,77207,982782,1724756,2131
331520,53627,479440,37988,0,0,493930,329612,1608,12595,449687,813597,1026
368800,70729,534067,71531,24881,0,1009100,404946,6514,19549,482468,887266,1150
769040,499240,1113159,855489,435829,0,652762,685207,51646,75988,1016786,1836677,2155
470640,82029,681098,668371,357198,556343,32163,34222,6295,19354,643002,1181814,1146
337360,55617,487926,553979,287877,699013,26176,27904,3628,14988,454761,824728,1029
334400,59197,483940,464249,237880,567242,21871,23400,1016,15774,454279,818304,953
754480,519104,1091760,817386,377909,1181339,56500,60460,2195,80255,1004604,1758327,2046
338240,59498,489397,51459,17187,247856,583607,609589,5563,14712,457136,837697,700
670080,114875,969859,222873,50942,428584,772863,1195773,11717,36790,900550,1657991,1706
338880,58782,490403,312817,13825,197345,25659,594957,5800,25852,456800,822782,1013
479920,85678,694194,445627,200947,246016,29611,324984,10203,30256,824139,1164305,1223
349760,60938,505715,322794,160691,234423,29806,31815,6706,29565,969946,848353,1121
4957516,3681105,6428496,3980505,1532572,3956380,404352,501796,572794,937363,7901831,13085937,17660
7475583,4148759,13866027,8836575,3721251,22755063,10363739,11279114,1581180,1986097,13798719,21478922,29369
24557454,10246085,34975948,21862118,12270092,39335738,28290971,29936890,2140961,3210523,45811273,77173449,66474
63292045,269802065,92483598,65234399,18872064,71729293,38862262,44042463,30108525,32583329,87182721,115595034,108196
16204837,23197799,24093073,17207878,4144097,30447514,8986263,10216902,4259752,4627625,17074016,26805972,16614
18690089,37598125,27378094,19577350,4551700,28420813,8502412,9305503,4362520,5864703,20897091,28944006,24425
21631099,27601263,33106990,23991148,5945479,42781248,13423522,15485397,4882532,5275533,20864343,34013768,23469
30500576,70131000,43642268,32252747,7630086,49793830,15621851,16528330,4731570,6584911,30029649,48435005,34083
28563317,50679113,40590912,28262294,6722298,47507562,14874823,16336566,6687226,7383322,29826501,46497957,28465
23362779,46142765,34168681,24165257,5575933,39286542,11762852,13571263,4981553,5418126,18168656,33667492,21534
25993686,38659269,35850600,26316759,6043763,42668641,11229754,13139693,4282902,5224012,23794022,40527619,27452
18060374,34924782,24382630,19257716,4704975,32964514,8893634,10401392,2482918,1991519,16212266,29471080,20593
16162420,14051033,21238584,15221196,3538770,29092528,7594885,8845959,1740372,1370822,13379076,26295374,20115
24604540,38643337,31755528,23950249,5616023,38798141,10816955,12768939,6272596,6878463,27480970,42165695,35858
19468928,9832548,25959756,20080592,4934687,35903407,9217278,10147714,2545297,2115456,17008113,30860831,22612
25785621,39274879,37028081,27591838,6257561,43741903,12159660,13554907,4316281,4195791,23670589,38730987,28935
26382139,50273575,42087152,31369177,7692400,49264832,15406560,17212952,5561295,6142073,24891312,43132619,29170
29248252,45624067,38295681,28818787,7411976,48377854,13991969,15608270,6493408,7251645,27326195,46608745,34027
26294222,33342157,39789921,28927535,6975238,47564631,14309124,16576701,5276235,5696765,27068686,42267226,30479
23646364,28151279,38190772,30587445,7251397,48065671,14068734,15141033,4643701,5079114,26860051,37670701,26188
29628465,67780369,42039007,31180966,6727355,45978762,13933294,18348099,9195300,9558450,34330735,49441838,36257
25661545,48307529,35895990,26946837,6869272,43465728,12135485,12906283,3000460,3087164,24229218,44383230,31963
26206967,41349559,37588830,30059580,6845734,45604728,12603307,15576444,6694725,7180020,28605894,43050697,30006
27273816,53447270,39174615,30465353,7301835,47318826,12614870,14238070,4714403,5831277,23311993,39099053,27866
30122658,65642132,40999797,30782034,7462774,46740859,13614373,15675571,6438982,5461315,24494723,44641996,32881
25245429,41022667,34861515,24552519,6499616,39027220,12509422,14672340,4694839,5527400,28810299,50731776,50421
30160175,24990371,45088469,31710590,12268233,51332664,21192184,24118729,3877422,4076048,35318529,72495161,68989
29265586,42296794,39700764,27535223,9656789,45504092,19913202,21076245,3656522,3300760,26036411,49705502,49781
31313179,14073894,45347489,30268244,14160012,51052386,27500637,29920386,2261315,3000948,36809386,71702033,72291
32349093,20696849,43433743,28639727,12098153,53748477,27444781,27619976,3264344,4054671,40959670,83754123,89016
28717660,13218640,42127333,27094437,11652789,47999582,21267642,22265050,1821373,2298195,33111142,70655699,86696
21733063,8902478,31823660,20903682,10055712,42413159,19580477,21437202,1763312,2163535,21070781,42452420,58685
36973989,10509128,53200848,33488303,18274118,56870006,33948371,34192906,1802389,2787820,43603029,90474569,94681
44478591,11293124,66992775,40820097,24109837,63673273,44864626,46676482,1530508,2837178,58628853,119527431,114523
32164558,8233776,46267455,27769092,15277315,48951459,36151898,40841408,1319732,2414166,50770731,98099348,83722
35164034,9619214,55217851,33547706,19104178,52764206,33070697,35962441,1471559,2389937,43001328,93804117,110457
28864937,28083088,44240226,32049271,10343198,48070592,19717306,23867442,4448257,4131896,34315980,62420081,54493
29520957,8712201,44083184,28432389,15575483,51423140,30201990,30110415,1888036,2723490,34267622,76590106,78232
34911089,16600662,55107497,37247287,18135484,60215185,36625522,39522062,2847885,3571717,45492095,78682245,83504
32591464,33970568,42029951,28258141,10841767,51658504,24798927,26340357,3853241,5410598,41539507,78255044,79042
33866451,49158742,51062123,34142941,12936203,53606139,22884655,24291165,2951297,3578723,36173102,69464211,69510
20291687,28927549,27615698,20449010,4997002,35096719,9498727,11380361,2597537,2637175,17331863,32650569,24753
17210017,2227500,25019299,18261734,4336615,34030561,8256928,9172401,355152,698176,14303656,28544264,18170
17876818,2683737,25406840,18461611,4942010,35391083,9730989,10947383,535748,844594,13652358,28024313,15434
17864378,2324645,25652251,19016815,4545997,33260140,8081603,8951187,356524,700764,13466194,29156696,18965
18273843,2203880,25203436,18368851,4278580,32574303,8143966,9221975,351819,594648,13409651,28440286,17774
15801778,2067200,24205191,18257156,4498918,33936528,8825599,10065927,367517,695941,13459962,25700520,14198
17654587,2067737,25598007,19327325,4616208,35290299,8622324,9377118,403962,684325,13330950,26982357,17380
17286213,2171520,23927178,17784149,4188014,32217794,8075542,9137606,383512,700468,14626376,29618349,16307
16709339,2345754,25087361,19280721,4767575,35029865,8715295,9401894,336963,637322,13052316,27127662,17190
17902835,2201209,24959250,18215632,4305483,32524467,8138352,9193089,381275,682707,13465202,28492197,16178
15616120,1973057,23298134,17949020,4392077,33662077,8686760,9816983,344039,664503,13726156,25554052,11861
17578885,2251489,25461467,18982947,4355172,33626207,7984848,9053011,454984,743551,13250639,28142333,14396
17031890,2170503,23762284,17836791,4283645,32683885,8175079,8995470,321279,626691,14476618,28453579,13868
16539051,2287237,24841206,18795773,4716972,34478669,8804336,9819977,339879,625256,12143726,26121368,12030
17314540,1853873,24178123,18091302,4319816,32004670,8146217,9202730,367307,662828,13999150,27471419,12250
16099203,2270163,23959880,18226612,4237229,33303825,8372155,9771029,385185,697817,13544770,27202005,13782
17547172,2260663,25257593,18803218,4541031,34085653,8273166,8814077,273533,622307,13413335,26875631,13531
16866104,2244109,24215554,17865130,4265802,32650615,8352224,9488042,341372,646318,13369646,28091392,14448
16419383,1994947,24496809,18687030,4627902,35334737,8812208,9801892,389612,699691,13289932,25048618,11948
17458293,2245583,24628163,18181804,4210166,32159229,7873802,9134043,383033,681947,13938714,29423527,15002
16226608,2086993,23503174,17822762,4430241,34263785,8405209,9290439,268624,581516,13708403,26645154,13661
17525214,2340091,25398854,19102233,4515168,33565740,8388648,9321370,351673,619601,12548115,26205453,13192
16731034,1803013,23981065,17964318,4302025,32553967,8141512,9386855,382865,687737,14126644,27365312,13013
16326561,2138223,24265707,18495758,4435827,34309370,8743463,9666831,340351,657134,13798346,26688565,13629
18120552,2376426,25413014,18592770,4422847,32917088,7983706,8879008,352711,677756,14145967,30338739,15437
16313871,2164491,23589669,17647404,4402501,33584382,8713903,9806082,362032,612078,13252375,25163557,12119
17696769,2099100,25661824,19039003,4487661,33240570,8327357,9255735,376142,674362,13328014,26743272,13736
16162520,1841232,23321720,17428969,4204390,32435410,8415045,9709172,366838,660197,14103600,28450741,13286
16989624,2248689,25342802,18991847,4505903,34096132,8202235,9240619,352026,647885,13321743,26096730,14196
17672891,2338536,24547357,18210361,4467204,32959557,8395262,9114388,316961,551644,14022812,30039284,14755
16006837,1994389,23759260,18195034,4536113,34464935,8778409,9871793,343527,626386,13287251,25514403,12520
17858763,1904793,24875102,18375788,4359851,33158571,8343414,9328702,364829,640588,13711430,28377642,13946
16665064,2177551,24304553,18128089,4205104,31972157,8008292,9559901,366577,654765,13983515,28203492,13832
16878346,2273902,25262841,19002553,4625440,34089860,8535676,9165192,281670,550012,13092299,26396842,13796
17017207,2123186,24309048,18384959,4495819,33185874,8481207,9426972,415148,714178,13992846,28350615,12800
15610291,1791132,22670086,17850680,4415088,34594890,8728942,9689580,343233,628397,13217925,25665859,12513
18095208,2330030,25500023,18496722,4244579,31936575,8177296,9389274,398646,695480,13712765,28335738,14207
16564737,2338414,24442807,18302713,4360256,32460118,8273788,9360516,286645,639985,14021320,28095551,14070
17298537,2311157,25577483,19192712,4618334,33812240,8467667,9306998,376448,623158,12812150,25549303,13666
16816440,1893847,23762835,18180668,4412748,33171459,8362521,9296757,359708,653547,14608862,27965159,12877
16965965,2373219,24317105,18362820,4442225,34138451,8727771,10000174,444349,727215,13832797,28118068,15090
18173487,2386530,25770565,18832385,4449739,32725630,8073475,9010376,276326,609805,13415371,27867033,15077
17035432,6196927,26425998,20955667,8491237,45095588,16851713,18438970,1594559,1509760,22834869,40698239,20889
25626323,15280713,36672463,26404863,7975504,50755067,12174531,15207363,2363520,3021908,24465105,47638545,38955
23388160,16000084,35086731,26253012,7349683,45546443,13196582,13101935,909773,1585935,21646580,41536122,28313
26924582,22980580,41433391,28201828,8517899,50512004,18427646,20122577,2475994,3405685,28423979,47729708,30639
22593383,10935019,30566439,22733113,5663505,43187618,12729252,13860560,1014611,1810671,21140783,42334873,28604
24484584,13150995,37305428,26573573,7274649,44266102,11716877,13124168,1491989,1559409,19701085,40895673,29453
23864268,9498042,33126784,24366987,5635263,42341503,10691112,13395654,736001,1273029,19005464,41378269,25349
25333455,15802059,37808338,28487195,8408539,48108284,13709979,15490009,1825935,2063995,24102972,44564228,27142
24292859,5360184,32757677,24379580,6743552,48077236,14793719,16113968,1302429,1729616,20784644,47467575,23835
25446923,15633549,37057114,26914046,6290585,44752123,12894848,16005010,1592529,2416902,21994762,43961581,26277
24732327,14498334,38584547,28100033,8511511,46633519,13345533,15089312,1898975,2386651,22185661,43020844,25428
24580150,12363893,35664788,26820811,8363450,49039784,16014987,15185205,1830704,2019753,25872776,46218516,24101
24197465,10574996,34165966,25664719,8000502,48584899,15470447,16943492,919200,1520487,20669732,44930511,25164
25869830,14423792,36044409,25467886,5859480,44351793,14130451,15736693,1818373,2222987,21825576,44907652,26777
26669627,12755243,39254502,28655818,8118261,47575516,13717123,15912113,2127647,2511737,24242736,45902363,32764
26484384,15552129,36316658,27311014,8250862,50317112,15585526,15644833,1604759,2347878,25855397,54694107,31452
27045833,15174758,39588907,27671217,7894374,48714574,15800850,19051278,2036371,2439679,23471259,46193963,34383
23208685,9347987,35861331,26268245,7502459,46384591,12716659,14787377,1603655,1982153,20630074,40215959,24564
26847291,17979945,37630185,26669880,7570921,48218034,15596532,17768491,1983305,2409278,21978138,42154976,31747
24795133,17415442,39160806,27538864,7460462,47146398,13686320,17549273,2081000,2522060,23335533,44110428,26764
25097312,13375155,35635206,27726306,8194004,47523694,13509368,14943509,1819651,2359810,25739000,45416889,25926
25394624,10280750,34973943,26044927,7455846,49403680,15876807,15770911,1543488,2204927,23487185,50751917,26555
25234230,12081703,35641289,24883528,6866632,45474912,14409797,16070240,1611264,1687763,19159448,38056702,26302
23941845,15874780,34792018,26514383,7847250,47561489,14434763,15258630,1846930,2140504,23483359,49911696,22965
26784266,13927683,36421052,26272305,7006703,47511567,16003959,17509572,1953735,2195507,22335745,50099068,28093
26865909,17505880,38566000,26137007,7002610,46547098,15823368,17597912,1785533,2228757,21176813,44816097,30053
24903954,10916301,37062749,27096346,8091331,45405426,13343444,15359794,1905688,2109476,22678929,42621886,22770
23645977,10142222,34476491,25988921,8306133,47472115,15852049,16270944,1181773,1575505,22735175,44696285,22985
25081605,13411299,35616085,26412118,6872745,45409919,13542701,15581691,1993280,2181955,20431482,36716876,19496
26188750,28346758,38715129,26842450,8288754,48416421,13924989,15394588,2809571,2775651,26881108,58092295,39816
22095476,47045036,33235048,23731099,11231249,42775174,21242059,22597493,5456525,5962123,29172106,37880736,35250
21608073,45279899,35880699,22196889,12005439,44447529,21197525,24323799,6772173,7480194,34499790,62700515,41298
22292220,40532800,34348353,22967756,10033595,39800096,18912355,20377941,5388589,5744981,28672703,50760388,37066
22631559,47176133,34577172,21912483,11564414,30328744,14634921,17449684,6419310,6850649,32724490,55941845,44268
24566209,52802432,35870795,22662617,11442378,41453572,23344471,24432481,6830948,7541769,34153781,63389871,47218
22508214,53296055,32793639,21685263,12029949,44794793,23982488,25683724,7152858,7374256,31546909,59233764,41192
30944850,52211646,42557851,27552912,11374397,48993861,21697315,20834475,5814881,7563248,45971352,64407725,60538
25848310,54214478,39821394,25597662,11870649,44851293,23668379,28044234,6814015,6919448,34140765,58607805,50620
23292379,54628590,38390221,24491320,11656001,44537886,21358324,22988197,6133347,7326465,34305474,59086701,35985
29750279,100440189,44391639,28925823,11542262,44585036,25345445,29364278,9363223,8831497,36769946,62964194,52265
20677877,67255426,28349875,20654867,9848851,30642180,20635474,21163081,6244966,6629458,30682349,51504472,47597
1212050,1755753,1369552,1148878,240177,5757230,738040,771608,667251,712036,1657092,2376200,3617
46298078,163057741,64161893,44210792,17935286,53118857,34717596,38020130,18591334,18694119,57570228,91072189,91828
16971880,63355896,20300341,10969528,3336991,13734022,8727366,10581062,6169257,7154170,23841961,39958334,35713
1372246,1200766,1448357,1086162,127680,4040022,493759,739637,385101,432490,1422063,2545422,5938
1571500,1372151,2093989,1496939,468336,4572682,730620,520310,277042,318247,1341152,3146251,6549
1094123,1172014,1764075,1298038,363771,4536448,730674,751842,348051,398139,631226,892804,3197
10187680,39226338,15163697,11237394,4422224,17563073,8507616,10598773,5739083,6500347,18823843,22774091,20088
1288615,1427643,2063936,1320758,239897,4413250,722543,995158,441125,476616,1331489,2320830,4969
1334661,1426911,1765028,1288976,347050,3897769,494154,286000,309166,341205,1302077,2396421,5579
1270320,1129498,1954135,1371319,459882,4512112,950813,1004902,284009,342093,561953,1679559,3978
977249,1692320,1314112,1333199,360414,5457741,728063,761233,582778,635771,1533618,1590662,2965
1390743,1510454,1875512,1116606,125442,3633166,481786,728908,453204,492341,1415402,2481126,5073
1328930,1444984,1760874,1275569,359092,4362351,508019,290757,273073,379201,1405523,2456365,5169
1301830,1046780,1679529,1212652,364172,4351269,734187,755291,302609,290497,557929,894960,4195
860742,1303393,1425874,1327725,446195,5339061,900695,954562,501552,567760,1653220,1678792,2951
1472703,1782549,1938754,1466570,346821,5213717,713656,520433,442527,477850,1187283,2524286,4988
985400,1222760,1715835,1236420,362482,4540529,743047,776279,300246,353877,552319,890876,3204
656587,639373,904634,947952,358011,4200082,708969,739895,258594,311812,1223227,1682796,3052
1306369,1019527,1604811,893685,126857,3258100,502899,769942,285989,339780,1284756,2411322,4713
1471317,1996721,2062042,1586792,363035,5613008,503701,279888,494648,579850,1529641,2332799,4795
1305561,1448570,2104655,1471433,463111,5015425,920657,963884,337344,374467,570791,1054745,3984
640058,681830,1279425,1177854,361825,4417319,734599,768123,297275,354330,1248162,868471,2970
1332329,900197,1286985,667585,243181,4014323,936743,963558,303119,357497,1544070,3205659,4717
1561662,1872186,1997242,1804293,453461,5783763,489368,511722,623330,727139,1976325,2457583,4456
1273348,1233669,1712880,1232908,361185,4401088,738240,769668,266352,247725,557081,1597946,4800
670405,1087388,1726066,1328527,467081,4949088,917669,957183,382290,430854,1291684,1601691,3052
1193202,711590,1206269,630192,126269,3462344,735669,765601,224073,269593,1208035,2358455,4629
1496150,1695900,1958925,1478602,364289,4620517,272092,281893,419644,514663,1409222,2364827,4911
1401610,1397606,1802738,1324775,346242,4766988,705536,745198,368480,348841,687581,1719799,5090
741792,1248562,1771849,1321941,358365,4753295,729969,759387,377648,423962,980504,890499,3175
1258191,755754,1242080,874659,242331,3952449,716438,965403,306867,352884,1557329,3216103,5093
1391257,1351391,1741154,1279626,348566,4182295,494193,286597,320059,365756,1362517,2468039,4694
1363662,1703556,1878551,1442721,345222,5302616,702110,730339,467222,438145,749735,1562331,4142
715369,1130937,1805849,1299048,361431,4675512,717878,748657,342456,382650,934749,865503,2973
650497,672412,907778,918805,358491,4307085,736059,766378,265979,306766,1237346,1596132,2959
1620856,1155590,2007419,1168149,239887,3555128,496786,736711,286998,382862,1536556,3108954,5988
1497649,1797018,1677705,1327540,125440,5141792,502996,766066,602377,640598,1537482,2283532,4420
1306829,1221787,1730176,1257603,357203,3973181,487319,285598,276854,308233,1301084,2473131,5423
1197050,1088826,1586269,1147355,331302,4211139,693350,730037,241396,215936,546947,1657121,4729
691840,853338,1639856,1163037,363946,4233917,741639,769183,288392,330263,874604,887367,3082
1586662,1881259,1747843,1358947,344732,6222961,914348,739801,619553,660559,2037393,3275165,5035
1518158,1461235,2034392,1447523,352203,3974779,504192,523906,340459,373700,1638274,3095878,5322
1337632,1295378,1751270,1253388,362742,4526815,725620,746722,290615,319122,582487,1643595,3801
614642,674888,1198007,1096345,347483,3986515,709404,749996,231325,276534,830946,859629,2832
1118589,1254757,1319198,967038,244009,5027837,708576,741250,495610,528138,1404078,2214994,3873
1406640,1605724,1884625,1396997,242084,3690293,272308,521545,425825,473850,1405342,2476557,4674
1539860,1405363,2040488,1462948,459216,5029265,952685,766252,297566,341058,956942,2443487,4978
923869,746632,1619697,1126658,362205,3987671,736071,755111,237529,290855,828234,864282,3050
1136565,994112,1046858,1071570,237255,4873113,709317,748463,354345,402913,1378343,1718449,4232
1404182,1758685,1928400,1214575,240218,4161666,504897,526868,528412,576457,1482661,2302353,4495
1323254,1291116,1767949,1294852,365599,4609338,494807,472850,224524,318022,1061855,2450872,5167
1220507,989102,1966315,1372231,457868,4647232,942405,998371,312617,305317,872369,878152,3904
1015883,727360,902338,906956,244814,4127460,733117,762466,253540,304885,1205200,1582399,3856
1504072,1907014,2006765,1273341,239729,4329776,483545,510270,554355,607170,1553724,2496716,4546
1266223,1241084,1681855,1206419,350700,4469466,502011,526247,220991,309718,943817,2407302,4741
944932,1066912,1648923,1176214,362248,4351923,739192,760226,278780,259313,526066,880022,3921
3429855,2321299,4819390,3434062,1417617,9832556,968408,986915,293244,900031,5111629,8829386,13720
1859780,2140246,2413055,1787445,456051,6220477,910305,955441,573540,630378,795199,1678217,4258
707632,1089093,1335584,1224194,358158,4454019,737289,768840,339710,385114,920596,858571,2959
1032040,1163313,1391061,774028,243814,3921001,724354,745804,348142,392888,1279490,2413793,4170
1226148,843470,1522477,1062173,238631,3470979,277108,516447,167108,267596,1186861,2493095,5150
1399685,1530547,1828942,1380101,358235,5073810,725860,516813,391465,367217,1026409,1566845,4876
1087917,1487792,1865658,1643015,470787,5389997,919161,953678,460960,514930,1336432,877298,3072
978843,1047979,1307174,749499,211580,3975973,695256,732615,339768,388335,1283084,2333802,4115
1187203,858215,1592857,1125671,245316,3473370,274954,524805,169189,271742,1155550,2329945,5026
1406124,1303488,1761167,1284237,350903,4819636,706928,512470,315617,276429,941172,1679709,4920
1159096,1822615,1960353,1491137,362759,5488168,734583,766392,528421,507328,768273,886516,4012
1018231,887036,1340331,989927,362248,5050796,937240,962648,381393,425797,1629816,2453167,4086
1188669,909352,1563734,1106170,235921,3091648,273120,513843,238349,287919,1217668,2417225,4842
1270419,1062314,1589063,1142170,344720,4108833,569725,529347,170324,252280,805797,2203251,4484
1181906,1870991,1971680,1491116,356137,5446500,709408,739863,529154,524055,792167,868554,4000
946142,1073608,1663254,1211504,461421,4915146,956888,997647,328382,369207,1288213,2349938,3862
1528913,1144778,1687627,1204784,245229,3664182,496986,747020,345416,387128,1524654,3058653,5630
1660899,1136757,2003735,1389849,455698,4780741,920660,744143,229480,178666,861222,2488166,5991
1219223,1973655,2015875,1558618,362968,5512709,738491,771099,599258,643433,852985,884884,2957
732796,964358,1212836,1032079,350504,4545497,695608,716308,338533,394143,1280748,1676109,3128
1290781,1149653,1332800,1001318,127314,3919912,498021,763184,372121,422680,1376448,2482533,5068
1531547,1172149,1999378,1412904,482888,4099121,740603,529275,207185,239183,1208736,3018588,5483
1414246,1654625,1881433,1171810,128020,3886269,503755,769287,469314,512683,1449831,2317047,4532
1390196,1612250,1846029,1383745,355300,4387635,270051,286489,366781,463457,1397398,2478280,4489
1219882,1208099,1651428,1211578,347138,4613801,724386,757024,298566,283051,597268,1599907,4744
708993,653704,1584436,1111682,363652,4013315,738421,761442,215608,264626,803802,853892,2922
1084156,949243,986277,1020679,237496,4698349,706998,740915,366063,398341,1316182,1661182,3993
1699640,1969275,2284863,1465473,363812,4912571,516554,537347,506360,614796,1845733,3120516,5679
1297963,1228210,1738475,1242169,362914,4465223,724411,745589,276812,246641,557714,1648771,5144
919340,988947,1590949,1143794,347325,4195849,724178,765936,268292,313433,496404,864400,3052
730393,744691,904175,930128,363265,4151786,735214,764946,275702,311281,1183410,1581104,2970
1480165,1786612,1913565,1244732,123908,4491745,485712,735283,550055,602223,1572848,2485163,4582
1515482,1409663,2013483,1415996,468117,4275348,732873,522909,269622,298905,1267485,3122978,5500
948257,1121641,1685204,1201290,365175,4318188,732848,755774,289558,329118,525986,889764,2990
670162,582836,1234186,1081782,444212,4515331,902296,951676,258212,308977,1535154,1661785,3028
1451782,1928811,1975694,1296111,127443,4371131,504663,767440,580569,607433,1512568,2313394,4412
1332545,1361486,1778689,1292799,363962,4452328,492771,282165,238465,341536,1317327,2471063,4910
1301314,1540504,2068852,1517766,444276,4986343,917963,973218,444621,449498,708880,911826,3987
683424,660446,898739,914810,362344,4038091,738401,770027,253636,295666,1189770,1603615,2980
1514077,1719739,1927853,1202296,127097,3960778,494957,742118,482802,523405,1490449,2536545,5243
1332695,1521167,1792273,1336726,349630,4929097,497741,286867,332799,433599,1425671,2370385,4578
1356720,1480942,1813153,1340684,364421,4768508,734099,754985,356491,346379,617056,885326,4228
660666,739020,1598222,1118249,458683,4393136,937761,993116,306516,359942,1260512,1672095,2934
1301498,1369195,1782851,1270580,339652,4665751,687447,717384,378356,368740,609981,904807,4017
843319,1448658,1545305,1446215,355629,5382754,740110,774049,504416,554426,1493635,892703,3137
1321484,1098098,1398865,780170,126017,4021712,724929,747191,340695,385629,1258291,2400816,5413
1213698,997989,1589619,1106940,337378,3609098,269898,283877,213258,310530,1222709,2457409,5202
1303884,1022759,1638169,1178408,361988,4329296,737159,768775,201350,193765,519723,1594194,4756
891934,1696319,1954756,1479571,470560,5988331,919192,945619,576898,621350,1506477,1652717,2985
1219686,1082630,1292395,849055,127604,3990789,586445,734942,333643,378444,1272671,2309994,4756
1539304,1357438,2068412,1478663,407689,3949213,274558,390789,315825,418482,1522942,2938481,6183
1276738,882429,1593605,1100295,354273,4010837,706862,737186,199498,180091,485791,1686842,4921
923137,1666522,1983794,1492067,359051,5514366,748840,782321,568053,613262,1212502,889533,3044
1319281,1120402,1378170,1052641,245487,4815080,732949,986880,430699,473236,1646522,3143988,5023
1289811,1230494,1689595,1201524,347659,3810632,488183,283710,264406,301530,1312410,2497611,5014
1238433,967894,1609659,1144173,358137,4110291,722700,514606,148841,169197,823778,1710808,4812
1145404,1572986,1859421,1366234,356333,4913687,708003,742832,437548,483082,689530,896268,3039
803283,1260892,1110017,1121967,350438,4851272,733210,766262,470252,515906,1487515,1630217,2910
1581494,1537345,2155152,1290049,243685,3942664,501299,757172,360500,450777,1606872,3108796,6179
1261717,902100,1598694,1094856,348727,3919981,707314,513252,177761,152232,842327,1700056,5091
1096751,1256093,1742620,1283211,360335,4613789,742316,774457,360083,420089,981760,893696,2936
1133160,1497118,1227177,1268833,256108,5411464,727819,749017,562886,605747,1529439,1668930,3840
1285988,1132295,1354070,798256,124213,4020631,717578,768056,364190,408616,1338059,2441824,5130
1233043,1031543,1673190,1201579,364313,3701403,276717,287514,226957,323098,1201187,2332925,5009
1344322,964379,1316655,977443,241781,4273217,730452,1005943,340122,401034,1588357,3005124,4939
1836665,2269445,2425662,1815669,468921,5320319,488121,285489,525829,633331,1920587,3222386,5528
1277197,1219556,1695758,1236840,349739,4515739,732079,770011,286371,329713,596176,1641308,3785
1031790,1230525,1884775,1531617,474868,5263963,957410,993034,299596,335463,890185,1592613,4367
961918,577800,912348,630743,236218,3909766,671980,704902,256755,306657,1201737,2397916,4131
1733122,1969355,2278360,1692899,357955,4798951,505876,526383,531431,563240,1880989,3115643,5177
1326966,1322684,1766557,1291726,361493,4737965,723510,744386,325962,356399,599615,1620155,3705
699395,1084007,1331716,1223735,339801,4499580,696243,738435,337946,383989,953104,873118,2966
941104,812073,1257001,667261,243753,3593849,736534,768567,263307,304874,1191646,2307016,3874
1472267,1503273,1857190,1377203,242277,4189417,270858,512328,400542,489746,1415169,2454831,4864
1658567,1833634,2181750,1610046,442416,5441938,919476,732798,412800,452097,1099598,2057903,4641
997671,1163230,1776607,1283504,364441,4736753,739522,756860,353084,390324,912075,872890,2877
928767,565228,846693,861709,235431,3958396,706643,746239,247012,287355,1221414,1663613,3947
1385635,1312942,1730228,1031208,244040,3541647,496938,520645,323715,374739,1278168,2315400,4707
1490839,1930600,2026328,1539577,362959,5269465,497913,514475,454152,547092,1158832,2410637,4630
1022169,1221466,2060496,1458195,457456,4984738,938876,992300,400867,376999,943476,885712,3935
916967,620665,890464,816076,230862,4249012,705601,736407,253215,292171,1148315,2000722,3753
1363614,1044909,1708505,964713,238554,3026201,480137,502792,291977,335056,1253802,2531739,4670
1413656,1859604,1895041,1444548,341831,5345362,481659,504241,465556,565754,1199589,2369446,4514
1010516,1251481,1736170,1259440,360772,4536626,729874,750295,353562,312787,556985,870206,3843
972127,961809,1663777,1193142,444045,4916582,691371,726861,297289,424190,1637106,2410437,3986
1169371,1093683,1899594,1300842,454422,4280413,890559,929799,264678,308419,470867,1600565,3830
807307,1542854,1245106,1184507,342173,5158423,709996,742276,580335,609048,1540109,1534170,2451
1222062,1076451,1268826,959535,114267,3785216,480562,730862,344571,380812,1237507,2276571,4367
1225477,1202203,1564936,1111530,334337,3582639,463743,257235,288542,323799,1286223,2401173,4474
1108227,921329,1474389,1050267,348223,3734780,709436,738476,176948,207191,418951,1493268,3338
741517,1419319,1372363,1321221,466993,5232554,910198,934033,525638,559943,1392742,1528080,2317
1260790,1453139,1679901,1004812,111655,3448584,464092,726999,453708,494487,1407818,2333802,4086
1211988,1375387,1657823,1235901,350623,4230194,478427,258076,296380,344922,1251861,2185713,4258
1121116,806757,1467105,1025282,336054,3739478,662566,690883,182268,215055,423809,1490331,3347
964714,1168630,1639699,1219779,341635,4466319,693620,727332,395445,430849,935894,750302,2486
1354370,1602910,1434559,1149267,227783,4936817,903641,925651,569342,611297,1748737,2231712,3998
1192384,1220358,1584700,1145336,327578,3605408,232670,243070,287223,386744,1270239,2349626,4388
1117345,938775,1503212,1053167,346719,3796760,694449,722353,220824,184420,453558,1474271,4339
650737,998413,1577891,1124992,341169,4103126,670320,694464,292758,341400,861736,732764,2288
1049476,1482600,1079727,1105389,208594,5028129,664541,701302,578701,615184,1498348,1619302,3025
1502963,1666896,2396510,1461971,457332,4472777,688945,718312,435916,527313,1553366,2923114,5256
1177323,1095014,1547772,1078155,329606,3755829,659618,690000,237846,198817,456118,1547963,4199
565524,822037,1471823,1056668,337715,3909463,695065,724837,289580,318311,815139,718572,2270
1072406,1540667,1110311,943417,226522,5212427,686960,706116,565426,593862,1451270,2243383,3011
1198188,1265217,1585219,1138835,218723,2934126,229341,473496,367625,399647,1274551,2333670,4098
1107597,1119258,1490076,1089222,327852,4050482,541408,485267,209077,286326,796478,2079308,4265
1343849,945883,1459897,1038880,221912,3067397,459653,722917,286251,336688,1486365,2938101,4902
1374999,1894363,1840779,1410606,341361,5021600,444830,240668,438411,520226,1461004,2289816,4364
1203432,1238732,1586975,1174890,334184,4285633,698054,738732,366404,346783,574788,760918,3227
620825,964274,1271415,1207519,347610,4313994,702063,731135,343751,385950,1227755,736979,2442
1193894,690485,1179183,599550,118830,3434995,691678,722271,257379,290852,1177126,2410637,4808
1619239,1814353,2137875,1574830,403127,4937428,484612,348149,464512,562164,1806321,2962360,5232
1318503,1483408,1796556,1333792,358617,4852808,722428,741780,427553,411116,657578,830545,3627
1778065,1760330,2043003,1236634,151804,5164703,566028,812512,621578,718573,1750328,2943685,7539
1231684,949364,1616478,1134045,346522,4173360,492569,284103,145936,245296,1237487,2520604,5382
1596300,1570279,2149215,1322444,361091,4916473,963353,1006244,474691,451094,987455,1552243,4709
2899815,4125184,3866624,2996637,477603,12070817,1266403,1403855,1534668,1413791,3265559,4041025,10239
1648819,1463458,2133947,1523491,450197,4833477,476309,500470,294419,400982,1364792,3268271,6435
1202606,973734,1620098,1168371,358260,4332523,728278,762070,225493,204076,512017,1582184,4687
684168,868681,1662231,1191225,356328,4382511,707951,732300,284874,306448,850317,865253,2986
1196927,1578752,1259039,1056355,236610,5533263,717622,760547,603521,642693,1606481,2424713,3767
1546876,1383643,2088361,1487552,357841,4066488,496198,517175,340751,378232,1601440,3022263,5604
1253729,1088805,1655911,1173944,345569,4116958,693775,724668,222182,224818,504581,1647839,4102
655440,827662,1575233,1127130,345732,4139933,715664,747622,288187,333290,865473,842271,2789
1178394,1538146,1246893,1017307,238350,5533597,720439,741389,574630,611179,1498567,2364287,3727
1299015,1241542,1723640,1241832,234654,3490251,265855,509269,332766,377464,1335565,2490927,4758
1239375,1110557,1670365,1220955,359022,4666492,725211,512893,229183,265441,941963,2316626,5136
950357,986391,1658752,1413218,478177,4706097,938193,970715,298886,348768,828193,890579,3108
1146741,1442710,1498053,966354,234346,4616250,720762,763015,537541,571905,1505829,2428901,3744
1319958,1411939,1794773,1319945,230148,3604519,267292,520703,407814,445737,1297316,2272955,5162
1343774,1396890,1788385,1281681,352252,4502861,703367,506429,262717,286263,959934,2515461,5358
922633,882271,1563700,1098932,352822,3999118,731110,764391,246167,303857,491761,872618,3069
1118183,1247942,1443610,1092188,357456,4868664,951188,977326,460791,508178,1679704,2342288,3837
2676274,2607115,3440392,2827068,674689,9087221,472440,729769,570495,1045261,3318370,5011561,9726
1599220,1549434,2144365,1569261,461185,5686524,939201,744732,312740,273676,952111,2267511,6169
971486,1000113,1644897,1179820,340379,4319897,679601,701408,293532,325264,625711,868820,3174
782161,877837,1001178,1018537,342210,4315279,718970,761095,323141,377267,1319387,1643890,3224
1787469,2183478,2428448,1537444,239883,4871567,507284,773822,597195,696767,1880736,3036174,5741
1344628,1370975,1780382,1291497,344612,4547700,694836,502401,309382,285146,968467,1677175,5357
928359,913483,1639161,1172360,350187,4198008,731324,765414,293971,336488,887481,870537,2995
991863,660011,885295,919898,239048,4113683,716970,740228,249599,300375,1162235,1584910,3765
1515819,1869445,1953103,1245004,193732,4395191,493698,582516,567968,620983,1553440,2435515,4864
1532163,1466666,2059512,1498060,467749,5100607,726028,521871,270000,322009,1288867,2261351,5427
988593,1076693,1753336,1295614,358379,4547000,713908,738580,346203,390751,933989,885772,3134
960736,607391,881352,886626,235095,4058354,720313,764639,240980,287833,1214906,1632257,4000
1544622,1632752,2021747,1301034,244101,4409412,499125,523164,481044,531559,1446700,2355327,5929
34470082,44616084,49423974,31958360,18739530,45252934,34927430,36221078,3556855,4952782,46906435,94158840,86074
1118693,1315634,1780807,1321256,350313,4969941,733490,765542,365085,343185,587224,860178,4516
945797,738684,1303259,1220898,353605,5050164,944197,968208,347523,401580,1557052,1588824,4049
1309485,1026298,1630111,917015,233748,3149660,485297,510197,257526,302135,1245210,2446018,5084
1785241,2098742,2391558,1819204,476629,6359417,732382,533849,447856,538531,1527341,2984421,5398
1016714,1284635,1780763,1288845,353735,4629517,706554,731365,356446,332095,588021,871569,4299
711349,900207,1336889,1008247,339824,4547680,715707,758580,345638,380945,1303800,1621729,2988
1502817,818145,1573523,1000499,240344,3401508,537336,754392,273657,334794,1489146,2958717,5616
1494668,1745261,1944309,1447915,336708,5258919,502181,515027,355256,463107,1061135,2408875,5465
1071329,1525230,1824362,1366075,351000,4912536,732596,764757,460524,435530,662047,879366,3875
748473,1124733,1438548,1074216,355036,4710624,717620,737114,360667,415316,1294179,1603719,3087
1208311,689370,1204093,856977,124537,3311483,469489,725643,239049,290240,1197019,2398308,4703
1634850,1520743,2096622,1524264,470645,4791697,736854,535106,316684,366696,1347552,3008083,5216
1157186,1780417,1914084,1461006,352017,5075175,703959,727005,499951,538610,731271,860236,3041
720614,947387,1257075,1019563,332554,4691999,702595,744857,347549,398121,1319069,1624457,2971
1269176,960196,1324497,985150,130035,3861599,504905,761117,303023,351334,1243138,2287802,4755
1328573,1063359,1638461,1148594,343404,3643251,484741,285372,234989,269572,1239909,2422557,4702
1448717,1906567,1966489,1509990,350116,5391303,733585,765443,505163,549452,805246,1628286,4098
734120,1119383,1348318,1252695,472422,5104695,954990,981064,399382,439502,1278369,1599795,2913
1553929,1117205,1646285,927391,125495,3693430,703100,971343,340160,394612,1650337,3224746,6112
1217294,918965,1535347,1100744,342081,3666575,502795,289179,188579,234518,1158348,2176922,4438
1860772,2270642,2471612,1867491,455745,6223419,789020,740651,525352,664800,1191323,2281750,5006
699576,1111608,1336300,1252027,343770,4476846,724168,767994,354338,401268,957715,863409,2848
1304667,1342873,1737926,1023678,235752,3996842,716193,983389,398112,458040,1585689,2937635,4744
1242036,944954,1639723,1163477,350145,4179018,486000,286139,146039,240733,1234013,2438947,4522
1429836,1595438,1851978,1392003,351008,5160358,734161,767627,474530,464218,705384,862778,3821
788073,1395113,1475463,1379242,343919,5062477,701828,720916,406469,461325,1155430,864349,3008
995380,1148388,1350135,786144,232802,4127846,695629,735657,368624,425591,1355430,2431286,3859
1459067,1054376,1918618,1366647,354386,4126503,498192,517484,176006,277886,1525977,2957972,5344
1445804,1333283,1776137,1304208,357018,4673880,709915,734838,368043,343255,595585,856700,3907
844010,1382833,1537796,1437298,342114,5072642,722548,766570,493475,547819,1517771,874571,2999
1316064,1124684,1401913,799443,129356,4325403,741473,773816,358734,402704,1297639,2323307,5204
1236085,1029074,1628310,1159535,275187,3725238,274107,400025,246215,339864,1247239,2387567,5251
1580210,1241259,1959884,1379287,456041,4612202,951484,757998,275844,267677,871410,1603746,4586
881267,1547776,1636975,1565296,357707,5768654,729887,751677,572211,615761,1525708,854741,2866
1329067,1171086,1375057,803286,125963,4070128,695984,736061,372854,420305,1346072,2430566,4960
1231970,1096400,1649707,1196503,359333,3739417,274798,286975,245967,347138,1246701,2294590,4798
1339106,980713,1643370,1174875,360012,4236411,714695,736101,188848,174670,478275,1634915,5041
1356635,1871360,2373534,1803459,446839,6385304,724966,773330,577299,724143,1633483,1625740,4162
1287939,1115689,1384391,998294,229329,4557939,941540,982746,387557,446779,1593405,2340556,4951
1332029,1344766,1768880,1310761,346222,4188650,275746,287994,325301,439313,1382653,2433786,5013
1217447,967997,1564068,1106708,346872,3907716,725259,757304,184812,147762,454882,1567918,4323
862696,1416874,1880592,1408194,358197,5062708,728517,749726,458183,505141,1042465,848093,2889
1107935,1200609,1092413,856444,237077,4864224,706021,745249,433980,485175,1443002,2443954,3879
1507959,1498999,2068700,1487294,344450,4084538,309735,528162,359103,453778,1611893,2957882,5764
1237575,879724,1602760,1129326,356765,3924708,708990,730945,189209,165883,462641,1665289,4974
836375,1260108,1772790,1302371,342764,4562322,719759,764251,375709,434421,995141,877055,2996
1139340,1363214,1167858,954907,242969,5250736,723842,757427,537872,576433,1459283,2287067,3660
1340762,1351515,1815087,1315419,240389,3489050,277476,520052,350552,409230,1373010,2515504,5227
1490786,1194681,1978629,1396172,459824,4705905,957871,764610,224435,263205,850614,2326869,4896
721105,832320,1538811,1142013,342979,4320209,699514,720407,264785,324147,852744,856783,2902
1216862,1525708,1254266,1032035,236377,5516121,703245,743795,595066,644758,1595676,2456966,3653
1223332,1264943,1677086,1240149,239112,3426062,271513,521017,332265,385125,1282445,2252820,4558
1266250,1085449,1665176,1212317,347939,4407420,697132,498839,178010,214075,880585,2377207,5331
1295495,1168130,1934859,1387066,437248,4073268,719665,762818,330402,375483,845699,1537022,3941
1218115,1750398,1674735,1287255,358075,5770535,967573,1011003,626885,677980,1845886,2338175,3763
1295799,1311375,1722588,1239584,225369,3441710,270803,503902,343045,377995,1292791,2365960,4838
1288615,1298307,1725350,1269542,346415,4789809,725199,519810,244230,255012,932569,2336752,5222
939523,917668,1597113,1123925,352921,3918125,716697,737904,234668,286182,474364,853171,2929
877991,1257704,1138630,1138324,343323,4922371,705476,745310,461953,515672,1464500,1693932,3046
1619634,1683058,2210078,1373639,245878,4483915,508510,766057,455187,559087,1755805,3021839,5144
1358924,1435095,1787990,1303131,352170,4562219,701232,503969,308873,285111,966847,1645225,5273
910687,838100,1548122,1098749,338255,3833984,712692,756196,233835,279441,719369,861418,2963
793977,951372,1011277,1066657,351294,4792867,721349,753487,386830,442168,1315749,1573965,2987
1491010,1832444,2008332,1249977,126098,4244508,498355,742419,513983,557106,1517283,2490828,4971
1576261,1519721,2106512,1542459,461517,5342652,725150,521187,302886,358524,1369740,2371414,5711
974985,949963,1705902,1235558,348792,4232263,709598,733328,313811,358666,883516,886919,3102
1057218,690084,914170,941820,230654,4316015,697354,738180,278972,324522,1257343,1664913,3909
1485970,1906566,2030580,1332622,232049,4549353,512158,553753,585114,632959,1557370,2310074,4311
1333985,1332576,2148538,1542242,469482,5189253,711381,514445,307820,403180,1672936,2388728,5005
1243024,1130416,1990966,1424375,448222,4891072,940105,997371,363209,341248,899335,872771,4038
1358388,811400,1301119,1203391,347617,4178099,729733,761053,331142,385875,1530084,2249449,4998
1548593,1952431,2066726,1305857,240038,4497013,484225,505389,581179,637251,1608960,2500317,5373
1298352,1316758,1739517,1263982,350215,4596978,507845,530150,255837,352199,964367,2342844,4760
1110857,1464401,1867881,1377909,361297,4570241,730653,752179,399780,380821,632108,886615,4411
636940,500297,1205341,1101984,340054,3998745,698420,737355,231980,278991,1195284,872118,3076
1685506,1546646,1872181,1188685,245599,4531086,726031,757552,527384,580214,1785060,2992611,5457
1393745,1518237,1874171,1397203,357177,4857574,494887,512326,304384,396139,998714,2427537,4796
1021912,1343066,1706065,1256801,334519,4642459,702364,745540,363792,343910,585655,875203,4188
652799,603723,1263815,915788,356737,4064206,731273,767057,268713,325638,1195990,1607915,3089
1460036,1167711,1419455,1040836,123511,4183939,485568,727585,366776,423763,1367903,2457529,4945
1658222,1872579,2207800,1658422,448864,5322270,602138,525037,451505,556608,1463234,2981360,5267
1024891,1303877,1779228,1297390,353314,4627671,720546,742342,342650,329633,571731,876407,4091
658598,716178,1301801,946021,338012,4155993,696011,737742,295042,340073,1242455,1644698,3012
1313611,832507,1240181,910687,125886,3812836,496166,754151,285235,338030,1253355,2277235,4653
1516193,1829146,2046366,1569892,360332,4916843,493211,281385,478016,516776,1524780,2462203,4949
1295183,1428466,2065485,1498038,448973,5092132,942722,1001535,343389,390854,597605,1633596,3931
964268,917957,1477601,1202325,354370,4310447,729975,983074,368814,413407,1550207,2254291,4154
1346946,845663,1269142,901948,127409,3696550,490730,733591,254306,306851,1242450,2454496,5175
1480461,1779197,1980422,1513890,351584,4986576,510391,287761,472313,519052,1534853,2322855,4457
1324219,1309642,1773767,1289227,358583,4557918,729523,751386,276437,312135,561359,1580057,3953
737472,1201750,1387208,1271963,446354,5160370,912140,966365,434128,479446,1320910,1668878,3142
650554,753553,1613555,1149724,356016,4112384,712040,738232,244107,282085,820892,875156,3007
1153807,1148267,1129615,1008873,231380,5027545,724442,767372,471461,528600,1489481,2292819,3541
1349403,1502199,1828683,1110609,240300,3731693,499970,522841,399051,445499,1316755,2246764,4388
1322446,1385971,1748753,1270082,344585,4498319,487117,508707,237404,341167,963538,2455162,5096
964835,875087,1535866,1097040,347212,4000372,723597,756046,224287,197125,449042,849301,4014
1107133,961436,1388811,1052831,353186,5318097,949119,976706,426980,476415,1660917,2370095,3689
1469804,1694450,1940125,1454766,235862,4233164,277865,519718,480543,542291,1498159,2449380,4999
1270199,1313195,1738785,1280995,358546,4745482,716704,521890,244174,301084,966737,2302914,4875
937700,997816,1638601,1173642,353086,4231471,704631,728697,283724,258811,507386,849451,3906
2962935,1720558,3988889,2709870,1181718,8379076,2477651,2633507,565374,390129,1278642,1665035,8926
1783395,1832716,2030621,1534713,234774,4808930,506860,775094,600329,645447,1827695,3012435,5634
1382121,1352212,1807225,1303699,351428,4538413,714562,516340,238810,278228,989954,2537887,5509
947781,1148373,2018999,1441030,450223,5031043,939735,980724,383727,446901,912086,883217,3070
694736,605491,890460,920075,359269,4207668,725110,746998,263814,305279,1191992,1610365,2973
1481167,1595193,1667942,1271722,124410,4890685,457233,721946,528489,579188,1522432,2366123,4606
1543496,1456844,2078359,1502561,470511,4498831,732797,519459,265189,304117,1294680,2975442,5337
1012374,1253748,1717798,1265455,347907,4610695,696220,720159,341698,391918,585999,857354,3062
638476,538600,856841,870841,339917,3950690,716149,758199,219837,273300,1185934,1621980,3033
1448428,1580579,1931087,1180599,127972,3993538,510177,775777,436607,490447,1394899,2322576,4692
1414914,1481617,1814900,1319083,338970,4149276,274466,287303,347554,450278,1400572,2432664,4760
1231649,1310739,1669371,1242912,338946,4669779,698069,620437,299354,261920,776269,1500463,4865
921704,668959,1574892,1353775,466898,4406551,923656,949567,282649,327628,1156106,857657,2842
1454846,1195058,1436915,833469,128511,4001988,729542,770062,370169,427550,1382918,2471456,4564
1444272,1669138,1956741,1495184,364024,4717642,273228,287520,437032,543371,1461199,2305538,4868
1367926,1418440,1813424,1335607,354574,4620050,708642,740360,310866,296881,604869,1712008,5256
641991,883333,1633231,1167405,348634,4118107,735237,768894,291065,340874,869815,856965,2981
1333272,831476,1255072,782850,239236,4244482,947799,973615,310724,376522,1535114,2832412,4513
1786674,1752643,1967205,1489929,232622,4884555,497310,762267,617018,662076,1938549,3247931,5561
1276177,1313391,1736567,1291670,359217,4643068,736274,523143,222195,266186,945002,2268291,4709
1235571,1221530,2039319,1453092,456535,4898870,902937,938130,327522,299747,532422,887822,4099
721538,662191,894201,899138,340206,4050334,715878,754769,242110,288855,1217314,1626066,3020
1818549,1908646,2404927,1540924,238812,4570406,505844,773273,553055,604683,1799479,3063091,5643
1322299,1264765,1716494,1224322,342096,4450412,700635,508235,218392,253241,945521,2449873,4903
974195,1318632,1673783,1258881,348146,4677528,725992,758520,355116,387261,563699,855953,2907
637146,511117,838202,873437,354668,3917315,714335,735676,241255,290071,1178197,1600622,2936
1408666,1342536,1483064,897065,126315,4301960,706735,747845,434609,475150,1425032,2368091,4867
1647795,1669255,2239024,1653930,478117,5082013,509704,532096,359870,458892,1340298,3002346,5428
1098393,1365916,1768606,1276716,349938,4545510,705826,737325,355956,341739,602486,871452,4234
645085,524464,1225332,1082465,337576,4001908,706119,736469,223057,270460,1169412,915114,2921
1449798,1098554,1426358,821590,128901,4264424,725304,743018,372321,418681,1300798,2351576,4909
1457983,1754009,1948244,1471717,345167,4743593,275431,287246,423361,538414,1504837,2460721,4727
1238503,1326645,1722246,1280325,354284,4592891,726323,758074,309648,279017,580336,1572172,4552
646321,827460,1688669,1206931,471674,4733086,929993,958158,334120,380510,1229751,1622140,3057
1049794,879549,1269373,716149,235223,3790195,721980,753169,253155,320272,1267564,2333410,3706
1489535,1843493,2007302,1528274,231630,4347425,269960,520371,526453,568739,1457349,2281218,4438
1634418,1501149,2131913,1546820,437554,5279512,702785,513298,227856,361504,1348978,3138250,6054
948100,1103142,1644837,1200417,350681,4361420,726487,758244,297471,353843,546577,883445,2999
991972,755615,1239038,867362,348600,4036850,929820,955735,292533,348755,1522065,2363444,3776
1532831,1757557,1986950,1498890,237234,4691904,269829,525612,476005,590230,1580627,2508667,5069
1321715,1382806,1782328,1337256,359051,4658719,736089,530846,317782,280043,961382,1577067,4699
1071829,1293109,1727400,1252501,339732,4541442,682153,712020,345733,394137,707481,880542,3156
653966,601610,1225087,1130199,349752,4154733,728861,760692,235921,286131,1178275,857239,2976
1777046,1540650,1893313,1158797,244890,4504373,715403,736705,490412,548014,1729627,3083045,5578
1425493,1550057,1863797,1372727,344358,4956063,496250,523161,302986,417097,1047166,2454063,4583
1047475,1500295,1815381,1354787,356178,4806455,728325,758285,422025,381723,628037,881888,4088
624664,481091,1203351,848548,352039,3848762,700498,723637,209628,253855,1145021,1632561,3101
1441526,1078846,1391669,934789,128135,4124100,542190,754696,315338,378850,1343337,2433063,4794
1451744,1733630,1954017,1476062,360124,4563934,277230,284576,452331,557501,1455553,2301540,4247
1304852,1460252,2094843,1485980,452647,4910489,910015,947279,332812,319548,577493,1652901,4955
635392,665616,1276798,939577,349235,4228991,724878,754549,271361,331589,1232899,1572980,2898
1360740,862641,1277775,924158,126540,3780050,489804,735780,266140,319918,1219667,2321483,4424
1500573,1779098,1989212,1506822,347278,4810599,493188,281821,502155,548709,1592437,2516577,4956
1640444,1621764,2201411,1641199,460988,4821113,713453,743978,423991,402806,990529,2280635,6130
699117,1008924,1716079,1233898,479461,4930778,934040,963830,357367,409932,1271336,1682122,3167
1326903,955926,1326875,991323,126392,3676576,498320,770634,307292,357377,1313245,2440467,4716
1523387,1867219,2032532,1534456,362973,4892554,505658,283498,481124,520956,1495856,2355364,4775
1390617,1525526,1847497,1348675,348151,4493364,701753,733627,351436,389802,672839,1685935,3984
722246,1192079,1393781,1264502,357033,4560571,739774,771495,387815,432665,959958,883984,2984
1273382,874218,1568293,904059,246699,3762972,730429,983437,296040,354648,1546699,3159299,4815
1407044,1526144,1815859,1348297,335610,4453236,491908,282707,350195,394310,1391374,2403217,4668
1320988,1450067,1796755,1340553,362631,4842140,734601,766164,392293,428333,673422,1580956,3597
734573,1264538,1395907,1275443,355204,4445110,703362,726086,347031,399165,943342,854501,3051
903123,636395,1196565,620621,234251,3442273,718249,762926,224582,276185,1198751,2448113,3943
1682299,1414327,2164802,1537941,365345,4816745,507860,522466,293680,402466,1663488,3071429,5656
1465534,1787398,1942022,1446340,352978,5137475,709052,737593,495318,477266,724284,880744,3809
706258,1055214,1317433,1221893,345122,4617097,710458,738478,330438,375688,989543,881647,3113
931610,773141,1265738,663249,244622,3626029,724035,742947,247828,301386,1196756,2405860,4013
1617295,1247254,1997079,1376799,345781,4238189,485591,748475,289929,340877,1255778,2490047,5496
1447524,1862625,1983329,1527002,358567,5512844,729488,528132,489329,455662,1132991,1596252,4898
1352364,1382483,2160924,1828104,480262,5235611,936741,1170995,486781,535556,1679378,1579318,4107
1243036,958302,1300022,716743,124468,3749022,726045,769177,327536,375086,1295539,2444811,4975
1257539,982463,1598550,1136166,297490,3579853,274598,381396,194395,300218,1153291,2246880,4973
1514679,1807935,1985282,1471793,350992,5303908,704079,509253,476968,458216,1154203,1679373,4774
1006713,1130212,1724428,1253007,354971,4452672,736016,768365,370159,411525,959919,891197,3146
1330857,1206607,1384132,1025892,239109,4463270,945200,970451,399773,461228,1619634,2408570,4945
1215970,834056,1556969,1078272,346328,3467737,271209,283070,178789,289265,1230812,2479918,4831
1370823,1491563,1812561,1357497,362611,5030387,735926,767514,396584,371658,705004,1570900,4313
890671,1434077,1867277,1396763,361886,4929130,714974,738569,422351,465214,1010095,839747,2795
974988,934809,988738,1005374,238234,4576623,730293,772926,366994,415905,1343368,1640679,3801
1542208,1040508,1996264,1124168,360811,3497025,503237,523493,216404,327353,1487014,3098883,6252
1452217,1304582,1788565,1282183,353125,4706470,709231,736804,322244,296850,590515,1697845,5136
831583,1580734,1894859,1431318,356675,5094629,735477,766462,515303,557465,1108957,863405,2916
1036116,982353,992152,770366,244032,4613740,725366,745881,354267,391453,1268035,2419680,4339
1235660,1018020,1627618,1062363,237290,3152040,294469,514087,290716,335057,1280931,2504703,5009
1349537,1204104,1682963,1212745,363271,4260811,502670,525816,197320,305565,921246,2318973,4614
1583246,2213570,2829844,2067222,481065,5902794,942107,1184345,693183,703881,1571010,1620648,4991
1049357,1102316,1069127,851269,239500,4563280,723246,764078,401650,452669,1397152,2451009,4325
1314865,1398143,1810086,1335120,247673,3334443,278473,529011,382394,433232,1339261,2356534,5117
1293584,1003574,1635358,1134522,352143,4030500,708146,511878,171417,201054,884496,2513496,4986
1162304,1794996,1931359,1479701,357065,5489169,734949,765983,565750,601621,796151,857699,2960
1017788,970530,1373460,1070297,351086,5236986,931847,957340,429109,477231,1638263,2394943,3910
1294918,1268687,1707325,1219199,237344,3391336,272673,519376,342604,397668,1324221,2482096,5111
1239737,974234,1597107,1140925,359245,4158544,729657,517029,143402,170357,817536,2277316,4628
1144620,1563733,1847467,1356354,359656,4786871,712666,736359,444380,485500,671853,851835,2890
785756,1172983,1073801,1096003,347225,4744748,725466,769106,449849,497003,1458273,1657679,2894
1540697,1517485,2112784,1266387,231122,3494016,503762,767447,399011,435229,1568526,3020226,6348
1283433,861054,1590997,1085057,350180,3963309,711257,516376,131542,159562,844891,2539359,5266
1070559,1353653,1724710,1277627,356834,4545382,735871,766663,368629,421596,591303,856152,2879
828097,1400132,1174102,1219067,352868,5196231,705606,728181,549011,578718,1446370,1569117,2922
1292824,1273956,1713155,991911,125077,3359533,488963,749920,349829,391230,1320434,2490481,5138
1473705,1179060,2002453,1410436,479462,4647053,734599,523536,217972,245296,1218763,2341578,5759
1025619,1027655,1635316,1158850,344230,4155410,681254,703013,266395,299700,614515,872764,3098
1212301,1663271,1604823,1219503,347206,5133956,944039,1002449,655951,700824,1968878,2423486,4079
1285638,1280288,1769987,1044209,125906,3520721,498999,758108,358687,396259,1263264,2341468,4848
1288678,1165376,1676104,1193422,338853,3805811,265978,279231,255059,359935,1276632,2469451,5513
1210962,832330,1567198,1102924,355956,4062359,723729,758195,189479,159640,447512,1601209,4724
816699,1536600,1859800,1398370,466059,5486303,908871,932849,582393,628833,1473514,1557294,2603
1274707,1237849,1293300,871703,111880,3883677,524592,701927,377748,422501,1297974,2283972,4270
1184305,1279275,1625724,1202008,346060,3680727,235115,245140,315599,400454,1232117,2190022,4498
1129481,880495,1488000,1040547,340662,3631537,670223,698893,176920,153037,431198,1553086,4285
707963,1321138,1708909,1276923,336150,4594178,697222,727412,437328,478403,998714,701351,2254
1305918,1375696,1373458,1065036,227113,4736908,693929,949086,544797,574934,1675173,2990251,4244
1231796,1339284,1626245,1173528,221835,3750455,235384,480365,331254,416539,1329126,2397383,4578
1130955,889607,1507311,1073567,346656,3837318,699260,483712,135195,153378,779992,1567270,4608
966501,1255253,1651283,1188638,339695,4213708,666694,693359,371019,407431,555254,744766,2456
771004,1504129,1085525,1154908,332579,4807442,688046,724711,566035,598831,1524902,1535600,2390
1478214,1454415,2008041,1177007,227470,3657436,465382,723328,365754,450562,1554901,2909144,5091
1442390,1106977,1867672,1285396,332706,3748711,668592,695810,269777,246527,1210308,2339478,5264
908605,929309,1513503,1093006,340350,3919180,699791,729052,305543,337734,827649,711190,2263
1086240,1530349,1121091,1184685,344118,5944430,901779,925152,651938,694460,1840517,2237904,3147
1191627,1262631,1537479,890339,111266,3098206,453133,672140,352861,390125,1226122,2244585,4304
1112062,993444,1494255,1077648,343794,3874456,463865,244137,175314,255284,1158318,2148411,4274
1128122,807336,1134597,824674,224916,3901554,687471,958144,328459,374648,1517606,2873126,4295
1416551,1947422,1883809,1445589,331670,4357883,448715,242482,535149,568767,1498232,2275400,4193
1229422,1235623,1645961,1184231,336876,4196685,705946,745826,274794,318383,544556,1592221,3825
625769,935090,1287471,1210983,354698,4441249,719103,745807,341962,371893,893321,812127,2804
890933,593156,921504,632283,234702,3891543,674510,704177,231538,271823,1180370,2375338,3708
1600020,1877062,2171717,1645182,345481,4465674,478859,500126,528827,555547,1822018,3009279,5098
1310002,1323051,1773311,1313640,358246,4695102,715278,736333,346900,385603,631364,1590795,3710
723225,1087504,1371678,1257132,344672,4593861,700401,743567,351697,393184,964319,897914,3195
899314,711481,1231859,646801,243845,3623451,734843,766289,259243,292742,1187210,2296000,4043
1407727,1415101,1824934,1329483,242185,4365170,275112,513905,362001,453169,1392655,2459376,4886
1628657,1802359,2172192,1610546,446489,5558376,929175,731351,403637,446222,1110797,1969990,4582
672481,1064314,1356337,1249166,361243,4388780,734151,761594,345270,381242,903360,839573,2896
894395,710142,1209616,619671,231773,3384881,693783,726750,255881,297933,1215741,2465125,3859
1586298,1414699,2061462,1489575,347709,3983644,264802,512619,375282,427736,1656969,3085635,5766
1485508,1860816,2016198,1528398,360882,5392897,718645,507908,509496,479763,1168521,1658670,5045
979247,1075792,1719183,1465400,453153,4857498,923821,977619,410154,460302,1317855,858111,2889
1081305,854619,1267161,659961,146532,3527979,726641,760979,279807,309070,1198900,2326931,4341
1251155,1073781,1655069,1193479,237006,3600750,260726,500085,250613,356189,1270393,2452794,4690
1500363,2004390,2026846,1567583,341143,5485426,715229,516728,613136,562662,1264797,1638929,4489
970302,1116372,1757976,1287083,360596,4534354,733430,761307,354814,401061,932048,853189,2889
950253,719192,885115,919499,232805,4160272,699553,732180,286672,323754,1245105,1697682,4212
1504296,1204819,1961152,1159067,357799,3567464,504586,526574,258894,362545,1598622,3087303,5302
1559332,2086180,2095735,1623254,361518,5462596,721218,724344,570506,525950,946210,1648869,4797
1029896,1135788,1722248,1239200,347834,4451290,714385,755229,351894,404996,984870,868079,2958
1030428,1111732,1072900,1120726,249632,4661564,743119,777100,401683,429839,1356230,1589160,3722
1282482,969957,1661072,927851,243902,2867664,490108,510930,267460,303200,1228525,2474129,5369
1700048,1789817,2192838,1617972,452273,5438767,727712,768494,429235,440842,1056586,2356952,5737
798986,1380815,1882681,1402240,364358,4948785,739384,764718,472034,499895,1031827,855168,2819
1061393,1034359,1016360,839226,239683,4368036,708215,740190,382034,420903,1363023,2440828,3937
1216195,1042587,1617788,961806,244775,2863288,462355,494860,295879,341457,1225143,2280969,5057
1752872,1543676,2181552,1590135,367413,4708056,498583,731175,361921,466912,1373004,3165047,5781
1161605,1920029,2345620,1725544,456029,5799977,928159,982961,615615,596305,1152271,875808,3810
968022,896841,967889,765039,244611,4484984,734577,764659,341277,390466,1277282,2299035,3783
1250729,1040977,1660443,1174537,242330,2943611,268824,508925,272900,313894,1221208,2465214,4993
1337363,1005048,1593393,1139017,347408,4065418,722040,523318,150252,182880,876036,2419217,4315
1186165,1981768,2029002,1553429,343955,5422967,702375,730573,579521,552007,814417,878481,3951
992224,822992,1294904,963138,350075,4817550,924794,967243,377216,427239,1695950,2502977,4157
1177656,1102386,1607879,1169789,232467,3116555,271747,525233,305204,354042,1249371,2283204,4678
1269489,931837,1584389,1111221,358250,3982916,716169,505219,147274,183077,833428,2352681,4631
1214749,1786577,1955882,1472603,348308,5374903,712721,754063,555016,590811,796108,861782,2866
718052,928770,988116,1019670,363983,4668527,738518,770068,356948,386926,1259615,1569819,3148
1301348,1169473,1496729,1007356,128933,3739531,463152,706943,342715,377639,1255900,2365975,5092
1523314,1053823,1903623,1321288,458524,3795201,724853,526159,187105,227842,1222703,3220226,5796
1968285,2308885,2522391,1999245,420583,6634111,797359,824120,643073,600376,870350,1878840,6662
1072736,1490011,1802937,1335989,343455,4743856,719219,756906,452009,498842,689719,846943,2910
988282,1182067,1379551,1025620,361036,4590626,963219,1004802,405272,433453,1573449,2301596,4127
1244005,914654,1594646,854586,230576,3599933,691794,945906,322998,373572,1597250,3261185,4994
1609789,1468176,2038590,1472536,452214,4545685,730845,527486,271905,335644,1279097,3012295,5158
1137679,1815839,1964024,1473033,360333,5178141,725345,744374,540237,580905,754528,860772,2921
695376,873126,957485,987343,344828,4410716,705205,745660,350606,403619,1352814,1695660,2991
1165234,960803,1591916,890688,122802,3015404,502757,758951,260599,312715,1203320,2291610,4890
1376686,1085369,1667419,1186689,360011,4321156,494010,287828,188777,282996,1261761,2441359,4694
1420308,1892322,2258785,1673510,457838,5835146,953795,1007192,619701,610586,1082221,847717,3724
687068,866982,947708,982994,361196,4489227,733331,764919,317071,359635,1243237,1587015,3004
1274553,1109771,1681444,944756,124665,3119732,490902,737912,293136,343284,1288277,2494815,5045
1242253,967499,1584974,1126405,353717,4031187,502196,283105,138898,233621,1203835,2346239,4733
1491464,1847390,1981272,1514250,357484,5415198,719835,740548,557763,549643,788518,848318,3641
724070,963969,1376107,1244428,349365,4412835,712938,749162,337372,385336,1342462,878364,2887
1510624,1208164,1660236,968432,235989,3830512,734916,778527,384449,429726,1606054,3035794,5768
1230206,942614,1566623,1101693,342314,3900278,460534,295593,134877,227248,1122632,2322830,4729
1425602,1563880,1822744,1351033,346072,4894704,726131,764171,446610,431693,679996,844959,3667
769286,1146116,1464688,1371992,360796,4876326,732415,764711,458870,490645,1347640,858356,2928
1320279,1177471,1367916,750000,123788,3728811,698868,728918,347411,396738,1322993,2464800,5208
1431072,1032819,1894063,1565268,569318,4544541,715616,746118,257986,364540,1546153,3089839,5576
1096427,1258071,1746085,1285722,362513,4683116,727706,748077,373128,368778,614341,849829,3714
847730,1378030,1550943,1388728,334953,5129682,685719,724719,523985,571801,1473191,1100263,2768
1220476,1047256,1326239,756349,124755,3881833,734426,766270,330179,381066,1268363,2302187,4756
1250507,1053873,1667739,1192945,359630,3501782,269709,283512,228617,323685,1223594,2456081,5004
1332252,1308813,2009854,1436193,453255,4801382,942550,994891,312260,283126,543129,1674962,5006
943235,1675539,1718487,1369717,363525,5495813,737256,769013,602018,641642,1537109,1603633,2910
1314968,1067253,1336856,985848,124226,3731591,487489,732408,347325,394412,1345360,2491002,4887
1200934,1149159,1621893,1178760,342549,3728170,388127,282389,251923,354731,1251935,2287127,4698
1279857,913601,1596979,1107115,358989,3965276,726254,749817,196567,179914,480463,1617288,4665
902478,1642421,1969554,1488530,455333,5802055,926566,979678,627429,674812,1578582,1669936,2836
1248726,1084808,1334933,999169,127581,3983219,496271,758009,352183,388538,1273806,2291995,4675
1320124,1243597,1723232,1213114,359721,3676497,491320,283440,267302,302136,1280060,2482480,5363
1212237,884886,1560942,1096365,346548,3949813,723228,763087,174221,215745,457761,1641139,3846
857170,1355355,1669711,1431926,360238,5096635,733869,767306,466945,504235,1053827,850605,2965
1100899,1218385,1086003,850105,235843,4642940,704784,735232,427296,470959,1399382,2469395,3790
1504829,1407964,2046899,1463042,354465,3934922,502801,522635,342381,371253,1646096,3136299,6059
1216370,884769,1578603,1374753,465725,4679877,921431,946154,243122,294196,811990,1587355,3909
811238,1193627,1404980,1277606,347701,4630698,709606,746425,331907,392045,974646,882904,2964
1125968,1588159,1534148,948621,241186,4605184,729041,763953,536424,578101,1482077,2311498,3630
1294062,1246028,1730051,1259100,240613,3534765,268612,509909,319587,378254,1296548,2454069,5269
1489093,1194698,1973918,1395309,456463,4741270,954174,768662,235845,276165,888453,2445009,4917
732388,874026,1249827,1136551,360043,4190647,734689,765885,262449,312036,845692,849037,2755
1200854,1705870,1615725,1008893,236735,4868126,705980,736484,562231,608108,1556214,2503220,4170
1238215,1202689,1662099,1215508,239560,3953864,271248,513801,270861,371613,1302722,2326429,4889
1232136,1068358,1640905,1176640,356696,4232619,717147,513082,228072,211014,859395,1573948,4754
960248,904014,1580557,1319563,455441,4324103,925652,980091,286304,336876,1158943,848384,2811
1223698,1722141,1613846,1031953,216262,5296975,710732,740776,573316,614017,1470204,2219351,3612
1303940,1272013,1747125,1259294,243684,3879587,273219,512170,281323,370736,1292846,2456333,5250
1263705,1222228,1670928,1210121,345142,4457389,722202,522720,272559,245629,904786,1643745,5104
973860,764335,1602531,1126701,355463,3957970,724318,755738,254817,302771,837468,878603,3139
1210120,1396339,1184158,1419744,345814,5605751,911713,951112,552717,615321,1870129,1700249,3938
1563006,1618273,2120452,1326432,351985,4139750,499970,523737,439333,548237,1754265,3074876,5227
1292776,1376862,2115401,1522682,452698,5100257,906632,802677,363470,358928,1153438,1521466,4997
956017,694530,1594058,1120773,349453,4052895,710170,749755,242707,295937,839256,861605,2989
1088008,985192,999938,1016776,242305,4736572,732068,761933,381445,438511,1347355,1571715,3749
1485719,1789541,1963641,1246576,242446,4154545,480642,499474,522669,560953,1461832,2424276,4849
1544557,1389424,2007427,1420727,453892,4958020,716160,752917,275330,305806,943746,2402043,5677
626426,789942,1628312,1159035,360273,4143797,728911,761488,254104,307785,849126,864291,2921
1039409,685988,864385,776852,222423,4039019,676309,705074,274262,316639,1187500,2068519,3757
1471793,1876355,1978794,1273302,236863,4414358,500913,524882,575107,623428,1563887,2387587,4687
1285039,1278257,1708644,1222438,359058,4425345,496152,512663,241190,316094,898690,2373116,4784
929820,1051591,1967865,1360081,455794,4613364,926645,980766,324140,308098,870000,845607,3728
949821,634318,837392,633423,243356,3976868,734817,766409,247740,297233,1190291,2298463,3629
1543328,1956667,2076003,1593998,244986,4515306,276338,516381,581262,631318,1562926,2455694,5031
1278608,1216213,1685113,1222164,346638,4407220,685948,522483,217647,313307,936850,2442962,4837
1008360,1320863,1740718,1250470,360787,4306916,735393,767926,351376,323674,561922,873344,4185
947361,484753,1170131,837570,348956,4388681,922145,961588,265363,316698,1555121,2492017,3943
1399537,1594594,1833853,1406965,234073,4133836,270554,524123,507554,551018,1457269,2314494,4579
1355150,1525163,1849722,1382086,360715,4928245,726549,513969,301368,339128,1003431,2346855,4506
999055,1299613,2103003,1500898,451071,5118207,913566,969133,445191,499678,972836,869253,3017
636591,556633,934829,909078,363310,4112254,736930,766182,245109,287034,1197058,1592804,3056
1469170,1137103,1414970,1059103,125522,3998556,482984,726887,367755,393753,1301046,2418701,4959
1718088,1947804,2264324,1670029,458395,5060069,725970,523019,446218,488555,1528183,3222348,5455
989229,1299381,1721349,1237781,360947,4500761,732509,762246,337822,373400,563823,871309,2872
625158,614609,874847,910246,345010,4110541,693954,725809,270151,313810,1255855,1650172,2916
1350189,1187908,1672102,970011,125103,3048784,503547,767170,324503,369845,1282696,2362618,4539
1550083,2023279,2094607,1613478,359111,5694530,498550,283812,511158,597614,1569366,2406056,4948
1268391,1454971,2027490,1438761,440242,4859750,895430,948494,345168,390367,563451,1485297,3810
640534,753592,887347,919493,360207,4114250,732416,764759,309294,341999,1236766,1589755,2811
1284871,958093,1605602,897255,123646,3042838,491443,729362,249398,291026,1178917,2415818,5132
1491148,1852317,1997363,1547188,349931,5823252,504951,289797,497239,587529,1588529,2410743,4382
1262070,1290797,1728317,1260902,361368,4460283,734406,765920,324961,312604,562749,862256,3768
739887,873949,1309856,1209714,409573,4808182,897225,935248,390189,438742,1641433,1597499,2980
1223812,914854,1555888,844641,123869,2810729,500498,763683,221114,260748,1172342,2343151,4535
1463207,1629882,1891249,1423081,360494,5134372,495764,276808,358153,431146,1379467,2359724,4330
1374058,1495465,1790028,1311641,341893,4692053,697171,738462,424249,413684,680543,890386,3797
690283,1190698,1692098,1479728,471554,5108428,955485,998459,369898,418519,1234018,874415,2979
1244504,754060,1229095,624402,127353,3428594,714138,740002,238281,280572,1187792,2462207,5044
1627118,1471966,2049202,1474589,445324,4603290,473174,417837,309194,392247,1514317,3097389,5414
1400772,1719989,1904413,1431604,361292,5200286,735628,766582,510752,479341,718000,844609,3458
708958,922522,1342267,1216370,350165,4353270,704966,733540,318385,354505,1272401,867745,2920
1232589,845473,1252477,664552,124351,3568126,731564,762519,271701,308146,1229294,2375274,4774
1317018,958568,1613361,1143271,360225,3427650,266096,276958,223949,322334,1208459,2364578,4507
1514457,2162086,2386799,1768891,455745,5995858,922673,979278,624218,596864,836227,1676531,4422
671525,873138,1297742,1099880,359381,4392464,734732,768215,329180,380955,1277651,1462028,2890
1231928,884005,1280180,686121,123518,3502328,711999,737520,270241,316726,1218979,2451374,4936
1276923,1076273,1617060,1154129,348634,3600485,277010,288997,219656,325181,1281343,2397669,4523
8403480,5595776,11339480,7478120,3421836,14605825,6755846,7061593,1193889,707432,951047,3417725,17491
1507918,2137307,2604073,2779803,539019,9580461,1297985,1385748,1131928,1098660,2649232,1962913,5929
2141128,2166189,2791859,1078498,240606,3311162,762804,828893,712722,778334,2338434,3613389,8957
1838193,1530956,2107708,1437774,381870,6220409,1148522,1214559,651873,718909,1714984,2157114,5136
937019,1356341,1188369,1208511,361564,5037174,734047,756797,523921,573528,1469633,1650965,3100
1794490,1836734,1956532,1233163,128004,4636697,697321,971860,572990,633520,1908495,3265818,5824
1550325,1474122,2100100,1529473,480953,5220683,742245,535327,315450,361645,1346384,2382123,6394
933686,934676,1631528,1162579,351455,4072059,697144,731033,246514,240361,495156,873124,4234
820700,1001216,1392878,1064942,351969,4695126,734388,768285,385082,402540,1338202,1644249,2866
1524641,1889309,1715092,1333081,127696,4811712,510302,760547,617871,656266,1567245,2353909,4594
1313600,1352841,1719336,1240089,333942,3881361,292224,280595,314472,406904,1318356,2389379,5196
1244292,1140536,1677906,1222270,360273,4155282,738795,769882,268852,232547,570019,1632326,4817
800276,973598,1701430,1226982,481474,4765593,946576,972169,380547,425562,1278779,1652355,3015
1560473,1966899,1700720,1364601,127420,4989009,486218,749435,702182,752370,1730164,2454162,4428
1298717,1387618,1764322,1306079,362118,3890060,503270,285942,332048,358328,1291193,2278560,4714
1330758,1288049,1742902,1252947,356469,4120251,705678,736935,289568,310134,563014,1679738,3945
679154,720216,1452793,1098580,340369,4150427,717640,751951,238718,281384,821191,888353,3119
1532768,1796210,1679424,1338710,247338,5448800,735042,998581,677706,723382,1892653,3084027,4355
1343325,1404869,1792604,1298531,348870,4008996,488745,283106,304054,345388,1341685,2512725,4994
1230318,1231038,1661347,1218278,353630,4560920,729694,760386,297243,335902,570816,1608477,4238
659141,815860,1241324,1151390,361496,4015267,722492,742967,251252,291257,834858,856688,2867
1158085,1390005,1466577,913094,237038,4444257,715239,756239,498528,524049,1453682,2460546,3576
1634499,1847715,2193925,1621504,457652,5420366,728584,759457,605228,650831,2138980,3548112,5143
1309482,1318109,1742910,1259156,359120,4463390,710217,739328,256033,292145,544269,1707882,4418
641792,681810,1217288,1103886,349209,3942780,726601,765474,240524,277998,849028,894160,3130
1129016,1112329,1350955,776162,242366,3861299,736825,765107,334193,380891,1274319,2351200,3771
1517055,1983026,2021933,1531646,237885,4839166,273635,510287,556237,660775,1620523,2506704,5087
1538557,1426060,2012018,1441016,472364,4885200,965851,765377,353276,321947,905770,1596312,4798
690927,928554,1353439,1248161,364342,4143678,726069,751749,311987,351304,1153498,900677,3073
1069033,996872,1317618,787778,240917,3885189,721688,762452,329806,383467,1341365,2501707,3922
1571085,2249391,2184436,1744229,247421,5479915,277830,529947,718832,810668,1704611,2292397,4628
1353665,1359661,1792449,1308186,361828,4546820,713402,513378,307929,286598,986583,1687166,4945
1004229,1090776,1712490,1243115,350307,4308876,730977,769791,363821,417629,1013093,891670,3138
1320923,846110,1298074,930714,245765,4189694,971876,1007181,297383,348459,1493811,2372599,4864
1560937,1921052,2046212,1541879,342136,5022798,274040,304091,552192,661521,1611150,2493427,4891
1311484,1478445,1778792,1315704,348980,4686566,719685,528339,339474,314822,968102,1546582,4521
991128,1120069,1738579,1247516,363699,4408972,723631,744043,334963,370937,886701,874853,3099
956618,614019,870964,889857,235811,4056002,709430,751967,254213,313647,1257448,1688484,3912
1716881,1734849,2203986,1398069,360749,4343220,494090,515067,431213,540435,1737312,2988083,5409
1471775,1764797,1934981,1742335,467634,5905012,917995,948736,574819,563020,1177773,1692269,4668
723793,1085872,1719143,1258984,349158,4485148,729034,770830,331168,373933,946223,874355,3131
909131,564503,866711,877575,230281,4165715,708534,734947,260989,307274,1152866,1700726,4043
1401732,1146548,1709993,939860,236979,3128761,489057,511238,315761,359435,1327947,2486071,4874
1759590,2225792,2382641,1809407,466837,6139866,727469,757308,609446,643960,1272923,2385857,5596
706203,1163221,1741673,1250807,362293,4385441,727105,748010,341913,376937,898353,874879,3021
933248,685505,890017,651738,236985,4009381,711451,752124,278737,321790,1260399,2485859,3966
1259504,1089371,1647487,1192086,244832,3171225,273725,526188,303694,341580,1225560,2277185,4412
1579502,2095084,2092016,1640047,343549,5724209,565814,511491,544799,621190,1204107,2319944,4602
962896,1277622,2060896,1470224,460083,4924384,955930,1009786,405230,393104,938231,846256,3661
961935,874600,952825,729648,243948,4326701,729872,761358,329384,362530,1210583,2319317,4204
1279196,936903,1615839,1098086,238512,2805202,274123,512106,214828,263844,1213303,2495102,4914
1511227,1902847,1988126,1545549,355753,5386848,731135,521719,497931,526599,1193546,2357917,4439
1051126,1357328,1775877,1310812,359563,4589425,727719,751798,417213,467432,676950,877827,2989
723981,1164333,1541665,1231049,446855,5008931,907200,960659,400462,460371,1341005,1708506,3089
1447741,919515,1550441,1090770,244536,3495068,505861,769303,304746,350176,1539361,3007498,5327
1434011,1558941,1823332,1657704,463379,5660236,907684,710580,427909,452986,1420264,2410690,4752
1141267,1836369,1927715,1473046,349796,5428367,732675,775642,570207,603212,772469,867880,2945
673759,882481,935664,969052,361367,4267901,734083,764317,310587,356200,1233735,1612954,3042
1266262,1055322,1650615,922062,124566,2935593,485735,723931,278750,312395,1205291,2467911,5131
1583863,1217800,1973101,1406403,467001,4354151,736459,528901,271146,312815,1296285,3137525,5496
1231994,2151463,2083534,1618755,363074,5744048,733720,754715,658548,694576,875680,865869,2821
681683,918914,974090,1009464,348338,4557561,709303,749747,346710,407986,1364544,1696011,2835
1162651,1014850,1593423,924859,126267,3003381,504375,758655,285895,322979,1184551,2273491,4800
1315854,1036005,1654155,1178541,362354,4155154,493428,284351,144606,240696,1208864,2451253,4899
1571989,2298904,2449977,1866176,458953,6350970,950596,1006934,743025,732097,1234533,850134,3740
707180,889469,947357,991346,355523,4385710,726461,759002,342348,385658,1249172,1554922,3006
1331283,1212815,1710913,968667,125228,3183430,495556,743366,284406,329158,1271696,2529581,5174
1198155,916508,1560449,1090269,355337,3949908,504439,285891,159418,254962,1235639,2377964,4536
1516255,1991530,2018367,1542306,358465,5405606,722413,741226,583754,551316,798543,852585,3620
739495,1096883,1427198,1311880,346519,4763950,704391,745950,431979,460849,1379904,870980,2950
1529763,1244560,1684747,966443,242068,3682822,732726,766750,373738,419906,1615469,3067218,6053
1258579,996635,1609953,1126901,346818,3916982,466074,314162,148604,229438,1112011,2375917,4910
1426306,1464135,2152806,1585824,452131,5440989,936910,992236,523348,503377,1050171,879115,3788
866413,1520250,1599986,1504272,363773,5193208,739531,771180,538503,585201,1468477,882153,3030
1260246,1018051,1315755,714928,125139,3681738,696126,726069,319970,365321,1278012,2493007,5445
1474650,1081825,1951142,1350258,465874,3976324,503177,527190,212679,313229,1238780,3166748,5927
1058625,1244895,1706609,1223006,361320,4262898,730719,751462,279361,272317,537692,868781,3822
945517,1781650,1675650,1502652,333375,5466390,682450,721137,646548,691849,1613513,1209893,3028
1249611,1080412,1342413,776548,127168,3959877,734718,766767,342285,395100,1322382,2348266,4913
1264632,1133340,1684335,1206760,362873,3599021,274370,287650,225088,316962,1241304,2449672,5041
1366313,1352992,2004617,1412919,456095,4608416,937727,993548,332056,316062,595466,1681788,4763
959869,1811504,1720227,1400251,363422,5705506,736056,769934,714099,744451,1635297,1577454,2929
1308814,1158764,1366019,1024257,125675,3753349,491372,740076,346742,391827,1325237,2502363,4839
1213000,1202112,1637601,1199422,334637,3774072,398421,292938,279374,378810,1259281,2270616,4789
1328123,1188475,1717455,1226910,365348,4062053,737112,754559,236132,202739,538359,1637528,4756
974517,1917885,2040269,1576292,457888,5893219,922601,976887,738490,779111,1673203,1689475,2918
1329941,1263318,1388470,1029259,125210,3956298,505085,768228,402798,468376,1406867,2340917,4609
1352752,1450554,1766448,1301231,365016,3848164,501396,289620,312221,345592,1335952,2470880,5203
1252840,959488,1983985,1399748,452798,4637500,931094,986519,306688,339463,890555,1642748,3792
932324,1585472,1684399,1466354,362392,5021632,738620,770438,510121,554193,1121995,889856,2922
1213443,1537471,1246721,1013849,241790,5101026,709114,739566,570602,601860,1514477,2509707,3906
1549387,1497185,2071741,1475302,353499,3710810,504512,525816,369308,407179,1738424,3196587,5989
1262750,1060544,1678640,1194503,362145,4039587,735629,759199,223161,254053,509079,1646074,4197
800420,1052692,1312731,1221570,345285,4373994,701617,738041,380286,430198,1004851,880243,2906
1221152,1954096,1666536,1096955,243107,5110283,737515,769100,650713,688620,1598804,2356788,3711
1331454,1363217,1749453,1297086,244660,3747233,272032,512862,333714,403623,1313282,2404573,4919
1542854,1289858,2025723,1433697,458109,4634509,938876,756375,274436,322083,957293,2417384,4903
719433,900451,1277131,1180039,362663,4203409,736273,768053,286394,316726,848768,854589,3000
1324972,2150879,1788816,1172022,240897,5144831,707090,736169,670189,723740,1667251,2485540,3873
1236782,1213869,1672944,990006,243742,3364919,495204,518661,342264,380849,1299897,2359391,4717
1276946,1156568,1679785,1214753,363984,4398012,499744,514237,173171,260810,869581,2424857,5364
1002820,915862,1944581,1345204,455022,4512113,924468,976450,323301,321082,882737,885186,4004
1239117,1699675,1295399,1300922,231161,5618125,705167,737345,636483,675033,1534129,1670425,3712
1639020,1610561,2175620,1307796,359182,3943305,709479,511549,428080,461547,1707405,3214021,5544
1310913,1391428,1742673,1268052,350040,4395574,505823,528551,251958,365075,1000564,2475990,5191
1278495,1000577,1978505,1374185,469448,4780989,942755,981689,305285,293082,505861,883146,4008
1190605,1240128,1490274,1110413,354570,5425232,925494,963781,518658,584414,1869330,2531866,4191
1418787,1879692,1911167,1466350,236049,4177697,271739,522177,558180,589708,1490142,2325273,4217
1232964,1174131,1650851,1191196,346673,4381704,581441,518641,205001,294674,853739,2267380,4816
956876,951499,1616998,1119303,349021,4118889,709760,750731,236876,218758,473687,870401,3979
797694,762273,1324177,991299,363968,4287845,736628,766661,313201,343653,1235526,1594568,3114
1562173,2040977,1745895,1403148,124959,5112573,480361,723749,667256,709597,1622296,2442559,5028
1545438,1393003,2051811,1437715,350558,4340249,501478,523366,293780,389613,1693597,3175038,5817
1225185,1097312,1653702,1168088,362134,4196849,734385,754222,277146,250062,481422,866442,3969
694653,861493,1246139,1136851,335775,4130657,682221,715879,264327,331852,1085959,864786,2937
1267036,1967129,1707089,1120435,242180,5240629,733454,764851,692037,749351,1664811,2359840,3848
1304955,1201452,1755342,1277883,247747,3902289,279422,515927,282061,377946,1274493,2452736,4980
1595581,1418609,2051798,1451989,459865,4882523,945409,761655,299743,318138,950019,1703850,5052
652524,538257,1216143,1118322,362624,4138962,732129,763411,258280,296241,1166697,872776,3031
1529580,1707864,1608096,990701,124437,4781302,699873,731570,555350,609851,1552314,2486513,4691
1325208,1464844,1773057,1323049,334193,4215056,271203,309681,328558,423779,1368694,2378192,4811
1255954,1277071,1702949,1233539,362273,4520686,733450,518344,277181,262594,920963,1594141,4939
1264269,943011,1978177,1604904,562819,5184506,1124171,1183789,290223,349482,1202321,1629047,4009
1419741,1320140,1473155,869863,126208,4417878,743738,777167,444616,486904,1389599,2350377,4603
1495855,1927217,2006832,1519082,363913,4684585,270960,281734,510853,604009,1505845,2415062,4966
1238168,1203377,1655727,1190048,348545,4269478,717887,758882,247304,217383,502415,1665595,4983
720229,822274,1622220,1152136,358101,4292512,729954,761421,287187,329340,835469,871492,3115
1390493,1019796,1344576,952223,236796,4340441,916661,955912,336046,415190,1646777,2526953,5068
1507734,2079991,2051614,1595810,351024,5044126,272575,285800,614603,719987,1675196,2402269,4683
1304760,1428818,1808168,1329352,359273,4624537,729366,753907,317455,295790,603022,1602203,5181
666295,945604,1664768,1169048,351133,4072537,709701,742458,280996,333868,869726,863048,3077
1002212,623006,888993,671356,243595,4330908,736793,766278,263167,307483,1225246,2359316,3938
1572881,2048444,2079513,1588425,243907,4653395,270488,510361,646893,684193,1575521,2427483,4929
1529573,1397569,1999270,1428412,445038,4479762,726133,525962,241518,291164,1269775,3171169,5865
996295,1158597,1753357,1296774,363157,5142108,737728,769191,355569,408213,598972,884670,3162
695253,648787,891897,915355,349955,4074496,697767,725935,245837,283103,1202971,1677490,3098
1506962,1865448,1953773,1255370,123875,4277110,499854,764907,591825,627719,1529934,2408227,4819
1397473,1492273,1846097,1345302,361377,4655325,499061,283831,313611,413452,1371846,2372038,4764
1637754,1728846,2446458,1710312,545958,5700250,1100164,947230,389334,377821,957900,1684190,5425
705672,650737,910614,937322,364401,4248155,741655,773015,278707,337569,1233262,1627858,3209
1468874,1349494,1466741,854918,126009,4145040,706573,739405,427009,480170,1403381,2498745,4979
1438638,1916864,1949554,1502580,348759,4793084,271974,283795,528973,634554,1556607,2387807,4826
1278338,1249629,1745410,1262504,361835,4459972,736070,758921,266827,247394,563514,1614695,5380
645606,865542,1664968,1172056,462152,4685734,925020,970941,319797,365635,1229118,1692912,3120
1286739,826227,1191845,755826,126364,3837460,572428,731102,283256,342556,1223057,2237235,4707
1576269,2215794,2146104,1661257,362785,5222975,271649,285048,613710,712166,1604634,2424578,4899
1250336,1231729,1678154,1208195,347831,4251927,719024,758138,279602,251811,551462,1669832,4891
628242,848405,1630760,1172813,362670,4209093,734066,765732,276937,309700,832629,844005,3006
1334762,844861,1262359,912985,241266,4044064,705040,959200,302247,369328,1580706,3258803,4799
1542126,2068456,2053278,1363212,242967,4591146,504711,527290,675082,724606,1642328,2364137,4514
1327103,1363880,1754337,1261211,361494,4323400,492770,487195,236414,316649,996401,2423802,4856
1256580,1135284,1639156,1157115,343537,4115262,709028,747727,300769,277077,536410,881849,4049
648700,555436,1222303,1140154,362417,4054027,736324,769856,228524,271991,1155487,878336,2959
1517984,1781516,2005288,1285241,238873,5321869,924566,963997,658991,711466,1959678,2482773,4739
1610667,1831311,2192140,1606580,358682,4109083,514669,528252,442234,481890,1777994,3089015,5086
1599314,1302391,1737628,1257420,363477,5103380,941380,965245,352379,396395,914565,2371191,5178
684592,797363,1354755,1164736,348610,4042957,711152,756463,252695,300556,895062,900281,3145
1140640,1207812,1127993,918794,243998,4928651,709233,739748,436525,472065,1354589,2237738,4011
1487947,1876068,1969191,1495468,243880,4104349,271763,511101,551576,598142,1525802,2469034,4770
1528738,1367988,2034695,1445417,459695,4929801,955117,769452,232173,265211,891897,2445542,5245
623921,708222,1235601,1151096,356808,4235724,728479,754087,259693,298739,832559,870068,2921
1100087,1038528,1321696,724864,238186,3632683,705002,734947,324893,365962,1311425,2480761,3694
1481271,2125381,2041674,1586570,241333,4910221,271130,524468,616026,716295,1629116,2367253,4566
1283016,1311725,1710796,1239842,344346,4374864,692721,482388,226055,256380,899171,2158936,5120
935330,1017092,1605377,1358827,452634,4517109,920780,976098,328470,373014,872211,870654,3006
1001318,812223,1240094,693782,243934,3699586,735833,767506,277828,326273,1211439,2311665,3851
1952051,2649632,2509477,2032924,143448,6281562,323584,760053,830606,869787,1842079,2606065,5974
1369883,2188649,2568720,2117362,438445,7209522,895065,686777,693899,681151,1367394,1909206,5697
1474561,1642352,2143557,1618471,388899,6254864,876730,909937,812747,834264,1598136,1241849,4846
1448408,1773892,2078016,1338794,378229,5526032,786206,725629,611668,647566,1588002,2583807,5459
2847943,3050667,3956324,2879116,816971,9062087,1594758,1670024,902907,557318,828184,1663959,10447
827596,1318121,1529257,1178258,357577,4975374,738602,769047,492340,531851,1443788,1652906,3220
1725746,1592156,1889187,1389233,243131,4831441,712358,746992,389394,436632,1689165,3143322,6530
1250971,959032,1635915,1162695,349535,3470265,493180,289868,228596,273803,1278080,2519171,5412
1449261,1442388,1785051,1337782,364846,4897258,740447,772088,382303,425531,718597,1593318,3735
869210,1770856,1788092,1538620,474157,5860927,923993,953043,622630,670748,1483932,1603494,2927
1244802,1029601,1315334,982035,126029,3836453,499244,768132,322802,369799,1280881,2438645,5145
1211861,947718,1631565,1137108,362314,3596613,504825,285381,210149,236054,1140623,2311462,4896
1394065,1161187,1685825,1182390,352925,4224742,706434,733721,216974,283460,541863,1691423,3925
984247,2014576,1720077,1605557,357456,5785122,737288,767042,691173,734706,1307585,907780,3073
1304279,1340075,1778852,1047791,244079,3895981,726406,979860,399305,462236,1626364,3141344,5182
1256630,1114663,1637288,1149689,346097,3674511,486979,279910,221555,278096,1263729,2512397,5198
1270429,990935,1627205,1169903,362528,4398220,738562,770866,217696,249727,515333,1596538,3778
974505,1921676,1713606,1608872,361882,5807014,716953,742661,655905,700450,1250823,879033,2927
960032,1062933,1305284,741931,237128,3840887,727618,769528,306649,345648,1296314,2439407,3853
1529620,1338604,2043794,1444877,358314,4460719,504948,508646,270478,379105,1561669,2988835,6165
1291601,1054468,1652665,1150163,354714,3978442,708323,738083,240076,220907,456149,861993,3961
912219,1604445,1573555,1481217,355474,5458566,736600,767581,569304,609736,1466404,874525,2993
1384181,1537886,1830790,1104831,338449,4888921,701270,721742,412211,554468,1700185,3030138,5039
1319708,1306201,1725852,1244333,240027,4077600,279904,526145,273605,369436,1303438,2536726,5379
1188233,897374,1583632,1127570,358451,4114107,727749,529015,198751,179760,819306,1570177,4882
1147235,1368111,1821186,1607122,474114,5366610,925146,955511,480196,534806,1392482,865577,3083
1448053,1677628,1567297,999831,125749,4740012,726313,766359,573386,616188,1542975,2435974,4515
1273704,1250289,1709717,1199620,243642,3080983,275230,519043,314433,355145,1229839,2363769,5171
1249516,1053693,1617548,1150528,327800,4220324,525139,506570,154232,241981,821003,2362047,5183
1022293,1021075,1613165,1191435,361482,4297698,734698,763367,321208,301627,556458,875949,3731
1235759,1811104,1716973,1372815,361588,6156966,930956,957958,701718,745802,1913442,2372329,3642
1280733,1249380,1701572,1250860,236492,3218590,269930,520559,344473,401087,1346653,2463573,5146
1192675,1007466,1633971,1184634,360623,4114683,733985,524717,168906,196908,842329,2307621,4977
1042402,1035629,1671436,1169230,356397,4079795,707964,736536,253615,305377,514823,913991,3228
1021358,1808811,1584715,1360749,340159,5896389,711587,740050,682828,719370,1642745,1642224,3046
1261837,1131361,1669817,970232,245829,3762591,727128,978764,367940,416149,1598307,3153950,4951
1298719,1258610,1718720,1236712,347607,4456737,488035,278003,182397,276046,1321098,2529634,5191
1230275,1083645,1924989,1327431,478429,4429773,964428,1008149,319069,309221,483578,879558,3947
957167,1572342,1621710,1507179,357857,5355451,710054,739259,564321,601443,1543553,869506,3100
1667729,1598953,1836982,1164008,128347,4290127,732110,996365,524696,565370,1791273,3154359,5424
1354075,1442991,1803952,1304283,335869,4030908,280179,346209,307331,397790,1286649,2392895,5511
1621619,1230505,2086934,1444074,466401,4645360,931550,747725,318547,293217,931396,1719300,5419
917400,1333642,1498956,1418451,363136,4997225,746548,778007,486681,527086,1472535,893249,2972
1261065,1863970,1343102,1112826,233008,5547406,692831,711153,659227,698133,1584909,2375801,3929
1299012,1342099,1745156,1276612,240499,3350320,276098,526829,355524,396167,1337243,2492279,5281
1227453,945109,1630365,1159085,362177,4167043,733011,523879,158845,190390,843486,2327051,4896
1139955,1284033,2099224,1461374,468476,4643569,921802,961406,346839,374682,952120,894261,3489
1228350,1815872,1309309,1072198,238978,5490318,736807,770567,665180,709131,1657058,2398146,3691
1306925,1417520,1784858,1313856,245450,3429760,277000,524168,359967,414847,1319290,2417493,4918
1266361,1240599,1695886,1217924,346414,4173331,705456,513499,214388,260050,974884,2473557,4961
1062170,1152215,1694499,1230436,366580,4430002,743452,777573,304794,357525,540769,873755,3067
1295584,1924693,1765330,1678200,366670,6303442,929722,969680,747858,804085,2061329,1690532,3728
1228669,1222005,1645342,976364,128336,3134512,501400,734861,300522,343064,1268115,2315982,4797
1271660,1176727,1687107,1198540,361594,4406491,504933,284226,206876,304890,1248001,2356763,5083
1258942,996853,1612654,1121426,348858,4006694,706430,741096,235460,223355,439995,871135,3976
910118,1489225,1566823,1467334,356378,5363219,730345,759183,568822,607402,1480071,855106,2980
1678813,1419035,1829321,1080145,356958,4818028,928878,955886,523812,587076,2076369,3925017,5802
1280635,1273435,1678042,1221400,349101,4254474,497543,519270,201439,300352,941887,2489270,4947
1149357,916202,1564800,1104117,350079,3975015,709910,736361,241476,222304,471175,873480,3972
845972,1174764,1444003,1332599,355960,4557104,701582,734290,415727,455998,1394465,872624,2958
1427699,1706034,1564872,1002992,125302,4560687,730453,761958,553848,582212,1519336,2395329,4276
1261606,1200443,1663282,1191295,352489,3698979,268822,280736,250104,353331,1225183,2327602,5261
1244110,1151539,1985926,1364429,459871,4557021,922413,970023,231488,217008,487326,1678874,5020
784647,799509,1315909,967115,357737,4385588,735995,770495,327292,363704,1242257,1604271,2916
1542181,2133146,1720116,1226366,127707,4953476,597058,711674,676495,715433,1572881,2307721,4693
1257845,1291407,1706395,1231357,349325,3743367,274912,286304,304092,408616,1341537,2478251,4784
1189055,1063325,1643360,1177047,359179,4072885,727349,756070,226053,194389,485705,1548155,4702
782259,916152,1665877,1179290,466111,4611733,914005,955114,305962,375304,1241524,1688025,3109
1551168,1973830,1683372,1336917,126063,5163862,503824,767535,676739,721397,1690831,2414140,4748
1245881,1163985,1685492,1220981,362161,3776899,504018,283598,256671,299690,1247776,2330128,4681
1312327,1217146,1713393,1218813,349811,4305185,708876,744179,230692,215705,537873,1673418,4813
666070,693956,1548119,1085115,360632,4023314,737972,767571,244146,289768,816146,872186,3031
1675690,2818871,4813226,3784278,1325286,10947916,2798405,3134561,1151001,1267211,3986943,3429460,5829
1385884,1477703,1829065,1351844,350787,4214219,492863,283118,367627,402345,1408417,2529274,5001
1293168,1278365,1724139,1256711,363277,4575338,739071,768787,287350,313233,564029,1608094,4432
632875,756375,1249164,1172450,356633,4058237,704990,735451,247238,293755,858075,860090,2968
1133477,1164877,1344183,877973,239143,4537740,733384,766105,444089,485981,1408655,2391125,3901
1491056,2035496,2029489,1549861,245728,4200970,271469,515586,574303,611643,1490779,2363642,4627
1548257,1314572,2030276,1417726,459813,4691985,919834,739392,251238,288369,900071,2500517,5122
642372,811226,1259488,1149376,357823,4068103,735608,769400,280783,336878,878699,875727,3018
1094810,989136,1335887,739218,238687,3763347,713098,736003,286435,321489,1229747,2422108,4056
1519690,2156628,2019542,1560948,236068,4959779,271429,521158,586770,697401,1652572,2465483,4310
1248706,1175296,1686456,1242861,362633,4558575,735743,526126,251485,247168,925569,1652242,4854
945694,1021200,1642374,1429717,462159,4675915,903855,942970,308341,359120,881928,875572,3040
1001564,841236,1249267,667873,239887,3661241,739194,771631,269055,310755,1245182,2387896,3718
1581951,2217198,2158510,1676537,245487,5284013,274549,521822,649232,743911,1626206,2356760,4938
1288120,1282524,1707171,1228119,345761,4416793,699926,513877,254228,221985,890763,1660459,5010
1235319,1155792,2002701,1403590,475931,4808894,736333,769532,328204,429317,1276620,1588389,3789
1253236,761062,1244173,892405,244591,4121941,945154,970125,282746,332493,1514311,2410357,5046
1515084,1889248,1960137,1757620,344631,5577617,484632,746136,619789,722336,1953900,2485629,4709
1346988,1554007,1843993,1372992,365648,4764226,738338,526770,350685,330787,992888,1578439,4428
994176,1168765,1758172,1287950,356315,4427123,704411,735141,343965,390119,921856,867290,3135
930468,546507,881058,896886,231689,4068519,720001,748029,232625,282724,1209956,1632864,3916
1760286,1688806,2232397,1381155,363532,4402204,501480,515296,413192,511078,1689241,3120798,5766
1503732,1842613,1959913,1472711,347032,5124955,702418,739533,499696,477694,808763,1704870,4765
861023,1099240,1647946,1191954,341276,4320148,700010,732106,320756,376751,914104,886673,3045
926611,618701,901019,930333,242699,4164889,710219,733713,254585,300883,1161916,1624780,3971
1352843,1061818,1629976,958065,237365,3385480,496517,523194,329979,386903,1324791,2467604,4664
1528527,2134805,2076327,1616667,362520,5866069,507375,530110,551279,640746,1218145,2315601,4894
977904,1265282,2116222,1525455,473582,5078821,922879,963740,367935,386686,960849,868434,3925
914268,663025,904388,698301,241983,4194668,741382,773423,284432,328754,1257194,2416842,3782
1331984,1049684,1661595,1062627,243393,3234629,327216,522776,270947,309858,1198899,2357281,4909
1632512,2283954,2125530,1633667,352928,5740122,497802,521612,555111,647583,1279402,2496772,4615
977407,1250447,1679838,1215893,359273,4429870,734744,766505,342622,311816,544341,841475,3836
954377,802224,1309075,969523,362806,4854273,946025,971668,346218,387793,1575451,2408479,3850
1260703,885751,1924899,1341578,337712,3556784,475384,736321,325917,379287,1595166,2469407,4835
1529309,2048186,2061278,1596169,363059,5589635,732714,527507,462249,502016,1160219,2339594,4836
1054466,1393524,1837687,1365539,357447,4820381,704043,737357,433505,420201,647032,887840,3581
704540,964010,1352727,1003375,352622,4344477,734289,764644,334848,386101,1341959,1651490,3116
1525112,878406,1593700,1108586,242479,3506497,505115,751967,282847,339750,1495918,3080720,5786
1423116,1531454,1829624,1333140,344933,4827817,701637,506722,320389,361647,1065979,2474925,4864
1131558,1817075,1909015,1464166,359598,5331224,736634,768023,530614,588468,768493,856184,2935
660217,851873,956820,1000385,358261,4408961,712828,733697,320654,367611,1254325,1623444,3075
1207407,835211,1527030,889418,127852,3124760,496038,760479,266497,325577,1267132,2472682,4926
1646731,1554135,2115733,1551868,467340,4638370,734542,526879,266588,305703,1243456,2928848,5634
1477660,1987100,1970328,1528109,347377,5432093,494426,283026,497256,595862,1601758,2455727,4720
1307828,1325803,1757548,1253338,358318,4427871,727179,758581,343050,308716,535205,889007,4007
652612,688890,1294687,1175372,352940,4118569,704261,736986,273174,313549,1260214,894103,3206
1275574,873468,1262341,689199,125540,3571207,733434,764862,292389,333786,1261666,2370818,4861
1557965,2145676,2106693,1634888,361368,5184801,270498,284593,588861,673779,1539089,2376817,4757
1535626,1450124,2036297,1445054,446713,4814658,905582,802801,339917,334276,856843,1560504,4421
648463,783117,1302507,1206509,363905,4348126,739334,769339,305370,342509,1225307,865510,3024
1619544,1096127,1662149,943635,234352,4166876,908870,937405,223893,274205,1190884,3187781,6114
1515181,1935090,1979847,1559212,351397,4995240,279321,292684,546443,640687,1583009,2459156,4716
1349693,1373374,1777047,1310604,364063,4540355,736894,768514,345171,335900,674723,1624831,4516
714885,1209010,1759392,1439626,454380,4812231,900780,941216,406933,459144,1330643,1248732,3064
1216432,828682,1251430,655764,125408,3457464,736810,769844,286671,334478,1275405,2385155,4770
1522919,1782563,1946696,1452223,364601,4412233,276753,289201,450200,551537,1481451,2404172,4844
1452897,1852214,1916006,1451606,349051,5115934,712649,753313,459966,417145,727942,1681956,4703
676159,1079079,1682591,1221374,363007,4347064,736116,767919,317904,360628,907686,848083,2949
1237493,746841,1247215,892132,242983,4054992,712645,963014,286311,333205,1537585,3232972,5072
1391799,1258071,1733698,1270801,349503,4024497,453659,286878,326769,413413,1351808,2453366,4646
1482602,2094369,2046501,1571736,361821,5526239,735572,767161,561501,522029,822588,1600388,4320
703595,1151796,1771321,1249599,352017,4328455,707958,740179,344412,394373,954519,902924,3167
909239,682768,903053,670008,237146,4156115,727269,760183,270592,314540,1223802,2367183,4079
1314284,1045442,1671122,1184248,246224,3220483,268980,512395,257453,314599,1212861,2394256,4900
1905539,2409560,2482297,1836538,457050,6134743,928097,750533,606352,659599,1306684,2488369,4585
697587,1069039,1792976,1480947,474686,5094291,959688,1000939,387514,446164,1276618,890585,3167
973094,799487,927032,713686,242038,4230046,710979,735689,277869,332123,1248855,2465827,4227
1581878,1161513,1956500,1373758,344672,3777378,493037,534934,299262,342960,1659804,3203502,5735
1515519,2020146,2079344,1584439,364170,5660831,739739,534494,483924,514373,1183517,2350381,4914
1045709,1402951,1781303,1541179,461654,5217155,915382,954355,470404,507980,977432,875168,2997
977397,1083957,1323979,743058,241833,3865759,739666,769285,336716,372631,1291408,2376059,3911
1265154,961159,1628601,1165772,244616,3396398,268364,513821,217559,291338,1168891,2375846,4871
1417889,1478322,1783402,1327261,335255,4843486,684153,488419,361463,390628,1072342,2413913,4819
1143171,1924421,1947928,1481083,361618,5140326,733865,764751,531794,579477,752733,874402,3011
952901,1026815,1292549,962854,358958,4214789,930689,961000,369264,420513,1627888,2462107,4022
1207165,953443,1601546,1142153,236107,3505732,268364,513204,205887,322084,1252904,2423522,5079
1363965,1279322,1739435,1264154,361534,4519471,506353,520950,175025,269809,891367,2362522,4712
1227854,2100103,2069580,1579314,347827,5617458,706402,743825,638111,610593,856240,868777,3891
711714,883392,1329734,1194065,345784,4628440,709349,739701,333491,378110,1249600,1023608,3061
1562530,1053127,1678578,939272,245985,3651615,721375,742948,302518,354179,1569512,3211860,6127
1284285,1050852,1611618,1144119,347232,4219002,494481,521733,162152,263301,881355,2465376,4738
1218571,2078140,2069157,1607965,357491,5980525,727472,756726,685463,639563,863643,867916,3814
704908,912750,1335674,972363,355148,4410705,704815,735039,321886,359880,1292275,1699504,3033
1524160,1129270,1647671,1193641,232787,4489949,504466,762047,295600,430273,1678918,3128441,6043
1313619,1039428,1655402,1172543,233633,3138420,272325,516568,237456,279170,1136985,2358554,5266
1861059,2040984,2347553,1728959,459005,6076817,937942,754940,550957,585161,1175290,2532520,5168
770273,1245820,1416563,1303373,362371,4669242,734219,766359,388188,429063,985340,858344,3027
992610,1124920,1347170,734935,241578,3832818,709673,738333,325975,365290,1274951,2506976,4433
1227752,944445,1572347,1104474,238025,3405624,272743,524010,205118,312883,1233212,2432675,4865
1465121,1579058,1879920,1392309,362265,4897405,732638,519885,379619,374581,1015708,1590583,4775
1909194,2652912,2855309,2254610,662794,8725243,1114827,1164128,897353,1191527,2516421,2556096,5383
973917,1065149,1313975,741287,237654,3896359,722999,755508,292033,348281,1265338,2321149,4136
1271680,1049009,1715090,1249639,244819,3829003,269334,505922,221741,335882,1235653,2397191,5148
1415529,1121078,1701844,1211860,340702,4453012,701258,511422,257756,257653,995579,1709444,5249
1224144,1886220,2068926,1615362,357591,5802454,731870,763880,680797,713084,1239365,882450,3046
1348162,1120531,1368775,1014362,239734,4541118,920587,956654,376966,420984,1640584,2434463,5172
1197125,1013130,1604605,1140344,333554,3585470,271458,308041,214816,318091,1257175,2380401,4650
1296140,1038658,1629650,1147885,352519,4111975,722049,513763,209723,188840,816684,1557731,4442
1311795,1998355,2147344,1649602,351741,5545432,714254,747685,653454,695750,1260758,873917,3060
983713,954497,973410,991635,238350,4312917,732551,760490,332226,380180,1292630,1620874,3772
1573354,1170506,1706797,925540,123699,3810862,688526,943526,349084,402231,1571120,3146023,6378
1609302,1093294,1942353,1347446,449787,3974386,714498,519078,187414,247975,1265046,3234077,6281
1223668,1960004,2031891,1578673,359607,5518759,736606,768802,558603,597870,813460,861344,3064
738829,1071765,1404048,1106643,336263,4764442,679246,708961,438949,479137,1359440,1657401,2993
1249843,1157894,1342724,995222,126137,3842204,499532,757311,334484,388837,1300111,2319829,4830
1250891,912206,1622362,1145083,358326,3522661,496903,282758,191194,232205,1175265,2358491,4992
1437099,1635471,2200235,1597788,446985,5421349,910094,961928,459138,517675,717233,1643796,4006
873395,1544255,1240340,1287040,358823,5343361,734354,764714,534805,584603,1495536,1574559,3086
1252715,976767,1300480,733112,124387,3797308,692288,723992,318208,367868,1288857,2427121,5089
1181648,1001610,1573512,1147253,261373,3547779,270669,429647,222903,340985,1243666,2255428,4550
1365898,1213224,1698146,1234483,353273,4449831,724949,516002,268903,226499,865227,1570239,4531
1290277,2005598,2107867,1859358,448930,6060480,909753,953817,702716,756074,1645070,913368,3213
1261187,1044998,1325660,727401,127975,3966096,735342,767610,346842,377993,1291248,2351742,5094
1253125,1072344,1665573,1178855,358534,3589609,273439,285528,216161,303933,1196191,2385209,4993
1300422,1049052,1612006,1150390,339572,4107399,706035,745496,231098,214807,517086,1644731,4859
1501128,2161535,2466985,1898366,463636,5652002,714537,743799,745855,794187,1626250,1549008,3751
1278084,1080276,1332116,994512,235530,4133457,910691,952961,381513,433636,1640708,2462243,5064
1284162,1289571,1703208,1235484,447965,4542023,489557,516126,343547,479137,1728469,3114237,5025
1311436,924404,1639859,1162806,357570,4168918,727265,750323,206832,185874,517648,1617378,4875
984101,1806913,2069268,1582036,347120,5488884,707994,742253,644036,705479,1314431,882235,2973
1069468,1232860,1126713,905297,239910,4752187,727158,757748,426316,479153,1392021,2279348,3693
1330483,1374651,1764360,1161245,241899,3306979,319342,505200,349225,392635,1286752,2390977,5044
1506765,1001959,1907262,1331504,445034,4440083,703562,746204,173681,212499,854207,2403981,5650
838084,1382957,1851260,1403223,357554,4815138,732607,764757,420531,462394,1015225,862711,2992
1138944,1415008,1175143,976733,234634,5038336,693236,727313,552942,592691,1506783,2419089,3837
1250233,1237176,1675754,1212932,233517,3198963,272618,529632,304072,355498,1318710,2389631,4912
1227253,901796,1634804,1178707,354509,4222589,727332,517934,139684,172494,834516,2307371,5013
1097344,1151509,2055862,1428199,451835,4878398,916526,962791,385602,411864,999014,881438,3376
1236952,1665857,1309161,1089250,246229,5718540,735042,767907,655014,695440,1625077,2367122,3828
1322114,1344801,1758346,1279102,241392,3373731,274566,511224,342734,377725,1261168,2380061,5107
1227941,1047616,1600032,1135617,335065,4075727,697145,503730,157535,193983,880877,2397924,4828
1024638,1028765,1646055,1188137,353251,4237011,721518,755069,263222,302368,480279,867939,3065
1278376,1888219,1665137,1354179,351980,5665598,912538,952969,670150,720689,1957620,2457977,3774
1244116,1254325,1676155,1206301,337021,3832801,479068,750658,408794,460386,1719116,3108932,4528
1293625,1242524,1755918,1285651,356311,4504882,728416,523095,239404,268722,933912,2358096,5114
965650,947847,1598352,1125372,341384,3967434,698120,731359,220782,272992,484944,865059,2887
934422,1570934,1252713,1293493,352029,5510925,727389,754934,583256,620216,1523842,1575154,2878
1360624,1361468,1778657,1064077,126390,3574722,489759,730776,408991,456986,1351433,2335598,4506
1555946,1404430,2025976,1444545,445671,4775262,704364,509974,255602,283931,1297185,2439063,5720
924066,903565,1568393,1119186,343849,4003942,701738,735093,238942,281278,564387,870101,3041
839142,1189053,1081717,1083581,351236,4709979,702331,734147,418620,457950,1415841,1709385,3033
1436840,1901351,1928081,1228441,123467,4062224,504992,766959,553191,586789,1529398,2394288,4669
1252187,1206354,1672921,1199931,354280,4340682,492630,285513,197770,291145,1239093,2325508,5080
1302140,1097797,2082532,1450024,454771,4840720,922583,970532,343912,338968,933896,890284,3994
1023428,750448,941189,972681,240444,4396537,727196,756738,322835,361845,1250522,1568695,3741
1543153,2186688,2090303,1369080,188097,4705634,503385,602516,632224,670264,1524438,2312757,4626
1267420,1250884,1695034,1250625,343387,4404191,487596,282753,218544,327836,1340979,2432613,4668
1187431,1008175,1629589,1195539,352810,4141469,722385,755543,300313,275230,499368,860147,3790
1027837,679926,1263502,1161332,348564,4666025,909704,948287,313060,370532,1585998,1645311,3987
1572801,2171372,2093913,1391193,234926,4594006,507736,529996,695783,731451,1692732,2383890,4563
1249501,1176478,1677157,1496391,464338,5114116,717923,741729,288289,391973,1253601,2280187,4736
1148976,1248916,1722382,1241958,342678,4499366,695734,730740,312245,274917,538911,906292,4165
660912,504065,1199661,1116256,351722,4044141,726516,757853,238518,286735,1203874,860641,2982
1835105,1901627,2003895,1251474,244868,4616814,719541,740235,591188,639690,1841456,3162989,5970
1347781,1468342,1802692,1325546,343411,4797736,499654,526948,304267,404065,1013344,2450426,4880
1018749,1331762,1749649,1284016,359558,4548532,734025,764486,351648,320375,561076,880055,4279
636071,615371,1257845,928240,348072,3987182,692926,724482,253300,298026,1207232,1635953,3014
1421958,1237362,1415644,1024092,125787,4189207,517765,759144,425087,472184,1380123,2349826,4764
1488811,1946120,2007261,1531130,358510,4571543,275760,281454,487152,587983,1478353,2340812,4545
1267491,1383778,2066387,1460960,455814,4776330,921499,969625,304804,296009,550289,1686462,5008
639849,660116,1273914,940495,354554,4106619,730623,763775,284615,342127,1255055,1574018,3001
1396157,901188,1285774,948113,127633,3746190,480817,722382,271734,300966,1190723,2352009,4757
1547921,2143511,2056593,1585292,348880,5088610,501187,288111,570050,607685,1656092,2508717,4760
1249393,1210496,1675891,1227437,353934,4479638,725777,755484,269427,275726,540335,1539426,3849
878946,882405,1586161,1168989,450827,4917363,1098449,1145550,311444,376073,1500702,2393659,3860
1311404,898684,1274397,918459,124762,3647174,494604,756468,302857,330542,1260926,2336034,4440
1815133,2575347,2450107,1954975,373458,6245031,527446,303795,711306,706489,1776487,2480767,5933
1000094,1270864,1730585,1240813,446790,4993969,892747,931595,400099,405230,932949,1654897,4288
731637,1006089,1393298,1056772,351598,4491574,735644,769345,351506,422025,1373422,1674073,3141
1531273,874413,1580715,1113442,238355,3609814,496070,740274,308633,352227,1499702,3032059,5889
1463855,1802029,1876282,1419655,329901,5180106,554201,520336,416796,511760,1114823,2358840,4691
1047276,1576481,1821739,1382901,352638,4998235,724055,755834,425788,389745,622591,838186,3512
697524,947818,1335501,1005736,352801,4483048,703231,724756,327230,366105,1271249,1616137,3022
1210421,748465,1204080,858841,125270,3489351,482778,741198,243475,293281,1190132,2364373,4798
1406395,1438237,1797116,1325008,352606,4143972,495039,278902,342653,380895,1314243,2258839,4571
1473730,2159585,2381487,1736444,466331,5578864,928605,968999,536812,574795,754193,1679932,3822
676213,963298,1176171,976139,329595,4317971,693037,724911,343740,390145,1263239,1599714,2943
1237165,869053,1277983,914146,122867,3628920,494219,742218,288371,326233,1199784,2319092,4860
1351845,1171921,1727146,1252392,341966,4122291,491901,288140,231553,294667,1272227,2429922,4606
1913405,2538059,2596048,2017269,361621,5826113,743729,1029727,741809,788536,1342508,2378862,5267
707393,1088540,1348114,1277214,470392,4985113,924859,950853,378557,431584,1307470,1652523,3118
1228828,1087951,1623372,929802,124033,3016458,495397,756883,280008,324379,1279419,2425879,4963
1276485,983423,1602726,1140828,350509,3724105,493057,281145,209487,254129,1175459,2242869,4644
1608534,2177134,2107665,1899086,453944,6190236,908188,948043,689585,734373,1302335,1648099,3903
687262,1068758,1316828,1220166,349691,4367472,732666,765298,285938,339871,926789,899323,2994
1237003,1178173,1660853,987655,244616,3992719,731079,982329,386962,441468,1608394,3078226,4692
1275701,991384,1610972,1129826,343015,3960202,485466,285412,119696,204364,1211117,2432479,4534
1478742,1847494,1949945,1515676,357201,5467680,733012,761182,559658,535776,762983,854478,3737
772145,1179361,1414453,1322549,356872,4668029,709513,731106,417038,471243,1329667,883012,3094
988518,1097136,1306120,751505,230494,3854843,708386,747667,324655,372514,1303499,2409417,4017
1508339,1094494,1980460,1386946,352186,4035836,493322,517354,199820,291758,1512401,2956721,5543
1470030,1560331,1852014,1360265,346322,4746161,703409,736158,430665,404406,647872,879598,3715
838648,1550130,1557673,1452579,343044,5277480,722921,754557,579461,609370,1494995,857217,2767
1305718,1153785,1356894,764147,125005,3816695,722651,744641,341957,385334,1267264,2339301,5052
1255755,1038153,1631311,1157458,334192,3625481,270493,293317,203836,302904,1229654,2447512,5147
1280120,1000300,1575435,1159211,338924,4308521,698161,542349,242134,223953,817530,1502221,4801
1223080,1951034,2073231,1869270,474081,6119713,936662,962910,682277,722441,1567520,861236,2968
1253704,1095554,1305504,758003,125253,3852666,712030,753653,333628,388249,1336284,2385445,4945
1183595,999140,1621268,1177382,353515,3675070,273998,284359,221277,324651,1177435,2239248,4681
1329378,1035372,1619146,1143303,344223,4017112,693572,723047,204253,173666,482844,1637684,4753
960958,1881447,1998472,1830311,455180,6485157,949698,987812,701273,741557,1610374,861341,2912
1297756,1054074,1351391,918862,228578,4268857,924721,950494,377434,425027,1577295,2589665,4973
1301356,1269178,1684939,1194653,337884,3857212,272805,285216,277181,363258,1271042,2454361,5199
1201434,905248,1537110,1098664,347670,3974338,713877,745089,197172,184398,495072,1562446,4619
905408,1751381,1993175,1506660,357183,5317042,712042,733505,546687,594168,1146335,851157,2868
1098924,1278940,1091481,883211,235919,4821779,729446,772145,471861,528865,1489001,2411541,3552
1507893,1473143,2063816,1489744,338061,3831086,372384,526548,329930,426888,1524281,2871134,5802
1248423,925956,1614547,1121523,344652,3939287,696022,727115,182562,155859,437454,1636555,4996
830505,1224856,1723203,1269089,343465,4692033,720940,750379,316541,384434,942024,859298,2997
1203188,1606420,1235102,1016851,243319,5346106,726329,749161,577919,621833,1513053,2362129,3985
1281738,1241456,1688571,1226643,230559,3246844,268661,513981,336424,386292,1345789,2467774,4945
1192293,984675,1622388,1172517,356982,4208143,730213,526077,145673,181523,849917,2275196,4850
1465257,1191711,1989249,1379464,450324,4622639,903166,942716,282011,276993,535216,1627736,4800
914829,1683280,1670498,1599626,355672,5741078,743175,772152,672684,709402,1624784,865619,2924
1295976,1286752,1718945,1003991,237740,4348969,932436,960125,369950,429767,1253302,2329235,4871
1236905,1084161,1617672,1142636,336685,3569519,268681,280819,225139,342090,1272324,2440508,4960
1225622,1015034,1596877,1150604,354693,4101155,729501,764251,195481,152902,460409,1560199,4617
1315084,1928089,2371736,1768353,578163,6519924,1137375,1176896,696263,743502,1591060,1660350,2954
1342998,1244414,1411087,967187,126196,4024873,517606,769603,371715,425197,1399362,2433560,4684
1258394,1262054,1721898,1249137,357580,3876187,270705,282379,264758,346960,1213142,2307903,5053
1290474,977779,1643467,1150281,347435,3994759,701618,730524,206513,184073,494284,1704321,5098
865047,1511406,1830866,1381643,345295,4783391,717857,752761,476639,522885,1058563,867126,2992
1376542,1492799,1490748,1140831,241182,4947988,713213,971362,546686,591210,1741895,3078095,4434
1293182,1299794,1682819,1211117,340832,3691110,483206,282967,282392,323311,1321591,2460392,4948
1172328,912000,1597156,1125816,355496,3990380,731904,763818,188243,205256,445004,1547865,4040
777959,1059687,1654452,1244904,341155,4575450,684734,710205,379403,429843,957720,859384,3026
1163163,1595473,1224560,1024007,236711,5277435,726061,765272,590708,630913,1568313,2374682,3436
1543760,1458578,2088945,1496102,351887,3846766,495492,517758,325277,370596,1572174,2954370,5597
1249783,1011208,1642954,1154610,339671,4180937,687092,715326,206676,257733,509486,1657410,4260
724192,912680,1264010,1143746,346199,4258842,725467,757140,296258,335848,854670,855206,2889
1264757,2068679,1731117,1130803,243344,5258389,730988,749915,632836,673646,1584303,2394777,3698
1258344,1297771,1665599,1191470,221899,3247405,266811,509333,352653,389558,1287489,2368123,4723
1211786,1120586,1629163,1174473,350883,4272779,719991,516858,191185,205911,848069,2252146,4964
1323094,1152677,1990993,1618380,566713,4980843,1118286,1157005,352703,334110,840324,885045,4090
1254373,1888038,1685003,1078407,229994,5065106,721163,761411,640158,686814,1608367,2402117,3836
1329006,1329075,1792403,1314319,242714,3929944,270213,521727,345012,444850,1312053,2308947,4852
1300153,1269406,1681945,1189653,342308,4101723,696070,505238,255437,247430,921868,1655927,5191
929742,917263,1552810,1125762,338583,4130100,705668,736189,268066,314566,653147,852327,2969
1195287,1583388,1564054,1184117,358301,5068493,959065,985419,577154,633863,1827368,2381016,3760
1493812,1996697,1972398,1503856,233523,4676179,273306,513452,471308,572848,1526409,2414960,4495
1276588,1255647,1725805,1270932,354336,4580418,727184,519803,288386,272583,958208,1589668,5030
948793,769649,1627302,1156328,351659,3990265,699130,722621,242013,289926,857267,869392,3023
1076509,921586,1002383,1005183,231040,4517447,719675,761831,353866,393387,1292625,1639911,3679
1762453,2227103,2406869,1543561,332896,4969136,504572,562612,601818,710610,1870401,2976601,4960
1347873,1297745,1753289,1268723,343094,4373059,696572,505540,279848,258543,976927,1681961,5060
911599,829745,1614713,1161621,348552,4304164,725663,757443,270570,315821,863182,875580,2950
1056075,762809,919944,934493,238402,4252437,715469,737047,279738,324773,1200346,1578324,3697
1529918,2047644,2032874,1312318,236006,4448581,481604,505411,657292,706321,1658139,2462911,4515
1530483,1441022,2059128,1486791,469673,4984100,726717,761992,267045,296534,903414,2274387,5339
753175,947703,1682711,1201347,352610,4242468,709389,737563,289471,333626,889723,876518,3121
1277332,878768,1251956,1145041,329607,4762154,921548,974761,326017,289163,1195498,1601467,4884
1565221,2093901,2116902,1385917,247034,4620554,505739,528078,634018,664816,1529971,2281008,4676
1333403,1433004,1799897,1293897,346576,4369696,491925,515184,248138,334007,944949,2451838,4899
925850,1247845,1645498,1197812,337138,4372827,704733,735946,347679,315786,524182,840773,3799
948792,579444,1235655,892345,352848,4538646,939226,963556,270985,340120,1503459,2298536,3620
1473934,1728006,1906763,1399195,236224,4006056,275026,510571,496638,548567,1485597,2427165,4518
1313771,1576124,1799919,1364134,337965,4919899,527884,517296,377372,472359,1020359,2162262,4308
1010414,1383813,1728305,1244186,348616,4282534,700454,728278,310125,305955,563474,883977,4070
601385,483887,1177785,843697,337316,3807406,713869,753797,224685,270694,1195363,1600863,2802
1691036,1316985,1748548,1266733,242115,4052289,488587,745955,427323,490449,1650043,2934169,5101
1484704,1969966,1991501,1498932,346177,5196962,703000,503625,446707,470396,1161300,2449710,4670
967690,1247335,1711355,1257419,352551,4672815,734170,766921,321561,373857,558220,862910,2924
624034,617137,1133539,912471,339877,4240793,689925,711915,255987,314077,1164504,1581644,2975
1355791,946967,1267040,919239,126062,3769793,496009,751144,292646,342104,1262733,2467715,4888
2030783,2484278,2777152,2100899,588134,6226304,955925,752263,569032,597194,1568686,3631497,5559
1011555,1327946,1791259,1287208,358747,4342324,715704,743927,353444,396592,555280,873059,3071
950772,1004351,1272886,1162381,436463,4839157,921584,975699,301103,342860,1250222,2319052,3908
1261628,968432,1596157,870607,125673,2934536,509263,766082,226093,281475,1166623,2299070,4359
1587396,2136728,2070713,1586716,333754,5240667,494815,287485,553966,602743,1607602,2393752,5080
1299393,1382863,1747908,1285578,345809,4452347,724423,755878,341274,389459,641549,1610360,3769
678818,1071582,1315481,1226153,463929,4956793,938761,966510,345824,408775,1235375,1606236,2972
1244489,885507,1539032,851543,124745,3022867,485813,740585,249556,303670,1236501,2424322,4435
1432863,1749464,1919958,1456122,361555,5234211,506057,283588,400036,493878,1494975,2299397,4520
1473115,1876369,1954956,1499808,351913,5097831,702471,728591,501536,473947,736808,863086,3707
703096,1105730,1359136,1247325,343868,4470048,725059,764762,364152,419567,1255661,855135,2937
1270185,1022347,1675861,952310,241229,3507105,725728,993522,337048,389858,1550440,2968756,4662
1459714,1435911,1843935,1337648,347675,4766704,493129,286373,310441,399404,1381535,2447912,4621
1509708,2171699,2050674,1593081,348790,5521693,726583,756456,638847,607153,875041,889883,3558
717413,1008717,1424063,1328861,359152,4504129,725503,750960,362184,406901,1297311,893532,3083
1249194,943635,1317178,709533,127114,3610331,701223,741868,311839,346865,1273815,2424353,4956
1594103,1419488,2071475,1504149,453365,4391318,479339,310876,254887,376406,1628667,2932358,5467
1615897,2315091,2149619,1652896,356381,5619678,709138,732333,661604,634290,922906,892663,3938
730603,1037665,1379780,1268519,343570,4270567,720705,763193,386597,434066,1379974,878814,2923
1592100,1301233,1765328,1015086,231538,4282051,945155,988935,329718,365869,1261377,2974058,5705
1333923,1165067,1715154,1235106,351515,3701747,281233,293906,246695,347574,1328628,2488659,4747
1576533,2269521,2463601,1905380,465753,6425611,967821,1009353,730561,691946,909474,1574536,4345
693350,919070,1335471,1201298,336531,4294314,688109,710741,323705,368278,1208666,961983,2920
1264092,1080292,1333811,735146,123956,3765864,699011,740063,344739,389573,1293775,2442165,4991
1210581,900037,1557427,1104593,350701,3541759,269436,281548,157951,262718,1168329,2245813,4604
1489047,1808883,1938021,1474915,349711,5132606,698490,725706,450850,421579,744631,1619300,4572
773731,1355643,1787275,1353641,342967,4904641,725125,765366,477103,527021,1104109,843690,2795
1286903,1196223,1380610,1042394,243987,4402813,733559,1010032,387739,433324,1613172,3014696,4979
1238696,903326,1574588,1096895,333880,3382578,348639,284536,186019,286813,1185057,2355094,4984
1376368,1429602,1744212,1264273,345330,4511577,721945,751951,329623,300462,611537,1559127,4648
866521,1819631,2014354,1554594,353363,5384326,717637,739939,598387,631897,1156296,879605,3008
998563,1013978,989618,764897,238209,4367816,702276,741800,355256,391840,1321482,2428282,4085
1476426,1202234,1992661,1407205,357706,3532437,502547,514573,268571,312485,1564074,2967961,5616
1305354,1044826,1668366,1183966,348403,4010830,699051,726287,244144,279893,530163,1626316,3722
919008,1926949,1856255,1574646,333319,5688057,705516,745489,676507,704128,1222596,851834,2811
956494,910648,981355,759355,238256,4312871,723355,755193,335540,374219,1221272,2238233,3837
1593826,1379646,2078991,1453642,335632,3698472,471324,506108,308563,349248,1626198,3132218,5898
1513729,1098868,1894627,1331930,459558,4486570,957662,761295,172653,211296,842300,2301423,4331
987142,2058258,1753865,1673798,360466,5772017,734441,755473,645594,685782,1229988,879586,3042
959945,1025308,1286177,718567,231059,3749927,705015,746933,328113,379241,1331595,2444036,3637
1251939,1249857,1694763,1262802,242268,3441955,270810,518974,303971,350907,1265447,2258555,4727
1242834,909818,1579484,1109176,350019,3805746,698999,504594,141356,173185,826471,2365110,4756
1150796,1702568,1859639,1396657,339156,4943243,716639,756242,497404,530569,728742,829371,2798
1074508,1459514,1486202,1153310,357836,5051201,969491,1009828,546085,566188,1699304,2277688,3692
1314085,1362488,1736421,1233362,232971,3601297,269002,500677,288044,381635,1323656,2452836,5271
1196231,856152,1558695,1090652,350166,3779479,728440,524393,164411,138088,809761,1596255,4881
1118196,1279345,1763541,1297955,350250,4483781,711185,734408,402430,441584,920140,871364,3106
878705,1560294,1201148,1235604,332279,5148748,686865,728992,542225,585903,1513803,1608463,2966
1508098,1439060,2050810,1226375,240131,3790031,496451,752474,340096,430553,1607511,2948377,5458
1246496,970237,1640567,1165222,355978,4186469,710843,504714,219643,188732,871438,1643150,4726
1300556,1102289,1964697,1389286,449057,4012160,712143,751779,328346,387984,1237259,1618207,3675
1206458,1737064,1276189,1321317,243323,5549282,729361,763251,637243,671482,1534042,1556177,3623
2492280,2139118,3219986,2062792,674839,7444058,1356667,735815,427938,488197,3081179,5683383,9602
1485603,1295648,1979931,1411946,440189,4717033,700211,560928,244501,288838,1184937,2234975,5796
1029417,756255,1625801,1154587,349976,4276955,724405,747603,258938,295673,839228,886742,3101
1315882,1882204,1380515,1418572,232204,5978160,701899,743259,733429,788717,1765442,1667260,3975
1257538,1285485,1711273,1018346,236533,3306415,487509,511489,328902,365554,1259889,2222812,4668
1307621,1228406,1709745,1238161,348803,4475968,489428,509809,217486,319821,950411,2429592,5575
935131,941891,1919294,1356193,444652,4497936,943038,996421,287071,272889,826712,848169,3889
1194652,1528783,1205246,1172125,225965,5175768,699253,730585,559686,605027,1442072,1796966,3629
1459005,1729822,1937263,1151385,238355,3611615,487448,509093,472233,509663,1487192,2449345,4675
1311273,1453553,1763548,1314007,347289,4639293,502837,525549,280100,374965,1005196,2316609,4848
965422,1058839,1664930,1193690,347843,4078769,712197,734005,282371,269090,511793,856044,3873
887898,1262666,1476578,1132664,338326,4699027,704617,747595,432662,492762,1449920,1663088,2932
1737202,1969425,1988382,1524100,240183,4683562,504849,766873,652766,700663,1912303,2982551,5280
1346404,1444960,1799007,1346348,338601,4581634,619728,511090,249794,358002,950129,2349944,5452
993567,1229233,1717966,1253519,338636,4168151,720545,762868,355386,332566,587836,875486,3932
755859,712797,1251934,927321,352309,4161959,731373,763822,293478,349640,1255350,1563919,2885
1591448,2127278,1761337,1410724,125587,4889083,496388,751400,701191,755669,1750508,2481720,4451
1797675,1641696,2418058,1759651,559198,5108452,729230,523479,291834,440068,1689051,3740671,7124
997414,1267448,1776317,1308270,356733,4409478,728769,750897,348515,396744,602182,859346,2888
720786,782772,1047192,958922,339514,4061062,706454,748610,284496,325813,1290161,1650946,2955
1597413,2120938,1777147,1455099,126937,5270669,500885,761441,722433,759870,1662382,2237698,4315
1357637,1413633,1794710,1295427,352105,3796012,491752,289275,311582,352748,1357002,2403232,4834
1310310,1520644,2067210,1500402,441621,5028499,934110,986582,357282,378984,569562,1637097,4101
693675,624818,880180,922455,353730,4044101,729123,759337,284110,337614,1235268,1582456,2862
1531156,1851899,1967280,1222236,122570,3953335,481149,736567,523547,583580,1540105,2442324,4447
1342242,1566945,1826981,1377632,343734,4611545,496132,280790,403997,472983,1427687,2278401,4273
1306860,1407431,1741856,1254615,339764,4411673,700881,724264,260749,311058,543396,1551369,4170
618103,727154,1202020,1126243,337519,4020707,703189,744368,255108,307040,864691,876598,3008
1375944,1474676,1764820,1092285,238340,4203322,726585,987968,484032,544776,1750416,2909440,4413
1514186,2025424,2037534,1579187,357092,5399413,489964,285523,477185,568614,1557809,2458199,4791
1279299,1243030,1682032,1237755,338857,4561026,723264,763948,333454,317085,569243,868769,3829
620569,729760,1279717,1196188,350705,4213466,726225,756525,269481,321149,1174618,843602,2807
1096349,911476,1270105,667863,201824,3604089,676700,706910,297466,327916,1209195,2343747,3770
1813547,2290504,2390793,1838034,345763,5686444,498866,520260,566841,679161,1989097,3020957,4967
1620858,1550866,2157461,1558297,450831,4409071,707168,728966,424454,399078,909290,1551824,4832
671166,736352,1258643,1149403,336430,4137244,709471,750330,279691,330561,1272894,907748,3097
1249998,856454,1234575,651595,124767,3535078,726804,763244,266592,316693,1225821,2266433,4463
1604299,2209792,2113408,1632660,353132,4996652,266507,280890,574199,693707,1637298,2411484,4593
1535327,1431891,2010987,1453951,429980,4774237,912163,845207,339278,318627,775458,1510119,4333
722968,1012075,1392088,1298587,349292,4422966,724501,756690,334288,398046,1257033,864647,3134
1291799,700074,1199983,606374,121109,3346589,694439,725338,240592,284283,1223116,2435617,5000
1442255,1781575,1885403,1442576,343487,4675242,267554,280825,495343,614791,1526307,2300644,4391
1463111,1862980,1953213,1507915,353457,5062404,723545,745598,434622,417756,762754,1593163,4341
680729,1203367,1745716,1427798,434668,4954001,899652,953666,438137,496018,1334540,1275458,2823
1235712,829142,1253265,683654,125792,3450462,727651,759965,292263,329249,1252348,2234733,4378
1459706,1538044,1847637,1385445,349496,4197883,270018,284698,381995,463883,1370732,2391158,4856
1504576,2081526,1996321,1557777,342300,5265546,727301,767879,525731,490539,839303,1630803,4509
722220,1170717,1763412,1280614,352243,4597566,730853,761463,353350,386721,929372,872616,3049
1215190,688981,900296,681949,233300,4408177,909331,949987,318665,367079,1642846,3209198,4869
1662687,1408153,2038531,1468364,346079,3541796,478724,526201,330489,432439,1686367,3024602,5191
1904856,2588008,2533976,1936889,456522,5591372,720589,742613,700158,678358,1284451,2280853,5099
744405,1316405,1811372,1337972,340991,4488755,708144,749682,401585,461989,1034634,879458,2832
992272,893817,982548,756001,243063,4420150,736110,768862,328491,382730,1273377,2241858,3736
1343678,1079133,1685805,1222149,234098,3041439,272397,514296,300668,334463,1264019,2394200,5175
1898859,2474999,2521941,1933922,451127,6466362,954541,771488,649678,695476,1358588,2442599,5038
713637,1168776,1449824,1302748,352242,4399100,728053,761803,338313,383799,934400,873812,2983
1026255,1108315,1066925,819439,234282,4306645,692475,721548,404104,446929,1385850,2412503,4088
1255322,1016126,1599165,1148633,236734,2912036,272480,520893,247677,300592,1257437,2306958,4466
1522470,2025642,2029197,1554685,353627,5217280,721041,513012,441084,471662,1150378,2331495,4536
1150137,1818334,1926502,1679856,446329,5354225,923339,979153,597582,645222,1137145,857764,2879
1000004,1271734,1407595,801983,239706,4125264,739303,770856,388868,418121,1322550,2290725,3815
1269207,997242,1675981,1201058,238455,3285690,270691,506712,224078,318644,1237772,2424215,5138
1381987,1431649,1752211,1297970,324810,4605751,690635,492192,250227,296713,1011251,2146917,4493
1191641,1992785,2035496,1569318,353556,5379622,731656,759913,610706,655356,836327,884992,2984
676421,880715,965436,1010234,345034,4315553,705971,737273,335597,385787,1357923,1629705,2992
1457157,1215608,1968867,1169352,235203,3559848,500203,760537,272923,380732,1598008,2995839,5302
1344969,1112409,1649411,1166033,351238,4065457,719288,511551,213300,199067,859856,1574985,4193
1550924,2141648,2445984,1855536,338279,5634426,703207,957091,749921,800961,1667051,1612942,4061
814096,944647,971996,997147,293283,4433860,696614,727026,339852,374889,1234587,1499769,3183
1282238,1167433,1717772,968485,123748,3014086,483755,734671,291546,334532,1258896,2433239,5256
1541091,1171768,1943453,1376861,443812,4536385,715943,517081,203662,235521,1229184,2375109,5611
1273674,1950461,2135797,1658831,355382,5538493,735211,768115,668911,702701,1220152,855962,2856
1009773,1002387,999200,1026209,230460,4377615,696259,729132,349683,388164,1317064,1641230,3973
1211423,1229466,1660517,956827,233234,3139757,500781,522989,337080,372208,1277730,2315234,4902
1250935,965569,1585482,1138554,337475,4039839,468291,419475,128167,229778,970115,2230633,4790
1462392,1688811,2235362,1652561,443708,5401539,917944,973373,541377,537885,1108676,858577,3870
1058622,1242079,1101229,1150441,237029,4861044,726145,756299,513246,557184,1451648,1543017,3699
1325327,1390955,1754833,1014029,236916,3236889,484960,505870,318056,367901,1295537,2425093,5370
1186008,873641,1552179,1113250,337857,3935487,493745,518089,110363,215151,849303,2369951,4781
1172040,1478700,1841395,1338249,354645,4686260,729783,764774,404556,402354,684585,906730,3750
1198669,1648056,1656809,1407007,351156,5829673,933917,975455,658446,703500,1982678,2377024,3886
1283678,1302623,1707038,990996,233338,3286986,497335,517727,340029,378236,1309465,2330577,5115
1236291,1012405,1625161,1151179,350597,4091984,493571,512996,140624,235279,842623,2337427,4826
1037973,1133786,1681201,1212149,337575,4274437,702334,743505,325048,302660,550234,864215,3789
1615031,2054545,2103274,1689991,350416,6952952,961063,1228499,902992,944154,2404221,2902009,4919
1302841,1085981,1380512,1041265,125481,3860995,493156,736360,329307,388375,1305921,2389905,4818
1516994,1290174,2014716,1448923,446283,4190017,700825,523079,241604,319760,1288523,3152167,6247
958700,958153,1603765,1138603,342174,4066313,708390,738605,217524,202722,451958,854652,3818
956441,1669199,1663833,1316577,341289,5506811,698693,729760,608537,644388,1590137,1624149,2918
1302523,1149036,1355193,1017311,125010,3900012,499270,757851,382347,437750,1378859,2314443,4504
1287823,1279500,1703228,1244836,346149,3829632,493214,279540,257803,295248,1234626,2311793,4984
1285377,1191562,1989905,1382302,442852,4541241,915191,968450,260763,304785,489019,1674603,4069
844271,1335400,1132102,1159899,350219,4977800,723419,757666,491645,519889,1425350,1546170,2927
1427812,1603853,1610142,1193274,122945,4416814,456830,700940,523777,554205,1394022,2297309,4428
1281458,1255429,1664683,1205434,336337,3630272,496020,284050,268082,297343,1305983,2386102,4883
1248552,1027610,1635975,1171980,350913,4096116,726864,756778,198048,236827,482026,1574243,3949
1090701,1075793,1731555,1530603,440560,5099579,908157,958917,446849,501474,1378078,885768,3024
1482970,1870929,1635174,1041664,124373,4931224,739936,772916,612064,650855,1556742,2290065,4336
1302167,1517781,2152279,1556993,462420,4433449,488195,505728,340180,454167,1304552,2347800,4855
1200672,1023334,1597563,1146785,327734,4032778,689986,603559,214832,185479,719484,1553306,4880
1361063,882885,1670191,1223681,352102,5014601,941574,984094,339238,386099,1212430,1525758,4189
1640670,2117000,1734105,1363636,234324,5524351,911930,952360,696108,757892,2024996,2466303,4860
738701,891891,1382542,1281737,351643,4549274,717590,741206,322446,371989,1296519,899878,3137
939103,779301,905527,710217,230964,4213357,717845,762165,304063,360075,1295679,2389276,4022
1320444,1128738,1689311,1217444,238688,2952378,272560,520442,260517,300799,1187314,2277986,4852
1607544,2044367,2051655,1576512,340649,5587999,645133,501752,507425,601964,1223440,2441141,4877
1046939,1384403,1748737,1271341,343348,4442508,726278,758603,368660,353280,636642,877486,3762
985286,934694,1329611,988982,350111,4989863,943741,970393,382608,424752,1592622,2325475,4041
1267179,1000245,1612400,1146169,229576,2930076,266410,508998,277039,319706,1255519,2418186,4561
1444260,1686634,1886589,1436233,350480,4905329,727389,523789,368232,390632,1047328,2258217,4679
1134428,1786555,1930511,1477631,352553,5011859,711437,736113,529081,566405,714172,849811,2836
687675,1075172,1325449,1217521,340655,4267573,721363,753944,326922,376323,1209372,860548,2970
1242493,962146,1629393,892444,236462,3412461,725201,984693,293917,336306,1509036,3016902,4804
1436394,1237414,1751356,1286598,337321,4614778,491514,290941,291314,386544,1401188,2485642,5337
1442453,2102733,2001234,1570397,343425,5592104,716976,750703,626820,593024,812801,849942,3638
679746,941076,1365557,1295610,350745,4365454,712218,731928,327741,381331,1282151,861160,2953
1211099,823670,1238033,662362,124172,3455141,706531,748008,267228,307937,1239740,2420547,4865
1873108,1551232,2411905,1742360,549121,4999210,691027,308206,216706,319648,1892950,3502838,6314
1588244,2284875,2116721,1635331,346460,5550733,702631,734012,610784,589327,865906,882755,3922
694325,1055832,1674384,1255035,347012,4513323,732890,765402,335747,392347,970470,863714,3017
964874,826638,915420,714207,238650,4286477,709068,728339,289649,344816,1247642,2323274,4014
1280977,918074,1566810,1103391,230466,2913285,266059,511541,256538,308167,1229232,2423358,4743
1493791,2000972,2017636,1557461,350829,5501008,725380,519264,489268,524287,1198980,2248443,4614
1033597,1387238,2068963,1574252,445202,5096944,892097,925615,425972,459023,921444,880645,3085
966504,853146,914561,706375,229692,4330289,717071,757604,318452,371621,1333585,2403324,3983
1223328,934891,1629489,1154246,238103,2923958,273102,530262,246052,294747,1177293,2290552,4711
1458708,1680762,1860422,1380690,336622,5103565,689680,496913,362388,400414,1075568,2405735,4695
1152661,1935773,1982923,1515112,348501,5030268,730328,763000,581754,623331,818742,845121,2790
1005404,1188133,1381746,1033414,352685,4518501,954735,981873,401997,450565,1640957,2380489,3888
1283182,1139862,1653640,1190727,221818,3125848,278735,522903,317380,368228,1286243,2367453,5101
1426310,1442184,1792601,1335483,354738,4671551,733407,527940,220512,284177,988037,2284188,4726
1235515,2193126,2072545,1594709,347883,5136460,701838,726671,627411,671496,843047,871538,3006
731213,1075789,1040077,1076245,338370,4380366,717884,759852,382707,436479,1422033,1650872,3007
1789916,1404671,2389997,1432136,343966,3306626,499038,754528,357400,430314,1866924,3638034,6555
1346706,1068594,1646030,1171901,339919,4177892,696846,506240,235503,223735,935710,1640939,4533
1224322,2136909,2080749,1636860,348712,5793305,733906,766487,698050,744949,1135011,844866,2827
761927,1049496,1046175,1070373,354928,4567789,722126,744056,358098,392319,1312964,1610337,3018
1297154,1240019,1683448,987670,126340,3191025,488837,745668,330196,381650,1362004,2442305,4783
1523225,1256764,2009278,1448147,465967,4604411,727099,521442,206622,249668,1198540,2243117,5311
1339007,1996532,2123363,1618899,350986,5475472,708438,735851,645760,686710,1248017,884645,3021
1044946,1112732,1033906,1061399,230899,4400661,719896,760737,381343,424577,1398565,1625892,3732
1289134,1396940,1789106,1060759,227630,3354368,503461,558504,361377,404441,1312063,2314325,4841
1317576,1144003,1699131,1208789,342232,4098972,487227,285012,177677,292423,1296786,2439396,5184
1488938,1754230,1898984,1443906,347515,4995668,729291,763001,496177,487336,738889,860723,3713
1140688,1532267,1614553,1548789,358422,5684535,953704,981011,622473,677194,1882122,1595175,3689
1322276,1418530,1743074,1020320,232188,3222326,478584,506214,342936,406059,1341460,2408986,5152
1187580,901963,1578330,1134316,354035,4093362,508063,530725,141372,231475,838473,2272223,4798
1166792,1243223,1729330,1243362,347973,4467376,704903,731641,367635,361156,634621,867416,4024
882953,1644383,1958512,1775858,447731,5882886,952116,1004900,672087,719182,1990026,856342,2853
1577893,1267072,1719240,991829,237725,3831265,724516,752547,361612,407104,1584841,2957429,5492
1568927,1257646,2030719,1423696,340342,3968875,482372,711188,225807,336763,1276904,3156400,6065
1047113,1206599,1660993,1217595,341994,4266063,718465,753253,341710,319148,552968,875588,3825
975050,1832923,1731128,1377622,353618,5625960,723437,745418,605133,646415,1542961,1570227,2961
1301882,1123949,1347760,975285,126380,3758761,491345,756693,346797,387864,1337616,2437757,4535
1502492,1419475,2041098,1481182,455572,4331314,541079,521349,267770,364357,1230264,2910928,5962
1037119,1024562,1631428,1155514,349278,3907165,703679,731247,243263,244093,509188,855584,3816
925558,1696835,1632848,1288868,337485,5439823,718757,757613,601389,653062,1584023,1593475,2829
1311248,1161344,1394132,1062183,124500,4007203,487275,743417,402738,446784,1320053,2247903,4521
1311220,1321568,1736988,1239422,340873,3708543,483678,278829,250142,297290,1325204,2453621,5119
1227675,957524,1571384,1123555,345111,3979102,720135,755770,210221,251323,501030,1608230,3994
874473,1446084,1714722,1375635,452407,5459388,922319,950840,517603,578560,1413238,1631058,3094
1450480,1631728,1518935,1190770,123541,4544323,486285,744620,504384,542774,1490811,2418439,4670
1242779,1263144,1673474,1233344,350127,3780716,499032,283052,275888,310584,1274110,2245921,4880
1271062,1034907,1653690,1181824,349924,4184761,708757,735994,189452,222356,477162,1653072,4200
774279,1022958,1345366,1232569,337927,4324940,720401,759931,357374,394044,939389,861156,2992
1482699,2113806,2035232,1309549,239028,4777125,723266,986755,657743,692750,1849141,2969420,4500
1277933,1312176,1733788,1249429,324884,3733997,480174,280281,289075,331177,1308975,2358828,5370
1543559,1372283,2110213,1531763,350199,4158965,731480,999344,370415,403908,952310,2328538,5205
731545,893816,1261978,1158947,351172,4121750,715770,737028,258915,302522,847478,868988,2928
1289531,2071755,1696714,1100454,234078,5155531,715516,756834,641401,693456,1666707,2461650,3742
1540084,1439128,2081818,1514098,360994,4488306,508852,522056,279265,372748,1653947,3006484,5498
1255372,1193539,1668804,1206438,349305,4182462,696522,722758,280322,271004,536606,860588,3848
643068,709883,1208355,1094301,341948,3888624,721751,763840,260926,307846,1133910,850244,2894
1210427,1860648,1651420,1019979,238924,4764000,734693,762738,579074,616990,1516796,2296465,3866
1344138,1449063,1775252,1321275,233406,4059163,271983,505076,354684,433759,1341988,2392735,4377
1529097,1503609,2041476,1471793,455126,4887138,942450,747863,345097,327785,953118,1583921,4739
658927,696420,1287613,1167485,353823,4036578,716073,737412,261632,308589,1181966,854404,2778
1462024,1350844,1471450,867922,124621,4182619,707639,747086,463432,498602,1440655,2462936,4735
1408162,1879299,1914106,1452734,345768,4383975,268830,291649,474998,573287,1454334,2243610,4364
1304967,1291726,1732919,1255805,351850,4372207,702363,516572,279171,251328,905551,1663355,5147
947340,800260,1639019,1166618,345506,4110214,730386,771610,290546,331029,904236,885747,3109
1367632,1106508,1364849,1001282,238569,4353245,948840,985676,344463,400558,1592765,2281292,4762
1523202,2064599,2055521,1557102,345629,4761477,270203,279754,559508,661112,1612722,2442069,4530
1545114,1448108,2077689,1252004,351613,4419305,941450,982444,372743,350764,930240,2278110,5767
663990,820058,1647521,1163881,355615,4036085,720384,743893,260287,292590,816762,861416,3035
1025563,724371,913870,893677,222308,4251161,684101,721397,288035,350767,1260850,1885900,3912
1810491,2278946,2413444,1620474,355427,5251089,501472,526851,664597,762607,1922201,2985059,5620
1318779,1342253,1745400,1285034,348826,4364889,696458,724327,279429,257622,581529,1680938,5142
642542,940454,1611464,1175751,338236,4178090,718382,759001,310467,357177,913047,865971,2951
963949,704559,874583,667097,242209,4106830,733026,761353,236172,277872,1157805,2281058,3702
1568638,1985094,2011653,1524607,237921,4329633,271538,501957,592328,621549,1572177,2469551,5016
1546018,1564065,2055680,1484904,444479,4961171,820371,751188,297343,360334,967461,2227876,5514
682703,1081257,1692306,1227308,350978,4265606,709272,730565,303290,336420,874466,868979,2981
969601,555203,849649,633626,228676,3920166,697514,739868,256007,294710,1228806,2437102,4006
1442134,1658990,1853730,1406544,241254,3732023,269469,519659,476255,514903,1413908,2290027,4621
1884368,2225742,2490818,2460532,594034,8078253,1168675,982349,638817,671688,1756167,3237886,6458
1005948,1281356,1730549,1265353,346572,4375927,726395,771682,341137,386607,578648,898057,3165
937541,649152,1079861,909592,344893,4603870,931067,967285,294771,339169,1453062,2281043,4031
1674392,1315944,2042383,1443653,343614,3983080,485517,727840,396333,400099,1346748,2424346,5814
1459729,2090073,2027158,1585170,352586,5451718,732125,517556,506214,535065,1217115,2335228,4503
1335503,1560471,2147436,1269041,362372,4315841,940242,967676,393892,456204,929262,1570366,4254
622720,689740,866660,896500,347706,4033890,717279,758737,271002,326650,1288060,1700717,2939
1563216,1184697,1961118,1175375,243107,3372411,505916,761289,316971,364272,1557074,2960170,5392
1640976,2327408,2194553,1714280,357421,5974588,712476,515962,534293,571789,1257782,2445186,4944
990944,1223203,1677933,1204331,341836,4364827,721188,762162,344501,370901,547841,857299,3011
702280,910807,966558,991876,355222,4321518,724376,748771,324699,353525,1242023,1609718,3114
1281266,961421,1603942,872197,124267,2840574,491958,725379,253886,311503,1262486,2445602,4768
1762361,2161982,2328050,1753491,468025,5879680,743573,530823,549211,568455,1538170,2327180,5285
1018000,1269429,1794443,1313934,362612,4746089,732779,754024,397093,439145,921073,868276,2967
729324,1040781,1000145,1013165,331946,4288775,693313,733016,361044,407785,1337963,1616188,2979
1194676,912470,1589431,896594,126511,3010795,499680,758178,261866,306552,1172015,2239907,4762
1485472,1602044,1865299,1389604,352409,4930222,489039,288294,363921,461174,1423846,2398092,5065
1438869,1888975,2294968,1719377,453173,5687693,949131,1001714,568867,551940,1130145,888096,3770
996387,852974,969103,1003181,242521,4500082,726209,750751,320962,376034,1255354,1611183,4178
1244140,986146,1638057,893696,238190,2941057,485658,506034,251324,301055,1263521,2451511,5117
1331636,1213464,1632193,1207987,335072,4535802,471901,336647,242357,316121,1137159,2191970,4389
1532881,2108021,2083906,1614490,358080,5575855,722453,743086,613191,596149,844287,859536,3785
1034875,907320,1331545,1210604,340293,5037989,908976,961049,438717,475026,1708215,1636600,4009
1479781,1036523,1615044,906048,240272,3531720,714865,746893,321204,361192,1539106,2950277,5741
1347494,1049145,1649388,1169209,355107,4126561,491673,511631,172389,258047,863927,2395368,4830
1289972,2187665,2076872,1600886,348580,5598620,734630,774306,705014,692373,960081,886168,4063
694297,931856,1382022,1208746,344313,4497035,707119,734954,343958,395234,1231181,1149810,3088
1284702,1048078,1323424,708894,125416,3621680,697835,728034,309740,363759,1280896,2437258,5010
1463361,1028100,1876297,1322652,459078,4011071,499380,521160,197720,286023,1180940,2978012,5091
1243362,2056879,2027525,1556437,354079,5326887,716511,736938,620369,612102,846393,854745,3682
768847,1071986,1430935,1092241,344825,4732335,712366,751375,359480,407080,1359215,1685055,3044
1238138,1053194,1301255,960523,127197,3955869,504902,759893,323442,375870,1288422,2293222,4868
1255709,1046791,1619731,1157447,336279,3457396,391554,283300,208648,294969,1168525,2326222,5131
1429956,1767069,2178516,1596474,450861,5307968,947965,1002642,478110,461367,685891,1613796,4501
890342,1550043,1607641,1268342,354102,5109201,723698,755393,512259,574153,1477313,1583879,3071
1369215,1175920,1415413,1032855,127515,3981345,489007,728615,366768,411177,1378144,2485586,5551
1209079,974284,1614599,1156348,348692,3710104,499329,283510,199682,235643,1222657,2309902,5013
1317539,1050433,1653840,1184369,354800,4175131,717407,737155,233559,275829,520536,1596688,3822
1311724,2032181,1838558,1630565,349017,6424808,920799,975667,764303,806737,1665608,1599161,3934
1514658,1373552,2020797,1240164,235786,3920240,492794,757914,313121,428320,1676737,3088919,5746
1258746,1073710,1687850,1203185,358334,4273257,728077,515160,230094,220834,891591,1642407,5068
1029577,851118,1605445,1116991,340662,3981597,703424,743967,252316,303838,850434,907835,2969
1288403,1827170,1382341,1399751,235273,5876719,719935,751412,710868,744715,1618452,1578019,3698
1335276,1276019,1741349,1003318,243098,3201937,485612,504316,329971,370701,1293489,2419769,4846
1557082,1391285,2004618,1429894,444865,4893870,714516,738365,278461,311995,936582,2388995,5927
915074,751814,1565451,1114112,349183,3909034,717134,748497,248626,302800,835107,870224,2965
1224095,1519985,1217625,1239141,235668,5224677,705646,736983,543288,603436,1541931,1654362,3583
1340962,1550140,1844084,1131323,235057,3686075,506542,530242,484649,530261,1445574,2323229,4325
1293372,1388713,1735433,1252174,349467,4456044,496166,512947,221418,330027,896393,2284790,4992
903633,859316,1910305,1320507,446339,4369360,910759,964820,297493,294723,835071,858949,3931
1125938,1035290,1045422,829447,240916,4831427,726785,758216,402293,459523,1357295,2248127,3980
1488062,1912118,2001677,1343675,244459,4291253,415374,486176,568202,602029,1478457,2369465,4858
1293004,1242040,1706570,1253493,344441,4569270,496357,521996,224242,314601,971663,2426231,5243
1211119,1189127,2028376,1440268,476325,4771726,969782,1011887,273725,276654,532260,1581320,4850
1057907,769246,1290393,924608,340089,4594227,898503,937721,341507,393649,1571206,2427246,4093
1794088,2307438,2408251,1573351,235149,4647658,475473,739964,743777,788062,2003409,3006787,5478
1283730,1284000,1755309,1266816,358550,4416308,727489,511371,235256,266797,910098,2347225,4861
957454,1126471,1661171,1177348,331532,4276448,683639,722862,296303,283288,514630,905784,3893
704544,632845,1237942,887235,355354,3959490,728260,761657,231860,294784,1199385,1585830,3098
1629247,2077748,1782385,1415929,126843,5077279,483239,727888,669132,725657,1654773,2418484,4838
1606387,1526118,2110804,1534858,451447,4394660,712571,522835,320725,362599,1380463,3227519,5898
1002355,1307678,1733254,1270457,352024,4436998,722300,753961,314626,381565,571066,876336,3100
651883,508459,814780,845581,343077,3863471,693722,725994,246218,290885,1208489,1639138,2966
1464292,1580075,1755363,1203301,124055,4414053,498261,765471,538647,590605,1530945,2362389,4637
1394317,1655142,1894297,1445590,358801,4534300,497889,285375,407867,428270,1369989,2331357,4563
1304508,1451957,2086638,1480664,456171,4954052,930779,984752,339129,389093,588109,1683808,4034
644630,502301,823233,840908,353622,3901833,723044,755291,212115,256990,1140157,1549290,3104
1431588,1415675,1822353,1067531,126062,3521841,496133,734460,410402,450029,1336067,2404390,4645
1490226,1961062,1993902,1542478,347579,5480959,499684,287500,446588,547504,1570031,2457774,4817
1256100,1293647,1765817,1287293,362929,4564584,745102,777270,302697,333536,569293,970040,3995
616665,824274,1253531,1145884,459928,4584148,916326,956299,326698,373321,1235864,1646233,2935
1333737,1102636,1652045,967093,126063,3195905,501464,759241,275666,334251,1269276,2293355,4464
1909404,2278222,2147104,1661945,354370,6492874,707071,508488,615169,720580,1945960,3043990,5660
1308860,1212721,1711918,1249889,341138,4420475,699416,737678,322603,323091,591777,883157,3894
678546,776641,1296716,1200623,353350,4257860,727784,762890,289890,339875,1242648,898666,3179
1533661,982929,1579800,861576,140037,3533146,712404,928997,324730,376340,1546239,3110054,5489
1566174,1908907,1733003,1120568,125285,5100262,744562,776675,677072,699335,1609784,2305386,4985
1339662,1404809,1784874,1313247,352846,3905710,270472,283232,295507,398868,1317403,2459164,4878
1236778,1212621,1689094,1239305,342232,4410617,719797,755797,293140,265517,568827,1625502,5124
655546,759608,1623544,1147673,354547,4094021,728011,754602,234099,284474,834149,851567,2917
1186211,1332329,1159324,955909,234694,5079591,698208,730384,495712,542327,1474870,2419389,3818
1633988,1796572,2183866,1626071,340577,4374659,323657,529519,514508,633533,1840890,2955778,5111
1325743,1402941,1783346,1310020,358308,4515957,720442,739909,270540,241558,561795,1646620,5102
616140,697333,1574868,1102231,344294,3951918,713110,754965,214292,266698,837235,877917,3027
1124497,1117445,1074857,834345,240087,4577867,715825,747172,392266,433924,1345420,2248101,4106
1552833,2032191,2080742,1599267,237936,4230796,271533,518847,621338,658730,1594799,2482534,4866
1558144,1499472,2044272,1455702,450354,4828983,944223,753620,290400,319410,928194,2381328,4923
631707,831795,1479491,1154019,344777,4093303,702681,730860,256325,296969,819674,866848,2942
1047578,1085843,1379479,1045977,336057,4748918,897373,940228,412160,466801,1343375,2439336,3795
1564095,2200307,2118959,1677126,241980,4627791,274869,534713,728532,754921,1683767,2368981,4683
1327598,1376213,1787388,1329829,359816,4420919,724329,520367,256093,301420,981498,2395477,4807
976619,1218128,1705436,1469958,450741,4749951,930568,982650,387053,437596,945976,897513,2945
974206,901506,1259237,671775,239142,3396569,720229,753883,259048,304653,1198019,2213469,3633
1657123,2350863,2175005,1696030,242880,4472289,276223,520527,694307,738545,1738332,2509957,4694
1294837,1363950,1718182,1277724,347460,4343641,731243,533021,270272,315542,1040663,2385792,4318
959968,1265592,1740463,1281572,359800,4450657,737284,764005,322599,364507,577242,843932,2856
715029,723061,918024,939458,343953,4056338,699590,732322,299349,349321,1302694,1659380,2905
1765759,1939845,2295500,1498971,243881,4601753,502393,770593,538648,645790,1909529,3054236,5394
1456218,1760028,1951120,1489191,360338,5132121,722375,519349,459621,431081,1085362,1621373,4702
1014577,1307626,1721672,1235350,340671,4296060,707522,750000,354150,396410,878452,877656,3014
671214,641311,898031,918834,356085,4025982,730100,760058,276660,309695,1199354,1552923,3089
1403080,1239961,1773246,1056506,124296,3398032,485632,740251,396586,436842,1372193,2459733,4774
1762874,2198076,2392655,1813091,456112,5995139,719808,520300,552721,596360,1608278,2416002,5627
979376,1104990,1736855,1275803,462615,4950495,939045,972324,381615,432480,1238194,1550842,3025
947688,685908,902036,940146,233525,4142242,693400,722078,281574,332276,1279501,1666131,4131
1605945,1300585,1994123,1205254,331729,3843144,706242,758985,356924,408188,1244970,2294541,4578
1610929,2268792,2127263,1640144,343032,5344515,471498,308351,539736,627431,1558412,2312531,4994
1269639,1198879,2057814,1474032,452537,5021531,937586,993691,395173,383686,960672,870369,3679
917126,772710,907920,960403,245323,4242806,735908,768175,295099,333820,1247946,1559893,3922
1300647,966511,1593161,870411,237568,2914943,476902,498043,264927,315386,1204811,2393389,4845
1584647,2088584,2053028,1582705,346191,5492219,507376,532151,547631,632993,1276964,2389457,4628
1033154,1423151,1796080,1324538,359208,4636069,734954,762568,408793,370407,615229,883028,3747
981859,928617,1317454,1147968,328601,4804590,883097,924921,375428,427572,1637627,1846667,4197
1223123,932550,1595581,894644,238445,2933766,509407,532698,262076,303787,1214722,2320734,4555
1492882,1675014,1898492,1432063,358671,4894754,501753,517596,405479,482776,1086248,2367090,4525
1122196,1734260,1854393,1401164,336505,4886042,698950,739740,470502,458346,730770,853190,3598
648451,899750,1331769,1013221,354140,4485013,725033,756430,343574,381892,1245887,1525188,2906
1238845,710439,1231850,880487,125459,3404278,485614,727830,242909,289112,1194665,2401189,5012
1683080,1494792,2057185,1487471,437757,4670890,616945,534449,274237,358060,1254047,3046424,5670
1195749,1974381,2038939,1560846,358610,5326995,731486,757226,603313,583599,845181,873671,3800
702568,874160,1344282,998675,345624,4384826,703718,734620,331204,373724,1341478,1681790,3126
1495794,1030977,1613785,1183227,230456,4326039,719309,987033,355062,407653,1256412,2358372,4996
1391297,1254840,1748563,1259048,355296,3676353,488630,282523,268605,299209,1262764,2373930,4806
1542008,2216266,2405259,1798712,449418,6060207,928494,983572,692955,734483,920999,1659065,3986
713582,962310,1151440,1023090,361538,4565375,742767,775313,336050,367501,1249765,1561769,3037
1283729,990961,1327454,966848,125901,3600879,492490,743342,299019,338760,1290378,2513424,5187
1233319,869219,1539597,1093592,340751,3392695,495113,285240,189076,228826,1217078,2345670,4458
1570325,2060710,2073448,1615586,356809,5754782,733980,760804,617034,644928,883908,1573019,3872
737524,1261991,1417987,1302492,456368,5078652,921439,965499,416593,473468,1341441,1656204,3084
1222978,1223359,1676764,993306,126420,3253074,499673,757467,343514,390538,1281577,2289444,4722
1285660,1026657,1650454,1173310,352117,3714320,491089,283615,195324,242813,1208973,2356748,4702
1479436,1719214,1902495,1437709,347477,4922758,723753,764280,459563,489028,742690,1684332,3845
800605,1434218,1476705,1408592,357455,4932058,732984,765424,509647,551073,1097863,857945,2882
985667,1100754,1339297,739773,241239,3815499,705999,736429,309722,357163,1297527,2473623,4210
1467140,1001734,1901217,1336185,340970,4024647,498523,526613,176437,285906,1606623,3110468,5691
1411943,1358015,1772255,1256158,354810,4457768,726681,753241,368816,359059,642882,872811,3622
920656,1816279,1694354,1590199,347810,5445109,705012,737576,642416,684704,1620543,900867,3055
1010085,1201272,1362776,758243,223178,3914678,717317,751008,365828,402350,1281761,2283837,3937
1543195,1242934,2016652,1412321,346158,4196371,476112,717303,272859,302894,1184163,2346604,5890
1642516,1296323,2027129,1430052,447132,4794944,920798,734237,312641,307639,948420,1706419,4597
980551,1719596,1741597,1679843,360098,5714138,733477,764132,671517,694732,1592881,885601,3095
1335946,1116664,1376489,755220,126065,3915260,704395,738331,334026,378307,1311168,2481831,5126
1206672,1061609,1593483,1157996,340694,3652921,269516,284462,223139,321745,1256650,2353647,4889
1239933,983492,1599540,1137812,345784,4059569,706914,579691,209771,191812,741907,1512388,4549
1294756,1933324,2104066,1864626,455309,6233241,917469,959574,730631,772416,1692405,874741,3144
1266394,1107220,1322591,745167,127129,3902354,717896,745999,325246,359513,1241031,2288806,4774
1326835,1298737,1729198,1232459,353928,3620971,267140,277649,276777,370425,1266849,2374995,5123
1225926,971929,1595016,1122032,338203,3949213,702941,744996,194897,168673,486259,1656865,4569
894692,1596872,1954248,1507394,352756,5239363,722579,754106,573117,603810,1143916,873969,2955
1405531,1361013,1490648,1032141,226299,4664865,900998,940414,497446,543257,1754928,2853556,4891
1265225,1220220,1675466,1217868,345005,3842865,271625,285387,275107,369663,1324384,2403410,5019
1264945,958234,1660163,1175178,355113,4120517,731387,759186,213604,183888,503639,1625476,5182
865059,1485468,2216435,1603819,454741,5255784,913231,956230,483306,546596,1039245,891744,3116
1148425,1487932,1186016,969840,240181,5062594,731598,767295,568450,606526,1512050,2318359,3665
1301202,1321334,1743734,1255607,238519,3171588,270640,516246,343429,389047,1287043,2400711,5157
1851746,1444762,2340662,1636771,548858,5232163,1080332,972092,312310,254357,856132,2419526,6750
718484,815658,1598781,1182372,353250,4176060,723840,755547,283215,333817,869546,856503,2937
1293305,1810428,1388604,1176840,243913,5768164,710360,742651,692625,733074,1662128,2463249,3899
1250975,1226625,1689594,1239070,234839,3402126,272495,525373,316419,372534,1308786,2354023,4839
1215356,1078634,1653450,1200937,354980,4263425,722669,513676,182648,212749,851383,2283999,4840
1017219,1016200,1700113,1368404,445738,4516081,896648,940144,302948,361502,892188,879757,3129
1298953,1832809,1380050,1154184,242390,5910478,735877,770200,694688,733874,1671446,2369848,3961
1288698,1233486,1711311,1223256,243940,3194754,270653,505832,320680,372056,1285116,2381293,4693
1302688,1251529,1678242,1211654,339248,4443639,703069,512719,218918,229299,919664,2447180,4917
931778,882170,1553853,1112104,348527,3917523,714265,747010,248234,296381,481240,851571,2891
1222369,1705791,1590468,1217461,353664,5157768,929109,967593,584065,640073,1875617,2463829,3802
1332887,1459077,1761865,1309840,236823,3993936,269934,519251,377486,446748,1385874,2381417,4580
859957,1311837,1885385,1468531,355393,5527429,719710,751148,410698,421308,925858,914069,3835
973072,508413,849181,635699,240666,4274132,722941,740199,233841,293689,1171900,2337982,3930
1424323,1414492,1771838,1303892,231348,3708858,270095,510913,429064,487799,1432681,2433354,4921
1403358,1900188,1927113,1485154,351317,5306788,722229,508542,392584,429365,1112908,2239539,4504
940357,1184230,2081142,1685900,572808,5394355,1122809,1152773,405115,458987,1201109,850163,2917
917534,802487,1217283,667978,236132,3592098,720785,760354,256105,315950,1260999,2395369,3653
1332030,1136853,1644463,1205037,225659,3343613,268108,514248,297472,328430,1149536,2189245,4791
1579396,2136679,2143574,1637925,355867,5537524,717691,517679,514457,546133,1257060,2506657,4850
970594,1228692,1674569,1210962,343803,4397157,723218,755109,350303,382562,559859,860622,2944
923675,848266,1253425,904824,347767,4215937,934871,960589,321730,358634,1506467,2276224,3745
1304578,1074688,1631883,1155571,231406,3603695,269178,517728,247045,349447,1279437,2448774,4588
1507247,2046052,2057024,1611396,361125,5681613,740321,527348,620909,588060,1265508,1597590,4562
1002119,1247470,1716563,1255536,343195,4404122,684453,703444,340212,373134,674898,867848,3009
705309,851844,937043,959959,342914,4155451,719342,759327,327655,364816,1306288,1647236,2911
1499260,1053148,1930427,1119381,237604,3508109,493286,752909,229696,323880,1454566,2939221,5248
1556277,1850095,1986623,1499396,347145,5310110,700023,509642,514797,499189,1193008,1653560,4833
1045249,1340121,1794130,1337004,345933,4621319,729327,764365,392441,445014,1007209,863499,2953
988345,915823,969354,1009569,240380,4623096,721861,741010,332666,385948,1255395,1608761,3872
1262668,986473,1600388,889766,216187,3053762,488889,557242,265662,304327,1249087,2456650,4988
1693403,1730694,2201476,1635138,473695,5603880,737060,533304,394854,424321,1368185,2236678,5381
1196506,1701845,1959873,1480655,351980,5045105,701817,722530,547942,584868,1126413,844710,2983
935447,1081486,1334135,1256890,335679,5141636,930956,983813,405739,454994,1267789,1604917,3817
1212632,992368,1620101,892291,238701,2955447,495044,516504,277080,314217,1159110,2243571,4658
1395302,1127573,1684185,1177204,349234,4128952,485672,504959,151845,276024,915870,2452860,4912
1295908,2045433,2054414,1579834,350095,5533058,737594,768102,671690,656185,903046,892744,3951
968671,877670,1333074,1265296,357439,4996578,952833,978728,370909,430114,1600980,1584926,4157
1243328,1108796,1655142,929031,232876,3115344,494458,521257,279934,342944,1274962,2435447,4803
1256847,991121,1607461,1157333,352883,4279889,498272,520405,155965,251591,845556,2232036,4428
1275610,2068264,2069923,1603299,352197,5393228,700048,719498,653577,646431,891773,858239,3744
680932,887532,1313659,999580,341149,4248361,717009,760515,325447,356679,1311819,1637825,2893
1544242,1187810,1660703,1166124,237724,3828885,514092,760209,385413,439779,1606988,3004299,5854
1244409,988453,1592755,1135299,333956,3884973,493110,502113,128829,223113,798338,2358661,4871
1190537,1809247,1955080,1482197,346839,5267392,729310,763337,586351,564752,784889,871650,3783
767399,1097405,1441354,1088881,351513,4639441,720735,741438,406301,451826,1344280,1579422,2794
1310134,1141162,1360328,1001642,127933,3965946,478537,727997,346625,384711,1290131,2433812,5145
1487440,1061873,2293674,1602508,578790,4542791,949875,753862,242547,298883,1544606,2948381,5755
1136417,1499111,1838936,1364476,356414,4712533,710218,734007,411938,455821,662189,858627,2949
853972,1664971,1540101,1449132,332579,5180318,703291,733095,571052,616319,1265445,849992,2913
1307981,1278211,1779320,1065460,353518,4656437,960213,988333,413116,460179,1283021,2348980,4246
1254679,1040755,1692612,1213226,236577,3655616,268036,509809,234996,333917,1286019,2500807,5138
1348861,1052694,1619405,1141194,346551,4246991,718317,522136,205124,196887,872661,1575257,4856
1254443,1882665,2075671,1885608,470412,6326054,938609,964021,696684,746423,1621855,858134,2925
1325991,1128188,1362501,765072,125693,3872437,723202,765996,352520,392377,1345673,2487911,5274
1178036,1036437,1581419,1122910,294611,3565907,271876,373013,221945,318410,1156536,2162849,4968
1323638,1122018,1685315,1180506,351735,4073502,704412,503556,227923,210615,905204,1695208,5019
1211933,2094218,2058440,1606652,351222,5717325,729873,759169,669882,653134,850076,848430,3631
1001185,880902,1350977,998633,352222,4895588,931889,959998,380310,434095,1606172,2327573,4136
1280722,1240215,1663881,1188968,229386,3210751,267840,509979,314481,335097,1262251,2430939,4848
1188517,849176,1543157,1090664,355309,3751866,731115,528221,137155,168611,825544,2267580,4297
1220857,1923217,2004320,1525088,357633,5231302,717368,743229,569779,551924,797138,853787,3399
728296,1050148,1409342,1086343,339547,4723306,713176,754228,393868,435004,1391805,1617998,2898
1574057,1284147,1729227,1264548,240319,3983007,498813,752280,380982,436555,1607833,3017247,5941
1244148,881317,1576345,1098892,341362,3900381,695075,502546,132565,173382,826493,2415904,4767
1418870,1520729,1825897,1383315,359925,4826710,738577,769478,451809,427744,674857,857877,3554
1177011,1675073,1970104,1749316,460301,5777070,915251,734933,540364,586586,1867000,1568123,3807
1156194,1018969,1284570,717084,137189,3695951,716271,757926,310327,340480,1281673,2447626,4564
1467945,1055494,1972168,1387730,352779,4108654,499052,530187,217789,298370,1531153,2957226,5598
1438450,1252898,1769103,1270397,349100,4389230,696459,726689,318471,312802,570955,915739,4543
923003,1712335,1698195,1604047,344233,5688632,725565,755515,687344,729960,1683044,849264,2874
1289368,1130337,1379793,788223,124952,3943236,725868,747343,337366,389939,1250478,2334014,4795
1259922,1100652,1647360,1164374,337718,3515288,269998,282286,229522,338533,1245780,2422607,5018
1238252,1009747,1586371,1152655,355380,4128290,729486,752170,223651,204930,538018,1579296,4266
1225034,1827677,2063796,1856457,460279,6187021,914235,939283,706891,752741,1614515,890773,3046
1289316,1095826,1326116,748420,124331,3803841,716280,758064,309702,356043,1309745,2436599,4792
1221961,1129206,1657955,1217777,352402,3874225,268553,280775,266542,374226,1252565,2247363,4939
1288326,1062687,1641798,1160347,348617,3942183,700418,733084,185775,158602,462955,1659426,4727
942756,1657650,1964696,1511112,346835,5403508,733255,765317,598374,634342,1190900,847977,2978
1348678,1198201,1410595,875812,242044,4770154,867106,963643,455464,507321,1690191,3021113,4989
1309406,1347326,1729877,1248106,342972,3922572,268443,280665,285999,382862,1326607,2459946,5022
1243851,932640,1600723,1148283,351525,3996556,718465,516311,147992,169412,834800,2236304,4736
1180289,1565872,1825689,1367303,343358,4600627,689800,720426,447431,485689,711965,876475,2981
1168923,1692424,1569252,1500860,444376,5868647,727533,764215,570603,700629,1922459,2282319,3689
1531410,1406292,2069132,1213983,237788,3691728,506184,759063,314378,413875,1576326,2995855,5670
1244479,998737,1624359,1144648,333162,4098710,680008,485661,154866,173165,849579,2027104,5156
1065668,987637,1604037,1179422,349267,4372032,722541,757723,307677,355447,558903,879755,3118
948578,1721240,1346229,1390695,357214,5631907,717822,739109,662819,697878,1593395,1595303,2918
1281912,1273371,1698817,1023123,124060,3360977,484152,742041,340749,399026,1332683,2412725,4772
1453410,1176787,1964098,1407785,463410,4605781,719555,518689,235234,270440,1201597,2254798,5762
1291398,1046106,1594945,1140119,336412,4009953,488494,515884,186567,274418,879648,2372418,4572
1362067,2080472,2108714,1654045,360434,5628260,740066,772770,678739,660339,912886,854962,3989
691442,885099,1338254,1247591,350091,4312042,704458,736911,331844,372988,1295199,871440,2980
1260168,1079401,1309949,727698,123669,3682432,724435,755343,350995,391229,1309197,2341058,4848
1225120,922958,1572170,1130405,353510,3503032,269619,279775,181456,280772,1145222,2300126,4629
1531911,1895194,2300131,1714918,445506,5651926,909462,963547,600903,597359,833119,1611453,4614
769965,1317980,1461921,1381375,358974,4831439,736056,766108,410598,456027,1008764,846323,2946
963190,988586,1128627,1032538,352352,4837979,888271,925851,386248,446127,1636967,2335779,3905
1216391,913871,1589710,1130411,235892,2875743,268083,518962,243735,293319,1248543,2389913,4890
1424403,1469821,1826985,1364505,357485,4741580,734533,527437,314981,344962,998972,2278893,4575
1142142,1813635,1944712,2001408,562404,6308375,1130870,1186281,675845,735912,1542656,852593,2844
985358,1063000,1302164,729313,232345,3824370,716125,745906,329940,374780,1243249,2257393,3712
1248488,993463,1666970,1190308,242465,3603065,274428,509496,200245,297841,1170239,2351594,4913
1351357,1072985,1653788,1207357,343329,4457894,712924,519441,277366,277087,973079,1676027,4918
1191821,1988639,2014002,1571229,348896,5416159,713030,744209,624075,656391,877831,859234,2931
991471,1104697,1357468,1019218,350920,4386923,915500,955657,383586,446131,1678621,2407508,3785
1175802,967832,1586292,1144082,231251,3522673,269572,518379,227595,325239,1246641,2355415,4874
1334098,1116809,1693648,1229722,349130,4339554,718453,519604,229297,217471,875557,1550541,4656
1326882,2093628,2179936,1680193,349935,5611764,712273,744142,668157,726112,1315155,843411,2886
1006089,953183,992642,1021004,237405,4476578,733644,767676,359341,406394,1334411,1610195,3929
1272427,1296548,1709366,1016453,163317,3175561,492236,643958,321015,369593,1253220,2302889,5006
1599957,1186756,1976988,1367122,446954,4403959,705886,515520,257248,295997,1289627,2438155,5890
1264299,1775536,2078998,1625820,359081,5530042,735915,769478,629294,658879,1229537,853242,3015
1073200,1076848,1059547,1100171,234657,4801177,700543,730471,421900,453222,1363361,1676980,3973
1271242,1332314,1704111,1010899,233493,3265150,504306,530011,369451,401878,1367405,2397342,4824
1249951,1079623,1710221,1226549,358802,4034048,508608,528074,194650,277538,880954,2297834,4609
1365877,1544085,2225402,1901366,543186,5937688,1091630,1143981,626182,631553,1519464,857914,3835
1137156,1457041,1208126,1229866,237210,5051665,726742,755028,511486,561153,1472095,1579528,3842
1289626,1271253,1734999,1005026,238790,3226709,487308,501622,333213,370851,1249693,2360914,5206
1225275,903304,1589911,1103971,341331,3969364,494738,521768,135781,234237,856460,2444183,4698
1087080,1221469,1684916,1237481,352347,4347427,723357,755135,279586,272590,561415,868247,3703
1201690,1593235,1671082,1321588,350585,5818088,915862,954022,654933,707160,1952526,2394189,3686
1250415,1165356,1668659,1113975,230994,3329309,314912,528007,334678,382452,1337108,2375633,4856
1192552,977612,1626564,1154339,353452,4111482,499406,518613,138820,225711,827865,2270638,4827
1042158,1069126,1650893,1170664,342179,4228022,696342,728089,276546,273156,524908,865962,3842
933465,1560114,1655482,1328394,356478,5681188,740715,774702,678921,728592,1657086,1595530,3014
1649002,1257098,1729818,1257549,237553,3914962,487371,738215,383092,423735,1618683,3156838,6192
1240469,1076268,1604721,1153939,340576,4190292,711219,514089,175400,214978,923260,2467237,4903
940750,956579,1598419,1139620,356078,4005287,732837,765229,227722,240434,435191,847585,3101
934697,1523601,1613654,1284343,350257,5574669,701943,732171,572174,621015,1544254,1650690,2986
1334529,1242797,1401778,1050407,124847,3996822,495682,762471,376261,419351,1381444,2392909,4769
1268878,1259004,1708551,1242496,352328,3882230,497545,282937,268246,308737,1217709,2286934,4980
1269699,1253288,2011218,1404307,446020,4527385,900569,943606,292652,350446,534589,1613334,3955
868867,1304924,1524406,1359847,452723,5558940,937766,978575,504056,561501,1748910,1606362,3071
1415182,1598999,1859797,1159291,124903,3996005,488629,730425,491630,534295,1409666,2357487,4786
1240303,1301886,1651811,1186390,326002,3800986,490567,286213,262975,313834,1263926,2347219,4832
1191131,904413,1587816,1135249,352290,4093927,726435,758383,180745,216103,443601,1551078,3947
814621,987345,1298750,1189036,458407,4847407,906044,943613,383442,444909,1321547,1681752,3111
1447073,1850946,1936667,1234448,121928,4049822,501215,764903,560811,606190,1554236,2384405,4460
1268195,1232621,1709323,1241519,356385,4451488,499980,286917,192925,288525,1256489,2333649,4963
1214868,956920,1602801,1116760,344165,4022555,703025,734887,248239,238153,486398,866841,3946
720884,894773,1218996,1157841,339068,4248398,705188,735696,295337,322415,965244,838535,2773
1559616,2068572,2079240,1339185,238733,4720883,718702,964571,627488,682927,1882453,3088349,4453
1297225,1308429,1720342,1233040,342894,4473160,487626,283533,237237,327088,1321366,2441981,4997
1217071,1111305,1647671,1204916,353049,4335987,724652,752948,283579,254015,506106,862095,3829
684150,541077,1216245,1098380,338573,3780941,674425,703417,233834,279937,1166466,871624,2962
1504664,1676637,1628716,1031496,126568,4815296,731085,768661,584055,616490,1583581,2387232,4705
1536590,1412224,2052041,1477246,420385,4437426,505541,597772,336660,429990,1222010,2200160,4242
1579991,1363318,2047997,1435868,447526,4967986,905976,725196,325494,320709,945728,1658055,4947
678910,630677,1209184,1121862,347941,4128822,725830,758291,241905,280033,1162225,849319,2845
1468923,1726350,1917533,1180253,231272,5273885,934245,960051,551454,596417,1424954,2419641,4748
1388816,1512881,1799643,1319547,339018,4269879,271389,283639,377089,492199,1433838,2410581,4531
1270096,1292735,1724613,1288810,353547,4707828,725186,757770,276937,237065,553317,1542743,5206
733667,620525,1568129,1340596,459215,4430228,909936,947984,278265,320627,1167291,884904,3111
1425463,1270972,1435474,839565,121650,3983273,724722,765512,390631,442612,1382646,2401052,4734
1434425,1793922,1955472,1491030,355639,4677841,270473,282469,495735,592269,1488366,2293721,4411
1317530,1281200,1733848,1256957,343990,4401304,702873,734522,295189,274651,565622,1673545,5137
684910,968366,1667898,1210416,355406,4210883,737609,769410,317829,344052,895968,868807,3011
1382505,999710,1336138,960055,241981,4223033,733866,960500,373187,435042,1648233,3113378,4720
1537050,2035162,2054087,1590207,336043,4952452,276110,285565,605201,696828,1624176,2407086,4815
1296941,1402433,1779188,1326441,357539,4485440,735918,768195,317085,297631,632809,1567304,4667
658561,957392,1668427,1214124,348811,4138682,696270,726146,310265,355459,923170,864034,2834
1020644,772419,929921,708034,235433,3966658,715322,751918,269089,317704,1248216,2290922,3433
1852929,2201408,2516825,1914531,364475,5154279,512257,519286,642569,678859,1920416,3004072,4985
1292022,1185455,1681889,1206271,339802,4230017,691600,723196,276311,305483,573409,1640556,3978
686814,1096782,1591693,1206570,339191,4351149,704060,734738,320488,392281,906708,862816,2972
944201,744964,1242437,909123,344978,4735193,917167,944135,323286,363789,1148582,2331403,3857
1488073,1677459,1900464,1433904,235454,4151412,271275,514737,547209,603897,1560999,2457165,4747
1333772,1503477,1820825,1378974,351881,4870318,721993,508250,284492,317110,998112,2231473,4608
994292,1310482,1765868,1556874,466727,5188811,923342,959607,403402,467472,949189,882875,3073
941209,745083,1212958,645445,231220,3508925,719746,756500,256706,288100,1210977,2351591,3843
1402369,1457366,1805621,1350845,224514,3791539,270107,514606,418799,463514,1298862,2210580,4667
1478732,1862488,1973234,1488893,345250,5095745,702533,501953,423390,457592,1181719,2444451,4590
972095,1276976,1690332,1224500,352356,4414530,734980,767263,330935,367865,547029,856644,2919
957408,783233,1263347,911774,349323,4264547,923810,949067,345569,384098,1555747,2321696,3801
1345538,1151325,1657554,1197913,233209,3564919,273383,513818,263205,351307,1282843,2419767,4429
1485518,2086983,2038080,1587177,352434,5536222,720225,516066,603328,567455,1236713,1544768,4291
1074067,1438302,1789689,1326596,340828,4428674,680570,707760,394452,427466,778663,866851,3005
705843,854976,957949,968674,341834,4141855,718596,755044,342762,379225,1303906,1626399,2972
1647458,1381282,2129428,1286843,248209,3719960,498632,752376,317812,430038,1607739,3058570,5555
1611444,2124415,2125754,1642892,346852,5602986,704047,505333,627251,593326,1317609,1691306,4716
990068,1098473,1696294,1252274,349018,4449635,722412,753996,324216,377143,941409,884510,3025
1024340,1001176,1012358,1085297,241241,4464517,710427,730263,396366,442813,1357231,1634868,4001
1580989,1221520,1975205,1150622,309490,3541275,688514,774932,327734,370934,1210562,2414402,4698
1538237,1942307,2028230,1577064,358587,5373500,509796,287014,484136,555501,1553343,2277293,4783
1419444,1573735,2265197,1654341,472549,5333241,931932,969479,496048,490873,1078720,863356,3871
1042462,1078906,1041809,1082052,234976,4651608,732438,769809,399722,431824,1408403,1660705,4007
1280073,1020505,1664922,927128,237933,2871205,499321,518698,288774,332833,1207345,2304132,5073
1459985,1560699,1825624,1350578,342905,4735004,486583,506870,315434,415199,1053879,2429694,4526
1169801,1830728,1918991,1471735,348533,5191426,724481,756198,569637,542266,782181,844810,3674
976737,987502,1368748,1265486,352434,4935243,929612,956096,390348,450064,1606226,1611100,3606
1211258,1031004,1627321,921226,235433,2973049,487228,513708,271696,321734,1231905,2427698,4812
1310429,973944,1610288,1172686,352529,3621523,493980,279620,222895,267455,1197825,2274879,4607
1564903,2100428,2074985,1587552,341895,5503716,693006,721634,589613,618981,863042,1654719,3831
693650,1086381,1327037,1244031,345812,4492103,719779,753466,326961,388854,953948,879869,2988
1229552,1059944,1619431,936188,236257,3635403,716292,967457,336597,385927,1542764,3043865,4803
1326797,1080848,1614190,1135462,328362,3626895,483991,283493,213400,257275,1231975,2377687,4703
1801308,2233731,2429021,1862963,480344,6082905,742081,774537,586113,677705,1218282,2319836,4797
688653,1053142,1319225,1227312,353845,4209891,704445,727914,321510,373271,926024,861082,2973
1290618,1326977,1712506,1037066,330205,4719741,925123,982480,414138,351579,1287078,2406384,5088
1512297,967540,1910839,1326306,351696,3775568,495353,519029,171904,264105,1467026,2958586,5591
1497161,1810002,1937119,1461920,347420,5049611,704463,735250,542637,536442,792832,847689,3613
755229,1299089,1422119,1340480,339485,4853399,712594,743710,441072,480012,1152084,842479,2818
1004001,1161357,1356193,747485,239862,3951384,731814,750863,335924,374174,1264352,2368898,3874
1208998,911864,1593364,1133197,231424,3417458,268124,516536,201211,293890,1230472,2435005,4867
1379203,1378050,1767510,1327845,352733,4737759,724235,518651,365674,335225,995073,1557671,4613
1165156,1653554,2009230,1778340,472400,5668232,931120,961916,599589,646735,1488323,857838,2980
1258495,1077121,1319109,760781,123999,3826932,712795,754211,340486,399609,1337549,2381633,4864
1203024,1044541,1636129,1180085,306880,3600468,272103,348571,242303,348582,1175520,2194171,4888
1356735,1100902,1672833,1196915,347760,4133063,701884,500666,206711,173586,876031,1678378,4612
1227205,1883729,2062225,1608577,353237,5457956,735707,770005,664851,715755,1291292,861557,2907
1280937,1020728,1314282,968382,237846,4349996,949123,975101,367491,417973,1586540,2349710,4969
1276931,1125141,1657428,1177154,340164,3602555,265864,281805,205374,321414,1272710,2504189,5222
1256875,972878,1595130,1130050,351463,3978029,723793,756958,216349,186204,496872,1554698,4531
1106425,1878777,2097736,1632691,353970,5446048,707675,730842,674237,716188,1311739,867741,3016
976595,922639,959662,986138,232067,4297866,720969,760834,329531,364044,1288794,1640203,3790
1924700,1456091,2085607,1463749,342266,4466094,715466,753605,385757,430463,1933803,3731658,6868
1236614,899216,1569177,1090355,336344,3848452,694308,497857,111328,145350,819292,2436957,5049
1209257,1771817,1931597,1480536,353516,5275056,730413,762560,569363,610874,791081,866106,2949
796407,1221590,1113743,1155293,355369,4748255,713554,736271,434411,486765,1380802,1575218,2837
1272933,1254979,1648431,1010165,124128,3489196,485083,753954,378690,416282,1349575,2442065,4937
1188467,885330,1554084,1110048,346362,3481622,497672,284271,174747,215319,1141530,2196007,4622
1397888,1590395,2149717,1557772,461415,5044625,917019,957154,392890,433132,622552,1624280,3677
848799,1497107,1196245,1229135,343326,5088794,725105,757156,563470,611723,1543695,1539370,2763
1294494,1114003,1359418,776321,124810,3901166,719672,741701,331511,387767,1281070,2368495,4937
1220989,1010662,1630250,1157566,342359,3553660,268945,279157,215192,327959,1259254,2460532,5185
1308397,1021753,1579856,1113612,350860,4123253,718530,748733,218431,199258,523154,1543084,4457
1159556,1900377,2045182,1850244,456947,5972681,902777,934026,693665,745303,1607564,864498,2982
1240036,1017069,1296309,743258,123267,3667657,719259,762376,319554,376009,1319420,2392700,4797
1193816,1060404,1662897,1193170,354262,3698382,280446,291328,225816,329189,1194681,2291090,4885
1298332,1082735,1645206,1167955,340124,4157801,693976,726655,223579,205195,528717,1644872,4799
977456,1908455,2059618,1605966,350649,5459888,731393,762989,654965,701339,1269222,868220,2920
952719,865824,1051471,971542,355006,4588298,899677,926207,367962,417238,1571931,2338938,4109
1617703,1553424,2078790,1513941,334107,3175867,273438,522415,433557,503577,1741875,3143730,5768
1189557,894523,1568187,1118575,356825,4034275,731577,527864,144262,169813,811909,2259553,4645
1201359,1804182,1961858,1490830,343016,5267362,691795,722168,558709,622016,804255,850360,2828
767617,1084584,1065958,1105881,348793,4703645,734085,768250,383361,426136,1371863,1563957,2929
1571058,1445547,2076571,1228975,239453,3885733,497026,741647,317610,427654,1588555,3034152,5695
1227990,920415,1551035,1089684,325743,3957586,671896,483466,143514,164014,838913,1844410,4565
1092523,1504189,1797764,1337381,356458,4761077,733328,765538,429008,467078,638704,836756,2901
853138,1421718,1549880,1471289,350157,5041763,700366,730873,545483,593373,1528744,850651,2833
1226339,1023944,1288033,707141,124277,3634586,728401,763273,292120,333500,1261933,2365466,4640
1217192,939612,1635916,1174978,357149,3592125,268521,277169,205301,302255,1187631,2317057,4859
1378876,1329463,2025607,1412612,446715,4517673,903168,950164,315746,294108,550199,1637830,4588
938635,1635894,1639828,1411447,350992,5541338,732077,766917,657068,703516,1635166,1500779,2976
1330321,1166437,1391241,762013,124303,3776061,726775,748420,357351,390395,1287470,2430151,4995
1231472,1068060,1624986,1151595,345145,3606456,278409,291103,231167,329280,1280232,2442055,4822
1274545,1062858,2029523,1455944,474249,4739152,966099,1008100,289424,266376,853173,1595055,4439
1279145,2101965,2106509,1885923,449927,6161305,906476,946031,703542,756488,1269637,856742,2906
1201392,937744,1249326,721065,239278,4421932,934498,975314,368945,414661,1597360,2960026,4939
1241661,1246160,1714420,1243398,239385,3640837,271681,509533,292799,357125,1214913,2325377,4935
1233139,932461,1545486,1077169,334660,3789475,689929,501372,122183,169057,855380,2352588,4492
1212597,1901561,2019007,1553836,359427,5493910,737740,765362,565267,615718,806931,885480,3052
1016726,1165024,1397170,1066817,351253,4562980,927372,958355,465913,516391,1732161,2424472,3894
1236160,1267129,1655242,1209127,231823,3726826,271540,509285,272350,383398,1294210,2327877,4801
1227814,848366,1567245,1095789,352117,3966513,722665,516260,174715,167036,796883,1540945,4511
1142023,1478848,1793042,1325117,341071,4780754,700774,739639,452731,448920,694526,873115,3738
866006,1501901,1577228,1450855,343682,5284883,703050,731967,537282,580491,1457131,1015331,3017
1600184,1290692,1720227,974473,237554,3750650,715786,739418,404030,452489,1666614,3170767,6093
956233,913484,1702767,1223138,354746,4152221,705908,732511,282492,323499,851343,856681,3023
1028453,729383,905268,910458,226519,4272821,705944,742330,329036,382898,1304355,1620814,3796
1497778,2027281,2063013,1341927,237785,4484701,502465,523384,645511,675266,1546065,2301067,4461
1276605,1229987,1686590,1214354,346552,4403683,486835,509650,201385,295769,952797,2446032,4692
1082205,983165,1580493,1139711,334724,4348456,700034,730788,289425,274199,500624,852901,3980
1025250,790260,1270724,1176532,349439,4792585,938872,967335,337435,380483,1547954,1631182,3924
1568817,2130855,2049938,1333248,229257,4498059,490005,517289,663036,709504,1628790,2445909,4578
1518539,1422314,2045198,1481208,348654,4346785,497721,748715,291863,387366,1270058,2883711,5643
1001208,1262766,1706940,1237525,349849,4348318,699512,726858,316298,278321,513146,845913,3923
664009,560127,1184221,848977,340074,3873431,718403,758708,253469,304175,1233448,1587426,2892
1799863,1985216,2042713,1423470,245628,4585153,556652,763673,632630,680924,1841851,2999233,5083
1385964,1428699,1816390,1330097,345575,4728353,491728,514496,325536,409711,1011240,2460642,4993
968419,1272075,1667942,1213843,351458,4257766,732501,764503,337780,314055,540509,840393,3875
615146,553816,1220952,898141,353414,4024901,714111,734032,234879,283006,1161784,1575945,2789
1426985,1252231,1426592,1096829,125340,4163654,485972,742882,449846,504319,1419937,2402952,4558
1711181,2077573,2322616,1740985,470163,5166818,724235,520597,486826,526783,1479954,2942898,5073
952470,1181885,1665029,1207043,349472,4347583,698881,723259,311045,301208,540557,860561,3457
618612,600301,1219414,901750,337182,3987467,713949,755688,255240,315165,1251802,1598256,2760
1368726,982166,1304139,967446,124091,3767585,498565,751466,296765,320111,1177827,2261631,4511
1579293,2174469,2112278,1628038,348124,5061223,490462,282513,572296,613476,1654227,2486503,4799
1254571,1274179,1687809,1232523,350628,4552700,721834,753601,287450,324496,559745,1601774,3918
623912,838202,1241535,1162847,465700,4726513,931182,957753,308077,349065,1180636,1601000,3000
1310426,910407,1517487,870459,124413,3151603,484974,739728,254601,309058,1228659,2437264,4687
1498083,2111032,2033183,1593722,346735,5147050,505276,283368,615667,657059,1603987,2208515,4246
1608931,1562345,2147041,1551264,353839,4202229,708616,944132,372534,418267,938825,2349740,4942
703726,1081503,1329839,1230620,342736,4244576,725307,765438,326234,389699,943197,861564,2975
1224017,886314,1576327,869227,236218,3500395,720874,980353,296375,334190,1466039,2974355,4830
1530846,1776461,1939386,1455672,346389,5310519,493869,283902,458726,557156,1585406,2456583,4599
1323816,1456274,1801330,1340264,350658,4692102,729207,763783,374514,360657,619212,886366,3820
692744,1100997,1305041,1209699,336303,4396234,681760,704969,314853,374404,971512,883263,3090
930847,733250,1180808,616177,235380,3479098,710043,751330,247969,284254,1220446,2478186,3674
1665695,1671887,2138456,1576918,351239,4828475,497050,518774,372799,463478,1697467,2892343,4964
1477831,1874226,1964673,1485718,354209,5183568,707803,734826,541355,512746,778846,848305,3877
664044,908380,1314706,1226156,340051,4422821,718319,758140,312003,354250,1275579,852117,3007
1201641,804402,1240159,651124,125569,3599177,722818,749471,283889,330650,1184657,2248503,4669
1335392,1201261,1623261,1158869,275548,3659350,271357,392241,237171,354309,1235876,2316487,4616
1756980,2234018,2379264,1811274,466891,6076795,966967,762098,679288,648973,1265661,1622282,4752
712337,928141,1394161,1313589,359562,4579606,721090,742449,341415,396853,1301842,898771,3184
1226264,1119048,1634910,927075,235624,4132269,935001,989452,332448,404344,1249315,2441579,4802
1280054,1024307,1616695,1171860,352233,3717164,271670,282175,232790,319714,1198991,2214182,4436
1932732,2374036,2544902,1659498,348743,5740744,904266,936476,735431,708722,1324634,2389261,5891
858818,1034155,1678661,1232171,331739,4323387,696757,732252,296625,341397,937203,890030,3134
1297078,1015293,1316819,952958,238909,4482706,947656,984769,382369,441892,1606627,2310093,5011
1252273,1040098,1647664,1155139,352226,3499024,277895,290271,185563,283657,1235796,2480578,4706
1486251,1824950,1962563,1517667,351996,5499292,733273,765395,542803,514674,811085,1569398,4215
780515,1299360,1833657,1349193,352037,4757362,713689,735475,426157,471573,1014607,858909,2927
980118,982664,945318,732285,229946,4389212,700332,741017,341994,381056,1297214,2433145,3799
1484735,1027177,1910689,1244298,352136,3358214,294179,518313,253439,353114,1513833,2916728,5492
1433367,1572510,1856492,1368507,354445,4676398,707727,734599,386746,372139,676210,1596719,4788
900728,1778857,1988278,1530323,345063,5265854,727902,769681,626655,673367,1225604,873130,3112
982671,920965,947055,741458,243201,4482318,724715,751154,331371,382133,1263459,2283748,4305
1235828,1032833,1644459,1166174,231716,3059404,270364,513460,271186,320432,1238211,2424814,4811
1599642,1147928,1920059,1348620,461921,4716089,956428,762945,232355,252826,869175,2297489,4728
969530,1957898,2071387,1626848,349353,5703677,703481,724021,655111,691179,1193538,888814,3138
1014893,888917,957815,741935,237516,4544359,719296,757375,326962,370691,1366674,2512080,4248
1179898,1006360,1602316,1159197,238325,3039244,269335,516040,276465,328235,1213070,2235028,4814
1325708,1092762,1661508,1170866,354217,4118633,708867,503530,159657,191041,847373,2437887,5045
1587976,2275381,2403564,1544018,344388,5464304,940894,991370,726363,771934,1271813,1624093,3872
969725,1028858,1316336,949844,352283,4135942,946771,984548,356089,402014,1567281,2257266,3886
1267816,1279567,1659060,1190424,219738,3337880,272808,507653,324513,354167,1218049,2322739,4727
1209356,875701,1545993,1103338,349033,4036876,729047,523499,127459,170453,848111,2323587,4722
1223524,1984457,2024650,1539838,360361,5344253,726634,749718,566702,622533,805805,877352,3003
762893,1081314,1039501,1071487,333100,4667577,690803,730845,418350,451633,1365120,1605465,2995
1524101,1414154,2029106,1216052,239013,3860730,497064,752723,321076,428248,1599276,2943913,5587
1279207,1036031,1623844,1154277,348617,4014076,692485,498285,202515,183053,822982,1621067,4922
1129935,1571870,1818837,1355320,329707,4900202,696416,734969,476452,515482,832143,867378,2928
852228,1433887,1167857,1200172,355722,5081268,732295,761278,537470,575620,1475421,1558500,2980
1285560,1257309,1701491,965973,123050,3302054,490287,731319,314363,356061,1289541,2473095,5220
1445529,1037324,1909097,1342206,463170,4570245,719959,515793,180403,211072,1192608,2338313,5835
1112539,1155693,1706704,1218873,351567,4147070,710139,730333,311913,367442,897774,873018,2934
1220627,1651796,1266087,1285790,236110,5426442,703375,748080,618967,661989,1615887,1660598,3743
1228410,1269369,1698962,995143,209759,3364761,502528,582389,326912,378387,1248128,2254673,4689
1232518,1059480,1640263,1164553,348869,4059455,481062,279111,163936,257260,1210440,2391811,4836
1300084,1073883,1959907,1393278,450524,4687105,946711,999403,347117,339119,889778,859572,3713
1588544,1763892,1335032,1391777,242022,6604033,952882,990391,771083,805955,1949550,2264074,4600
1312553,1349176,1729109,1021522,233469,3452343,484786,507198,337956,395015,1341592,2435312,4920
1202260,1126828,1641619,1198517,349186,4338581,496770,520060,194260,295229,892340,2341060,5106
1069159,975524,1611898,1142811,353487,3978741,713865,731513,225295,205448,467084,884645,3900
910462,1554128,1570990,1500131,341993,5330744,708812,748068,609972,651829,1579700,853155,2861
1589559,1368492,1757119,1032752,241905,3957710,734169,766418,442257,495527,1716285,2971775,5107
1304673,1274667,1700718,1244391,350477,4412001,486094,506021,197320,276265,894704,2406272,5352
928799,929000,1562094,1120741,334437,4026509,706418,743920,275696,242670,495324,852427,3931
868725,1337502,1496551,1150247,357570,4826575,733461,760546,449732,495670,1380112,1601294,2981
1455355,1620025,1543723,1140769,122770,4447762,507586,735056,533755,567694,1479625,2436937,4668
1478396,1373745,1962640,1416666,446429,4298482,512418,521897,266473,355401,1231519,2938199,5945
930116,940318,1611312,1145727,352141,4016556,710372,729493,235406,222298,472752,854862,3911
757170,778909,1316694,1005164,338771,4435807,699040,737277,380214,418001,1340416,1667482,3014
1503806,1879683,1684149,1347023,126471,4942165,494681,754291,649240,681782,1559946,2270166,4577
1582569,1429399,2101134,1509600,470734,4319988,705260,510010,267559,320621,1308276,3216801,5719
1175818,1124547,1917805,1350370,444948,4453520,936979,990504,271875,312284,486470,1607979,3884
1000323,716488,1155018,903461,354221,4868412,927374,962014,350851,396967,1514955,2237069,3661
1634802,2124924,1730726,1389321,124042,5037643,492340,737410,677491,731725,1704011,2443226,4714
1228997,1180584,1637384,1196283,347328,3871499,498549,284801,266628,300276,1267038,2266280,4560
1264783,1145996,1667680,1211266,349701,4268603,701419,724359,216693,262713,514656,1592246,3987
660332,711313,1201864,1096017,339881,3977819,705283,741421,248294,295346,853815,860868,2927
1515253,2012415,2034923,1325262,237952,4713322,729966,994028,670039,709896,1900771,2947214,4664
1330721,1374618,1774822,1313600,340574,4153847,490442,279921,353797,381831,1295366,2345861,4787
1282680,1253571,1686413,1216836,342760,4257314,723123,761010,274239,299752,555842,1649229,4164
631022,761101,1255500,1184304,352616,4087427,719788,748226,256062,299069,833097,875587,2994
1168437,1375315,1469826,895993,225715,4247102,685373,718741,491167,537578,1453274,2392526,3953
1689154,2133137,2304036,1731076,350767,5046245,505566,528562,481372,597932,1904070,3060447,4873
1251963,1236794,1675911,1216897,351089,4268899,711940,733217,312937,292981,529316,872431,4145
614296,717673,1194200,1093191,336341,3865668,698488,739398,235643,293239,1069683,861576,2944
1081377,1052683,1339811,777673,239513,3943881,721485,756713,319105,342700,1233218,2267327,3846
1536003,2117796,2079530,1610378,238164,4835208,272042,513129,572470,677550,1598713,2428563,4442
1556692,1390158,2038865,1467487,453005,5019723,952415,765305,343900,318825,931584,1600548,4887
608655,636078,1255969,1175880,353979,4238556,724763,749272,244118,285095,1148677,858833,2901
1310089,867338,1249241,668307,224410,3985152,889714,929250,304078,349659,1561781,3123249,4766
1520739,2122848,2059492,1621708,339848,5081289,267852,302382,643812,755793,1696437,2347739,4625
1335207,1322519,1770771,1281727,355789,4335508,717263,514184,282022,258862,904827,1626983,4839
984762,1002998,1660228,1408953,450977,4627699,927625,981204,361626,407039,1295011,908568,3119
1201310,740693,1180284,619403,124871,3493146,714478,743779,253173,292255,1152426,2208002,4520
1533539,1905642,1995272,1530195,353961,4586868,270013,280514,539158,638264,1561960,2428982,4789
1336643,1488954,1806647,1349979,344479,4636811,725249,763719,314244,301564,608812,1621674,4572
706673,1086913,1707886,1250449,356648,4337932,728522,757281,327628,369568,909782,868783,2975
950087,586433,835104,855118,222611,3880182,676340,707733,228814,276645,1189249,1695343,3792
1687315,1747358,2160321,1389409,349535,4322690,493962,517426,455314,559297,1777092,3050738,5324
1439642,1778581,1930603,1460963,355449,5121750,719746,742628,472605,457906,780096,1630878,4595
654520,1048853,1629754,1184257,336510,4279751,700365,740890,306738,343428,890734,855405,2928
874025,534360,825886,625635,239226,4062146,723779,755254,251747,296669,1159240,2196058,3472
1411137,1342613,1755020,1255953,240478,3219186,278556,521728,352285,388329,1318399,2402328,4586
1751928,2207788,2340332,1775487,443369,6074002,798965,769135,574808,612753,1216043,2328568,5524
690073,1156638,1756986,1268201,357369,4424911,733282,758424,335417,367094,881072,847249,2919
930489,667494,871487,903935,337389,4658521,891331,932776,351905,404854,1633084,2420707,4013
1274626,1076941,1605646,1156207,235400,3060306,271191,519727,289382,331831,1225830,2268691,4495
1601624,2275238,2151945,1692610,357843,5784350,722970,516043,563316,579188,1235263,2391685,4688
1006078,1294720,1941279,1495415,437308,4938825,896943,952294,413601,468052,943015,886417,2910
926522,757641,903931,698587,239446,4207009,723546,752796,298601,340339,1203534,2231965,3689
1303604,986503,1639244,1147987,237736,2870336,272290,513331,217503,265097,1182900,2422067,4962
1522519,1921275,1968730,1520617,340505,5402381,715084,516350,468304,489077,1168509,2386795,4666
1045067,1349738,1765608,1308332,352020,4609057,720814,746658,406785,458696,669397,864042,3002
701199,943058,929148,966925,339438,4283719,691273,724999,314409,363171,1301090,1656110,3081
1452138,1041835,1879369,1097124,235620,3027174,496939,754824,300820,350877,1545841,2994642,5529
1431600,1650888,1881977,1402832,356913,4937934,721908,516794,359175,381775,1038614,2334266,4528
1150974,1818017,1909271,1434981,343134,5240485,712045,753349,522487,559782,712829,850669,2811
676484,933318,944427,978157,358270,4345440,735232,764790,316927,353725,1257625,1562673,3008
1228453,953991,1600903,867215,123676,2842195,481802,722484,232978,270801,1168758,2398555,5067
1649112,1318108,2051078,1466679,452081,4787880,726288,530068,308138,326641,1308780,2390591,5586
1487918,2243770,2454783,1844017,475724,5575308,734336,761104,687752,724017,1450416,1591704,3717
687271,938159,973400,1015841,340712,4436640,693006,723075,348900,400391,1337703,1671528,3035
1146486,995334,1576558,1161389,227153,3728950,704913,973833,344951,393755,1565034,2277913,4549
1332361,1046361,1631252,1157954,351354,4022126,488105,280100,153302,244433,1189038,2329781,4488
1605287,2192459,2441283,1813539,442809,5950676,917106,971776,734497,729148,1298896,882523,3849
996091,898372,967257,1006112,245720,4425629,736280,770972,326842,371157,1258938,1574201,3862
1281227,1171546,1691401,969773,235983,3015167,484781,516424,301042,336047,1250092,2438902,5093
1212383,875318,1503268,1084553,325051,4015172,466833,301898,133350,226426,1142534,2285197,4863
1554503,2025271,2073904,1617062,356229,5395803,733497,761290,645387,628302,878764,856255,3764
1038897,1075113,1395498,1289655,339764,4945066,906235,948272,411374,460156,1695077,1640867,4067
1192762,1205391,1633336,969581,236063,3146267,488991,510759,332099,374098,1255984,2252971,4625
1235181,934947,1613339,1141348,353602,4075197,493037,507712,122710,215240,828827,2319210,4489
1191535,1818321,1935097,1461147,344124,5000336,714469,755569,516054,500322,754000,884302,3735
803164,1250636,1476646,1333161,342146,4942144,705080,735997,525352,566429,1429220,1048900,2863
1311618,1154893,1356914,764489,124645,3809442,708538,732871,310910,352760,1284675,2444807,5253
1459771,975583,1887922,1319892,450721,3898908,492723,521549,159409,273327,1219797,3141245,5448
1121522,1432256,1793675,1290488,349679,4489663,719879,745511,368836,349054,636974,890291,3723
869617,1601539,1601641,1266176,345284,5227454,702877,735216,589410,629863,1564671,1658662,2959
1232621,1042487,1298341,975216,125560,3963802,508082,765390,324766,368960,1298803,2334898,4845
1200004,999078,1999072,1434073,443539,4265762,557334,490192,295745,405936,1519098,2259056,4919
1324545,1204936,1942134,1353355,444794,4598621,913748,966357,276929,238824,490224,1644661,4471
958094,1820720,1705463,1384106,354857,5585586,727834,761893,680757,723940,1604598,1546807,2909
1319417,1072649,1355787,1016401,127353,3983467,500167,741646,336420,377797,1306463,2425128,4857
1203365,1077635,1596869,1149488,339218,3562525,492969,283692,233398,259203,1249878,2364452,4783
1263978,971289,1601348,1144229,351756,4014543,724251,750917,213270,250975,500908,1550909,3702
960486,1971233,1840515,1608865,453295,6096900,914684,956507,721329,779457,1664945,1638880,2917
1272982,1106923,1345394,999049,125303,3890443,498761,754778,351431,386530,1280580,2307647,4748
1361194,1371595,1766795,1283151,354404,3747411,491639,277287,297128,328908,1279758,2375411,5117
1277873,1003934,1610201,1156206,339120,3997161,700272,743266,236419,276117,535407,1663072,3775
876607,1627559,1543517,1503051,357522,5094896,730194,764681,561267,600047,1155633,863894,2968
1435095,1755051,1913596,1180346,241397,4192786,707618,960823,502689,556618,1777627,3195133,4681
1261376,1276543,1690747,1232331,337019,4360336,682244,511228,243359,329268,959964,2437036,5254
950152,899060,1599193,1141394,351091,3970265,722996,759438,227522,210888,482287,901017,4104
825647,1089158,1416627,1056799,355908,4580513,710222,741305,397161,439336,1356776,1684304,3072
1165068,1741036,1581886,995001,239656,4605389,728145,762084,568794,622621,1558405,2350649,3822
1294113,1300929,2116073,1521019,343418,4616235,479477,723320,360455,459273,1612275,2337054,4847
1498941,1161058,1962970,1377151,448203,4620495,923695,749715,284531,253191,864184,1627896,4872
789640,984122,1324819,1234323,353823,4263660,726282,758094,325824,364836,1212204,871862,2972
1276582,1969549,1707188,1090816,220870,5034916,697012,721274,643799,686060,1607625,2352205,3704
1280245,1264934,1708305,1253221,233769,3878223,271467,530917,299507,403708,1330496,2403404,4958
1237941,1141431,1657999,1175219,350166,4063824,723754,516948,238595,210145,851955,1564499,4652
948435,754837,1554057,1337821,451379,4438554,908423,948331,289729,343083,1212681,867781,2826
1502401,1868256,1645862,1091452,124794,5185328,741178,773794,665397,711972,1622565,2342042,4711
1297327,1290959,1742525,1280636,355749,3860285,268712,281991,277527,388728,1271225,2337314,4688
1221667,1250218,1666153,1197976,329115,4279363,681998,579940,284734,262020,795343,1537319,4832
931629,720984,1549681,1095695,352390,3921249,723510,755045,207545,248834,790383,855954,2954
1483766,1640047,1545671,1190884,236564,4961349,903599,934785,549548,599005,1797210,2360405,4576
1334839,1540930,1806631,1346975,342959,4104782,266382,279500,386926,478918,1409367,2398454,4475
1286088,1315102,1713095,1240456,355189,4364985,728488,758480,277757,245099,551218,1587547,4957
961471,745415,1622409,1149492,340394,4502476,907707,949043,305423,360064,1223845,1652618,3966
1094880,1114781,1047176,1023923,223214,4666367,695252,725767,424815,466290,1318574,1740231,3831
1461062,1949577,1993803,1272984,238397,4089785,498481,513120,545624,588592,1462306,2350887,4454
1838653,1641821,2414991,1721960,438606,5115451,700699,747424,334301,381981,1689765,3157039,7072
1200475,976748,1618853,1121503,351234,4052144,725444,751042,262823,239775,484812,870529,3955
724619,746857,1260672,1157062,341163,4205561,696651,729697,249042,326036,1270210,864493,2911
1517136,1968897,1707586,1123754,127805,5158991,738935,771267,690439,743454,1652119,2294028,4153
1297210,1272645,1732326,1266505,326714,3901331,269615,334437,266350,375492,1257502,2352069,4853
1514503,1247798,1960469,1370150,445464,4575088,923071,747312,258862,256427,864462,1623903,4804
717382,663435,1246419,1161344,352439,4213476,722112,753116,270673,312684,1196127,840326,2819
1586411,1945258,1716549,1112587,123478,5149690,710789,742487,663609,711821,1637686,2443817,4496
1255785,1227889,1696018,1233686,345272,3816241,271817,285463,283067,383385,1298345,2389533,4890
1227580,1217044,1718799,1239353,357374,4261569,730867,754841,261573,224513,523538,1578730,4892
764736,801803,1603142,1362893,448838,4454177,906092,948502,296189,368328,1267263,868379,2905
1487282,1813678,1635949,1057638,123820,4956621,729153,763627,588150,625082,1553599,2296689,4158
1312765,1377646,1773336,1302952,355265,3969374,264871,277010,337432,425437,1318223,2351309,4460
1270363,1226804,1644095,1187638,337161,4314957,705795,746564,266377,252685,585675,1667600,4982
664109,766904,1593729,1141153,353133,4168699,725111,756871,256579,300166,811603,860345,2924
1497256,1561643,1525410,1124602,234213,4943144,699139,952366,546390,601539,1812633,3212055,4545
1374671,1653229,1819766,1362538,330297,4180558,274280,282879,423523,536785,1474236,2300238,4299
1594269,1614326,2170086,1575922,463551,5373841,948613,981144,332523,264967,567353,1660507,5881
630362,740867,1558079,1075499,339398,3834678,694451,727496,251077,299679,834500,857595,2968
1115609,1100752,1042531,817087,238239,4769019,727415,759164,357143,421941,1330004,2293667,3678
1555355,2013495,2097424,1605463,245212,4273483,270603,520720,604280,654967,1572049,2433151,5068
1564069,1420780,2036168,1447269,443623,4769012,917761,743426,289775,336434,943595,2423957,4873
614329,850289,1498610,1134131,342491,4027325,704879,735989,271360,313894,793729,847825,2919
1018380,722953,884453,688676,240960,4300633,704553,734785,301373,355019,1295325,2419253,3811
1473180,2057181,2019012,1573694,236951,4479174,271402,530916,686290,724481,1653698,2373666,4253
1250508,1263612,1709430,1253361,352529,4409478,723367,515299,198992,234612,884705,2251505,4433
928776,1083098,1640356,1408504,452533,4596656,915610,959430,325343,388387,881899,859671,2989
945427,813425,1201808,641155,236124,3460811,721438,753025,240351,277188,1172634,2285595,3754
1561142,2128537,2031620,1572445,228938,4350510,268523,503274,633433,656705,1516412,2289653,4767
1280413,1239475,1681963,1207290,343102,4383858,712320,520445,197675,247841,952537,2474370,4366
977826,1272857,1693353,1260661,358415,4534203,735058,769465,319919,346461,534647,865934,3015
951082,695528,1205394,874132,352288,3856671,917134,955154,300801,346542,1569908,2443672,3788
1492981,1778469,1938111,1472132,236604,4475185,267646,526634,482303,576436,1534071,2429050,4698
1697299,1896498,2294719,1699593,465996,5644310,948531,747540,439164,409290,1039476,2266916,5384
989758,1291931,1664656,1180595,337449,4155360,691595,726541,325086,370709,798649,866870,2974
650447,576810,851535,859639,347504,3914024,722548,756070,231264,270660,1171269,1590391,2955
1475732,1361202,1784299,1077527,127799,3513766,495255,736284,414781,452767,1343343,2344479,4978
1775735,2207214,2343340,1744428,449961,5880549,705298,517805,508911,551267,1553084,2453145,5401
944369,1083940,1712643,1275310,352295,4477625,724072,755561,332386,385881,911743,827737,2787
943666,624978,889250,925795,236785,4020364,696923,726025,274498,316637,1209929,1615989,3999
1285843,1079939,1605643,935795,221814,3138171,492080,536546,265891,311282,1248376,2339297,4464
1558156,2212820,2119114,1633471,361779,5508320,503549,277198,528330,610864,1565146,2343936,4668
1303364,1198698,2073879,1465444,451611,4822225,912794,959498,381800,375015,957653,874556,3912
908072,716061,869388,911384,239419,4149705,730086,761968,273496,328344,1246490,1578133,3854
1287234,971538,1600023,861395,236400,2730987,487767,506307,248736,295844,1177075,2356914,4781
1568162,2121952,2024569,1571596,342304,5522917,498066,525401,557448,634865,1264385,2435398,4403
981441,1257325,1674962,1223471,356338,4324192,730735,762797,316501,285791,527017,847757,3638
1278837,1024811,1652960,1440566,447262,5397101,1099821,1144947,423763,497199,1619345,1688879,4003
1716979,1425671,2185919,1387300,444142,5900309,706925,744156,333337,600618,2192942,3858138,6626
1500060,1810529,1946054,1472069,349624,5235944,497662,518131,410705,506289,1083033,2276649,4609
1437323,1810406,2222233,1617219,434744,5429176,887620,722276,436645,419015,1077349,1588407,4808
683689,959347,1327794,1006967,347705,4565700,725198,759458,343900,377241,1280545,1567110,2860
1545561,911125,1590886,1117067,237337,3271242,491608,733938,294981,335478,1513774,3077676,6032
1401279,1502297,1768853,1319076,328388,4743620,556243,524952,279816,383772,959414,2347163,4899
1151026,1908972,1957286,1505552,356962,5247009,734486,767133,579947,544296,785153,857728,3660
667346,939532,1361215,1009000,346076,4266246,698315,728800,332620,386287,1299373,1642130,2875
1191901,918905,1260394,921614,123369,3517017,484520,747396,299827,342568,1231975,2315320,4862
1327172,989090,1597948,1148044,350972,3609839,499881,282765,209677,261032,1212624,2266301,4534
1552230,2366275,2468334,1851171,450680,6017396,920008,965948,678448,727668,884128,1626154,3676
656412,896721,1142197,960182,337451,4268389,706227,738125,325850,368018,1228018,1561449,2816
1226070,921482,1274930,922978,125579,3473034,493354,737874,276829,315893,1182733,2337589,4762
1321192,1106543,1633625,1164216,338572,3522011,490352,283135,232009,289679,1287328,2406489,4669
1557519,2153255,2079518,1600920,351045,5717755,725748,519564,595574,564526,1201719,1573968,4632
990890,1087811,1718382,1491022,452779,4809621,911108,949759,389055,430039,1287548,881535,2997
1252270,1104426,1353486,747252,124581,3820780,732597,769061,336786,403772,1335589,2343919,4760
1256025,895757,1602509,1141880,327930,3531366,269950,328934,197379,289673,1149025,2297023,4520
1518280,1816497,1924742,1455634,338012,5222868,700978,509472,495587,472021,1155603,1652801,4503
1356268,1582640,2186745,1635478,456848,5440339,722484,756624,381133,533389,1355262,1526754,3811
1291267,1134949,1345022,1010809,234995,4332397,917633,950408,392532,452108,1670989,2404760,4913
1215457,854497,1523572,1079552,336789,3408902,272790,288383,178648,267303,1206275,2362053,4304
1423075,1557142,1856709,1399032,352993,4965402,730752,519253,307919,337736,1001536,2287688,4726
1166957,1910237,1939886,1474513,341227,5237365,706327,744595,547414,549432,775330,865410,3037
677954,894794,1297980,973185,349474,4478794,727181,759515,308782,347552,1255361,1572288,2941
1233108,754238,1264151,936021,125922,3708549,491867,734344,263896,313385,1203539,2355736,5065
1649322,1314068,1996536,1422334,439422,3984782,701884,509183,248171,276052,1281709,3135614,5663
1193470,2102761,2025702,1575994,355593,5675569,736865,767891,646445,674744,832713,848954,2847
705310,945505,970789,1003214,348881,4244353,704883,736015,340128,373772,1297088,1654451,3007
1201040,942739,1558114,887595,124201,3066144,496557,754513,277618,312272,1240646,2341353,4638
1248893,1050787,1608483,1151921,336079,3543186,492840,276115,208141,238829,1139557,2202650,4521
1585446,2298174,2437732,1834035,446480,6072696,918172,972582,653200,690013,844845,1639998,3833
717276,910973,967272,988303,347244,4445383,727591,757907,317163,372126,1278419,1564414,3074
1281853,1181057,1714757,1000254,123901,3102179,489770,734227,311310,357144,1254630,2371757,4796
1268351,951267,1574463,1101983,336885,3873034,492762,283932,122873,220550,1238256,2401355,4580
1732638,2102234,2330727,1782868,351245,5318092,725406,980361,599993,580854,1083988,1492278,4334
734867,1218029,1376434,1314437,450042,5119909,902773,942858,482723,531212,1482774,1647389,2812
1249419,1289358,1695526,991449,125018,3208654,500443,760206,335414,375493,1313508,2333653,5010
1315318,1004715,1650926,1186077,350133,3658605,271699,280605,212848,316577,1210310,2340125,4956
1426037,1440495,1762675,1290955,338032,4639922,705505,747016,363331,345265,664971,1656440,4834
843174,1718662,1934577,1485965,350261,5295159,726115,759120,544872,575910,1102882,849510,2870
1251288,1003296,1258501,776907,236765,4288381,780480,922411,368469,411191,1598525,3091456,5120
1225806,997578,1629348,1180022,339643,3583747,268953,280358,203047,312017,1273466,2356616,4776
1342192,1111144,1668633,1186660,350029,4207982,722693,752898,241841,226374,498866,1558365,4493
957598,1996709,2094876,1608211,338803,5607859,696499,729746,629293,669670,1229521,868170,2894
983116,916036,954239,732867,233898,4308297,724076,758447,334975,383917,1280740,2285708,3764
1245666,1061988,1628438,911538,123941,3006780,488083,729005,274884,306746,1214527,2373344,4848
1548503,1202745,1942343,1383790,444087,4544808,717623,523692,183616,275500,1264435,2542867,5245
1232403,2140694,2086982,1630016,351020,5816399,725583,757711,658785,700423,873325,836876,2843
1008099,1046919,1344871,982810,345474,4298834,915097,955516,369301,414348,1639722,2432990,4003
1259728,1260292,1678750,985974,125240,3106658,500179,760669,343854,380866,1297821,2313586,4522
1230563,899895,1562969,1118096,344593,3982612,482558,279601,126415,217634,1124110,2271527,4659
1848718,1815012,2311803,1727223,447389,6421958,1117354,1184069,716472,713852,1551628,1577188,4881
968219,1168469,1063666,1107676,247944,4632185,723175,757000,404045,457205,1365307,1559215,3401
1321929,1203248,1363043,774518,123562,3910796,688354,732109,353574,386569,1316797,2455949,5180
1220535,940900,1615215,1150246,344679,3534580,272900,283802,181015,293010,1249361,2396140,5012
1471505,1514854,1815703,1351921,347584,4774830,719283,743431,343464,337528,653170,1573070,4676
856789,1709590,1957618,1496156,441626,5739225,903069,948967,631781,682787,1548403,1635869,2913
1257299,1036637,1289873,962662,123966,3775722,498585,756880,288982,347071,1259311,2282573,4864
1248256,994767,1662344,1201334,350813,3565348,479999,280209,211282,262578,1192415,2352001,4650
1317196,1135230,1613494,1151815,323763,4246268,679234,717005,255101,239928,560666,1639780,4537
934365,1939676,2077440,1643134,350557,5638125,725541,759751,670241,704178,1224272,868519,2948
992040,893674,950660,742895,232793,4308701,696325,730784,312465,370396,1297502,2418881,4135
1493985,1230993,1969885,1417512,335770,3679472,499486,523471,313923,355831,1664672,3049353,5632
1306221,1110385,1667774,1200909,350463,4229358,727798,750892,208101,249314,503638,1569069,3799
1011445,2094271,1769548,1666790,349212,5622147,715400,748278,665729,712264,1314796,884095,3017
953722,870846,1030583,736357,238799,4483582,700875,732079,343905,392287,1270606,2217230,3923
1268937,1159448,1692283,1235148,243742,3199143,270856,509395,281942,324596,1238429,2389766,5090
1532351,1073995,1924368,1582056,540418,5021206,1132603,966952,276583,322388,1242277,2393539,4663
940144,1850110,1614742,1568261,346753,5409190,715915,747742,593721,625197,1165510,864526,2881
1027528,991536,1002027,1055912,231354,4585210,698706,728320,350581,393882,1333951,1650635,3769
1218361,1219111,1648616,964388,234518,3166639,498281,521946,332091,377733,1293921,2312895,4790
1248534,994895,1610579,1151326,338956,4133506,467616,398010,126883,222648,991420,2266404,4964
1493698,1633155,2218264,1642158,438574,5454243,908636,960982,547061,524307,1096399,871122,3701
1090995,1247319,1099822,1155761,236929,5095908,732828,767152,518332,566274,1485117,1574415,3506
1326746,1328293,1762105,1027465,235948,3249057,484494,505718,312983,352919,1295839,2408664,5116
1186104,830723,1549053,1100942,336499,3983557,495646,521603,98173,208384,837512,2363516,4815
1139271,1401827,1785907,1291284,352169,4545484,728593,759315,357737,342779,617731,874985,3772
1172288,1588623,1594807,1366593,345144,5844921,919092,959418,637447,683016,1952013,2327650,3824
1244809,1287027,1680890,985274,233827,3289686,497279,520890,348240,383731,1283539,2296740,4661
1233394,988065,1645018,1161002,355564,4123469,504377,521640,136407,236396,835309,2338831,4789
1040091,1096183,1674036,1199265,342196,4249599,712099,753848,307237,284206,519739,847191,3759
967470,1775076,1731757,1411237,354421,5982220,727041,760736,667764,691619,1563707,1559893,3093
1308778,1142562,1388582,1047122,125227,3923017,489110,739407,336700,381072,1307742,2442934,5369
1506898,1256497,2001692,1420944,449316,4165084,707981,518050,226202,311955,1283240,3181206,6089
966851,1120765,1994037,1402485,452279,4629403,927648,966786,299383,285947,733490,858538,3849
943742,1767163,1680406,1320590,344358,5429319,705356,738845,622597,668313,1629609,1670491,3009
1283598,1099888,1338578,996567,124389,3866918,500571,769209,375001,425309,1381638,2349902,4522
1319684,1334626,1754265,1352495,350323,4231164,497626,286352,314313,355731,1323819,2331043,5112
1686727,1521617,2475105,1734356,554774,5717420,921241,974748,262161,447536,970546,2481116,5540
881175,1339197,1193608,1207023,352490,5237600,727553,757945,509546,544460,1458420,1569277,3007
1414772,1548124,1584693,1196716,122733,4606186,455114,698383,500494,532223,1387762,2312013,4499
1280680,1255873,1686336,1217104,336441,3738307,493716,284416,280350,314765,1322567,2380649,4986
1216358,862752,1589818,1112958,349512,3978285,726054,755968,168074,198680,448376,1579062,4120
1048766,1103311,1729253,1534920,442859,5130054,912060,966536,448334,502298,1373377,856076,2946
1451735,1810423,1606260,1030536,123822,4854514,736280,769264,603131,642528,1543212,2274205,4502
1312399,1333713,1785962,1305679,351913,3910640,270622,283905,292644,397088,1294376,2364440,5100
1192218,1017795,1603232,1147894,324747,4069615,684697,588300,215630,182106,723921,1536733,4823
1058969,928734,1671734,1221477,351556,4304997,725527,756199,261927,315159,873745,865000,2947
1949295,2243626,2142705,1633298,344325,6038264,1122451,1177285,767650,841351,2052372,2473103,5109
1318729,1264149,1728168,1240362,337146,4369435,699737,740414,288217,260911,561076,1662944,5219
643683,915830,1628678,1182612,350932,4339273,726954,759325,286342,325903,852038,850435,2858
979759,591950,843433,931168,344079,4709297,911420,937783,316428,383089,1588747,2358118,3991
1513493,2028231,1968163,1409606,230468,4544786,334722,488820,605338,660182,1550027,2281107,4622
1292091,1318209,1747043,1291429,351757,4568166,499550,522043,280591,375902,950286,2228786,4401
1014015,1263911,2147101,1518890,457572,4881175,918728,959590,358016,357267,905518,877222,4210
954776,601057,874802,668909,238319,4138664,736577,771303,259434,310396,1238134,2354750,4013
1486916,1668989,1891361,1414632,237398,3879630,270677,515724,475121,528479,1404355,2308902,4526
1467139,1783249,1896392,1428734,335638,5012374,699179,509854,355908,392441,1096253,2420134,4763
934833,1214593,1683000,1256599,355896,4443951,735254,767385,339896,320951,543925,850353,3595
619544,683598,1228942,1133347,456078,4370364,907270,950513,285592,343248,1197905,1631278,2939
1416689,1421570,1780149,1093254,123400,3585602,495716,759997,356411,395947,1351876,2377946,4930
1480040,2036271,2008433,1544947,345497,5408330,489653,282040,470063,568446,1516739,2262640,4487
1315885,1263886,1725062,1269602,337727,4462218,697627,733192,336721,329296,597917,871387,4056
698292,871571,1339427,1259011,350936,4321172,733149,765507,347081,395639,1334376,886351,3054
1646352,1167253,1684890,967377,141179,3788866,718045,942826,352011,409154,1597812,3026540,5207
1582198,2243494,2117088,1669306,341313,5894326,495615,288882,613706,710047,1754415,2436778,4643
1308338,1409534,1772088,1312844,355284,4483606,738344,771179,369230,336290,583041,873089,3818
1016234,1253648,2111187,1510848,439526,4943168,892488,932086,382460,442715,926553,869368,2973
953140,688496,900787,686390,236208,3971523,728040,760487,259415,310173,1210525,2283175,3489
1596892,2286619,2160094,1674857,240206,4511291,272269,515831,685056,719176,1614956,2334041,4681
1621384,1599750,2089849,1496164,430782,4969005,887769,714745,289583,273065,961014,2423329,5375
697184,1098017,1714625,1258647,355012,4464837,734557,760415,340868,372164,914176,889808,3173
951059,594644,872839,651334,236668,4010015,703278,728735,241190,285035,1195070,2372913,3842
1464589,1645830,1855007,1401944,227801,3901950,273417,523140,472698,514771,1444569,2332009,4683
1379560,1709579,1906203,1441200,352686,5017390,729061,517070,369443,396109,1043855,2255178,4619
1299722,1264565,2062057,1455524,446223,4697954,917099,971047,378787,381919,961788,878384,3941
714842,510338,813035,845755,294214,3902049,707194,738722,224712,275163,1150807,1495306,3076
1420507,1458361,1805380,1084178,124653,3625175,489062,731186,410938,450682,1321497,2343990,4676
1454950,1946930,1945724,1493951,336773,5236475,488983,280917,425255,532394,1547636,2365919,4437
1252900,1334426,1734480,1276078,347183,4539073,717710,749851,371049,332498,551172,839608,3799
946688,616519,1246141,1159266,345031,4634061,921835,962007,315769,363202,1610364,1675188,4134
1339563,1082670,1630424,928052,234036,3043749,497714,521971,257319,320243,1256264,2356268,4626
1582042,2208122,2124815,1632621,352230,5872508,498151,454485,538466,628454,1369513,2322499,4857
1300774,1294898,1690292,1217615,336431,4322252,696192,735516,336538,329332,557283,882403,3651
992297,1052083,1700185,1478017,456683,4929726,939853,979990,388538,332491,1242548,861862,4165
1610244,1018886,1637621,916871,241813,3499647,705470,729117,303150,350884,1546509,3115639,5233
1584220,2176473,2085287,1628835,341027,5800141,487820,514727,580371,675968,1300930,2453740,4737
1000706,1318138,1735325,1282577,353494,4420150,725722,757831,311798,315671,571758,901344,3861
674169,886569,1322489,1112799,345091,4412712,698765,729358,342936,391602,1329543,1524634,3040
1235786,787267,1226262,648207,124707,3423158,727429,759216,234459,273431,1202832,2328301,4659
1534055,1807154,1947820,1481507,355528,4767598,264209,278121,467428,548161,1428696,2353145,4874
1694388,1761484,2190768,1594685,445746,5284695,932242,758706,388944,440650,1095995,2423192,4418
676643,1138243,1319631,1254231,345778,4541338,717700,749731,324083,369871,890267,857182,2907
928799,672768,1192036,596206,235261,3382102,700826,729046,229763,267960,1180473,2414363,3903
1394518,1461578,1747682,1300505,231253,3735586,267586,520044,385760,440513,1379711,2353911,4566
1412690,1827321,1939354,1500177,347416,5293553,718798,510059,428123,448982,1110558,2200427,4381
964702,1225613,1683662,1444616,447965,4796937,913995,957805,362494,409658,914384,857740,2958
896173,768651,1211776,664156,235898,3590964,727228,759768,258152,318456,1236067,2271624,3657
1676464,1292120,2043207,1450071,350669,4223748,272079,504302,258667,396193,1547259,3044768,5290
1560137,2155478,2052346,1605262,337140,5634541,494098,523552,545452,652595,1288268,2363278,4366
980468,1198018,1703802,1251973,351260,4409691,726778,757149,320014,302527,558816,877058,3632
1260645,953947,1681815,1436980,429612,5350012,881706,922272,302114,453932,1977289,2443793,4862
1255726,1019679,1588043,876679,232016,3013588,497978,519974,276243,314271,1243629,2303948,4424
1575351,2159903,2105161,1651224,351664,5712810,496392,514742,556179,645840,1247467,2308470,4452
993464,1274929,1704129,1224428,333578,4357254,691061,735291,321347,292463,521830,896572,3856
697431,865543,1329914,964906,357465,4318951,737006,768011,330446,367806,1285290,1581834,3125
1266022,789134,1247286,902200,123197,3458347,485127,724290,232263,272247,1174429,2385062,4985
1725171,1910202,2203112,1653797,427368,5204032,575749,518326,494101,578791,1473949,3042244,5474
1054135,1573023,1830235,1359751,349754,4615480,726964,758973,406750,390858,639079,863858,3569
672066,950157,1334522,999375,342421,4270539,699062,730188,335053,381865,1304951,1649380,2856
1180082,679329,1195166,862955,123309,3444872,488599,748705,242147,292630,1222592,2274048,4768
1413085,1516239,1828349,1366717,351766,4218285,495727,281423,351436,386857,1320720,2282044,4425
1449278,2004745,2282634,1700415,442721,5582184,913673,969319,547907,591893,770050,1617963,3658
715358,983956,1170067,1015353,338320,4505539,700437,731523,333049,369104,1249544,1555903,3057
1266609,787132,1261887,923679,124512,3679501,490702,731311,251312,309682,1223308,2387733,4748
1345611,1079353,1637696,1134531,234463,3568146,277093,524085,231934,333307,1283053,2337673,4474
1512497,2137063,2088561,1623398,351386,5721585,727556,513268,591991,546626,1211491,1610218,4692
1298308,1268572,2092187,1744463,544651,4813932,911592,960519,437261,511222,1695511,1604013,4023
1159104,824097,1214860,661879,124232,3507748,724552,754157,271645,313661,1201283,2265686,4372
1326177,1071182,1654549,1187081,332168,3526426,265728,312703,203332,306473,1203586,2361768,4733
1599154,2169309,2073070,1600823,341685,5475594,717968,524449,593399,553875,1273085,1679252,4676
989347,1025842,1727279,1286058,351013,4471651,724552,764131,335700,378173,927697,893361,3203
1267440,998707,1296286,987305,234256,4319479,911226,949910,337793,392255,1647704,2449874,5174
1221639,860082,1542708,1095826,234035,2885599,268684,521139,246236,296103,1209579,2299139,4669
1541770,1969099,1998118,1511293,355262,5339970,729146,521506,460292,499868,1155672,2353152,4118
1059882,1456603,1809783,1363560,342391,4920165,714015,756089,386390,384561,602862,866097,3103
687446,892201,1273828,962783,342070,4406301,706855,738424,315649,360457,1243650,1544168,2948
1277837,799195,1247712,898989,122607,3447248,490083,737478,248195,295843,1199448,2432889,4965
1746787,1686963,2165433,1585551,438973,5001492,707689,509273,403038,438833,1409471,3099091,5664
1170025,1852579,1948953,1482543,349654,5090667,724940,754587,532455,565355,762503,865432,2936
666671,883387,921067,968279,339345,4403699,699044,730412,320840,373198,1295990,1668206,2948
1211501,733283,1248054,663814,130959,3674589,736225,767515,254415,290081,1195212,2265263,4752
1410859,1284560,1705171,1236615,261868,3590217,267898,426898,277270,388307,1258366,2283410,4954
1801819,2284487,2367898,1794760,443082,6072369,935204,755209,646379,619739,1253766,1629322,4467
991541,940947,1365593,1292635,346569,5271131,930032,972242,421389,480602,1608931,1508159,3984
1246852,914650,1276814,669588,123695,3466362,698827,730072,272957,328734,1250538,2425037,4806
1245992,1005754,1590192,1148527,343786,3659824,273341,285510,227897,333460,1258467,2277501,4225
1587936,2154347,2127200,1663045,352785,6026283,724993,746625,645704,605416,888597,1574268,4772
919071,1179936,1739633,1521386,431653,5002289,888363,944138,413119,476132,1376227,881284,3238
922650,803958,906889,711693,237950,4387904,724696,757477,320323,367490,1235353,2215633,3841
1305311,1072438,1662492,1181080,230953,2879594,269424,515878,231116,276562,1206149,2434671,5131
1535046,1926411,1991527,1551392,339657,5617551,719902,516311,507176,525817,1218153,2372864,4934
1066460,1396557,1779547,1315658,350682,4656313,723515,751193,402665,464962,679985,854197,2935
698325,952375,950487,988712,337706,4349408,695722,729697,317809,360124,1299753,1647966,3087
1465931,878061,1708940,1105481,238206,3308326,477140,738422,303229,342511,1541054,2946633,5241
1472963,1596726,1859786,1385747,349955,4709471,713855,507377,342618,363180,1029030,2364984,4865
1132230,1823114,1920629,1462229,337752,5141208,708705,750329,562864,595564,750481,853678,2774
666319,868963,1306366,1212307,350808,4327324,727510,759363,305521,350343,1226376,854254,2952
1574403,995763,1652267,919591,235759,4161394,915845,952541,292554,333820,1213609,2435922,4945
1602282,1282267,2014549,1453833,453515,4419915,500514,496767,277096,370535,1368147,3035965,5436
1523531,2210548,2096826,1645405,351583,5560559,720729,742847,644137,604846,830435,847133,3733
683747,955103,1521608,1541975,436966,5061370,904885,956111,434712,495358,1732304,877401,3033
1173437,875497,1261299,661464,124716,3483312,723508,755722,277107,318515,1197490,2257348,4764
1316657,1083791,1649404,1181982,344274,3468328,268370,281245,208863,310735,1230484,2354884,4758
1596986,2359676,2480903,1888000,452249,6369558,953529,1006954,648085,632591,904783,1676477,4618
668031,1036649,1396617,1271693,351976,4493051,728899,749338,326393,379676,921595,861990,2857
964794,892013,955585,729878,230323,4274783,678399,713434,294853,352703,1279176,2365094,3999
1200786,855666,1526563,1088452,236839,2952185,271621,521528,251692,291616,1173383,2255325,4339
1537382,1970596,2015607,1534531,356493,5495390,720217,515149,466723,501141,1176746,2373829,4596
1063664,1449267,1766095,1568128,439299,5254545,921448,977258,454736,496057,984539,855639,2826
958492,1072638,1306114,714986,237301,3800826,727088,759393,312924,358277,1247290,2239568,3925
1314183,938401,1627165,1138640,234391,3455381,273924,509560,195874,286271,1188647,2442908,4823
1386866,1622661,1833486,1379505,328704,5020247,697449,488589,367537,392201,1042695,2087920,4668
1516501,1988969,2015386,1533805,350737,5295632,712085,735903,584096,562868,828868,872153,3739
696892,920042,1365884,1258696,341915,4369481,712726,755401,327357,358687,1320745,898360,3082
1498093,942756,1619677,909616,239691,3638225,715658,747652,355305,402980,1577533,2933779,5854
1417734,1245295,1717504,1228411,347828,4242896,486422,505197,183396,303399,925482,2384686,4572
1583593,2201519,2368108,1804321,439173,6032414,932845,981555,709771,694248,905712,864783,3628
680991,905698,1383405,1231695,337923,4600921,695121,720198,331466,382443,1236949,1132493,2933
1257420,897592,1271040,676397,122389,3558043,694019,729277,256989,316478,1250752,2429679,5189
1556641,1180903,1961898,1404751,457464,4258289,497403,521889,228185,325117,1249557,3026968,5384
1295090,2151237,2136011,1675702,358111,6153866,726017,746107,664481,638953,882514,896360,4345
694251,918273,1325241,987626,336461,4315233,703604,744314,305389,343141,1299795,1667062,2934
1260523,956082,1268550,938614,122857,3866228,494882,756884,324998,375343,1272993,2253853,4778
1261231,1025119,1601095,1151479,336372,3436993,403782,280476,176272,274780,1140803,2316791,4789
1506116,2073268,2316161,1728641,443878,5838244,945537,998293,592248,565081,772604,1601042,4880
748239,1084827,1421865,1079122,351301,4719891,727275,756147,408806,448083,1348655,1575135,2801
1307179,1142158,1342101,983658,123097,3886522,484465,741055,327059,367752,1305098,2461888,5123
1213108,895079,1548232,1100414,346806,3437166,499896,282026,185950,238189,1194269,2287934,4769
1447219,1618868,1846293,1373006,350795,4704237,704068,503247,398743,376937,1028200,1607243,4676
1145626,1855309,1935376,1487341,335685,5290674,713241,755600,588425,616631,1045951,860502,2963
971893,1048857,1318860,967477,352516,4191459,957369,1001711,360056,411267,1589721,2286636,3839
1249896,1036249,1676017,1187954,234893,3530909,271101,506699,220915,308811,1206572,2422731,5040
1353322,1048070,1621953,1197878,343242,4335551,725586,519815,267238,247769,914968,1588090,4739
1568318,2296024,2569242,1988664,458630,6727507,938632,963982,678841,721798,1277247,1533645,3918
1058072,1093102,1045380,1070345,233040,4416298,702105,743550,383355,447497,1421145,1674110,4098
1485400,1271698,1993481,1191924,341592,3593414,499788,539911,306403,411110,1614118,2962111,5582
1330347,1090840,1646880,1197084,337321,4176431,488205,503649,160637,256225,872209,2374851,4691
1311669,2210222,2117777,1653452,342826,5843260,725263,760257,694806,676620,935152,877992,3929
708787,892438,1359316,1022813,357467,4466588,738367,763507,356799,401738,1302727,1602733,3072
1316712,1094348,1347600,1004070,124822,3886733,473304,727126,300509,337069,1296101,2458130,5368
1507346,1055921,1925409,1352824,460317,3882264,726565,520560,199759,240817,1223897,3019741,5498
1272858,1995532,2015287,1533726,348491,5124801,710743,734433,589290,619407,809959,871250,2998
735863,1156570,1319125,1066442,326638,4745221,690575,731036,426512,464464,1360657,1634276,2778
1258175,1105330,1321001,1001716,123639,3811383,498777,759473,346069,376143,1253229,2230677,4720
1234634,944121,1625235,1124410,233177,3415640,272580,507948,183871,277624,1206833,2393831,4899
1695666,1647749,2182125,1616236,456609,5577978,957488,770581,442171,416889,1014567,1549424,4487
861935,1601084,1614027,1516344,351322,5151128,718867,739700,537692,581802,1459670,852095,2814
1282902,1011321,1292545,717717,124061,3911113,704457,747439,320980,369159,1304714,2455677,5065
1191801,956617,1594959,1129819,284122,3428079,271550,395895,224200,317729,1157183,2157239,4762
1390678,1190491,1701183,1227544,348461,4203185,703329,504766,211375,195905,905975,1644939,4785
1549544,2164564,2436724,1870434,440620,6295160,726125,764889,665339,806845,1687800,1570863,3803
1270496,1054170,1341854,1000342,233271,4485383,952869,993258,379611,433876,1601052,2301501,4784
1277710,1108365,1663034,1175233,227661,2990977,267598,518408,267655,329857,1274877,2471902,5040
1276787,1015196,1628426,1175703,349409,4321278,725881,524963,169837,196268,874043,2291941,4470
1253312,2093412,2073522,1589196,351262,5538004,709050,730093,622889,605072,837935,864190,3645
672989,886419,1322056,989077,337194,4257686,711631,754097,331425,376671,1310971,1632098,3030
1489438,1163674,1682049,1215784,237356,3672793,497514,758049,358600,399425,1557975,2939624,5980
1318709,975686,1607485,1126958,342711,3921513,697323,506135,121365,167380,862314,2419849,4909
1204903,1951572,1979925,1519191,346562,5450830,737134,769782,570355,611981,785946,856845,2974
747380,965697,1001332,1069481,355589,4749422,733694,756156,408118,453911,1345992,1613028,3093
1195391,1089943,1304753,701924,137759,3678034,708439,750091,323192,373805,1301653,2426463,4520
1491797,1096487,1961328,1408081,356065,4050248,509273,521625,212083,308330,1547894,2928213,5322
1468728,1569705,1866593,1402301,351598,4905323,708930,738311,470864,464592,697438,850233,3866
891187,1650195,1641758,1535997,337469,5305181,717513,754362,548981,597784,1554391,883838,3075
1282928,1073627,1336887,754531,126898,4010594,734171,759386,321455,372536,1254809,2313622,5096
1262279,912964,1613888,1134132,338702,3433641,267826,278132,171974,281603,1237981,2441153,5174
1661538,1387923,2027982,1216326,346522,4406916,938318,961319,354864,328283,949248,2246203,5340
1200951,1829466,2036407,1842138,468769,6100283,944932,973719,645071,693222,1552510,867366,2953
1304338,1072704,1324474,721295,123585,3826268,707835,749536,347417,379319,1332691,2444464,5176
1198807,1028123,1605543,1154136,344600,3529797,271387,286250,207312,295180,1168749,2205979,4814
1379901,1118456,1697301,1211313,348886,4108316,704766,735636,233817,212138,504301,1645766,4674
995830,1946626,2065529,1604481,339328,5736503,719353,756400,710340,763299,1347621,855704,2901
1270130,1123422,1337441,815347,236189,4314544,891129,964550,398667,448457,1567777,2904176,4727
1298345,1214172,1681427,1192431,338232,3531292,270620,281247,247507,348550,1292571,2437320,4983
1196035,869983,1529532,1096945,346681,3995422,727456,759784,204380,170857,467374,1564264,4474
906992,1745065,1985503,1527320,348146,5407708,705981,727462,593284,642499,1187588,848387,2716
1032517,1064734,1029227,824408,229804,4481211,705841,749285,366755,410957,1342687,2390587,3583
1509185,1431047,2080671,1498916,350274,3780850,496572,519797,335742,363245,1587998,2913423,5909
1246425,979767,1585759,1129919,329401,3986765,667232,699918,181724,177456,469205,1646064,4596
889834,1596908,1922329,1450560,344105,5090164,732692,768506,505368,561023,1138767,865440,2933
1116402,1314463,1146218,956560,241457,5294684,734602,760568,525852,563144,1440263,2297615,3942
1359712,1372530,1752369,1260181,230797,3317538,271069,507722,327489,393924,1336747,2473918,5362
1474387,969513,1898249,1348419,458513,4516091,954535,760820,170724,214216,817412,2273815,4621
1139477,1322039,1746915,1257428,355027,4561135,930030,956157,460701,520063,1376169,1558837,3698
1211554,1664493,1446997,1046224,234261,5338384,718568,760998,612305,652479,1610397,2404758,3615
1278039,1270280,1726532,1271323,239248,3472268,273219,522223,322994,369297,1284826,2248078,4802
1244138,992171,1650264,1167650,341376,4065514,490373,290248,152492,255958,1269797,2468444,5264
1338317,1079434,1641986,1200770,344417,4419962,727087,761529,313656,276474,513472,862879,4052
1301318,2030538,1759234,1690617,352088,6517012,945622,973787,710105,759326,1957081,1602238,3834
1293539,1269978,1697053,977410,230783,3359173,486998,513778,359039,395916,1324334,2419622,4763
1199477,1125343,1620708,1174969,350613,4222616,498475,494512,185803,266000,956533,2239816,4697
1300519,977278,1626160,1162494,349715,3975774,703740,729703,256702,244240,496671,837286,3874
938376,1738714,1650037,1556796,337942,5539453,720352,758989,630950,673734,1603279,833459,2884
1613487,1307117,1753090,1031596,238221,4049000,726596,756132,443915,484255,1630445,2944513,5494
1304122,1276738,1688333,1208502,332481,3706815,486363,283033,271282,304714,1295648,2404207,5026
1225984,969825,1590626,1146038,351062,4074035,724985,754481,202669,235474,479664,1562281,3671
858404,1454571,1575486,1454377,350394,5001231,705955,729549,500720,532116,1078398,868582,2995
1432633,1649490,1565267,1213992,339913,5565666,936415,992864,492471,546854,1494685,3135248,4412
1542644,1466181,2129726,1551511,357422,3896178,507338,518269,343650,377496,1626333,2986905,6050
1268971,918638,1651577,1424223,445850,4550604,896869,940667,258920,300520,832766,1670103,4172
822924,1230158,1384411,1295792,339036,4637910,721805,753318,347661,386012,961054,878904,3104
1187159,1820345,1622152,1016208,242786,4832311,734140,756936,591728,630897,1527646,2324502,3625
1267868,1259253,1703792,1000172,230266,3387881,491152,517937,328084,386154,1345782,2430816,4838
1173021,1004506,1611470,1179473,340266,4257654,476297,349295,154551,248768,1101332,2156912,4826
1388534,1157156,2048589,1432521,464223,4646755,924987,960958,325921,339002,897385,874967,3764
1216171,1639316,1263496,1308796,228910,5645928,716645,757233,678783,717681,1661417,1610506,3587
1304193,1322500,1728280,1004755,236794,3314397,489869,507788,331428,362590,1234241,2255202,4621
1276024,1104320,1644113,1171175,339764,4201504,485934,507878,177487,272538,912055,2439248,4991
918849,963375,1568970,1137529,346919,4097391,725533,757572,249351,234299,449807,824990,3501
1233422,1763350,1657054,1472742,342422,6167355,919358,945577,684997,724832,1878483,1967558,3724
1316252,1153751,1359685,1024201,124567,3982140,494113,758873,340916,381955,1358772,2400094,4954
1249148,1255949,1700260,1237397,350976,3828243,497923,279810,264929,294309,1215984,2255281,4926
1257642,984302,1603528,1127283,337594,3881657,686281,716880,193821,229017,473344,1608234,3815
941469,1649513,1561291,1449026,347591,5112920,734545,764535,509541,555804,1112112,893879,3170
1415459,1660849,1902556,1153035,238612,4460332,722419,978326,538603,575871,1735709,3076531,4895
1294041,1307258,1688800,1212268,335640,3876164,485399,282669,279294,322440,1350200,2435908,4984
1363125,1057854,1915591,1363020,443474,4774386,912884,953508,241883,284368,432420,1546184,3846
793563,1218571,1414690,1321319,350668,4664973,705722,729811,395026,434269,959406,860207,2982
1142789,1568699,1211174,1253941,237484,5322928,732790,765816,563113,614003,1582219,1596997,3649
1583702,1459931,2135262,1262765,352861,3938954,501171,517238,347419,433488,1591752,3011574,5821
1236654,969006,1610791,1149831,340506,4187551,699192,736197,203201,181428,490253,1666315,5040
814011,969396,1641552,1194085,348125,4227460,727253,760018,282215,345095,881667,848386,2851
1263511,1832727,1299929,1347118,243127,5663395,721664,743859,640138,681806,1601087,1588112,3400
1281576,1258402,1696611,1006382,231606,3258183,491129,517627,337809,391317,1306843,2395236,4698
1241553,1123384,1667552,1203960,352597,4164473,500148,520203,180285,279061,857596,2246485,4785
1020250,1112905,2049786,1452937,453040,4534468,902592,944026,346714,339603,912695,889244,3926
989957,1886932,1362584,1437100,356993,5925037,745933,781140,733584,773567,1730293,1624246,2839
1298918,1239411,1706684,1038644,124135,3434775,491736,737795,336327,392553,1277253,2340378,4885
1229154,1198921,1636536,1209122,321492,3743728,484034,281245,291545,332775,1290253,2333465,5056
1231246,919346,1573920,1108625,350754,3958685,729856,762277,152502,191074,436261,1567080,3889
912106,1560471,1537962,1465337,460796,5765125,913153,943023,561315,603866,1479756,1635710,3103
1407404,1627286,1825321,1125592,123902,3721973,496329,764613,480308,533807,1498319,2355350,4361
1285655,1345243,1730403,1279815,350585,4525990,498838,279923,206747,290835,1233382,2286597,5111
1525335,1065406,1963171,1373152,441158,4580851,897650,936331,188486,206939,454510,1675208,4991
1026004,1263085,1740230,1291250,337368,4490316,696663,727744,388077,420554,976486,841465,2882
1486243,1730476,1597188,1292361,242847,5410580,934147,960917,634993,681696,1886898,2347519,4173
1291154,1310566,1695428,1232833,334293,3790721,272557,287114,284856,379468,1289974,2376833,4974
1220411,1033970,1652114,1178037,350595,4148419,725885,760138,193863,184344,499334,1573499,4908
769201,963576,1717404,1234422,345585,4165480,701481,733918,324175,364073,921428,876312,3106
1230776,1823492,1330626,1117421,233901,5945368,737390,767620,695264,719152,1655213,2370552,3703
1257291,1324759,1714209,1104200,238554,3298321,364322,480690,330168,381548,1234657,2224093,4751
1441037,1229813,1908564,1222234,340106,3581622,379056,488674,264742,364908,1584556,2974843,5797
1287052,929602,1602889,1136972,350142,3977879,724790,745306,197672,177797,490566,1581782,4619
975534,1935614,2041398,1582720,336575,5567685,698658,738036,650339,692248,1266517,869371,2908
993531,919274,950528,729531,235863,4526964,726822,759726,365310,405520,1293278,2259132,3698
1330575,1327504,1718030,1253378,239766,3163845,272392,508435,342771,375072,1271393,2337686,4865
1530462,1019785,1912040,1352295,443387,4489446,886047,753679,185836,220975,838676,2400891,5785
1163455,1724861,2291428,1734066,464210,5814655,958488,1002546,591036,631645,1104528,875292,3084
1105362,1306422,1132323,904675,234952,4752222,697507,727111,467662,502981,1406918,2415692,3768
1553263,1484465,2069764,1224822,233306,3270374,480973,738750,425009,479280,1705572,3055581,6063
1255134,979862,1636036,1140936,350678,3943440,723803,512567,149004,197754,839017,2325255,4951
1114962,1460715,1889541,1577545,450838,5249482,927211,981518,461285,530450,1039940,876867,2894
1131555,1487921,1173413,953963,235594,5382667,729107,761417,576314,608526,1509663,2284514,3591
1334348,1304609,1761986,1289693,242071,3273110,272552,508265,333756,385661,1265604,2382861,5027
1252129,1111915,1655623,1191242,337943,4174147,712243,518844,181782,210904,868186,2415587,4899
1022342,1021188,1600633,1172209,346707,4221491,714266,744506,290377,349625,546973,863426,2987
1246318,1984821,1690057,1353450,342830,5467325,907492,949887,698836,748360,1978455,2400895,3656
1259710,1236999,1690435,1242074,231290,3681072,268049,529446,289285,382765,1351163,2376786,4940
1207342,1072065,1619984,1174730,336351,4181469,465652,289818,176028,272004,1175089,2270274,4910
1272722,1022839,1601789,1142243,337959,4102353,707505,748961,267058,255117,520786,854998,3665
956511,1792920,1672549,1616433,350899,5722314,726113,757833,652824,682242,1565498,839571,2835
1277701,977912,1293490,710834,123270,3700085,699942,727572,317418,363238,1285033,2398919,4737
1527021,1389218,2020217,1456402,444541,4258976,492780,521195,241798,341122,1314385,3136142,5866
972074,952863,1607124,1120578,350408,3979376,729834,759220,274430,262258,504403,892256,3966
941137,1549962,1589736,1431697,330142,5309314,682392,717107,568202,611205,1559637,1145573,3016
1348091,1376470,1440074,883497,124325,4383651,724868,756987,458442,486061,1398556,2297782,4340
1316469,1336788,1710351,1248528,341223,4091224,472850,715614,401001,458245,1676363,3109604,5048
1499817,1127584,1900680,1327931,433655,4405372,918361,736137,195896,236501,830243,2325523,4679
802043,1319817,1408563,1349303,355412,4808242,735576,768891,411687,457168,1008360,858040,2935
1185898,1719031,1584634,958755,239103,4575002,707620,740400,536278,583305,1552316,2454814,3774
1192674,1231034,1614735,1179937,220447,3219448,271270,522937,293075,338128,1238390,2229479,4716
1215632,906845,1622220,1181837,351105,4231997,720390,509230,141503,179937,838574,2306187,4610
1049589,1127660,1642850,1407982,442139,4576177,912933,967888,363588,413775,936585,864979,2802
1200507,1897436,1637010,1055318,236009,5069283,726859,761508,653638,685308,1569235,2256126,3613
1296215,1272170,1726368,996326,235648,3331245,483456,506992,313750,363625,1324474,2445328,5014
1186148,993758,1595074,1147393,345255,4124559,498302,523463,159436,264604,916480,2357415,4617
1161366,1072282,1646099,1173178,350197,4111827,724917,747061,267322,246664,495359,860462,3780
1320629,1887009,1728476,1637106,338124,6014563,908829,956698,713960,775074,2040979,1645042,3873
1262999,1257339,1690189,970752,235219,3178616,506630,529217,337102,371568,1296464,2314123,4832
1286062,1237281,1705623,1231315,349745,4301398,491650,510685,192266,286651,866325,2368711,4967
962692,909053,1583319,1122554,340968,3990945,718472,760676,245791,241232,503306,834689,3757
938338,1643315,1636108,1301939,355686,5460838,735278,766537,573156,627401,1529459,1570623,2883
1037921,1092872,1309474,826659,231811,4462556,697668,730017,427414,463404,1370394,2409736,3834
1527666,1630176,2378483,1704216,447352,4351548,712892,744485,407884,455253,1650300,3022282,5531
1213136,897809,1578691,1134370,351471,3976345,719567,741369,185368,221983,449147,1566299,3830
825376,1299131,1413667,1354981,341645,4751344,711038,753661,461374,507903,1066746,859326,2845
1168917,1711660,1589633,989614,239559,4792235,736362,767144,540712,583547,1492106,2258901,3809
1263834,1196232,1688390,1241567,236448,3748732,269718,506754,251249,350955,1269644,2411079,5193
1492995,1098385,1944184,1369314,444764,4429028,943692,759504,234421,248340,878273,1678731,4922
812776,1174578,1382213,1302787,343686,4513003,708216,735462,338421,366192,959705,890374,3099
1238881,1749042,1278519,1328539,234357,5434913,707076,747998,631007,673397,1645210,1644778,3651
1225633,1202427,1684825,1006526,236934,3409431,497884,518581,342686,383048,1296274,2250271,4603
1267690,1073320,1681075,1219619,351140,4179377,496327,514007,142055,234470,837460,2364617,5083
1018001,1099822,1972201,1380550,443400,4550835,929859,983024,344659,326130,880387,870775,3748
1269357,1762680,1334294,1134151,242843,5902416,740284,775680,708312,736303,1639303,2297983,3772
1293601,1305849,1686154,1012742,231639,3128553,408373,479627,312032,347480,1221529,2347177,4848
1221617,1176467,1631098,1163195,341623,4098902,499227,521526,203151,292206,900962,2331593,4519
1249199,913561,1616857,1156318,354481,4643897,960122,985086,283780,275045,809056,1589599,4729
904563,1722864,1584265,1504173,336909,5447305,708693,750457,608119,639551,1192681,860495,3024
1634140,1751901,2224868,1380823,343153,4841150,939612,1228084,558703,510410,1721200,2925586,5597
1293923,1326434,1754861,1275863,352178,4344003,494160,281754,224945,308993,1294631,2437847,5187
1191504,902497,1546372,1108805,325180,3918890,689166,726222,177750,224797,484524,1196233,3958
864954,1383896,1487653,1392046,351321,4854470,725971,753939,421950,474276,1029556,865973,3011
1197878,1663205,1610678,1009176,235083,4823987,705129,732397,593781,641506,1600079,2446069,3758
1507980,1398109,2033567,1474778,347252,4352138,501012,523112,239375,342638,1638456,2997361,5740
1237449,985561,1657426,1194957,351310,4180111,714721,737013,259342,256817,485455,862410,4069
744851,908858,1612342,1164423,336366,4327957,715232,756256,315646,368647,939905,845397,2942
1189400,1721298,1259646,1192465,242933,5634817,735566,767961,640461,667842,1538357,2132279,3747
1300295,1262761,1715400,980002,232803,3298512,484188,503864,310964,362301,1313689,2415638,4954
1486260,1189770,1965975,1391992,454637,4781141,727863,758974,213251,264438,897164,2348181,5875
719805,910412,1641002,1175460,351919,4131764,718747,742502,264874,305156,845450,862597,2856
1268289,1786334,1311976,1083837,229711,5600648,698617,739399,632436,684110,1621932,2434307,3671
1235657,1222876,1677615,1218503,236050,3204162,268900,521268,333039,360973,1273223,2248252,4606
1321829,1257143,1739645,1264102,350708,4456529,684456,504480,200605,277741,888798,2430191,5530
1257505,1112111,1943062,1371202,453067,4410340,959161,1000563,280073,327173,529741,1628397,4041
941444,1695708,1254356,1304181,351143,5416574,726281,745601,610701,652821,1530462,1577538,2858
1692357,1633124,2186410,1340268,224264,4303326,486146,734547,407993,520465,1750997,3157834,5758
1234115,1237654,1647860,1206497,349235,4302252,496849,278622,212524,315573,1293354,2297149,4774
1264112,928922,1620545,1151457,351029,3974802,708672,731834,237202,228040,454234,867727,3913
844796,1309499,1460841,1349357,336895,4773706,705542,749090,460260,506147,1388706,886085,2995
1457517,1782592,1932721,1200788,221090,4415129,708869,977523,604871,649554,1820016,2893331,4606
1311588,1281770,1719315,1242411,344785,4435795,484527,281857,210359,298113,1289344,2446962,5241
1158454,846225,1553032,1110104,339897,4018423,713894,745095,191877,152915,456297,1566499,4668
814835,1181856,1756007,1272998,354288,4213340,726178,749995,344643,384221,933346,862067,2914
1207047,1663016,1232705,1017781,231031,5509340,714695,756488,618364,663632,1618651,2443799,3486
1493942,1469075,2022035,1461785,336982,3834884,329708,520530,346367,440503,1561708,2831268,5150
1258867,1028662,1640147,1180040,348507,4042238,700494,727670,207035,182898,487478,1624633,5060
710820,872166,1614398,1164669,336776,3986315,715391,757666,283060,330146,894664,848684,2851
1228481,1803620,1333605,1142449,237557,5879806,717537,744859,680006,698130,1542995,2246907,3821
1314992,1296580,1757573,1297072,237495,3379975,271555,507564,341652,401487,1367174,2453584,4920
1502881,1293500,2037234,1451100,464019,4846217,730387,524739,239148,277825,1241918,2301966,5782
1013003,991324,1606134,1148671,337927,4033222,679355,699765,233680,288536,624089,865471,3067
951412,1658685,1294969,1325218,337081,5584072,708996,752055,606958,650091,1607559,1634614,3089
1583702,1542296,2113933,1112916,123353,3372410,586979,951561,479338,529827,1646425,2810212,5517
1316629,1318252,1725191,1240381,342543,4237421,484942,281504,201163,302233,1310349,2447864,5247
1226977,866524,1556835,1107675,349117,4008585,736626,769473,238353,233751,490246,862260,3758
1169830,1305212,1507603,1402838,352406,5600862,952062,978893,526024,589887,1768707,1573834,3838
1473113,1842231,1955532,1233087,204497,4149683,484594,569449,520068,546111,1487740,2403878,4480
1234863,1202154,1684918,1235072,352462,3888676,271872,284961,262995,374338,1276848,2226021,4875
1269484,961484,1665137,1199475,348836,4021578,702038,734216,201368,185236,515165,1656491,5055
808499,1136872,1713711,1254674,339000,4608634,723465,760285,370525,418368,935831,854547,2991
1493598,1875485,1653476,1320467,242960,5604984,746952,1008522,665500,707547,1902247,3042100,4414
1324229,1324543,1766685,1267766,344085,3904797,485909,280193,302021,337750,1334428,2462546,5073
1195052,1027982,1612131,1154325,348101,4166473,725586,756638,221682,199136,466848,1574021,4217
733146,887525,1647861,1168108,350673,4016101,707287,731022,246269,303120,848206,870428,2976
1289953,1797747,1316266,1087308,234438,5488600,715472,756301,645574,701414,1686848,2450001,3703
1880098,1739843,2544658,1556748,353940,3801594,496862,768729,413237,530784,1986515,3728913,6502
1306020,1233042,1685294,1192119,338688,4143157,696339,513709,248596,234648,898991,1644776,4982
909928,731981,1551347,1117543,343637,4076238,725611,759674,271869,307677,839116,838413,2867
1080657,1630797,1249704,1277850,367191,6144355,931940,958867,674413,732406,1887260,2261911,3097
1308875,1444411,1726111,1041152,125626,3615665,487910,711899,353084,403293,1304505,2314806,4165
1506665,1369907,2022565,1476958,464730,4974954,727661,520202,268641,308484,1267557,2251628,5788
953677,770910,1605036,1158614,350408,3963650,703900,729648,232044,271697,831993,853239,2944
1189339,1278367,1173614,1180000,230128,5291179,717485,757343,505927,535939,1463925,1638053,4140
1444262,1546445,1528889,1195914,124597,4680661,500787,749353,528049,574696,1469554,2288029,4414
1277934,1241384,1701182,1238333,336796,3857108,482166,280574,244709,284158,1284053,2407510,4987
1156345,894038,1541040,1116992,334622,4102854,695540,727107,172928,155575,455630,1556306,4651
817306,1101699,1727945,1225508,464531,4795954,929622,953200,386645,432698,1314178,1634102,2959
1492363,1824738,1622567,1296602,123863,4867691,484529,749151,619604,661057,1599294,2412492,4703
1280553,1310396,1745007,1276667,349854,3868040,497443,283539,286268,313761,1254793,2258014,5030
1244113,1020895,1642992,1142795,348246,3988030,709860,741559,196523,233329,489850,1689392,3878
712810,898787,1257946,1154842,340615,4116788,727148,759181,295683,336814,884743,838154,2788
1410708,2094066,1768313,1432698,279890,5991514,919180,945426,711030,747529,1896674,2255378,3841
1276781,1287309,1716545,1235472,233452,3812545,274872,518279,287060,393193,1325244,2418686,4933
1226831,1225955,1677944,1210352,353486,4253018,729791,521805,260735,230423,895887,1556184,4604
1004737,823207,1614512,1130015,347331,3895594,703085,732639,229548,287756,861907,878449,3004
1262363,2024950,1708816,1619529,326143,6340802,932043,983525,746010,799134,1673457,1648220,3763
1597662,1499740,2125074,1296109,351634,4053788,501545,520564,407500,518336,1694868,2958219,4973
1287725,1276850,1703964,1231100,339489,4275322,697776,685533,252127,231427,680023,1625574,4783
972114,768135,1587718,1139508,348894,4089482,729486,764488,256087,309279,855255,870929,2969
890840,1214160,1489615,1133630,359099,5020073,717885,738694,455982,508062,1463224,1710535,3131
1445327,1668517,1550943,1231423,124616,4646768,491844,756021,504311,551406,1514659,2384940,4533
1263827,1206641,1712959,1241044,355606,3855558,499420,283296,260835,307494,1274084,2291214,5022
1233234,1125059,2005486,1398152,454397,4498178,914241,952885,234940,285699,463988,1662091,4071
759067,903923,1078307,987750,344392,4528363,725678,756458,352881,392646,1285182,1590641,2902
1521816,1924892,1685578,1344724,123561,4855790,492640,742938,619106,656769,1532083,2304346,4421
1294253,1296007,1715038,1227886,336042,3758607,483392,281060,290841,331058,1312676,2432417,4799
1185530,1042848,1624039,1169201,349376,4115891,724092,758198,219822,261150,484962,1555722,3796
1008480,947059,1626639,1405013,451573,4395787,902784,944041,329545,389702,1244269,868803,2978
1507440,1908623,1644410,1058291,124071,5208721,734854,769862,670415,723430,1703960,2338345,4202
1300532,1305014,1772421,1294187,348299,4020214,279863,302195,281276,389439,1243857,2277478,4673
1270443,1204976,1663453,1191932,328117,4137252,674999,527394,247375,230483,849568,1544275,4799
1232806,987695,1935303,1405942,447852,4899308,930475,971136,357147,306989,830731,846146,3818
1556500,1807566,1628988,1278575,238383,5457485,933781,960611,655638,713535,1917097,2372574,4851
1337576,1420788,1773919,1317099,336736,3924654,270062,281296,304003,412873,1340314,2401445,4663
1246583,1246507,1679902,1219544,351048,4334814,725140,757217,265796,227325,509966,1555813,4739
985263,937255,1634458,1138765,340302,3885882,694633,729348,253112,299761,488042,887638,3099
879304,1376217,1370207,1130664,332866,5024828,697746,730760,473074,519007,1390953,1593729,2914
1691707,1718061,1895903,1432893,236983,4432145,490532,737124,553457,592490,1743377,3036317,5345
1310255,1328251,1701362,1236906,333722,4325021,690592,498916,230680,258911,950329,2429146,5301
938410,963720,1621725,1168070,352247,4035149,725284,759584,259170,306747,480870,881172,3018
795908,890250,971714,1033140,347666,4505185,700874,727802,385804,433821,1366124,1650573,3079
1510300,1992209,1983711,1287919,122423,4344213,502735,768172,622829,666078,1621059,2401352,4542
1231489,1315747,1692114,1262111,336236,4047754,500056,282158,282319,332056,1246909,2176687,4632
1522982,1167420,1985188,1397889,443503,4541273,913434,739942,275695,257318,860236,1628134,4933
731014,811682,1297964,1232554,350092,4412714,726250,758651,299706,345061,1243201,850097,2922
1897284,2240119,2114752,1373451,237521,5547533,927380,953912,693574,690902,1611906,2350422,5128
1308136,1210773,1678991,1232023,339462,3823739,273840,285756,276202,374534,1327572,2418960,4695
1221363,1093811,1635828,1199256,350114,4271599,726837,759108,219592,199294,507440,1545530,4844
1123251,1009216,2004401,1641276,556496,5027401,910841,951940,292976,432477,1587585,1570701,3869
1503042,1878662,1666342,1082693,125800,5102393,730121,762618,644814,674160,1613180,2327191,4718
1329917,1329434,1774734,1314040,356394,4106468,269040,281218,308958,394123,1269942,2322981,4907
1286588,1200532,1661492,1189973,342412,4266286,712798,519900,188613,229907,927313,2492034,5109
964390,956089,1611139,1151042,349951,4154848,729718,767611,262058,307204,472163,895194,3136
1207266,1397271,1449227,1142252,348057,5242645,927112,962507,548454,597915,1835400,2449013,3922
1387902,1700760,1844477,1395120,231367,3673790,267362,519712,500285,541217,1498054,2333310,4306
1261750,1292400,1719409,1247107,351924,4419560,726618,516762,213453,242136,870850,2262916,4765
928870,905443,1584522,1098245,338543,3778942,695548,730260,235627,277782,435066,843960,2959
837572,1064080,1028278,1048543,341796,4647712,718923,749408,334610,408280,1319375,1539498,3035
1506426,2015808,2036108,1304495,124665,4208712,488203,733030,603311,651658,1548314,2324143,4299
1558151,1419102,2021861,1456073,443362,4371596,494435,509393,274295,389685,1345027,3120701,5452
1159827,1052848,1597672,1142220,340452,4073633,708223,739167,271012,251676,482704,856532,3969
727923,795089,1274870,1198183,346981,4282937,706367,737699,301717,358039,1304084,860032,2934
1497068,1892728,1674720,1100101,123838,5398167,738897,771746,694965,730339,1657290,2353138,4668
1274038,1304761,1726929,1269203,348692,4022626,275469,287591,263990,378067,1260941,2305804,4752
1281247,1377026,2070151,1467463,446786,4759714,923831,980604,332614,320297,579454,1681266,5182
974348,879609,1613972,1188681,350154,3985954,724856,979587,328651,368393,1545253,2183028,3806
1560281,1937402,1642277,1129030,123139,4945707,604234,699717,631769,659481,1530301,2277057,4278
1301257,1312990,1716751,1273933,233877,3395393,271298,519427,349898,417338,1379143,2347491,4733
1261726,1248363,1700710,1248470,352867,4349587,723832,511580,198828,225569,873486,2295982,4809
1005054,945983,1628031,1386005,447545,4401371,910928,957764,310620,356780,867169,881409,3119
1157786,1545687,1501384,925260,236039,4512720,727832,757278,491201,518846,1437894,2263132,3512
1416863,1651219,1866521,1409633,236988,4329669,264734,504764,400332,488275,1383802,2334606,4386
1236997,1257635,1645921,1196207,321793,4308248,678522,484030,236407,272888,961813,1948604,4982
916594,861215,1559046,1105621,349459,3887895,726688,760609,229138,275588,465978,870081,2977
1148046,1269900,1427860,1068187,346100,4799667,913534,954102,478274,518191,1746704,2425673,3783
1441716,1937601,1948059,1244216,235141,4083236,498137,520163,592231,645386,1569101,2257670,4272
1320542,1261761,1728286,1269958,351369,4522483,492967,508386,222699,314815,931261,2329781,4845
920448,979085,1601169,1147920,336818,4084909,701710,742595,253340,248077,488791,849277,3874
752725,778452,1266518,1017899,350279,4096390,726295,758609,283741,319714,1211151,1395978,2884
1563633,1929504,1716833,1111937,127884,5207662,720496,746358,656841,702812,1669622,2469367,5185
1568496,1471614,2047485,1463375,444375,4285411,492697,520205,281555,371557,1298648,3144446,5780
950693,1133019,1683798,1194532,460555,4854650,950241,987602,353491,327908,836768,1519727,3903
671830,616609,1227533,900226,339714,3996410,698527,729181,246268,288422,1212667,1615025,2913
1249270,1964134,1711824,1108476,238190,5363791,737115,768491,654687,688510,1593560,2272773,3703
1314338,1318116,1745203,1264859,238105,3450832,267842,504296,314589,378495,1279712,2350242,4474
1568287,1455852,2062613,1461573,442398,4887251,937273,759763,296077,327528,915826,2383292,5087
644549,721614,1211417,1129656,352681,4022090,729957,762382,223465,281353,821216,870516,2955
1174924,1662133,1578323,958773,233676,4537560,696270,727151,506805,558612,1507265,2406701,3577
1339960,1546795,1813350,1370508,234187,4180436,272746,512927,428124,529138,1433383,2266791,4222
1358639,1508436,1831962,1345477,353433,4579062,728763,516074,296504,283666,951404,1617975,5124
909563,731256,1562561,1342567,442769,4374512,908645,963893,256427,323704,1157354,865606,2959
1106271,1037324,1011669,980505,222318,4693020,694767,727656,397699,447705,1321269,1659015,3920
1469749,1939739,1984850,1263388,234334,4144194,481045,503253,551620,588207,1492477,2407856,4619
1266587,1249226,1700125,1239335,337831,4437150,496589,523528,212559,311331,959936,2357971,4949
900907,972841,1616375,1167968,346695,4155082,719600,744943,260761,247668,502411,845298,3809
1028176,745976,1282737,1158847,446502,5130866,1123130,1180529,392027,459493,1986892,2402859,3591
1569096,2135447,2068176,1614189,337298,5754878,705169,744965,617810,593110,909409,1662927,4715
901565,1066874,1678840,1234685,341749,4465557,707214,738549,325830,364831,910977,862390,3052
1254496,696136,968791,926679,237367,4918885,879713,905435,362761,427670,1600245,2271206,5176
1253079,993115,1572505,903652,228376,2900165,489419,519949,249304,296624,1211272,2378533,4779
1556727,2118065,2064209,1593650,345168,5779712,500939,523248,514088,606412,1175031,2239571,4494
1006348,1315612,2122117,1505611,457490,4763125,922113,963195,386197,365751,933405,858116,3631
961443,891156,968570,741130,236399,4419624,726280,756492,333726,377444,1266977,2345099,3888
1220128,940024,1576523,969393,239201,2873783,353926,485061,236893,297074,1133689,2231325,4876
1487873,1779096,1907961,1435966,341989,4934579,494662,522262,393337,493684,1096439,2430069,4324
1062280,1592116,1852695,1409546,351150,4918364,727030,756018,490133,458357,682809,850470,3759
1015354,1014749,1388289,1027627,354961,4883790,929797,958353,384820,446868,1669060,2405933,4187
1200526,873955,1562907,864148,124289,2803693,495829,758106,229425,279077,1209560,2337135,4626
1395666,1344197,1769123,1337905,350538,4654924,498092,280863,311444,404448,1339625,2265300,4359
1493865,1976364,2009665,1526727,342102,5225644,704489,739332,503086,529280,765267,989288,3615
692666,1097132,1337736,1285578,356838,4489559,742820,777877,334270,385502,952792,855740,2938
1254081,1040736,1670702,934204,237439,3436407,709952,966025,320891,366816,1571774,3144259,5106
1359013,1072838,1623296,1176952,337694,4260169,491573,286018,177605,258124,1274392,2419370,4721
1552345,2200548,2107469,1658576,355334,5849456,740100,772734,637168,606772,840705,868109,3704
733278,970229,1372432,1281701,345130,4415659,697545,729416,354755,399249,1346884,887353,2908
903171,714367,886237,1067033,323359,4759195,913443,953642,308813,369210,1536687,1821284,3758
1261045,963286,1590145,876840,239204,2884822,488742,511531,247191,292139,1176362,2297104,4531
1861124,2294072,2426659,1824535,447958,6105530,712372,752868,599818,616567,1261914,2447045,5644
711633,1087480,1697716,1251245,352431,4437808,727464,759798,346139,375273,912433,864112,2956
1024172,906544,964775,708159,236973,4248062,704832,736345,325615,367811,1303256,2448562,4186
1198622,864578,1561567,1111910,230527,2900134,266511,518196,229232,278498,1198703,2366457,4817
1454500,1786711,1965446,1491006,352150,5162337,718237,515703,415361,450377,1093748,2296214,4845
1122930,1809952,2302104,1678586,445201,5244733,900315,940992,535959,523856,1100791,869904,3669
735173,1061888,1007149,1045922,350490,4491152,728414,761572,368434,410981,1309303,1577181,3062
1285434,1012419,1648752,913229,125572,2753127,490387,722130,284234,330975,1233389,2352259,5088
1478005,1562090,1793334,1345863,337699,4605936,492125,282528,299740,419092,1416935,2389530,4408
1483497,2110829,2030925,1567577,353631,5235968,731187,763767,632191,598313,863298,872729,3451
758369,1014758,1384560,1304125,408719,4869054,887443,926761,412786,480762,1690995,1544358,3012
1265551,1180835,1697311,984013,126892,3137253,503531,764191,322304,374747,1296735,2318380,4686
1393982,1195176,1740677,1255080,360435,4451595,511904,287950,212360,312133,1295876,2328456,4457
1581654,2223835,2102506,1637656,334630,5778649,692798,733200,694257,671530,917985,889265,4139
1056455,1516119,2161759,1610577,454583,5143377,933249,974723,458390,511642,997684,872416,2967
1270335,977772,1295085,956913,236079,4090141,700525,954016,354115,416559,1652288,3179862,4788
1310152,1105277,1606450,1165973,328338,3396464,396180,287010,245423,330946,1253586,2248155,4220
1594240,2261800,2156505,1686697,357591,5859909,736526,761344,615858,581096,894605,1591692,4537
769238,1231314,1815250,1320757,348237,4502040,713638,748813,372058,411359,1030473,905168,3059
969578,922430,947706,732955,236926,4579622,731787,759694,339498,360877,1264276,2318169,4071
1260096,945511,1612324,1143086,238355,2771793,266329,506054,241273,293788,1178773,2329205,4723
1797377,1963547,2266619,1676221,452543,5433057,944042,757373,476099,513215,1124455,2456883,4768
1117308,1745910,1933779,1463770,350569,5107870,724774,759392,523812,551331,962337,886720,3046
696528,961924,953007,983664,339899,4227295,695506,728314,338377,381242,1327595,1643115,3052
1192406,901764,1575180,868434,122972,2778129,499387,769936,232291,284076,1201207,2328034,4717
1429793,1346477,1771853,1329702,350624,4708126,495818,282387,300489,386923,1334838,2316534,4652
1475714,2035677,2349732,1749609,444545,5897989,918138,973461,616109,603559,1157347,871048,3616
943438,896735,953573,1017179,237384,4469245,726384,759790,340971,396510,1305532,1536219,3713
1551445,1203900,2020732,1163090,320849,3497517,704957,784165,330409,320472,1216536,2369426,5863
1359665,1059898,1614833,1176764,331156,4257217,490818,294328,156587,243445,1212946,2307711,4937
1553409,2245762,2124173,1644602,355868,5644335,738014,758882,585307,556697,878591,1575485,4359
1021254,1291937,2134328,1550130,542863,5728738,1111262,1175439,387998,451461,1345171,2383439,4098
1187216,948685,1267244,944627,124043,3733603,488895,749672,292698,340860,1234826,2245082,4751
1304746,965373,1622528,1141536,353054,3457574,494144,285449,203201,244850,1190344,2367207,4885
1552928,2131029,2052822,1588380,341970,5616860,719147,761292,610303,624178,878861,1637893,3776
692201,1026236,1651010,1240430,342871,4429570,705448,737296,302565,354736,882834,888631,3087
963339,820048,917632,735304,234647,4333351,700281,729480,330022,374374,1308904,2427143,3878
1540655,1126070,1949983,1352593,346631,3426144,500305,520222,214261,264330,1589120,3095342,5585
1531290,1925695,2007726,1546583,346816,5452480,704715,505094,478016,436953,1094488,1583127,4954
1079435,1293462,1808632,1349505,336235,4861493,700710,743788,447329,500954,1061214,879812,3033
992801,993919,994574,1043753,236772,4409931,722812,758967,331734,383885,1273419,1564349,3935
1233428,849294,1536278,831330,157115,2889503,485374,628663,216313,272377,1157558,2310327,5042
1679897,1646591,2180966,1591973,455013,5417059,736493,530318,361222,398071,1435742,2382708,5635
1137802,1672352,1941189,1484574,349942,5258885,724213,752104,546818,579620,1102954,854518,2814
1019041,885623,929979,964610,224689,4382765,687225,722048,325821,359984,1287762,1643943,4066
1229702,1004126,1612069,916803,236570,3123612,501323,521691,257697,306488,1238319,2302233,4631
1359371,1104677,1668063,1187487,353052,3631506,488401,284319,236050,266647,1197523,2362058,4549
1499903,2322830,2340484,1785635,427692,6093174,907544,963008,653166,621391,867427,1607517,4141
1011161,1215060,1760217,1319426,459503,4535552,733213,765432,453420,497863,1641231,2198577,3703
1253536,934492,1295112,929954,125556,3540304,495733,740570,276716,324085,1241445,2435196,4970
1266807,1017889,1611837,1148355,343971,3554430,500848,285034,213335,266030,1241990,2297132,4700
1632104,2296382,2176611,1695628,351012,5958532,724265,748008,640092,686986,936784,1575811,3643
684820,1020860,1333036,1230169,443709,4872670,917717,969835,393928,448254,1313283,1681927,3094
1264355,1139601,1588532,1025473,124685,3773493,495773,755956,302786,374300,1286393,2265310,4657
1227063,859441,1587601,1123415,232775,3447400,263961,513405,186923,280007,1212599,2447171,4637
1470549,1816379,1925994,1474750,339731,5140525,722880,520421,528563,505624,1190548,1589342,4532
1076709,1459888,1874426,1413637,350308,4973103,728989,752620,435720,480524,1011898,859407,2789
977397,915466,940091,989760,226100,4467463,689734,724454,351956,406371,1328533,1633655,4083
1488237,1011225,1911402,1118110,348541,3520483,499820,520364,243235,341476,1556949,2993688,5690
1443604,1433482,1807194,1351376,356091,4726186,721656,723821,362709,326046,680681,1619168,4767
1131222,1747712,1950453,1486121,332973,5309914,702154,743015,548338,596532,1158648,840173,2867
967950,898209,947525,992279,243879,4545857,738622,771433,349389,376574,1268773,1553114,3948
1270810,761366,1269785,920814,123096,3750480,487667,730817,275972,324747,1281407,2464978,5458
1615524,1276770,1986038,1422142,450993,4095221,729023,525250,231450,260550,1235598,3001106,5648
1624588,2530916,2572740,1653857,351564,5920859,941489,968484,779117,823493,1316600,1606422,4088
698163,938814,983988,975891,335796,4271369,699017,737825,343808,378595,1306500,1657516,2988
1185574,924447,1324084,936826,124695,3495112,469119,727997,294669,328825,1192493,2178153,4861
1288803,1015247,1613911,1161295,349603,3517322,484659,283051,197130,233563,1207505,2406282,4832
1557858,2266452,2430274,1881881,450080,6425115,956391,1011090,714594,754886,914836,1597498,3643
688988,917769,969525,997920,352376,4354306,731388,761346,305897,362539,1239498,1570171,2949
1292743,1021620,1311277,730752,122635,3813231,699802,739236,333726,383498,1330741,2458750,5128
1228801,956146,1565204,1119431,349644,3319063,269363,281289,170123,281058,1199692,2248923,4523
1479414,1836886,1932320,1475667,337365,5124428,683054,592517,465594,432374,941324,1506310,4581
1095997,1401718,1820238,1379997,338253,4776155,713192,754661,481812,535023,1114682,852181,2944
1269016,1163671,1356727,1028324,243006,4417143,965429,1008312,384461,426332,1616276,2256330,4868
1249578,908672,1606717,1126304,344525,3331203,270028,280430,176256,279297,1217269,2416947,4783
1400839,1448284,1766048,1301694,343523,4510365,727030,757073,341543,313069,623032,1582478,4370
856677,1694970,1974725,1515002,350812,5236739,718797,742832,564975,600093,1121045,870350,2977
685957,914411,1507956,1201507,432780,4751104,904575,961184,375406,418959,1668563,1640347,2968
1529013,1016679,1639573,1173621,238906,3637610,504935,760883,307609,363445,1560884,2936583,5587
1378586,1093221,1679440,1204975,349158,4286075,707071,512837,200407,230762,882306,2423008,4952
1236236,2202370,2065739,1889475,439517,6674265,933753,984044,769588,800261,1274244,847759,2775
689773,929267,998028,1016612,351684,4431459,727295,751335,343271,385249,1242245,1570802,2847
1246687,1098728,1648635,919523,124859,3066886,483336,729313,279474,317746,1236125,2422619,5015
1565395,1169505,1957316,1388518,463498,4232216,733139,517447,185529,247566,1256539,3031975,5466
1332220,2263527,2206249,1698982,355629,5776067,726753,754005,658146,700570,916551,905931,3169
666147,882808,1304776,1240521,341273,4311288,723490,768410,344220,388564,1334997,862156,2858
1274749,1158221,1363277,746732,123548,3783682,726972,759706,337076,399563,1266242,2267032,4935
1268766,875630,1584220,1116531,341837,3490269,271250,283442,196941,289972,1213672,2415528,5043
1504809,1942130,2254900,1689075,453540,5867625,955899,997783,569945,562233,788748,1584237,4490
789324,1273549,1500603,1432458,351476,5112779,719498,741347,426202,480306,1374317,861192,2958
1268955,1085962,1312708,746707,124847,3885308,691004,732732,344392,405098,1328753,2394228,4949
1185511,850504,1571137,1128730,351791,3460625,273131,284927,178362,270066,1174007,2261666,4937
1467912,1405918,1789732,1341170,350825,4778284,706240,728526,370931,328616,628152,1600926,4549
1151816,1912850,1951154,1502927,341172,5254660,724131,754333,572148,623215,803690,845361,2845
976302,1029562,1297489,989887,350002,4522167,950252,982315,375932,422366,1599198,2296312,3799
1231505,997996,1640290,1191395,224498,3249788,274154,511693,258420,316205,1250555,2374960,5117
1307738,1095629,1627908,1160863,349502,4161130,728048,521063,157107,184759,864051,2283972,4441
1567041,2486930,2507993,1938861,446301,6447946,899030,928515,761074,810654,938354,885098,3064
706015,967091,962954,982437,332204,4318666,698834,739218,359720,391517,1307916,1609473,2859
1499994,1252226,2005838,1192970,238348,3522861,496404,756848,278519,375439,1540536,2922350,5731
1316643,1036333,1649871,1180561,345993,4020535,698666,508888,205476,187109,850930,1628711,4563
1460918,2105420,2102313,1670457,343906,5932361,722725,748481,698697,657914,881958,880294,4186
717456,987477,1390042,1302001,355794,4419220,726961,748733,334036,389011,1283627,857669,2971
1257511,1066822,1326205,745721,123725,3791078,699125,741477,347452,392955,1317896,2426958,4911
1502741,1034173,1905277,1337902,459643,3870135,497329,517583,165280,265173,1168336,2909977,5408
1191640,1836395,1947814,1487356,352611,5093120,708166,737987,513003,498165,749362,848859,3602
788519,1180227,1463088,1137097,336429,4837453,715406,758287,480047,533710,1495279,1595703,2921
1260654,1167464,1317751,850585,124676,3879759,587989,737914,328546,366086,1231405,2227583,4827
1228837,859851,1569425,1112044,339601,3497178,271383,281801,183567,281842,1230644,2422448,5054
1369462,1400762,1756689,1311518,350074,4762589,723866,519172,300425,338883,1017870,2237051,4419
1145053,1906338,1968105,1755434,463919,5732689,927417,954266,594388,640665,1117075,852902,2882
979890,1044460,1310908,747644,233401,3931555,716549,758945,312646,366872,1324249,2377431,3714
1214796,985128,1657367,1209835,238954,3683575,271430,524584,202649,314292,1205481,2251950,4601
1620205,1149418,1977085,1374945,431855,4718418,868768,684078,189023,220808,856862,2850748,5922
1254341,2203377,2101394,1659392,342201,5918702,724034,754919,690947,733661,921224,862832,2986
1019898,1137775,1388609,1018210,350809,4404644,949468,976055,397679,446439,1600449,2335548,4137
1251815,1123587,1635457,1157993,229525,3606545,267302,508056,226614,329368,1248732,2435750,5017
1268078,961816,1578384,1132786,345253,4020786,499823,526198,146599,238925,834793,2197577,4589
1307115,2215240,2104404,1634985,345760,5906577,702308,734948,656053,648216,890058,878982,3871
692126,898785,1338717,1069799,338976,4295530,719204,757740,353201,394219,1310999,1520707,2819
1565175,1307297,1705507,1006818,236862,3733352,704009,732106,395366,431727,1560271,2932126,5927
1226324,857777,1565047,1111197,339074,3998834,486736,508512,122677,213493,837106,2437715,4837
1189744,1862278,1922411,1496147,353290,5298728,738894,772061,566922,537721,780503,865956,3792
803144,1283315,1543405,1203126,346802,5005168,704753,726975,442804,500189,1394006,1596793,3079
1268555,1103281,1319202,999116,124627,3904801,489473,749890,361523,413196,1335597,2429148,5083
1482671,1049038,1980170,1386606,350954,3805797,498167,519206,171673,268564,1483131,2936431,5500
1431960,1489436,1795161,1339167,327776,4732595,668599,698142,352465,372770,607566,1395325,3766
1180423,1940370,1958592,1502632,345076,5343169,952435,991190,625136,686044,1563152,1576305,3712
1008484,1048832,1349109,744027,239884,3933983,721239,744367,317415,363344,1267784,2335480,4281
1239226,1029902,1651088,1174653,231515,3634541,269793,514288,219241,330106,1272391,2452166,5098
1581749,1342394,2004133,1449482,451934,4074865,727240,521239,322790,300368,1233251,2177337,5309
1260638,1952333,2092387,1896999,462397,6330087,920452,952006,711787,763726,1638049,843631,2905
1064869,1154012,1339287,745889,184917,3720517,697924,738729,343281,377623,1267238,2317997,4030
1245387,1094204,1656491,939377,237844,3144091,496997,510297,274412,317176,1200342,2316067,4798
1302356,1058812,1639113,1161549,338778,4087458,483309,510199,147545,245264,852599,2450713,5029
1248057,2146582,2088284,1635355,343882,5964811,715305,750994,673713,647468,876528,867121,3784
991157,792905,1313586,966164,351890,4885333,930954,955597,360851,423007,1625590,2373502,4046
1253648,1229500,1658213,1223023,231266,3307377,272226,519155,296331,344811,1301155,2380010,4650
1175475,885536,1546429,1087619,340790,3864547,631978,519055,135669,225489,778892,2135744,4198
1225889,1899499,1970788,1480830,343299,5127600,693716,724652,546126,525566,785527,850650,3881
746354,1156898,1408941,1091249,340520,4676727,722282,754247,400326,433948,1364146,1578596,2886
1289112,1253368,1718483,996837,236155,3900277,712219,962574,384028,448726,1637131,3094920,5122
1247024,916800,1576701,1104121,334588,3980947,485745,280230,146208,232900,1227357,2435032,4870
1396940,1516114,1801996,1354717,349900,4922399,724058,756212,433303,418059,648776,859265,3633
847873,1710129,1580425,1508782,348033,5141378,701172,728361,558796,598523,1433145,835016,2806
973332,1077034,1329026,741665,237547,3872991,733493,773498,325227,362034,1305565,2415984,4259
1846120,1346054,2440007,1413187,351342,4158499,714201,754002,289945,386295,1883693,3696822,6898
1332504,1086447,1595051,1187669,232324,3271441,272427,522642,339845,389279,1294069,2260335,4537
1552531,2260192,2127592,1654803,356569,5706639,487574,280829,524457,614288,1583210,2405349,4606
1266127,1233778,1683503,1244938,341504,4305228,725008,767728,337159,328078,573912,848192,3877
620999,801647,1272730,1221180,356121,4201380,736537,766183,283404,324211,1151440,857159,2960
1095511,914505,1305696,701758,228193,3585353,687437,717902,267757,324283,1259887,2428464,4180
1856725,2301718,2437292,1860003,345992,5800603,504061,525112,601790,698136,2026739,3072152,5437
1268484,1263934,1704953,1250121,347511,4383322,713464,732945,334099,323444,563955,873646,3596
659895,844798,1277877,1176193,336273,4078706,697431,739445,307628,346253,1284026,862416,2843
1196320,753415,1204694,627282,124005,3502307,725464,757885,258812,297160,1177618,2259682,4600
1543249,1925584,2008606,1526616,237561,4417201,270762,504228,597502,640263,1590081,2460814,4643
1618302,1660714,2108846,1549210,434361,5104780,778874,758859,329521,369223,962950,2231427,5307
659835,1108074,1719204,1241614,351301,4361130,728149,752061,331960,367125,894269,860682,2935
943790,538112,854715,631408,232473,3930488,691575,725993,231384,281870,1224132,2384107,3751
1435299,1635788,1878854,1440127,240475,3875358,270008,520176,464099,509447,1442610,2284561,4504
1434971,1754831,1942309,1489885,355947,5137332,722090,507648,432594,469134,1146673,2352376,4356
971072,1229161,1932404,1458901,435334,4966701,914348,968074,364024,418239,899236,890038,3021
1201975,748443,1231391,914289,343138,4790329,942456,984321,233252,275032,1157735,2885786,4640
1412009,1162629,1697815,956734,123417,3410925,481990,725487,356944,413845,1369819,2431787,4970
1503731,2127791,2053275,1602720,344783,5566815,495665,281390,540992,644596,1644413,2323222,4572
1298032,1300870,1732028,1256476,354796,4529039,727895,749991,324479,305218,572339,861993,3646
599339,562844,1228119,1131486,338050,4193569,705524,747147,257280,314725,1267815,854039,2809
1522065,1080413,1640346,919650,194300,3748831,733867,833272,336018,393309,1517755,2847173,5618
1618968,2293251,2165257,1706583,350098,6117697,486859,282945,521290,618218,1603385,2387272,4696
1270597,1278735,1696453,1232575,337109,4356612,716144,755811,352040,336306,550242,851782,3718
651676,808442,1293828,1211036,350794,4251610,725927,757146,290406,331098,1183301,861734,2946
983495,620804,839696,628328,229675,3857917,696978,737531,258381,311855,1252658,2424442,3805
1851722,2247648,2437695,1872244,356553,4972387,507770,519723,633226,686876,1989410,3002822,5410
1371754,1399179,1843999,1378799,354308,4610931,717421,742907,380535,359167,638583,1630903,4634
676284,1107134,1688057,1229120,339848,4247829,720615,762959,312100,368419,939514,870976,3024
913195,539368,832805,628041,236970,4166683,725377,757495,250202,303128,1184722,2262432,3864
1738245,1507330,1818899,1334845,233344,4150205,481926,728075,476094,538712,1807410,3192053,5799
1718851,2074664,2312469,1756343,457256,5951254,968669,761273,463391,495738,1165907,2323484,4500
687139,1001717,1315313,1235435,354247,4522261,729586,751548,312189,364944,906288,884098,2995
1228759,857129,1275493,1160670,338722,4007189,716518,757402,320090,384119,1649350,2405194,4650
1333298,1218355,1667490,988448,128615,3408507,496335,728781,325493,353147,1185837,2167258,4378
1543669,2183616,2095081,1629947,347958,5538539,484011,282276,517658,611246,1605966,2405587,4504
1277904,1235607,2031167,1442710,445509,4859459,946387,997468,397276,382848,939059,877356,3777
943451,686502,880889,922442,233070,4268458,719229,744075,273687,305688,1180287,1596126,3897
1371241,1069293,1627855,908668,233041,3092697,489746,512461,282163,334025,1266550,2432632,4568
1526623,2100994,2057441,1614365,350209,5752906,506472,529569,558105,662500,1296003,2305345,4665
1273288,1395659,1767128,1310152,341928,4399691,697499,719215,379050,361156,595071,871152,3825
718612,1174413,1726717,1270959,340336,4263912,722237,764987,378843,415799,1008629,858060,2878
1239174,811140,1262008,939562,239000,4088899,726208,996777,306737,358243,1533467,2935076,4437
1601664,2175900,2125181,1651805,341183,5090447,488624,288484,615301,652997,1684469,2408466,4634
1378301,1625805,1853284,1379276,348801,4704372,738682,771602,367752,411106,669522,1594252,3717
711642,1297206,1423604,1337722,353628,4471709,724040,744190,389505,428957,969340,864907,2918
962222,730764,1023766,697676,231931,3952774,672361,710846,271526,326860,1250178,2336596,3916
1745710,1878920,2254782,1688811,353866,4594593,499444,518978,459756,497450,1792058,2933477,5048
1466093,1797146,1968071,1505058,351960,5217227,707574,732407,498720,538915,808894,1643628,3797
1290670,1205338,1744727,1276875,343953,4999332,940123,983584,415203,484015,1352648,1560499,3901
981659,694528,934077,989439,240257,4180934,731364,753501,298058,348835,1256165,1593836,3815
1425091,1305716,1733245,995218,233848,3465844,489826,513160,373492,433248,1410940,2433525,4662
1768975,2321892,2410782,1867296,466577,6333079,738220,711564,607333,645813,1407751,2291381,5132
1055735,1280610,1812862,1333828,358607,4498513,724483,746750,374901,404657,961775,861877,2892
990789,773497,942785,959843,234655,4168958,714739,751492,300910,348714,1318056,1664795,4060
1358225,1255779,1750580,1025652,242684,3208689,501036,523385,340371,380100,1282984,2260841,4621
1656751,2370969,2197760,1717706,351535,5698404,496299,518636,583386,660847,1290663,2464448,4855
1287228,1392204,1752035,1294091,347466,4396101,724759,758524,313540,352427,603559,1590403,3761
700010,1193098,1519217,1298580,468834,5049752,952917,982235,414817,464960,1278794,1623518,2937
1288972,876764,1261501,905819,125185,3399519,488490,746646,279790,344575,1309499,2447225,4864
1530107,2134906,2049739,1606582,357687,5109596,511694,286145,538661,580752,1576695,2265836,4360
1382398,1518917,1848313,1380507,350043,4670774,704494,730918,399062,427363,675756,1643933,3917
755254,1315470,1386910,1296285,336977,4321480,713703,753678,391824,447509,1025571,860883,2885
1230764,892220,1597649,871784,237503,3499066,727352,992368,303115,356491,1512880,2958632,4572
1476050,1523125,1847505,1364636,343960,4782150,486178,283844,377165,451990,1492883,2475224,4791
1418845,1897939,1940827,1505481,337630,5511777,706050,543905,484529,467194,1083295,1485828,4381
955813,1030047,2088433,1515724,456699,5021911,913207,943459,393794,438380,1256584,854257,2988
928842,640959,873448,918747,230191,4075668,713659,751771,261843,327759,1289732,1623512,3810
1653127,1369785,2042363,1245096,350872,3816029,484935,506508,316949,396482,1555419,2894347,5128
1564268,2203429,2103400,1607293,343606,5486903,697548,728697,569637,545382,866485,1640635,4843
706841,1066440,1671827,1210898,341303,4410950,725991,760192,338764,381261,941039,862622,2886
927115,679164,894039,882308,230380,4249750,708745,730001,266779,300846,1168773,1759103,4006
1332189,1041032,1640037,922752,233598,3120486,488507,515317,284489,332918,1269672,2427683,4947
1797362,2291092,2429645,1883092,458474,5794618,714788,506950,611101,638136,1592143,2864208,5304
1000530,1332724,1746125,1263221,347622,4298240,699348,730735,332166,367475,519655,864211,3110
675327,871847,938464,940977,339258,4074228,723055,757828,321977,356844,1306418,1614311,2982
1261222,988374,1653208,948595,126520,3017810,498257,751114,263785,303405,1193513,2291495,4745
1524571,1870856,1945865,1496772,325739,4881121,483806,278284,534629,567570,1547934,2329892,4648
1334954,1507170,1800477,1346236,347276,4672524,722106,755839,332281,372104,620783,1570659,3588
658515,1087612,1296376,1214849,461431,4692845,931740,960272,365381,414302,1252206,1616236,2958
1495451,1088773,1918532,1109830,229398,3397221,488796,749405,229638,340365,1602819,3160672,5099
1427030,1628788,1864113,1390636,351477,4339492,269846,282089,360853,471555,1355146,2259814,4636
1479522,1877135,1977663,1492128,344198,5150070,703564,730401,497595,468515,775508,1668675,4691
1185622,1214534,2007947,1449133,437550,4928967,924304,965528,354884,418789,946073,883619,3141
1213622,751506,1250345,944339,242990,4209554,956258,982977,305943,365198,1540195,2301764,4843
1371600,1130953,1653626,1174282,338158,3854165,271696,282569,260201,376788,1328269,2416548,4674
1481775,2089374,2020045,1576057,356410,5661598,735948,768441,566697,525756,809245,1582833,4267
714971,1111700,1751849,1267711,353968,4358494,709646,737266,314326,356686,925256,881739,2961
942870,635405,877956,650474,230483,4097932,720775,766068,271122,324272,1292002,2422321,4294
1631633,1119009,1914506,1197866,237940,3516090,496652,746821,344476,376829,1533533,3022349,5534
1598455,2261836,2116115,1622312,335850,5715517,697307,508782,533376,571597,1258107,2423884,4429
964730,1252071,1656652,1206078,348371,4329321,727283,759917,340618,376236,546072,848299,2882
653341,827303,906919,948171,346780,4238085,701385,723129,290984,323749,1208792,1583244,2947
1247271,911612,1580269,900480,125732,2869573,491270,763576,273560,322880,1283778,2430832,4881
1494740,1973315,1997285,1548882,350841,5312039,498079,283454,455194,539307,1479334,2246974,4610
1381118,1597460,2171171,1567827,446335,5257459,897000,937407,455183,450599,591316,940300,4002
699171,913768,935597,970765,346372,4294113,736955,767712,337697,369913,1314288,1607896,2847
1294504,793404,1261479,651235,124650,3438977,713254,732992,253318,293649,1175241,2331584,4825
1446909,1497411,1805599,1352024,332630,4344366,267856,284100,409539,501873,1430659,2414134,4827
1742273,2161267,2369078,1809760,456611,6071016,936709,763719,474747,453192,1136861,2184748,5267
689887,1178000,1770155,1316385,466151,4775273,927226,962611,416908,469265,1365246,1623942,2906
1253441,931913,1290982,764777,124707,3498053,657068,742609,325431,378332,1317283,2337008,5176
1416061,1377903,1779607,1321955,352902,3986683,275377,286495,283104,364208,1276121,2292959,4955
1538938,2130947,2061965,1583116,345477,5541591,709225,743300,560139,525460,831931,1681027,4603
704832,1156801,1696152,1270690,345581,4458331,723866,755991,350810,406879,956794,841968,2872
1023129,1002841,1345278,993995,355820,4187319,933713,954299,358964,403833,1639267,2407553,3915
1354543,1126485,1646846,1208547,236297,3619722,270993,520500,240296,358952,1304201,2389194,4359
1549836,2342908,2129405,1704408,338733,5991693,697456,492798,599762,606423,1262990,1880591,4796
1006639,1271788,1743310,1270535,343382,4325659,697118,726178,326459,385577,574259,879137,3073
642915,769129,917530,950823,343150,4255394,722884,756791,306300,348998,1274584,1600945,3060
1614681,1232682,2028554,1161151,238322,3436664,497002,747421,226654,329036,1497494,3046568,5557
1560605,2008106,2006121,1554482,335141,5503162,698745,512239,553744,510497,1212349,1633748,4368
1039793,1156231,1738548,1285012,349987,4565446,726718,757702,370415,430620,991110,863320,3039
672294,919060,1341432,1140302,334885,4225976,675582,708662,306796,351970,1261333,1335864,3029
1221785,721972,1183446,620606,123566,3550162,724415,760007,249577,297877,1238845,2342333,4787
1462686,1666569,1895652,1410371,354189,4387948,275090,287885,398866,503236,1394985,2266880,4484
1793021,2300555,2734384,2014077,546669,5685433,912543,961603,593232,561794,1077532,2411574,5478
681572,873027,1311109,976117,348980,4451287,726977,758600,307787,349142,1264239,1554170,2986
1258217,792357,1246399,889425,124852,3431985,488884,732996,231886,272145,1178308,2377383,4848
1364849,1160147,1687850,1246736,336244,3824072,466289,280284,314211,393996,1330572,2404865,4525
1472286,2086857,2036958,1578616,349771,5545382,725026,757411,548558,503823,804143,1561719,4484
993302,1293518,1715779,1484403,450422,4786549,913769,958237,379770,431909,932951,864412,2954
898357,828789,1233814,640785,236373,3603712,740218,771107,264187,313271,1235037,2330466,3577
1337532,1168484,1667567,1202078,241694,3697385,269282,501188,229567,340416,1212107,2305071,4405
1532840,2121986,2028844,1542124,342488,5514388,712808,524029,570898,546380,1254056,1617691,4159
979058,1193304,1701135,1242126,351547,4477301,729743,760980,344495,378055,844161,860761,3053
986452,988559,1306191,960000,334314,4173334,893860,924618,345470,396684,1600193,2317524,4182
1243480,987554,1590147,1135397,231400,3384251,272295,521958,195998,294704,1219261,2358945,4695
1556300,2194542,2144076,1654740,355926,5792527,735813,518658,612773,568579,1240021,1600760,4555
1011909,1302157,1712551,1226002,335972,4285336,697940,738558,329921,301679,555633,849496,3645
956841,1077783,1675307,1227802,468003,4872153,965508,1006444,388265,353962,1218256,1541387,3755
1269238,767910,1238474,886209,124749,3389886,489133,725065,240843,295911,1201985,2371928,5032
1759606,1955380,2227975,1655125,432117,5050733,553425,519459,452695,554305,1443534,3077717,5458
1409492,1625200,1882231,1427537,351399,5709623,939464,983333,597934,576409,1073371,1508690,4536
673937,1013761,1341348,979432,345062,4290645,699285,730318,312694,374416,1298904,1636388,2853
1151916,672475,1185966,855025,124520,3302134,488544,749256,229816,278970,1179978,2263569,4449
1392720,1339086,1743526,1287253,351552,4107443,497672,281474,337499,394614,1329146,2269071,4289
1764978,2155115,2324725,1734293,443641,5868218,923462,745845,562108,534919,1152494,1644810,4533
698964,1079105,1320290,1268558,338333,4435291,695020,729774,323702,379438,1059915,870405,3063
921328,815454,1247208,653190,235138,3472247,698445,729626,264409,312643,1233655,2422421,3979
1343949,1062782,1602825,1159426,232075,3695004,268861,519109,238954,317653,1258287,2363942,4490
1540373,2265168,2133360,1662541,350635,5776808,727775,517780,581035,547802,1214355,1592598,4755
1006868,1084558,1737753,1494042,451958,4902426,920918,965962,386987,444698,1329577,842969,2880
1193768,931761,1248015,678276,125630,3565140,736842,767654,272410,317893,1233651,2314578,4625
1294261,927210,1593319,1121464,325959,3284336,265768,323222,191258,291628,1182709,2324431,4720
1554593,2068052,2016498,1557446,340918,5473206,498490,528024,526544,600456,1231367,2410672,4429
992109,1295068,1719895,1264500,349800,4372960,725567,757116,319304,301304,547442,865960,3744
971937,865984,1319921,989920,341871,4802431,910637,951075,385771,441180,1701093,2432237,3970
1201477,957135,1564859,1095728,231947,2773533,271065,523580,217990,271462,1205754,2296362,4416
1535222,1877093,1978853,1843962,459980,6324435,941164,736838,526483,553916,1486573,2333660,4707
1098451,1424314,1783611,1319282,337013,4746840,700077,741477,427928,427587,672379,894665,3285
707495,1018795,1362433,1048002,349753,4510292,724452,758801,346614,391784,1303901,1566711,3011
1269614,814905,1253467,890287,122748,3362224,486743,730558,253010,300920,1218140,2401659,5080
1635557,1626962,2083208,1505708,336998,4629574,489512,521475,337485,437689,1758064,3045451,5269
1417496,1813271,1923710,1475899,352279,5277298,729685,752213,528523,496298,740371,840424,3449
731773,981826,1382091,1269302,343533,4517644,708379,745696,333637,373153,1312744,864842,2923
1189994,893222,1268420,667919,131669,3661639,727867,762346,267455,306508,1217951,2283299,4463
1318767,1030853,1641383,1186297,244340,3592390,268447,465672,240534,343711,1197485,2263200,4798
1872565,2406171,2465759,1878621,451540,6078216,946215,758511,690224,648738,1278087,1674995,4720
679651,953446,1359972,1282374,346041,4439668,715538,747439,360265,399284,1268592,874690,3036
1249449,960252,1291259,675617,123695,3464451,696312,725328,279382,320331,1233532,2423253,4965
1253882,1028750,1599614,1137054,234521,2927134,269427,521263,266967,324692,1240048,2290747,4601
1590848,2273772,2153870,1657924,359177,5880062,735623,521041,533351,576731,1259360,2379747,4357
954786,1258036,2015877,1441464,428746,4763102,891278,944355,393275,380947,918354,867523,3596
975077,994626,972031,754322,237770,4358711,725738,760056,328276,395818,1278144,2234911,3838
1255070,887101,1575523,1121662,231902,2953226,271640,509125,251943,290956,1187144,2344887,4793
1801379,1989997,2296757,1724758,439906,6174852,930878,742718,513066,558986,1178415,2387840,4774
1078452,1625904,1847342,1407460,351909,5084533,730097,757797,436072,471900,665091,867519,2831
944315,897787,1078730,981388,341232,4925642,883319,920666,380988,450115,1674585,2313625,3863
1228523,880025,1570538,1120365,336685,3972872,698923,738736,191661,172041,469212,1633980,4986
820276,1245783,1772714,1340417,351819,4848668,731581,763422,423112,475489,1022352,854540,2908
1177202,1552993,1214821,1020949,239675,5328564,713425,733438,560097,597735,1491410,2332348,3668
1286659,1286167,1705452,1259093,233966,3440246,270041,514511,329095,385838,1352865,2447641,5065
1201939,976574,1642674,1193979,356918,4126198,736997,521509,150919,195726,866062,2270844,4857
1055725,1060549,1786001,1406057,453674,4571552,909929,948316,330396,357677,854341,885412,3079
1240353,1815332,1337162,1123412,232322,5677531,722784,756825,687151,742558,1695665,2327340,3486
1295910,1266034,1740235,1251982,237203,3286994,269555,514366,326216,365929,1251151,2306166,4689
1296754,1192806,1699456,1216372,341574,4213259,712461,525635,191348,216597,933260,2499203,5064
977508,980793,1580229,1143188,348847,4087733,726506,759061,275147,307605,487263,851227,2885
1297082,1999330,1722141,1341068,350887,5567354,937253,964772,706747,753773,1985916,2373392,3721
1567562,1409757,2005759,1434847,335759,3934193,268216,518053,318195,426593,1654456,3131381,5331
1278340,1252415,1689406,1239098,351206,4191018,727648,521399,222336,241717,888681,2233563,4687
939939,903288,1608329,1435828,449546,4721373,901978,942103,315266,371173,844318,858253,2973
879800,1407734,1186785,1212185,344013,5156388,727472,763933,558501,602064,1531192,1606245,2831
1694920,1807230,2256118,1396702,243058,4240462,505022,744859,414516,522928,1717910,3032352,5451
1287661,1305881,1709464,1238162,335943,4296861,485429,514002,235051,326412,947770,2465787,5179
961404,856116,1590933,1129114,349912,3977341,725975,759805,227211,205027,464617,873316,3914
820416,1122291,1412066,1270129,337130,4539454,679240,708547,379705,421306,1325501,988438,3012
1427808,1694644,1552843,983931,123254,4408863,720021,762483,563489,613656,1560577,2339039,4198
1278800,1250282,1734909,1287842,353597,3993287,276035,284819,270272,372182,1278419,2283507,4878
1226990,1140984,1994048,1397030,446927,4555374,912964,957000,263778,251037,495414,1642103,4912
759462,741715,1248982,898205,347599,4142464,727538,760005,263764,321721,1238861,1535362,2908
1557014,1958908,1697601,1360167,124691,5170942,503979,746166,641429,679620,1590438,2346839,4325
1217340,1226356,1608902,1188101,217476,3351773,271845,522671,313615,365747,1282646,2253380,4510
1223752,1065924,1634060,1178086,350684,4269431,727462,521772,159976,197147,851047,2249617,4764
990541,1076150,1622643,1386307,451861,4467315,911482,952171,310407,363749,842711,850646,2992
1228560,1946679,1681387,1095337,228729,5218578,717508,749512,664187,705430,1607676,2288195,3582
1286974,1228868,1725638,1241128,238753,3745825,270446,513570,262823,356689,1236477,2305061,4868
1305610,1269901,1704015,1227418,337033,4366236,700473,508493,262508,237059,892743,1667421,5122
965706,1024353,1935779,1372526,460008,4625390,944207,984580,277625,338999,499595,865364,3104
1236711,1766780,1633686,1239428,354637,5133105,935420,964973,602120,663317,1901881,2449451,3957
1325568,1489936,1793450,1108284,232216,3670798,497195,518876,459627,501352,1428297,2323163,4462
1339888,1540722,1819468,1326765,352694,4458245,500047,517699,259200,369896,962769,2326399,5254
943541,917264,1608487,1145619,337148,3979495,698592,735091,260410,245090,488158,855195,4116
828595,1064134,1371266,1048184,347188,4642295,727142,757811,393738,449844,1364463,1558759,2888
1802377,1980016,2044930,1437997,242247,4744819,533038,739258,629960,674720,1856400,3085071,5233
1253852,1233406,1680163,1209843,337325,4200049,489821,516657,211335,310667,921723,2419821,4931
909146,958927,1627190,1152676,350548,4076403,727606,761994,273072,247082,476767,864754,3802
792130,853431,1322939,957417,345029,4224162,699806,731039,260035,325648,1282361,1649152,2889
1199354,1907382,1642085,1052695,235502,4966110,727756,760155,673043,714108,1627247,2278235,3469
1290056,1300889,1724237,1262560,237353,3791479,267877,508516,274454,372392,1234789,2301894,4561
1538591,1225058,1986893,1382744,443443,4469901,920886,742808,221747,246023,868934,1733099,5075
673032,851362,1242651,1172638,351634,4038317,725467,757562,262003,311481,835633,850876,2922
1289031,1989883,1708352,1115980,236761,5237438,704240,731210,662394,696209,1610235,2410114,3872
1254574,1251467,1679882,1219976,236228,3712900,269200,518737,234980,349085,1321706,2418696,4639
1220630,1153246,1672089,1243904,347346,4421196,717111,514602,275387,252799,892753,1561293,4790
1320054,1037699,2014140,1655515,551707,5173376,1116008,1166987,289937,336195,1211443,1605932,3930
1232211,1549135,1226660,1068507,238046,5681808,738491,769849,581106,605174,1524910,2255555,3851
1350553,1432698,1776180,1102582,238034,3530579,434832,473640,417542,475026,1349584,2280617,4612
1276356,1260568,1663032,1221620,335869,4279650,490278,519378,206827,309374,937285,2408920,4917
929694,905148,1569837,1114702,350526,3924127,728850,760735,237385,209291,462489,858886,3842
1130608,1158734,1426840,1083795,339529,5171666,903924,943832,487063,530918,1777583,2431972,3687
1456813,1860765,1957998,1497597,237340,4199295,278707,527073,569925,605347,1519133,2337634,4525
1292685,1247580,1712428,1234902,349902,4255203,720178,513122,191939,230354,886560,2330038,5093
929124,1024895,1611283,1155116,324436,4169359,672037,711049,263290,240796,468017,860107,3972
730068,900872,1301810,1220724,350939,4203035,725008,755091,310372,348956,883157,862649,2918
1233408,2007222,1694601,1086501,233684,4951063,702794,735823,632005,667448,1602452,2448811,3631
1579847,1554138,2107187,1542201,340582,4462228,496414,513031,310599,418431,1751089,3082758,5824
1211259,1064933,1664768,1202253,349845,4096110,727680,754307,275648,254083,496854,857067,3856
998150,935179,1634519,1402165,444517,4612960,910382,956188,317064,378264,1275167,881218,3088
1360985,2028102,1719730,1139738,184360,5232363,699720,730605,676265,731301,1631177,2200617,3779
1277113,1210415,1690777,1235031,238506,3661126,268316,508242,262405,368020,1274532,2340504,4623
1914013,1632638,2408361,1716563,543990,5469125,930206,753975,293072,358528,1284640,2355616,5717
644256,731685,1596219,1120744,354527,4001345,731519,764231,256836,299539,810022,863592,2946
1223790,1505598,1220947,988465,232899,5084676,696811,727267,557276,599280,1567450,2416061,3739
1335744,1503883,1778479,1333579,231955,3644726,269392,521041,417235,454753,1361283,2278107,4222
1302504,1300302,1721818,1241837,350422,4438093,677765,511531,204353,295505,902698,2343828,4970
926760,956483,1953075,1346511,443009,4402582,917181,972333,292293,285278,841890,872811,3992
1122610,1086722,1060082,854574,240784,5002525,728689,760603,416012,452768,1378352,2282051,4198
1499494,2001159,1991025,1516003,237151,4156321,271983,510006,552025,588013,1513691,2434582,4939
1228495,1212744,1675962,1233504,337923,4365426,719861,522298,199970,235036,923803,2375450,4983
937853,1015048,1676694,1183582,352803,4133626,728264,757647,274061,309974,477215,855838,2925
1067870,771724,1012887,936589,340127,4584977,920406,961432,295817,358053,1665401,2461840,4059
1516655,2174996,2053587,1610273,233857,4480508,271298,519425,674731,719954,1658040,2315332,4597
1311725,1268719,1760843,1303881,356131,4567182,727830,509332,215216,252556,948398,2380627,5311
905165,1067194,1628914,1152087,332683,3999531,696253,736972,267933,325739,519527,862832,2987
697831,659870,869059,922315,361061,4236967,746866,779729,257941,309763,1228467,1554609,2845
1574217,2143966,2104596,1369722,124155,4583773,486525,729532,666723,711091,1640147,2376014,4787
1531278,1419248,2008051,1455013,436299,4743543,701437,490033,211380,272193,1289754,2971137,5428
1340143,1513090,2163326,1556459,355562,4643265,733000,984918,417174,462602,942909,1543870,4167
673537,620508,1228260,1125815,337995,3851818,696532,736932,239643,283968,1213200,870165,3007
1436830,1689990,1538353,929280,123254,4854613,727452,759011,550182,588162,1481779,2276205,4638
1409335,1587051,1869882,1392833,354237,4308177,274143,285939,400402,501876,1424259,2366719,4540
1298520,1501568,2070449,1495093,443316,5009847,931138,987883,343202,308187,546154,1616630,4947
636845,553164,1210494,1057953,341072,3957252,705781,737306,244571,290916,1131885,1084669,2909
1464768,1371576,1503803,864183,126892,4271594,697848,728931,419266,474676,1403203,2470437,5025
1419496,1915386,1924806,1485559,344006,4772682,273966,283006,509847,612799,1539979,2333367,4353
1278350,1282576,1737271,1274337,346865,4473003,711796,733304,257363,244617,557268,1588547,5144
963631,1058973,1641873,1392015,446533,4544127,932402,990882,327723,367959,836734,869818,2970
991178,813545,1219288,665583,237938,3686606,726771,757698,288648,339861,1236782,2226593,3648
1555683,2224601,2100232,1650943,221562,4736845,269506,514722,661791,702973,1600380,2349978,4812
1269462,1272960,1701192,1256286,343380,4531857,730901,521622,220027,262929,971767,2390665,4732
917034,1042165,1651092,1196090,352633,4298321,728765,752643,278425,325280,504869,860424,3078
704026,666155,879346,915299,339627,4196483,694725,727734,264047,309232,1261840,1648191,2975
1793456,2285047,2376132,1601259,235567,5204753,495659,757140,620136,727289,1939383,2987855,4853
1302994,1215861,1690437,1206342,349410,4291449,713179,508809,271887,254738,907264,1605585,4840
1083948,1222798,1672604,1235384,440061,5273389,934160,989272,389174,374786,935834,1602826,3799
656906,576765,1207760,1099768,350062,3917453,726305,758766,245713,287436,1143034,859881,2914
1545454,1710008,1623111,1005301,125232,4631667,701119,732311,567982,604568,1565674,2449967,5016
1613072,1736823,2163693,1601170,453617,4828479,497983,520250,373512,475779,1385908,3029922,5572
994978,1322647,1728701,1247242,350863,4361164,719920,743102,323055,300173,544394,856584,4097
625096,505036,1205496,857141,336789,3894542,700975,741399,246760,297057,1235836,1632901,2990
1432077,1249211,1433983,1048168,124493,4155799,531753,774459,438124,467948,1380814,2282427,4435
1476440,2015918,2027684,1563899,345856,4653874,273234,282770,516369,616147,1504719,2356971,4694
1257427,1370594,2036185,1483971,443400,4919785,940579,997760,324121,314776,565704,1620266,4970
632516,636696,1286699,949479,350485,4157081,727451,758483,274887,324082,1205014,1566768,2961
1335906,841352,1250899,909345,123015,3675343,475405,720060,267382,299594,1224027,2399110,4944
1562177,2219521,2115460,1682403,348986,5263512,497359,281097,622021,677275,1714778,2357644,4800
1328295,1302611,1754090,1276154,352357,4526449,723123,745125,283908,302677,575742,1586422,4071
922112,1053721,1901633,1136037,433712,4513853,1111465,1179669,363375,425102,1586121,2398479,3675
1257428,814244,1247000,913080,126318,3607542,501130,760255,280226,310491,1212201,2228073,4246
1600332,2205296,2121091,1639689,359811,5133951,495573,283062,593793,612542,1621751,2415511,4633
1269307,1262730,1655013,1490105,433420,5082350,921448,975030,337864,372974,917385,1579548,3781
715667,1123287,1385045,1293330,353571,4475955,729531,761908,342936,378691,910441,891213,3100
947259,718905,1213750,637161,231495,3485505,695520,727733,236527,283200,1218200,2430465,3986
1663422,1904894,2175044,1642102,329765,4731384,499461,520643,524497,558991,1822868,2953426,5264
1397615,1618198,1881746,1426414,351984,5015835,721597,743177,371009,414316,665639,1571259,3766
667210,1116897,1326270,1237610,337493,4337885,701933,742817,350293,399565,934067,852405,2862
952287,770181,1228278,646402,233807,3528593,722762,756963,256287,296032,1184134,2227467,3837
1448945,1401521,1792660,1323123,238219,4075406,270584,507542,350882,423540,1340216,2399443,4736
1748701,2068455,2280679,1717590,448338,5496375,945562,754541,546958,537790,1196362,1671149,4348
707068,1123503,1325049,1237995,334128,4461702,696851,730667,347548,385713,1064471,878862,3097
923342,774299,1229743,646876,232153,3662472,699295,730188,283121,327131,1276028,2430315,3886
1296978,1082643,1601982,1152640,233905,3372286,271165,530166,234391,321734,1247160,2298483,4130
1525648,2160810,2086982,1639403,351152,5873583,719760,511347,598680,558427,1222315,1589157,4682
982132,1026629,1692051,1461056,444692,4877096,919924,975434,382976,428229,1309672,861610,3006
1181448,851090,1232769,651869,124658,3620195,725217,757564,270841,328613,1222647,2236383,4635
1346324,1120025,1677884,1205406,328660,3595569,268691,322859,227732,315243,1225070,2372384,4597
1549333,2119704,2042921,1591407,336180,5566585,715265,516483,591177,558981,1235984,1634222,4667
1798208,2021578,3674486,2688952,802926,6277686,1176629,1205335,741464,756288,1849568,2410553,7690
705705,925842,1364126,1018514,337211,4646048,702927,740364,356357,382996,1356490,1668609,3110
1575826,1055005,1647805,1207369,238609,3471212,503740,765585,366931,425488,1670808,2993791,5464
1580682,2010057,2035805,1566791,352145,5379115,716987,512716,457308,484329,1154386,2356586,4680
1130705,1691799,1884695,1441435,338285,4932757,715889,758654,499833,507043,729436,885350,3215
730043,1059587,1382252,1053489,345475,4429376,719179,752290,372714,421088,1301535,1567789,3068
1326947,820661,1283213,923401,125384,3552849,494739,741318,289885,338643,1299719,2473498,5238
1754534,1809995,2246628,1672642,445346,5005337,721655,518816,402487,451462,1498186,3077651,5779
1510248,2040035,2030690,1569419,349914,5428094,716825,738889,572762,547618,797293,874380,3848
719475,1070168,1398748,1325915,338106,4536998,708856,750713,365521,427028,1422853,892076,2932
1219189,931639,1290121,706808,128416,3677484,728425,763412,297659,357081,1280748,2244971,4551
1390303,1252975,1678473,1236781,246661,3685031,271819,459305,284112,358101,1260740,2308021,4649
1876618,2448094,2461791,1905389,444536,6151393,951043,764204,709766,690628,1350156,1634524,4534
714344,1003616,1381945,1311911,346378,4589572,721306,749070,368020,402689,1301096,849879,2919
1318674,1097890,1356606,757076,126328,3695949,704960,737210,321163,371596,1345937,2440582,5078
1337084,1086407,1665395,1225516,346960,3697810,272111,284489,254961,350425,1277897,2276838,4552
1637980,2268601,2155380,1691519,349009,5632877,702229,503304,579177,611064,1313100,2393618,4829
1349500,1544897,2470183,1774713,542235,5390709,1150054,1223756,469578,409533,994853,922899,4952
1033663,1077639,1010228,781792,239748,4369752,733046,764042,386454,420823,1335165,2264798,3845
1274040,1055741,1672283,1207461,230157,3008007,273516,510350,272437,319516,1262899,2392691,4555
1529710,1896393,2007154,1554965,343973,5335689,732495,525718,494202,509930,1198764,2310734,4728
1146291,1788181,1962495,1488165,353191,4919170,730262,752788,484220,536090,732003,871965,2870
697595,1057122,998912,1027980,337462,4500852,705712,745758,374533,408388,1363875,1658297,3010
1477004,932185,1735190,1149973,240093,3462076,475426,734198,278969,335109,1527592,2891763,5763
1456731,1505672,1826713,1357068,342358,4683744,479926,281004,287015,392299,1395501,2417905,4735
1434529,1894198,1935864,1486968,337472,5155394,726555,763927,575809,553585,786680,868114,3811
658421,865587,1331434,1283074,349156,4537383,729581,754116,320153,373460,1280672,853589,2995
1244920,851639,1271822,667727,123649,3615376,699758,735107,268447,316527,1244700,2414691,4975
1616721,1198311,1960737,1409619,458499,4316017,498516,480777,228927,343214,1385024,2968183,5407
1622521,2325668,2165847,1712976,349361,5995687,714513,738168,709707,677990,929029,871304,3730
985813,1103062,1703075,1475046,440049,4887580,930817,988478,388012,379048,1358886,851367,3908
1235858,840837,1242137,644384,123280,3595763,729119,762073,271266,320400,1216504,2235721,4787
1316577,1109495,1643558,1183475,226230,3025114,269906,504927,283064,324619,1270679,2369675,4585
2141260,2582230,2834147,2181102,554742,7214921,958363,764238,614749,736828,1646429,2959157,5174
684643,1032985,1430065,1239981,351920,4399352,727803,749716,315532,360863,923104,867348,3095
983676,911609,965866,732547,230309,4401770,691829,731431,334907,359050,1294354,2400182,4060
1251175,884601,1576634,1137112,237063,2759044,270702,521441,255944,303788,1211105,2262266,4780
1568176,1935802,1995786,1509219,346020,5201438,707111,508628,433877,464738,1132616,2420246,5136
1033109,1529616,1782402,1342160,331815,4791137,711001,750736,451438,492315,644965,861165,2704
1008942,1149463,1378676,1011639,352860,4437576,964163,1004310,398365,436095,1610482,2275666,3997
1284909,964949,1645370,906058,228594,2959690,485411,516469,263357,307543,1266559,2420811,5213
1367144,1476812,1766692,1348440,332447,4870961,468817,312836,310670,394192,1305679,2178907,4680
1494472,2002020,2007102,1531739,350118,5249381,711514,734124,559810,525022,755001,849774,3802
660177,848699,1296083,1226630,335492,4227424,712009,754440,317331,352109,1297846,852078,2937
1496207,922204,1610276,899695,237003,3594631,719514,751411,327463,367356,1544099,2905054,5694
1425915,1228407,1714362,1233058,343931,4155643,487095,507160,209424,308907,937426,2418392,4578
1166240,2082480,2014456,1582607,340771,5555414,725177,757952,668835,640951,872630,830779,3541
666876,881583,1332162,1195438,338325,4473235,703088,724609,317861,373881,1231622,1147043,2928
933031,632687,877390,650344,230746,4105490,708810,749533,262443,302655,1248768,2424772,4125
1601524,1381169,2084981,1520010,349381,3847072,496576,518347,294684,356144,1640919,2907724,5453
1935186,2502774,2541296,1949690,342537,5694719,698222,936097,663925,711488,1293363,2367360,4932
687027,1082430,1341480,1273045,337569,4479684,724968,765387,340916,395399,967442,873204,2953
953877,941156,1312819,702217,237173,3744738,729899,756310,284321,332172,1237070,2292485,4043
1286816,956090,1567604,1111565,216964,3050222,269125,504825,268426,322086,1220758,2326492,4861
1853489,2393602,2475782,1925750,457195,6464465,958635,764777,632337,676284,1302541,2313790,5010
706263,1148705,1384971,1330634,348655,4728924,716006,737520,378925,418492,943259,863384,2985
981900,878424,938484,982579,233064,4417822,726385,767620,331435,380789,1348015,1636044,4123
1278338,918962,1617953,880158,236322,2943138,500294,524909,239526,286229,1157110,2255198,4526
1484989,1671740,1893805,1416741,340382,4895910,483019,504797,386166,473088,1099935,2376279,4419
1226274,1862961,1934151,1468266,341858,4916415,729440,762183,522546,508497,738919,847697,3415
977118,920660,1349080,1824219,460904,7179487,1176966,1207513,588644,639424,2126156,1592187,3806
1845594,1672773,2354367,1478090,331286,4042570,694885,735570,430766,489743,1274425,3168724,6647
1406101,1396396,1786723,1355040,346695,4657737,497202,523421,209576,288978,928898,2240537,4620
1188882,2084011,2031130,1577580,339163,5440935,695364,720401,612939,583084,815682,856728,3821
667612,1123023,1319267,1232683,337187,4222129,727525,760514,348126,398745,935429,842757,2878
1248089,955970,1586872,929167,236060,3742573,727414,985347,318758,365650,1545660,2973778,4773
1343164,1089945,1690141,1224400,427810,4460729,685641,492888,345337,389036,1679660,3083422,4713
1482176,2090792,2046543,1635346,347306,5945673,734561,767812,585321,604610,820233,1556318,3580
695468,1139363,1385141,1317111,348631,4450879,711100,731606,345753,396094,939024,871933,3001
942095,960539,1274908,678465,222642,3429759,697451,740528,298148,339829,1270609,2368780,3859
1561527,1229835,2011682,1438884,344664,4038425,497641,522099,186883,294866,1567600,2915451,5663
1581450,2213178,2090870,1612834,339492,5514054,697507,729192,633207,624053,877942,874564,3600
933684,1122179,1696366,1265859,328445,4350188,697300,727652,370311,418986,956934,859957,2908
1006141,958529,976661,1048845,239039,4534473,723373,745851,306848,373704,1273300,1626634,4119
1261199,936228,1602593,893101,228636,3081131,484650,510982,258921,320512,1267323,2405891,4769
1440851,1711158,1877619,1438911,341588,5097809,497949,520018,370837,468544,1078986,2195540,4621
1102031,1707025,2310927,1740615,454547,5594900,919272,954716,507017,508421,1066920,858095,3795
941278,890336,942038,751122,229440,4244470,716240,757136,356962,401814,1336757,2353265,3640
1166678,843430,1567835,948293,234842,2815465,386624,482114,223902,277904,1126944,2172095,4898
1504212,1562302,1836408,1380871,337293,4730874,486020,508480,311312,387596,1041242,2420626,4723
1439110,1981370,2321055,1758301,456386,5758146,953960,999177,583160,616781,1158438,1573493,3749
694068,1119104,1357296,1301020,457707,4970626,929438,958505,398844,458092,1302600,1618427,2967
1246181,1040620,1626299,916266,124361,2978241,492488,758214,292878,327785,1256998,2364901,4766
1310676,1052131,2027437,1495110,450434,4982489,714589,506264,263589,376230,1598420,2202630,4544
1689715,2410198,2286327,1804426,344466,6179220,701661,732780,639157,724317,961782,1112802,4124
665032,1068364,1799769,1562730,448645,5474143,965018,1009099,413059,479715,1397980,844783,2929
1253502,1079220,1671372,936249,235257,3595856,722304,975723,327354,388594,1579046,3031835,4999
1347500,1048454,1627696,1163341,332121,4019552,482892,278828,145552,229943,1245370,2408310,4580
1561225,2226639,2121972,1697272,346449,5984768,727475,763964,626624,579077,884311,1546886,4588
704232,1067176,1749893,1258206,340904,4319941,699267,732893,336485,390863,968756,896484,3187
965404,907303,948675,852032,230443,4489085,723495,763156,339431,361586,1315132,2247100,3873
1559458,1137503,2020979,1164877,348222,3412773,497672,516525,264478,375110,1544547,2956333,5597
1547384,1902802,2001441,1529869,334089,5125942,697906,735311,522004,488377,786116,1631470,4823
788764,1434726,1861242,1414288,342290,4969952,728405,758067,488534,524110,1053673,866454,2902
1046514,998820,973298,757467,235844,4380880,710816,732699,343334,381577,1296872,2370944,4204
1216229,867688,1573807,1131615,227666,2809159,268771,517497,251190,300098,1231782,2389815,4803
1388444,1442171,1819328,1377837,346407,4651430,500406,283941,352570,405671,1354193,2227423,4451
1472289,2209220,2395530,1790522,439657,5798170,901802,942941,548376,589218,735776,1572630,3893
677601,901407,970046,1021845,340171,4459004,726022,758547,351582,403027,1345335,1584073,3023
1248693,1031882,1672543,936504,123778,2975985,494030,730069,280748,332827,1215395,2276408,4813
1695677,1307122,2041264,1466815,431655,4885707,692290,501938,234848,247254,1268874,2433150,5521
1523920,2229250,2106139,1658365,346477,5815304,729799,765058,669879,643762,875192,878241,4069
754256,910221,1343190,1280606,419736,4980462,901275,934139,394125,448733,1652910,1561685,3101
1228143,1086337,1653268,960899,124211,3153921,494270,761424,274858,332959,1293955,2360030,4960
1326898,1073773,1673984,1208843,347566,3698352,270013,279169,225680,331663,1206931,2267078,4622
1633573,2249708,2131510,1654017,329943,5879674,690310,727915,637025,594535,928045,1672510,4977
742444,1084461,1705841,1263535,343863,4485857,729621,767117,328724,363738,912339,899938,3143
1361243,1208079,1394392,1019070,236889,4310555,714231,964766,404760,457839,1683800,3110358,5036
1245318,1068948,1597942,1163446,319001,3466125,348459,281831,225398,325752,1238810,2267944,4584
1512951,1857220,1985145,1545071,348573,5327739,729930,763295,500986,461623,794125,1569538,4555
827527,1670096,1963424,1476485,342111,4783053,702406,734300,485998,532823,1091756,866477,2887
1025871,1118164,1070752,850826,233726,4616157,721276,756304,434778,470423,1414179,2311008,3833
1567737,1151280,2028513,1171936,236980,3412741,497227,743059,257933,367937,1572033,3050336,5931
1448666,1677152,1853432,1391113,233692,4095980,271739,523380,414724,507279,1481778,2331700,4478
1464532,2011265,1984892,1553448,331864,5483316,687528,479041,486677,513895,1197351,1800132,4561
1016727,1488517,1800102,1318440,335142,4491116,705549,747787,394075,436549,600460,876909,2831
986105,975668,1305019,965141,348328,4278011,942593,985628,377938,415267,1628556,2175675,3930
1351597,1101659,1706469,1001720,127144,3289367,495772,739118,300953,352831,1295292,2375132,4679
1843648,2314860,2432688,1865033,439948,6227247,718150,521382,615755,630008,1647305,2374922,5760
988779,1364966,1757773,1290487,345592,4411674,727540,748582,342503,319359,563193,870229,3822
627002,741852,1258578,1032852,332245,4091334,699410,738860,289355,337129,1277730,1518273,2910
1231693,800103,1213471,627831,123915,3499807,728525,761950,240720,292472,1216924,2246471,4467
1608936,2236152,2151885,1687780,349554,5384665,273459,285129,577475,669970,1595777,2319719,4809
1336293,1474063,2101680,1539996,440415,4965332,937764,995202,349596,338513,608647,1636935,4595
681298,930663,1346790,1025543,341182,4499195,715875,750613,315039,355919,1265325,1552180,3045
1293793,645048,1193059,822778,121753,3316035,484782,731172,227936,273727,1209649,2429471,5096
1435743,1764087,1881390,1410516,337763,4534519,483093,285630,453418,513807,1504648,2315552,4435
1388856,1754147,1881770,1443380,342745,5062452,707359,499609,341875,368647,1039178,2230933,4196
959119,1280295,1695494,1477160,437310,4953429,924896,981952,399333,460323,959697,850088,2932
924053,619168,1167389,587746,235664,3373987,727523,758474,203710,251791,1160364,2213473,3734
1475545,1572054,1849742,1613613,344046,4745602,484356,718750,426305,536266,1746891,2373845,4913
1483455,2024615,1995286,1546604,335032,5322412,719254,522008,522115,487866,1209455,1601003,4533
995421,1169150,1784186,1294584,346732,4386118,730080,755685,366341,403654,907978,867203,3048
642160,596427,851997,875836,433620,4579487,897765,942034,297611,351475,1592334,2372742,3028
1595370,1293164,2030936,1230818,236399,3699474,496715,756564,271449,400254,1657182,2993951,5176
1590020,2237187,2129634,1655491,348003,5584128,487940,503309,541472,635997,1271290,2356379,4453
994528,1322768,1697019,1257048,327443,4318159,703756,744406,349586,341499,575487,870332,3752
653783,784335,1283380,947088,345388,4141318,725273,760517,291341,343114,1220953,1554387,2976
1307225,737770,1209539,851800,122436,3361713,486495,731873,250307,290537,1230670,2419311,4621
1823383,2275073,2403321,1857949,439221,6059835,618061,526701,610864,723449,1642685,2975908,5539
994555,1326079,1762961,1306197,346377,4482473,727146,749717,331419,320607,573814,851730,3568
656935,848702,1281725,945533,333515,4370360,704539,746412,336675,394529,1347448,1636260,2808
1203764,799705,1212049,889749,125024,3456281,489429,750546,246888,283546,1168749,2185798,4388
1501738,1743773,1920122,1469003,232458,4592430,266159,505317,462290,547774,1484257,2383772,4395
1691491,1798693,2227814,1655900,442991,5522206,955314,762369,487139,476264,1126306,1585198,4677
1090898,1517729,1840560,1672902,446074,5838766,931847,961060,459026,503484,1024534,869397,2940
914818,628971,1201555,600594,229148,3426084,698624,730161,221978,259815,1226019,2419116,4112
1409035,1437014,1763074,1330072,235277,3971081,267909,518231,333868,426542,1346108,2254996,4435
1513884,1973407,2015488,1554215,346043,5287471,709550,506547,520854,491533,1161071,1603866,4609
978532,1167952,1713557,1497319,435545,4824776,927933,987333,409190,457160,1319541,855979,2942
1251549,1098441,1676257,959757,224758,4314389,943145,990204,357558,395728,1208649,2244651,4750
1397895,1049961,1664004,1101717,229991,3031329,295804,510150,292390,338557,1292199,2417097,4641
1523458,2117204,2064884,1633751,341452,5764468,497351,522084,534632,620008,1225847,2299267,4519
989786,1311738,1756841,1277474,346389,4409260,722073,744877,330102,301989,543901,863671,3752
626946,701070,1244139,911936,334298,4171634,705260,747374,282338,319118,1272436,1621405,2820
1598047,1078888,1658050,1214371,237555,3540474,491100,752902,360653,410897,1618923,2882280,5314
1609937,2208734,2144615,1672596,349004,5716112,705824,507628,540500,574768,1271109,2426117,4845
983357,1243115,1693687,1248444,334413,4307276,721035,763126,343848,348947,532590,858932,3049
704083,928428,1309663,1000909,335928,4278144,705611,733054,341716,380551,1246853,1559508,2896
966135,705797,1215618,642338,227884,3458124,697767,739203,231039,284653,1237312,2400745,3850
1767496,1961361,2303117,1758340,345103,5167238,495151,521607,494591,581907,1873551,2961667,5303
1437413,1695311,1928429,1459813,345310,4816931,712424,734959,445486,438521,685598,877576,3864
664805,913538,1307408,1247818,332186,4372312,710800,753125,363393,412483,1345533,876004,3001
1184955,671287,1200883,624055,125641,3408191,725939,760963,227199,280400,1173621,2223275,4750
1437006,1431899,1751629,1306705,248530,4082435,270710,439250,347088,428005,1325322,2299387,4581
1732722,2102801,2314174,1772376,445199,5720963,956188,760436,568337,557074,1200131,1560850,4151
1015664,1163892,1789822,1576549,446326,5343762,930570,958143,421763,382546,1262853,848674,3816
984675,723189,953438,755086,237107,4781234,723609,763253,318096,371101,1391215,2516262,4231
1391673,1311481,1737258,1254757,239079,3126547,277222,529317,343194,382986,1323399,2253984,4616
1573146,2280208,2117724,1654692,346338,5609355,700724,507874,546681,576679,1296159,2430427,4799
1022172,1476645,1741577,1302336,325187,4485190,695796,733676,408226,377898,632788,871538,3593
929030,713026,1263881,935128,351245,4753732,959996,994420,320507,370554,1553633,2256375,3724
1329419,1046597,1658052,1179918,226641,3112662,271166,508066,256461,314020,1240399,2395812,4846
1557970,2055105,2068037,1630696,346874,5774586,728764,526722,560468,573174,1245015,2268051,4319
1017495,1334483,1765683,1291518,350027,4391693,715506,737635,325140,374407,545768,850054,2927
671694,948685,1328593,1232358,334008,4385592,714161,758035,350417,399514,1300199,864844,2957
1370238,935858,1613617,874682,157408,3351804,708921,979572,285475,349694,1512159,2918743,4982
1528985,1847869,1968378,1476801,340392,5218097,482755,281142,405279,514116,1543497,2429391,4766
1349745,1535459,1825284,1393657,342125,4826033,727572,760371,487200,469912,697491,854318,3570
704944,993838,1383936,1270230,348493,4442735,721939,746123,316780,376261,1255333,860475,2983
1558392,936524,1614239,918753,125520,3488645,705859,976413,326218,380397,1653382,3171120,5479
1673574,1594484,2139408,1586550,457697,4855586,500618,497966,342993,449322,1449562,2898497,5284
1467361,1960812,1973411,1513584,347702,5086533,703364,729237,537791,511369,744930,863021,3692
979949,1086859,1689117,1496297,428894,5052109,710716,749244,324337,457359,1690068,1571403,4015
1264866,879869,1315394,687365,128434,3778226,734839,766623,297123,339642,1224570,2288306,5036
1355891,1114540,1653170,1185583,334825,3663557,271253,283708,189323,291121,1249231,2381741,4711
1528346,2356087,2427585,1867745,451702,6118743,958985,1001750,700124,681962,918506,1577037,4141
675761,890265,1364661,1101485,349742,4586237,721844,744189,327815,378214,1284090,1511561,2882
1224745,880651,1253148,693184,125842,3589685,675326,724691,261516,313291,1244468,2357102,5023
1310217,1025351,1648402,1194364,343986,3795724,275294,291140,240032,338466,1231911,2241492,4685
1616305,2140128,2121954,1648273,347760,5743294,704335,731038,622494,592971,914424,1621958,4467
707242,1029263,1663914,1239349,330902,4344631,707206,750794,311732,350512,912881,855499,2896
1017839,994102,1302136,956187,348692,4488702,958204,982240,371949,419728,1611524,2297630,4035
1281314,999030,1605261,1135014,229370,3396507,268393,508443,177100,281167,1201350,2427271,4938
1454238,1837604,1922948,1494480,332531,5467401,694134,489611,444473,472530,1128327,2012928,4706
1108209,1560886,1864372,1376617,348148,4623644,711394,735040,422615,463956,655474,851077,2882
678274,946728,949280,996139,335544,4470930,710345,751873,339467,381864,1306811,1610541,2933
1508738,1177095,1995649,1164754,235691,3485925,497816,750752,255600,385980,1545747,2892327,5575
1465891,1514873,1825559,1337671,341576,4658199,699665,506701,346863,330164,997729,1631380,4839
1134798,1700580,1945144,1492492,339027,5237599,727915,758501,579866,621474,1151330,854686,2831
1029073,1178796,1780521,1493321,342194,4379881,699687,936068,399004,456088,1602195,1891547,4139
1279590,944893,1312434,708475,126575,3718177,706318,750132,295530,343731,1280329,2441732,4890
1597255,1224743,1994564,1451721,461494,4224305,498829,522613,237093,350856,1266682,2916780,5548
1264399,2171157,2113327,1656649,346163,5784034,701736,731010,654109,623403,850749,853731,3812
689623,901330,1339697,1021080,338097,4641214,724536,762512,337615,395995,1365209,1618247,2996
1237661,938980,1326679,1005258,125535,3778732,489858,746394,312491,360603,1232043,2252713,4949
1381772,1055979,1643076,1179248,339419,3653844,434912,289261,222954,312013,1283072,2430930,4794
1572865,2197926,2092581,1652665,346003,5921037,732008,763064,600138,562215,871506,1575569,4755
990497,1220990,1694276,1498753,461508,4802984,924368,952983,381165,440839,936033,866281,3013
985922,1091796,1305534,748189,229332,3898902,714951,759628,327438,364837,1319740,2403343,4075
1221321,873578,1581087,1127919,236385,3342247,271239,522690,196270,294307,1186195,2226685,4510
1537481,1919327,2007025,1535247,341312,5229588,701004,507927,525448,487002,1177349,1622371,4900
1060601,1506730,1811250,1354677,341475,4855878,728468,761091,445596,477602,906988,846332,2860
993976,1179378,1333659,993783,349224,4445355,941487,967280,385324,426537,1607599,2274420,4020
1272735,883689,1615511,1143317,230444,3449271,270832,514017,186198,290821,1243208,2428910,5087
1406153,1487137,1824482,1377418,348920,4865619,728826,520472,382649,330568,1009551,1554675,4746
1172551,1974305,2007716,1544504,442295,5947418,889458,928346,631774,604674,1129127,1588894,3898
680239,920690,1369028,1032456,342612,4520896,731997,767807,343975,390566,1333831,1632121,3041
1543926,1049247,1687111,1143630,236406,3495442,518679,753689,346160,387477,1546606,2973894,5541
1352389,1124105,1642681,1192240,323013,4307386,481523,496252,143021,242205,873287,2315496,4783
1206931,2117749,2043097,1600814,346848,5715465,727554,759315,655246,633391,868081,862689,3697
705858,901236,1368707,1039369,354304,4406000,720787,741113,319083,373302,1299395,1615987,3016
1261254,908479,1279084,939725,125483,3595662,483320,747858,275051,334875,1281058,2374013,4949
1586356,1190960,1988845,1423476,464868,4203049,730572,522263,207170,254522,1222710,2935915,5251
1598481,2204007,2126425,1652463,337178,5807404,697157,730556,690392,671529,903246,860252,3760
689485,1087320,1283464,1217399,328220,4384270,698681,730205,292727,345914,966191,845754,2851
964565,1017688,1302890,728077,237327,3984425,722944,743997,332228,387107,1285170,2323002,4003
1265278,945483,1577571,1113529,230120,3304693,268086,511432,171000,268213,1218296,2394943,4417
1475978,1875351,1935116,1505370,344872,5421380,719953,523477,500202,445372,1099998,1504923,4509
1062010,1292904,1837915,1624587,459923,5270234,924633,957553,491035,551276,1423598,848261,2874
1554230,1396478,1746998,1054298,234728,4642006,942641,997370,431901,406824,1374639,2358252,5741
1260226,1010402,1622251,1177962,283015,3526208,272192,391274,232981,317217,1173971,2176608,4844
1468456,1458810,1772048,1314444,334785,4622974,487308,513030,301890,384642,1024930,2447184,4979
1132675,2045590,2314338,1765900,453238,6040987,941390,983805,656241,620938,756585,859833,3529
1012811,938730,1393612,1041087,351755,5071873,937792,965164,390526,455101,1671570,2367523,4043
1225887,1048680,1612775,1156222,230012,3087160,270683,518202,280282,327244,1255252,2405441,4661
1286667,1009949,1614459,1184746,349942,4257852,729297,523515,168351,216417,883199,2196971,4294
1298906,2337695,2229878,1757480,345818,6141840,704973,736723,714540,695452,891647,840775,3375
692042,945033,1348591,1021850,342376,4575573,731498,766005,325530,384827,1336192,1599068,3104
1545567,1077864,1694001,1235185,241041,3710814,506069,756227,333734,395757,1572919,3034262,5985
1348532,1029482,1611422,1149701,335086,4080626,701192,513138,153850,182572,882883,2404683,4747
1256801,2135937,2048829,1625675,346968,5858975,727721,761521,647764,688010,848068,848536,2905
671882,842632,915921,954971,349324,4294384,712012,734370,322555,375222,1296550,1606666,2933
1275359,1100443,1554582,978847,124173,3665371,490988,755520,331164,356445,1308027,2378706,5012
1224784,874161,1589551,1145245,349816,3395981,500619,284160,191047,227656,1166248,2233070,4665
1528007,2040479,2339471,1737763,452821,5675344,916578,957860,543239,585237,756689,1612661,3826
774222,1140372,1084197,1123426,337204,4842277,719863,750968,444080,477419,1388890,1574565,3011
1345439,1351555,1746681,1008252,124619,3233670,493945,744896,344379,376919,1260557,2316937,5037
1256047,910808,1582768,1116466,334107,3363869,267275,280889,192055,294792,1247417,2434999,4965
1407317,1430390,1795009,1368394,348287,4737992,726837,740541,373440,344059,702704,1546616,4710
1501964,1991600,2425439,2094390,558581,6446357,1122238,1171447,676884,732280,1513752,877931,3010
1291537,1150486,1361906,786203,125084,3929587,725562,764367,362850,420297,1387349,2374430,5087
1228212,1055615,1667603,1208432,345608,3602507,270071,277989,217446,323159,1198557,2250336,4830
1369606,1086446,1651634,1190808,338305,4190145,696142,729498,206086,171731,492472,1652856,4619
992404,1986516,2108394,1660233,344385,5635722,729097,763907,705869,756600,1308912,878294,3008
1269176,1065679,1299817,786547,235247,4280934,857366,934029,376191,438831,1607032,2969909,4793
1316889,1148850,1705452,1219533,340769,3668996,281422,294208,255073,368059,1321604,2440549,4833
1273680,1021877,1626375,1182799,349138,4180848,727604,760212,218905,200521,508028,1522573,4303
946179,1914228,2060672,1601409,340139,5669619,690656,720443,650371,694292,1225990,850981,2819
955146,899516,964558,756785,230761,4371392,722740,760768,300624,360728,1316672,2327589,3700
1594882,1338688,2092023,1518592,349266,3861689,495429,517239,320531,374381,1623281,3005486,6087
1251918,979356,1590824,1123746,321383,3918998,670890,705777,182670,151500,458680,1650717,4667
921208,1675248,1922705,1491340,344918,5485221,731571,764069,582105,612776,1160460,861813,2838
1042758,1083558,1020512,806257,236423,4694857,713504,735745,423598,476035,1402510,2308295,3632
1287469,1333890,1700209,1230918,229982,3324517,270295,516832,338059,377105,1329825,2428945,4910
1203553,900981,1589241,1157118,349620,3990684,728764,521758,149785,163763,805568,2196761,4599
1489899,1752178,2221735,1908895,554537,5905293,1109883,1155622,554410,529935,1029617,856793,3827
1124802,1512920,1368555,990223,231073,5111714,698387,736542,568318,603423,1494674,2276795,3655
1294969,1205278,1717930,1238455,239235,3147135,271701,518325,297587,340709,1233240,2294497,4917
1281137,1081035,1659317,1180717,337567,4118220,697560,503017,162873,184163,866961,2441531,5078
1015261,1101788,1624290,1213594,345105,4376535,726652,762176,328557,371604,548077,852040,2865
1242013,1987397,1703540,1359287,348555,5549260,936653,963884,681955,724081,1910316,2319133,3695
1324005,1239402,1708779,1253141,230963,3854552,274499,523344,269833,383322,1343247,2436436,5296
1197587,1012998,1654065,1215556,351733,4174749,729654,522796,173363,197010,857863,1636447,4735
1027030,1061768,1661106,1193368,344813,4125271,700763,732731,255809,305617,501851,863317,2882
939660,1786362,1267997,1300887,338254,5672323,726246,763806,610417,652464,1618217,1594258,2854
1570499,1321948,2064352,1228265,238531,3759189,502735,754413,303027,414479,1599328,2970036,5505
1300214,1296868,1703684,1245464,332798,4412872,690443,508322,255585,211539,885217,1598952,4796
929158,700432,1549533,1105229,346236,3892235,730625,763724,244034,287083,827552,843808,2945
1194858,1568407,1225451,1264265,244202,5263240,714484,732874,552148,580238,1495672,1606251,3600
1625528,1630547,2119689,1278209,126350,3643754,484973,954508,462729,505881,1723176,3096227,5205
1319332,1437661,1789103,1325656,351635,4602704,504054,288328,280688,366656,1343136,2247064,5031
1268877,991388,2061628,1481624,457578,4628494,919831,959108,326538,325303,884337,856425,3962
1421540,1344136,1440156,1345224,329414,5469138,935044,983920,516599,476711,1423221,1589285,4411
1469459,1894150,2006704,1272662,237843,4267630,505288,524422,538070,586992,1484059,2287941,4279
1298067,1227387,1710711,1236204,338666,4405068,485092,506344,204246,299618,929254,2431202,5082
1136918,1007777,1583538,1155210,331160,4173825,696520,725444,269571,266067,525689,865436,3956
1077188,753724,1287215,1202945,349471,4695499,933073,962004,333962,375605,1551504,1623250,3897
1565987,2173293,2072423,1345274,228142,4414341,486598,516738,660676,704044,1666895,2424163,4418
1280088,1264718,1712740,1258233,346991,4614522,507952,529914,198225,295384,892743,2212849,4902
951605,1099400,1677889,1221595,345911,4221576,702194,733172,263151,255124,506595,858739,3869
673321,700953,1241735,897008,337574,4116116,723429,761238,285113,322488,1265217,1573589,2851
1783686,2109861,2042440,1440087,238475,5035040,587110,724610,701395,733254,1857711,2847936,5163
1292195,1292194,1726931,1266555,337741,4391456,485819,507100,202491,315615,960367,2393323,4643
918125,1116872,1625965,1202583,346721,4289048,730596,763324,310233,296321,519005,849170,3834
712256,659775,1260552,901161,349103,3933572,715217,736889,228265,274409,1176385,1586543,2967
1551406,1816206,1643411,1316429,125543,5008675,490136,749076,642275,668964,1616659,2433798,4481
1613897,1492202,2120586,1545438,461726,4541638,725894,518135,327230,385784,1359982,2893379,5045
1001129,1302142,1730543,1274511,343926,4369282,696364,729156,311159,292015,518828,854429,3624
971087,762210,1577864,1130253,431246,4612487,923703,971810,253004,294996,1242245,2268506,3881
1466152,1488169,1515563,1168399,122688,4296078,500359,758706,467866,508826,1408301,2294581,4418
1496232,1891322,1975017,1487090,337894,4657251,486265,283706,494390,516186,1518181,2423575,4406
1251677,1245234,1673627,1222030,345943,4277228,727723,758815,264808,296374,536120,1579497,3709
642042,709986,1223391,1159286,462418,4546853,933978,963142,278191,329353,1185095,1601865,3003
1359534,992990,1590362,1008467,123545,3650559,488206,749943,374883,409909,1340937,2397472,4698
1496791,2072987,2052530,1589946,235919,4961131,270618,521166,551648,642858,1519789,2259550,4467
1378027,1448916,1852315,1343607,345257,4511457,709272,516030,321955,297263,997038,1657812,5155
950948,952672,1676050,1210854,344116,4135400,731046,764205,307542,353166,908616,881528,2887
1345207,968138,1306959,967725,232027,4250938,936528,964158,331612,395109,1572268,2299659,4546
1571731,2246125,2084321,1595622,336298,5108334,269724,281841,595665,707305,1687541,2411833,4428
1239144,1230335,1696208,1273967,348438,4505928,726187,742176,281918,260511,621205,1530440,4421
923201,1004437,1657057,1203115,331332,4124875,676909,702700,276047,335764,886159,862071,2944
934842,552943,837440,861641,230147,3967514,719397,761533,267713,309330,1234034,1593589,3540
1854767,2121081,2077775,1616223,232145,4920566,496150,745372,691029,746454,1912880,2986411,5643
1356572,1437485,1794104,1328678,334607,4551050,695041,507049,239779,272331,965251,2420475,4712
975795,1204374,1681948,1253052,346203,4533114,728772,761399,335094,386790,551548,875521,3101
995767,840690,1265534,1206799,452645,4775895,709717,732471,236309,364686,1563567,2289550,3943
1411513,1407832,1515731,1138785,127577,4397827,465602,716895,466972,495865,1382140,2246456,4243
1403242,1695819,1888906,1435029,350637,4509444,500347,283587,443327,479721,1437456,2201377,4127
1584241,1465825,2049300,1459689,435771,4610837,693126,733589,254580,302141,928949,2411074,5826
626056,683572,1598772,1153482,350150,4107743,728814,759383,243928,296152,836158,868800,3007
785647,835686,946964,988265,342739,4529069,695710,730751,378135,438413,1389135,1648486,2965
1461182,2004026,1995306,1293284,124288,4294459,496270,760459,616517,657803,1601200,2333204,4446
1257642,1290218,1706358,1251426,334434,4029640,497348,283450,270680,298842,1222333,2181024,4613
1254168,1134303,1997787,1398282,443186,4590999,912090,956213,245965,304399,497874,1649289,4066
717439,688555,896134,933729,345705,4321888,725989,761506,288310,338630,1245160,1572461,3048
1597544,2245354,2122201,1368130,123169,4649364,494806,739648,623653,676970,1577335,2339034,4280
1277014,1210517,1648153,1219636,333941,4295486,490004,281303,204055,306979,1337147,2375955,4532
1199884,1104529,1645750,1200482,349542,4192445,727880,760564,274061,267297,509187,857016,3669
802155,748025,1601175,1373681,446736,4455974,913985,955358,312064,361584,1231742,844441,2919
1793086,2023260,2017981,1334068,234522,5744965,958792,1002616,676955,724435,1636206,2954316,4702
1384227,1478377,1878789,1408654,352162,4244915,271917,282779,300571,435072,1351629,2369756,5261
1294908,1246674,1704490,1254155,336388,4456677,701920,742459,287125,270634,594532,1687263,5344
648813,753627,1596988,1141873,453673,4680460,941004,981959,302573,341766,1158624,1499608,2968
1534848,1533212,1540593,1105926,238645,5075929,725469,953796,556325,604137,1842089,3185409,4886
1408016,1672209,1860236,1403950,337240,4287854,272536,285584,428373,530174,1499491,2350387,4236
1277298,1289752,1733735,1265011,350396,4461447,729525,757919,274687,246138,521608,1567305,4852
968244,913986,1593977,1120366,335676,3970424,700079,739828,244342,282353,467537,877568,3014
834513,1095871,1012320,1054608,342749,4523872,715579,749917,366064,423177,1318243,1527446,2990
1529824,1999573,2048335,1279668,125932,4337359,496455,739753,584928,629408,1544072,2404482,4932
1582473,1403015,2041853,1455081,442538,4845879,717952,523752,264629,309115,1310765,2464150,5578
937849,984464,1619553,1180034,339845,4273055,708333,738143,252522,305643,518898,846723,2894
732497,770472,926044,942562,342277,4142937,697603,729064,299691,345692,1244653,1623363,2983
1521744,2138653,2071007,1355446,124350,4628721,497698,756622,661586,701068,1653586,2342056,4752
1306679,1314880,1749238,1271151,343785,4444603,482071,277975,223759,308313,1259300,2281456,4828
1275501,1055279,2015475,1408607,438465,4568018,911598,969113,322147,309804,868677,872015,3916
965377,642280,860798,900800,235047,4057447,728620,762907,262581,314042,1227208,1547966,3669
1562917,2269914,2080875,1374632,156939,4578941,491240,647804,668108,718721,1612258,2283149,4474
1282807,1250872,1698076,1246196,335711,4414539,491595,281721,218211,317156,1314153,2410649,4933
1273478,1282919,2129808,1565352,453424,5125705,940628,982955,415183,394699,906089,846850,4035
943215,522036,1217579,1127470,338580,4551373,906446,949369,281724,333196,1568059,1633257,3768
1475125,1726467,1901346,1208053,236353,4177834,504234,523578,521714,575521,1526289,2343786,4746
1397477,1664061,1907307,1452121,349222,5114778,493762,508865,319316,419788,1037024,2303235,4663
1175775,1238328,1674307,1210681,321377,4466426,670329,707719,329579,324188,573177,894917,4232
621637,692297,1586079,1151918,348557,4017154,727102,762052,222795,272603,812274,850120,3025
1137386,1074087,1043093,835978,232337,4700394,697206,731728,414565,436988,1356648,2405727,3973
1523554,2228808,2438314,1822454,449618,5818130,914429,957367,591614,558315,792990,1660433,4616
681758,961628,1361754,1033954,344066,4545785,731093,763521,348359,403669,1342886,1587059,2923
1249572,858612,1277280,946029,125126,3631279,494828,741062,275123,322727,1202154,2307310,4972
1367008,1058938,1635112,1174276,333861,3688271,428556,277839,228865,315075,1265578,2409806,4532
1517895,2166725,2082278,1639484,348795,5638501,725818,760757,601051,565521,870592,1551503,4214
698125,1085207,1724833,1234822,459340,4861044,927696,957462,388019,429212,1296696,1650745,2935
918038,897348,1246938,690530,232365,3720363,729195,761424,296683,341432,1298898,2331205,3944
1261073,1005621,1643778,1173467,237148,3481680,270773,515867,224869,320973,1194273,2261496,4494
1599243,2155509,2084292,1612725,336315,5685042,699300,508460,605415,560549,1260630,1631742,4828
991020,1227650,1702663,1249658,346715,4564403,728259,759577,344242,382539,807927,853213,3016
1049859,1147530,1364571,995553,455173,4739724,1140316,1172409,414760,463789,1954587,3052958,4108
1269150,869444,1603281,1142760,233249,3534076,273648,516189,183286,290354,1253869,2448861,4849
1432264,1758193,1907816,1469605,349630,5080270,730225,524143,468452,423312,1087665,1534320,4151
1118430,1581945,1918319,1448450,339205,4785124,692011,723711,466584,515656,1050956,843841,2879
963831,935855,971296,1008916,231860,4414702,728974,761898,359952,397772,1317171,1570460,3750
1522265,978083,1959634,1102732,340774,3266579,499608,528275,214680,324293,1495591,2992991,5697
1447644,1459542,1767710,1322906,322333,4825933,671907,527447,333894,291044,924116,1568618,4939
1186374,1769419,1973065,1525408,347223,5410568,729167,763912,578619,637232,1185637,883221,3008
1013449,866674,945844,1008407,236199,4422264,710103,733603,331409,374656,1296674,1631626,4192
1217099,994198,1601942,915785,229089,3039819,476052,504513,256165,315823,1253007,2383135,4984
1332775,1170989,1665641,1204282,348409,4101692,501253,525681,183958,271137,890852,2222825,4313
1244537,2123895,2457347,1863135,451212,6016429,912755,953787,700080,701780,1264482,859172,3917
969768,942783,942727,911343,221666,4301595,698185,729295,343937,372722,1258610,1731100,3761
1548864,1328816,2048841,1184679,348823,3514005,499297,513153,283932,378657,1554920,2993219,5653
1270742,1011537,1615271,1153350,336472,3970183,486001,511065,138816,240286,863053,2395840,4543
1256442,2085462,2040597,1605408,342314,5755334,720155,752753,665911,627714,849691,840373,3581
1052455,1091198,1423073,1076404,353019,4955887,940023,966599,414348,478008,1686586,2364580,3896
1255092,1226755,1681214,1528516,327596,3983700,475544,735186,444300,496687,1740277,2384022,4786
1248276,1004862,1614210,1163042,339398,4110189,612165,523841,116058,210928,778679,2162046,4717
1204127,1774571,1965808,1499135,343213,5330812,702681,734266,519826,492944,743277,875428,3835
807890,1239502,1460176,1136812,339776,5002557,727310,760012,489242,548166,1520556,1581178,2825
1594452,1364224,1759168,1303218,236300,3876620,497769,749106,378350,430742,1615790,3037318,6231
1238444,827338,1564028,1091779,335898,3953924,701219,511658,100718,130495,813361,2422969,5089
1135232,1456848,1775583,1323112,347850,4658687,735437,768767,401361,434505,638356,870500,2923
865524,1526583,1389631,1297283,349216,5334917,710177,736493,585694,628170,1528854,1605301,2957
1262675,1049265,1293905,961170,123069,3719374,488566,752280,318685,354559,1318863,2391276,4773
1483188,1203068,2013949,1466494,461781,4315449,731107,523331,209897,259808,1231799,2914375,5655
1309780,1097537,1626003,1178334,335094,4066047,493213,281500,159972,269636,1263848,2346223,4478
1543343,2156267,2086563,1635869,349893,5929142,727205,747431,605021,562652,861764,1573609,4311
703240,1160808,1747490,1262655,335424,4327261,697894,735671,351359,389292,925866,855837,2894
934183,710417,889492,749819,235885,4131423,724337,759172,286962,326250,1239227,2183384,3829
1335644,1087736,1690362,964646,236487,3057860,493032,509286,271078,313015,1232935,2371662,4864
1890587,2280611,2446213,1873377,440240,6198177,711900,753965,627776,625102,1243071,2398336,5504
1007978,1340514,2139325,1573854,452692,5195732,942893,985194,323875,376408,918458,1502502,4021
996268,858259,954694,744737,234100,4421639,705874,737539,346704,393494,1339090,2452397,4032
1248764,962455,1599201,1135153,232626,2905527,273303,527164,225718,276399,1230156,2319528,4717
1541589,1895715,1993709,1517070,349359,5130755,490279,278663,425540,495872,1471222,2358337,4985
1358474,1700000,2178081,1596334,429508,5354883,903295,959102,454213,506323,694980,1489038,3730
674240,940005,954644,1017962,348304,4439775,729032,761805,330703,373699,1292254,1565196,2867
1258477,882281,1599181,869615,122758,2930747,486725,721848,228426,279168,1204331,2367566,4744
1439532,1401110,1778646,1302281,341405,4701508,504746,292287,284427,382498,1387349,2329660,4464
1493755,2029582,2046627,1593881,352258,5425698,732127,763180,606206,572393,840627,888265,3642
793076,1014464,1372119,1294356,402547,4898548,886292,929593,426844,474016,1698379,1531000,3070
1274580,1225053,1726935,1001678,126331,3228751,502851,764864,332655,375778,1328155,2291814,4814
1418341,1198415,1739880,1251275,351910,3612362,270703,282840,278061,378063,1279083,2372253,4692
1592649,2334981,2129031,1677523,333223,5948979,709857,750076,649541,603900,949201,1657895,4556
726674,1252997,1806460,1334565,351623,4463664,729361,762096,390849,432789,977663,881568,2892
975020,818050,934611,701586,233618,4070439,699051,732512,298953,341363,1286939,2425475,3913
1551326,1288477,1971573,1406505,328682,3546845,376127,523880,299639,418093,1651016,2915844,4972
1581977,2321752,2133926,1660527,348335,5725257,722912,747293,608450,578571,895514,1580948,4175
1040552,1411136,2151721,1569895,431441,4337512,705528,747128,457739,512465,1374404,1577039,3941
1013291,1038531,1017736,813868,242662,4610118,735682,766765,333782,408698,1354202,2285836,3879
1254885,902538,1596480,872750,123702,2886302,484630,733300,236891,278938,1209257,2430392,4798
1731436,1913981,2232688,1660877,445471,5708607,726366,521924,495910,522558,1533382,2333949,5270
1092455,1581049,1876854,1426702,348282,4933176,728178,753320,437637,489963,895627,839553,2820
661375,926150,942515,1010644,337182,4505265,700929,735735,360371,423226,1370573,1633830,2868
1190109,855925,1575398,899047,127428,3017506,504813,764211,224868,267591,1191579,2287811,4711
1496946,1474714,1815716,1355439,350606,4769612,494290,281955,298186,385494,1352340,2347014,4884
1458083,1881691,2304895,1742425,436615,5719523,922508,979883,620919,608140,1174730,841381,3816
959059,864302,938192,997067,237478,4427592,730707,763715,306436,359240,1265579,1537012,3774
1259096,851668,1300126,844719,123146,3570842,503583,729266,265053,311882,1246769,2424454,4926
1321558,1052673,1615096,1183508,343268,3805222,279473,278624,255738,372185,1295458,2293003,4518
1545180,2216011,2116038,1655293,348879,5854227,716579,740959,585111,555286,841535,1596909,4515
996176,1283138,2102872,1522266,545060,5413152,1133521,972990,382128,454625,1752253,2407472,3851
1177320,814504,1233198,920271,122399,3569468,488666,753847,284180,328476,1209542,2216861,4590
1347028,1100164,1664759,1202473,346799,3655003,488747,284410,211485,255445,1251156,2374840,4636
1589139,2294261,2119785,1672921,337580,5778069,722746,764524,646979,655070,936664,1633414,4122
977066,1235637,2052575,1205726,339907,4284529,921709,959066,398150,441418,1235395,1499929,3850
1007222,937999,984260,749552,235214,4526171,707325,739143,335274,362585,1292553,2417930,4109
1518441,1062311,1924147,1365320,344241,3394554,499937,521003,246127,299852,1615672,3018406,5619
1538209,1966900,1974150,1515670,343620,5226699,707955,729952,505603,547082,774432,1569211,3740
741606,1308701,1434023,1348589,335590,4782888,704595,746095,438603,481730,1021343,854522,2781
973374,1143026,1331598,730184,237348,3857833,728884,761638,353804,398980,1295382,2237492,3758
1241714,939148,1613985,1162994,229182,3062258,270502,505865,259543,306563,1208283,2331545,4736
1702078,1662568,2167788,1602109,443602,5372363,948552,765005,397682,447106,1062321,2336920,4332
857083,1738105,1590145,1523970,349305,5396240,729743,759091,537303,582455,1109867,861213,2785
1003802,1026231,1346100,721855,227207,3915593,690050,720663,317399,362854,1306564,2405168,4137
1208298,1001788,1614824,1170418,233575,3647512,268469,521878,198523,320071,1270088,2287392,4625
1364594,1135946,1683503,1216336,347854,4299532,717227,510507,255377,230893,853111,1591815,4587
1258917,2198116,2045616,1838011,430636,6231378,903308,958518,712528,766452,1431295,862246,2943
998751,1057730,1336870,730153,237568,3997870,729375,762434,349700,378908,1286587,2240760,4133
1253805,1101805,1675195,1212385,236554,3643035,271157,508472,221283,311818,1225390,2384619,5033
1318300,1050582,1640889,1190655,336381,4230491,721181,521863,236516,213300,900369,1615830,4747
1613920,2037026,2155759,1683872,348833,6484308,937205,975949,766813,813501,1635906,1526472,4045
1028988,885299,973031,989989,231580,4261958,702295,733564,334771,376496,1316568,1665582,3893
1550133,1418195,2075498,1251073,321149,3707456,501884,569763,335637,453991,1697107,3064890,6136
1236529,899812,1580489,1133307,349794,4003476,717897,510116,171567,148678,799893,1589770,4655
1226877,1618318,1973568,1513609,333553,5260027,703283,746706,604628,660300,1229646,862369,2878
1083159,1216654,1077244,1136793,236709,4833461,732708,765084,414181,468919,1374507,1554457,3626
1295678,1344743,1734887,1021414,236535,3330361,478039,498075,340519,395676,1300322,2373322,5082
1534184,1078977,1963752,1401282,446515,4619330,725732,767857,193256,230592,865286,2369750,5623
947058,1417046,1895007,1442770,351918,5041115,730336,761758,453873,498213,1046075,891284,3183
1177773,1526692,1177200,1211887,230633,5179663,699726,730920,553397,593944,1554732,1672407,3678
1236535,1293668,1702360,988304,233963,3187621,498367,520843,341409,375437,1287085,2279340,4729
1238309,980047,1646991,1189916,349378,4285844,493799,510953,164327,266586,849048,2316187,4792
1042110,1129527,2008781,1415469,437023,4597805,913659,969265,321563,335483,876844,856192,3761
1232980,1751195,1297243,1082564,238565,5772631,729456,760111,668578,699354,1591369,2236370,3699
1303957,1333085,1749400,1250504,234022,3204249,281027,501729,329147,381784,1295017,2381916,5001
1200872,1047610,1584609,1144867,321662,4018117,510516,520821,161307,260492,841009,2276997,4656
993344,1087088,1668120,1202093,348168,4213504,727492,755626,276634,262543,503202,871042,3820
1260273,1692357,1622879,1277776,437297,6841695,1102480,1154205,768809,829856,2394627,3141301,3723
1252259,1192313,1677363,1224464,235031,3284405,279596,531384,290937,349307,1287095,2321355,4649
1289083,1188133,1717136,1270240,350704,4588356,720529,516097,216215,259011,916850,2341538,4833
973569,957008,1595826,1127508,332950,3843236,700608,741989,224006,259059,437879,868276,3038
902288,1478758,1407570,1217202,339257,5364432,708228,740097,545042,577477,1453788,1545336,2866
1374996,1248892,1428359,1091357,123575,4035419,485737,732609,421417,471437,1398953,2386857,4453
1575984,1464492,2061919,1497650,440699,4462429,716296,517463,266714,318415,1331463,3095153,5920
949869,932309,1645852,1192573,351807,4252370,730807,758497,255558,304084,502217,847516,2916
851105,1168140,1079170,1107301,337588,4857556,701016,733872,457121,515097,1478775,1656145,2995
1439958,1769937,1609676,1016648,124705,4723224,727534,760043,555263,616244,1524621,2240093,4415
1243409,1209128,1691875,1248015,296657,3833891,269109,367788,257128,362711,1242749,2309733,5172
1521361,1180763,1978915,1412895,440159,4606059,935119,756191,264588,264678,907790,1612239,4953
776756,843821,1296192,1245533,349372,4393265,729364,762338,302204,326738,1212976,853620,2885
1799405,1993063,1998896,1071958,123730,5028340,913372,952636,627410,681658,1942307,3160567,5304
1250820,1224218,1680813,1215887,341576,3904273,269500,279608,276157,375202,1319060,2313503,4484
1239735,1023605,1644592,1189434,348643,4139273,717992,742091,193284,171636,488322,1576536,4704
834763,965193,1669555,1649570,538381,5090841,1115110,1184078,388385,442181,1642096,871333,3019
1259631,1757898,1325912,1103329,236631,5788503,728428,762135,716834,750310,1647566,2232054,3674
1323820,1325188,1748709,1282276,235443,3328310,273338,513416,329707,364674,1288121,2412658,4773
1301286,1235068,1670438,1214702,337813,4208116,725658,523399,217993,239628,928816,2364660,4766
935924,916125,1596042,1155259,347868,4059525,726929,754347,234904,279932,465132,853129,2858
891222,1468623,1162468,1202700,337410,5283869,702628,737316,562205,605545,1553860,1672298,2974
1616546,1545033,2074757,1348515,235393,3813507,500323,761848,456947,520740,1746932,2960175,5221
1314335,1310936,1770726,1315160,354222,4559570,723323,516588,209030,239776,910467,2364954,5160
949053,887323,1591061,1136644,336262,3964529,711127,755231,236988,285106,463710,861499,2967
837581,1189094,1059132,1112283,344470,4931251,716900,749233,410203,443095,1335268,1513092,2918
1461036,1857934,1934635,1204929,123484,4043653,481935,727875,540904,586776,1531245,2418056,4479
1514424,1417669,2025442,1456268,444792,4790626,721517,520035,227523,273266,1293349,2371702,5439
916503,909910,1603795,1161799,333297,4172066,695068,719077,243218,293978,486605,852036,2865
780035,808356,933138,944931,335164,4158918,698877,736360,306340,350753,1317072,1652467,2978
1473894,2085914,2018786,1318944,123931,4576657,500874,761854,658439,703087,1618899,2297686,4522
1325768,1343591,1738667,1273871,345669,4341988,479185,277327,224151,302175,1251774,2339460,4869
1248247,980355,1962867,1380892,439673,4592078,927425,986540,321957,315333,886912,865109,3792
958832,950593,1272482,1216744,337278,4854770,929439,971343,356702,401786,1202740,1514986,3481
1566310,2242848,2115648,1400117,166652,4714484,485760,617018,644837,688757,1588141,2327287,4584
1267890,1294590,1723481,1255144,340936,4290967,501861,287054,235161,327755,1337593,2359073,4868
1252341,1176353,1723636,1242436,347931,4274308,725096,752347,305965,281446,519906,865272,3893
991903,595732,1212564,1116719,332427,4413430,907404,953384,271290,336315,1624330,1655429,4005
1478181,1915096,1969169,1279314,235033,4273394,497747,520277,566003,604554,1536432,2262023,4373
1376450,1367192,1826790,1360351,350319,4692925,493517,511347,291651,398538,1011945,2326203,4547
1150820,1283206,1665035,1223369,324766,4372786,688843,729428,320303,300878,553868,857977,4092
634457,566093,1237355,1166255,349780,4084164,729079,764579,236151,281898,1186363,849149,2946
1494755,1470546,1517326,900747,124911,4168266,699954,732582,464127,504489,1463942,2405844,4866
1734555,2054799,2292780,1725262,445188,5159680,498674,522695,499067,591068,1527940,3093219,5172
951424,1223738,1683663,1210552,349975,4254838,728746,754109,289955,273312,529819,865112,4058
658198,673788,1281989,920641,337191,4122962,700430,736668,261571,305319,1260550,1634730,3019
1329804,943574,1303065,867654,123179,3857665,540294,760675,337775,372103,1290430,2260400,4440
1526011,2208240,2073216,1622440,350200,5087450,269495,281714,555198,652934,1537194,2325652,4394
1269225,1434723,2064640,1479530,440598,4781749,930548,987722,336936,321842,550146,1606781,4650
620308,699709,1287856,955065,350572,4167714,730288,761298,283945,313320,1191303,1525202,2986
1324181,1134537,1702184,1240734,225612,4293857,682362,935244,314112,374361,1253212,2407803,4604
1582216,2193145,2107980,1646792,341871,5356262,503547,291059,616123,659827,1730585,2400865,4816
1293518,1241421,1751711,1277313,348016,4403048,730413,757972,272618,268382,578900,1575758,4145
687533,1086081,1710992,1235008,442590,4863324,915209,962797,355251,418844,1330051,1661215,2999
1216812,696670,1193191,861760,124282,3549238,500358,761620,249928,297451,1208233,2274263,4611
1551138,2004027,2028351,1551041,350498,4948516,491888,281150,507704,552211,1535141,2340239,4654
1370309,1474274,1815957,1382266,333341,4906204,706349,748437,331433,361855,612988,1612621,3918
689933,1114596,1339338,1266776,351072,4454683,730221,765385,324552,369461,911782,860566,3069
913901,694786,1199392,626363,233987,3549461,697946,730602,239815,293512,1204527,2405158,3766
1687959,1696484,2169902,1601602,324344,4396165,497734,522572,448171,491079,1777058,2977417,5573
1456972,1923191,1990895,1512024,349256,5237513,730342,755509,483899,519727,773428,1566815,3694
651539,1060015,1325402,1247759,336657,4384317,699989,736044,330213,366880,904238,854812,2944
912843,805819,1250317,649899,230003,3578343,718078,748953,291196,331223,1223630,2238859,3748
1427963,1263649,2117438,1521747,349763,4283038,489961,735092,290681,399196,1627584,2341706,4672
1816463,2274608,2390761,1809333,440761,5980433,926726,746588,633063,605602,1253074,1649963,4696
688023,1073763,1327805,1294539,338986,4483896,705203,738188,336426,385147,1035703,865669,3052
1275498,1161686,1684167,950720,329813,4180393,889678,932054,342906,406766,1270045,2451087,4203
1351753,1111442,1660779,1208371,232389,3803286,272060,523683,254701,366344,1323909,2358194,4765
1563835,2165798,2108475,1645788,346699,6042457,726351,526063,638379,595833,1250241,1564234,4428
1007816,1088747,1708933,1492669,444002,4863317,915242,962975,375724,423311,1292694,873883,3057
1259371,1080695,1319316,709698,123135,3586471,724848,757587,341787,376425,1298002,2280502,4634
1262113,919219,1589457,1145047,293009,3512738,268904,363449,174310,274208,1138371,2265736,4752
1526081,1861144,1951966,1517284,334748,5242271,711173,519627,565460,519844,1198318,1634770,4361
1072005,1350548,1847213,1384562,351790,4790306,734277,767158,410828,460611,991715,857077,3010
1308074,1133111,1374827,1054851,234858,4480220,916541,960396,398757,460554,1707606,2424462,5064
1226520,907355,1598951,1147083,338479,3525327,270350,283448,192264,305600,1256977,2321386,4689
1394623,1595612,1853303,1397177,349382,4775164,728211,752727,365087,339444,641149,1541449,4269
973969,1709416,1967484,1505308,336972,5325172,700012,734115,576978,624262,1199920,868643,3020
963740,851802,920621,963818,236349,4236561,729401,762067,286258,332957,1258848,1576343,3989
1287453,1022034,1687675,950187,236995,3108790,491495,506721,267590,317833,1222630,2366343,5095
1663102,1303597,1998681,1400848,436542,4525921,697452,736778,245228,277494,924620,2400599,5468
920489,1876386,2054887,1616071,349847,5780441,727263,760020,653357,682596,1212002,867243,2948
1013134,933492,970606,750587,232821,4435150,696610,729274,331072,371594,1319120,2431535,4175
1559343,1200209,1993143,1365261,328755,3859191,500539,744829,351815,406230,1274214,2343218,4818
1311703,1080449,1688935,1214154,350458,4304638,507273,523642,157669,250564,844659,2305278,4791
1335824,2192044,2583939,1973420,444745,6743156,918127,966084,733784,721960,1287306,879685,3975
978022,898502,968067,740186,235529,4331244,715782,749422,328006,377243,1291179,2270006,4221
1297086,1288280,1753433,1277242,236512,3243416,268386,507935,340600,376580,1270113,2363018,5124
1283084,933563,1580957,1125024,335724,3922389,709178,516237,119296,164400,877936,2416413,4799
1178222,1955007,2005955,1566842,348313,5462224,727302,762037,552291,579260,764471,853519,2982
1059355,1001618,1370435,1105686,336378,5302707,900221,941491,481360,531191,1740322,2403808,4042
1287189,1315665,1725061,1277804,231067,3277309,270025,522883,331740,389218,1360682,2352986,5095
1270749,1037786,1670537,1214427,346078,4237399,720254,509457,176410,208754,872906,2263064,4809
1152239,1487598,1818726,1329445,336616,4685864,700519,734074,419773,475904,669895,869294,2983
857061,1546786,1199665,1247390,347288,5404034,728649,759500,572051,603126,1514905,1573210,2847
1287345,1269705,1714844,976532,125389,3118417,487736,735044,324784,371612,1279892,2353534,4960
1513571,1220204,1961897,1374450,426334,4175310,709981,515884,190578,226531,1208793,3085814,5834
1022176,1075574,1660610,1226509,347581,4227478,726861,761668,305931,342998,527473,856260,3041
957254,1856015,1353083,1411049,343250,5611744,697654,729699,679082,722244,1672618,1662101,3043
1266493,1274629,1678258,977001,122741,3226916,496672,761573,337260,376767,1325037,2337405,4771
1546935,1271852,2042088,1469938,454251,4950644,714333,502891,224203,233226,1190565,2275175,5662
1309322,1213365,1970690,1398066,431950,4542266,892996,939590,333735,326004,688929,873895,3615
974499,1704144,1318796,1393611,345987,5907760,729616,762417,723009,769937,1698276,1567666,3007
1339081,1299808,1753112,1013656,124449,3227067,490871,735034,327505,360082,1254120,2343815,4715
1274993,1166080,1651668,1181118,333297,4122103,487959,282318,187860,274819,1293315,2410978,4971
1224155,994961,1617375,1177705,348973,4091212,729068,760549,242509,220079,469397,856989,3683
1257761,1609410,1645506,1579725,346058,5880510,917244,959803,662717,708019,1953913,1625173,3672
1352672,1518762,1825447,1098622,210155,3426775,500365,570966,388945,436917,1387606,2327241,4538
1255729,1283943,1728998,1264383,350569,4363379,502000,284091,214358,306873,1252493,2290307,5092
1266115,917299,1625245,1147674,338094,4019143,703153,738370,234543,219946,475516,847761,4033
840802,1256044,1465943,1403468,346452,5016901,728557,761519,441821,486463,1407293,828977,2835
1761674,1746866,1938704,1221418,237643,4614961,704992,726966,600993,655884,1855826,3041486,5231
1283776,1233234,1682649,1229544,336504,4263275,489929,515190,184919,286348,931433,2421517,4938
1288395,1053489,1960435,1396658,461987,4510662,955362,997744,287366,209413,459609,859456,4735
774789,925984,1352777,1209676,338287,4100382,684566,716785,340718,385447,1330699,914341,2956
1481647,1870614,1639976,1072902,123054,4943392,723609,761202,658853,701979,1657288,2338920,4333
1605727,1570476,2154329,1564536,452159,4703353,483008,502642,269012,361036,1230407,2929035,5625
1294465,1365763,2062188,1445725,440842,4652158,909291,956832,304781,279619,534276,1642661,4929
732019,724579,1285156,952921,347232,4258777,734065,767630,295879,337604,1261331,1580276,3004
1660473,2175570,1806241,1453877,126678,5222488,495547,737715,700622,731242,1648726,2375566,4792
1274275,1370999,1724824,1289932,320466,3810032,292557,283153,306856,428535,1345734,2307522,4724
1276399,1334407,1749757,1313638,345683,4352537,722445,758164,315290,285083,609177,1550824,4832
691029,904030,1663359,1190665,455663,4492245,917311,959244,306127,361213,1245240,1628764,2893
1554387,1945080,1717762,1388819,130492,5107447,499396,762914,647916,676439,1629928,2318099,4573
1366844,1419156,1825611,1358878,349934,4127400,499683,283530,356253,408581,1387643,2273058,4437
1316151,1320918,1714775,1253221,336621,4369188,699771,735244,252437,288480,526849,1657360,4243
650053,743670,1481514,1134958,336811,4055330,707622,739535,262640,306228,822712,844204,2905
1502524,1460336,1521228,1180000,237230,4776044,713930,965608,525614,564543,1775515,3093754,4956
1451613,1732635,1882396,1437643,335161,4533863,491776,284952,449426,474589,1477850,2383769,4437
1237055,1192063,1672406,1246075,345634,4456984,718807,748968,260698,303286,554366,1514620,3902
610013,721185,1239489,1154784,344217,4015696,697132,727903,223081,276573,843123,855152,2908
1064436,1103114,1323388,762105,230478,3979869,721823,758552,360163,386974,1285367,2310141,3574
1510851,2051407,2042710,1570129,236598,4345883,269947,514487,579082,623919,1529735,2301269,4779
1599027,1571067,2446310,1704801,549440,5224389,1108866,1158943,361837,310006,549840,1632344,6051
642102,666329,1246473,906529,339742,4216831,730536,766764,276977,317402,1259869,1615284,3029
1376677,979961,1296861,954864,125154,3808470,499999,752062,288222,353170,1239216,2305014,4466
1579591,2130142,2052116,1577013,335500,4964503,484206,280830,586245,632791,1677830,2407414,4442
1269224,1269578,1721375,1278029,348812,4438919,727172,761929,277770,330344,560990,1563500,3657
662643,992611,1447307,1218175,459871,4710177,924780,954127,335633,395180,1237838,1623506,3067
1269834,716906,1185929,848856,125130,3427462,496188,760227,250311,285407,1221713,2377579,4383
1563833,2058737,2103256,1650361,352700,5208357,502854,286666,576407,624859,1590873,2256548,4671
1342054,1425960,1801023,1319924,340382,4547213,702628,734351,291204,323266,571452,1670276,3912
668748,1090857,1307685,1222837,337258,4470892,719393,751507,343557,401557,963680,870220,2948
1276073,1099930,1683720,957137,239969,3727059,730463,984944,344768,385460,1569813,3021152,4767
1480944,1643243,1877211,1406835,335994,4867305,486748,284554,400560,467955,1456688,2390021,4447
1351096,1575255,1802514,1372924,334971,4997151,697492,728924,405987,450435,688236,1462068,3955
692553,1203829,1376726,1301881,349846,4358457,706565,726893,306704,358715,921297,870435,3045
915325,655941,1183738,624376,230059,3392669,713094,755412,223379,277277,1235011,2387692,3868
1670653,1592083,2139012,1548107,349961,4582360,496311,496586,309923,420395,1670038,2896377,5502
1529143,2055811,2026209,1549431,341415,5323369,698115,731469,575653,550815,805275,903517,4125
998770,1272208,1718521,1529450,439739,5251380,940067,984582,426803,381974,1278499,858800,3762
1020109,845207,1269199,668440,203794,3661266,695992,716153,260159,316651,1176638,2251925,3940
1364803,1115237,1663484,1183076,232036,3699608,274569,517355,249095,340394,1265037,2434941,5001
1501069,2155027,2070923,1644177,349573,5808550,728663,519785,597788,545374,1205488,1557537,4355
986636,1148714,1757185,1551890,457493,4917948,915496,942174,392373,441162,1281194,861681,3018
1245079,949622,1279894,671587,124960,3470447,715824,758332,298914,340937,1271645,2383753,4842
1286928,975764,1629833,1163485,350814,3529334,272261,286422,185449,307712,1213506,2252663,4682
1580377,2176148,2105277,1618414,328257,5881229,675604,599694,584118,560785,1121093,1562847,4859
977254,1085937,1700422,1258087,341495,4413568,729459,762335,359891,411765,960733,852466,2836
1278301,1151000,1351454,1011403,238618,4412463,944070,971271,351174,424654,1593399,2266406,4710
1245902,876938,1571207,1104156,335536,3539545,269627,281726,188614,293826,1247792,2410942,4537
1461384,1726259,1915977,1480508,349265,5215016,727746,761796,483391,464435,771545,1529555,4531
811549,1570674,1922366,1467324,348740,5032035,706649,728652,456890,501914,1050104,856479,2977
1250711,1037908,1299718,1126432,320807,4939022,907699,726303,334369,395415,1689241,2786970,4853
1499153,1047657,1964264,1119967,350294,3430392,502059,524780,217845,324761,1517218,2928533,5668
1443893,1441644,1833214,1349004,342774,4822035,702717,733922,357797,321078,586317,1621374,4591
1185681,1989967,2345128,1785838,442665,5993181,942133,983302,647490,610097,1157577,847413,3758
1012791,913284,981909,748438,238875,4450356,723508,745171,337327,368499,1258596,2319246,4015
1274792,1076664,1662333,1212771,232618,3274840,276719,517460,300295,347576,1311180,2453661,5164
1625585,1309608,2053011,1468468,461840,4819222,930905,761804,228844,279726,888346,2286455,5680
964903,2005381,2108879,1636846,349538,5677826,705907,728099,652911,696894,1271155,872093,2813
993473,940154,978007,771946,230984,4345075,715671,760426,338885,400788,1351485,2383367,4014
1230492,1116463,1677910,1212833,231244,3067233,270814,522336,284959,337822,1195572,2200849,4751
1316510,930277,1646484,1159034,346521,4153568,709792,517677,143366,163865,852078,2412421,4784
1238409,2005305,2023848,1577583,342222,5798467,727805,760440,647035,701471,873938,874843,2967
998273,886260,1081596,1067434,349331,5051414,931012,959266,391647,442872,1620769,2236187,4030
1293719,1239714,1676195,1201065,229736,3329363,270936,512342,332146,396445,1358863,2417694,4777
1210454,963667,1584792,1153686,350068,4033464,728785,522322,128579,159175,808127,2225696,4367
1182287,1723633,1900818,1431942,344864,5104402,697835,717923,499867,538635,700053,854907,2936
830900,1311767,1125341,1161626,336159,4982304,715444,755940,482555,526100,1492274,1614171,2928
1572884,1511376,2140194,1295545,237450,3921981,496520,758153,344285,430035,1610506,2981443,6077
1206749,843127,1547983,1079853,325968,3762163,667775,474133,118310,145728,819280,2192096,4714
1135376,1468347,1760177,1301006,338860,4545058,726587,761365,388082,446379,609039,863343,2936
1201040,1868612,1660343,1590661,453560,6253473,937435,964537,626253,666557,1565170,2266352,3743
1287955,1306604,1734947,1019399,125970,3370166,490610,737721,357721,414301,1351575,2411617,5089
1510399,1174715,2012932,1436403,463737,4698808,736175,525921,208945,240585,1204817,2276790,5656
1061090,884606,1648713,1199878,349377,4163217,707399,729753,288736,347314,888405,858645,2968
1019064,1726230,1288422,1338206,279726,5525644,685410,723536,670593,706984,1593660,1520951,3087
1259701,1265324,1727431,1036887,125432,3323210,499417,760586,317623,373270,1269717,2244791,4618
1262551,1087859,1667744,1197686,341873,4038268,485109,283456,178128,270802,1270535,2428556,4940
1293185,1027027,1626931,1160387,340831,4038930,723063,761818,242349,221412,468210,881345,3869
1265908,1763162,1660844,1618322,351391,6281055,953326,978663,689182,727180,1899688,1580841,3621
1285654,1173555,1687339,972134,228824,3153711,484541,511322,309790,359533,1305588,2414901,4773
1279197,1374086,1715734,1280570,335192,4412762,467371,423806,227881,347695,1102999,2184607,4797
1270595,878124,1594232,1122377,348781,3910760,705756,728669,229975,208469,453446,874715,4011
875418,1368194,1499834,1441112,332765,5264979,712709,755520,537891,587211,1535269,865762,2949
1641839,1572263,1837023,1109455,236432,4200420,731043,764025,479389,532794,1717331,2933067,5402
1284545,1304224,1732590,1257603,341794,4426833,486424,508315,218316,324174,951354,2447754,5076
923705,901074,1567422,1128464,341428,4016092,728713,761569,257672,226081,467039,837660,3838
830036,1120402,1421705,1184709,350533,4717955,725385,747965,405676,451063,1312399,1467600,2868
1800553,1962271,1990704,1265519,223127,5430953,902761,958545,531147,578198,1528988,3130740,5434
1532543,1420151,2061522,1491525,464834,4482340,503438,525981,272871,372865,1274295,2977300,5385
979014,990231,1665265,1190512,350235,4178205,710706,734245,280885,251472,496030,873438,4203
746175,764644,1256908,928455,329242,4078248,704050,745729,271547,332877,1262059,1624855,3001
1549283,2006868,1712643,1382203,124715,5302694,499940,761661,687973,721726,1613836,2244517,4302
1312133,1285321,1749312,1264726,340684,3816522,466635,283414,273727,354694,1311821,2410230,4826
1195069,1235715,1969023,1399221,439825,4604711,939112,982026,286624,267285,501122,1577559,4600
693634,709601,1302581,974411,352328,4407175,727500,748200,274026,326508,1208188,1577738,3019
1585412,1915798,1675570,1339157,124367,5306802,485020,741648,672848,722548,1678933,2451380,4943
1237711,1260647,1689959,1240495,342669,3701063,497503,281913,243356,293323,1266843,2246372,4675
1277429,1202967,1688747,1248652,347531,4325668,707211,729343,277842,325868,575460,1640080,4102
626291,785505,1218592,1116060,334674,3805816,713624,756280,237806,274444,831514,833680,2808
1421289,1693801,1614531,1251736,234826,5218655,692660,962821,600491,641716,1764164,2789720,4031
1682873,1741873,2207850,1585360,340980,4083338,484185,504988,429818,478153,1801503,3150409,5010
1267506,1245789,1691043,1251253,341449,4485699,727663,757961,272075,300593,558498,1599335,4183
640291,774079,1249509,1173345,344471,4048067,711984,733855,256154,293238,817050,851156,2936
1471041,1480260,1794450,1095784,322660,4868525,891679,743145,410389,460587,1759125,3106462,4788
1696571,2045901,2275688,1717441,348465,5225190,498853,520788,502163,597245,1859284,2922507,4900
1349050,1457669,1813674,1370221,339985,4617166,685174,707350,324442,368751,612349,1266357,4366
645585,865047,1270829,1170104,335563,4185815,720437,763336,280889,321190,848220,851011,2874
1010464,810045,1226976,676381,236822,3628032,728417,760999,275543,328018,1218881,2227040,3767
1577368,2226571,2131535,1657873,232612,5123591,269565,504133,591038,696380,1645613,2429829,4742
1532985,1413855,2060808,1504528,450661,4995246,958069,759826,331618,323236,952244,1597909,4793
636989,706835,1297539,1222002,351944,4273443,724154,744431,280762,334340,1223945,884337,3111
1159281,865970,1238052,660063,152925,3621510,700983,742350,268941,311767,1271559,2448592,3979
1563931,2186792,2131751,1698259,238244,5370879,272905,522479,618811,725848,1638828,2243669,4213
1304669,1235957,1722882,1244171,349318,4279342,703647,502992,255005,243188,917904,1630017,4726
998198,1077651,1657445,1211347,334538,4291918,714304,756910,309935,333206,893872,869090,3046
1218780,702834,1200139,865422,234961,3881975,953372,998756,306509,361428,1542633,2248704,4662
1536681,1923081,1987239,1508281,339626,4548882,270243,283850,499871,605209,1565609,2408360,4480
1340478,1560801,1810207,1358687,339731,4843474,729019,737883,394273,354692,734266,1604700,4732
1001593,1183942,1725445,1261343,351339,4387981,727795,748854,335589,370844,907549,852272,2933
918224,533043,845146,898362,230133,3966374,702150,743568,255006,307040,1250058,1628968,3825
1937789,1884462,2532392,1629998,449305,4872116,500352,523156,433611,632643,2108225,3527448,5609
1489063,1929631,1993299,1534321,350025,5165568,708713,730836,478116,454782,739727,1601260,4702
689892,1131714,1720897,1279671,338280,4504300,721753,760833,327134,384766,968626,859363,3000
925404,664753,892105,738916,235989,4142926,726161,761019,277314,334824,1221858,2188425,3894
1364685,1053522,1601251,925985,232090,3125058,448648,480037,266031,289285,1179231,2325523,4684
1796934,2317805,2424479,1868694,449995,6385309,728595,761229,593598,634342,1264554,2314174,5439
693026,1085020,1731131,1268659,345269,4529404,716060,738191,338164,381054,911902,860801,3048
978400,746224,916283,703770,234298,4314264,703762,741860,272011,324809,1302294,2473913,4137
1309360,1025878,1618317,1170533,238584,3041557,274381,526299,276897,310907,1218071,2268384,4680
1608979,2154432,2116516,1656713,349324,5650357,700813,498788,549856,585774,1269676,2380111,4795
1002495,1390517,2073812,1512671,426475,4895140,905198,963989,427956,411688,960473,888844,3828
982336,894701,940666,729660,236001,4325879,726925,759555,334790,367123,1258579,2243845,3985
1265996,920510,1613045,1158344,225876,2892508,268628,506376,230708,284909,1227066,2404195,4887
1467176,1744589,1896432,1455061,340577,5321643,729917,523418,434517,452430,1119458,2329035,4613
1105749,1575784,1885910,1422577,352270,4980301,729582,749774,412419,458650,664852,857212,2972
648936,926484,931300,990606,334477,4363773,699091,738807,339836,391704,1331688,1625932,2869
1514616,935398,1754872,1196327,239058,3370857,467920,728206,316000,371753,1538815,2870492,5735
1481817,1440842,1820078,1356487,348835,4652611,707194,504120,300289,316892,982909,2380798,4995
1175604,1936740,1961410,1510958,338199,5257575,721982,765423,547306,603598,781727,861379,2847
703145,945598,971619,1023986,349474,4577119,731321,766227,348008,383004,1279748,1558983,2971
1260657,979015,1657238,925102,123291,3104862,486899,732705,276998,317134,1267615,2422097,5165
1592611,1275864,1950219,1402503,436357,4503168,699658,491895,172209,260572,1248929,2537638,5200
1230455,2207056,2092082,1626931,350461,5911985,723847,746386,632834,669339,838431,861222,2975
710703,958465,974672,1004797,336503,4295102,700945,738413,353447,391017,1325716,1655799,2968
1235264,1118546,1671491,966791,127504,3070226,499954,763039,311823,345799,1254163,2296843,4684
1311959,1001407,1639727,1181316,349241,4043411,488324,280457,150829,238678,1210937,2362880,4796
1558451,2060597,2399965,1857467,439848,6168398,936587,994214,750533,730131,1275493,829034,3637
888642,927901,954802,998035,250813,4295495,728725,759535,304951,361517,1245340,1549252,3407
1288145,1234782,1715386,1007470,123037,3209211,481930,727805,338077,379675,1315846,2420192,5107
1243779,926654,1571597,1101203,340069,3875897,497179,279245,107345,204767,1198261,2323081,4781
1504048,1844749,1966036,1509381,460419,5840886,947166,976355,590010,575937,1103407,1577951,3761
771798,1143395,1423873,1323178,328313,4766785,689667,729649,448859,499588,1450862,866102,2833
1503531,1240145,1679211,983485,235709,3755361,727787,760501,366651,426626,1639097,2967955,5760
1575430,1183172,2019991,1434911,454020,3981305,487151,481826,214868,310320,1285478,3054653,5677
1364248,1447560,1700486,1277354,320288,4492014,683051,723626,407221,379193,635776,829807,3492
913559,1606167,1734222,1682638,357243,6041234,738163,772356,653634,690064,1584046,889307,3299
1333166,1217021,1405981,775546,125044,3852722,701046,734017,356861,398676,1337409,2474875,5416
1485493,1171562,1961933,1392661,451121,4101033,507225,531237,215024,312760,1229143,3062583,5699
1011861,1004265,1626293,1175093,351596,4140936,724379,746136,284145,272941,528521,857161,3974
906543,1769908,1665178,1340412,337479,5778332,701042,741875,656804,695555,1623617,1613491,2808
1230118,1098303,1340584,833060,128397,3879580,639486,726786,342612,401764,1267220,2200134,4743
1271361,1099956,1680641,1223035,352268,3636404,268536,280537,234143,329209,1232175,2386950,5094
1281833,1235051,1955891,1377496,444099,4533122,938721,991811,256148,238806,501133,1616218,4397
978348,1822928,1730599,1420113,346660,5860020,711815,745398,657049,695297,1575536,1558558,3005
1282620,960226,1315774,968531,123457,3665255,492455,735658,320043,366405,1324905,2472556,4794
1256143,1226538,1678993,1223437,340088,3752696,495516,282388,244224,279959,1300490,2319523,4581
1219114,930884,1557969,1092346,336191,3917483,692964,714295,198153,186245,480124,1590515,4567
879164,1594201,1900633,1430641,443249,5571448,915654,970973,585942,637956,1543421,1636419,2766
1328564,1288040,1416322,1092274,124812,4238992,498394,759147,397584,452619,1359702,2230882,4166
1295159,1310747,1743169,1278615,357218,3804685,498676,282377,278001,315186,1287574,2435273,5170
1523696,1131778,1940230,1385931,435694,3891990,713053,755148,271214,317249,857910,2327070,4950
825940,1332847,1418223,1354627,350465,4834025,725032,759088,410899,445351,977404,848975,2871
1204984,1491305,1394520,953474,240318,5214962,713380,745575,548048,594256,1545897,2459129,3797
1500050,1374024,2001830,1434195,341347,3714596,499290,521445,292162,334713,1638295,3039547,5354
1217388,948380,1638422,1185498,352082,4317271,721292,743136,198844,242682,488271,1602679,3961
748032,1026744,1313593,1200704,336212,4223351,697666,740310,318850,358931,940113,863710,2861
1200944,1883628,1668722,1063808,237361,5147297,737495,768764,655575,695071,1608936,2293012,3663
1321609,1362657,1771847,1285714,242559,3905381,273365,509304,279622,365932,1260054,2387416,4985
1528093,1236827,1963884,1381300,443608,4552316,936436,756756,235875,262465,887099,1738076,5021
684287,880045,1279801,1193558,352142,4165214,728544,760869,275996,315544,844645,846835,2862
1272683,1965496,1740412,1133524,238114,5199485,716560,748488,663527,705513,1653203,2464710,3632
1306893,1389425,1767373,1302604,240239,3795119,274299,525168,292184,410837,1365420,2378456,4965
1244490,1184583,1689300,1257990,346177,4457087,710049,512065,266402,241034,882372,1578728,5035
974823,826298,1605669,1355918,442437,4351320,912358,967329,276261,333774,1211501,869455,2943
1453606,1653386,1565958,979661,132998,4738408,729565,765470,545014,576153,1488273,2295050,4484
1359725,1465565,1776854,1308673,243923,4042709,268492,461810,356148,460804,1346591,2322631,5075
1588589,1495496,2059814,1494668,336180,4384810,713988,740313,361272,328858,1317619,2346445,5873
928771,727420,1578376,1141644,350448,3959967,726950,759198,258104,287015,809222,840591,2885
1145548,1154094,1079765,1086482,231912,4711864,694916,725678,410026,460668,1376416,1639430,3799
1767944,2110308,2367627,1490908,346205,4778181,511335,534762,589824,688123,1923254,3130588,6104
1273646,1263293,1714981,1246269,351657,4396072,720954,739178,260864,248067,569169,1606007,5260
856900,869070,1590609,1129107,325684,4049879,670140,708479,278077,317909,855543,863669,2911
1008673,723319,889681,959584,242978,4246894,733389,765680,314108,356967,1252773,1539714,3628
1537821,2199039,2110223,1379235,245008,4557356,497451,514843,632974,673451,1581313,2425905,4728
1571108,1477998,2076903,1490237,451286,5009384,725215,767977,278498,319147,930049,2424573,5834
629320,856868,1599532,1146636,352489,4083734,723409,755094,257387,299866,804773,841931,2867
1030096,762611,901952,676879,232933,4070801,691246,721611,271566,327079,1240999,2416440,3834
1487431,2090043,1996632,1390399,237491,4583494,353604,486611,668831,736641,1644093,2265903,4677
1295239,1307273,1754280,1281668,356901,4449773,501899,520161,221886,319023,888656,2324490,4698
997629,1138727,2008354,1400020,446700,4614220,914138,968572,353499,333593,883090,857593,4071
893418,705307,1164419,859345,351136,4561908,947038,988339,291029,339096,1146534,2217708,3561
1525772,1882894,1970593,1511256,242145,4232966,266557,499711,577530,617009,1512575,2396265,4474
1354317,1512476,1796540,1348281,341781,4630441,717352,522819,270059,310077,991350,2387972,4433
1276672,1486594,2063340,1506172,352679,4286803,720605,970721,410679,394533,916002,1523196,4673
955235,613994,1244011,898465,343546,4458187,904800,944892,283028,342197,1574658,2425086,3910
1420655,1564748,1835999,1374799,240426,3999479,276577,522791,465990,494993,1417161,2344065,4484
1502770,1936640,2012546,1530963,360248,5561370,733914,516870,438491,465906,1180128,2376920,5033
962174,1242049,1679714,1202158,337230,4373398,695077,735268,323641,360006,530691,867959,2995
637036,559853,846446,882323,350173,4070572,720151,753759,271550,310519,1184946,1545791,2878
1402687,1153878,1607609,990892,124841,3477599,486377,724526,326816,374850,1258346,2363838,4679
1798976,2249112,2377620,1788267,454733,5415791,719007,516623,562806,595696,1634429,3248544,5577
976436,1282760,1749946,1285328,356725,4481457,729219,765132,343425,391389,559550,872434,3119
677002,709431,897789,918129,343796,4051241,692059,721757,277944,317861,1247464,1652727,3170
1284687,1016185,1586791,904270,122466,3070479,494923,754733,271035,327698,1244380,2351239,4904
1563060,2112071,2069860,1617828,356408,5793941,506267,284459,547990,615233,1538189,2345986,4544
1270047,1434876,2036037,1463231,434563,4918117,890609,943455,352057,382352,582125,929183,3831
647084,783819,893525,937665,352565,4232920,723706,755353,300601,343507,1215623,1552299,2916
1293608,1017938,1607786,901356,124780,2888240,485580,721314,217716,266137,1166515,2355537,4744
1490599,1908701,1946593,1509399,338494,5528338,490004,282071,479578,550597,1542644,2366371,4650
1324810,1372646,1752502,1286231,352057,4641181,723994,755684,391927,384268,642729,848848,3765
1295262,1148436,1726485,1219894,345964,4836503,1115917,1162690,437534,495621,2022991,2416822,5032
1177509,903692,1551742,858056,154263,2922034,496319,672677,263126,298781,1183482,2254937,4724
1520650,1738469,1998367,1511260,367899,5541124,506928,286071,352812,466170,1427726,2418997,5386
1447899,1850937,1918585,1431232,344997,5206048,706014,746210,525382,487017,709663,876242,3811
682692,929433,1308371,1226746,351489,4570769,717813,748605,330513,371566,1250224,870570,3007
1523839,897243,1590043,867207,240920,3440615,711832,734217,278574,329418,1518710,3200634,5999
1395120,1126745,1656493,1164233,346793,4396340,704925,742326,288729,336459,600750,1667727,3941
935904,1882944,1864442,1552616,347867,5674871,712746,743893,640365,678223,1167686,871793,3023
1005714,942659,969359,758674,242246,4499500,719114,740068,328391,363113,1272656,2414399,4103
1214968,987026,1578024,1115715,235774,3006461,269794,519455,269754,317202,1248882,2454862,4813
1282187,1110338,1665220,1188779,365657,4209613,743227,522472,176014,212719,847915,2299516,4728
1322521,2353384,2188155,1959349,470765,6381742,923536,961186,735423,782379,1287140,867023,3113
974613,1098309,1342306,754462,237616,3726994,731463,761543,339794,386116,1305493,2385224,4057
1248220,1175763,1694955,1205812,239572,3264932,268061,510881,302305,338592,1196208,2349876,5145
1292723,928324,1583449,1084865,344640,3846868,699676,508993,129771,177369,871692,2496425,4955
1209582,1906196,1948727,1498911,352426,5434506,725602,758964,561539,606839,806060,874459,2909
1333738,1410580,1812249,1369284,360664,4664766,941815,1182053,549328,608263,2078050,3149780,5050
1266448,1246410,1641736,1183026,234476,3664275,269584,520186,258213,365687,1291757,2454023,4769
1203130,885811,1585769,1124668,364707,4155258,741885,532596,179252,171758,828808,1580224,4793
1177722,1533935,1860767,1348530,355500,4832177,708740,739279,441038,487752,981298,886534,3014
882204,1518677,1213807,1237069,346858,5343168,732747,765157,566656,599078,1523550,1660422,3099
1530692,1368715,2045952,1174579,242945,3601251,503532,755509,310200,406264,1570318,3121505,5976
1258858,1063065,1645908,1150263,347390,4116118,707390,514906,199095,173489,863240,1663714,4962
1028491,957403,1651117,1212764,351571,4359122,720421,748867,330590,363920,888932,842597,2931
1264338,1851029,1348400,1386616,245377,5789091,723356,743994,640971,676394,1553061,1649000,3927
1255429,1246485,1662696,977158,228795,3166176,494377,533752,321607,361728,1276780,2470202,4957
1175655,983872,1581143,1129513,348273,4135387,475418,295442,153170,243716,1115935,2230584,4921
1333025,1085608,2007610,1379440,464482,4485807,913108,949894,321015,327035,875884,888742,3978
1213024,1690418,1265092,1284738,237436,5670424,729578,762846,654616,708536,1656749,1631894,3576
1287469,1290347,1726357,1005947,242879,3337821,493770,508237,326958,358957,1233264,2324051,4736
1570351,1275893,1998498,1378168,457208,4597015,701558,736484,228926,325124,891251,2473314,4914
925173,992311,1564161,1110083,357372,4020895,733498,764905,244281,230402,446219,860550,3763
1242426,1650032,1620273,1464692,346559,6046018,914867,940422,668829,705645,1856240,1866338,3831
1378124,1487164,1810905,1041590,235324,3372611,495545,522268,388645,435321,1388950,2479113,5189
1230272,1262092,1710758,1238910,361795,4361744,505790,528665,215550,299349,878113,2292222,5132
966913,995839,1644291,1149422,348904,4160501,695939,725514,252159,246672,494406,856395,4032
891690,1457824,1568245,1222366,354991,5424759,739112,772173,530813,574283,1535467,1631196,2916
1653282,1688618,1905166,1425918,246680,4568692,506540,751369,571085,612065,1737778,3056919,5213
1276743,1279299,1653227,1174963,334432,4233916,583195,506471,221044,302189,886775,2375233,5191
911586,903785,1555743,1100073,357372,4040912,722628,752120,232310,215856,462323,863002,3909
822945,924177,1388407,1053648,365724,4438827,713470,731170,401169,435137,1336750,1680880,3080
1464638,1802561,1595877,1245039,124599,4733592,494198,755724,573774,614522,1540695,2478138,4535
1525516,1425403,2079313,1484501,487328,4446835,734074,520655,291494,334874,1274551,3002647,5379
921439,980440,1621328,1133148,352404,3979069,692838,720980,272078,316466,497974,854923,2968
736884,768077,1075433,941875,353510,4236288,728973,761148,262015,311014,1242496,1619258,2915
1539631,2059858,1710611,1350479,123634,5067389,504128,749750,636704,672748,1540707,2326558,4324
1286900,1191436,1665086,1196174,343709,3907227,481027,281088,266090,307724,1302357,2449555,4821
1194743,1064517,1608145,1155505,364109,4155684,738271,770408,213775,261193,509517,1598052,3649
673898,748881,1194929,1077491,481445,4355160,937497,961998,286456,338358,1165418,1619811,2927
1532616,2106271,2048107,1348705,125372,4505275,500204,768211,689843,718500,1670826,2454885,4251
1558703,1504929,2121414,1235930,368250,4056148,728085,515508,390403,418348,1610665,2953527,5250
1285527,1288732,1705769,1195140,357015,4126711,703437,732693,267173,293544,534156,1639156,4076
666227,752363,1264156,1138585,358700,4108312,740280,770070,245761,292801,848491,878794,3195
1467553,1694745,1899924,1206064,246451,4406812,730800,983799,570825,614364,1750651,3069188,4442
1420516,1783095,1902084,1418273,352549,4878604,489182,280477,352837,458688,1467098,2487358,4843
1206258,1171143,1644674,1194576,361127,4334813,733399,764402,328074,311042,541943,852430,3915
641244,619726,1245318,1116092,364671,3943915,717336,737578,238769,291671,1128635,854563,2934
1162429,1237242,1425430,884961,215947,4271677,686646,726859,372251,407465,1307176,2372314,3867
1740781,2160377,2381830,1786566,365606,5374885,498397,528357,541073,646594,1865967,2959679,5004
1326283,1231014,1725178,1251477,349655,4534386,690027,719244,325452,308890,563843,879381,4040
621538,633374,1252858,1137501,353726,4155421,731944,761009,254160,307820,1227144,854578,3028
1377510,1042708,1330674,733096,125220,3655061,722805,742487,305209,338151,1209412,2327644,4612
1599689,2201280,2094369,1600560,351311,5104909,267925,278380,652024,766028,1722614,2527040,4921
1236906,1272477,1666694,1232463,347924,4476320,707789,593627,293864,257192,790540,1509557,4705
953916,929050,1670402,1427103,481643,4745374,937487,959915,339567,382123,1208827,858440,2958
1255872,756195,1201848,662075,125346,3560684,701749,741354,256225,299814,1192832,2372470,4589
1819579,2285586,2448523,1580038,364759,5127768,494860,514785,686145,775707,1912421,2952459,5472
1320440,1362167,1770860,1273893,357250,4398766,703041,732679,288409,268031,555390,1656913,4804
677015,1004915,1648187,1178959,355709,4280495,738412,764491,323614,368120,919059,873508,3074
1209798,836867,1263936,820303,230943,4044748,926523,951612,295490,344743,1451228,2662012,4507
1457261,1688430,1908720,1436101,348746,4649091,270258,281836,451151,554706,1493198,2451154,4682
1351405,1574427,1821306,1369039,358329,4958410,726694,757382,423553,405989,698013,1558713,4288
713933,1146607,1702443,1206254,360479,4284639,708974,726660,302064,353013,874466,872427,3068
898597,504749,834794,637613,235730,3861917,705028,742964,223114,269820,1173374,2433606,3772
1699273,1553173,2164277,1564401,365032,4354717,465634,530424,410745,538648,1715326,3031994,5328
1479844,1956676,2001425,1506039,356754,5301148,702005,731146,519979,486132,781059,1668561,4559
667875,1081011,1647742,1204512,349042,4417987,723391,754346,328527,386652,936889,831178,2781
911778,637168,885300,677141,242248,4170149,725184,744455,263923,315850,1164789,2306604,3786
1336099,1001383,1605180,1131464,235253,3197945,272696,509318,260929,295326,1198302,2428875,4857
2044279,2470049,2755196,2059517,603912,7012378,1206060,765908,575723,617017,1597077,3085259,5402
705246,1031982,1418796,1210914,368545,4450325,721751,740915,313881,356273,908816,868892,3054
941833,703740,874302,674158,238141,4076049,718188,756913,263110,310146,1241687,2478480,3970
1246316,962320,1591934,1112134,245609,2888440,268985,518408,258702,303748,1179312,2283076,4597
1903878,2147299,2048482,1543739,355750,6256087,909761,726631,629522,656912,1630717,3275644,5929
969124,1211476,1658696,1178635,352015,4322019,733363,766399,331689,368569,532872,862962,2989
1040951,1120723,1363183,996788,363809,4329933,960327,983411,390221,421799,1543959,2334876,4149
1201182,872491,1555393,1087232,235006,3361503,271566,509352,193489,275121,1172140,2453366,4782
1430096,1829030,1874391,1454474,346193,5286483,700701,496100,443962,472588,1131557,2163524,4517
1098520,1665049,1865886,1393866,359601,4855488,707415,728934,423439,477300,667697,849436,2954
658666,918184,934731,970727,348319,4325345,715779,755505,350144,395506,1305505,1624496,2954
1471882,1040180,1945722,1130150,244008,3500873,509530,760744,240615,348532,1494215,2981984,5657
1449366,1466179,1837152,1344455,362170,4833065,710661,511706,366547,318553,986791,1691538,5108
1138496,1724998,1927981,1452267,354403,5256957,732514,762953,546868,593262,1140012,844743,3016
746833,875177,952917,976350,321041,4433250,705519,720992,310436,348361,1198236,1546037,3177
1233041,954616,1611135,903002,123689,3085643,487128,738278,266997,317063,1250407,2484683,5062
1581392,1224654,1938737,1342052,476040,4415872,728547,524160,224399,247326,1191317,2291323,5380
1209511,1936423,2045347,1571309,362575,5742644,714725,736394,639093,678062,1225114,867437,2874
966108,957601,957977,962680,238059,4194955,714211,754601,340067,370786,1276186,1616914,3875
1186062,1036388,1594017,886460,242089,3030982,498233,520450,275177,309790,1159247,2246344,4543
1582958,1018398,1593826,1109008,341600,4711277,662536,594221,214712,311481,1376648,3082571,5477
1553902,2026258,2004599,1555592,342747,5625827,707403,735199,667470,643389,883525,873092,3849
980303,901373,1314334,1174282,358998,4643610,954213,979388,358273,409091,1549701,1635514,3999
1292012,1250295,1737811,986742,236829,3353607,489051,514612,345780,388215,1297640,2488489,5415
1219755,918899,1579914,1114758,365018,4082682,504888,528028,127117,220757,842564,2342983,4828
1176023,1819523,1922932,1452857,364114,5124493,715066,735557,509801,493435,737044,852044,3752
756546,1121736,1405543,1197680,352629,4694157,723380,762489,439452,491216,1429902,1476006,2902
1550350,1331723,1720440,1012272,243748,3857173,741891,770431,374348,425168,1586298,3033333,5982
1293767,902006,1617142,1100071,357867,3958428,481696,504990,120978,223193,860001,2515315,5201
1099740,1421568,1752281,1263642,354436,4577630,731278,762258,393555,368614,632792,852482,3660
863242,1500503,1568024,1219577,363239,5312355,736324,756116,562999,598040,1464316,1607272,2914
1285475,1158074,1337769,971900,123737,3791857,491399,748251,337591,377908,1294170,2501628,4982
1439996,1138190,1945510,1356591,481727,4209085,718660,526907,205940,290245,1200175,3040817,5422
1060654,1105707,1712603,1215397,365778,4201305,719372,738195,315817,304877,554281,874530,3855
955801,1824609,1707435,1366078,349806,5603087,713326,753004,680829,715339,1639485,1632610,2850
1245113,1112224,1352678,1009942,124358,3757436,493221,752372,346021,389627,1239657,2263275,4725
1248091,1136812,1667540,1158532,350407,3469536,489274,284535,237117,270097,1230852,2472693,5009
1259284,1075787,1859049,1263380,566067,4994358,1166266,1214761,307135,357762,839125,2276453,3702
981744,1858171,1369634,1401763,367736,5868175,739560,759090,661009,696457,1588210,1615768,2774
1227112,1018477,1322625,962256,126594,3771431,466406,714316,314301,363913,1228056,2371777,4976
1242874,1187219,1656604,1181219,367723,3702399,509612,284994,268774,295278,1259582,2349860,4675
1249302,911998,1587734,1120277,363197,4007870,715612,735427,179956,214659,477396,1641203,3842
871991,1642487,1519030,1451109,345001,5286647,708567,746659,576439,607090,1170398,843262,2777
1330204,1495997,1809965,1087526,248429,4016024,735154,1008422,462689,510937,1672971,3001321,4556
1289390,1325465,1736885,1225558,354785,4246831,487572,280501,228839,308527,1279114,2496402,5218
1213357,923349,1562074,1103638,340521,4115582,700871,729868,190288,238675,512920,1356775,3877
852339,1387220,1454472,1337682,364966,4779944,734618,753617,404211,449125,989606,864511,2990
1161225,1658576,1562267,965756,238129,4546361,700905,735384,556016,593525,1507548,2476234,3920
1496882,1392976,1979194,1401363,360589,4174437,502285,516808,262772,348572,1587178,3059187,5698
1267823,1002021,1654660,1163479,367363,4050855,720170,742505,241753,231850,466257,875505,4027
1033394,932471,1608689,1400485,346249,4319765,713758,987460,420753,466537,1688403,1633124,3826
1274287,1872304,1609834,1038950,174325,5023348,711238,741609,616567,643960,1478288,2215235,3900
1282611,1286605,1731780,1257665,242055,3821086,270820,512169,283269,392951,1329567,2487587,4790
1446834,1126925,1925886,1345827,470058,4544201,967207,763523,274777,259846,868703,1615076,4577
728104,725824,1262442,1423756,478041,4920855,953847,977548,339221,382844,1523344,846652,2897
1591108,2071597,1715263,1108105,124851,5071081,705687,741209,650543,701333,1639664,2464894,4688
1247717,1175880,1677126,1237102,365006,4026190,277377,289914,281408,382382,1291176,2310371,4589
1271603,1185590,1690372,1209842,364789,4268641,718171,692938,239443,222989,663191,1657490,5262
970370,820296,1571362,1088196,345170,3890016,709198,748480,294574,342401,897185,888953,3065
1482277,1841070,1623175,1258042,242184,5440564,969143,1009641,631280,669160,1852503,2315804,4717
1343902,1406496,1776501,1282062,356839,4146009,270271,282326,336127,416369,1287309,2478031,4701
1253216,1218785,1682560,1192626,360340,4318559,741406,770650,264828,236975,544197,1671569,5028
663307,768579,1642159,1144772,369992,4091280,739156,758352,244849,286003,818229,884182,3050
1144836,1175948,1069185,947065,233738,4765506,693775,730258,460601,497901,1399755,2345563,3807
1674915,2044368,2296397,1464086,361869,4473771,503007,523630,537065,655118,1842967,3050126,5008
1280719,1252236,1707298,1222160,362972,4272309,714011,736188,272909,244063,545331,1675554,5076
621666,743971,1566861,1112772,343584,4039120,706059,747966,276774,329507,876286,847714,2835
1075934,930745,987131,784186,242339,4485005,733998,765037,287452,334775,1230306,2288319,3904
1547152,2094888,2074356,1583995,241041,4243845,270397,511576,625711,672979,1616329,2495242,4763
1492761,1320732,1960472,1395007,453787,4922327,923363,727474,262815,253351,930250,2375596,5390
636994,899481,1731391,1259009,367313,4566448,738123,757813,294935,344065,897818,866635,3042
1016425,738412,902369,667100,234927,4118366,697320,733554,275881,319184,1234052,2427298,3859
1483425,2043990,2016011,1566376,240618,4547362,271078,526877,697277,736100,1618548,2339635,4549
1311087,1300648,1773778,1268129,368539,4498161,724507,521771,219200,240703,887137,2418651,4955
975823,1162354,1646845,1375874,458535,4639755,934092,988404,360417,401543,880465,864988,2948
885017,573590,920907,644991,241726,4026863,701345,730505,231968,272202,1095118,2174453,3628
1545119,1904818,2022238,1534989,242399,4332021,271462,504017,602522,647747,1568083,2489395,5068
1303044,1468758,1776592,1303377,354067,4535213,733418,529422,273390,304842,996862,2362584,4394
969085,1274512,1700596,1220205,358032,4374078,716737,733657,328041,361542,548155,884403,3155
636244,560490,849562,876369,354945,3990961,714845,751653,235473,288884,1239889,1686036,3019
1679339,1757430,2176294,1380668,244485,4479328,505773,763802,444458,555363,1736412,3029188,4827
1418425,1721247,1856097,1387270,347650,4860297,684402,478589,401435,423922,1043875,1927182,4369
984980,1268522,1660512,1188631,348690,4288186,713217,752501,325741,356901,546573,866823,2971
659095,637235,899406,922813,362872,4009519,725895,753598,251883,293763,1167659,1570942,3051
1404365,1255835,1770179,1036629,121657,3412159,481100,732640,403898,443764,1368626,2492288,4770
1734627,2173186,2315809,1723966,469829,5832254,729666,516030,534936,574764,1569869,2394010,5107
974225,1126440,1730661,1250836,363523,4452804,729606,745999,338511,382122,920854,868315,2916
734808,586735,1263533,1151558,381600,4632018,877135,926645,335664,392148,1566417,1553162,3009
1285404,1113992,1628179,939046,123143,3216027,504552,770855,282769,325669,1231732,2324261,4275
1583550,2247245,2100541,1613335,365868,5620868,501379,287066,504980,607583,1572447,2423040,4880
1274482,1218307,2049022,1453272,465041,4993472,945310,1000351,384320,375337,956968,885259,3856
946165,744490,905779,947946,245421,4177457,740225,775510,260659,310983,1198695,1598295,3939
1284846,923186,1584313,837392,236504,2852082,490496,509749,249465,296416,1204131,2467741,4731
1502200,2034475,2005774,1539867,354498,5697080,503569,504916,519045,600824,1305133,2384701,4567
1267670,1226377,1719246,1250204,367645,4459179,737489,759039,325372,310693,574081,861454,3695
673654,837771,1279908,1172137,348075,4354675,700535,735082,332538,377156,1296031,908171,3171
1464445,1045010,1881907,1288501,461170,3903238,497350,523970,178478,273236,1168478,3199402,5373
1157447,1706435,1879891,1424323,359360,5118280,723462,753989,512395,485625,719381,849576,3596
741034,1138389,1419295,1078846,355072,4653785,700137,729057,412044,449494,1361539,1653337,2934
1233903,1101817,1306405,934672,123825,3760194,507718,756906,319222,375241,1277726,2342474,4712
1479596,1069801,1897700,1304833,349341,3527393,275720,507554,239617,344392,1445898,2976055,5401
1414251,1614973,2112750,1504877,457399,5228248,915233,967632,435740,433499,681578,1635159,4332
842266,1519670,1544960,1220891,362321,5206179,730295,761120,515326,561932,1443486,1526200,2774
1255220,1009456,1293471,951516,123896,3762213,477367,723243,324741,364575,1239527,2389992,5033
1517108,923753,1538285,1072550,344446,4283844,703323,507354,252348,309732,1608327,3162379,5637
1343477,1187556,1678275,1209890,364287,4420287,731776,762095,270903,306750,526235,1582766,3980
939855,1984858,1949977,1546815,462272,6222569,906299,944391,685942,727367,1560738,1688888,2964
1263471,1106172,1332550,960394,123819,3832285,507401,767194,352426,383555,1299875,2401561,4966
1242631,1107624,1660896,1169647,363414,3676733,491031,278815,229055,258521,1191280,2370946,5094
1335001,1057581,1606872,1123731,343808,3937565,695113,734176,220555,263029,519846,1636757,4045
952566,1895369,1642173,1557797,361496,5550049,730102,763651,671168,725337,1258154,850509,2834
1287970,1242882,1721152,987912,244472,3830970,718607,962249,374969,420810,1579970,3224378,5113
1268167,1251614,1633445,1175699,333999,3730358,490457,284634,256275,318938,1248485,2363286,4897
1176856,826438,1534833,1081213,360566,4029267,726768,758888,194108,216606,460197,1555740,3782
900422,1633031,1552386,1456131,356192,5372347,704699,733899,561831,617642,1188212,856962,2929
1007805,1287915,1390350,840340,238026,4132585,726007,756869,394394,439232,1329956,2319553,3569
1230299,1252199,1676426,1187895,242574,3731484,268439,510808,256288,344413,1179427,2323315,4962
1523408,1067512,1913938,1290412,461937,4304039,923350,740502,225933,228802,833672,1672511,4564
877917,1510947,1494670,1388602,368066,5009396,739263,767000,463416,512103,1293628,866025,2973
1120294,1543878,1515965,940017,246542,4439856,708351,730353,510716,552539,1421996,2412187,3696
1259459,1274267,1651205,1162416,340436,4266531,476775,736557,346271,450889,1659372,3189481,4810
1169896,909682,1587550,1113325,360306,4049310,725320,520662,178876,155550,787665,1567482,4869
1084900,971477,1666856,1415319,478623,4894069,933028,972367,404907,467856,1344801,868226,2900
1477899,1826206,1627255,1056744,124078,4929149,737924,769370,632209,674828,1580476,2375066,4482
1276709,1249816,1720554,1240220,351240,3937521,265952,299415,251610,355067,1241147,2381289,5082
1213274,983811,1603954,1112639,348081,4108351,700242,506528,202859,196604,881928,1703218,4941
1033212,1089233,1648421,1162265,365394,4219004,739760,772995,285266,267393,522436,866142,3769
1305706,1918324,1736874,1395901,358827,6273917,909403,946045,714640,769500,1984760,2430110,3668
1284215,1204785,1672784,1194647,239641,3379297,278431,534792,325069,369312,1289628,2401337,4769
1205705,1123018,1655780,1181020,363718,4303429,733837,524380,164641,192024,837266,2316318,4707
979167,889851,1574737,1080291,350489,3882600,703097,734333,249302,285163,494969,855930,3138
941862,1659395,1556907,1270228,347190,5596461,705511,735120,631086,657597,1521557,1619851,2957
1616740,1313015,1720697,1239637,241429,4081802,494584,734053,440978,480783,1626124,3148780,5660
1209416,1225348,1620252,1179575,234722,3199812,270384,518440,335159,389818,1268273,2318328,4803
1280947,1019673,1648149,1168750,362313,4024675,489454,284768,160242,256481,1209117,2400258,4704
1439331,1620526,1838267,1386962,354484,4938809,732085,773806,486216,456394,695375,841859,3580
829600,1366873,1505968,1424016,367268,5112266,738514,768834,536197,579327,1456850,848316,2993
1365887,1323883,1733155,1029055,305086,4520954,887601,924996,380628,341961,1228800,2425302,5329
1435109,1024412,1907261,1311780,351043,4045228,496887,525986,189245,292794,1551815,3091533,5662
1404512,1358555,1748544,1255462,358618,4384540,716240,736370,363483,349002,614171,869626,3657
903085,1625604,1632377,1521850,355083,5491911,714640,754059,622089,663770,1607863,875028,2845
1256171,1165462,1358596,754717,124623,3879057,742406,774296,368999,399051,1267300,2336589,4903
1226653,989260,1626210,1141967,364698,3505834,270683,282383,205948,294354,1189084,2414966,4961
1540656,1172246,1888252,1326648,443277,4501126,909606,857870,291330,279491,736426,1532316,4294
941941,1811032,1724135,1632971,364165,5818931,732314,764499,670335,687452,1517764,865145,2982
1312145,1127469,1394585,772530,124304,3779453,709957,744207,338294,392875,1337757,2536564,4963
1181366,1068553,1605636,1143226,356130,3583609,269706,282441,232084,332755,1233317,2360993,4833
1261441,936805,1575135,1085166,364114,3869309,725692,746029,161155,145867,461788,1588604,4437
936788,1860744,1992954,1618209,463798,5832612,923220,975279,653674,701405,1581548,1549396,2907
1276580,1155566,1368841,782195,123639,3820205,730767,762205,382128,429092,1328579,2300034,4532
1568367,1461997,2047940,1443258,474445,4161574,481523,500179,299381,351075,1243982,2401032,5620
1271758,919847,1560245,1086230,351701,3893296,728053,772522,202460,178199,498888,1673373,4888
868591,1547357,1885147,1401882,357988,4941195,723973,755130,483164,528446,1070953,857618,2963
1151310,1436425,1159517,947756,240656,5099887,707555,739772,513718,542668,1451513,2509494,3742
1796819,1576609,2379893,1650160,466395,4393044,698248,759203,316813,405524,1654245,3858785,6738
1243973,970157,1620810,1117190,362658,4055816,728159,748994,184736,159354,464909,1605420,4830
787774,1017390,1716856,1255126,353243,4621373,713219,752971,374494,416537,970238,869578,2915
1199740,1756802,1296946,1080715,246376,5650222,730905,762426,642514,680389,1554068,2314043,3941
1285820,1328351,1723610,1256546,236788,3190355,267674,510075,332600,380325,1280010,2420426,5024
1508638,1231641,1960236,1378705,459449,4586736,943829,755823,246715,286183,913875,2446846,5024
739677,949601,1308711,1201458,363064,4274003,731219,762693,286980,329935,864591,847574,2914
1313168,1967076,1465830,1183117,242410,5660064,674976,705396,673775,730340,1634443,2360457,3667
1266323,1272781,1717423,1237315,244043,3465284,273073,532052,355141,385365,1311015,2386557,4937
1234071,1143599,1648515,1176507,363564,4291733,727174,516839,164752,187825,829776,2362361,4816
945860,879354,1548429,1298550,456644,4296225,912800,964099,304890,363893,870309,869718,2927
1218602,1881722,1660542,1080122,246843,5026389,740356,771228,631535,666070,1556697,2320303,3637
1331201,1398544,1768517,1285323,246553,4055237,266227,499468,359469,448191,1309421,2425131,4532
1232780,1273010,1604511,1168047,331741,4169784,686782,493449,232309,256616,923943,2091998,4746
924674,900802,1615045,1148809,366887,4088373,741761,773281,250159,295126,468493,854014,2863
1149809,1393134,1472041,1115902,354655,4794141,921815,961124,524053,578685,1802691,2452873,3602
1682116,2057307,2256813,1689658,349928,5254495,485288,512184,442906,561684,1843975,2997790,5178
1249451,1206688,1683847,1212563,363167,4289346,723439,508921,258228,238991,889404,1637583,5179
914744,789950,1572351,1088262,348512,3946141,703775,745790,243618,303767,843958,853560,2843
931529,917665,967389,979268,282779,4496721,710344,742962,329107,339368,1206648,1516870,3146
1523180,2078520,2032684,1312091,125726,4315935,491783,730178,609737,659990,1557951,2425229,4513
1516892,1369527,1967688,1392280,456683,4758535,719241,519161,260135,308428,1296454,2413504,5344
934505,834142,1612485,1133577,363161,4033918,731827,762796,254267,304062,799613,847726,2951
1041273,711781,890364,911177,237754,4205251,697629,725576,277569,326952,1260075,1663100,3636
1450805,1998850,2014632,1311598,244716,4636975,511877,534355,658096,694883,1589985,2363620,4302
1278436,1240839,1692038,1189784,360011,4247974,495252,476595,207029,287861,972948,2347925,4810
1214343,1019542,1935547,1319447,463459,4578254,929351,983170,317185,299278,851782,866290,3946
935245,633697,858690,870321,242250,3984057,724451,755721,259980,304192,1176812,1533332,3478
1572988,2207789,2101386,1364109,246325,4681413,492559,508953,665481,712447,1627865,2450478,4926
1261257,1283103,1654683,1198911,345854,4359932,501766,528877,215805,308162,880871,2392188,4399
1014232,1378928,1755057,1276190,365684,4322235,734138,766225,368411,337736,589642,869513,4075
946010,530590,1222495,932888,351688,4367893,908690,946539,270893,321929,1528596,2366021,3842
1453226,1771432,1869515,1218515,237958,4115820,480190,510870,556541,585856,1466752,2339017,4627
1416533,1669296,1915820,1435416,369638,5123416,500912,514528,309427,443137,1050060,2385326,4766
992110,1297329,1709161,1229872,352518,4365492,709336,751692,351431,337173,562378,873505,4091
647157,515330,1217025,871149,359225,3958842,726826,759743,227259,270277,1150977,1570142,3050
1462060,1249600,1423936,1075169,124963,4143641,494971,739353,399695,431539,1347680,2457001,4652
1731321,2057835,2265593,1676074,463214,5211169,715846,514488,480952,537623,1549855,3248796,5574
959662,1233964,1664673,1203559,342303,4390457,688119,719320,332914,312277,561520,871574,3919
646431,632983,1258408,907255,357962,4175732,708033,738320,274717,323662,1261828,1692492,2934
1312584,934134,1261394,904329,123211,3404411,497080,764893,282695,318669,1228885,2353354,4468
1535032,2214395,2118009,1634361,368655,5461641,507923,287574,622059,653811,1604936,2369984,4628
1303358,1475005,2066302,1438952,458951,4800321,918244,971749,350841,387847,547448,1650360,3686
655901,741890,894546,917591,365699,4042153,737458,771226,295495,326607,1207363,1581728,3002
1270062,870732,1359685,921890,124752,3595718,463662,700583,262066,309007,1166530,2335732,4938
1546554,2077613,2014315,1579216,347448,5131702,498601,282842,639775,667324,1653594,2428193,4688
1530310,1457259,2060922,1456669,485218,4822580,734150,765583,256250,369495,905421,2275888,4348
655401,1030756,1287014,1213960,464499,4804587,908074,946097,389433,438754,1296860,1650766,2865
1192457,917916,1556556,856688,124325,2826575,498724,764969,226909,271609,1164743,2347906,4658
1781325,2054247,2325520,1728334,473149,5903653,502611,281564,413394,568410,1750039,3033163,5502
1337745,1484614,1742100,1299189,330572,4815910,673225,605518,392319,384245,920437,1560051,4431
976909,1148422,1719743,1256994,359249,4383103,721566,753436,326816,366573,892606,876964,3014
1252622,720336,1205339,829168,238064,3940900,917414,958494,288263,346447,1565365,2500423,4681
1373341,1404528,1753551,1273727,353087,4203233,271099,285587,335138,443149,1385732,2392301,4648
1411932,1835860,1927708,1460581,363040,5273742,729312,752598,492622,461879,760834,1602352,4451
739863,1232443,1744517,1239188,349718,4323347,702111,735974,352968,388568,961921,879339,3046
942319,696281,893106,793677,239025,4308259,722669,756130,269940,317762,1226794,2194880,3835
1337466,1080901,1665720,925607,244075,3150556,501528,517572,295861,342844,1194567,2391794,4592
1855828,2389103,2450530,1838759,464825,6476956,717119,757917,618374,638870,1271248,2503887,5661
694291,1141906,1724451,1251734,358645,4469439,724226,756830,362510,399088,895949,876305,2961
947820,770466,896522,676148,237419,4003581,703150,735081,281003,323109,1215402,2466470,4104
1234036,1014463,1585211,1111203,240756,3020661,270520,527174,274797,335718,1253042,2393432,4706
1534382,2173701,2084586,1595255,367076,5746549,719499,519498,517328,580591,1210680,2340648,4498
978046,1252730,2050250,1436130,457001,4836920,907660,953989,388258,375651,910562,853248,3729
986889,944065,959209,742932,241798,4387313,726812,757399,311581,382662,1259295,2305642,3940
1236421,876974,1571424,1096894,241496,2925310,268817,504572,250310,289040,1161851,2375919,4753
1804823,2006348,2287568,1698754,461295,5203988,725796,525830,536920,580974,1574880,3254063,5615
1059252,1533148,1799918,1340222,368017,4824153,739977,771123,403952,446899,621529,845338,2832
939047,947571,1021894,992767,354443,4963495,879727,918890,389795,453596,1604232,2354151,4103
1210483,860017,1543077,1088835,236938,2987418,275071,525567,250568,283613,1200019,2379933,4758
1451193,1446539,1794567,1318875,366650,4800797,737972,517380,300650,331775,964359,2383736,4867
1174375,1925267,1949011,1454545,346508,5196330,693310,729363,552379,597831,794461,883408,2944
684563,887378,947652,949099,359400,4271982,730769,763582,329448,362125,1254950,1607191,3018
1234915,958395,1612461,886292,123695,3102359,499477,748028,271345,304138,1212009,2451654,4933
1561141,1285887,1917830,1351338,442233,4553860,681757,488169,176478,263484,1235929,2834714,5454
1201285,2102884,2040472,1570758,368903,5845487,743276,774784,650612,681834,831797,866035,2874
685287,880340,937236,957527,360814,4317074,708807,741254,313456,350354,1276447,1693894,2912
1157282,940646,1524099,867946,123475,3053500,496260,744971,254902,309282,1225009,2322351,4587
1281919,1091371,1641953,1148936,367585,4163276,504230,280912,169834,255636,1175121,2367229,4663
1584201,2168221,2450149,1815579,465084,6219553,924891,972172,701222,719872,1260160,853685,3672
799149,961522,991192,1014820,285237,4449708,713757,744301,355198,408257,1262489,1497306,3167
1249798,1204207,1680264,953739,125058,3053878,496853,745346,302308,336512,1205322,2403968,4623
1246020,951495,1548222,1102612,349415,4063445,496989,282763,153593,242453,1217615,2435818,4500
1835239,2244953,2416237,1854890,364122,5731854,730965,982559,719473,715361,1209024,1523332,4642
1006076,1033245,1405962,1285587,361117,4896548,917855,956338,394242,445237,1642306,1652242,3861
1241714,1175047,1632294,945588,236635,3219303,506417,530732,325040,380069,1313564,2415946,4781
1270270,936177,1604972,1112956,358914,4040613,502243,492200,141288,220794,892442,2332302,4782
1474988,1605911,1835558,1351778,350378,4955641,703709,738630,472180,460992,689183,882010,3735
824954,1354653,1494301,1367963,358045,4968434,723605,751679,520271,566624,1461584,861722,2909
1585269,1320749,1728591,984087,245413,3784993,721084,743706,366161,402258,1592918,3226395,6098
1278517,968672,1614961,1141200,352019,3982490,499921,526731,181272,263455,917532,2477562,4709
1197485,1486962,1825994,1344188,371983,4651377,742757,771935,369042,378670,657018,917464,4139
932317,1815097,1701019,1410750,360691,5402642,705460,739052,643595,683389,1628524,1626761,2991
1290769,1211809,1356110,801733,125058,3821568,717574,755279,381493,421986,1331500,2379748,4861
1269133,1132332,1698760,1219318,366599,3579086,274857,283107,267679,352465,1234592,2347143,4853
1347520,1326291,2055724,1435433,471179,4717147,931978,977518,318424,306081,568654,1693698,4686
1237472,1831713,1702566,1381356,363275,6321958,965915,1008297,757213,788650,1967162,2333587,3591
1326482,1217486,1395676,1053251,125604,3785375,498014,737338,343408,394685,1316749,2410294,4565
1245049,1162721,1648930,1189837,352760,3558761,492638,284075,259714,302965,1302414,2502846,4817
1544694,1234722,1943924,1327539,342658,3896918,702348,944967,260776,255641,839583,2237339,5391
964738,1912749,2039261,1563079,482397,6057890,933191,974527,667908,712268,1610758,1685401,2952
1269217,1194921,1367578,1033884,126575,3885171,502037,768638,370156,427886,1388148,2365073,4330
1349109,1437897,1787989,1312777,358083,3983813,506634,292443,308273,346285,1294246,2340756,5243
2247967,1886506,2773971,1987453,576671,6005626,936660,985828,550050,393496,968976,2443961,7245
888211,1497589,1463065,1366437,356301,5029924,731167,762637,468939,507924,1062682,860785,2975
1393501,1564714,1634002,1186004,239725,4984564,681312,931941,573443,609964,1737008,3077488,4663
1308685,1416381,1717449,1246041,347167,3701951,493472,282637,305222,344477,1350787,2489370,5213
1184354,924354,1598802,1140336,360892,4068089,733589,765648,186813,217504,456367,1584695,4041
790283,1060809,1320111,1244412,352234,4647766,700092,732531,370856,425372,987417,861549,2994
1175269,1808103,1618174,1044829,237374,4943088,733752,764772,599956,640241,1567123,2405923,3944
1259553,1282492,1702665,1231872,242615,3920339,269805,517548,254322,358497,1234497,2342067,4929
1486337,1098884,1918482,1321376,442708,4480133,889780,706921,193804,239193,857891,1931143,4981
731055,894345,1244230,1149611,356824,4146288,732067,763562,287746,315881,862327,852644,2893
1293086,2079018,1715208,1104134,241092,5076337,718376,739380,619934,662926,1562226,2418426,3749
1278999,1248550,1673643,1201257,236559,3813472,272292,521547,297094,381549,1330630,2467434,4782
1200398,1134099,1649352,1189501,360742,4322535,733900,524236,232928,194111,851673,1564070,4869
1299777,989177,1992796,1357459,470853,4381733,1127003,1175236,363144,430663,1590661,1620851,3984
1400730,1831838,1626784,1039713,135804,4881273,731521,763986,618872,662234,1567448,2379775,4183
1288701,1308406,1758088,1280734,244792,4088499,273850,522126,332149,424466,1294656,2334436,4478
1331339,1281852,1723541,1216202,349729,4266853,709533,516738,260295,239672,924139,1697698,5329
944262,774687,1570860,1135090,358680,4176888,735773,767532,264658,310377,841410,856141,2964
1450947,1442919,1492325,1134412,238681,4963591,936314,961208,545784,598629,1767790,2394546,4622
1409077,1787614,1888984,1431234,346655,4513083,270228,282641,425123,536532,1476945,2450726,4428
1230618,1217078,1681776,1232308,361649,4445707,735230,746028,272504,247356,599614,1582657,4939
909286,714112,1592214,1131747,343646,4004586,680618,709034,223084,280103,835796,885582,3145
1093136,964729,999084,1022935,238335,4669784,736186,766803,371616,389595,1296751,1632709,3874
1770263,2234375,2399639,1527643,355763,4772212,502264,518422,592901,686536,1839694,3071045,5644
1326428,1231367,1713938,1209359,348215,4448897,706919,740510,277188,242214,565937,1699983,5141
616473,810217,1572310,1117610,357498,4114147,730671,762286,258514,294454,825361,840895,2803
1024574,791394,933505,737518,242458,4213704,715829,737145,304196,347101,1227459,2362877,3704
1536036,2112272,2018078,1366496,235829,4472839,411560,496064,683955,735734,1650437,2405183,4786
1330670,1482234,1804505,1334815,363375,4593794,508322,526631,274754,359745,957137,2325925,4879
1005842,1252251,2101850,1480566,466383,4666864,912181,953443,363952,355528,905714,892204,4189
1264348,629606,865979,655437,237184,4669664,940067,983066,341986,391872,1617133,3092239,4544
1585344,2122772,2079685,1600614,243367,4501377,271591,521331,653169,703888,1589923,2375636,4802
1389269,1543798,1843743,1372548,350860,4699758,712460,519522,282538,315129,1037108,2486422,4686
952714,1272213,1665203,1223654,343859,4661372,706075,734587,346916,344558,604025,865579,3869
1022993,806167,1305906,957784,362630,4608834,946545,972351,351505,389444,1594737,2408447,3748
1462673,1668549,1852295,1384936,237786,3943815,273347,522118,482075,525370,1462151,2498520,4878
1452589,1908721,1960244,1478745,361948,5099119,733818,524759,433609,458744,1147983,2290181,4485
1037006,1396156,1775418,1284769,356438,4360750,705321,737980,351451,389564,588525,875783,3032
673043,630775,897983,910965,353621,4179593,738910,771676,293824,340941,1301166,1667279,2844
1728697,1509400,2016199,1332258,244694,3911457,483792,736661,408645,483814,1635487,3046552,6049
1549512,2125413,2035819,1540767,347110,5398457,703397,509321,509746,535902,1237086,2502962,4794
1019898,1446292,1785481,1323297,360773,4517152,736540,768321,399372,453860,642467,886124,2951
671723,718405,918941,934046,360999,4031971,719292,742778,280692,330098,1236499,1654999,2971
1360257,1189878,2003723,1189943,237145,3603811,719592,1000050,377518,441506,1710941,2479550,4660
1495485,2069119,2034316,1586904,364435,5856150,510788,282873,564531,632328,1541613,2287495,4297
1565205,1444119,2069305,1442836,454852,4766596,901469,743810,283292,311303,919353,2451681,5641
641686,938275,1689791,1224076,357673,4587944,727012,758297,330188,363514,889440,843999,3029
985382,631247,856065,636952,242492,3949459,714178,733387,222443,273771,1181557,2411446,3762
1532679,1954807,1984633,1524931,232343,4363792,271018,519713,584624,621161,1559603,2458195,5044
1311386,1311447,1763966,1298835,362782,4588046,732772,526072,269925,306435,977569,2332260,4982
976197,1242511,1773256,1452184,467293,4754132,919570,960349,349565,401068,909044,870280,3086
915292,587764,871538,629528,238996,4084333,715988,744815,260351,308374,1225213,2346569,3789
1456215,1673171,1887019,1380342,240886,3830423,268534,517316,445079,502322,1393546,2372657,4863
1524784,1995509,1988997,1499810,345276,5336181,706220,515927,433360,447055,1144482,2512655,4862
953108,1247960,1674334,1223277,355156,4438143,725565,756358,326008,371296,551946,854246,2998
962346,729426,1259013,898212,364954,4268539,940849,963919,279238,336899,1544553,2468819,4100
1382781,1193532,1695433,1237542,234423,3912964,269661,522732,323731,408541,1325729,2473468,5035
1436769,2097891,1991296,1555284,343210,5736176,700368,487039,495418,512573,1163898,2030344,4389
985981,1290165,1761445,1264057,354197,4479490,706265,737267,337545,384608,564331,861886,3024
613679,698161,893193,887291,351446,4051918,733811,764999,270055,308706,1208827,1614515,2923
1635947,1272783,2029582,1175284,242107,3641739,500006,742677,266775,367494,1526991,3090635,5708
1642688,2249899,2098320,1597454,344062,5680823,703704,510730,590939,577993,1290925,1680051,4664
947337,1071175,1664325,1223295,360585,4389287,732245,763438,320245,375129,926547,855279,2999
702291,811867,1327433,1235313,430930,4934794,900338,924834,359976,420447,1571910,1558756,3123
1229324,826020,1523803,829196,124218,2897582,493349,757151,252257,299056,1227643,2463442,4867
1485456,1992223,2010796,1545215,361849,5660448,503555,285129,478193,578455,1521837,2287437,4378
1338983,1407361,2167317,1571287,466504,5311887,923002,961979,426690,403944,962668,888845,3625
962058,869014,942485,954693,237510,4403166,737857,769677,323740,375953,1314125,1652174,4086
1223101,930960,1586903,867751,242289,2947981,497614,513485,236656,287457,1142340,2343325,4659
1472353,1566960,1822950,1346500,344475,5068362,486400,468511,359516,450066,1179063,2477359,4792
1402382,1788174,1899979,1424907,359454,5011422,732531,765385,523664,495102,732551,838528,3521
989566,927264,1336160,1236864,362268,5063064,940194,963373,379020,420661,1612652,1659432,4064
1234476,859559,1571386,865653,238297,3036893,496157,523315,244717,293968,1231529,2485020,5286
1388584,1378691,1762060,1288416,361783,4583448,503629,525081,226216,347748,932092,2279238,4601
1208508,2104070,2047733,1553982,354776,5487401,707306,736000,616095,582933,833014,863091,3841
700029,977127,1348419,1102994,353567,4454724,738060,766666,353959,408686,1331376,1551293,3015
1518053,1052796,1649175,919384,239342,3455952,727244,747921,332593,376603,1520919,3085901,5742
1395117,1141081,1668182,1194265,346465,4163416,488407,514926,210441,313241,947981,2504153,4875
1255840,2252564,2119686,1673919,363091,5998734,737753,769226,733797,698467,921839,893111,3755
749903,1069245,1405522,1064849,358165,4453112,708559,729571,364568,418749,1342763,1664037,2949
1238826,1008092,1680232,1228038,227959,4332169,706209,988298,390053,449915,1689451,2468382,4947
1580820,1305532,2049993,1453520,481647,4071416,721348,529965,233457,284727,1227330,3033857,5563
1240132,2104948,2052749,1584734,342053,5620690,684424,713621,641589,622733,876340,880534,3929
743320,1036626,1385777,1035456,353535,4631430,740726,774265,363464,420776,1377263,1633678,2927
1276097,1087102,1307309,961864,122439,3950471,499340,751506,323649,354452,1231900,2394844,5232
1253003,918047,1567687,1101897,341176,3401769,487378,282747,204054,242006,1224094,2452182,4727
1388761,1673703,1831499,1382004,360221,5015070,733615,765281,407335,445153,668120,1555855,3583
796863,1566320,1554395,1448210,479668,5667455,939013,964909,567885,609908,1414230,1617379,2905
1267963,1125801,1392025,982630,128098,3798220,462729,723469,325948,378437,1270794,2384664,5182
1220080,932394,1638861,1165127,362478,3512632,505786,287281,212625,244518,1164734,2325283,5031
1404886,1141121,1769550,1277695,354045,4798014,705800,734561,339412,398093,674274,1678423,4082
1269694,2195651,2116798,1904827,464730,5640411,725384,756681,758441,812104,1682777,1660404,4282
1293828,1241556,1725530,992447,241212,3913703,727063,986451,359894,413839,1586301,3122417,5043
1529152,1149039,1974425,1350744,455326,4507856,706536,285461,150632,252756,1621071,3289167,5708
1268327,1098215,1611762,1172921,346302,4355622,707622,736370,241977,274624,503058,1182855,3760
992018,2089980,1740281,1657817,361877,5809947,714509,735448,630531,680367,1223686,864551,2974
957461,1270898,1679312,1006851,338698,4510967,927093,982656,398069,458057,1323217,2450822,3890
1502657,1322768,2035658,1446781,359855,4200666,499573,516837,230724,341974,1541742,3001668,5825
1290118,903907,1577252,1091828,352698,3994214,705240,735628,257061,244371,481383,860579,3881
935839,1677887,1637679,1539922,354274,5803475,739670,772231,646131,696378,1625222,843704,2769
1163662,1109715,1389442,805290,150065,4168963,734024,755083,327764,378339,1267542,2381427,4357
1283475,1202212,1663460,1182515,233273,3870718,271920,516330,276616,395602,1337979,2513529,5232
1217709,905533,1565501,1117111,360393,4009019,733475,522856,174265,136508,803939,1580080,4764
1205060,1637807,1927429,1707879,481345,5714234,940637,966778,577320,612946,1462490,866237,2953
1380503,1379376,1443061,876472,124262,4315599,721784,763779,461070,516816,1468099,2448313,4523
1286175,1313404,1747840,1280739,365742,3939422,274769,284498,271805,371038,1257460,2341862,5098
1225243,886682,1582677,1100086,353561,3952013,704766,712731,183373,172480,573052,1690815,5063
1096281,1288591,1764994,1285787,349635,4706265,728917,758547,395261,449715,997640,851931,2923
1462561,1719201,1592179,1261231,242583,5320545,958456,984668,597981,653062,1800988,2361218,4853
1294601,1221949,1671552,1189018,336734,3772970,266311,278498,265810,364947,1290982,2442016,4987
1223945,1032054,1630628,1176616,359109,4272654,733165,768094,208157,193630,509388,1613917,4947
730357,903258,1621820,1137282,359388,4174066,714703,734245,276335,319974,829493,869944,2925
1206233,1744736,1269111,1099220,234256,5549424,715513,756685,625139,676748,1620535,2365983,3504
1577784,1587104,2413155,1516563,467630,4712170,690531,726000,397581,505584,1552353,2923258,5717
1241238,1055200,1669975,1168141,352638,4077220,704896,735765,195809,176878,488357,1697425,5013
712529,881714,1579466,1118004,348008,4216145,730028,761458,263058,315781,853919,849033,2892
1236062,1743749,1301692,1095418,250189,5974888,746970,766222,632157,666959,1555589,2405831,3602
1315418,1278630,1708030,1222056,233784,3303202,271224,514778,316291,358346,1306031,2508183,5070
1480932,1306553,1963380,1388355,464570,4873992,937672,739322,254672,239170,912668,2326292,5752
633315,806441,1616324,1143548,361958,4008719,714755,736103,226584,277585,798896,853278,2873
1169717,1497557,1193709,979690,234744,5134308,716783,758622,562675,600176,1508322,2414957,3564
1334983,1447180,1800585,1318763,241850,3523891,273572,525734,400012,436266,1315014,2265020,4394
1340846,1297814,1724189,1223969,356181,4375818,708699,512892,210650,239870,894052,2520289,5174
923139,916677,1553704,1081630,350981,3932278,733912,765901,244166,306110,466768,852469,2877
1126504,1257219,1240223,1097220,359166,5388255,933849,960093,460292,528380,1651754,2280711,3961
1464142,1859639,1939410,1462074,234725,4202601,272849,516837,572580,616510,1530740,2483169,4754
1209526,1215300,1639699,1192405,355776,4241214,725161,524312,179722,221545,873011,2263455,4631
949986,1067266,1678799,1204401,356638,4225226,705693,726494,276255,320187,467094,842153,2918
766145,779506,926213,948548,347296,4335629,721993,761476,336870,388543,1316059,1644787,3041
1797766,2410001,2486393,1653735,244438,5137964,504049,766235,692896,785419,1938560,3039504,5372
1626534,1475177,2113202,1496613,460449,5062183,905174,717678,282931,323297,936633,1888046,5146
887659,970468,1588849,1109988,350474,4165054,735322,767006,269115,329152,514670,876008,2961
721325,735528,888410,914108,356731,4295421,723405,744061,264362,303588,1183166,1633663,2916
1601181,2169358,2080201,1344023,125303,4660615,492841,750788,636220,689520,1630330,2507135,4715
1522710,1396113,2037111,1440328,476998,4886926,732634,525000,265062,292634,1253272,2333161,5918
973135,1043094,1685413,1209291,360149,4370801,714798,735758,297894,332559,851587,845861,2894
849092,574967,840402,856368,247832,3805706,719330,761409,251632,306229,1246558,1656682,3407
1502147,1972972,2015773,1304980,124900,4320931,500724,772126,577139,623094,1494666,2312936,4377
1378793,1389905,1833009,1334905,356664,4774921,489004,283091,314324,404970,1371483,2507481,4970
1253191,1250035,1659810,1189805,353669,4397529,739147,770852,332427,317544,548470,880161,4077
933538,588198,1213357,1125761,356742,4643218,952592,975704,291900,339947,1481413,1612090,4045
1437300,1507203,1820542,1117593,234345,3732433,485574,511686,464841,523344,1448984,2511631,5203
1407464,1881965,1931712,1470787,360442,5155005,500048,501885,425339,522003,1163763,2306660,4451
1518771,1423222,2040403,1458543,346638,4252280,685725,933085,379210,371308,910779,1650738,5140
608813,531029,1207333,1096142,345073,3885873,715273,758657,243100,294935,1230948,872661,2968
1685148,1274863,1727948,1020096,241649,3935853,735634,767416,362118,399859,1583177,3063606,5792
1850081,2386562,2438524,1833232,455536,6223169,691629,721342,589006,606226,1222738,2432447,5684
959042,1226445,1669929,1211495,352136,4471173,735841,768125,340865,321034,573147,849135,3726
622833,646549,1254225,935726,360745,4254833,730104,751105,247474,299618,1175420,1584363,2823
1303820,929610,1244338,719476,127582,3755854,642168,720346,282188,327204,1226274,2397730,4825
1813158,2179926,2413091,1845542,474365,5819574,494532,516229,630773,731427,1620740,3017362,5370
1012032,1328889,1740766,1244571,358236,4340499,712290,736441,339293,316727,544084,887056,3900
648422,757558,1238152,901404,342450,4137941,713019,754048,289113,337463,1269399,1661100,2902
1206095,778122,1225685,902572,125219,3596345,503289,766475,236731,277730,1143579,2282169,4529
1610314,2093027,2107296,1609825,354826,5244759,489516,285810,593670,631052,1654845,2511961,5072
1354935,1784211,2185202,1595513,453812,5280029,936228,974284,422763,410956,672387,1664174,4528
705527,1072883,1392773,1049526,358994,4427092,725290,746204,366824,409803,1286597,1601700,2952
1291165,848065,1292772,932926,124691,3445719,489542,746061,272420,325629,1296030,2512575,5058
1452758,1654268,1859036,1416444,360694,4566263,502888,283271,409172,435360,1423021,2349427,4802
1512238,2045171,2012655,1536031,363949,5199602,720320,741745,537170,580695,870842,1661658,3816
664637,1059318,1300305,1210591,347323,4325274,721024,762686,308841,348990,913636,856817,2900
1218179,815383,1485403,947414,245008,4180051,737477,1009398,347208,389231,1556797,3025239,4785
1385836,1216130,1697950,1197484,349019,3671740,479569,282890,276369,309379,1283115,2450172,4751
1517391,2087525,2068765,1600419,353767,5947675,739245,769031,592055,625940,854198,1631972,3889
723457,1220660,1393036,1284958,361367,4550754,729878,750417,354500,391760,902849,888570,3119
960125,855919,1250483,663241,234992,3491569,701035,740440,271399,311253,1251305,2521199,4133
1614186,1193447,2000124,1415058,360772,4269943,507702,533785,228211,327862,1595882,3112087,6044
1594870,2215427,2147021,1689023,361617,6119397,711730,732572,635539,645368,872598,941676,3949
667907,1062447,1302726,1224195,344732,4296133,718037,761342,319887,375553,944404,856906,2964
945889,975656,1301783,737850,242169,3792195,734858,767033,332006,365382,1232812,2306991,3995
1294540,1048943,1620833,1121266,237468,3384635,269722,506909,181579,280291,1212746,2488359,4797
1773543,2125537,2353755,1780953,464500,6218306,960838,769811,602359,564294,1149796,1602579,4869
775013,1018037,1420062,1323223,361291,4729039,733395,757039,409928,467659,1367930,871816,3049
1231561,1080003,1289423,713941,131042,3818858,705369,745667,303338,357342,1300642,2514623,5059
1156089,904010,1539170,1081768,249457,3470094,271396,483900,180874,281937,1143071,2239979,4657
1471172,1606063,1837511,1351741,361737,4746695,716473,509382,391046,356267,1023356,1623647,4593
1123866,1639133,1899691,1445788,346141,5180415,719469,760960,525579,555050,1095971,863203,2874
1251185,1079646,1314182,949042,238952,4274245,955725,994688,360076,410623,1569738,2304525,4820
1222745,907553,1605540,1110377,353495,3416515,268811,281117,175928,273132,1197068,2474624,5051
1692340,1503283,2121420,1521306,460646,5278050,954711,995975,321334,290315,581275,2378353,5821
1150678,1943743,2032421,1569308,346333,5601700,702080,722520,618985,649425,1173285,875315,2984
967960,928607,966792,986226,235487,4341863,697038,736602,347620,399569,1310571,1641699,4020
1441078,1198407,1957316,1143241,355920,3526605,500958,522799,282844,385783,1543153,2996109,5444
1366241,1062518,1646715,1166596,364129,4069624,720826,744529,203799,193856,507963,1638754,4697
969117,2001146,2052773,1575587,346318,5631244,719603,759790,662231,712724,1293964,851303,2942
966431,880115,956810,760930,242745,4400502,733004,764753,322964,373901,1250018,2309630,4016
1237850,1202917,1646521,1004140,237865,2999793,361881,473631,277136,335460,1216795,2381648,5261
1475919,1037075,1867025,1285036,462354,4470565,725419,755230,201692,238376,839516,2375327,5500
931907,1838255,2080562,1576160,369186,5741184,742265,763541,593209,643702,1182690,864082,2991
1042839,1042923,1035386,834056,235486,4695616,706694,748968,375113,414710,1358030,2489336,4007
1219645,1207706,1642329,1199375,242731,3315078,271211,524838,315362,374868,1272047,2316070,4849
1267766,971379,1612810,1131705,360497,4028178,712097,506292,133671,163701,814125,2431527,5230
1128725,1535203,2135762,1548389,455921,5315693,942301,999654,510864,508527,1036864,851003,3531
1115317,1399545,1134901,911959,360218,5617683,973583,1015481,567114,605858,1773403,3015287,3678
1295133,1272035,1713190,1223126,240212,3230458,273605,510754,314583,349001,1271919,2495051,5124
1188673,884636,1568854,1101497,353275,4048098,734510,522932,133991,159357,839968,2396375,4973
1412828,1557265,2127589,1518210,470766,5030203,943951,970076,327540,390283,578340,1557817,3977
905567,1663706,1242154,1257911,344739,5332827,704016,742119,621324,662219,1604664,1691679,2989
1531047,1308485,1937578,1233122,241078,3512027,499340,764396,399174,452727,1621999,3052288,5599
1272349,1046070,1665822,1156130,362297,3997160,720517,514277,155180,188255,847536,2438270,4853
1004260,1020225,1586671,1121884,346449,4020890,720093,763741,277384,324544,511656,845961,2889
915168,1698727,1271856,1353465,357949,5841731,728188,759807,689734,714128,1547580,1553559,2738
1282936,1248854,1716639,979811,124811,3256706,489723,737419,311521,361364,1306902,2470845,4671
1464471,1242202,1949867,1365695,465714,4693830,734660,524846,213116,280319,1259598,2439994,5836
1018781,1143123,1669257,1201280,349416,4158799,706851,727548,273864,310442,528207,877649,3051
961264,1575612,1253598,1266902,348798,5611271,710760,749966,599719,651852,1566707,1707013,3139
1337083,1481072,1796555,1057392,123878,3457140,500832,766618,404199,448517,1374128,2324641,4616
1278700,1273283,1678338,1204257,356099,4319625,484407,281879,207085,293478,1224649,2399597,5077
1208362,912891,1890373,1309501,457780,4311898,945963,1001578,298626,295640,829659,829268,3699
1123898,1317039,1123841,1139809,245357,4973105,736965,768493,440408,492254,1350116,1554404,3652
1409070,1839919,1905340,1177270,147570,3981201,487119,652552,544633,579794,1432293,2334062,4435
1253279,1254493,1666679,1196237,351547,4294826,500280,279203,209584,306724,1291269,2401193,5133
1203397,919657,1611487,1125607,360634,3888786,725183,744066,226456,211922,457662,868667,4036
1107346,1022489,1656019,1426972,440794,4961130,890618,734527,350197,407078,1707274,1620249,4058
1442137,1863414,1609591,1275214,241312,5505063,734941,1010083,649184,682062,1840054,2997459,4496
1277206,1296389,1728809,1262092,356050,3844125,488385,285019,275034,315811,1295701,2483818,5038
1181029,989764,1597176,1140234,339562,4135445,711479,745437,219384,195315,494144,1640771,4931
722566,924671,1667048,1186229,360997,4132920,736459,758905,270320,315335,852490,854382,2905
1293673,1878566,1333594,1106284,236140,5374147,703147,736154,639201,688447,1647207,2491885,3802
1505911,1388162,2011884,1446917,352790,3866217,504567,526637,339674,380898,1648953,3054029,5512
1251621,1145387,1657431,1191535,361014,4164479,719397,740499,214595,258288,513861,1626056,3793
636084,738316,1218569,1077833,352540,3916224,726710,764419,264329,311039,851912,852875,2868
1206343,1683711,1504126,1054258,245116,5293576,732618,764237,600027,629895,1531542,2257409,3541
1346074,1379468,1756649,1301386,238913,3531898,266735,508923,390868,418195,1297799,2448987,4442
1540089,1385632,2001072,1400552,460965,4762689,963064,769978,249310,283796,916256,2419231,4988
642933,767583,1252171,1133344,360258,4042633,733181,757114,243569,279668,791979,852548,2966
1152359,1431192,1500986,907111,235827,4280990,702858,737572,484331,521554,1453506,2496973,3989
1379864,1842059,1877173,1426563,238253,4414442,268151,523988,459272,571606,1478441,2320118,4227
1265961,1273309,1727121,1245609,360635,4338485,721931,512709,233326,248057,903261,1710827,5139
1269372,1177529,2002889,1610695,561069,4718353,938917,993596,387902,465890,1254977,1637726,3942
1050099,1119391,1342252,776964,242955,3956259,724634,756065,300174,334936,1229324,2241332,3958
1503569,2107266,2033141,1562760,241178,4815700,270900,509704,548707,647311,1570805,2468753,4501
1241502,1199550,1657248,1203019,346609,4362029,724169,523863,271631,248484,938036,1614339,4855
934884,831620,1653808,1162508,363588,4109929,738712,762518,242940,291920,835022,853995,2941
987191,746986,887788,907775,241492,4098217,703870,738125,276563,313499,1253678,1662202,3651
1749972,2196845,2329736,1562713,251600,5181762,505339,720038,676597,781822,1947630,2966866,5165
1311420,1343087,1723718,1236018,361188,4291554,720570,510745,279018,245168,863647,1607951,4683
951991,970199,1619327,1134381,346928,4081589,715144,754253,295916,329560,874591,867428,2957
966459,550149,875315,900700,242091,4144066,729058,758392,229531,270723,1145852,1579275,3955
1547973,1936829,2022151,1300253,240083,4223835,485234,508178,609994,649563,1565756,2476468,4802
1635171,1545502,2113597,1517174,461113,5154204,730899,766315,305377,343691,973253,2391600,5992
864701,1045207,1634015,1188683,342963,4370532,698163,720921,314510,348492,856553,846307,2910
1248840,744329,1200779,1087775,347794,4329169,912938,955283,295763,342800,1193563,1631999,3906
1418966,1680037,1839326,1169095,240404,3911723,500018,521687,490304,528845,1407102,2340861,4467
1394938,1700448,1875200,1403662,355830,4972995,490220,504470,378000,460787,1017875,2365085,4655
994207,1278974,2047436,1438517,456840,4785311,934220,990390,383794,358248,922024,883304,4035
1200168,755723,1221224,895029,352860,3982634,732298,764022,310880,357304,1501194,2935216,4654
1383979,1196904,1673969,1075745,240468,3404934,359018,477695,371900,415942,1292719,2348937,4955
1439667,1959303,1940993,1490227,347769,5363372,496670,521610,466620,553620,1164788,2397536,4416
973465,1284553,1742525,1270809,364441,4571580,738384,758269,331100,321580,581257,863222,3802
624947,624877,1237536,900455,349935,4049211,705344,738816,261923,308232,1238483,1702720,2990
1303105,1207214,1953220,1338350,462025,4652163,911914,951248,272685,321756,530062,1627475,3864
904285,1676023,1281389,1330488,351547,5789380,734023,765742,689955,730196,1639950,1587416,2818
1272541,1110026,1558130,1002514,125985,3884168,504346,755429,317186,359572,1240150,2323887,4540
1266516,1112819,1657672,1167941,347072,3672031,492652,288025,237051,287931,1280064,2492598,5017
1316383,1129396,1674235,1205697,363843,4234769,743428,775833,229194,264586,499265,1608340,3882
959783,1857616,1644770,1563615,478471,6008144,940141,967074,687814,733735,1575829,1623975,2895
1301437,1354697,1705790,1007338,124254,3363872,494855,761183,345618,392547,1352860,2445741,4792
1217139,1215249,1669433,1212061,360826,4356597,501678,282417,199204,289786,1201765,2283320,4918
1279499,1005122,1628756,1134361,355035,3970302,708268,738788,213149,255204,472506,936827,3893
869221,1519170,1478144,1352975,352423,4992777,733775,763790,457513,504210,1034895,849311,2879
1365183,1657392,1881949,1177529,242850,4470853,723620,974541,573552,609803,1752606,3078289,4539
1289144,1371344,1701045,1211582,340721,4242500,475521,280431,195653,310473,1301834,2472313,5181
1454173,1099069,1952071,1380758,468022,4728267,950546,991198,320494,317154,454534,852300,3875
789979,821148,1311102,1186404,359615,4415979,716859,739837,353078,404271,1312813,873196,2950
1447767,1781910,1580507,1015952,129119,4840362,719174,760763,597227,641035,1576577,2471275,4554
1515029,1398641,2054523,1477230,364673,4615034,506337,490373,250329,351017,1556136,2915907,5883
1229084,940452,1607997,1129053,353993,4018795,704978,735703,244264,239898,486459,881099,3950
714771,777017,1255984,1128286,346859,4154684,725590,756456,286228,332943,1205583,859278,2855
1566668,2005539,1711009,1116817,124436,5230616,731693,751110,610348,645800,1527402,2363084,4695
1264627,1231515,1650438,1161116,233693,3246013,271145,519342,338820,371017,1310555,2475560,4844
1201202,1104433,1626431,1164568,362589,4228795,733653,526860,167947,183379,840274,2299811,4868
945130,954049,1955317,1356559,461145,4372083,902727,939920,292879,301153,861004,845382,3825
1197522,1669250,1252374,1032422,236621,5528023,729374,766150,610948,649882,1564238,2404117,3772
1292465,1329010,1760240,1288185,239382,3544899,273123,523108,386116,419398,1276556,2320729,5017
1299088,1223639,1667938,1177028,350014,4088439,704659,508590,195881,221555,896735,2481412,5139
926944,893849,1569888,1129440,356369,4056906,732961,766173,249405,294820,468916,845958,2898
1151368,1305595,1273848,1144019,360285,5338880,922515,945515,555096,599663,1741156,2318080,3796
1425927,1779180,1889201,1417349,239137,3936377,267975,515838,478178,533978,1492124,2507089,4505
1255009,1288714,1729701,1286835,363044,4625987,733943,522227,224471,252885,897849,2299646,4898
983044,1057495,1687097,1199035,357625,3978322,706747,737463,276905,333841,530658,882650,3183
780688,995200,1001522,1026047,346941,4488586,727948,765414,354953,370244,1299194,1633883,2816
1741439,2177966,2360523,1496510,241653,4670250,501190,759060,589000,685017,1835456,3047207,5086
1343043,1284302,1736335,1232792,352073,4466649,714221,519274,231769,256325,964661,1865794,5282
906325,1016830,1578608,1126841,357600,4182870,737136,768287,261977,297991,482461,847409,2837
742667,805462,922173,958741,360644,4164536,719116,742000,288087,335062,1211613,1615939,2860
1559034,2165406,2044213,1309881,123889,4394258,490688,752908,691840,739292,1690674,2490505,4390
1566308,1455137,2100692,1510975,477635,5010762,734993,527220,281787,312161,1248965,2322008,6191
966115,969134,1669484,1188182,360273,4111572,713524,741503,278992,314731,858228,849208,3006
840256,566271,830143,856111,247756,3976430,729178,768224,231353,278167,1193882,1634026,3477
1501820,1968593,2013034,1307055,124234,4404010,501607,759776,608639,654164,1513350,2304317,4308
1334408,1387632,1772363,1291829,347956,4577972,487390,280734,235567,336600,1320965,2486761,4926
1192924,1185237,1966709,1420873,467914,4922652,956090,997578,382338,369642,896372,828356,3906
952251,608724,1210279,1112175,356017,4467279,936708,963954,263803,316005,1482093,1608044,3710
1461206,1582216,1813930,1123773,234207,3812328,490148,517447,475791,505111,1429773,2489048,4640
1370725,1678403,1850397,1376729,358973,5005459,502316,512889,390198,484188,1123876,2297772,4545
1591940,1525076,2099678,1506478,466073,5018075,912722,948141,305279,281591,532012,1619026,5353
593024,456440,1183078,1064004,348182,3962499,729275,765952,236411,272235,1213554,850529,2916
1660550,1383130,1747517,1029161,242890,3844811,733607,759169,393031,448273,1611185,3091389,5866
1499031,1989065,2012571,1521536,347771,5598504,493592,515232,474130,574972,1192814,2445106,4648
970067,1279151,1697125,1237158,358673,4430443,740494,768266,344106,325902,546437,858442,3803
619776,669162,1255754,907155,360910,4039129,721343,742276,255052,291234,1162434,1608065,2884
1268128,894055,1207573,747405,125213,3657219,620922,720417,297829,354522,1228465,2341529,4453
1788608,2269238,2437109,1869856,479224,5791232,502928,524920,603915,681557,1524804,3022475,5814
976051,1261671,1716117,1252688,356205,4323955,705086,733457,306006,304529,562573,863649,4057
664504,813690,1287845,982605,354087,4353586,740755,778414,346078,391225,1344709,1696850,2990
1280624,827691,1244403,898026,124809,3489707,502216,757405,228774,263823,1131300,2334010,4775
1562269,1968405,1988412,1518476,348514,5036361,486563,280890,552314,583911,1577862,2472014,4680
1266237,1389238,1693573,1237608,343740,4454277,708386,737635,300845,279235,602494,1607176,4192
666805,1074709,1677036,1198462,479385,4801359,947664,973711,354048,400511,1214079,1617365,2888
1247251,745779,1207579,854267,124700,3387021,492213,754257,243958,294538,1214299,2465426,4806
1424659,1702264,1864984,1388313,361413,4444827,505204,283465,401055,438310,1379051,2309395,4617
1434560,1799620,1931389,1459559,357740,5094423,707260,735890,482347,513572,733204,1679845,3731
971615,1307133,1678421,1455875,453306,4958517,941586,987225,309655,361997,924828,1595096,4053
1221291,802361,1464593,883309,241808,3919668,732252,999763,291529,336585,1474234,3066289,4638
1377535,1135153,1658304,1186037,347849,3860840,486353,280016,304282,355403,1350848,2477801,4835
1463407,2068596,2009858,1549278,354423,5653854,728917,758317,550229,589119,818577,1635081,3759
677948,1155423,1354666,1257969,360639,4382036,722805,745208,334486,380354,896815,860460,2947
917782,787248,1217937,618977,235814,3457934,715657,756679,254556,295682,1201742,2482506,4044
1582662,1320385,2026797,1444490,361891,4289928,500381,520156,226510,339385,1597062,2991635,5525
1562899,2206683,2085779,1591655,356184,5479222,702600,733083,584867,604087,860316,927087,3759
692727,1088595,1332343,1221792,348319,4324054,731008,767700,331258,388994,938850,858104,2908
949414,959566,1284155,692390,241822,3613271,727703,755769,271560,324752,1181333,2336532,4022
1289391,902904,1584230,1095661,235752,3426860,267728,505871,199950,290063,1229055,2504960,5063
1793723,2209214,2381528,1805370,471870,6223045,961347,771889,657606,636222,1235400,1578468,4442
658271,906369,1326240,1234049,359432,4329531,722315,745938,326353,370230,1248328,871762,3015
1200159,1050086,1275709,697662,128051,3685893,713796,754843,319466,368166,1255578,2472501,4434
1187514,948116,1535076,1095191,253367,3438681,271215,473731,187394,303417,1151303,2189178,4530
1496089,1910199,1973780,1484292,357101,5248784,707094,508602,482357,463763,1137509,1650253,4876
1329070,1524481,2153984,1592796,450284,5587384,937180,766905,452677,495809,1408215,1548458,3927
1315770,1259978,1405395,1025466,239547,4382571,957749,991730,423233,467265,1616072,2355591,4962
1255976,891870,1593883,1117748,349157,3437733,270765,281590,198475,296703,1217592,2474254,4974
1347909,1405110,1736640,1287996,356336,4826644,732499,760358,356407,338372,634237,1583050,4585
1096815,1744891,1965646,1518966,351271,5495667,699590,715962,554809,599693,1127402,889567,3122
654473,899610,1295890,978834,346750,4405866,725307,767184,321596,380332,1312406,1651624,2937
1491358,1071509,1663185,1188420,238350,3512012,501524,765161,327675,383110,1515067,3015987,5791
1339933,1074066,1649969,1165424,351865,4189461,704620,506843,148383,167419,844105,2503497,5172
1228904,2091289,2045982,1590749,354042,5658895,734330,765242,647140,689056,857213,874055,2981
704360,890865,947043,992090,361589,4578345,730464,752889,327642,370614,1270316,1667415,3128
1213288,900206,1381491,914151,124786,3601086,455390,712364,257503,316906,1222107,2379003,5033
1511122,1220657,1984224,1382240,477823,4154293,733417,523848,224306,253366,1214829,3037526,5454
1253612,2158519,2086371,1608064,358042,5704586,708755,732567,656445,691667,874953,853904,3036
952785,1058121,1280078,1182002,455427,4776389,948569,1003601,295464,327841,1265254,2455107,3806
1253497,1188648,1662007,926928,123831,3100585,502169,765410,310204,352269,1226388,2312551,4730
1254221,945801,1598982,1105840,352861,3901507,490714,286015,120447,213523,1191769,2497965,4931
1465975,1741642,1903499,1437857,354526,5376838,737704,769818,504552,531827,761308,995410,3738
1083235,1612880,1872328,1625902,589685,5302752,957998,983708,544063,606433,1695759,2317012,3839
1275681,1325258,1699473,973052,124271,3252979,479153,737998,340887,376105,1282664,2473661,5154
1180330,923811,1562689,1102659,356719,4003982,494234,281630,111389,215075,1149057,2291377,4926
1479605,1534710,1830959,1338686,362838,4680399,711905,732173,401662,397851,658813,895469,4062
860660,1508350,1555596,1467188,348179,5203566,722273,765329,565475,615069,1545107,888926,2904
1476358,1220049,1683304,969878,140619,3773457,733764,997099,356575,414562,1579154,3059228,5767
1234516,1036154,1661724,1175171,352517,4093576,490098,285298,156680,255927,1224627,2476425,5120
1297160,1024884,1584578,1122353,349660,4298390,724938,753941,299177,289381,534384,865381,3916
908568,1766200,1688949,1619545,356762,5797677,718059,736555,651091,685164,1543771,866522,2912
1324660,1161423,1384302,794672,126697,4061371,715142,758298,345807,393699,1359996,2533067,5107
1493461,1206113,1996832,1406303,479099,4281125,502712,516682,221407,337244,1268683,3062779,6022
1284189,1070392,1621667,1145727,346415,3991853,683932,705560,262096,250815,492331,869642,4012
953058,1777008,1660137,1559224,343144,5592502,719707,763940,645537,682898,1614783,857612,2917
1250769,1045598,1304520,694998,123504,3734332,732918,766505,318458,354682,1231022,2326847,4760
1257668,1295279,1722545,1217361,348900,3716102,273410,285606,261421,362135,1248046,2455160,5043
1231289,1070827,1890574,1297384,469287,4468419,968338,1009758,227764,223512,465616,1608649,4788
1227769,1772403,1972388,1500693,471490,5205331,727184,746141,590062,645976,1785181,2302303,3887
1315952,1272492,1377796,871889,124430,4096249,619713,717345,424101,472414,1367296,2405351,4566
1239020,1335257,1687516,1238196,356045,3780133,266945,278273,271340,382916,1265037,2283621,4684
1243662,842075,1578225,1100217,358056,3937608,707074,732240,179715,167841,477723,1676667,5183
1112206,1438185,1770554,1306885,347296,4818580,722897,759002,422005,478481,670031,885479,2974
1139895,1722304,1573082,1268121,362077,5454871,967901,993185,593172,640056,1799294,2356307,3697
1262154,1180263,1661063,1190944,235918,3799190,270629,501639,240134,341243,1266904,2485370,4958
1193026,1020145,1595496,1151194,344412,4100379,705635,497180,151915,205646,879210,1892914,4742
1087893,1133480,1671837,1197693,358692,4157494,715996,739703,289171,305519,498639,875044,3034
937296,1784358,1295826,1327919,346937,5634417,720302,762274,644366,695159,1649245,1663515,2922
1536454,1401012,2057150,1240748,242814,3802640,497511,760493,329988,437319,1594141,2995622,5845
1241789,1023674,1620292,1128078,353895,3880560,701877,507604,206620,183374,841646,1674762,4610
982308,852022,1564728,1117342,349050,4075595,734285,769123,272123,322334,874426,855768,2817
1115661,1723630,1268232,1340585,262442,5872230,734535,756092,650257,674517,1528444,1597134,3317
1285682,1269283,1703478,992807,123576,3314453,487406,739203,317351,377200,1323173,2489240,5000
1458146,1245334,1972394,1415408,471422,4723675,725534,515440,233265,270530,1230817,2334401,5932
1008125,852522,1639535,1138427,360518,4009172,718320,739442,224926,271394,807585,854378,2912
1527855,1834673,1645416,1280392,232049,5481849,919551,974365,683466,720184,1943966,2406580,4642
1354843,1389434,1796109,1063898,244399,3605683,505181,525293,397531,455314,1367338,2323244,5132
1333720,1365106,1745422,1264659,355897,4397030,487988,489867,222960,315811,1002349,2509137,5129
1210312,888954,1552332,1090139,354730,4001542,730163,762318,186776,164876,475132,1616604,4787
903500,1429837,1880303,1369684,482900,5426750,957855,987289,491969,540946,1419926,1669296,3097
1442082,1627815,1532636,1174504,125113,4674595,489934,750893,525476,555763,1470263,2491985,4683
1225534,1233803,1665314,1206817,357069,3836128,501609,282205,260633,299024,1246829,2297826,5144
1231961,907585,1604406,1117269,357864,3998177,705862,730467,173772,210761,465233,1665079,4044
745416,1027496,1366537,1211100,346818,4375727,721770,763771,353758,387822,914790,867023,2874
1463223,1884695,1706161,1330365,244650,5600187,716373,982477,675536,709558,1822127,2984788,4469
1303047,1309804,1751909,1241497,350293,3810824,489144,284549,279318,321138,1326680,2537670,5263
1171770,1009353,1580994,1119190,358681,4085072,733880,525179,212644,194039,835923,1578025,4684
1008913,922716,1636222,1160078,356807,4087406,706459,726860,273029,324714,859546,862067,2822
1258266,1755755,1280080,1294424,235583,5707671,737008,779440,653777,708375,1690190,1694508,3812
1531662,1439368,2104654,1264052,360705,3868835,503019,524907,339484,455153,1585524,3013884,5655
1225189,1186413,1634020,1159213,336835,4066192,674651,573609,239490,219706,745655,1556229,4990
899387,740621,1552502,1102604,352806,4079383,734837,766631,248834,295410,837714,854621,2899
1233546,1686354,1273392,1357775,243422,5856144,730135,752050,652793,700664,1564903,1608800,3638
1319511,1440878,1752624,1042292,234239,3480005,477214,500681,357418,404083,1316972,2431571,4433
1499729,1374016,2026299,1447528,479497,4294773,732709,521335,261494,293537,1226336,3008999,5589
971125,898288,1622437,1131420,355674,3991820,706867,738622,226133,275583,489881,888240,3112
853473,1321056,1331180,1139431,335418,5014361,706584,742838,472136,508743,1400826,1655778,3010
1427954,1514765,1526031,1187186,125414,4688611,502293,756395,528471,567799,1452172,2348334,4641
1299434,1283927,1710335,1226824,346875,3778977,482773,279121,249244,290412,1297692,2514117,5386
1180898,886679,1562255,1115232,354113,4030165,731695,766864,193271,229909,471666,1618274,4084
816286,1173506,1369913,1222297,478613,4966385,947686,972705,419515,472530,1328748,1675993,3060
1495833,2028507,2016044,1318956,128531,4567248,499432,762996,620250,660987,1597907,2471924,4818
1334168,1425059,1802674,1321355,342465,4101046,273190,326366,295998,397406,1288056,2361751,5141
1233934,986116,1614036,1123744,350613,4064452,703879,507734,187802,170077,855108,1661514,5193
990944,932983,1613585,1145923,349178,4232581,723644,755563,286325,334549,857652,854130,2892
1570357,2087843,1747514,1390831,242449,5849205,946102,972910,701437,732522,1873400,2346675,4923
1295024,1295351,1712476,1213046,346267,3799760,271782,282412,282181,388072,1312224,2504872,5194
1185767,1115650,1625195,1164395,360893,4213951,731803,762755,234757,200413,487152,1575255,4693
735204,1028609,2007873,1396560,469555,4651834,916532,944299,303717,367142,843039,862424,2939
1244238,1706619,1317837,1319427,234385,5475800,719361,762640,634920,672593,1612886,1654101,4001
1658371,1359156,1804361,1329699,241324,4155918,499059,753809,469695,521974,1693324,3151785,6272
1292355,1287004,1706509,1220296,342965,4274747,698265,506582,192171,237823,917425,2475126,5227
940592,871913,1562983,1121522,362260,4265657,742608,772504,251818,305240,492019,875395,2990
865411,1252376,1103756,1118127,360389,4883047,719792,740969,452483,502243,1412923,1680155,3065
1428384,1826081,1870293,1201880,124393,4148057,493438,758895,520891,555009,1491839,2433652,4437
1202117,1244119,1650769,1202697,347314,3825276,501389,284398,268664,310683,1232270,2211193,4922
1210600,1036246,1974764,1361959,468273,4479927,921074,960674,224441,272435,457008,1653277,4114
774751,954017,996918,992772,349518,4549458,731105,758601,342865,384839,1251874,1594565,2979
1531435,1911401,1678533,1068303,125156,5036168,724647,744983,598750,643808,1538266,2404089,4854
1268733,1236624,1675411,1183439,346220,3879844,271712,284121,286385,379314,1308043,2472132,4923
1180635,997132,1593110,1136731,361511,4188514,735479,767363,209612,171679,458318,1554085,4606
929108,940312,1631262,1407599,460842,4639540,901457,934133,331527,381588,1214327,855850,2966
1548221,2021113,1694571,1105619,124080,5114908,724588,761981,696026,742898,1695912,2408839,4386
1260616,1308693,1725831,1252031,356592,3883458,269425,276257,269855,374259,1227111,2312009,5067
1276478,1178943,1670059,1174052,347922,4042460,699744,734053,236970,223528,524197,1684372,5011
968525,906512,1896212,1323628,463378,4702768,951011,993980,315010,270991,811046,874269,3955
1208454,1628343,1386189,1279767,360562,5922186,911100,935513,666941,717461,1883206,2338177,3669
1333867,1536642,1791557,1324134,237158,3518549,273321,525361,391183,435936,1376110,2439230,4527
1232787,1225804,1676304,1207929,360522,4330309,732391,522985,194694,221282,842295,2282275,5020
973632,971280,1637292,1135489,351473,4067200,704081,733196,239389,298263,474434,859037,2990
856074,1369551,1135492,1138246,353604,4987231,734206,766019,471140,521492,1435597,1635780,2890
1660841,1832927,2256705,1397405,245171,4454741,499682,750680,498777,588797,1742411,3126002,5347
1275084,1284637,1675442,1185157,345883,4190468,707114,513451,209605,250991,934085,1851401,5170
911412,887394,1587373,1121334,361901,3982967,733813,763487,239303,280989,439641,855492,2943
831503,855658,1368605,1274993,355461,4459312,700670,737186,377731,428811,1353089,894654,3160
1464406,1826018,1617553,1052097,125782,4812842,735037,764338,615466,653686,1593932,2421398,4493
1266587,1262026,1713723,1248636,355848,3959672,266537,279273,243458,358728,1238684,2327197,4944
1218776,1139254,1952856,1341490,457729,4451863,919787,966578,246846,237375,484575,1668997,4945
1010860,928047,1602423,1239553,471614,4779303,731219,765234,294230,382311,1578038,2221769,3773
1560488,2054724,1671748,1097913,123757,5014462,691917,715444,615454,659550,1528899,2316910,4239
1258475,1202588,1645766,1183299,344478,3840524,270308,283155,275975,372949,1306308,2451316,4627
1229485,1134426,1653769,1201906,359744,4309027,735747,768294,223534,196368,499700,1584078,5139
1267490,1205986,1980712,1579255,562246,4339692,915742,953934,372812,436136,1219171,1586966,4016
1207962,1840362,1624938,1046201,239572,4979668,732651,764202,628442,654784,1583164,2360886,3629
1312634,1324529,1754099,1286192,242429,3919287,269855,514663,326028,403553,1271458,2381748,4848
1256133,1214384,1638594,1155973,336709,4295483,694001,499728,202819,234282,929111,2344848,5111
944109,907712,1617205,1142575,361103,4167665,735034,768535,249047,292208,473408,846196,2987
1189967,1474905,1519249,1159139,359567,5021376,932225,962505,543502,584474,1792071,2444328,3966
1409444,1837820,1905013,1443462,236885,4451634,273887,518111,427215,536931,1470744,2394327,4727
1249321,1245621,1728021,1251659,361057,4452456,732660,520538,277538,251814,889846,1592266,5021
931229,936936,1600196,1099789,344303,3912785,704382,742164,261848,238004,472583,864690,4203
845232,1012698,1387879,1188295,346768,4704027,710207,742611,308720,363313,1266898,1197026,3021
1811381,2101738,2059436,1318266,243860,5021981,720216,741208,659555,708718,1910326,3213019,5848
1260577,1235430,1670739,972832,235026,3281882,500580,523434,341323,374026,1252597,2325050,4969
1245354,1025073,1623619,1143551,355656,4004469,494740,511173,166844,258423,845464,2401127,4956
1009573,1048245,1598263,1154918,346779,4135403,717607,759478,292779,286186,532560,854546,3686
921956,1740387,1684295,1368423,360729,6008972,734243,765871,677958,691653,1536724,1559881,2781
1268210,1132160,1319211,850104,123071,3808077,561580,709687,326522,384779,1284584,2392854,4901
1455580,1214397,1943440,1536663,552539,4825312,685024,715276,323674,432804,1603599,3583594,5818
943383,986197,1600082,1114186,360252,3947923,731622,753407,218991,201732,440874,841063,3662
949355,1622156,1647172,1305365,348152,5605002,707299,743305,609372,644943,1580709,1669521,2951
1306449,1153349,1359602,1010563,123838,4054610,501825,765088,364940,433728,1353563,2349101,4828
1292325,1239231,1714925,1250027,362948,3734878,490375,281867,247248,282695,1245165,2453806,5352
1240048,1119465,1949677,1345316,458093,4548943,943416,995429,261433,248122,489843,1685256,4508
852827,1311573,1486378,1159784,359886,4977107,729247,762443,468065,501902,1392453,1563749,2896
1426564,1571806,1500909,1151903,122610,4430381,485990,724737,492060,519821,1396668,2442027,4508
1244696,1195932,1647489,1187522,234725,3824365,271281,524681,266248,366349,1285819,2368864,5122
1238671,919430,1600954,1134650,358599,4165693,720223,517126,168047,161924,815560,1612824,5003
1056833,1099709,1713742,1480766,458255,5071001,933270,987777,445785,494951,1342519,888211,2906
1409912,1837576,1618795,1032657,132619,4871985,733185,766882,612655,646768,1530685,2295554,4421
1295166,1315232,1733554,1254409,241202,3814707,270942,510817,287785,389236,1288598,2463264,5035
1183173,966744,1586297,1111207,346837,4049546,725322,523920,196441,172904,837089,1622946,4792
1027331,1006622,1685808,1204377,360805,4311495,733576,760431,277329,338138,860579,845393,2845
1268532,1791471,1290205,1284893,228326,5526017,688959,717855,627942,678778,1613856,1678190,3669
1537389,1331074,1741669,1277342,243693,3791413,501462,763670,422710,468087,1655084,3078166,5756
1269458,1390314,2055239,1452580,471019,4800145,919169,722386,265401,301818,860695,2448888,5020
885077,902044,1508726,1075380,333972,3942132,693302,733212,247072,230052,469925,862431,3639
950687,1778603,1662037,1327122,360632,5801650,737561,772305,635986,672521,1541687,1611357,3033
1314374,1220797,1369300,1013034,122695,3965121,487840,727044,344718,386980,1290931,2460070,4763
1512726,1355889,2011394,1433056,462771,4358105,737861,528892,262767,308806,1293147,3168932,6049
941504,991267,1610196,1135714,360871,4053400,724086,744966,245199,283262,476637,873907,3017
847610,1244376,1071882,1086513,343055,4930260,700670,742912,468954,513777,1427953,1682790,2874
1187780,1465511,1451373,874907,174672,4479662,708102,738415,495910,538607,1401769,2195449,3828
1272186,1282189,1692630,1245313,240099,3819566,269842,510272,248174,348091,1272012,2486552,5239
1480046,1030258,1916819,1331155,456403,4666700,950342,756591,232651,224466,829894,1618417,4834
819303,1039165,1387300,1285807,361274,4451704,734333,757809,359904,398062,1283184,859852,3089
1490393,1848545,1614363,1017148,123090,4905987,704009,737310,597688,634374,1572274,2485956,4542
1254579,1259442,1661253,1201844,356985,3747626,270511,282549,275180,362321,1253862,2329360,4903
1510229,1224247,1977669,1378596,460359,4587378,909539,856764,216184,183658,644808,2293151,5830
973000,859226,1603086,1373982,456996,4612329,937236,992573,355469,406601,1280384,846435,2774
1242901,1821782,1322374,1114785,244304,5810154,735022,764643,636748,653531,1495375,2321228,3723
1289048,1277574,1743987,1237847,237437,3188719,269046,505474,334755,381335,1305454,2478431,4946
1477294,1306880,1988536,1405279,460612,4805881,947870,748014,188624,215856,872144,3067595,5581
970572,1002489,1597105,1105971,360117,3867213,722316,742914,215815,268294,477797,870521,2939
938080,1706060,1414492,1310390,343517,5450404,706531,748270,622138,673428,1617739,1682329,2904
1568490,1312890,1730423,1260018,243765,4007987,509705,772536,456503,512969,1714100,3069134,5600
1300964,1294725,1739595,1258046,359440,4413626,713652,513268,185069,222965,916221,2473292,5270
941691,881434,1545222,1082758,343037,4024118,714517,755191,247968,299430,484804,852123,2867
894193,1306932,1510691,1409216,361212,5085789,732461,749934,470448,517334,1402239,880293,3089
1440000,1613634,1528489,946719,123486,4452951,702948,740896,466707,517106,1463323,2469746,4693
1481643,1364687,2027125,1450437,462828,4491730,497120,309093,284607,394946,1633243,3075433,6203
1257843,828949,1615673,1134143,363375,4083763,722440,741660,221161,212948,478461,890143,4122
810031,1007907,1375619,1282163,346299,4716426,718229,759329,392503,429132,1322946,846253,2981
1472853,1879394,1636568,1054533,125188,5007282,724966,754627,613701,644775,1525392,2266441,4583
1314921,1320720,1750874,1241979,353629,3780634,268987,281126,290967,389183,1287882,2487017,4895
1214097,1160165,1951770,1349251,466003,4579595,964866,1004097,262089,237480,459404,1626848,4910
742297,979457,1588975,1174390,345846,4154195,695785,718663,281007,335124,833102,878279,3087
1265913,1798323,1289067,1048299,233723,5491794,711500,751807,653893,712267,1675609,2529664,3947
1284734,1306117,1744549,1294144,243534,3334929,271497,525038,363558,415406,1293376,2307236,5072
1255273,1177035,1661180,1184459,348700,4127728,690405,501004,181771,219764,871381,2406838,5112
919605,853710,1540171,1078036,348981,4041925,730061,767587,248683,286663,464870,833632,2757
1215540,1833618,1626179,1254787,360763,5432718,964317,998785,636909,686905,1833809,2307293,3564
1337279,1435811,1807765,1337598,227697,3775354,277912,518151,358946,404109,1312026,2440195,5251
1230049,1198694,1656177,1210292,355534,4440179,732844,524934,219847,259749,935299,2369632,5002
1257332,987693,1588233,1123782,359145,3997830,710298,731344,232907,216712,482046,862990,3974
839703,1284746,1453781,1369063,337756,4872554,705264,746287,491758,520287,1427976,842905,2749
1675015,1681898,1873417,1158580,242521,4489695,733510,765287,575806,626462,1788805,3021342,5446
1311033,1236980,1722065,1232214,353976,4333255,487440,506925,189484,279285,894311,2516732,5182
1035497,841588,1533857,1085070,343011,4138715,710582,741157,233870,218007,463392,862610,4062
810352,1051196,1403619,1279423,360449,4347557,728009,750387,359182,401485,1282881,865347,2949
1485417,1757367,1589865,1008338,124748,4915856,707254,746183,590721,624770,1555462,2480554,4614
1512614,1353932,2021578,1450746,475874,4537408,502632,521674,266358,357529,1256768,3009028,5522
1222167,968103,1624367,1148530,353882,3968762,699231,733142,206390,243354,479142,1678938,3905
733321,907686,1264681,1161210,348479,4229671,729538,763735,287057,321587,868796,859925,2928
1276299,1926974,1620869,1128412,240939,5347524,733275,757644,652696,689263,1563117,2346077,3770
1617719,1435065,2078901,1214886,234667,3352550,476101,729523,414640,463368,1710023,3264942,6156
1459277,1223311,1959118,1394081,474330,4678956,964688,766890,224590,267502,880741,2331765,4675
640207,769575,1219260,1109425,360239,4019553,720075,740936,252306,299244,823390,846281,2889
1304898,2068803,1763159,1189199,234686,5332818,714416,755880,736169,765355,1712628,2457364,3794
1295800,1297808,1747157,1274800,245801,4140877,275147,528821,303267,389918,1242610,2285544,4874
1310319,1320605,1714293,1220201,353852,4213127,702986,509814,240956,230899,911755,1743657,5145
915182,849235,1531720,1098389,337470,4044802,707798,737591,237289,282833,500811,844113,2861
1168776,1563307,1554022,1194703,353275,5038541,949983,977169,574250,614644,1743588,2271742,3685
1443089,1811415,1912904,1411885,235502,4332725,273597,514784,411841,518467,1461555,2470516,4583
1225218,1233097,1686713,1242796,355950,4512515,723533,524693,293880,269415,934679,1609211,4915
932628,690821,1603472,1129314,361767,4019148,720642,740228,227460,283069,814806,849038,2911
1087143,1034032,1021396,1059877,237040,4580798,714904,758104,380924,398592,1319652,1659293,3798
1695654,2155389,2316573,1491646,267020,4694090,500370,676643,598023,694990,1809415,2886539,5230
1286211,1249843,1701758,1483778,468193,4825010,916649,734058,306949,313269,1308074,1686385,5272
929318,860029,1600832,1134707,344137,4089004,722014,755444,282904,326482,845671,858595,2970
1013360,658684,846689,896305,237696,4309246,727332,749236,277200,331577,1221652,1611908,3727
1531274,2122337,2052234,1313764,235426,4513236,489130,513426,641089,688269,1618143,2484755,5009
1795638,1612864,2390928,1423746,476150,4871278,951859,991020,346726,372521,1248408,3030007,6487
818970,869030,1595038,1140061,343665,4111441,684593,702929,250978,286507,827863,854897,2945
1004491,693297,888457,910974,235262,4057196,712101,753803,279808,320277,1261761,1672609,3855
1532937,2108190,2074630,1358701,242619,4468254,503484,525967,685037,711454,1591160,2310325,4662
1323546,1339825,1752380,1246126,353557,4327522,485494,513020,201170,292849,894475,2545263,5511
959185,1171285,1658360,1184025,349779,4163348,729724,762480,320202,292355,548854,853178,3977
948450,568408,1237679,895414,359552,4574451,963353,992882,282409,326221,1480942,2363673,3896
1479852,1891549,1945302,1350978,233518,4300491,326737,478913,598511,640395,1539285,2372215,4759
1334142,1545560,1813313,1336267,362470,4609880,510428,535335,288573,393698,989395,2367537,4481
995855,1280050,1736277,1269057,364850,4446872,722701,742083,321568,307981,550474,885802,4274
654733,582900,1240259,902749,346573,4033534,715768,757660,238518,292320,1244096,1655509,3028
1784136,1731869,1931109,1479520,244379,4412356,502317,764380,535143,584569,1777778,3035639,5715
1502937,1904506,1984816,1517063,354475,5214194,700694,508861,475815,509950,1219526,2510114,4754
1015063,1402024,1733558,1272676,352034,4342098,734881,769450,348945,331176,610487,872867,3406
644281,611134,1285525,944751,360789,4343120,737037,758790,272635,320939,1206392,1607083,2974
1387853,1034840,1292048,947578,122895,3695404,488628,742836,325740,366018,1313289,2480503,4682
2067403,2363841,2407461,1827574,476819,6556856,954372,753118,714543,753065,2032790,3782260,6503
1012850,1397874,1779850,1299750,362415,4424766,719632,740672,363572,399005,577584,866838,2980
645097,704102,885921,910917,347266,4105229,718885,760343,283010,322721,1254765,1667094,2912
1255967,1004150,1583581,942815,125482,3302899,504257,768067,281473,324308,1191936,2281863,4397
1565890,2137687,2045779,1588411,341721,5367343,491232,286785,571672,603161,1566522,2433503,5060
1240198,1433880,2039100,1444645,462862,4739403,963375,1009085,322087,360069,529261,1630445,3714
661835,802103,903831,919107,351113,4228641,712861,736944,279999,315244,1158179,1593493,3052
1283925,923377,1582681,850760,122626,2823184,485660,738870,242888,308885,1268015,2506290,4907
1490178,1990711,1972824,1524735,356221,5493595,499610,283318,476040,566760,1521082,2315321,4346
1367128,1347077,1794100,1300116,363400,4653459,716101,738822,401082,377776,603301,912950,3948
695252,1068162,1260654,1175970,330944,4195275,683225,720758,330423,371664,983848,861540,2895
1176283,886639,1564800,882468,242924,3456614,731582,1002004,302295,347146,1496165,2980643,4466
1454790,1604705,1870034,1398728,345335,4862206,475873,283402,369562,471144,1441919,2452725,4878
1405602,1817806,1898876,1442201,348362,5058901,731066,766242,500759,479539,739753,849690,3615
648777,884258,1316368,1232553,360142,4375469,734448,754760,323068,363618,1236801,869837,2944
1221771,739451,1219032,636850,122708,3403060,703973,739803,246954,304364,1243326,2499252,5090
1586641,1412917,2006852,1451162,405659,4605361,502957,400602,260925,341496,1578632,2994365,5323
1578710,2097231,2008169,1540954,405288,6283480,905964,931268,688085,685034,1193685,1504783,3757
676169,890427,1305810,1219846,347263,4454957,718859,760838,337143,377350,1324082,839765,2828
1169926,798191,1243198,663796,125112,3530435,735017,766257,237004,291209,1164177,2283048,4728
1409158,1268230,1748816,1234586,357839,3768822,275314,287677,272096,370785,1307552,2528048,4930
1646075,2219109,2396729,1813097,463082,6511979,967179,1011791,698291,661056,910776,1640768,4540
707317,990511,1372434,1254946,360513,4427984,732572,758493,340997,372363,1209444,865085,3037
1281738,978621,1287578,666741,124158,3592589,709215,743832,290257,331677,1277190,2527026,5173
1185750,947028,1572812,1134625,358252,3613098,268646,281436,186916,284172,1178502,2317779,4405
1529039,1975009,2012127,1537158,360724,5404858,716648,738098,549346,506628,801643,1608142,4314
763803,1257344,1775844,1299789,350273,4654168,723950,761568,350543,398612,960313,890579,3146
1240970,1087421,1317791,885089,242814,4381258,761087,1008250,366333,408991,1572113,3013567,5012
1257993,977535,1628220,1141633,354803,3480520,265876,280108,171296,280864,1210078,2496726,4877
1427535,1597592,1840455,1373771,349858,4923485,731667,761923,403934,379481,694112,1623519,4835
1085824,1637304,2243437,1649408,477667,5643940,961365,990479,560707,603921,1087845,871786,2885
986400,960841,944336,729264,234336,4344822,695230,731811,310344,358912,1300654,2483860,4304
1440171,1032406,1906856,1330760,355738,3418019,499836,524064,228416,277672,1535496,3082631,5789
1393279,1343779,1743764,1237459,471557,5123746,932280,957747,377407,388448,957188,2367473,3962
894236,1896875,1929234,1497929,335217,5326452,693127,732833,618027,660789,1191275,869655,2888
1051079,1148069,1054270,833083,245594,4455137,736589,768311,397760,431659,1317809,2306538,4040
1270222,1094087,1670683,1183471,239439,2909234,268789,510146,278290,318645,1248476,2508525,5433
1611677,1301566,2001936,1408107,461731,4692514,965660,766923,257796,300368,959076,2389609,4699
1004359,2132379,1791606,1729401,362391,6064755,738049,762338,712339,732667,1251220,871404,2980
1040487,1202528,1393446,816614,236247,3866296,705762,744300,361636,423167,1388671,2496368,4123
1242045,1262560,1670071,1239570,225411,3230668,277904,529561,363816,404777,1277942,2259246,4616
1308422,1102900,1669274,1175966,362252,4038350,720988,511517,148217,182496,858537,2425091,4853
1273619,2096295,2022266,1807546,461162,5976164,942361,998070,705987,739899,1259581,869498,2996
1056108,1271172,1424883,802625,241011,4195370,733483,765161,398501,463034,1371177,2315029,4021
1310085,1324711,1733035,1265812,240242,3791766,269859,511315,277132,372868,1310120,2508288,5202
1279264,1076450,1653218,1182395,352853,4034005,736330,525068,269656,240465,950743,1644611,4638
1192298,1708083,1862481,1395983,349131,4858467,707981,729254,462271,497174,833646,870639,2997
845550,1479311,1172331,1201525,347065,5259118,702317,738575,533706,557420,1476024,1703444,3036
1502612,1414986,2023622,1205173,240278,3666194,497948,762769,322568,427703,1634451,3086976,5892
1251709,919268,1627346,1142995,358072,4025194,714958,509850,175479,154486,822975,1664962,5302
1054853,961928,1636520,1441946,444869,4980247,918298,973029,427695,468723,1324366,876026,2955
1159370,1699197,1233189,1292162,241767,5588322,733199,765319,612230,642035,1507568,1558209,3552
1261649,1293169,1710928,1018050,208535,3297249,488291,564543,321911,375261,1284423,2445956,4789
1453682,1126444,1943558,1352203,465269,4574956,737015,529604,204761,238719,1226783,2374440,5615
1053867,873874,1647959,1163265,360037,4274829,738932,763022,257696,302611,853433,885395,2981
1317607,1860040,1349460,1386749,239431,5724730,705484,740491,644215,687182,1652062,1661570,3941
1239896,1163748,1672147,989374,240345,3293891,497242,521391,327785,373374,1290909,2345173,4701
1272397,1141786,1684362,1193263,359682,4153062,492580,509148,163705,256780,873734,2441499,5311
1029851,895710,1894947,1291290,455647,4432576,937728,995704,309829,305435,853192,869463,3794
1223251,1644027,1298837,1315513,245692,5640153,742400,772463,581523,615837,1532261,1597364,3842
1355086,1391857,1794384,1059943,239964,3576954,488824,513132,401682,431524,1322837,2480825,4806
1248067,1245333,1662913,1200529,347152,4244422,495103,516402,204779,299026,929195,2384214,4978
938907,923905,1612232,1139298,356230,4012677,723330,745508,236033,214543,463245,844476,3967
843465,1207496,1456351,1118379,346008,4745803,703774,741662,465435,503528,1431172,1674087,2975
1657285,1834171,1903151,1395782,245269,4409835,518505,764288,556294,616571,1827550,3078030,5067
1249513,1262796,1671397,1224070,343190,4310978,497305,508920,217993,300594,858626,2319564,4972
916759,896100,1567671,1095132,347345,3881400,715095,753588,250464,240882,484633,859808,4049
802616,978722,1405912,1075656,352772,4636524,717146,750816,312215,358273,1249151,1554764,2999
1516341,1895219,1658024,1305968,122132,4920372,478000,727873,604648,648667,1580052,2479276,4714
1517638,1291639,1988645,1415127,462706,4338922,732575,523536,254094,296051,1321332,3182468,5658
953177,1065945,1673979,1186648,360715,4229598,738976,760691,268858,310520,530793,883151,3094
761637,770929,1184432,915162,335334,4239189,686499,723971,288271,333721,1246996,1702098,3062
1467468,1808088,1640868,1315053,123610,5108068,500768,763301,671836,709118,1615073,2323782,4489
1313663,1341131,1738856,1249906,360221,3765341,489705,279078,277503,303839,1255443,2417738,4586
1237755,1279548,1981813,1371418,451795,4652372,929861,986836,280567,327771,517074,1658933,4129
648834,584697,844124,878296,359091,4052001,732957,767223,220473,269476,1139031,1589171,2994
1560628,1961786,2042643,1305842,127027,4533595,491458,739513,599189,642039,1569588,2499121,4669
1288449,1461874,1743284,1293056,333094,3998748,503071,285075,317281,361917,1320480,2275130,4639
1250148,1276232,1700431,1225421,360549,4342083,733847,756084,270321,302842,541226,1605315,3800
653167,774146,1241892,1128332,457899,4504765,920473,968610,298059,354623,1234194,1673846,2937
1679712,1723516,2165577,1375980,241783,4379181,735262,768168,430220,470544,1720615,3027560,5054
1415781,1737770,1929971,1447453,361255,5023856,494735,278957,400140,489520,1417617,2395462,4431
1314617,1322875,1718573,1251236,348354,4437004,716314,753964,347837,315556,577470,886347,4206
629494,746719,1654270,1442444,472092,4856017,947293,990056,329297,374325,1386824,881313,2985
1107463,1026974,1351533,789767,238792,3998861,700954,731617,389665,436340,1365398,2496771,3967
1733025,2142306,2337344,1762198,349450,5401152,498154,522874,531174,635828,1957368,3186534,5628
1268180,1277790,1756934,1281999,359940,4546079,731481,755100,331891,322182,579313,867794,4038
629183,641752,1233420,1133218,346545,4111079,711366,748582,265155,314331,1254710,890338,2990
1305082,931731,1288291,716924,124227,3927244,735068,766716,289338,323797,1225929,2340432,4691
1630540,2296716,2166303,1685381,349297,5059641,264774,300345,587546,708787,1626225,2444094,5142
1602505,1379680,2041347,1439449,456148,4836061,937597,756896,339066,314176,947290,1671508,4853
648812,777793,1247914,1177946,358139,4232822,730680,764249,274728,316814,1198617,874405,2999
1257623,770619,1228967,632023,124729,3420387,690777,720835,262759,312572,1218384,2423581,4827
1518037,2038030,2030607,1560307,352116,4955979,276566,289094,580842,671508,1606712,2403719,4742
1303402,1294891,1747556,1270041,360783,4654841,734371,756417,323531,282989,574337,1600481,4703
740867,1087729,1710594,1431216,447019,4836973,900089,946334,381716,427010,1278238,898709,2922
1250015,833914,1282890,707390,127219,3562015,737918,769699,284940,328066,1240010,2337727,4770
1471118,1726483,1918317,1435073,359476,4374519,268817,278969,458152,551275,1445507,2417279,4864
1425309,1779705,1871270,1417603,338116,5043026,699460,739082,405541,389487,714898,1648103,4709
647432,1049481,1670179,1225946,360729,4388012,733948,765485,326082,369217,884745,858075,2875
1186487,699188,1623713,1147567,348283,4610493,910516,1163734,341620,407223,1898356,3229037,4665
1354015,1335522,1700326,1266347,334756,4701646,473017,364061,280558,345692,1166276,2354148,4717
1471759,2004135,1994952,1521057,362706,5420818,734716,764574,568377,536462,786043,874619,3798
698376,883644,1328539,1216216,351422,4342582,701077,728088,327406,368228,1306501,880732,3122
1193674,810024,1236323,658120,123409,3515551,726118,761306,262366,299298,1236504,2401289,5112
1354730,1131778,1675832,1195475,361030,3564755,268934,280842,247236,339932,1206046,2378606,4733
1557055,2250731,2386249,1761577,456568,6050125,922707,974882,683706,663682,918526,1686106,4458
681859,898944,1319095,1142198,342323,4402571,695314,727290,346575,380919,1222250,1169999,2934
963346,768058,907850,675401,237228,4029082,695595,729030,275197,312164,1217003,2457973,4178
1245081,913398,1593540,1129754,239352,3123170,276319,527930,244607,283753,1216374,2409253,4735
1559103,2030459,2084580,1610363,362074,5578917,735477,519365,516539,534931,1183442,2365114,4996
1027383,1421059,1758778,1505610,458686,5022634,924054,971139,408223,456950,941973,859944,3040
910538,1017379,1274940,714640,240861,3813901,732611,764060,329094,366706,1262811,2332214,3742
1252028,955779,1622899,1138351,244728,2964056,269490,511565,224665,273125,1172601,2400308,4743
1436633,1656531,1839479,1393320,345035,4876560,715495,519795,365848,394985,1070304,2455871,4429
1063826,1604875,1831018,1389414,361160,5014795,734780,766389,502443,536633,720244,849994,2840
971035,1096468,1338740,997078,355259,4344838,919406,959781,352752,411537,1650451,2509746,4134
1177706,1041195,1932553,1359573,342770,4245064,488252,754017,254205,364255,1196884,2400135,4773
1418392,1401168,1777565,1264572,360868,4490567,735372,519388,304720,280712,948666,1603557,4633
1179477,1958431,1972850,1499730,347256,5411910,704454,737889,584867,618716,1078496,855917,2868
698990,973569,970462,976584,357641,4400106,735075,767440,336281,368153,1260460,1618847,2858
1287154,1087988,1705127,957917,126874,3072804,499930,748796,291385,334334,1237338,2448704,5166
1600322,1231429,1977419,1387162,455169,4587794,713557,517547,264442,286487,1277185,2455448,5609
1207403,1956230,2066644,1622603,356667,5648779,722252,753908,647628,662761,1169279,866746,3046
999199,906795,964991,972833,237365,4197747,702612,735915,307992,341450,1262362,1694558,4211
1194821,1092785,1597162,899950,228476,3068634,501544,539661,289574,320414,1255172,2393610,4803
1258177,956491,1571293,1111836,342623,4046383,473855,289828,150344,244824,1126503,2233484,4697
1564545,2153417,2452220,1836742,459969,6209385,925310,972946,724261,731519,1287309,850589,3656
991333,904225,969177,983019,241424,4540197,735258,766496,357278,392377,1272624,1587051,3771
1604498,1500968,2093504,1241404,243383,3151802,485954,731575,384706,427440,1597858,3131992,5741
1198209,846583,1530829,1082875,346136,3872105,492333,519003,114662,217733,829592,2441074,4438
1167393,1729602,1887217,1442936,360817,5089673,733881,766841,527017,497916,732937,848548,3792
1098864,1309586,1510995,1356140,341874,5435634,897741,934648,504603,558085,1751103,1904236,3850
1447312,1450102,2008157,1225472,326608,4102463,684093,714317,435920,484462,1318539,2422356,5024
1203215,824805,1589016,1106388,361034,3930893,499394,515022,103553,204506,795770,2353601,4952
1115096,1388575,1750550,1292492,338015,4679419,685320,721417,378324,339295,595104,866510,3992
852613,1566629,1554011,1210024,355554,5211538,732445,765160,550203,597539,1512642,1598001,2811
1626967,1242094,1727718,1241416,242675,3957580,502617,747624,378748,426902,1626509,3228659,6174
1243189,906848,1538866,1090942,332086,4060497,602848,523007,135371,235170,835792,2394920,5000
1041895,1140485,1664958,1195998,360444,4172005,732752,765880,305097,272957,526411,867591,3906
911990,1697071,1647584,1323267,354934,5561620,705631,737285,624705,670919,1615629,1690579,2966
1228304,1005181,1288982,953137,124495,3886738,501327,757411,325565,362326,1300001,2376498,4774
1207945,998021,1614040,1142971,360532,3592420,502338,279469,200569,245450,1172166,2337142,4841
1309574,1231605,1996063,1375827,459424,4654716,927839,976257,281575,325376,510017,1709555,4021
993599,1784639,1480083,1374275,357505,5923953,733224,767112,670928,729429,1618580,1595930,2979
1298459,1068321,1335644,971205,123569,3703846,493924,739752,323804,374987,1276306,2418716,4867
1346659,1373006,1734428,1260686,346520,3988840,492281,282889,302402,318062,1340555,2526179,5477
1206232,916264,1556966,1117102,355698,3970004,723734,757902,194009,234137,486851,1562160,3723
903257,1719764,1573657,1462161,471183,5669690,923401,963567,592868,648821,1502756,1657461,2872
1332549,1516677,1817985,1119618,123539,3830269,501536,766704,452688,491298,1414453,2420055,4893
1597410,1613181,2150231,1528291,472111,4880897,721615,503081,342438,404690,1240438,2348331,4948
1215797,871504,1589411,1116255,348531,4004561,705335,740690,186780,231382,481180,1679691,4211
807132,1248746,1383570,1275757,356627,4717902,733578,765166,406418,461106,1000657,846287,2904
1443385,1938883,1965652,1243200,243431,4676417,712400,954518,616621,664483,1812780,3115177,4658
1264849,1209058,1679921,1205463,350510,4385397,503296,287992,203004,296994,1283684,2513700,5169
1211513,1019010,1625631,1145832,361196,4144193,737005,768607,292958,266047,486704,839705,3825
776908,948314,1327465,1209594,354997,4232345,701355,732857,268021,335749,1223157,870163,3060
1218768,1890083,1626129,1046453,214413,4899118,702710,733760,647966,693130,1597225,2310776,3644
1301709,1301575,1743139,1263020,241481,3901945,268924,519947,285305,394193,1254816,2367288,5163
1569804,1309057,2025885,1393986,455390,4674419,915239,733862,287076,278617,881877,1693263,5396
721710,678441,1258220,1158640,359317,4315046,736950,772626,277412,324357,1233832,857893,3010
1574213,1973059,1715717,1110586,125617,5188004,720918,741360,674205,715520,1592202,2403317,4740
1246634,1230841,1668478,1205257,345113,3797619,270983,284565,274663,375954,1291601,2448518,4731
1192234,1188139,1631414,1176397,344638,4349168,702226,582539,248111,212918,737060,1461832,4911
969735,768374,1593018,1344273,470141,4389487,919458,957646,266243,329763,1206215,857787,2968
1490692,1826560,1627254,1047365,124082,5039174,719616,753666,596229,642741,1576379,2377992,4341
1293515,1330166,1766402,1275554,360693,3941615,270247,279357,335607,432069,1305182,2345934,4493
1621355,1462965,2054429,1432683,448235,4829607,901251,947495,327262,237628,541109,1696045,6129
658007,750400,1589111,1130403,356266,4267474,731823,763184,264750,318046,865613,848039,2868
1461623,1458947,1500935,1029286,229428,4834008,919620,947000,527999,583310,1739916,2759713,4778
1427975,1822488,1874056,1413677,344758,4507391,269551,283889,408969,516458,1459151,2483458,4483
1279189,1290974,1725646,1273941,363252,4779255,742159,774147,305472,283350,610483,1628218,5223
626716,711325,1589886,1106606,349746,3852072,694513,729073,220018,269216,830118,866213,3021
1071702,962061,984742,773798,236548,4657161,733948,768274,373418,401014,1293491,2388220,3633
1787386,2310492,2435767,1838182,361117,5090623,455531,518105,623420,712393,1882959,3070493,5639
1304825,1259869,1710980,1217849,347978,4399050,705855,741247,283137,250655,555836,1669662,4816
647638,824239,1612056,1142856,358286,4299066,738351,772243,268540,305656,834592,856614,2957
1056503,789429,942422,712669,244120,4218662,729929,750062,296627,340595,1245538,2440367,3961
1556035,2157231,2053423,1575815,234925,4560950,267276,516131,688240,740573,1691435,2489674,4945
1279266,1261070,1727663,1253181,477349,4930760,965407,765513,290269,327279,1256807,2990244,4734
967707,1185696,1759381,1418539,469723,4615359,919060,959538,345041,392255,883599,872595,2913
916562,567007,836249,639557,236698,4049462,730432,764217,249739,294726,1210180,2382941,3601
1561850,2039554,2071259,1599224,242476,4525894,272727,521736,641946,687461,1550887,2357370,4795
1378247,1500725,1829766,1347384,347676,4852275,707297,514505,239516,273835,953659,2507881,4965
932987,1189091,1623371,1191368,349988,4428920,717042,748049,324433,375827,548390,856813,3020
955032,784561,1233298,911499,361227,4081636,945387,972061,294898,344452,1535137,2392498,3961
1439679,1606586,1837733,1391322,234709,4379563,269935,519230,447786,515255,1443608,2465042,4500
1360338,1671126,1844058,1397841,345633,5277195,706361,495327,403494,428174,1095601,2163762,4393
1018298,1273610,1740694,1272929,356883,4549631,707291,739464,303063,348674,542806,877667,3084
609318,501226,835959,863337,348335,4099460,730621,765181,248042,292081,1224933,1613069,2845
1687567,1612196,2159397,1302992,243353,3926000,503116,747871,360083,466139,1614693,3072249,6032
1511455,2036353,2008215,1514258,348230,5537619,706771,510786,537667,509092,1207695,1679345,4642
962228,1156514,1700149,1242015,357877,4428481,732615,764161,348799,382796,896857,842767,2951
744651,670792,889150,914457,317091,4145996,702114,722696,260588,298394,1154405,1561086,3141
1310074,1048486,1635073,938272,125410,3209749,496106,759547,311334,358698,1318946,2489631,4961
1490885,2121484,2052316,1615194,360963,5740102,501929,283427,546405,610573,1529564,2255838,4420
1291945,1350136,2131291,1548301,463775,4957475,906513,945736,398918,404041,967312,851510,3702
965233,793396,938535,966400,237224,4220218,732168,767142,306864,352315,1283863,1639477,4082
1271258,1038169,1639624,899982,242642,2965696,502486,517713,237226,283336,1150534,2341048,4761
1558101,2036171,2008506,1550956,335424,5726323,464902,409507,501679,584618,1400931,2402145,4735
1597131,1547908,2102030,1517359,467336,5341479,952760,991562,364738,361363,644979,1563746,4591
983737,918583,1335307,1237023,362885,5019353,945254,968724,370794,413225,1592682,1633734,3969
1227393,929817,1579012,881771,234677,2888705,490584,519207,267939,304317,1242125,2495773,4794
1439145,1665764,1874884,1412730,360460,5065735,503365,524931,366082,442535,1040946,2300847,4917
1148479,1802074,1955588,1477815,355827,5273241,708753,738865,525480,493229,734243,910590,4084
730071,968098,1350862,1123656,354497,4844660,738958,773646,367502,422330,1382630,1595008,3175
1532357,953870,1617160,869804,239996,3445497,741739,765168,295969,337664,1470226,3112596,5746
1369615,1103871,1637044,1187022,354536,4494943,491716,516192,257870,353891,976792,2503385,4619
1156879,2013466,1963791,1515702,358753,5516269,729714,760750,623569,590572,808583,831641,3629
675801,933255,1348556,1003674,364886,4306938,720066,740458,312470,360195,1228468,1606953,2928
1233998,823370,1262424,905575,126478,3648193,497109,767124,268808,314290,1232586,2497286,4891
1581500,1277529,1989467,1406727,478417,4327139,704695,520073,223748,320310,1200468,2924924,5312
1252755,2177570,2086531,1583092,361953,5423848,705596,736700,620115,608262,872636,863236,3861
696357,942860,1331766,988298,355176,4273332,735565,770887,339254,386614,1305430,1642430,2997
1229647,922966,1278756,918541,123453,3561916,504683,760716,284323,324516,1188183,2370780,4741
1257950,924642,1539836,1081597,346166,3493398,490506,282219,200647,238741,1216697,2448457,4570
1783273,2192894,2356218,1806445,472449,6542863,952738,994517,587424,624231,845433,2257844,4298
710128,1143300,1434856,1278335,485464,5111622,947774,972324,373161,434632,1254499,1617680,3043
1218684,1025056,1285678,963776,124407,3769433,458339,720840,328448,376489,1273929,2371890,4764
1221955,984001,1581574,1125561,364286,3515523,499897,285498,190756,222989,1165876,2254704,4538
1483512,1738508,1917880,1436478,361358,5089350,709424,740891,465243,496221,747179,1675605,3755
823023,1480050,1488105,1378472,349717,5164081,729005,763076,500755,553447,1142504,884402,2980
1310183,1418463,1790445,1047590,248665,4074338,738939,1001735,405108,441140,1608245,3111176,5262
1290406,890382,1604131,1111739,350935,3970771,492276,282385,149197,235137,1216053,2489250,5278
1444968,1573952,1792340,1343878,351667,4620163,710247,738099,363984,409198,686693,1324494,3747
889620,1804465,1621488,1514844,364978,5427756,714306,734514,592595,638582,1169809,875808,2995
977509,1103177,1330299,764596,238287,3669333,709689,751156,335042,380626,1300983,2476382,4040
1514008,1254732,2017793,1428011,361154,4105473,498592,515667,258472,345252,1551228,2945652,5777
1334310,997147,1595841,1149134,355141,4137655,694931,725914,275505,278341,534072,855233,3705
934815,1942627,2064813,1818392,471340,6218028,967491,1012020,776387,815372,1653171,841911,2857
1077107,1114274,1356465,777396,176504,3935458,707469,730152,324898,379357,1228657,2268342,4077
1237499,1091521,1626024,1150094,234033,3618082,270874,512452,232000,328144,1239535,2479796,4880
1241894,997609,1559243,1094174,359307,3968116,729292,524151,183578,157025,807522,1571966,4356
1595129,2169518,2463721,2099634,601547,6903321,1162605,973443,677935,712020,1930718,1609307,3943
1262912,1091572,1310798,734523,123408,3780687,715368,755376,325467,392203,1330733,2436673,4261
1218427,1226182,1671572,1224272,363165,3919617,271718,284265,261084,343922,1217295,2272514,4941
1243868,909646,1608215,1111531,363277,3904429,711525,698838,202366,174335,611291,1668352,4722
1187851,1541861,1849740,1393327,354186,5006762,734237,768276,496693,531253,1091790,853401,2854
1393346,1462773,1528339,1172878,248250,5167784,980154,1001684,552785,586314,1739306,2379768,4603
1333237,1321603,1726487,1226163,353685,3804758,269519,281528,287785,386054,1327464,2506998,5177
1176145,882218,1555084,1094585,359832,3865600,729467,761660,175685,152814,446465,1587039,4593
828864,1141916,1731173,1273781,360163,4523288,709696,727970,420045,455709,989289,873898,2994
1205607,1617018,1252031,1123456,238456,5498445,718223,761148,592477,637798,1578535,2427221,4102
1518310,1405857,2071201,1265068,358978,3959579,498990,524398,323861,445154,1598639,2957141,5743
1220980,1026226,1628665,1157256,354607,4058651,694456,724924,223018,194381,492834,1643266,5032
738171,900938,1607708,1148185,352353,4324987,728728,760532,281753,310069,868233,855122,2887
1291580,1943192,1391406,1177652,247631,5751938,733733,754798,665093,700940,1570816,2343578,3806
1351318,1344288,1742828,1226715,239598,3400649,273289,516710,365164,409464,1349479,2525501,5057
1447170,1227176,1925194,1356785,464913,4794933,928280,738786,242394,222463,866014,2339794,5765
729869,818930,1626251,1141879,366143,3934227,718396,738336,265195,315389,859026,864095,3080
1555931,1993720,1648333,1334643,329649,6240634,739198,763037,655155,779431,1959130,3154794,4758
1284735,1307134,1725246,1245490,242491,3463458,271952,526287,381351,415113,1275463,2284141,4537
1268860,1279873,1670527,1184146,352555,4121786,691669,501012,205901,240374,890065,2445304,5019
929070,915528,1572258,1113318,355515,4010978,734916,770977,257155,305795,477293,853709,2978
1167489,1337019,1249005,1136616,367453,5492849,946123,974013,554713,613537,1739565,2296735,4017
1456267,1806241,1896132,1407457,237079,4048434,272023,509648,460594,510815,1457369,2493966,4945
1195898,1206896,1620784,1188558,354634,4386367,719419,515973,232017,268497,924039,2295125,4725
919579,890203,1579572,1110611,355248,4016982,704818,725539,229288,282151,474461,867085,2943
799305,1002975,990375,1037931,349774,4740694,717106,757533,391322,405980,1315285,1661060,2944
1725085,2119115,2334825,1499770,246089,4738182,506963,771640,573681,671623,1851482,2976860,4961
1295062,1261284,1689862,1199241,339212,4315350,663540,474892,230252,252308,926977,2025236,5131
891785,955890,1567667,1097897,348937,4062993,722668,756040,256809,292893,492380,849658,2956
771778,788150,910493,925238,367989,4103419,738490,760001,283789,315077,1180837,1595614,2929
1572656,2080398,2052486,1316833,123857,4508471,491307,748624,658689,714318,1667507,2498440,4887
1523633,1452154,2041988,1454322,475487,4978843,732748,519011,302204,327269,1258524,2310181,5600
958288,940914,1640952,1153637,364456,4124317,720449,740841,277819,309659,834171,877951,3009
1111880,830973,1217814,1127665,367106,4690641,712855,751105,249184,374666,1593951,2387337,4020
1530367,2046437,2052919,1385457,124338,4523209,495345,762344,665294,688201,1563047,2261762,4526
1304080,1357272,1752884,1261182,361867,4359387,487654,281671,244613,335827,1294377,2491590,4770
1230237,1216098,2011354,1426672,466331,4862100,961426,1008100,406619,391067,933876,853847,3875
1211612,847777,1550921,1081173,354231,3412449,501936,281852,182360,216961,1209535,2426133,4645
1511296,1752576,1954986,1464893,370051,5137309,746792,766975,501187,527401,782860,1642337,3728
867340,1714006,1688686,1467287,353359,5018063,708006,741017,494159,543804,1104058,867892,3141
954892,956047,978487,764729,244176,4430732,740398,771675,357924,403119,1290464,2365916,3801
1202841,819936,1554997,1075389,245854,2687313,265276,500815,205067,261249,1136285,2393924,4790
1692899,1544796,2080703,1489350,458176,5116038,925814,749762,335137,346681,937883,2457984,4739
897150,1817334,1618075,1520370,365128,5415039,733180,764009,583353,630959,1162969,864643,2974
1013207,1046454,1347169,738324,243513,3874392,705147,739916,322038,361799,1278701,2500359,4387
1180766,949288,1583753,1112659,239658,3411344,270802,527522,224476,301482,1241563,2431644,4984
1284044,1158190,1623872,1378404,467268,4654242,931703,719014,247644,274696,1185694,2179611,4461
1267033,2106021,2039221,1783146,470296,6019327,930352,977065,710773,774369,1300717,864005,2862
983914,1091140,1316431,745019,242486,3892928,739702,771002,356045,386592,1269514,2341080,3888
1254697,1139651,1655043,1167236,241428,3619773,268397,504185,230989,316338,1193510,2378419,5105
1545670,1201515,1945227,1361375,457195,4735187,925956,740371,288466,270667,851069,1687741,4619
1241612,1887131,2058858,1596100,367220,5615680,740317,771519,655660,694227,1225822,851191,2967
1053790,1152806,1361280,1019533,313629,4381789,895070,931550,378820,435956,1587654,2334892,4099
1237710,1181587,1659024,1198682,237809,3826496,274192,528901,279944,379771,1296523,2399079,4752
1241406,963642,1623689,1136226,364399,4103292,729218,511273,181456,161156,805144,1602399,4537
1192329,1535249,1899083,1416774,353283,5052411,707612,737172,500115,537606,1109641,896471,3164
1091803,1282498,1111194,1129160,243601,5010902,738995,770133,492163,547841,1461277,1588429,3590
1290774,1347544,1737987,1022031,245336,3295340,493858,511358,309645,348764,1243393,2432635,5010
1460107,965140,1847482,1253494,446928,4417212,680516,632808,149422,204265,1001149,2416312,5873
1107300,1254007,1756928,1292504,364089,4463928,728738,761338,379208,408520,970952,868872,2957
1225760,1602869,1249641,1269552,246040,5351149,717034,749316,584920,625573,1541181,1683212,3851
1279903,1304640,1713595,983414,236195,3296938,505389,531284,351679,379211,1286047,2406150,5058
1199643,966992,1608108,1122220,363169,4046762,505219,521810,141738,223539,813229,2303280,4775
998679,1078423,2036736,1419376,470084,4699624,930419,973355,370987,365650,920360,857734,3879
1263426,1863013,1346492,1258283,245057,5820295,741854,773271,689288,715198,1612682,2247993,3889
1295570,1291523,1732574,1021788,241839,3270433,488251,502200,337034,390417,1269003,2375963,4933
1224372,1064891,1611632,1134841,353700,4084464,494431,519035,180985,272898,894459,2512298,4693
1008706,1068039,1655961,1173541,365296,4240191,731274,764461,261591,221547,474665,857017,3912
1283409,1809591,1699655,1346871,361885,6012218,929367,967134,692851,737071,1965712,2467558,3669
1245965,1211953,1657002,1196773,234817,3184352,269291,527964,324858,372868,1295986,2404520,4613
1266961,1287619,1702794,1220887,358971,4246232,703739,512850,215572,289108,887044,2319368,4862
945005,870513,1553142,1089347,348103,3976429,697920,730218,226833,210932,464467,888715,3925
893069,1361590,1487011,1168179,363832,5159035,743413,773339,533229,580475,1486036,1606419,2957
1677026,1670126,1886137,1405673,242886,4323487,498642,748081,491545,547320,1722072,3145308,5416
1257029,1260148,1690117,1212259,349920,4403403,715629,524984,230644,262945,913903,2501575,5329
916720,890258,1584902,1117716,364734,4020657,734242,763226,240274,278098,470573,841993,3046
815153,1069058,1056597,1056702,363029,4512356,708890,737385,380010,412572,1338397,1673954,2960
16470957,9129409,20374314,11468265,5893581,25260813,13791257,14911915,2215489,2489559,19458523,42494714,58209
11370637,4672829,13607054,8715426,4220631,21668743,8267168,7410423,1254953,1619056,12236489,28369937,48191
6447433,5664192,16870450,11584357,6612798,27098934,12499250,12774862,1400471,1520316,7975475,6861039,21000
3996341,3410330,5209809,3391396,1209406,11935866,2319418,1712340,826006,1041132,4493589,9204007,19104
16632970,9698200,26059116,16029611,7770303,32208784,18258776,20896575,2843883,3122040,23735023,36991886,58563
23338096,10302258,36169996,20748708,11593919,33050821,20394654,22476602,1718474,2432149,26546046,55492894,69319
19371108,8015868,23142799,13690179,7642388,29534614,13673189,14281953,1990751,2578920,26161985,60295050,72610
3728623,2897366,4632143,2454370,718461,10155486,2682576,3239347,997654,1113352,4787615,8960970,17370
5580808,1946306,7874754,4743704,1974266,11291788,3932349,4747487,762995,870630,5941616,15177770,25878
6425363,4849087,13990803,10233007,5420817,21818238,9818536,9164621,1618964,2025605,15058209,20771392,30613
18990421,8598630,26053688,15249475,9154680,22864432,18099678,20354716,1168318,1931710,34010922,70734486,65344
547980,104955,792832,451209,301076,1471782,575451,601391,6012,28845,954621,0,0
546104,103751,790086,452586,304658,1450407,581415,607590,7866,30476,1001052,0,0
688703,120949,996613,559343,386285,1615830,739318,772114,7007,32491,1106293,0,0
547936,103706,793243,450898,301753,1465989,576392,602488,6391,28650,1005180,0,0
534751,104631,773886,438295,297543,1411979,568163,593655,7426,28788,944019,0,0
546162,106550,790213,449161,300521,1469887,573846,599857,7053,29347,996680,0,0
542878,94941,786272,444558,300895,1466852,574874,600949,1909,24681,995414,0,0
693549,119127,1002975,563785,390100,1595649,747024,780113,5539,31896,1091764,0,0
697714,125939,1010234,570361,390207,1651863,747312,780403,10199,36760,1114352,0,0
541232,97840,782643,441822,300222,1437654,573786,599711,4405,26254,956205,0,0
537913,104592,778652,440415,298621,1439242,570142,595851,6408,28716,989271,0,0
538778,99067,779496,440789,299043,1441167,570615,596457,4574,26441,972651,0,0
1367260,452178,1642276,1392056,514447,3881144,969725,1017804,431220,468276,3893572,0,0
0,0,0,68009,26983,181063,56023,59561,17592,20336,80834,0,0
0,0,0,70722,25441,169338,53664,56977,23601,25490,81397,0,0
0,0,0,71181,24597,168173,51822,54951,25199,27115,81231,0,0
0,0,0,75282,24821,176914,52337,55407,25438,27417,85816,0,0
0,0,0,72725,24921,169062,52443,55429,27089,29005,83412,0,0
0,0,0,70107,25067,164138,52121,55031,24166,26577,82375,0,0
0,0,0,74774,25063,166989,52933,55761,28811,30644,84568,0,0
0,0,0,72681,23600,164087,49710,52239,27537,29421,82801,0,0
16343820,24251049,23576502,15930667,9283392,12535479,14718525,15054146,12293728,11788829,25230997,48565105,2604
36436813,23542967,52641497,24669576,32230247,21437894,60005284,63311570,9050924,8559247,52231574,191646874,10616
26259108,809026,38156815,26026556,6199809,61633853,11742548,14539405,557283,824414,30056348,50861419,21603
54828754,1526739,79289957,53757893,12943093,129534486,24605940,30533591,124311,681016,61801057,106301335,41454
54906661,1561709,79500590,53854961,13080329,129594355,24880635,30749928,122757,676535,61738123,107662347,42118
54874121,1635990,79462757,53927795,13052656,129318794,24807867,30814683,284771,847730,61698389,108186678,40794
53974564,1832058,78064524,52992456,12737565,127135696,24227987,30012891,269638,841678,60727999,104211689,40148
54923176,1720089,79365519,53892775,13092811,129679058,24862195,30738134,215920,751833,61861360,107795892,41411
54866657,1681791,79457381,53894420,12967459,129709255,24654789,30646979,209242,757622,61765886,106108682,40781
54988151,1678166,79483206,53849446,13047762,129698951,24574463,30843740,223455,770276,61840326,106955895,41145
54863226,1734756,79409693,53913889,13055707,129583209,24793732,30673710,237809,790347,61858265,106840522,40061
53839333,1676556,77939423,52909879,12753716,127119482,24202572,30036716,261397,801394,60772935,104617828,39100
53874611,1648701,77914751,52852336,12784475,127153394,24212647,29935880,241520,778237,60706858,104428126,39634
54953483,1665079,79568526,53991762,13047457,129622202,24599821,30693021,261390,822369,62045979,106726259,40428
53880169,1717768,78009679,52952579,12747314,126921183,24178193,30042580,245685,786376,60532475,104538521,38676
53938153,1734499,78047839,53074738,12703937,127047482,24258790,30079735,360652,901789,60812331,104921544,40016
53807289,1895749,77882885,52989361,12718992,126800704,24183698,29966133,393003,934467,60645536,104222489,42273
54508614,2012621,78914454,53920429,12729335,128607014,24165351,30027350,404430,971486,61199101,104510779,45056
53966885,2017465,78114708,53165244,12762333,128619786,24181798,29853789,371548,922759,60719693,103577362,44235
54404409,2149842,78869554,53762626,12809451,128482417,24342373,30107004,518329,1071725,61450246,105028184,45244
54021336,2346760,78110318,53706251,12455877,125332993,23601256,29319581,625690,1198532,61184879,101938235,40582
53754748,2896472,77868054,53621707,12427857,125136773,23584508,29244305,964082,1542589,60843469,102713199,43941
45700346,4520671,69285849,49810650,11190532,112665874,21142753,26101745,3230088,3811546,56013908,89215091,38883
