cpu_clk_unhalted.ref_tsc,l1d_pend_miss.pending,cpu_clk_unhalted.thread_p,uops_retired.stalls,br_inst_retired.all_branches,idq_uops_not_delivered.core,mem_inst_retired.any,mem_uop_retired.any,memory_activity.stalls_l2_miss,memory_activity.stalls_l1d_miss,cycle_activity.cycles_mem_any,uops_issued.any,br_misp_retired.all_branches
47757317,35050514,76824793,46806912,28380154,133975011,56976457,62032484,7093334,7721477,57774522,184966819,270026
104160,53431,150780,86944,56657,0,0,0,19052,21622,121461,300140,261
1652560,168271,2391082,1747333,381692,2735716,0,0,53271,66989,1554984,3069735,738
40116212,98728717,58034164,45271841,8308396,67973775,14714562,17635872,11083877,11366061,36433268,57632223,43726
36314942,26183787,49326012,32103908,9516185,64702713,11451935,12734536,3134057,4066964,28879062,84531381,129882
23179342,2039413,33952132,25280747,6311694,46852806,12152331,13354153,420001,795952,18286243,37476982,22162
22796956,1744634,33269444,24914458,5970869,44673269,11325648,12729854,169445,547918,17542557,35697847,18498
22549063,1771419,32606502,24682247,5955138,44341555,11306302,12708259,187142,548934,17940292,36208362,16999
23131275,1643666,33418519,24932972,5882424,44007477,11160155,12784668,146966,510784,18109728,37749296,19932
22825446,1705555,33000585,24695112,5940322,44253220,11311994,12531666,170721,523837,17679494,36993917,19502
22814060,1624520,33190830,24847823,5984695,44478493,11388955,12815735,134664,502080,17534899,35770429,18731
22577508,1615789,32729944,24683404,5968081,44430586,11328470,12772676,134782,492124,17898819,36383158,18653
22950913,1702832,33186529,24797612,5766018,43905613,11211258,12838746,168876,534518,17948799,37013067,18550
22780071,1616003,32898807,24579989,5955155,44401586,11127843,12321772,128381,493110,17858646,36931447,20061
22874155,1714228,33235096,24788825,6053763,44341003,11510148,12914565,168089,508993,17396374,35495262,19197
22477667,1552330,32524122,24560475,5964984,44294821,11342450,12749679,94285,454217,17824618,36206924,18775
23021756,1773347,33260540,24840341,5766994,43953277,11180040,12798174,176475,527811,17984854,37197227,19624
22839554,1636963,33072461,24740153,5963828,44161750,11125323,12355587,151606,499975,17935002,37117723,19662
22715162,1617134,32919093,24701989,5936185,44120326,11304169,12730277,142282,483909,17400427,35426815,18278
22865113,1779122,33039765,24811324,6060221,44339286,11479463,12903856,205380,563832,18390580,37095109,19602
23200818,1684356,33503735,24952796,5761370,43956519,11387260,12997258,130971,504533,18227554,37832747,21231
23015776,1630728,33237205,24877981,5991394,44968973,11175246,12385371,135370,495479,17916034,37115449,20423
22989337,1594260,33256132,24953646,5956452,44928893,11316809,12741320,132615,492191,17530300,35573866,20307
22730408,1662597,33080185,24945797,5979929,44964138,11370184,12787217,165699,532141,17983032,35686946,19878
23233391,1683751,33346256,24928837,5878750,44812315,11350631,12765666,153277,523052,18217451,37789793,20787
23085230,1702534,33394455,25062832,5981394,44889999,11155588,12603116,139164,511290,17816495,37269546,19998
23060250,1729144,33392901,25079045,5961883,45003083,11346215,12756917,174582,527145,17574172,35684838,19508
22697900,1601516,33050780,24874054,5941657,44526573,11259238,12671625,144513,501727,17887148,35493695,19598
22903697,1700283,32987929,24701429,5733424,44605515,11309344,12706202,161399,538997,17892952,36919967,20211
22989920,1714043,33251641,24872670,5970971,44791639,10969637,12387746,146297,504368,17899741,37111976,19834
22978332,1672362,33420283,25003115,6064320,45044528,11539780,12984362,145718,506086,17488705,36361822,20610
22686493,1710881,33058171,24872174,5978178,45051720,11378133,12788864,172707,533589,18003589,36402992,19835
22903603,1630678,32933654,24636139,5765879,44684679,11255307,12763020,121658,492536,17893072,37065108,20422
22995617,1636356,33215956,24913729,5982302,44315773,10974280,12390806,118395,486739,18010799,37306317,20991
22974617,1726056,33196676,24823581,5984499,44700323,11399241,12830089,164645,516091,17580798,36474113,20461
22620150,1731237,33127774,24771781,6077934,44646746,11521775,12946089,165307,527911,17898850,36357528,19268
23008788,1722355,33042369,24746194,5748034,44276377,11159950,13001141,152612,519054,18198498,37783787,20952
14076836,821069,20167723,14068558,4019204,53600783,7512718,8246059,124374,338126,11719829,26775372,80870
918566,565181,1329292,829158,386242,3155940,746390,786676,111620,102479,242009,1704176,4286
721334,720984,1304399,853807,329331,2745656,635741,708396,195485,223390,414901,758331,3089
536928,292151,743452,455937,324537,2340789,822064,848433,96058,118941,1071799,2200391,2971
10306311,5821709,15116670,9689190,4239513,38618068,5465642,6020128,126431,496481,7740514,20817944,47168
11371896,5466655,15613557,10739473,3200510,29085983,4637089,5293215,1487977,1773822,9506934,19833467,19170
11325608,13984597,16866965,12041710,3165783,31090479,4688630,5686905,1635132,1432603,9305121,19257821,19408
10598307,12684723,15121610,11071637,3057971,29908974,4586272,5716335,1651518,1907118,8991987,19008627,18439
11818509,5569465,16532241,11183816,3098747,30038216,4536022,5560209,1083877,1817897,9915276,21413072,19746
10985076,13535821,16482551,11883961,3187746,30409177,4643309,5517538,1639511,1692537,9244638,19539196,19329
10642964,9319137,14860402,10468985,3134381,29212456,4491281,5508574,1653177,1872090,8789359,18378543,18797
12051005,14035621,17100308,11910229,3335826,32000754,4671807,5667403,1598323,1904645,9536502,20463495,19785
11285537,12363960,16621963,11460869,2960462,30883075,4536264,5728296,1649043,1862549,9611493,19874896,19267
1598504,341205,1980411,1248970,595666,4889195,1017755,978345,50584,102340,1889869,4624600,4622
12161521,1579552,17239494,10061681,5655199,41192966,6602580,5604474,169513,353535,10671397,33463360,65355
28305410,5144858,39809014,22510499,12953966,86848161,17487385,17889547,902856,1750557,29706480,83851669,174216
26509119,1200953,38291675,24202116,7333147,136058109,14197153,15543819,68982,364424,19162783,50390447,223563
24718716,2924878,35357405,21276438,10073173,94557598,17892362,19029969,229366,773561,21814365,56466686,136054
19159613,3068778,27335776,16109004,9849225,59293741,20199489,20283937,1197339,1589882,21446119,52904540,72936
11734936,13171151,17222744,12175775,4474260,35057107,4932336,5093145,1661102,2143761,11567653,25233659,35500
19408736,8813335,28817063,17790778,8629699,70223362,16216287,16689351,1951460,2391901,20643426,44848814,88079
31419632,20511138,45851646,31266853,9010998,143805276,18155238,19399012,4456357,5447215,28414276,54665095,224401
19598479,6962354,28791635,19548709,5622565,102092909,11501918,12341504,1579029,2193758,17040230,35952890,142234
14559963,1347471,21009231,13631342,3676849,76718982,7166025,7891959,55161,470233,10807616,26733591,113427
14445612,1272213,20877628,13612971,3802176,76438872,7165926,7877093,41640,443547,10446591,26492197,109074
14523029,1422276,21396678,13950178,3914725,77641263,7552491,8270836,105234,511080,10675976,25183970,113688
14365079,1397782,20598674,13576663,3664609,76868383,7347102,8075881,93002,495651,10887732,26276942,110195
14555847,1447058,21057450,13807240,3789370,76907493,7365634,8070304,144708,538773,11054061,26378404,112117
14532963,1435195,21049709,13773336,3782497,76903192,7128129,7853222,107471,518024,10654944,26551115,112044
14327670,1519906,20940248,13697138,3785633,76348614,7358233,8071103,163436,569600,10421332,25120119,109958
14312391,1344277,20677439,13525791,3785869,76813323,7562208,8267601,94019,493930,11000673,26467759,110190
14564511,1428134,21015897,13700391,3660931,76512683,6928174,7850923,110408,518235,10867857,26631915,109935
14656598,1520467,21198803,13814592,3900364,76971778,7534123,7880626,150639,543288,10876848,26993158,108851
14326788,1361472,20952982,13666416,3799569,76835375,7357215,8075588,80890,481241,10393619,25178270,108646
14166687,1369572,20715439,13530454,3789137,76658930,7385022,8104809,83545,492710,10848165,25872891,107627
14652957,1327875,20910404,13596886,3671379,76624481,7166423,8097775,49435,452239,10953388,27179177,108881
14568937,1393898,21047007,13697737,3796857,77193720,7365777,7890210,81797,485194,10678423,26710998,110743
14534663,1401879,21210389,13767857,3902993,77062941,7570895,8299658,102967,498338,10421352,25167151,110260
15270863,3565557,23121647,15864318,4351395,84607495,8467830,9212988,888701,1237284,11909405,26246596,114236
14569815,1443407,20851548,13643182,3569934,77093117,7157298,8098885,101490,523588,10961305,26659834,110800
14588884,1302772,21052160,13597716,3921783,76620263,7400982,7901622,34845,445230,10791234,27202056,107951
14156535,1241327,20734926,13443169,3794778,76195904,7359516,8088020,23886,418074,10223881,25174332,105035
14002018,1289818,20297233,13359486,3794613,76031324,7388681,8107294,28600,432300,10691310,25865778,104016
14313573,1301285,20677658,13287352,3562840,75721002,7169791,8096531,14828,426260,10669363,26567471,104481
14504459,1269085,20945551,13621951,3786493,77097931,7152705,7667658,19003,429282,10751758,26621969,111370
14405451,1253585,20838842,13568181,3790214,76751830,7363608,8088669,19129,425836,10289541,25793999,109857
13992006,1270437,20524048,13466581,3909962,76386115,7550325,8255825,19074,431178,10681238,25722591,106952
14436484,1367641,20870838,13513585,3567971,76548441,7163556,8092071,41584,464096,10830953,26601974,110910
14393741,1302473,20837213,13530450,3800035,76709097,7167877,7651939,8958,426541,10716773,26440590,110184
14600701,1248447,21081128,13642484,3905414,76902538,7368494,8089860,9390,420861,10546697,25935145,110715
14122230,1258254,20632538,13551834,3783071,76808440,7361634,8094465,16533,430263,10742087,25050171,110395
14418274,1275951,20763138,13405112,3626223,76257022,7343409,8267086,29921,428710,10887630,27118816,108980
14386718,1301467,20775288,13512767,3778944,76186718,7131131,7641901,25346,439316,10769673,26554294,109195
14338149,1288205,20743629,13483360,3800813,76314470,7372960,8099555,26371,425163,10246635,25229598,105646
14020009,1284920,20770725,13481512,3800996,76338880,7361114,8076964,17194,430162,10465745,25168464,105405
16012039,4566692,23246174,15488028,4207261,83059601,8513991,9006927,524830,783039,11419710,28454985,114144
14574395,1403502,21044887,13636356,3799292,76164197,7086655,7897932,75673,471651,10978866,27235307,106391
14477364,1308993,20902325,13567870,3786035,76683419,7349129,8081005,25092,419009,10305506,25945019,110748
14090061,1287620,20795990,13524376,3790735,76586905,7371517,8096548,27889,415122,10518828,25125739,109829
14265810,1272646,20421420,13347518,3684712,76695833,7383081,8083885,27904,428668,10758216,26619585,109215
14426938,1280779,20842602,13544970,3681791,76426989,6960064,7892680,16582,431282,10792493,26676370,109337
14329739,1255991,20719798,13427305,3805961,76162728,7380838,7868177,11244,414209,10449760,26494639,105166
14239836,1259149,20777640,13576546,3903276,76604340,7552804,8290424,19593,427225,10513240,25201042,108508
14219501,1300913,20353109,13297544,3689120,76324618,7399750,8122158,25009,426692,10743178,26627589,105899
14384321,1283836,20806923,13509142,3668633,75985708,6930658,7860451,14322,416567,10710554,26420340,110138
14403303,1278819,20845752,13566703,3793535,76691559,7355816,7858927,20655,413747,10515632,26553826,110259
14467358,1234669,21093197,13674367,3798480,76854955,7386459,8326766,19510,407894,10485395,25872759,111459
14284309,1201094,20693675,13543535,3803094,77009190,7586705,8310402,14802,412476,10908465,26542513,111504
14621319,1317571,21076449,13687763,3778878,76931824,6937528,7870958,27186,445639,10994286,27324597,112690
14366928,1311347,20802821,13532248,3785233,76592235,7345125,7841993,23013,423755,10487865,26187914,110254
14279611,1263382,20901377,13555146,3800292,76691022,7370828,8087399,20173,410052,10254501,25189933,109902
14095196,1273095,20416025,13440821,3791739,76690882,7389752,8104310,14330,421821,10770686,25872550,110220
16989613,5081672,24211316,15939124,4237082,83038056,7966834,8621948,385475,864145,12241751,29959385,119552
14421451,1357670,20802515,13537348,3775489,76298126,7341522,7850830,81685,493852,10585321,25888531,108423
14322801,1372395,20922563,13662144,3788998,76769343,7358952,8076193,72325,478819,10567145,25080295,111247
14122478,1266821,20379502,13443801,3736298,76635542,7335598,8046164,32902,437388,10706988,25756090,109521
14523891,1414720,20935392,13548640,3553045,76217594,7147832,8097210,110936,517772,10892969,26645619,110871
14558025,1456597,21075458,13733017,3802645,76776929,7169931,7667518,130127,535246,10879565,26541067,110741
14496119,1386519,21191703,13752963,3900777,77088320,7533051,8259479,84161,498909,10638374,25153912,109903
14186127,1374765,20335590,13411852,3672793,76038673,7379643,8103724,88837,498698,10778014,25853160,103875
14493765,1445085,20931609,13518297,3684936,76179675,7171690,7880170,92403,513062,10872127,26676160,106564
14389870,1500432,20819272,13569599,3776047,76065983,7134508,7727781,131785,535704,10797480,26531456,103906
14617986,1410302,21121335,13648464,3791288,76725236,7568475,8294911,86151,493594,10615080,25755570,110595
14213087,1451076,20579408,13542713,3791505,76234844,7551743,8284904,119755,531834,11080512,25856594,103926
14434794,1527059,20852994,13552911,3664377,76061317,7150555,7866181,171177,578453,10929054,26468289,106807
14458557,1363239,20886138,13586978,3786696,76759417,7162641,7874138,66855,477228,10583032,26435292,110210
14240132,1299943,20825816,13534509,3789972,76760418,7357254,8077308,18601,422563,10287872,25116296,108742
14060577,1267317,20547347,13417494,3779086,76088145,7334426,8058362,21101,442246,10709247,25531272,105147
17122419,5049469,24092692,15932311,4175758,81618423,7853466,8522492,411840,922523,12851781,30725451,126762
14606991,1499474,21112496,13767131,3793594,77049594,7179183,7915816,139466,538152,10759946,26754471,110655
14369857,1388124,20986289,13647761,3801943,76714752,7389879,8121294,99878,497359,10420541,25236360,108839
14205849,1537940,20759520,13589630,3791358,76367926,7354099,8081576,164662,567770,10954714,25993125,106805
14512205,1415223,20756385,13587853,3564531,76735998,7166022,8102675,87396,487627,10902183,26571107,110366
14631513,1520533,21146584,13806462,3810307,76957051,7187822,7685087,165791,556464,10990703,26664322,112109
14529589,1258202,21183353,13748032,3897544,77351998,7552754,8283131,13102,410127,10320452,25898613,113611
14175247,1246979,20712580,13566934,3791344,77097730,7371629,8099846,22390,430069,10778948,25779853,112032
14447201,1331909,20676014,13506657,3568230,76789047,7157398,8082430,21525,428625,10803817,26593214,110658
14343125,1334373,20717025,13436703,3780919,75923143,7159667,7666567,22204,441984,10792685,26649324,105136
14333254,1300822,20756184,13468449,3802453,76390358,7380401,8093988,20689,417954,10277544,25806783,105917
14220568,1276305,20839463,13466271,3882335,76458553,7714215,8447454,18146,425361,10974855,26635541,108301
14239320,1286159,20421694,13302307,3563648,75692237,7170659,8107073,20687,433835,10678225,26485098,102486
14390278,1280192,20805399,13511987,3795734,76266347,7157496,7659139,21187,413249,10716374,26483675,108951
14440312,1309291,20840351,13532134,3788418,76849294,7370333,8105697,21287,418513,10314762,25943922,109828
13982215,1270981,20460591,13403041,3796269,75928191,7373505,8112998,19909,412001,10449783,25244205,102566
14475779,1272327,20921132,13471737,3695346,76820282,7394327,8316517,20979,415959,11022133,27394987,109743
21876329,9718218,31862938,18904980,8971471,71315834,15841040,16547914,1440776,1974155,20720499,49373845,102709
22931902,6906195,33808339,18310148,13779469,49875635,23021764,24025202,904826,1362331,26297135,66587297,47380
23283373,6651724,33580806,18132643,13642151,50893728,23296199,24577371,863459,1319057,27228994,68344479,49367
23638832,7027321,34646752,18300361,13665079,51366536,23983894,25779358,865990,1355131,27903554,71075734,51857
23733689,6472260,34149430,18163025,13866139,51068521,24166315,25531319,833575,1293760,27622010,69963991,49612
24050638,6530272,34630665,18207956,13958271,51539236,24331981,25624095,849368,1306585,27935112,71405676,50473
24019374,6895603,34242799,18109022,13847942,50854467,24081524,25379275,832343,1270231,27598848,71141347,50268
23170267,6820681,33824201,17945501,13745949,51098523,23690076,24817851,870647,1321566,27737603,69113137,49557
19563683,6292845,29098674,15706549,11882429,44642624,20696106,21718944,765854,1145745,22480582,55246404,41400
1102906,556511,1513722,825803,276670,3156223,534604,557505,171209,207621,1078681,2611840,4840
19584243,6205761,28468953,15139555,11330924,41731038,19163291,20404397,796490,1176561,22709700,58091293,40761
23903689,7024555,35011023,18427230,14194841,51668064,24587705,25849139,832797,1292392,28038321,71435383,48369
24004724,7237607,34711143,18266937,14152826,51845099,24715100,26117108,900185,1346854,28439344,72529512,49161
24284310,6746783,34889218,18474158,14113336,52396783,24864206,26152175,824757,1297310,28528964,72531758,50682
24090752,7282356,34997201,18487061,14163979,51758741,24328632,25432306,872955,1334863,28143882,72158014,50382
24425428,6722106,35488448,18665069,14261969,51752397,24622748,25966690,833443,1303676,27919286,72236750,49997
24035026,6810723,34859794,18618836,14366131,52395076,24887815,26192566,862300,1312363,28633778,71753921,50308
24613147,7138183,35604271,18499605,14057734,51328708,24737522,26286300,841966,1312810,28583168,74054849,51218
24034938,6656012,35046244,18554947,14287788,51821637,24330490,25373350,780145,1247719,28021961,71730949,49922
24441267,7191245,35181886,18597398,14262214,52080469,24333140,25468215,881181,1342356,28325913,72434798,51144
23836100,6856556,34763621,18454024,14275327,52105602,24815856,26180592,829761,1288891,28274814,71661175,49485
23961492,7003558,35098028,18530035,14178490,51722588,24546592,25781214,880206,1346595,28371957,71459171,49906
24112021,7076074,35003983,18611732,14345937,52399062,24855216,26115637,863208,1327282,28480019,72261941,49917
24417856,7059009,35224139,18533146,14015496,51683157,24459042,25911886,838818,1296902,28417687,72753974,50862
13571529,3765385,19754158,10434355,7919560,30671456,14485002,15236569,546950,821189,16034816,39538635,28633
584463,276589,1139460,884548,381646,3674996,755874,802774,123140,150397,1044127,1061324,3885
18053015,4688327,27815962,20592493,5858648,59870982,10905276,11541951,1119054,1430899,14379687,29625756,44179
22943678,2116487,33591887,25326116,6165614,45522676,11684838,13102523,278521,654396,18094867,35742948,20634
22860246,1830268,32852003,24764657,5851280,44877481,11289833,12712279,126984,513300,18012797,37113672,21098
22426722,1783233,31967472,24035629,5612692,42336067,10405823,11953757,131643,507258,18137895,37245052,20995
805526,327241,1113605,666065,341236,2662820,659397,444307,19015,41444,543168,2202001,4361
779877,379447,1301189,747586,423936,2983147,826940,869550,98663,106270,344048,705136,3219
342675,194131,509183,500276,340718,2665551,661641,683589,78939,100266,804888,1362400,2435
2370406,1855124,3367149,2109671,436541,7035687,1041222,1465719,403680,362395,1226730,2928193,11544
17589579,1765814,24345571,17721249,4120957,30002776,7402241,8096047,278481,544449,12946264,28383576,15966
22976535,1912257,33105017,24791478,6031451,43598697,11431469,12831349,221207,577750,17521271,35943733,16208
10948583,1262734,16008718,12105466,3019227,21987073,5727872,6384031,182774,363840,8949970,17627684,8678
14574335,1698002,20601757,14901574,3582584,25276224,6275959,6780030,312549,488897,9416005,21043028,15300
22453706,1900261,32651896,24536504,5905675,43683149,11219938,12620858,170945,547370,17780981,35359209,19949
22654286,1780344,32452856,24300639,5682398,43219582,11231812,12605072,140244,514791,17714281,36677128,20094
22804257,1906497,32957013,24682317,5898615,43403106,10802245,12190223,153873,542868,17845190,36735232,20922
22691550,1852002,32825973,24646393,5923023,43448426,11204283,12580844,131125,522297,17332594,35955777,20049
22331296,1722411,32785385,24557917,6037573,43692302,11398088,12794975,126827,491370,17736898,35874789,19409
22635514,1790065,32533878,24472484,5679067,43399749,11046093,12580890,134968,505248,17720851,36445649,20807
22785592,1785084,32908411,24568837,6036542,43202411,10779092,12138265,144391,503307,17923133,37260027,21082
8822134,1766042,12962912,10110441,2548534,19819521,4883109,5458650,327988,441886,5909751,12064306,8804
449049,205168,1054045,594436,308622,3143514,653834,680887,113343,133860,631184,835355,3336
683469,78058,700032,399725,216731,2020801,657602,899015,8974,24807,941943,2855362,3194
682050,72376,922417,494674,324896,1680181,419496,217206,10418,19909,747259,2217082,3156
652732,89831,910789,494221,340612,1975431,660705,685697,10379,20639,228952,1347735,2536
92506,27505,378927,189917,351393,2199514,661278,685799,28809,46273,631212,2145266,664
0,0,0,0,305477,1644481,568591,591613,3815,17816,587036,1600105,0
0,0,0,0,305175,1616090,567701,590676,4028,18678,587579,1593939,0
0,0,0,0,389491,1690188,721089,747498,12115,26629,742126,1991766,0
0,0,0,0,288638,1304665,535488,555251,22508,34872,560361,1477221,0
0,0,0,0,288789,1277034,535103,554719,22813,35023,557953,1474275,0
0,0,0,0,287284,1276444,532408,551962,31204,43315,564257,1465627,0
0,0,0,0,286808,1279165,531429,550961,32809,45191,565572,1460939,0
0,0,0,0,381223,1517856,704935,729810,29981,43468,738014,1933275,0
151450,100790,178986,142876,456749,2680991,859564,890059,88063,101310,787913,1726929,914
947102,572860,1255721,605511,361513,3838807,920831,942539,251955,297956,1384887,3332300,5025
883418,310153,1164587,701304,242438,2374599,271684,511742,68422,99931,923398,2395406,4073
872565,305383,1407817,808768,471151,2929631,903048,709112,77596,102560,862690,2099808,3792
659505,234623,1129713,748916,467944,2784920,884629,914338,42735,72027,609118,846069,2869
678604,334535,947730,508652,245531,2326508,716536,743417,83609,112058,919480,2294160,3268
1054832,274627,1412107,842751,300265,3446561,362411,444011,32450,57947,982838,2703593,6204
18506626,2363745,28496434,17004607,11587501,58188011,16446737,16977821,409454,814176,21690838,59562249,115196
5616416,1492966,6996040,2963865,1899402,14201054,5142087,5070860,291774,376551,5636002,18459856,38325
899151,355716,1086562,728502,274717,3920453,893116,914522,136524,170716,1233137,2463006,5580
974486,377559,1348777,860378,241842,3166559,269241,514935,65743,146505,1009411,2519564,6306
9593269,2872707,13387065,7999929,2729335,36540181,5074821,5023173,379051,478289,6635871,17590743,68894
2380636,276073,3523956,2500141,860744,13093920,1594746,1783953,104056,197939,2921404,4877452,16954
0,0,0,48588,24975,178579,51542,54190,2938,5477,59162,0,0
0,0,0,52490,26341,182539,53282,56102,2259,5855,63971,0,0
0,0,0,54172,26177,176445,51530,54328,3640,7827,66534,0,0
0,0,0,53769,28097,183903,54413,57429,1970,6716,67355,0,0
0,0,0,65809,30674,202219,58328,61603,4124,9811,79964,0,0
0,0,0,60958,31536,199754,58508,61850,2825,8528,76514,0,0
0,0,0,64513,32397,191644,58835,62225,4227,11225,81271,0,0
475876,288029,657084,833058,936034,4058028,1754393,1563052,73339,131628,2203724,3907697,2976
1075212,613959,1464326,945642,393774,3400238,742405,760977,121747,113413,378028,955749,5476
498090,404632,1041704,902132,361949,3370347,708928,744448,129202,176123,788103,955976,4292
770105,230018,714698,710601,258924,3358465,756466,787258,123872,168570,1052867,1750596,5313
1517646,1074137,1991713,928224,451306,6544516,1001269,1058033,381021,453128,1883551,4453151,11166
3574645,1740099,4609237,2665401,799831,7558305,1505770,1768487,363788,467783,3436521,7926931,22194
1003678,886304,2271978,1667194,411390,7405763,780964,794599,360313,452432,1151563,1155186,7767
1290671,700179,1371181,1094184,253929,7118370,734997,773580,322996,419366,1506918,2953170,9711
1447506,966974,2049118,1342619,264690,5176283,379688,498606,329604,400976,1367127,2638618,10537
1176666,586091,1610979,1082088,392494,4252846,500504,519172,68010,168282,841602,2687009,6511
1306662,1079119,2575011,1878156,513374,7849573,999394,1051782,433539,473103,1204601,1106868,8894
5131514,1503273,6646127,3881534,2452954,12622273,4719470,4953462,410796,471801,1561730,4884855,20738
9060855,2843431,14737554,8073565,4576700,15019323,5382990,6088457,628438,972306,11986442,24167792,34229
17430707,6071719,28192357,14484500,10727066,29806714,17008751,16045159,723310,1187681,18589055,48253121,64367
7208684,4600785,10612867,6920852,3426893,13998293,4035160,5293840,1196223,1321970,9752668,18459229,26427
779513,433583,1501984,1091581,379814,5887606,736051,773565,246679,332103,1406368,1901149,4822
1839100,728131,2175150,1547609,307556,6402247,611677,798315,232744,328769,1841624,3838201,11581
1139578,500755,1971307,1279121,525970,4774950,965908,756564,136204,179087,1134975,2729746,6612
738916,431744,1354747,846818,380673,3270547,752881,790816,89398,142141,385229,857977,2792
470896,212775,691441,671549,397207,3246153,762400,791759,74225,122863,995153,1647166,2746
2954716,571699,1935366,1962686,1664573,9635729,4949314,5368443,334969,506766,7308628,14276273,12327
15107683,6490551,21455948,11777001,10649341,26108943,19019636,20231855,945686,1542241,24889239,53363989,42705
0,0,0,0,197078,196763,356933,369217,1503,7622,388168,982145,0
8538358,2934851,9188300,5139352,4765149,13073475,10797543,12765540,539985,912929,18005302,38542003,24642
3633189,2971799,5660584,3464083,1840766,9103122,2816152,2078502,385379,459516,2869647,10165523,16160
842299,393865,934188,688161,259673,4052494,752937,789055,134462,179685,1127968,2703756,5164
2103873,1430099,2929661,1873273,142569,7387692,548254,1008263,505296,598411,1959977,3770198,15189
10807302,8726942,16368328,10111851,6506560,16370840,5136154,4939623,1258780,1791674,17403928,36139576,36597
63974774,63940778,89580666,47531146,34617073,89729670,65251166,69771666,6579856,8729545,85416884,190398780,200959
42934492,28267276,62697278,33011497,26905109,61288726,49956596,54269514,3696769,4791442,49719922,124976669,119772
64598083,30755850,93394495,46782022,42069927,82677327,77142545,78027723,2628278,4645403,83574324,203478079,165904
23101565,4809399,34543278,17316053,15960616,31397163,28546319,28365500,361758,1092061,29927233,70760725,60859
14156205,7416642,20261243,11128736,7301779,24708500,15456186,19397447,1787737,2314302,21811387,43520578,49026
29432555,14491076,38477124,18748525,14123793,45041618,28016415,24964399,2250913,2993158,32910681,90973118,103556
11941251,6854061,18909039,10950724,5376190,25842277,11183787,10851548,1553826,1832015,11834822,29517403,43222
14885831,5653556,17495835,10164840,7843053,25214220,14656495,14266063,878095,1456631,19865459,52435020,51625
19423560,10759193,28285976,15998426,13211673,32844960,22059966,23212335,1754085,2253236,22704585,54567227,52383
35545662,18955783,60232850,29712192,25367330,58857055,51415353,51716814,2114675,3469929,46542230,103418975,113851
16031000,10774834,21662984,13258636,9284661,30558190,15795510,16289086,1563410,2029358,18075794,44523108,55447
22471427,13917173,28557978,15945095,12656763,42261134,26674567,24425431,2394971,3243504,36182288,73943454,76078
15158317,14425873,24831719,13205586,8461928,25736062,14434684,15724044,1983041,2468930,15647151,37799862,42301
34750342,36519381,56457475,31203109,23386024,56727116,42711446,43502992,4284729,5229384,43553449,93415145,99189
42085739,22480529,58237216,28816041,24464185,53725624,40139657,39570505,2870535,4277643,56345968,140453137,125661
31398452,23422486,48093388,25107106,18725444,50247055,34610573,37716876,3545453,4824368,49948833,105268017,101816
19404608,12271951,27904761,16191268,11819274,42981287,25060484,25564570,2330081,2941713,30453667,63071958,68244
20826958,11295984,31197364,18385791,13643360,48765042,28275966,28245234,2404088,3048789,26752763,59583602,78967
25231540,11886759,33605653,20192784,15654113,45204780,26229321,25744144,2582526,3195659,34589296,70424765,88449
28574329,14132946,43499090,24073129,18192605,50318908,30982505,32403376,2901987,3724773,39320362,90026285,96995
26630394,12140933,34819314,18033437,13953947,42995573,29254117,28650195,2204882,3153215,37047682,87451366,81880
29486075,17194090,41296013,22547112,18280981,47242166,32386588,31539966,2672984,3390452,40680651,102719895,92915
17100409,8561802,25567403,13445691,9506357,34212607,18034688,19399632,1753491,2186377,19989090,45228783,65927
18145980,8838184,26549923,13999940,11555198,39300129,22861260,22528908,1861186,2421906,23655961,60392270,65820
16225302,11049267,24910883,14368477,9810517,32762368,17098441,18012624,1984376,2516255,21821123,49414123,61457
5695226,3256262,8891473,5633944,3621384,15029470,6423305,7929777,881831,1170824,7866259,14840475,24875
1527547,1043274,2137268,1571807,388122,5932221,512960,297180,259989,341532,1499374,2975858,11277
5938281,3168395,8398600,5377869,2899395,15850265,5166689,4672001,491177,657500,4626593,13280908,28209
722583,536423,2339159,1754983,655282,6592514,1225724,1251875,277244,347325,1549443,1077710,6998
38085593,23609258,56778619,28905835,23271476,48080205,40150275,43160091,2696558,3742065,52229340,117872479,101865
25224790,18761443,35828060,17631977,12611030,34503369,24485140,26597078,2593834,3183834,29213457,72876981,86701
17751092,11144624,26291276,14637560,9498655,33512726,18153455,19979577,2096618,2310288,14396703,28061172,62503
11827053,6179375,19518783,11482007,8073134,27053182,11108982,10080948,1288960,1629995,14167998,25096522,43569
15033777,9615425,21615659,9872021,5236773,21847398,10359098,12115185,1477087,2054595,15492805,40272759,53154
20137487,11431603,31870262,19667272,14481581,40879764,20312646,19903950,2141135,2898533,27961265,58770320,77405
20589853,10231295,28965575,15819710,10307374,44481632,20192790,19701416,2305883,2970102,24758975,59035670,81955
34501262,17437338,48103030,24428610,18648706,55664894,34954199,38156540,3052519,4060314,43020405,106039252,108187
30522765,11224338,44655176,26082008,18451413,63985278,32051302,32156119,3279418,4030197,38351983,83159293,113801
29929703,10641068,46880073,26544010,20223686,60696454,32615321,33814866,2772353,3715759,40742576,90939638,106690
19690843,6689330,27892820,15499289,10508406,37438254,18873198,19783236,1746232,2248852,24664368,59014644,78833
28138292,8391585,39151521,20808111,15583553,48207135,28628038,29956189,2171766,2766460,36557334,81645394,101020
26089937,8464837,35375784,19282580,14296939,41573335,23635611,25748371,2068668,2620772,30025771,77408711,88913
19708814,7135978,27696102,16395245,12143363,41011464,22631280,23469040,2062146,2471896,25047394,58010796,70225
6914683,3520072,10106694,6413468,2863138,19876812,4088638,5000928,987502,1374138,7296264,18425626,32724
8795534,4318307,13021978,7596957,5014335,20588214,5746368,6205453,879546,1205383,10708317,29786775,38668
3458916,2856177,4099835,3397586,1734248,14653633,3169646,3298621,1044709,1291481,6272176,11099891,17333
4495811,1746218,4930302,2539852,279774,11218244,2558832,3582924,761853,918974,5193367,11350287,25015
3012846,2296279,3976593,2720750,607758,8593782,351406,966269,555669,709579,3149551,6886991,17690
7190443,3573766,8718994,5431444,2922992,15408771,3674800,2730433,780198,1013619,9443916,22367831,32755
18003376,10906573,25538382,13135305,8849903,35652871,20422538,21409576,2399031,2812863,22540403,48404708,61268
22829238,26971826,32161508,19189147,11474834,36020142,14393680,17009904,4324939,5301003,31144013,68157299,76876
13469863,12907903,18131388,9481201,4870457,26187108,10871786,12391119,1795346,2209421,13768893,35896419,53366
6211669,3814264,7659974,5387835,3811143,22345464,7635439,7897554,1223607,1383003,9493329,22248175,32220
14559826,5772974,19679892,11363923,6108058,29382442,11833786,12164651,1758389,2155213,17007259,41196522,63297
8778471,3076453,10175834,5677450,3205612,21459290,5747652,6084095,1260375,1536097,10598965,27096557,44378
4727199,3135684,8264145,5496112,1927094,18883432,3425844,3582660,1047685,1539289,7082809,10780666,30118
3412059,2149927,6090095,3941465,2398796,14821674,5061713,5027628,1256713,1384332,6831165,11790012,20496
342080,55595,494528,643172,444667,997124,362228,377809,2236,5332,48168,983631,1358
767120,430652,1110149,1081305,773043,1255695,737462,770914,72452,94985,732279,2020143,3222
335040,60653,484802,479391,317450,760964,352216,367151,1686,4815,36827,274241,1156
543920,353803,787094,483126,273632,814067,544871,570861,32298,24342,706042,1436687,1692
1079040,531138,1561118,804096,371205,1828645,1001214,1047759,79284,112742,4199371,8471386,4347
500960,98789,724842,45031,13947,207029,512512,534640,16781,32046,964760,1922274,1774
323600,50207,468238,35557,11994,170093,342345,357198,2319,12264,709102,1432534,1100
332640,51506,481285,25487,8578,121015,338678,353497,2101,13474,1703089,3362665,3494
344800,53744,499223,303984,18615,259630,37134,356216,1968,13827,1038488,2052529,2247
374320,72642,541371,330632,117727,379084,51829,234947,6908,20072,1732965,3393192,3817
720480,441030,1042691,652012,345026,1086459,340212,359465,47856,71382,1637283,3223704,3752
334000,56386,483053,292393,168334,204268,25521,27299,4283,15530,803936,1587612,1946
317520,50462,459420,276382,165267,161558,21095,22572,2898,12065,678243,1325232,870
562560,436467,813374,510834,266145,679551,301997,319195,32454,51110,1449554,2770045,2799
330240,47597,478043,292318,165487,185277,22728,24264,1042,11511,685198,1303404,1472
22710496,10481532,33137579,20379068,11069995,30183619,21605022,21511117,1824125,2453108,30277389,57254477,65675
5267688,2509126,9052949,5578155,3076824,9194820,6156889,5690253,176715,143368,1179113,9173067,15862
373840,378001,541122,339821,176781,471830,354098,74304,39420,52593,1024492,1978100,1385
339920,50523,491835,302106,167704,481738,332369,28712,4482,6994,811338,1545304,1672
340880,55736,493259,303793,167764,501939,332501,27477,6445,8655,851905,1617705,1842
325840,46890,471448,288889,162164,462798,321680,24284,427,2918,689621,1313153,1461
463600,70833,670614,408124,235820,528662,467912,463703,1481,4183,832783,1661496,1421
336080,50464,486522,298271,167461,431856,331857,346376,1754,4131,0,1542010,1546
331760,51727,480221,292733,165226,494221,327623,341979,1220,3671,0,1569628,1808
331120,52587,479202,294336,164334,466269,325610,339840,6061,7938,0,1583874,1708
366240,63486,529952,327585,177135,602578,350177,365806,3537,7133,0,2674836,2826
492640,80442,712669,438329,242328,734888,479976,501031,2270,6641,0,2335350,2565
609920,502500,882766,579564,265317,1180260,529819,555388,69733,71305,0,0,4966
3182388,1940981,3905362,1972917,596322,4517478,1163538,1216578,338004,370467,703622,1757752,13561
339360,59878,491049,455372,255686,662618,330133,344594,5199,3979,33515,74091,1136
582720,467207,842945,904834,515041,1150027,524074,549129,50175,81394,472713,832919,1970
493440,74238,713920,690970,405332,796748,493406,514835,3964,7765,50128,112065,1203
518800,100553,750981,576299,543675,1291182,738441,517092,15499,11299,62833,144111,1358
584320,449254,845026,537399,668544,1504458,1328064,563194,38641,57171,433277,788685,1217
346560,57510,501150,309490,430051,1054072,854322,350043,4979,15889,36174,79635,215
1137906,1036852,1530392,1028716,563032,2232581,1111129,912779,165659,197799,907129,1426810,3362
1018049,92079,540031,340943,20250,327283,37832,360250,20009,33324,1391056,2609169,2814
569770,485795,1062336,678670,582884,1449540,1172140,711429,50035,72230,736023,1352522,1545
44875,40012,489953,308032,220273,804728,638332,426221,3611,15121,311465,84160,247
1165343,174912,1101409,712227,344716,1140337,519050,544869,59645,82793,1002654,2957347,3458
962211,147772,792096,502911,255596,743727,297938,315147,42359,48608,734716,2511794,1917
1162718,172743,869125,563347,265851,906980,445685,471166,68906,79853,800147,2948415,3509
1185086,798530,1405973,910121,435204,1692206,511968,535784,9028,100703,1265998,2777900,3761
560127,94285,1272372,689384,326668,1244728,720293,756341,72553,77083,970447,1383898,1874
522874,77271,756372,398148,157688,467864,22433,23858,2148,14008,444887,932738,1606
461444,69934,667680,413117,150528,318040,71726,23669,3221,11907,418396,785570,873
579376,83182,838327,522988,160417,493555,321835,32984,7106,9625,454377,841046,1654
24997243,18550547,37285356,24191088,10577356,44206091,24114807,25506951,3105200,4078343,29048444,51035047,65634
3968043,809825,3023232,1793819,1677073,9773952,6330867,6611573,358613,545105,8444473,15770244,12831
25843719,15214364,29741054,16689079,7159992,39600961,19843247,23078230,3418206,4058994,26563832,59711855,86100
23025581,15488726,34177051,22699720,11918379,42032014,22467557,24280709,2989851,3823547,27137102,46792788,67278
2407034,0,1212132,793261,498833,1996137,1053983,1107956,85136,121513,1423784,7006085,3096
577506,0,0,41837,13468,383156,348554,364151,1355,12270,436937,1667460,1318
688889,0,0,79780,21106,711496,538241,564336,16504,33838,693357,1929851,2180
681267,0,0,49544,16340,525480,355035,371026,3431,15390,453277,1910802,2209
869702,0,0,79984,43544,600919,380356,397263,10419,23708,484027,2200008,2532
486464,0,0,0,12162,437635,344714,360036,1121,12609,438441,893735,1523
1338981,132712,1890452,0,12116,657749,354412,370356,12510,26131,469586,948348,4829
649308,95110,939370,0,16168,251585,512979,535724,3686,20225,659840,1335896,2064
1336550,200025,1933494,0,30445,415227,380032,397532,4729,18927,494061,1010521,3936
489468,78536,708391,0,12021,184549,346584,362055,2853,13445,443719,905317,1127
577604,85784,835615,0,14433,212664,348755,364383,1371,13114,452410,905465,1538
495659,73706,717027,0,12108,179315,344511,359856,2927,13629,451587,890680,1374
1053462,159595,1523891,930921,178506,1099629,530597,718046,43521,68245,955928,1805117,3311
689308,98376,997632,607068,16231,237974,30207,353838,3032,14622,456710,883005,2036
724584,125062,1048458,652599,17519,263751,32446,504432,12557,27347,667166,1256380,1809
413717,191126,1939126,1193823,32935,412368,55702,383127,2130,15328,499284,976247,1383
341120,95345,876023,546622,0,233204,29900,338332,8912,19887,455885,847737,1071
481600,103090,1055380,654611,0,244935,32281,494110,3547,18630,658164,1225281,1090
625360,660099,1121007,898191,492129,1426183,299897,313107,77027,97330,798800,1373596,2327
708960,676707,1025677,724446,213799,1020688,84318,731573,342279,387183,922400,1450896,2740
367600,65426,532363,343559,20711,316931,38244,347620,8884,37168,1266868,877516,1267
334080,50326,483458,308355,12195,182204,22728,329828,3264,19213,693946,815157,1030
327920,53327,474598,300386,13870,203006,25824,327881,3143,20663,802694,818335,741
484320,72942,700967,442640,15431,229812,28724,489946,1488,22900,897907,1201499,1358
376640,67749,544854,349039,25975,359452,48872,359119,7903,46896,1656575,899911,1178
337920,59574,489150,311614,115620,259078,31746,178857,1773,29872,1150156,821435,1023
363200,393594,525750,341363,164279,214519,72308,81410,7607,23215,738802,885010,804
339920,52854,491808,314088,157500,206302,25839,27640,3619,22339,813943,824785,1033
970880,604125,1404755,954300,393600,1579673,446295,470265,69804,95128,2821129,2978516,3381
333920,51677,483042,308147,155360,182390,21539,23040,3418,20070,696245,1245260,1074
344720,54894,499066,317993,159672,223361,28144,30056,2875,26059,1010187,1811572,1057
514800,103419,744262,483021,228756,554633,48482,51617,19306,71158,1553249,2738536,1781
344320,55498,497947,317284,159924,474908,30354,32372,3961,26934,955716,1719356,972
505680,81757,731842,467207,234764,667471,37600,40061,11130,27844,1044138,1876850,1529
333120,51621,482009,307357,155438,453513,22270,23798,2332,20374,690696,1232601,1003
331520,51788,479524,303409,157647,367114,26118,27844,2932,20718,811258,1472444,667
333280,48524,482116,306556,155946,431145,20818,22175,1258,14886,783475,1403181,1146
733590,560594,1035566,717091,263539,1859262,471034,317626,118429,126940,2139150,3841673,5186
498124,51750,482636,307717,155394,451632,315244,24060,4898,6817,686467,1227845,1483
828901,587658,1429293,950552,418963,1650272,852072,764414,28528,82446,1485934,1832339,2603
40866,48036,474881,299511,157412,341466,318958,333430,204,16277,0,80101,209
2940919,1784307,3734990,2409806,858366,4559911,1726063,1810153,162446,198206,1364590,5307270,9326
610125,86041,883081,561607,157754,487410,319606,334195,2849,5182,40061,830438,1866
374155,96358,915806,584519,261894,519001,322725,337495,3288,8555,49801,190172,1190
494000,105010,953088,608194,309606,643213,466893,487901,9605,5200,43856,96304,1509
348000,102769,989465,629927,322677,507318,324670,339576,4715,6983,42459,96188,1112
340160,79324,808840,514244,264718,473563,319541,334034,5097,9734,41574,81741,1031
639600,151552,1284488,826640,414678,772051,601731,628810,18242,8899,59173,132363,1540
360400,136592,1395345,886043,458638,572340,334925,350472,4016,6289,56369,129964,1143
499037,82155,786537,611102,321312,592195,472926,494232,4902,20148,62617,122175,398
51929,55629,502769,643665,331212,807350,323984,338801,3782,15299,44557,98810,281
1473199,312183,1228724,640546,248002,1369634,692409,726137,82567,107524,933914,3631331,4650
1062020,174410,1536724,63616,142127,1338720,509579,534661,87010,108052,817595,1452904,3459
1106384,935614,1600762,0,481626,2228697,976655,1026536,114786,151239,1520367,2564087,3620
511369,76816,740257,0,11827,181871,313356,327774,3250,14511,456442,804548,1563
737690,115020,1067349,501025,17669,261369,449337,475564,6318,22032,652156,1164951,1746
644608,92065,932457,599428,14662,231095,27994,334050,4612,16350,463586,823193,1867
497248,73609,719334,463442,12012,179046,22313,327434,3069,14300,455208,799545,1449
481782,236436,1926840,1249822,21264,393706,53204,363045,9440,23281,502863,909928,1440
339360,86419,850229,544538,0,239486,30219,334056,5188,15640,460293,821225,734
495520,93148,954043,614543,0,232151,29443,486987,3211,19863,676342,1187791,1486
338640,88060,784196,551822,264833,210295,27549,289853,4688,16571,453311,801691,1047
340720,59612,493066,485931,241905,0,26773,28460,6098,17302,462392,810817,1044
332000,51217,480473,462209,231765,0,22409,23880,2183,13070,452477,800349,969
494400,92075,715389,624741,299622,0,29446,31464,14558,29641,667804,1172222,1222
570640,439116,825997,1172068,581857,0,89454,98110,32363,51054,762001,1332731,1619
358560,61125,518825,833547,416097,0,37090,39549,4211,16563,476016,850158,1082
787520,529084,1139830,800833,330877,1031748,380837,710036,43805,96745,1021003,1763001,2463
328400,52358,475341,305087,11737,168495,21818,505226,2689,18159,450262,799226,689
335440,51807,485455,313496,12075,177964,22488,498361,2239,18237,455765,798575,979
346720,59015,501642,324763,14312,206885,26593,585637,6220,26448,467022,821379,1069
906560,532827,1312013,865130,295567,1500851,1150157,1166406,69033,97277,1208373,2083731,2875
329680,51889,476853,305493,152807,551065,478459,0,4371,5944,449025,800617,977
341520,54952,494428,318762,155297,705092,566351,614364,4411,6514,349814,815785,1032
786000,511091,1137192,750807,333273,1344190,701491,737454,3815,33159,909554,2357859,2460
361600,63783,522886,339476,160622,540305,38101,40545,5938,30893,1108649,1943720,1114
506880,81987,733220,473741,230211,670563,33314,35623,1596,32406,1046511,1826871,1551
342960,60061,496284,320697,155002,468323,28328,30108,3408,20996,720952,1261208,1142
334320,51543,483651,311493,152955,433299,22427,23959,1280,13584,694564,1211509,1434
374432,53437,501473,323954,155981,486356,224133,28717,3438,11746,874063,1539270,1886
484392,51691,473178,304529,149449,438592,306007,41238,578,2807,690006,1167904,1404
1269388,121340,990833,644284,306981,941992,628751,657848,8107,15050,0,1849805,3225
587322,53815,493053,318040,155099,459887,317231,331927,3292,5749,0,0,1677
602718,71328,501304,324571,155826,473230,318954,333758,4901,7979,37955,0,1670
869779,582712,1110281,731384,335668,1128447,678908,712408,52111,76518,92181,0,3659
40201,19224,486145,314337,152894,444640,313142,327584,4563,15431,700294,0,0
44243,21800,464035,312680,151517,466808,309870,324225,4669,16194,791389,0,0
57340,25976,82898,456855,228083,515369,467713,489090,4406,19465,955190,0,0
40560,15511,58230,315747,154979,467107,317015,331709,3081,14547,835702,0,0
44441,18418,64099,319149,155952,482163,319191,334014,4199,15761,820889,0,0
36879,14121,53510,311986,152901,432883,313173,327614,2557,13696,693339,0,0
85561,30994,123145,360489,169600,659564,344561,360920,6320,20107,1703632,0,0
2751580,3967868,4766000,2101623,665895,4282375,1599122,1682976,414035,474597,2373767,3951282,8574
55497,61747,491996,488646,246201,576645,315560,330102,5727,16833,51317,98773,436
43750,51413,487107,542706,275590,682610,317357,332080,1461,13081,39321,88501,245
40616,58921,492771,478051,234415,606176,315355,329894,5013,16325,33649,73626,173
44050,53844,484115,543612,277774,509144,317419,332044,3367,13781,38559,86393,238
77247,134869,1170197,916021,447830,1068177,758510,793067,16131,40717,62704,146640,372
63982,43614,519991,916124,450054,1129616,325561,340923,5272,18514,426870,128700,354
47688,19506,495736,553561,275872,690508,317325,332048,2548,14168,460580,86910,231
43451,14856,494857,570544,283061,689209,317902,332638,3383,14654,461502,87957,237
50715,21773,506574,561862,274801,731769,319788,334655,4975,16772,468932,93064,269
37352,16047,481985,464495,232054,573221,313109,327548,1264,12677,454125,72361,183
72249,44372,734700,732890,365867,891887,472960,494781,6552,23681,688432,130810,429
44759,21376,133843,546283,270078,683540,317752,332519,2869,14551,462194,84788,207
37731,14729,54672,454250,235429,411092,313200,327571,3277,13001,444907,71648,178
43469,17155,63032,562658,282057,645513,317956,332694,3609,14931,457715,86210,205
41466,18123,60374,533836,265871,671679,317841,332598,2082,13888,460699,78694,198
85065,29416,123161,984802,588423,1404730,532802,515780,4735,23492,712605,169521,475
52921,28553,76141,321887,277289,678097,569453,333911,4041,15938,464367,101955,273
37691,17260,54062,310492,232486,574549,477435,327720,1909,12951,453591,73077,177
51962,19020,75336,225777,184587,740813,574797,447304,5746,17391,455857,601788,286
43179,15808,62048,40990,155014,668232,566374,592152,3065,14517,460562,813381,201
796635,182680,1475685,946736,569912,1821785,839721,880046,89362,120121,1296559,2281099,2417
503440,148025,1097000,693739,362868,278615,32870,35149,19681,34930,673223,1242374,1336
672560,452500,1008022,805567,299962,1773716,125013,132574,223251,235505,822081,1187732,3410
337120,50280,487694,293960,171535,222557,26428,28171,2824,20794,835089,1679167,1188
319680,54309,462295,278812,161705,373759,25654,27413,6625,21938,769414,1530869,1102
335680,55702,485692,294412,168870,498367,23683,25246,2980,34431,1080560,2143724,1133
517680,425207,748913,458888,256049,689197,39250,41903,6575,69478,1060641,2051346,1712
319520,46683,462397,276505,165652,424974,21412,22908,1068,17657,668326,1320679,990
328880,51202,475338,285163,168298,458940,25978,27726,4462,16569,840437,1664198,1370
321200,44959,464947,275672,168977,414713,21976,23480,879,10846,673439,1345970,1494
830240,562528,1201471,766095,383713,1653045,687564,674819,54831,103618,2076648,1755395,2668
545360,408095,788591,480211,271168,790766,533382,558648,37135,52765,0,1664430,1928
330400,56645,478254,287169,168012,522482,328595,342699,2254,4770,0,1959153,2295
979517,801318,1401493,969257,365161,2582327,719454,753233,195076,354255,0,3545694,2076
533217,47717,477886,286743,169728,460045,332145,346204,2893,13037,0,0,0
483933,48649,462367,276935,165698,415213,324161,337889,3529,13365,0,0,0
699366,74817,691439,414323,246329,660008,481980,502383,6689,21424,0,0,0
0,76914,681773,413273,240642,615616,471803,491605,11089,24079,0,0,0
0,66712,534636,325926,180760,664217,352922,368422,6976,19638,0,0,0
0,53610,472155,282819,168009,446245,328466,342478,5143,15500,0,0,0
0,51083,482186,289053,170300,480004,332704,346977,3067,13726,0,0,0
0,72709,696733,417157,248836,649512,486901,507545,4830,20016,1003098,0,0
0,18087,460275,275043,165652,412698,324051,337781,3598,13114,665433,0,0
0,12765,475086,285549,168095,462953,328721,342775,4762,14964,609533,0,0
0,0,1863277,1200987,578895,2471332,1142041,1193235,122459,161641,1663496,0,0
0,0,480119,287829,169912,484230,332816,346992,4430,14843,443092,0,0
0,0,469738,279897,168034,451649,328516,342532,1599,12126,436260,0,0
0,0,681101,406089,246305,589170,482047,502363,4411,18517,641596,0,0
0,0,612020,363218,186667,698489,367975,386413,35428,47588,516598,0,0
0,0,822252,280729,167905,437270,328241,342194,2995,12919,437300,0,0
0,0,852482,280318,168216,438048,328850,342846,1840,12273,436745,0,0
0,0,824013,284327,165569,461492,323890,337728,5936,16198,435845,0,0
0,0,920177,407589,246305,591223,482034,502348,4758,18974,642697,0,0
0,0,821647,278948,167784,426881,328015,342020,1853,12227,436027,0,0
0,0,1153678,544681,324688,746576,636654,663342,13046,29584,849293,0,0
0,0,0,411703,181115,594768,353609,369037,8645,20189,474132,147719,0
0,0,0,505905,168889,452317,330429,344531,3849,14159,440390,97130,0
0,0,0,601984,245760,603928,480975,501351,5336,20214,642212,101859,0
50897,0,0,515024,215698,441699,329166,343190,2734,12489,437112,85575,275
36518,0,0,407407,258908,320821,324167,337867,2660,11488,427186,68450,191
40691,0,0,504465,298298,458172,316277,329767,5660,15897,423657,375553,200
52221,0,0,0,318516,456453,330713,344833,2897,13253,441444,883009,269
38065,0,0,0,260364,387903,330379,344375,2556,12242,435892,876022,157
50788,29524,82385,0,418313,676569,482851,503289,4153,19066,643122,1282959,253
52937,20422,76550,0,424273,916102,336713,351236,3839,14798,449002,898455,290
60720,30204,87388,68369,462261,974775,427001,353250,7258,18059,455462,909205,330
171841,22143,76663,51563,342118,816254,678716,334811,5102,15822,430257,858142,386
320960,11182,50112,33001,0,661199,583968,339242,3520,13095,434177,863429,1002
474640,17279,72134,47006,0,841243,753354,506614,2355,16920,645208,1288050,1478
322320,15117,52967,35686,0,580828,502468,339252,3705,13550,435774,863022,1005
319360,15571,50892,33566,0,568351,500386,337746,4788,14223,432746,860430,980
486880,29624,103528,70034,0,894789,891341,511057,5610,19710,652105,1308502,1356
793680,623645,814824,501550,884125,2687488,774936,662385,76739,102102,1022758,1927475,2820
513120,414273,742252,454955,258607,294751,521877,543982,3666,43176,700634,1376063,1141
326160,49322,471988,41406,14050,199013,611047,636517,3227,12696,437459,870360,1003
330400,52106,478521,43604,13992,212454,453302,652102,4615,16387,442832,881580,1057
328720,52074,475687,42455,13780,207453,330139,624348,4791,22551,441559,880546,1064
321600,50645,465208,43238,12678,188648,325510,540612,3512,18434,436259,863991,1010
324640,48186,469928,41571,13666,195517,327991,618492,2926,20119,436734,870193,970
876880,493567,1268879,1120375,684519,1636862,853604,828025,59349,81981,1092793,2291669,2625
320480,46757,463633,420498,256083,588537,324262,337997,1734,3646,31969,862138,1050
757520,520846,1095596,719863,365251,1348397,701691,734801,14010,35569,877587,1901891,2507
365280,400477,528234,53833,17238,257921,357015,374507,38874,51075,648411,957565,793
332560,51506,481193,503442,307878,663431,334373,348652,4507,6545,37659,889971,1004
875040,515346,1266302,832382,380774,1255693,690627,882871,7174,38254,1403257,2254008,2708
316640,53085,458227,275533,132472,188223,25273,187097,6510,23791,766280,840899,1012
2732240,1202240,3952674,2527762,1249881,4715823,3261728,3488873,203307,153939,2979503,6732215,10528
481520,88552,697044,426383,241520,675541,473821,493720,0,0,0,1273161,1607
360960,62528,522519,316675,178608,619184,348754,363963,2617,0,0,1448072,1288
478320,71323,691963,413918,248503,610743,486129,506696,5707,0,0,1987678,1471
328960,53130,475653,285758,168199,459862,328924,342955,2310,4516,0,1699658,1717
316240,54206,457624,272591,164238,394093,320882,334560,4001,8206,0,1627356,1410
319920,48474,462848,276977,165731,421716,324201,337933,3863,3737,0,0,1514
385040,407873,556610,345281,183892,590976,362788,380970,31154,6893,0,0,1963
322640,51093,466896,280108,166489,428039,325985,339807,4901,20268,0,0,164
476480,67480,689400,410359,249639,598032,488590,509177,3256,22104,0,0,250
325760,47745,471304,277468,174366,343355,340969,355416,2045,17963,0,0,184
138424,48541,453038,271529,160424,426748,314149,327487,3365,16809,0,0,274
85045,66413,538174,326793,183076,664731,356672,372310,6915,23332,0,0,418
42242,48691,470742,281610,168040,449741,328522,342512,3069,12929,0,0,0
51645,69427,695879,415793,249317,638703,488005,508787,3338,17900,0,0,0
39065,48087,470212,281003,168134,453557,328707,342703,2677,12467,0,0,0
36439,48106,461103,275504,165655,409315,324062,337791,2907,12940,0,0,0
51483,33456,481446,289790,169129,482016,330988,345232,4397,15171,830560,0,0
57080,21945,889889,534278,321098,685245,629508,655801,12855,29141,1075115,0,0
487571,749680,1432398,921835,442242,1882460,873269,915707,112861,143669,1956227,0,0
40378,18796,477657,287037,168805,475051,330304,344391,4206,14758,841756,0,0
43976,18576,473566,283614,168183,459769,328800,342823,3709,13971,816113,0,0
41724,14522,469848,280704,167870,441198,328178,342185,1785,12314,792821,0,0
83038,19037,517591,307855,188810,539136,359075,374314,4160,15221,1177094,0,0
41399,14006,321260,274842,161534,448860,315840,329321,3443,13795,771910,0,0
49187,18487,70759,407837,246434,595779,482309,502625,4004,18173,882065,0,0
109185,676828,157358,318053,174466,492217,345362,362356,29990,40433,832570,0,0
52177,24903,74802,280902,166655,426538,326271,340101,3300,13467,675028,0,0
57983,24045,90458,300885,175020,542608,341628,356424,4762,16247,1278138,0,0
0,18812,77408,291350,172227,484098,336258,350770,2669,13851,1027333,0,0
0,17033,74554,213235,242548,626364,474514,494597,2326,17234,988318,1980436,0
0,14548,61536,40984,167785,440051,328035,342040,1097,11307,783204,1559624,0
0,204712,161243,129971,173295,906234,340658,355120,74383,85571,633004,3935592,0
0,0,0,0,166372,644994,325632,339433,56093,65651,480442,867876,0
0,0,0,0,170943,497701,334294,348635,4711,15922,447666,896607,0
991160,0,0,0,309095,897456,636590,663505,19020,38140,857065,1701999,883
737133,0,0,0,18280,511009,336058,350566,2911,14122,448374,897803,2257
480839,0,0,0,11917,414673,324164,337865,2951,12616,431590,857923,1458
584484,0,0,0,14252,365087,330884,344976,3192,12810,437427,883061,1217
866643,1379745,346910,0,34327,1732598,682244,714005,89605,112547,999925,1857336,2824
38750,17171,57136,39551,266398,583817,425144,338615,2959,12846,434021,865670,210
247262,20059,82434,54531,379955,865115,751880,507798,4572,19663,650758,1295658,534
316080,12669,51365,33758,0,558374,504682,337942,564,10456,429482,859822,1000
320880,21536,66625,47042,0,437064,536260,346553,2766,12122,437461,884473,729
328800,16925,60534,39521,0,687895,593353,344322,2397,12984,441913,883764,1092
2821760,1888276,3771547,1707448,376925,6220895,4108980,4255295,294550,323348,3819115,6671614,9855
492560,74309,712288,429082,19697,291588,36792,511703,5845,31558,1158689,1320200,1701
335600,54204,485738,294107,114842,254413,29577,254192,3943,21472,791331,887482,1162
325760,54773,471284,283630,166573,245605,26356,28088,918,15615,675960,871033,1065
341360,56044,494024,297893,172511,255335,32622,34745,7980,32909,1155307,902265,1143
324560,52187,469647,281586,166703,203615,22262,23667,3464,16799,771461,1246412,1231
681040,464654,984986,607067,335131,327232,41646,44454,43571,62097,1125970,2178098,2394
343200,54336,496567,298057,174306,1044257,909442,947346,3712,14995,50715,115529,324
330240,51709,477897,287021,168792,670738,599478,624464,4104,14492,45696,97497,266
319251,50840,457174,274138,161585,677892,572560,596443,3383,13989,38311,83469,228
43139,52967,472777,283700,168123,700536,610657,636101,5868,16090,37325,83764,211
43248,46935,469758,280252,167946,648770,596215,621061,1705,11993,36560,84751,217
51511,415447,736373,448367,255973,771769,679787,711271,29811,44556,46866,97696,256
49991,52351,470454,282199,166830,595972,532627,554830,4501,14384,46188,86314,260
41787,50775,469719,280560,167790,688345,597532,622440,3496,13735,37455,81742,210
36696,48077,451864,268830,162756,563636,489791,510221,2888,12705,134603,72050,180
48393,18609,478947,286599,170276,778994,705755,735168,2754,13586,443710,95898,257
75166,25176,727671,436761,257220,1261823,1149680,1197587,6048,22041,670449,151130,398
52077,24173,483923,291649,169860,706127,614584,640227,5792,16299,446747,96062,246
57398,31782,487103,292674,171186,802605,723666,753834,4774,15640,449457,108553,312
34226,11801,461186,275767,165615,569333,503003,523967,3765,13727,433429,68199,169
51795,17220,417913,282207,164301,629013,680158,708526,4274,14280,430068,101519,289
50346,19361,73079,408042,246536,601618,662752,690370,3868,18293,643898,95805,242
60106,19461,87455,529544,321349,688408,810448,844108,7438,23420,835145,117499,287
73548,25236,106681,315324,180061,601937,1076812,1121829,14344,18657,470256,150067,364
35767,14080,51129,275287,165621,425569,502759,523712,3920,13380,433070,67510,166
41858,14435,60442,282733,168240,465443,612099,637613,5845,14422,439480,84815,202
52693,19754,77314,295989,248890,644841,745555,776652,2205,17910,648398,1064480,270
36276,12383,51926,33939,165736,422218,502192,523124,2389,11771,432365,859227,178
48502,26962,70860,48244,168907,474779,649126,676184,1353,15276,443905,884074,237
842811,118299,1220243,729226,347547,1369610,645654,676583,99087,104449,1001534,1876313,2844
476272,84260,929313,550034,207708,470636,24794,26478,2458,12969,445720,893147,1487
323600,66018,705023,417740,258953,416647,22154,23683,1789,12359,438354,878750,990
1135120,848747,1605531,874114,297720,2580274,629310,933216,503154,224968,2046256,2557145,4533
350400,58094,506962,64958,19212,312810,339074,353723,4493,19032,1137918,2263032,1976
325840,50098,471854,38565,13809,198821,328625,342620,3813,13838,818657,1619812,1722
395437,48453,475966,44501,13504,209566,329208,343261,2181,12808,862476,1708602,1980
491245,51710,469621,39922,11977,187692,326302,340128,4439,14838,673153,1335713,1594
640164,71402,688068,54056,15744,249920,482491,502811,6776,20923,881286,1744798,2024
572629,52592,472306,42067,14061,212923,328375,342384,4448,14738,788167,1561299,1792
1020934,93115,724979,65557,23378,324028,487704,508603,16223,31430,1384654,2705042,3395
660397,52746,478462,44602,15836,228246,331946,346202,3971,14351,909703,1806854,1924
606214,48014,470396,37811,13004,189053,328063,342042,3219,13232,835021,1656877,1851
635278,67732,680921,50712,15396,222275,477819,497959,3062,17873,871740,1732299,2016
692377,49599,480607,44325,15949,224174,332717,346964,2585,13266,952135,1886372,2096
750266,545017,1113863,739506,443242,1155265,687496,719330,76106,98245,962363,1777269,2647
45634,41489,461455,381927,300691,732027,377278,330214,3468,13799,347345,87492,260
37525,14811,461958,276216,257378,563115,504188,337873,2907,12663,433086,71684,190
36678,12475,459352,273473,257335,565717,504103,337888,1669,11755,430391,70074,176
57955,18927,705860,422023,454223,1030956,890264,513527,4085,19418,657645,114932,346
69848,26758,514960,310835,563586,1236816,1103979,364107,6135,17927,467525,141269,347
50030,21718,480168,287974,352453,778119,690407,346323,3791,13954,443576,96029,254
43339,16182,224072,276011,300475,727483,588690,330320,4928,15110,424702,85277,229
99234,43312,144680,793886,420625,1279570,817899,738427,58228,80624,987122,1054781,504
1336551,947594,1933947,1196773,552171,1678776,1139525,1357541,91020,129912,1682389,3256520,3674
1086101,908188,1571242,982374,524025,1683911,1053786,1103891,93477,128160,1469701,2775039,3337
1130690,956180,1966906,1226808,692034,1702130,1073145,1124753,93833,133246,1663573,3163222,3451
1071120,172028,1124091,767789,429398,2607006,1343977,1402161,39505,75486,1412711,2765324,3126
1060960,215403,1535667,965591,558740,1554605,61796,1070870,27517,64106,1395664,2806567,2926
1266880,925396,1832819,1130403,676857,1745866,0,1156464,100905,127820,1701627,3265870,3348
1093200,913802,1581342,984979,523145,1760591,730188,1071073,81131,116903,1451738,2750752,3358
1109200,922136,1604366,986282,464957,1656965,897628,1060297,73925,110746,1687251,2826587,3045
1106400,964907,1600661,1001870,517959,1707036,1022744,1087004,94235,128083,1483769,2778804,3019
1086320,908844,1571868,973052,523943,1593275,1034180,1089772,82606,115835,1463982,2772153,2896
1119680,919250,1620311,1005147,581948,1853746,1149698,1103317,89055,118526,1374584,2652927,3356
1258000,944882,1819743,1120751,639157,1884920,1261475,1260426,89956,133138,1600628,3034934,3737
1072960,578087,1552891,955608,412929,1390013,954894,1197121,61284,69737,1529407,2992013,2932
1039920,236635,1504280,920718,510311,1789030,1112658,1161256,39803,59021,1225740,2427339,3085
1095120,885369,1584305,972877,542226,1477155,998894,1139201,82129,98950,1423744,2780303,2639
332640,48062,481417,287782,170517,497240,333160,741305,1562,23180,42772,99361,264
1251920,936203,1811196,1119873,608101,1817134,1199077,1306096,77732,118227,1612131,3048114,3616
1074240,587147,1553840,961334,518756,1656290,1020297,1115573,47494,84969,1385648,2623568,3111
1093520,914044,1583396,981838,527950,1525710,1042681,1177664,110815,147684,1015277,2042726,2462
1467072,276422,1954826,1186356,683967,1918935,1332510,1383500,51463,93079,1816002,3555496,3588
1261587,235032,1573948,959575,539139,1801362,1045828,880547,28988,61847,1664800,3247707,3879
1311447,885288,1808250,1114446,610090,1792317,1203312,1259719,89567,126468,1574483,3400008,3817
1069350,877675,1599939,995168,529315,1651277,1045260,1095206,96440,133271,1528975,2712868,3164
1035126,211945,1365336,926483,544128,1476790,1046908,1091468,34588,70472,1456387,2749829,2414
492277,64106,711930,276334,165784,430658,324330,338065,2740,4892,31017,1346639,1533
685190,111672,991379,292505,167768,514031,327951,342041,3836,6490,42501,1848250,2095
482752,63721,698436,274835,165605,412517,323980,337704,2839,4723,32650,1318518,1476
736838,101296,1066324,423221,252268,642752,493667,514580,10154,12908,57522,2012229,2197
465584,67624,673377,266597,159470,432643,312015,325249,2298,4457,32068,1258363,1468
1181358,165487,1708911,713620,179106,600694,349184,364513,4140,7077,61729,135542,3378
381434,97088,991173,589518,279222,479279,333223,347535,3260,3817,42969,101924,1093
3203156,2680827,8479521,5607580,2465241,12621145,4755502,4993444,765515,825847,2587842,572157,6893
14474204,8930308,20667019,12564995,4996371,21707215,8575596,9267059,1226008,1819522,15413006,37552300,55204
39489326,24158755,55910234,31168390,16757291,45205005,29520616,29877443,2938436,3982610,41252524,102603853,110701
57070226,277806843,84473617,60236469,18739161,64440345,33603828,38915443,30754381,32358616,80344190,106448972,96317
17775626,16328024,25392369,19866845,4685004,30949807,8793917,10427565,3765525,4117332,18924728,30789055,15283
15222605,31305748,20998591,16451616,4401656,28095752,8307747,8581421,2748665,2993673,15346697,26851624,19589
23774027,27609448,34331486,27232762,6869922,41577076,12371171,14762030,4922363,5448020,25156564,40899206,23102
30127022,65276696,42261365,33319110,7942398,47065049,13547819,16368042,7886619,7717907,30596293,48531772,31852
26131761,34137107,38481818,32618454,8005675,47904249,15243347,17539098,7546187,5889537,27041510,40064343,24175
21784907,33743864,31591999,25445079,6420572,41531075,12467569,13402408,2064239,2378738,20227643,37628701,24052
23345394,34906765,34068207,25857655,6438553,41032354,12088940,14079234,6313144,7577963,27587025,41504198,26478
13801016,2073212,21928102,17144072,4381698,35167569,9097206,9600812,1466246,1755257,12695202,21977242,16707
19573228,34487242,29200844,21516492,5205337,35606479,9835081,10287187,1545925,2538240,16981805,29683386,24668
22662494,18717454,32325071,24345863,6048297,43182206,12266897,13734648,4340243,4821936,22085087,39022720,23393
18452623,37970026,27539983,20933583,5174914,37396929,10791291,11184477,2147013,2480511,17146336,30587539,24715
24291577,34648105,34421147,26415025,6596838,45702411,11990189,12933806,2810464,3976830,23650163,40196534,27321
29143894,58710645,40526498,31399622,7801277,49360602,14915945,16855886,6253950,5915283,23886286,41674932,29968
29125006,59513565,40598355,31586892,7972176,46472924,13172225,15310370,6414855,6865179,29088937,48788988,30350
28980232,60889225,40533275,30337372,7365026,47404000,13462202,14869517,3846301,5366725,24697461,42489097,31707
24958429,44732518,41210467,29811712,7245878,48216058,15185433,17160933,7593489,8318489,26325988,39260393,27485
27842848,52950861,40130595,29110458,6789695,46856067,13644157,15399438,4538635,5731862,24586217,43031774,28799
24283411,46905017,37202031,28910112,6969637,44337932,12785673,13692741,5622083,6138847,26069477,42187582,28983
29907350,41173207,40378219,28608484,6485995,46223830,14172012,17720379,5542045,6046483,30360405,51437727,39982
25830576,57377808,39842983,29121380,6644296,46267547,13225035,15507638,5658128,6683395,26860948,41302022,27867
26235357,27096288,40108288,28127546,6725003,46811903,14840378,17007293,7035613,7701760,31065108,43025349,26449
21289922,11140198,33109983,25619587,8284408,43395770,14581878,14520535,3432770,3410465,20318853,34595812,41853
32694453,31192846,51322039,35421728,14312663,54777910,25650176,25257766,3066435,3689044,31280849,68388431,67849
27923670,30084647,37276487,24771361,7942406,42385108,15971707,19681560,4323636,4895184,30962562,62641531,63376
31918281,12750189,48611711,31026968,15135871,54003421,31529484,33832718,2926211,3807217,42846716,83706725,79818
30421863,12738118,42806573,26992132,10993785,48056362,22256220,26681297,2827152,3556469,36746066,75418885,82016
27148663,13451815,39293313,26623733,12458288,46624590,23598437,22688009,1703559,2475046,31522650,64910989,81854
25713402,9062928,32740266,20655396,9782655,35737774,15143408,15603292,1895576,2422224,29440825,64957954,75124
33152737,9408140,51985893,33578345,19195089,57528724,36298383,37657449,1822701,2720177,45771164,87406561,80392
46780258,11715072,70547236,42381875,25203972,64140614,49303021,51294037,1503224,2841457,55747892,117144149,115486
38183402,9419424,54294255,33631458,19457574,54946742,41164882,44850952,1223360,2397289,53887131,109932593,109337
27803187,8095497,44138038,27734249,15194076,49449288,28300964,30737461,1245715,2031129,32287573,67839098,82597
29503214,31086321,40988993,29168060,9721629,46984525,18626241,21470577,4993222,5981267,33953310,62983043,62412
29604050,11613155,45397536,28815053,14568044,47706740,29239923,31768948,2082211,3017040,42860320,81382528,83910
34379985,13179529,53972455,34486016,17222811,56903520,35916811,38588837,2747079,3894988,47013090,88692492,89254
33635091,40986013,46806842,31662965,11618364,51882572,22421418,23040697,4236468,4222171,35300221,70175571,70368
30737170,53802346,49303044,34154185,12485253,53649326,26499875,28027156,4323915,4280291,32063259,54357760,50473
17886818,2428561,25768422,20645787,5176445,36856280,9292744,10678236,1983821,2438509,17746140,30993927,21069
26713002,35533713,36665679,26870663,7480632,41218872,13047272,14490346,3100288,4212399,22198478,41155264,31637
25234878,32788350,36380158,27352328,6101455,41979046,10790727,13447174,3243372,3789745,23118029,40719837,26838
22606387,43727894,30591951,22132754,5537398,36091261,12269202,14804542,5860260,5635692,23209631,36815353,23128
16181450,10468236,21272296,17526974,5313260,37295660,12195450,13510793,6125367,6584969,24641647,33987582,19775
11988081,15327587,23589911,19128608,4696749,30189780,9266401,10642310,4247388,4479737,14455821,16908822,12972
22945782,33561733,33239476,25155522,6307937,40313263,12360121,13147919,3981266,3924216,19284601,36131704,26504
23584044,47306076,31747660,23120455,5427855,33184242,9192597,9165819,966516,3180144,22553960,40767614,26826
18994416,43695756,32968968,26517420,6344014,38324912,11467976,13358936,6304794,6753823,17965840,24811650,17301
19330565,27156894,27631917,21701536,5439326,35321422,9899713,10860054,3363179,4218656,17768704,30652337,20671
22636876,55733386,30403113,22254061,5371119,29790523,8145745,8094280,1359348,2914640,19908472,37119935,30048
22250936,43181173,29326792,20809651,4432486,31042955,7964334,10800162,4349668,4982636,22985591,38887491,25870
20778268,41987067,27219058,18935768,4655656,35252217,9903687,10849756,3643244,4945680,21847156,34470208,25049
18341550,40387863,33270068,25969946,6376523,38024100,12301438,13605526,6397188,6290775,15359303,20665962,15109
21166156,44010303,30354340,23335000,5788654,36268732,10587451,10935145,2478723,1414362,12550735,28164588,22940
17839744,17607657,27790761,21261833,4924478,35721334,10627492,12059617,5108711,5512876,21139493,27529894,18407
24984363,65790214,32908760,24740479,6077402,34556320,10244419,9966297,1965191,1450385,16983356,38050120,27854
22748518,45959655,31033226,22161895,5068105,29935055,7262969,8190623,2643534,4505240,21021968,37293547,27463
20572503,56033794,29744075,22453723,4783317,33531506,9593623,11954763,3193028,3602876,20688731,34167011,24416
15555021,8147172,25559999,22385279,5716679,39631559,11866288,13372110,5177778,5566738,21214404,27153054,15981
23042545,62521994,32168662,23997917,5811666,33197482,10496975,11064537,3400087,2158620,11499724,28812459,23943
9456508,20027638,13437061,10123285,2527158,16889376,4073610,3394478,296498,1129916,10487394,16469011,12693
1184633,1047763,1629658,1145233,362756,3869620,738461,757321,207933,188903,521656,1641639,4632
608636,791485,1587515,1183460,459530,4341465,927656,979802,311673,367938,1270768,1616563,2879
1144329,830856,1255519,679031,127429,3427792,736242,768450,269056,314236,1230077,2312290,4147
1225485,1116053,1689893,1190152,366551,3506687,277374,289624,238464,332694,1260777,2423235,4337
1171593,1052044,1585243,1116602,347631,3854752,722306,762442,208717,191237,515503,1649340,4341
11936931,1925053,17162918,12955999,3087165,24721125,5875083,6582833,472465,675838,10238340,19353648,13272
21127240,2520272,29925520,22876487,5280227,41330407,10053947,11296139,525894,916229,16858962,34146819,19718
21391024,2952980,31390798,23795570,5505106,40737944,10084887,11392146,453554,909960,17254190,34472925,17033
19405584,2694664,28354709,21851900,5253812,40550683,10313830,11453024,503102,815544,15221677,30256226,15299
1688011,1635749,3061369,2136236,662256,7435874,1329697,1411279,279810,345462,1012644,2870490,6813
2753015,537507,4059086,3202484,921528,11542469,2440292,2693512,246522,352497,3218412,4944575,7085
1314569,662199,1800071,1278416,239439,4014074,266825,506797,163182,243388,1269994,2536779,7244
1581314,794598,2138321,1508703,462734,5866398,953777,772527,109607,176307,916116,2576463,6829
655924,451621,1358502,1266203,361302,5398410,734714,766783,149547,225260,870390,894722,3584
983492,282389,1103196,707616,246001,5244962,694566,724270,148674,226687,1266057,2573541,5559
1251250,615581,1750032,1241291,239895,4002100,274116,525675,154504,229978,1280119,2513769,6587
1375041,1031032,1918483,1416690,361676,5814005,732566,515354,153906,195546,957101,2503902,7305
1002286,629583,1781299,1503368,458348,5920466,922725,972179,202758,291146,928420,925344,3801
3400467,710926,4645988,3263697,834229,8312186,1473594,1340147,192915,289905,2403659,5719706,7740
1718533,751576,3613280,2636475,553501,6777940,840100,1142198,129262,282355,1658819,2608401,7829
1286395,605948,1741911,1233795,348685,5257149,720802,523330,47120,109062,912219,1981892,7167
968634,633572,1785010,1276075,363498,5399618,733646,763097,160501,234722,528784,916629,3582
994578,471631,1392445,979781,354576,5218497,919761,961122,205584,296149,1681046,2636513,5428
1268253,614829,1749930,1231548,238702,4545239,270646,523943,108409,243566,1310311,2524391,7156
1590289,646516,1792157,1272888,361010,6080792,964532,753447,149817,163306,1229915,2495171,8531
8842884,22642691,11888621,7770416,1674327,15471339,4150705,5275933,2556461,2855104,10243754,15436631,18718
22355904,37169559,33699696,29043863,7489235,45835017,14640370,16524264,7008685,5482730,22440684,32516901,20703
2978170,3033263,5476384,3538476,1147743,9496013,2419346,2718385,889384,998181,1563859,2587138,7002
1939427,1927390,2439376,1846868,457263,6874836,718666,520837,492735,523850,1570961,2569055,7715
1349799,1552980,2098510,1618806,358268,6460596,723604,756523,535377,579621,1136717,883864,3130
1355329,1381190,1318994,1337648,229855,6329715,690467,722117,540014,593624,1546991,1769590,4940
1611031,1723057,2084760,1352203,239643,5108013,501818,520255,559701,599558,1581532,2505345,6097
1690700,1793581,2161138,1677342,362622,6513676,503042,501520,464004,559515,1243407,2467708,6369
1682150,1784553,2493292,1883215,440848,7106785,889861,940701,621331,631808,1236886,900588,4871
1334483,1450367,1333710,1384641,243655,6608356,735505,764959,572013,639273,1565811,1659015,4366
1721387,1868169,2195515,1423776,240263,5299788,491332,507702,584616,646825,1584882,2526904,6547
1716011,1709293,2093680,1625459,346869,6473045,503762,529610,428094,535061,1192097,2562584,6451
1416514,1600181,2075189,1589055,363423,6234636,735481,769021,492552,497341,775115,897560,4766
1429939,1312214,1656885,1293217,354899,6725753,921279,961241,556723,622369,1903778,2594859,4833
1689927,1586978,1956977,1317478,229324,4796484,390543,488878,500254,550781,1465949,2338246,5944
1746723,1608890,2029948,1544829,356715,5510428,493299,276973,458287,503816,1473881,2461766,5966
1752653,1875655,2424430,1810313,441675,6871360,899046,952003,534982,593390,808109,1705566,4531
1473542,1808666,3252596,2807410,727100,10512445,1211529,1263496,778470,965866,2529190,1651191,4622
1422722,1643187,1809559,1148994,242046,5901511,713612,748461,563083,626873,1616789,2629233,5170
1982089,1891284,2461119,1873656,445695,6495055,710367,515743,508284,553323,1594687,3317657,7647
1303014,1790664,2137697,1702032,341542,6824454,700984,725858,584027,561746,864073,902020,4528
1043405,1422137,1746053,1381271,346813,6372892,692375,722500,576546,622972,1602619,1726744,3321
1651403,1577211,1733815,1374672,124862,5727612,505163,761647,605220,647418,1649445,2487734,6291
1671730,1823934,2163699,1668218,352625,5883636,495113,280688,511501,562662,1559357,2429101,6131
1713899,1977704,2531688,1913727,446322,6999643,906661,957625,558084,619943,852496,1718883,4702
1079415,1378334,1328047,1374709,354057,6463123,733543,767833,565145,622721,1569498,1624244,3038
1693940,1642598,1961914,1379255,126641,5716377,491599,731487,565846,623552,1546854,2489127,6217
1699674,1814948,2173475,1696536,344598,5969256,489624,286640,536000,592005,1645491,2572289,6487
1703650,1784394,2151116,1682685,355900,6559265,728172,755545,512487,560154,831188,1642800,4864
1090835,1490270,1680228,1605953,452882,6913887,900824,940272,595261,659065,1546471,1689333,3309
1731529,1584963,2089192,1363593,125760,5345733,496926,754497,532188,577737,1563133,2460163,6731
1760846,1773005,2266060,1781449,360367,7040660,500316,281088,444604,559906,1573166,2515621,7631
1677659,1769744,2136565,1628394,344027,6393680,702660,739999,504648,528425,793146,1008713,5221
1043930,1730773,2106898,1901914,457978,7260070,939271,978814,637368,684381,1458314,882351,3101
1707180,1730451,2111725,1354224,244401,5598965,715811,958750,601346,652297,1896325,3328900,6515
1675099,1769440,2123063,1651947,338399,6523473,481166,282185,442199,557113,1611245,2567904,6847
1657830,1835040,2154753,1687500,354131,6783462,725904,755446,583053,576534,830209,896435,4785
1005418,1503479,1784946,1658553,348947,6400599,699144,727401,580221,634976,1584398,872918,3091
1576825,1581382,1724689,1113001,131678,5790993,732005,763982,589483,633224,1629250,2469857,5792
1652664,1765431,2095322,1642743,251829,5780805,267718,454516,508837,604851,1499492,2332256,6098
2035533,1963573,2526696,1912239,449911,7060050,911733,729901,567081,563123,1238524,1759746,6310
1030528,1482715,1742686,1670621,345421,6671240,714453,747528,614548,675068,1593582,910647,3241
1697018,1663039,1752158,1110489,124566,5657756,707098,729587,569114,627208,1558819,2487932,6356
1651898,1802738,2113393,1649412,341910,5886035,270636,282873,514959,627399,1626062,2557069,6400
1653081,1762333,2131629,1674959,357110,6635448,730103,757661,524696,510904,859392,1630867,5996
1275685,1593668,2131685,1923577,449956,7105859,895086,931473,627043,688538,1619536,884704,3153
1633614,1623961,1739162,1147008,126725,5830455,725254,756722,613038,641741,1610982,2411899,5845
1688505,1848539,2181570,1697313,352526,5882679,270026,280120,527278,630432,1558216,2422121,6359
1687490,1823286,2123211,1636539,338335,6483883,695864,732520,512668,501734,848311,1736638,6469
1047288,1592696,2466918,1886610,468183,7007010,960505,1002222,615960,688195,1554004,881839,3050
1663913,1868682,2121477,1480369,346082,7096182,980414,1134276,686229,746917,1876545,3155628,5895
1666362,1763722,2108098,1628309,340452,5808577,273434,287799,509933,607510,1575261,2526031,6174
1685432,1784785,2172908,1714688,356090,6813953,731653,757446,532510,509916,860845,1631101,6191
1037906,1631188,2169008,1675242,346532,6483349,694637,725171,578480,636274,1212020,883151,3240
1363122,1512004,1380021,1148090,234838,6503592,722161,753628,604632,668483,1617143,2460940,4722
1941057,2021684,2575925,1943765,353559,5773348,493766,518946,564315,614002,1892692,3206531,7703
1669230,1806769,2129983,1634289,338070,6474689,692150,731411,532728,511883,857369,1724187,6021
1066076,1538224,2087922,1649256,350194,6536938,726155,760093,580741,637949,1219314,880413,2999
1340956,1416549,1338058,1124320,238760,6419111,707801,728973,568369,612461,1556182,2465840,4541
1654177,1765726,2095830,1638491,232085,5131699,271788,516120,583995,625705,1603993,2513595,6193
1650712,1877688,2144460,1679277,354218,6677230,725820,520317,465506,508642,1205820,2353054,6086
1323805,1827991,2158137,1930884,462329,7007570,913720,953376,606213,676971,1208926,877471,3010
1338270,1504068,1634854,1128788,239092,6231523,732581,764687,590609,645632,1640367,2482793,4559
1642123,1843755,2173201,1694393,241360,5328037,276623,517707,586700,631053,1576921,2426394,6087
1678602,1773998,2117859,1635022,343898,6441568,704197,507127,468912,499823,1240957,2577590,6309
1335226,1766357,2109845,1649056,351851,6611062,724700,756221,583067,644729,838776,861873,2915
1720073,1839291,2163058,1711222,460618,7378409,1134787,1165657,694695,766756,1919703,2422383,4312
1675520,1784253,2138104,1660583,237573,5849941,273180,518282,510550,620652,1598567,2559354,6273
1689785,1805622,2187168,1701393,357781,6731761,727291,517067,497464,505639,1211360,1727704,6435
1354288,1760859,2112865,1637753,333094,6366542,671195,701781,577316,620378,898605,897837,3351
1026388,1402285,1351111,1390678,348841,6533097,736685,768042,576494,629490,1630001,1636618,3106
2021414,2005824,2566539,1702437,240035,5961617,497413,743033,573127,685486,1890242,3167555,7601
1699914,1832928,2124269,1642174,335145,6495357,686850,505906,530450,513707,1194328,1681787,6198
1322678,1626775,2109550,1638637,352282,6488835,723647,755517,577533,628707,1188462,871275,3064
1361054,1464534,1357371,1406273,240483,6479654,704859,722105,572219,623866,1578395,1696072,4755
1652786,1765557,2086936,1359978,158589,5110646,483822,644946,570908,634522,1580055,2459187,6397
1644025,1767820,2124184,1642783,350681,6371442,497695,285479,461888,558813,1543337,2366715,5995
1696703,1778685,2526198,1900318,456376,6917543,906260,946046,633881,621072,1223444,910960,4509
1317137,1414874,1351730,1383537,233915,6632224,724211,756176,574426,632239,1614026,1641070,4412
1663198,1882321,2201654,1427320,240028,5260840,508156,523247,587371,650059,1575378,2447868,6168
1695017,1829420,2147264,1649319,339537,6481549,483636,507952,465217,565302,1223789,2562013,6571
1534565,1807849,2112969,1664386,342629,6725136,705353,737680,594352,584084,854539,881358,4507
1372339,1381890,1745578,1681343,354176,7209807,936891,963972,609617,664878,1935393,1708235,4720
1967403,1959360,2480388,1649136,332395,5815374,692946,732692,640780,633625,1616184,2514687,7352
1670636,1790496,2142629,1688962,352868,6619168,497850,517676,461369,575346,1210321,2349981,6170
1401892,1858703,2188192,1680804,351514,6537746,700153,726828,572327,586470,859920,927477,5016
1016435,1590643,1718381,1647514,353550,6499316,734946,767040,569511,634464,1215703,867997,3010
2600960,2205743,3090995,2281158,530362,8509644,1248362,1517640,627883,683943,1849441,5113073,10356
1725007,1790024,2150018,1665562,341857,5966099,493030,283327,518037,570803,1655444,2618327,6582
1671196,1775743,2118273,1661696,351890,6417978,722869,756535,522886,555356,838367,1625875,4754
1071125,1619886,1746900,1690693,355073,6712243,712188,738913,588391,651423,1247211,905975,3382
1321424,1648815,1721158,1124135,227796,5800284,705870,748305,579286,640996,1600985,2434655,4391
1964672,1986136,2555410,1943518,357641,6534829,500910,518951,507439,623547,1888073,3158156,7531
1707892,1767830,2158005,1650396,346501,6403496,704761,735183,522144,551863,835803,982087,4744
1013336,1644229,1738055,1669382,350303,6673708,729202,759627,608264,645175,1245447,882415,2977
1380636,1579564,1763817,1130044,242688,5981594,716370,737478,564424,624719,1556713,2448157,4708
1693651,1867942,2137046,1653052,232214,5908794,272203,513438,532562,656809,1642010,2577973,6386
1633595,1812364,2109992,1647443,349045,6560816,715809,520304,512842,492328,1185216,1580812,5781
1337554,1625492,2202863,1982074,469717,7193649,926047,957833,630039,690287,1600138,867264,3134
2024360,1656992,2061837,1350152,239396,6336441,940837,993436,553820,613714,1575386,3258310,7075
2065894,1785766,2412868,1826829,337745,6294229,473728,723908,451197,552298,1446605,3002703,7247
1813243,1675363,2105789,1595187,344863,6144056,694892,499347,466337,446207,1179488,1755551,6580
1401077,1498648,2054983,1592116,349226,6295110,722699,755666,542786,602029,1184944,910435,3215
1742704,1507130,1687077,1345031,235068,6387308,920290,945212,574480,635195,1830464,2429836,6282
2088756,1803202,2453294,1838484,340813,5719493,274290,523300,513967,635503,1965861,3390083,8084
1727808,1705479,2130050,1655592,355671,6562949,725769,753788,482413,468583,782092,1617788,6097
1301498,1508612,2075832,1609847,337380,6212400,671807,694264,523335,581318,1155382,887070,3149
1411008,1322568,1296688,1311737,232238,6189085,712405,753379,520127,567754,1552550,1672367,4697
2040318,1824017,2453275,1579806,343370,5556935,494908,512912,509103,620276,1809627,3069190,7430
1766818,1691957,2071623,1576667,341330,6102016,703268,519310,406064,445879,1184767,2591527,6421
1385396,1618187,2002802,1553758,347266,6153251,718432,750319,515854,573204,788556,884412,3066
1120709,1317990,1325285,1385180,359158,6511216,716603,737438,520034,580794,1519251,1678079,3140
1745569,1490256,1860605,1317196,126779,5434887,492088,743458,519448,580038,1541964,2485521,5916
1735773,1634842,2050423,1594161,349471,5628199,498930,284948,471606,511213,1474877,2313026,6067
1716764,1862804,2454774,1830584,457373,6603073,907303,945641,516106,564799,799789,1726532,4541
1067610,1305580,1256148,1281515,331173,5986155,695047,726139,512361,559213,1478504,1588105,2994
2034260,1871669,2463881,1569692,232278,5455163,498910,744078,503644,630723,1808441,3121152,7515
1759314,1683136,2033353,1568491,338560,6218288,494442,286644,412833,514143,1572626,2572718,6299
1722654,1637475,2087122,1608018,358881,6220360,731988,766403,482534,526994,811018,1050933,4470
1118727,1540480,1686501,1590609,460505,6747635,910898,935520,557612,626936,1490897,1674472,3033
1745053,1679319,2056088,1326511,126934,4949910,493198,749372,531722,588746,1572694,2541211,6479
1713547,1682808,2067821,1617288,344449,6395483,486161,282651,420642,520765,1496939,2314609,6311
1761292,1697404,2094988,1593815,346142,6081293,693090,722268,519528,510544,788851,908687,4976
1078861,1338431,1653023,1559749,342899,6203325,721794,755389,540366,589517,1552328,891394,3165
1766007,1479956,1664692,1121004,233360,6030319,898314,935665,541549,602163,1800269,3053967,6273
1728506,1645627,2026321,1544499,339455,5456629,272913,285992,463271,579919,1544131,2558149,6126
1707796,1620936,2026648,1575788,349906,6187176,717123,748326,462529,436857,777076,1574582,6031
1078759,1484800,2048419,1583890,340777,6071773,680536,707457,511640,560854,1140303,873257,3103
1426238,1309834,1317532,1079965,232038,6410058,704776,743329,542708,598238,1548747,2427703,4770
4612238,3212663,5800510,4068887,891070,5967676,474316,1445715,849319,1050644,4810299,9492845,18220
1949296,1967761,2453620,1845633,435851,6847247,878216,703910,560505,535394,1219794,2469679,7478
1376875,1907860,2155406,1701089,355171,6625463,726958,758184,610809,675785,871304,863118,2939
1081066,1647253,1425097,1469119,356847,6495606,710121,731638,632120,688784,1646264,1677731,3058
2023910,2119655,2546480,1707527,127933,5371956,493639,971416,685929,751127,2062637,3277934,7753
1690480,1992671,2227967,1766480,361068,6695223,506572,285671,516962,619706,1663262,2421375,6068
1750526,1863493,2611310,1968618,456461,7035975,912328,955541,651879,663726,1286277,966638,5156
1147231,1639002,1426133,1465587,299467,6712535,709289,740428,654404,715556,1659686,1614222,3508
1726332,1927261,2193112,1426461,126413,5208889,496730,746183,587227,642382,1587713,2435277,6155
1694488,1908026,2175774,1675826,342614,6496893,485566,286770,500034,608825,1686526,2595904,6390
1698470,1818941,2155652,1702054,353929,6755894,727167,759650,600841,590827,892760,882510,4601
1429746,1621981,1828707,1760563,361800,7322273,938455,963242,681244,733508,2024876,1706834,4784
1710710,1968100,2201444,1469463,240372,5239676,498268,525685,649412,699356,1723116,2557894,6297
1683139,1880202,2137967,1678333,336441,6658257,464401,416205,487423,593604,1393528,2261559,6090
1706183,1919789,2213724,1710001,352897,6573840,707545,738498,612229,609339,893048,911555,4823
1088749,1648143,1844408,1737300,349705,6870886,734592,762594,646665,710689,1688208,914443,3191
2060640,1913064,2229684,1437065,241185,6031801,724792,746054,648802,719960,1951851,3202316,7912
1744441,1968157,2196039,1720077,342271,6671567,490023,517450,520075,619426,1311581,2570279,6382
1369742,1839607,2153874,1692264,354981,6640151,725956,757459,593275,579794,876444,881597,4530
1120430,1601650,1829599,1619374,355710,6660690,708414,731270,622366,678917,1651740,1534468,3236
1948866,1637680,1715021,1125347,126179,6572005,938731,992941,646044,710352,1997623,3305281,7137
2252890,2167633,2891017,1978296,466856,6561824,598734,710520,579139,691544,1853080,3678346,8449
1429409,1804448,2218365,1723130,351073,6808677,707480,738539,616674,592626,897636,932602,5084
1033680,1427526,1740444,1394379,340556,6612484,718234,751907,575019,632102,1601883,1667305,3037
1700674,1645658,1767546,1416014,126261,5941093,503491,749983,574106,632874,1563828,2441008,6242
1726005,1818167,2149311,1660301,339755,5885227,463482,279615,522393,618397,1603871,2578567,6530
1662377,1818946,2151137,1684851,352499,6526509,722095,755693,538579,525967,860220,1661913,5782
1136664,1455536,2056397,1573804,459964,6724391,912293,939817,568617,630599,1531048,1697039,3304
1721251,1499146,1630294,1298253,125647,5407393,492562,753349,533053,581566,1577118,2523041,5893
1751591,1770751,2106533,1643957,350352,5697871,501890,288133,500500,557020,1525844,2338023,6069
1834500,1782851,2142964,1646251,346928,6250380,694550,726962,497194,552731,842802,1732750,4834
1155692,1614489,1767244,1630397,342089,6513377,718461,752093,575031,629337,1229046,923370,3246
1812625,1568873,1798378,1382549,244440,6389439,693586,942560,601222,665543,1855558,3132246,6624
1794821,1770975,2118731,1613832,344535,5543714,488334,291075,501207,561116,1638993,2590396,6345
1733698,1753693,2072110,1619753,353736,6309728,725569,757435,517426,563176,851973,1630741,4458
1135776,1543352,1693033,1617941,346096,6251391,690180,710780,525180,580136,1156613,873325,3013
1420473,1492181,1668568,1071377,229276,5637309,703582,744444,541305,599068,1559733,2495473,4727
2349237,2100806,2925231,1925353,354710,6366385,722444,752053,553000,664729,2221679,3796470,8772
1717509,1726412,2099225,1625861,333021,6328548,668332,693807,508870,550983,846930,1381165,4897
1093638,1602805,1778343,1700999,348750,6700765,734679,770851,603308,655561,1264248,936531,3444
1402734,1644375,1784241,1119806,241024,5875809,720929,742522,577913,640282,1547175,2446680,4902
1664828,1852166,2157369,1669609,231949,6067237,270475,497620,535751,646800,1637339,2546154,6242
1669457,1777684,2125145,1652815,352570,6545944,719709,517459,528849,513860,1212965,1630305,5816
2010144,1937470,2984832,2514531,471261,7044572,930884,1401021,739964,810106,2335464,2455976,5926
1510879,1620777,1732159,1144667,160107,5924583,682400,724323,589835,647243,1596369,2411756,4803
1690183,1816452,2150022,1672002,238896,5970115,275112,523617,516373,630814,1545088,2372232,6110
1672814,1822591,2154995,1667089,347277,6490233,696454,506161,508913,508006,1227609,1714485,6388
1318170,1702220,2145648,1674095,344512,6603822,725314,758416,599902,663651,1234057,872082,3119
1672177,1679239,1786447,1418047,239965,6681677,947615,973402,638744,700963,1911986,2423556,6229
1758656,1784795,2161588,1680287,345798,5899284,278845,289558,538291,641755,1643620,2590483,6496
1665682,1748934,2124275,1670088,353279,6618749,727306,727743,520261,505145,950165,1615624,5864
1386840,1632738,2187335,1714928,358818,6586695,715104,736745,591195,640167,1222852,866010,3103
1338623,1476551,1344734,1381163,233327,6532710,712267,752420,585357,641864,1610838,1693578,4652
1964521,2055230,2597955,1694740,347267,5953329,506715,530997,607059,729866,1930398,3131572,7758
2104790,2057805,2277682,1769673,355661,7669009,914664,955451,669102,653331,1335768,2566094,8275
1092310,1812008,2232032,1729536,357659,6979803,746541,778435,663528,720738,1329935,922601,3231
1413801,1507234,1404259,1255359,245713,6686182,738220,761481,606593,660362,1623024,2431831,4831
1738881,1947500,2159281,1424268,239837,5300749,470028,501833,619477,681004,1650212,2571815,6423
2001574,2079503,2565341,1959507,483613,7338604,744041,778157,561534,603149,1254850,2479901,7536
1074195,1720057,2186877,1697571,350485,6686447,693141,713900,592611,652510,1258518,914067,3243
1415921,1569449,1372102,1163005,237966,6513680,724880,767926,614022,671769,1685657,2589907,4720
1693734,1824316,2149333,1681242,246162,5291953,276819,530733,587822,631318,1589607,2434872,6166
1718558,1827646,2188916,1687939,355933,6535347,701025,512468,486311,530540,1244376,2588063,6453
1306221,1712252,2067418,1609032,336548,6494313,701077,729428,567310,567431,847279,880848,4210
1380608,1510420,1752194,1398580,356245,7115474,948513,975600,620601,692962,1883528,2470873,4627
1693266,1869695,2157471,1638629,227954,5122835,273722,515309,601962,661662,1616896,2575710,6684
1660400,1837204,2177967,1697156,360573,6695212,737573,530738,477133,513233,1236898,2458731,6227
1373811,1706443,2138304,1662697,360922,6429664,710480,731561,567284,618302,848900,898251,3315
1044283,1439607,1376818,1417222,346114,6481850,714588,757460,618861,669499,1674053,1734608,3238
1929806,1843383,2258411,1698315,242161,5803779,461143,724560,654711,706904,1880382,3053550,7540
1710978,1824216,2533415,1881534,575654,7608502,1127316,949219,572187,628656,1945277,3394711,6254
1338509,1748144,2099582,1627301,352404,6551142,738186,769818,574355,629977,827023,881900,3076
1097299,1449306,1389658,1423002,359507,6720278,728845,751255,578070,634976,1562804,1733171,3416
1733487,1757129,2166089,1391569,125905,5207506,489930,747228,582044,637907,1647376,2629885,6738
1909276,1953384,2475985,1905366,461757,6970069,696885,486983,473684,569964,1578910,2707318,7337
1421428,1807393,2187161,1687991,360391,6510704,717957,741000,583684,645135,874811,912999,3412
1022021,1483560,1333015,1408092,346727,6485375,722045,763885,600973,660134,1644157,1710715,2930
1647667,1848407,2189759,1432030,126621,5217243,513490,776844,599244,660712,1578735,2432307,6067
1707334,1883048,2178801,1665109,350081,6455790,489331,284400,481599,575086,1607529,2565398,6571
1683196,1765598,2136183,1649053,354010,6526680,738098,768507,575782,569775,856065,879091,4634
1274340,1435417,1760811,1683937,376004,7253652,960445,986000,635836,691168,1919412,1686414,3978
1748161,1797597,2151464,1389419,125548,5227937,493097,750876,579419,636378,1635626,2633062,6635
1668654,1790714,2149664,1677841,362935,6833101,512708,291670,481199,592498,1599876,2482401,6165
1710297,1890612,2208969,1709127,362339,6504448,715741,740685,578969,578768,845951,889818,4792
1046411,1423589,1731572,1640738,334599,6534392,697291,737373,593197,644376,1596285,883099,3077
1976446,1801073,2159968,1409930,242930,5941666,734558,764167,643035,699856,1935537,3169177,7508
1728333,1743659,2169580,1658511,354839,6508945,487400,490201,458581,560564,1301331,2634103,6590
1672451,1734857,2081835,1617263,460946,7161392,956417,997025,639566,630078,1211714,1626818,4432
1079845,1397548,1767340,1674070,361385,6632365,730337,752501,567001,627670,1568233,902249,3283
1751081,1645228,1752589,1113562,122626,5769166,707305,751554,591449,658406,1654812,2671736,6873
1934769,1958923,2520495,1929350,476086,6646458,504505,526456,515417,637869,1584633,3180679,7324
1380788,1859813,2200077,1699727,360963,6500112,715242,738748,583291,577781,854036,892844,4682
1035570,1392076,1711383,1412914,347030,6405410,723655,765366,579997,629703,1632305,1672365,3125
1649419,1619870,1692533,1161504,125411,5898555,660735,731326,583710,626786,1527425,2309435,5918
1686295,1791201,2173833,1670311,355104,5709909,271128,283160,512203,628015,1623787,2612680,6529
1624727,1990563,2490303,1886539,466266,7031680,967859,1009188,604696,587990,857909,1670022,5917
1031275,1456398,1733766,1371113,359093,6549710,725422,746456,572227,625494,1532980,1678754,2974
1698847,1642903,1753268,1382356,125782,5786701,491176,748719,580977,640668,1612465,2599654,6448
1647727,1803672,2122004,1655710,361860,5829864,502769,283547,508626,568550,1551560,2397918,5667
1727057,1799219,2142585,1650075,345085,6563442,689392,711778,519111,504266,848672,1767241,6422
1037275,1585255,2110616,1651361,348035,6452376,721358,764867,577015,622970,1238077,881774,3144
1695133,1511118,1686694,1345137,243654,6274801,735797,989970,606618,658627,1854032,3114155,6094
1770706,1682686,2059870,1573371,336604,5573556,471817,283588,494209,543479,1521204,2504448,6483
1690831,1633377,1992347,1536657,342206,6140237,713018,743555,487768,537353,801305,1628824,4393
1113322,1535955,1717514,1884783,465142,6990392,930347,957223,582939,646025,1480196,912086,3473
1451730,1335147,1499225,1064681,236261,6055029,699054,736512,529437,574682,1563678,2592344,4953
2077300,1818021,2432435,1841958,347911,5672141,478667,522501,546936,593701,1856081,3127840,7498
1757192,1708044,2078525,1594747,353781,6218473,699536,718224,467611,520759,791664,1676879,4716
1095898,1479551,1661860,1595892,338935,6216734,701590,743843,552000,600292,1205989,899303,3207
1395448,1475114,1673405,1048169,238504,5462816,717233,747970,530019,581945,1494185,2366825,4622
1790121,1678067,2089264,1572701,238143,5483612,272732,504777,476359,590324,1562322,2595728,6374
2004037,1834604,2396777,1810570,457492,6798401,950517,749734,493492,538504,1191641,1825359,6074
1116176,1591869,1713751,1622737,365454,6285089,737158,758324,529526,582498,1179565,896077,2960
1416249,1498075,1652759,1057672,236732,5558726,706168,746790,517923,582564,1568777,2604411,4712
1722161,1630960,2005159,1557050,235418,5577444,272060,507633,472300,583277,1482935,2327590,5850
1817036,1707456,2121094,1628296,354440,6328376,705370,516725,478420,474612,1170449,1691308,6567
1383783,1616942,2105382,1631085,348516,6519985,727413,770730,580382,640119,1224127,883218,3095
1570689,1677264,1763138,1392150,253434,6443093,965154,1008697,634297,689242,1903528,2405834,5688
1670561,1849114,2146035,1638069,240358,5702995,274734,483994,514090,621675,1576422,2534469,6417
1691011,1761837,2111616,1630902,354355,6479123,739185,529740,513484,502880,1228570,1667262,5926
1702115,1818657,2568698,2238540,586039,7986288,1170703,1198613,706653,703156,1552134,880944,4479
1410894,1421541,1335692,1367046,231626,6364318,696728,736376,582631,641027,1616016,1753237,4869
1989726,1932701,2522727,1652282,363463,5934021,508312,530455,567877,699435,1956468,3222974,7420
1707175,1769025,2148384,1668696,363691,6529274,720884,734957,505764,497147,858480,1738356,6414
1287185,1632266,2070202,1607235,331660,6444962,689807,729879,573823,632702,1227841,850750,2914
1371308,1474501,1376968,1408402,245247,6625519,736514,766085,577979,628195,1553194,1651722,4540
1736278,1804778,2180209,1402113,240375,5205671,486014,507177,578984,631175,1629088,2615421,6423
1958921,1943420,2496874,1905048,457860,7198704,734741,767661,526040,584355,1233018,2471230,7545
1060378,1632993,2186709,1699949,360041,6523321,728249,752336,598157,636000,1217902,894418,3197
1401048,1418059,1339001,1121111,234424,6407269,705042,744921,577303,636395,1631565,2604394,4748
1614017,1767662,2055207,1426542,242339,5208996,375987,490399,561271,631911,1538724,2320037,5966
1698018,1787944,2139228,1673904,364073,6521929,496010,512742,464207,570410,1214557,2550396,6316
1356513,1796547,2518166,1903326,458909,7281786,954179,1010919,645621,648757,1239994,895073,4547
1406897,1466193,1403556,1173739,241565,6795850,731203,762325,605487,650984,1595372,2430050,5066
1816788,2034744,2260137,1745444,242720,5311441,275345,514002,640947,686442,1693655,2674055,6763
1758583,2053566,2216569,1729642,357130,6633441,742517,534607,520610,563858,1317002,2562879,6340
1453902,2091689,2269600,1759465,364441,6659981,738849,762368,627651,632185,929986,957618,4681
1094637,1589037,1972780,1655205,436051,7031238,882990,934336,672597,741495,1985235,1770154,3202
1985306,1917297,2171655,1703404,245720,5799319,507211,770187,673289,725980,1992207,3200420,7182
1757844,1801032,2224389,1734041,363005,6767596,715773,513714,479259,517590,1235351,2546391,6488
1442262,1990950,2219665,1761162,352385,6864473,732236,774463,638418,694598,946264,918411,3431
1072915,1444509,1347916,1404226,362647,6524362,734282,765996,566746,622809,1538787,1662080,3299
1735803,1692756,2049232,1385624,124666,5482337,486934,735601,584120,648512,1606950,2619028,6531
1975459,1906965,2473184,1862160,466835,6347224,737900,526495,513135,559987,1604524,3302723,7539
1393909,1780828,2136884,1655846,362103,6478116,728734,749749,561150,621981,841582,887489,3003
1053114,1390484,1341357,1388952,343376,6479768,696185,733777,581898,639041,1633391,1739576,3226
1691500,1756372,2124245,1389444,125134,5046905,502357,767513,582765,619986,1573905,2438884,6143
1765428,1769846,2176540,1681709,360936,6460623,491910,280682,454045,556592,1580451,2559467,6576
1721366,1890267,2457908,1878294,442519,7217156,914742,968952,586111,627467,866863,986709,4910
1120041,1424293,1367751,1417327,361386,6751100,740392,774735,579470,637098,1570973,1688448,3356
1742100,1873973,2224515,1419518,125658,5351223,489611,736961,593786,651136,1641208,2631980,6498
1667048,1755457,2100520,1626520,346725,6487607,492586,283031,465290,567475,1615268,2465264,6035
1725884,1763121,2168739,1682326,361879,6561575,730698,753416,576591,566424,864917,900028,4678
1366569,1388900,1725322,1637084,350283,6938211,923189,977289,608182,677885,1983563,1746533,4222
2007403,1994621,2478804,1880539,331430,6382135,673748,924588,578695,577513,1218684,2566551,7789
1055057,1600433,2118757,1639321,360341,6532589,733951,767780,569212,627010,1189383,883327,2974
1419302,1455515,1397368,1159037,247616,6686547,725118,745871,574723,628228,1584826,2534761,4989
1700846,1761202,2121584,1647955,228893,5184555,272236,521417,584415,645408,1631322,2556603,6474
1696021,1758155,2127677,1659694,362090,6429666,736355,526979,461408,491894,1203694,2407724,6033
1384089,1827694,2184976,1921409,470369,7040043,924842,964269,638842,692051,1234574,901289,3262
1333373,1398839,1462528,1110974,240124,6450827,713075,743808,548286,616506,1587061,2416928,4408
1688250,1795354,2150212,1662728,244456,5231430,272730,518915,562402,619500,1538545,2444100,6132
1713067,1772239,2128260,1631669,347597,6435931,705778,513028,451636,500220,1198172,2583305,6284
1357835,1788187,2140060,1662000,361812,6624963,737709,769578,566461,611522,819783,882163,3158
1344970,1600112,1737535,1369576,358293,6444814,933992,958007,609753,678353,1917949,2533548,4731
1742634,1704160,2106123,1635132,238681,5804927,273035,522837,509196,626137,1637752,2624845,6571
1729458,1749780,2150130,1676571,363541,6666765,739848,528433,444346,493679,1187822,1899233,6568
1345579,1654295,1832227,1475690,363214,7442098,752890,784704,645964,699176,1286437,1854010,3641
1716986,1743525,2102038,1352638,126241,5212050,492205,748862,568982,616934,1624829,2615618,6332
1950063,1950437,2513535,1920392,480110,7118223,736311,526190,523785,554681,1570854,2406519,7237
1693294,1794625,2501528,1879908,582312,7634442,939191,964636,601438,732749,1874545,2408179,4618
1366249,1446485,1347791,1397087,237685,6595886,722696,764326,561071,613728,1608518,1734305,4771
1701746,1805902,2181026,1415866,231936,5351669,508314,554092,567026,621196,1548229,2445302,6392
1751211,1763721,2158137,1645472,354037,6475987,487792,284568,457974,554644,1605368,2621463,6589
1687058,1735963,2109319,1634221,353313,6382615,734693,767529,576257,547952,827478,901908,4703
1395083,1386102,1729236,1646957,360508,7115385,951286,978700,611900,674942,1894993,1674898,4760
1711567,1768707,2078743,1349386,234499,5210838,472391,499472,545626,611062,1583416,2563225,6441
1693887,1652489,2012892,1551072,348136,6266327,496361,517895,412427,508246,1120709,2346674,5973
1480382,1693143,2061129,1583457,353027,6245890,701805,723332,524145,515925,788382,887144,4859
1088494,1297853,1629097,1513215,327687,6196324,682012,719510,522157,573704,1507828,974120,3077
2062706,1647672,2048394,1311621,239904,5518865,718233,748404,549951,602642,1781301,3081162,7491
1748108,1646784,2041007,1541644,342560,6079320,483497,504620,398503,499838,1131849,2512076,6376
1384520,1625045,2040495,1564542,351439,6324897,732706,764301,521943,510885,776148,873135,4452
1095171,1291441,1685697,1325352,354898,6273738,717859,738470,510262,563118,1476079,1647473,3074
1747669,1516388,1672250,1289176,124933,5564405,491202,745212,513072,570843,1549693,2595609,6167
1957057,1786173,2347358,1780594,454040,6188251,555028,517247,451834,560469,1453443,3040543,7354
1421891,1635452,2051421,1564975,354363,6110078,699806,720453,501983,498219,794784,885018,4767
1376508,1470052,1979558,1527325,439315,6001047,705709,747818,559078,621081,1867149,2427652,4335
1738433,1495121,1648834,1305066,126857,5590993,489660,732214,525590,578619,1468933,2336824,6305
1781864,1664439,2093611,1596085,351641,5479406,487002,286388,470339,519233,1569047,2632188,6660
1670893,1810945,2416702,1818371,456328,6996663,943442,984032,517093,569154,786780,1683325,4511
1102803,1297668,1500897,1288206,341021,6250991,688054,707438,495705,550092,1424636,1646049,3203
1796273,1481893,1660404,1310383,125343,5618941,479427,724280,518287,574916,1552783,2577170,6650
1713516,1689159,2072005,1604643,357595,5668516,499228,282053,478403,521669,1535820,2411709,6061
1785513,1681966,2090207,1584688,352152,6167631,697971,720600,451995,508610,795765,1712280,5009
1075627,1467699,1613376,1519628,345403,6076310,721573,762993,513202,568860,1175779,884345,3007
1719617,1598514,2002604,1276755,240227,5579156,720410,983804,558428,609157,1804860,3092806,5907
1711920,1726846,2075212,1559389,350452,5585216,481394,285095,465095,511958,1531635,2584914,6272
1698195,1631147,2037664,1571934,351188,6293319,732503,763787,470359,518276,783675,1640234,4488
1101989,1507987,1700567,1592759,355374,6359640,716066,736684,500360,550287,1126059,893344,3206
1428819,1514474,1664549,1039580,231500,5618196,697998,738494,527168,593107,1577471,2588869,4892
1984704,1763502,2362486,1786400,347989,6074665,486025,526090,470977,578597,1847330,3112432,7165
1789577,1656769,2041890,1572000,350243,6221543,694275,714307,519044,507051,809193,885260,4709
1060712,1420803,1635684,1550617,344994,6271968,715754,757197,524016,582640,1461402,850522,2882
1708944,1623067,2035419,1285216,342231,5451143,727837,759052,565046,619123,1772259,3026501,5903
1793923,1632525,2062973,1555414,231521,5486461,274298,510437,462677,559474,1524743,2536722,6659
2027466,1818449,2411852,1813452,461831,6988103,955975,754383,518302,510205,1188131,1702295,6177
1109548,1348203,1675985,1600836,350540,6337398,705612,724035,515487,571513,1462201,911353,3176
1769271,1496788,1678479,1050253,125364,5545587,698880,738048,532168,584399,1577029,2601213,6596
1879033,1685706,2021526,1569338,337069,6286821,288862,308444,500384,619109,1636665,2663512,7451
1099902,1262580,1589886,1272202,340522,6115127,698426,729898,504543,564009,1458887,1615628,3110
1769744,1517653,1665270,1314301,124127,5525477,485079,720179,532260,582319,1503156,2508649,6465
2023204,1853719,2384808,1816903,443405,6253264,691717,492662,483663,525464,1588050,3294649,7389
1418960,1677376,2035830,1568841,353314,6211336,716430,747435,519720,571615,803059,877365,3052
1122847,1310728,1292413,1303044,345657,6039401,688719,718562,503567,552286,1495384,1679719,3339
1727282,1603496,2017781,1308584,124090,5091598,496909,752302,520911,574364,1541527,2465400,6215
1729731,1679167,2084028,1615306,343756,5732338,504370,284504,467488,508866,1463709,2370431,6413
1746280,1838737,2411549,1787586,446697,6629416,899953,953263,518870,574960,782255,1705776,4691
1101787,1319062,1270812,1283400,340545,6148901,701504,731438,528727,584054,1502075,1602766,3107
1731343,1644172,2053043,1302035,126413,4800475,485954,730447,515963,568140,1502694,2515905,6232
2324173,1987187,2724409,1786281,441837,6726916,895884,718686,520839,570110,1900817,3289874,8458
1717747,1640348,2072898,1600386,360864,6398411,733488,765176,526117,519323,788412,862438,4365
1094328,1483557,1666393,1572211,444693,6959389,876519,914093,573185,644624,1678722,1762596,3376
1694284,1668837,2082093,1330688,126814,4964987,501773,768003,521812,577650,1560411,2510563,6277
1765738,1703573,2122362,1634257,350705,6528074,499294,278603,443774,533706,1496215,2432389,6577
1779612,1972481,2236154,1734382,345087,6795887,703273,742387,637979,639531,925607,922440,5179
1152839,1534513,1766202,1681760,360951,6649233,737286,771640,607445,668999,1610847,896918,3120
2077038,1902750,2209948,1443325,217658,5969242,717255,785594,639142,699559,1944446,3366467,7839
1724379,1945087,2144609,1669387,348517,6506201,496361,284627,502093,584862,1648199,2570954,6183
1708670,1804084,2177154,1705332,361347,6756876,731818,763966,575915,559466,864806,895315,4774
1081095,1376029,1736784,1643160,351919,6336197,702080,732439,565517,607969,1591992,897332,3390
1666502,1572475,1716981,1109409,124097,5732744,735959,767436,593840,632200,1601943,2486617,6100
1717841,1734031,2138186,1633767,360906,5987339,275848,287671,489586,604513,1531261,2498198,6269
1802657,1992172,2538288,1900170,456387,6992245,919330,973864,568791,567299,839097,1738672,6379
1081469,1394973,1723377,1639926,358425,6576748,733869,765484,554902,616182,1550884,868007,2964
1771768,1589550,1716057,1103476,124458,5685448,707032,728076,554933,602210,1551331,2525661,6544
1717262,1668420,2011411,1551548,337231,5635032,268285,280432,468040,588385,1544241,2504286,6147
1999649,1894201,2515668,1934509,470461,7235551,949357,992064,563776,474709,816856,1627808,7461
1093944,1580783,2165721,1659928,469753,7054760,926285,967780,630681,678949,1605955,1751782,3290
1701670,1539051,1730101,1317637,124678,5872264,520830,770371,568150,628392,1608561,2517079,6215
1694584,1799396,2128708,1660208,345686,5985184,279748,280761,516025,620220,1490802,2341513,6080
1720122,1772865,2157226,1650306,349723,6530443,710672,750400,506203,496564,817625,1753328,6313
1080508,1586294,2127058,1640021,358558,6468882,731876,765651,575649,622556,1203171,853604,3104
1710348,1533754,1726247,1361169,242319,6473457,699184,938238,619220,676939,1906403,3289535,6319
1713919,1718740,2106582,1652139,345877,5925958,493297,278999,516471,563962,1633571,2591508,6280
1666642,1754567,2129867,1649425,360234,6323779,731985,763639,516164,536676,826490,1647805,4920
1079637,1603396,2048672,1638995,340977,6397140,680848,712035,564040,624289,1191416,899040,3158
1345678,1412441,1342001,1103803,236307,6456677,734395,766792,552012,613238,1577133,2479112,4405
1739283,1834449,2190356,1691731,246004,5288291,275131,521441,571659,628329,1553618,2500097,6391
2017366,1910103,2457609,1831048,439898,6940835,892502,715286,495013,541854,1187540,2522820,6194
1080789,1575685,1717062,1632350,358614,6424143,729650,763106,561628,614020,1197465,879214,3094
1410496,1508935,1710416,1096188,241733,5650763,713244,734975,552121,599773,1565080,2539995,4790
1675195,1691407,2030201,1588501,217878,5090134,271325,522605,564329,620617,1578875,2456897,6280
1688764,1725521,2097116,1649323,361720,6417234,736776,527426,435339,479113,1173363,2392504,5944
1677713,1856137,2417117,2075902,560225,7304960,1096069,1142951,568246,623496,1161059,1250507,4707
1366341,1512616,1682549,1085973,230000,5686995,708922,739455,538790,591613,1515856,2384050,4481
1764741,1772443,2185847,1676112,243742,5815031,270621,518600,493901,602708,1543750,2506245,6628
1702947,1750564,2120748,1634881,346102,6401962,702486,510765,517942,491041,1224934,1752687,6430
1383355,1701398,2099570,1630240,359647,6396077,733415,764986,564317,619935,1072977,870822,3082
1411187,1524329,1714625,1381565,360860,6390993,938054,965841,612759,677644,1935771,2544308,4669
1659902,1764511,2075834,1604824,233657,5713018,270046,518501,511241,631056,1588376,2543775,6028
1694890,1762688,2121686,1647452,355819,6454768,723874,514704,495778,482542,1184015,1654127,6155
1413460,1622001,2168664,1659150,354100,6471914,704105,734096,568597,617029,1212837,880554,3118
1387638,1427815,1364164,1386187,236978,6483255,730267,763871,561070,622176,1590123,1677627,4605
2051965,1969825,2576171,1675969,347515,5907270,503604,541499,561614,667768,1893178,3255099,7818
1772762,1718012,2125229,1626424,344929,6491181,706833,517157,511037,488143,1221049,1761129,6699
1406616,1559120,2120570,1651249,363085,6703021,744486,778712,573905,639173,1219380,882677,3183
1426627,1296482,1280190,1341033,241788,6295740,703678,726577,531833,587457,1533078,1678338,4642
1738330,1669605,2027716,1324783,231199,4964139,481552,507454,537904,596009,1554732,2495182,6167
1735668,1642352,2056784,1583982,356714,6372771,485275,506440,418225,520416,1165438,2343547,6000
1823635,1901139,2911473,2388679,691265,8025592,1343098,1399545,632101,657684,1574101,1691705,6045
1365337,1394815,1346188,1341071,221301,6405971,699420,729568,571794,623190,1568087,1724135,4537
1759428,1703447,2157516,1375105,244143,5107119,506767,518965,542885,585233,1530484,2484523,6529
1771700,1654809,2050196,1561763,336028,6368903,475418,500547,416366,521393,1183601,2549844,6741
1387750,1683694,2045830,1586203,351167,6382513,718706,749792,551601,540214,806015,870835,4464
1437328,1302849,1694815,1342015,351906,6850863,922964,948033,564439,624857,1854057,2467181,4619
1732451,1582672,2003686,1524052,231985,4908921,274996,522994,516275,574867,1541435,2525668,6087
1684112,1659974,2028847,1577851,343168,6278959,565270,521608,404313,511674,1106873,2283526,6061
1412482,1692941,2110084,1598331,353600,6076664,704944,737300,524207,518361,805926,896141,4990
1078946,1304080,1644030,1295539,342795,6200159,717148,745815,521361,573469,1528907,1655566,3102
2075482,1745731,2099630,1617093,238620,5690495,483588,733374,585625,645727,1831866,3166654,7717
1744717,1653356,2084163,1588677,345320,6234503,702030,511131,427651,468767,1192430,2605407,6396
1426237,1624432,2054275,1571552,355007,6237613,729328,764579,509620,565174,791721,907478,3303
1102071,1284794,1497464,1301967,345365,6164474,679956,700321,517736,573167,1482762,1717067,3173
1751644,1493752,1642068,1311381,122470,5512270,475991,731735,528265,589153,1553835,2489598,6225
1742484,1673191,2060755,1587524,355346,5575383,500129,281424,466812,510553,1495216,2380386,6145
1975456,1648932,2026092,1574120,236490,5516644,500434,753360,586588,635734,1861229,3136328,6951
1761856,1585942,2033817,1547146,467201,6871390,922547,725517,476896,519832,1466753,3233778,5975
1401313,1692904,2051808,1566366,342844,6180639,702288,740922,543540,596241,808337,901168,3179
1070370,1407839,1481430,1376734,358585,6475250,727607,763046,546971,596474,1542653,1637193,3248
1756301,1537614,1702492,1357574,123541,5810025,490995,737344,547372,613205,1571959,2605917,6643
1991998,1873816,2444021,1849356,460313,6400657,730605,525360,498658,552696,1576502,3298405,7144
1387291,1754712,2154144,1655221,359874,6633553,733732,757951,551223,602821,810168,859397,3005
1079644,1421365,1330179,1356505,348252,6495250,704388,738221,557177,605545,1591148,1731854,3300
1653146,1702952,2083718,1374860,124203,5112570,502695,764616,558686,620678,1590104,2437316,5984
1782779,1726735,2165534,1681298,361675,6100890,494701,280522,511200,556559,1565088,2491260,6114
1743390,2066342,2570429,1938570,460327,7231717,943611,998713,642665,685976,898909,1763143,4860
1127750,1574019,1400322,1430267,363661,6790298,738795,768004,610341,666388,1622770,1655878,3279
1774767,2051042,2244442,1467234,129702,5353141,497964,728651,628300,692020,1664717,2583923,6754
1757720,1964390,2217844,1734226,352984,6928637,513919,299411,518859,632194,1713121,2564324,6408
1748022,1914751,2209437,1692833,360905,6565696,731290,758026,578828,565578,861965,911543,4789
1131746,1636475,1760871,1676862,442360,7146763,899514,942995,665956,725128,1991913,1680750,3332
1723545,1822225,2129863,1403806,125142,5111597,506295,771548,590747,642465,1630939,2483880,6367
1743052,1888548,2200076,1989586,477974,7247113,718960,501207,544900,648126,1972215,2543322,6350
1708291,1917713,2137447,1657623,341119,6518847,702565,743127,614773,605743,877713,889880,4532
1095761,1513610,1756974,1686388,361513,6518712,734254,765932,568677,622036,1570866,863059,3121
1771981,1785175,1827301,1202400,129219,5985737,716363,746965,610153,665507,1675625,2596711,6252
1959301,1971875,2469611,1891316,444646,6547740,468671,345650,523917,629294,1922738,3231269,7613
1752099,1931211,2219604,1746274,361275,6641465,734649,759529,622604,602884,909717,909193,4852
1095376,1525011,1770591,1667527,348660,6455785,706468,740054,596069,658924,1655069,917096,3315
1677951,1683781,1727603,1108647,125448,5819996,729256,760720,591273,645824,1591304,2429130,5965
1737010,1922881,2187385,1712839,360013,5955802,273476,285692,535682,646713,1603402,2517438,6208
1673895,2046817,2523172,1881691,458083,7010018,936866,992123,589255,582586,869208,1718508,5970
1126823,1589587,1810436,1642967,346252,6732994,703439,733816,630336,675297,1574444,1162609,3081
1735954,1588026,1739662,1119209,123909,5820300,705689,735541,575986,617545,1583449,2580189,6458
1703922,1699925,2117626,1638621,349964,5766449,275119,285959,501896,619102,1608329,2522082,6287
1718885,1818616,2161006,1666354,360763,6502876,733130,758843,506932,484716,819467,1678356,6299
1079988,1647389,2135605,1634229,459259,6967258,918420,965251,614096,684561,1599606,1748147,3267
1682164,1715855,1755308,1399930,125056,5763788,504373,768431,598484,642295,1621039,2452200,5944
2055229,1932724,2528063,1904048,359634,5734890,451929,511279,551931,667789,1908608,3327115,7615
1693855,1725930,2081591,1841376,453049,6911913,930673,986143,574116,553900,1200431,1723470,5639
1086765,1557715,2106332,1648805,359935,6518399,733107,763166,571431,615555,1203309,872188,3185
1730652,1590326,1739180,1376615,241620,6535527,707147,961370,614878,682265,1955303,3433860,6564
1442473,1756034,2195146,1689086,352243,6582313,706321,736110,578540,557062,857742,917838,5227
1064362,1395735,1718608,1378041,353811,6486372,731471,763150,576757,632636,1583762,1666909,3122
1734903,1590126,1748113,1261512,124993,5726233,518053,745687,555278,613433,1524077,2485930,6342
1721221,1708445,2087868,1601548,341406,5797824,270506,280228,516660,627486,1613651,2598447,6242
1649425,1765178,2126489,1657215,359579,6537417,731225,762750,505721,489263,836395,1636196,5869
1072754,1645161,2181527,1664388,478439,7065264,934012,959673,613232,670234,1578867,1722322,3263
1675958,1519510,1678804,1339079,123079,5704669,478690,745588,559870,602345,1573532,2483742,6190
1733183,1717589,2113331,1651639,361328,5883602,505211,285859,501703,539282,1519999,2418242,6100
1742160,1735783,2169666,1663313,351899,6414633,704373,735601,497026,528996,834976,1772332,5676
1085411,1562556,2066335,1628155,343822,6554068,709177,739142,572506,635953,1172859,910432,3296
1717402,1564160,1730512,1362606,243109,6415567,730739,986201,594527,652076,1876752,3283725,6213
1729680,1704629,2105490,1625206,346545,5785995,488553,281963,515987,567425,1617642,2595925,6138
1708655,1649548,2035802,1583844,343875,6354621,699965,728162,463013,509206,783685,1558806,4627
1088415,1510209,1697017,1608197,361142,6248438,709411,730224,539068,587199,1171566,875545,3212
1704418,1624666,1966419,1062840,236105,5608439,916830,967725,571271,633571,1903847,3268215,5861
2030867,1791636,2399938,1826140,334096,5590462,490789,505505,520436,570512,1751072,2988039,7510
1827037,1668803,2134469,1590807,349909,6202461,705151,739333,474451,526576,816108,1778790,5134
1067892,1470888,1659492,1556338,350717,6247813,724785,756123,520624,570680,1135923,871572,2941
1423600,1471941,1683898,1069867,233950,5714329,700834,721249,515961,580090,1478622,2394590,4617
1771994,1619353,2034826,1555402,231838,5593385,268313,513543,465553,573323,1549747,2569772,6162
1710574,1684842,2081090,1604721,361284,6357084,732999,519164,472295,444321,1151610,1653727,6114
1416886,1697280,2046277,1829100,461086,6687468,897145,923796,571689,641208,1313408,888086,3250
1392121,1488007,1657413,1067687,233683,5425303,719578,764395,548036,593063,1584790,2551948,4601
1700091,1756702,2134038,1645411,240907,5829502,272319,524960,520854,623073,1551781,2421056,6283
1734484,1766013,2119963,1621530,346403,6359103,696841,500958,497396,483309,1210855,1736162,6509
1354150,1578069,2080487,1612277,354483,6364488,734196,763606,567211,629085,1197271,880350,3145
1693995,1629572,1773556,1397534,245860,6587976,959553,985432,623952,677032,1894802,2478374,6143
1699343,1766204,2112334,1624579,325070,5818429,269735,324314,516173,616580,1607274,2582320,6276
1675184,1699899,2116653,1647825,362217,6538021,736391,525095,506380,486870,1191298,1625413,6158
1379145,1592924,2138842,1661544,360639,6342271,709434,730149,553758,606028,1190734,878522,3183
1707952,1609635,1686527,1344495,235193,6303924,935224,989601,632315,699445,1970259,2492008,6108
1966876,1920123,2515607,1630617,361497,5784138,502093,523423,539084,647989,1861454,3167636,7189
1703362,1766494,2150388,1624511,351612,6313410,704151,732722,508787,482216,830109,1742922,6421
1192593,1543381,2129714,1654647,354442,6553066,731719,767509,569556,618843,1214188,901481,3233
1390065,1410861,1349032,1383633,243686,6483369,727941,749127,559732,608078,1532170,1713832,4688
1737146,1745126,2110153,1351931,236817,5179686,486916,513076,550573,619577,1585159,2610161,6401
1931118,1988705,2485624,1903379,468774,7117966,715506,748065,517543,565532,1190112,2401590,7420
1054509,1533456,2101695,1616097,361371,6413217,713790,734808,540207,595232,1202413,885801,3194
1365656,1400596,1314302,1108871,236257,6425661,725233,767124,577296,637523,1628533,2520578,4372
1667603,1700865,2116347,1597039,242951,5157453,282734,524382,553545,599353,1519939,2373180,5919
1743370,1776066,2114632,1622957,334205,6413513,498010,508493,475034,560640,1178149,2479631,6620
1364902,1732813,2093124,1623714,353144,6403577,733150,762122,554333,557795,841161,865366,4514
1407884,1415435,1753628,1392145,364278,7200495,939302,962503,622633,687327,1894680,2467983,4947
1717360,1736392,2106750,1600529,236329,5106144,271045,507383,554700,623821,1593845,2600804,6497
1668134,1796828,2112394,1636398,361865,6504152,735226,523155,469547,491183,1200395,2403612,5900
1387446,1749087,2159673,1657488,361385,6390878,708532,731582,551812,607081,845662,892630,3459
1369895,1531477,1959119,1599366,439202,6439404,687580,727004,634667,691183,1949490,2526822,4349
2250034,1744644,2104487,1612535,240012,6179638,690982,964073,676455,735207,2183549,3774665,8287
1743608,1810302,2137735,1614410,341914,6356344,688732,492956,449486,490010,1201988,2560249,6495
1355580,1773399,2111410,1630974,349219,6477709,725811,759168,577937,636441,826081,897299,3225
1084464,1383386,1363395,1416400,361321,6716481,727396,753797,556111,618522,1559407,1710856,3409
1743634,1701744,2092968,1342287,125745,5213639,488684,747332,562239,611301,1619197,2625305,6622
1955473,1895382,2456309,1898032,462691,6535536,731932,520685,519850,553702,1521101,3061909,7291
1394854,1765548,2159045,1660841,359836,6447595,707996,730901,558798,618453,839835,871552,3085
1038530,1399269,1315732,1347779,344470,6379302,719812,761643,549738,602764,1591477,1707839,3206
1668834,1776483,2134900,1381209,123184,5158121,501526,764804,570590,626512,1536077,2421756,6314
1750860,1771956,2158636,1628670,350851,6334667,489147,284194,455888,555646,1604407,2639324,6828
1674141,1781964,2107913,1615429,352805,6430556,731229,762902,573951,554355,839406,877026,4590
1058399,1514065,1701206,1620043,477591,7184082,954719,981984,602122,664215,1763919,1704330,3137
1778906,1721629,2129728,1376337,128150,5238234,491503,747623,551524,610288,1615181,2633394,6449
1655703,1762483,2093640,1621619,361259,6390368,503426,284273,455184,559806,1540224,2387560,5914
3935029,1994956,6253917,5198153,1249733,12964392,2175785,2123959,532300,595612,2167835,3345385,7590
1079897,1306593,1631090,1553505,341932,6185841,711366,752295,509085,566591,1544249,874217,3079
2057242,1650561,2070638,1327178,227030,5573870,722046,774730,581605,641122,1825159,3132646,7660
2065285,1738848,2113592,1607889,349838,6953918,690128,495768,510067,607219,1964582,3396052,7537
1683521,1680233,2078933,1615597,352717,6402208,734923,766404,555322,545319,833886,871626,4420
1088052,1423224,1789309,1698240,363129,6671025,734490,757132,563712,623022,1545892,878639,3183
1657785,1621937,1731646,1105525,125460,5801556,699758,741660,577151,639582,1601766,2579286,6373
1963362,1922018,2494645,1902219,474686,6550324,501599,522014,503445,604651,1544307,3137178,7420
1415709,1705422,2127625,1639776,360567,6388281,711243,731963,540181,530697,814401,859960,4684
1029628,1371509,1686977,1581038,329697,6340179,688291,727835,571981,620499,1560553,920685,3001
1673719,1590915,1725162,1091681,124382,5609280,734980,765857,568437,611012,1524230,2402277,6103
1726854,1762692,2126179,1602212,352038,5710954,272210,282548,500534,616255,1586091,2615608,6627
1628643,1931007,2438629,1845850,456129,7003871,937401,975778,545372,537036,805638,1676120,5982
1057658,1432776,1727739,1376580,359987,6403732,724829,747834,540612,603012,1523402,1664664,3002
1713941,1611148,1754485,1364958,125586,5912119,488465,743680,566738,621460,1610934,2636447,6599
1654161,1709431,2094958,1645849,349793,5959405,348590,284577,518091,614260,1545298,2352451,6229
1760284,1739047,2149619,1667409,360913,6438922,711580,733133,512076,492262,836189,1715592,6453
1103146,1576379,2149730,1678014,344221,6872377,721599,762872,576245,625556,1254970,910267,3763
1670367,1534577,1684775,1355560,241735,6472350,714774,986861,619623,679173,1875215,3117122,6295
1735778,1707983,2155424,1645449,458139,6495902,691041,494509,568941,623885,1985326,3423573,6589
1654184,1754896,2121934,1651670,353393,6642293,732989,764007,518585,568799,815704,1662372,4860
1059870,1594798,1956519,1629839,342497,6523236,692152,710985,542445,603726,1128108,890722,3328
1449152,1381224,1361658,1133512,240318,6722367,714897,753973,578661,630545,1637290,2620656,4979
1951602,1937734,2505599,1906207,358552,5831027,501516,526048,565030,617024,1939285,3166375,7449
1731245,1734324,2132783,1651284,360944,6455551,711783,733036,486278,534202,817504,1710218,4841
1037715,1579329,1688254,1608708,346022,6407435,722704,764502,565705,628853,1195315,855888,2866
1352433,1578236,1729415,1106703,242924,5872391,733193,762931,554883,601944,1516217,2396740,4626
1710180,1789662,2148643,1625927,237359,5261020,269249,505602,539556,589385,1574080,2609977,6553
1966016,1812012,2449500,1852588,471862,7003187,968396,762031,480155,528006,1203711,2506055,6071
1030889,1579429,1723278,1656767,358710,6417685,724552,746734,569392,611081,1188088,886779,3224
1389312,1544530,1698447,1069727,233374,5688353,704188,746442,560359,615365,1604130,2637324,4871
1661412,1739535,2079571,1615341,243928,5876549,273664,508885,503097,619040,1540087,2384317,6427
1674808,1768131,2131902,1661474,362411,6450005,715967,510595,486381,480131,1195519,1714279,6488
1371718,1676505,2087475,1620242,343900,6374875,722148,763883,566513,632475,1142855,859592,2998
1406277,1517289,1717252,1343618,357426,6372493,968199,1009390,600388,634803,1857754,2417885,4965
2034410,1784974,2151641,1633402,238068,6335636,488695,734988,554916,672245,1972138,3452498,7861
1654798,1729806,2078862,1849256,459808,7035093,948758,748523,541457,527379,1533394,1674422,5978
1360847,1653106,2166932,1672215,351499,6696951,711625,732401,575090,625041,1193749,887024,3254
1437222,1368863,1361647,1394079,238697,6730129,713117,751717,577019,639411,1637486,1779393,4839
1975412,1887154,2515109,1651623,357008,5794624,504222,538678,555647,670387,1920298,3164780,7575
1726125,1656986,2040012,1573334,344729,6172500,681707,542851,453454,448496,1063361,1587493,6188
1419243,1449320,2010064,1558294,342824,6244060,717214,758837,509537,577654,1179266,864852,3001
1419099,1316890,1268760,1321001,238607,6257819,714857,745061,535668,585950,1477891,1606423,4577
1724349,1848435,2164324,1375764,232850,5088224,479100,501277,572790,630485,1588752,2539597,6435
1983490,1895273,2468523,1856371,467430,7126855,733917,763498,518954,550091,1203174,2462696,7359
1084055,1503948,2113558,1641648,360451,6424975,724712,745452,552634,596953,1172588,872100,3055
1398547,1374126,1332703,1294559,220559,6412959,683520,720466,574554,633569,1583878,2060829,4610
1697278,1695240,2082821,1346591,243565,5015657,503641,525477,549400,597504,1509676,2378078,5985
1769838,1824133,2158738,1667137,363321,6553647,496924,509878,450201,551434,1201142,2558184,6650
1366598,1750989,2483378,1882251,451416,7040527,940379,996229,631928,619640,1226176,888432,4809
1354414,1374572,1307163,1091602,242661,6512751,735048,767175,566685,613942,1545557,2434854,4837
1723431,1705598,2114933,1615524,237468,5025042,271330,509158,551007,612226,1597068,2587670,6301
1599514,1809710,2075204,1625750,336950,6577099,612822,525484,474235,585923,1167243,2342914,5784
1354158,1801436,2145249,1915052,472026,7154970,944638,969990,606650,605027,1170187,863268,4527
1089365,1376945,1732419,1375332,347254,6533335,707865,747927,566871,613062,1597507,1739392,3131
1998210,1716548,2140326,1665215,246628,6000596,510023,771448,621439,678266,1931225,3185746,7630
1761183,1756388,2153284,1659135,362151,6480200,712945,509416,451052,496307,1198941,2568324,6694
1395063,1745353,2092213,1621859,345156,6391972,721065,764334,563462,636988,846753,859917,3039
1048646,1421767,1477240,1366748,360606,6591077,734589,766483,567909,622282,1550526,1642748,3075
1736195,1542642,1699476,1349071,123134,5563599,487487,734981,560239,609351,1602919,2569775,6292
1931489,1868782,2444199,1865538,468809,6431607,735239,526633,497218,544284,1576799,3237586,7289
1395151,1805520,2145044,1675454,353149,6505081,711230,730639,557905,615622,831767,884280,3203
1046179,1430002,1325136,1362216,346513,6368196,705681,742427,568950,631764,1603730,1750062,3105
1639747,1754670,2109016,1363568,123712,5099744,497652,762782,573118,610191,1550143,2409495,6065
1731985,1765881,2152343,1655463,361249,6164244,492274,281761,491807,559147,1587441,2575597,6568
1717866,1902953,2465322,1888511,457930,7118909,955210,1011921,561351,617197,852468,1692832,4504
1038940,1460528,1312115,1386872,359812,6521681,730909,762512,568521,631277,1543229,1638084,2989
1714792,1821974,2131639,1347228,122692,4932694,488662,721192,558419,620602,1558849,2544529,6476
1651390,1779961,2113471,1626814,349403,6377484,498795,281429,455388,555611,1586046,2479167,6191
1739768,1691385,2521144,1921693,471676,7211246,947116,974200,615041,627178,1201761,902916,4732
1030886,1468317,1713052,1626771,344941,6382055,705133,747260,572718,634758,1597055,901669,3049
1645543,1791907,2084714,1362307,222610,5722596,710013,982071,616831,681872,1861248,3079512,6057
1729290,1850455,2208217,1698962,368174,6496861,495655,289274,453911,564063,1599501,2568175,6645
1650387,1711544,2065169,1616723,337480,6608199,705899,746569,569508,550700,835742,855212,4579
1033106,1434793,1733365,1665870,360510,6517724,733804,765472,579744,622103,1537097,862708,3058
1724657,1566665,1756688,1121625,124472,5715755,707486,737588,554911,611359,1594383,2564818,6450
1930922,1968309,2449005,1867818,451151,6368505,469316,374421,528155,644334,1796011,3156706,7541
1699156,1786317,2146208,1649732,360908,6383329,726975,746066,544886,543339,815815,875595,4681
1086349,1526386,1769000,1656146,347448,6500970,706989,747437,599739,651916,1661610,916181,3172
1649581,1554741,1701472,1098346,125011,5781048,723416,751988,573782,629719,1572523,2380440,5966
1721557,1773214,2145324,1665393,359997,5659871,263890,277500,518829,615475,1586420,2553603,6440
1697680,1927196,2474565,1887224,458036,7152006,951885,1008468,564289,556609,822357,1710809,6178
1066808,1445850,1746524,1555627,344640,6528281,704093,736319,560688,610188,1489540,1322407,3288
1744784,1598451,1728648,1076527,121334,5742080,703497,736033,549617,604896,1599357,2628513,6686
1609139,1767560,2102549,1633198,351881,5807042,270790,284252,530530,633200,1605472,2472287,5918
2596554,2576084,3678169,2411443,469665,7188889,1167160,1467776,819941,825521,2134176,3483492,11258
1000717,1673174,2522589,1902535,562904,7739131,1133446,1200575,707078,784651,1986555,1734964,2932
1631803,1640005,1718452,1369787,126131,5847856,502649,764757,569534,619044,1542809,2380702,5802
1731592,1767985,2167376,1675638,365737,5913167,463772,288986,513235,601422,1581304,2552413,6541
1695897,1765235,2105421,1639246,347651,6366758,724720,767062,503738,497726,855947,1730551,6338
1042133,1606700,2110052,1648721,363042,6480623,734785,766490,553096,608049,1162812,884037,3032
1400136,1506782,1360345,1098934,239567,6213229,709704,740204,573985,634742,1601812,2622534,4915
1927144,1993632,2485082,1880662,354673,5825077,503289,525446,586283,631636,1996259,3277602,7182
1676868,1778077,2139943,1642888,362968,6522170,731457,752692,497228,544643,821470,1674676,4576
1074563,1581851,1815792,1622256,347936,6382599,708488,747377,571221,625557,1232300,889314,3040
1357374,1418693,1346805,1119729,245710,6419862,727515,756919,563122,604171,1548930,2401220,4637
1716655,1804568,2127530,1630201,243199,4962219,268355,506658,555229,614640,1566579,2557433,6360
1962060,1972536,2468018,1886028,458165,7012043,950687,765775,520594,578047,1242711,2566854,6227
1076426,1636296,1751893,1684814,358384,6664377,719325,749570,572428,622039,1199885,917232,3299
1411459,1596171,1747976,1110608,239382,5743626,709225,737832,570422,620803,1629749,2641899,5072
1653110,1759392,2101039,1649063,239488,5610039,268647,524210,542426,629100,1597155,2480128,5950
1657573,1776388,2087767,1605290,344294,6473160,694459,480712,437132,490054,1167876,2290904,6253
1354122,1964491,2462007,2106128,544656,7645552,1099029,1166513,690398,763626,1252343,891821,3067
1349639,1593018,1731401,1112210,243327,5944066,734344,764470,571536,627346,1593716,2419463,4659
1717257,1819633,2144899,1660943,240067,5653939,270726,500600,527610,629185,1581488,2510015,6260
1671417,1736319,2109656,1644352,350932,6466506,733206,534860,529486,503632,1244200,1716640,6119
1393635,1623525,2139247,1647616,363080,6584654,737208,769054,560678,618107,1188341,897181,3125
1128980,1465451,1374055,1409316,299223,6564547,676615,705585,583922,652472,1590210,1638150,3471
1963342,1864356,2435926,1847274,349365,5808487,502331,523021,557582,611197,1985956,3293175,7147
1694215,1742452,2106041,1631701,357403,6397588,726006,751179,485512,529744,804845,1646823,4610
1084844,1527329,1672652,1562008,335569,6241399,678217,706994,519168,581176,1170254,887992,3211
1401895,1464170,1618360,1050013,238610,5568518,710392,740839,517592,575412,1488199,2372811,4507
1767483,1737517,2104286,1602284,243720,5496373,273054,507830,477092,589245,1507338,2504916,6396
2032855,1851279,2399091,1801938,433961,6929628,887803,702193,486736,531300,1200709,2042062,6218
1118373,1535976,1708722,1609058,355802,6364411,717685,746564,526450,578587,1153139,891285,3204
1432172,1511857,1701128,1077749,239363,5634377,688631,718631,528657,584371,1527423,2563921,4922
1720219,1721537,2080353,1603266,237751,5597296,271822,525350,483369,599772,1588116,2527940,6114
1748157,1661615,2099742,1610592,362851,6343308,735275,522395,472030,456892,1152719,1671398,6132
1453181,1513243,2080237,1843609,455058,6815469,909106,948153,580496,647613,1558462,908750,3273
1554572,1517475,3542212,2940451,1184953,9798654,2707997,2821803,752764,878334,4466017,2357548,5320
1771828,1709173,2085906,1599176,244223,5597244,269335,501720,472198,582196,1520125,2497581,6450
1729673,1727461,2081985,1597112,350034,6278252,716964,524198,486509,467592,1209766,1751974,6184
1426895,1561594,2129859,1659192,366411,6538081,744346,774412,556220,608378,1196829,890280,3117
1828284,1606749,1709730,1379956,238364,6153611,879446,915940,591533,647560,1879497,2457900,6359
1735527,1669303,2041677,1562949,340907,5557995,272448,283882,477624,593418,1575208,2501073,6191
1735327,1778936,2108673,1630572,359418,6287497,729583,737719,476976,462212,886323,1685911,6237
1444229,1650030,2054480,1561959,332636,6033200,672003,703110,551996,607147,1227874,908986,3206
1397120,1408445,1296878,1327010,244055,6308405,722944,753938,538230,590887,1542588,1628022,4341
1816544,1612117,1719624,1370226,128877,5607549,487541,722386,549395,599552,1551813,2504183,6399
2061270,1945320,2466009,1878000,455778,6344739,725253,525242,512354,559348,1617857,3362216,7578
1451979,1772241,2094956,1615511,361282,6247672,730454,758547,530879,581169,814312,913847,3153
1112681,1321682,1343889,1335157,350467,6053495,693882,725172,523512,577575,1556795,1772909,3540
1711402,1556257,1744219,1331258,127523,5473639,471303,724147,534080,591942,1539607,2381977,6193
1781219,1862927,2136351,1656284,357490,5856237,489379,286006,529356,578775,1555280,2439932,6164
1706037,1932994,2524034,1911433,454921,7185557,918338,970028,580961,637673,865102,1733183,4517
1366264,1575552,1709442,1636934,480134,7172772,965866,1006832,613286,620437,1552626,1651259,4324
2051850,2011815,2557591,1684285,228224,5953075,685474,932965,617149,677740,1546662,2538726,6153
1680262,1762431,2102417,1633241,347183,6452902,495282,281938,458743,562300,1622207,2566621,6349
1709726,1746156,2135057,1675047,347678,6693489,706976,736575,523053,564760,860248,1291457,4590
1084845,1568253,1740065,1652940,468753,6983138,922386,962621,622022,692981,1631027,1761703,3449
1642181,1824186,2092859,1373926,124964,5121206,501930,747679,593983,659245,1588860,2428756,5854
1722435,1774318,2157194,1666218,363682,6487467,503947,285860,445597,557834,1553045,2469025,6287
1719465,1782696,2151761,1642278,349430,6552635,711745,751257,565735,556795,842458,886218,4573
1058283,1386273,1704521,1644263,362848,6612048,734817,764340,558710,606307,1565285,875647,3194
1857863,1752620,2159142,1404474,161661,5732750,680093,926006,599813,663691,1892639,3279180,6766
1679613,1785288,2080168,1607150,347376,6304202,493346,278895,464954,573623,1602975,2566444,6053
1684285,1791072,2139050,1645581,360822,6429871,731644,765170,561278,554223,815820,903165,4775
1043351,1466335,1749333,1628228,353369,6323878,704902,733522,573777,618705,1616163,910553,3185
1712356,1594455,1768641,1151024,129303,5799615,698676,729195,565133,621940,1574753,2424474,6192
1720816,1802999,2194227,1711580,362805,6053195,271637,281828,521728,628352,1560993,2467899,6238
2015878,1986975,2529864,1898175,458304,7050844,926575,938546,575716,575741,945826,1730894,6143
1099154,1462040,1750496,1665546,362679,6625965,732836,765075,581189,627422,1569285,885547,3122
2022663,1792405,2136802,1366795,235206,6385831,923301,949911,607335,605540,1573961,2563814,7825
1682818,1793071,2094745,1643481,342070,5949707,272649,284528,541787,653718,1658368,2539478,6135
1708397,1778431,2144882,1681530,359877,6611272,729009,760379,507226,491020,839538,1627877,6094
1104302,1637930,2187589,1729006,472695,7154110,932581,972694,608017,683796,1579248,1641606,3115
1654785,1571475,1703801,1104625,126285,5792790,715786,757133,568502,605731,1582754,2452457,5966
1754729,1732143,2146102,1658405,363223,5973858,271657,281928,496256,599823,1534396,2473797,6081
1749001,1687667,2056748,1559672,340225,6135927,691849,731137,497280,476953,816401,1717406,6300
1088268,1484222,2049081,1583383,348739,6389800,709473,739846,526367,584465,1140509,880397,3150
1747907,1457074,1652643,1299476,239791,6142795,706011,943439,567384,629244,1875106,3319332,6202
1734382,1708004,2070118,1609563,344645,5604285,493696,283627,488453,547911,1578398,2553992,6135
1723487,1665153,2065120,1602526,340237,6388770,688462,720590,469683,468353,803191,1657960,5906
1117900,1557026,2087162,1569020,344615,6022015,688210,717852,523455,584877,1169525,898905,3266
1419907,1297769,1302946,1076029,238742,6323515,725573,759835,536230,587914,1566990,2491313,4779
1757718,1663391,2075394,1589321,237480,4920886,268645,512947,508201,567675,1494247,2435572,6454
2116686,1804188,2421310,1791408,448732,6695032,905508,726740,466443,521534,1172312,2596589,6249
1107900,1451269,1691871,1589759,356886,6344143,725149,754265,534164,596692,1154079,886922,3243
1403253,1286885,1385842,1080110,239184,6247690,669878,687821,523345,577559,1489074,2412465,4756
2047665,1812521,2385498,1813846,331093,5671311,470828,728956,603979,594577,1551562,2492811,7448
3055972,1722947,2129295,1648328,361135,8792183,1758356,1594499,659884,717820,2745602,5701728,12007
1425116,1630787,2100536,1860648,466109,6837417,917267,955261,574818,636765,1171643,882570,3261
1368541,1536756,1716800,1094374,242456,5783699,739593,772024,558542,613383,1589214,2506207,4693
1727193,1816966,2157698,1662112,243233,5896850,272318,520462,507598,616410,1553475,2480352,6323
1652635,1758512,2074876,1589817,330428,6427934,675385,482517,447932,484426,1219919,2030930,6390
1335671,1830746,2158840,1684668,361981,6672737,736343,766909,612586,660793,870942,855790,2991
1414983,1554658,1743384,1393362,363520,6526432,938497,963815,610191,665630,1930319,2534461,4730
1716922,1780610,2139360,1674331,237757,6027201,273907,523831,523431,635428,1642874,2570718,6345
1667837,1821019,2163895,1678776,362188,6703446,734178,522495,522865,518592,1203007,1655358,6208
1387521,1633757,2171285,1658331,353142,6439525,701632,733604,573030,631475,1224444,906376,3326
1249149,1451227,1353639,1375668,256773,6584278,733099,762988,589398,631621,1619925,1692380,3727
2070874,1904763,2552596,1671618,246898,6025274,501266,745040,562413,672449,1904694,3250093,7908
1725756,1749213,2133827,1647993,348207,6546444,709439,516539,509719,509526,1248982,1761835,6376
1347149,1634704,2123947,1655935,361049,6406924,736068,770211,593686,649803,1211285,884132,3132
1377438,1482142,1341697,1388027,238980,6404045,698702,719935,569348,622080,1564644,1696211,4636
1976060,1944715,2479338,1633016,347486,5929744,498898,524657,573868,681853,2011575,3396505,7459
1941233,1967906,2527468,1945199,472994,7231021,721176,731820,465279,564855,1274865,3098156,7297
1649978,1776159,2520053,1878457,459934,6884492,906110,945218,611367,622884,1219180,883958,4725
1366196,1407451,1354716,1371029,241807,6562506,744051,777555,558460,624241,1605936,1709963,4660
1705165,1783565,2178468,1398871,244250,5162279,503124,518854,562716,614762,1575883,2485258,6353
1704888,1788607,2111043,1625153,338391,6338959,485312,511244,453238,558362,1200498,2557842,6348
1379916,1792733,2124965,1643959,360364,6545147,736557,770251,559401,559424,827690,904023,4671
1396633,1427092,1723679,1411001,362313,7081614,938710,964048,614462,682603,1943035,2532550,4868
1626231,1810242,2074825,1413524,236406,5109310,430808,488987,579877,638536,1594042,2438501,6093
1715699,1725145,2126989,1641083,359635,6447167,501190,525063,458997,562461,1206275,2418233,6264
1372951,1773910,2131508,1643299,352829,6378244,704856,735528,576538,558923,848242,893832,4828
1022203,1440881,1718890,1381440,344444,6467259,720280,751215,584061,631129,1583285,1645310,2862
2002622,1836769,2157343,1683199,244945,5878730,502542,754139,630052,689133,1908601,3248248,7759
1741828,1794709,2158869,1656312,350110,6615851,711587,522096,450026,503605,1229993,2612768,6463
1330745,1866896,2119534,1659090,344388,6583736,698956,729102,596432,576063,848035,889852,4348
1032966,1382664,1728593,1365404,360852,6369578,714768,735278,558494,620242,1590031,1728416,3211
1665892,1608203,1699215,1380428,125533,5747320,497181,762758,593048,643252,1657036,2567155,5999
1982076,1970967,2547622,1953952,473395,6560019,722471,512300,515840,557914,1553019,3119766,7421
1695572,2063045,2557821,1909046,470186,6863369,925167,964590,584467,644488,833192,1711536,4303
1073647,1408612,1342855,1359226,354477,6372888,738365,767952,549301,599175,1575829,1685731,3112
1686633,1618474,1936680,1413331,129104,5834287,463675,714915,562116,628070,1537669,2409894,6576
1738054,1738228,2128494,1628335,348192,5711578,491564,283459,502569,549080,1607375,2612898,6448
1723010,1680296,2037588,1574182,355642,6193146,721076,755524,474715,523751,796060,1657203,4600
1126086,1506888,1691723,1608970,478687,6815280,935737,960749,597379,653303,1557643,1735089,3279
1713115,1657163,1989316,1313353,124699,4797519,479430,738793,527471,590254,1551061,2482855,6086
1738114,1734234,2087628,1612251,362180,6312952,506110,286833,438837,531056,1510410,2402216,5955
1807150,1840853,2120436,1617819,348783,6133580,693801,724019,506690,542033,835250,1003092,4883
1130876,1586456,1708822,1619281,352103,6397338,733175,763118,548156,609310,1212647,896292,3104
1776442,1795881,2139706,1383314,247204,5666357,724928,979336,603405,661915,1885345,3266093,6298
1805753,1814913,2088998,1590125,332844,6228421,467819,285241,448536,550127,1582908,2545881,6681
1735883,1719658,2072988,1607482,351435,6367456,708302,743149,546310,536780,830587,921915,4622
1122330,1526616,1801422,1717382,366892,6541100,719968,740998,597675,645146,1636644,911001,3187
1620457,1678060,1746814,1158234,136690,5818274,722333,764542,581711,647987,1640740,2565086,5636
2005327,2140970,2578126,1971842,368490,6572860,506107,504259,548854,660920,1931108,3143273,7608
2534830,2491267,3197775,2422923,576185,8881920,1126017,747515,590572,600262,1722094,2585885,9207
1352609,1742417,2160749,1978812,392478,6713563,724798,858601,715040,763758,2017719,1523552,4471
1728759,1588494,1762815,1129900,125447,5996340,721804,745068,571085,638058,1551519,2430190,6494
1748162,1819061,2191624,1698201,346867,6128051,279283,285703,525433,654924,1673292,2614385,6651
1636753,1812365,2145382,1682326,353388,6669314,726626,750275,518322,505656,863850,1616769,5794
1357989,1608423,2154944,1949732,458718,7116475,903173,928683,625092,681382,1594183,896962,3306
1705474,1561605,1708327,1123260,125497,5820953,707946,745339,568466,604837,1604451,2509496,6199
1682164,1853915,2189439,1723034,353361,5851481,267290,281450,540433,645746,1576686,2372101,6173
1693624,1764091,2139395,1642800,343660,6265771,693963,726201,505071,497217,839766,1733935,6343
1036078,1652531,2118697,1630161,347757,6370631,735288,767930,581462,640737,1208320,887735,3005
1682475,1599134,1686394,1165423,238891,6338032,827020,944893,607011,667968,1854406,3088068,6183
1701626,1746413,2105086,1615656,338273,5773457,271159,283533,509977,623922,1609364,2524531,6084
1687468,1732925,2118325,1654614,354090,6532875,726215,759931,500869,483964,826203,1624380,5920
1055083,1606882,2198477,1713266,356286,6594020,706774,730025,565032,623890,1221644,900837,3200
1376180,1438650,1350352,1134686,234045,6474268,712020,751773,577202,640779,1614435,2527008,4812
1964979,1960459,2520851,1919256,349426,5580209,484900,527524,551759,606005,1883381,3083213,7307
2132481,1868980,2466282,1575509,345094,6118485,904950,946225,526762,525902,1179895,2522433,7022
1400513,1637056,2371936,1820530,436967,6911141,916703,753342,532433,590333,1507356,1521292,4123
1422886,1328302,1288305,1063912,239943,6296576,709120,730088,522769,572888,1497735,2403766,4703
1798077,1637034,2042524,1553818,229021,4992757,272741,509018,525463,578048,1547652,2541766,6486
2012500,1816871,2408003,1843101,457890,6925377,934496,738641,466491,510655,1157589,2340416,6074
1691974,1640223,2038580,1573367,235817,5452240,271545,521651,472018,591848,1547972,2425926,5950
1785539,1701824,2125590,1643141,352758,6525931,718938,511401,427551,463537,1174640,1785305,6280
1397451,1667292,2044389,1562446,338174,6183782,698681,737353,525811,584195,803271,892746,3098
1096997,1279166,1254401,1289500,349285,6178400,714692,745820,507787,557196,1476391,1585472,3109
1765525,1713195,2093007,1355797,124269,5004598,476980,717661,528668,584320,1537222,2457395,6231
1956551,1990746,2442187,1863193,442432,7049719,708430,523859,518022,570048,1576989,2437139,7093
1331009,1640415,2159222,1676108,353697,6549462,724276,755473,566516,624006,1177921,860446,3012
1310690,1454187,1346532,1370526,245288,6342446,698765,727548,559907,611720,1590877,1721523,4270
1638906,1744676,2128643,1405535,131971,5374389,504889,738031,565498,622717,1572151,2370083,6249
1736546,1746369,2143627,1672666,352905,6465410,492603,281897,459389,555210,1542294,2433063,6153
1725457,1785918,2517970,1892696,449417,7001401,918833,973466,628602,636408,1236756,910074,4722
1357191,1418277,1319871,1362802,234888,6565647,716018,748444,570581,630405,1560570,1622348,4530
1729009,1758193,2536835,1652635,339309,5933518,688357,712778,625305,686750,1943925,2532816,6227
1671839,1753697,2091035,1641907,339964,6519539,494404,515236,455798,567897,1244203,2479238,5968
1617439,1763117,2130150,1658569,344653,6604738,704812,735637,571129,551359,826783,880731,4524
1416710,1403955,1763867,1671775,344865,7124662,915522,958996,644389,692039,2014745,1756880,4939
1674489,1700428,2087481,1365225,238528,5187966,498159,518146,533968,599501,1587012,2445733,6149
1687718,1864664,2168553,1681906,352359,6459206,499800,516761,451799,576548,1188771,2443733,6312
1385476,1797465,2125275,1632432,337158,6514446,697051,738705,573429,567923,841786,907820,4781
1041223,1456891,1727830,1381549,357981,6628558,735850,768235,593513,634308,1600604,1652579,3043
1666945,1608131,1711556,1185816,124028,5824423,590073,689898,563730,626062,1547732,2368419,6284
1964758,1882547,2441392,1873075,450655,6454721,493783,521428,502483,611640,1617198,3297364,7087
1345534,1787757,2121308,1656649,353588,6457646,724052,754791,562023,539690,816920,885145,4494
1080442,1462974,1818323,1429919,349890,6562438,707425,735793,581369,638006,1638771,1729083,3360
1670663,1536955,1697672,1354015,127421,5743186,497031,753870,540564,611155,1580590,2429140,5991
1727009,1807525,2173239,1682898,358290,5910406,488540,280842,520115,572004,1563492,2485866,6443
1647625,1975913,2478059,1890506,434021,7159333,885975,938732,574760,572301,830708,1700779,5707
1030497,1452009,1731060,1379826,354654,6575707,724909,756166,574142,614832,1550950,1607546,2980
1695945,1610966,1749175,1381427,124990,5731976,483793,731135,550056,596335,1562604,2517671,6391
1678793,1946069,2461494,1890455,438783,6389540,696949,503747,571281,631487,1624245,2501897,6030
1683965,1795674,2144722,1669852,351611,6467905,722835,755753,513742,549171,826413,1632007,4630
1078676,1635016,1744604,1622124,452211,6789564,907733,947343,617135,669362,1590036,1721935,3139
1702851,1570420,2005093,1369335,126673,5536635,506557,768043,550283,608775,1595203,2487562,6416
1690671,1831557,2150486,1672459,355100,5883277,494100,280399,502961,554879,1553738,2455012,6178
1697105,1751305,2120137,1617836,342493,6347377,704866,745578,500858,554444,839454,1739615,4587
1057574,1606199,1717419,1650856,352141,6512717,723205,756507,583433,635403,1200394,883671,3036
1717100,1748367,2129742,1376475,233071,5822061,695543,941338,615519,672911,1942516,3298722,6376
1663534,1739792,2094756,1649875,344296,6558697,502215,284993,454664,565153,1647677,2535169,6302
1689354,1770987,2156131,1689756,354123,6484869,726172,759388,544406,565572,853950,958054,4698
1072487,1613619,1719496,1628474,339145,6452993,688893,719084,575784,640960,1261007,890571,3216
1341664,1589953,1702894,1094914,236800,5740805,724665,756337,549055,613564,1563646,2392275,4403
1720201,1834702,2188785,1701480,245430,5996817,271694,514125,498855,624324,1571927,2481578,6182
2004239,1991379,2528095,1900573,443458,7138033,905447,742032,572340,573028,1218486,1679127,6263
1059204,1398230,1724012,1662018,354588,6605641,724245,753954,570158,613649,1568096,885695,3140
1703114,1569837,1733399,1111773,125826,5658509,700944,724827,565627,610289,1568528,2511017,6316
1942040,2095572,2793512,2099699,462383,6922820,479773,659869,563070,746368,1949591,3202529,7136
1670793,1763958,2114905,1649188,354918,6478302,725062,518181,505433,498635,1169258,1624744,5573
1393127,1657517,2179549,1939172,448739,7192416,895701,934581,638009,699978,1596956,908206,3289
1661669,1581779,1742618,1097917,126148,5780027,730955,766938,562878,613639,1609268,2465755,6134
1715901,1749127,2143728,1668200,354622,5881701,271006,284560,498267,609367,1535642,2453938,6351
1712662,1742752,2096937,1617131,339056,6267679,695409,735207,508780,481230,828210,1716637,6154
1235430,1638822,2100254,1652414,340372,6368260,695856,729201,577571,618239,1195170,897965,3181
1741808,1551861,1709457,1353418,237120,6383089,917385,945249,602563,668266,1933044,2508538,6437
1685791,1825144,2104708,1646163,338486,5826786,272444,285012,518459,640419,1618140,2506981,6061
1647879,1801835,2132736,1671074,353906,6613613,724678,755446,500965,486212,817812,1623113,5967
1055636,1583532,2147189,1627719,345054,6383188,698793,727529,545581,602401,1203159,886139,3095
1348780,1438777,1330205,1091283,240642,6354480,730522,761897,565558,610874,1592210,2413548,4469
1806153,1639594,2083754,1450761,235500,5001495,321864,518720,499295,561475,1488909,2449484,6119
2093639,1864630,2441438,1821365,435934,6757410,686516,729537,476585,520816,1184489,2513569,7850
1098710,1478534,2079866,1595585,355042,6296220,724287,756486,529199,578436,1161871,876722,3130
1446513,1302245,1285372,1059653,238248,6140031,700059,722940,511070,571025,1530401,2502453,4619
1711087,1663428,2059644,1344342,125285,4979846,485065,745510,529308,586944,1560247,2436146,6041
2039592,1880322,2452836,1854630,450223,6925387,701100,488631,454513,507537,1479400,2379066,7427
1750391,1819103,2424850,1811083,445411,6748015,905769,955652,507389,557719,804947,1011404,4579
1111608,1319817,1289523,1317526,350575,6256352,726095,757212,511756,575254,1530255,1649902,3206
1794438,1658666,2113250,1336242,126492,4833256,494956,737824,515525,574719,1532293,2492937,6424
2092831,1901855,2474406,1886342,450744,7177241,712739,531271,420917,515648,1582918,3355956,7628
1700875,1637705,2074947,1610585,357182,6246485,728409,760835,522791,501416,792327,879084,4609
1396511,1340325,1664560,1569313,355727,6889568,905285,949120,570548,639926,1916626,1740499,4565
1687193,1637600,1994610,1287378,131437,4907169,496186,701268,524439,581595,1504413,2337345,6043
1746689,1630403,2052115,1572150,352241,6148928,496190,278148,388950,489692,1473916,2407352,6263
1735861,1698725,2059942,1566141,338939,6204199,694354,732462,522519,520325,796850,898843,4873
1082064,1276150,1619981,1545020,340677,6202273,705034,735802,525720,578347,1507473,862517,2935
2068810,1709508,2094253,1338774,239034,5529094,698858,719905,579852,642508,1867537,3197594,7566
1703948,1641028,2006839,1552199,334339,6174157,488586,511890,416666,513427,1156704,2456859,5771
1645755,1631414,2038726,1584191,339234,6258036,698732,730432,504621,493051,786762,907181,4763
1096581,1491763,2051676,1554050,334615,6038017,678373,709894,501791,566193,1142795,896136,3264
1373421,1394821,1351457,1123078,237747,6669497,725511,755002,550183,609972,1581038,2431948,4639
1742226,1711983,2130011,1666839,234608,5381296,266017,505022,562745,609789,1543736,2429477,6295
2369574,2093733,2873553,2138804,548914,7715917,1119850,951054,500767,554027,1253242,3345398,7557
1056117,1574438,1725695,1668113,352582,6612265,720224,756253,553992,616350,1185300,879611,3073
1344408,1453234,1472772,1100513,238009,6361368,680775,706118,563291,620456,1525641,2430669,4713
1696616,1735984,2092701,1623315,231953,5192570,275343,525666,553493,596284,1592191,2495208,6198
1693248,1775634,2183838,1698997,358415,6680309,732495,519697,449335,493951,1213560,2403526,6184
1383552,1742028,2116510,1884182,451574,6854882,907235,946740,601156,666274,1206613,904059,3202
1354423,1578076,1713256,1105938,236405,5688905,725873,757262,587483,630735,1590938,2412075,4498
1697589,1758140,2129105,1653453,240530,5801895,270441,510235,498632,610567,1558437,2444866,5980
1702221,1737006,2082783,1608665,340417,6477374,701992,514064,428848,482111,1214670,1914716,5931
1370242,1747339,2121537,1659561,353919,6566786,725133,756475,553441,608286,806443,871462,3157
1416218,1625651,1750737,1383933,351676,6306748,916168,947674,597993,660136,1922305,2522746,4977
1679818,1748209,2096292,1628291,232816,5772942,271306,517478,499184,608158,1608476,2490690,6314
1725857,1810924,2194807,1691543,359576,6663790,738121,534543,502098,488339,1201792,1676962,6318
1420402,1557079,2148851,1649518,342227,6496609,697218,728856,562170,624745,1230158,904285,3281
1273618,1526698,1367188,1403388,249999,6390162,734025,768225,595145,632433,1618487,1678289,3744
2068309,2061584,2574589,1674304,240100,5825541,498638,741124,589006,704510,1948688,3221332,7557
1416866,2087711,2567082,2245994,584147,7069519,924925,950669,693100,756792,1622265,1709885,4515
1354269,1630303,1761174,1510687,345375,6888599,717645,532113,573338,617267,1730643,2547437,4932
1702194,1906808,2156915,1697299,341501,6621843,719084,756395,543541,597783,905784,1655838,4615
1095621,1688105,1798064,1711363,356582,6716121,729021,758649,570712,615863,1198706,885685,3158
1385449,1592739,1395920,1435561,242029,6659233,706538,748683,618013,671430,1696194,1758927,4408
6509314,2258106,9335553,7119259,1577471,15300573,2972786,3463188,592653,746557,5204258,9570803,11498
2091090,1805995,3193622,2448992,541764,7613179,1046619,880996,490928,496968,1180978,1692111,6567
1360264,1638913,2126339,1661487,338195,6488205,709311,749381,580216,639808,1233144,876303,3138
1368909,1474335,1334500,1371007,233650,6541855,711813,742965,579566,632091,1548508,1617901,4585
1707882,1747711,2118003,1360585,233671,5081498,481475,500780,565812,623659,1602178,2533607,6395
1938047,1893564,2467932,1884149,455533,7094882,727173,757713,496899,538653,1206687,2462198,7363
1296029,1642662,2137463,1676303,337180,6519898,692682,710960,564717,615515,1198565,871422,3122
1393648,1370856,1319238,1371623,235291,6509038,705121,743717,539401,608854,1608060,1709390,4701
1697052,1786593,2154990,1409356,242416,5322213,503679,526357,569279,630791,1568610,2376959,6156
1696863,1820647,2172355,1678866,347494,6512929,487181,505789,458206,565089,1208603,2458912,6535
1366571,1813890,2498962,1908429,448343,7216515,935409,992819,649027,656063,1271739,872993,4370
1356457,1410242,1341389,1129299,238131,6719020,722111,753805,568127,617844,1548092,2333580,4591
1729414,1794247,2146734,1494357,342414,5845317,553617,681023,633924,687668,1938443,3257112,6454
1660321,1746897,2103359,1641497,343009,6597801,494461,518466,441639,550538,1214496,2436484,6072
1359214,1803840,2162162,1680601,356426,6651921,729517,747580,553916,553047,829899,882214,4724
1094887,1429892,1731363,1363913,335146,6471170,696420,741503,559237,617861,1609671,1760326,3526
2005531,1694955,2082972,1618703,238695,5625697,498135,764805,600824,659786,1928695,3144031,7134
1741629,1771832,2134002,1651407,355726,6378080,709967,502538,443582,488592,1204261,2490584,6063
1355854,1779168,2101742,1632155,338480,6490671,707606,747057,577044,566314,833352,858967,4109
2832797,1515196,4734976,3931053,1065219,12359819,2426518,2676865,561167,644615,3265492,3855054,4976
1748166,1518631,1691379,1319440,123641,5509261,482843,734421,522101,573871,1553264,2551371,6500
2005118,1810635,2412886,1830177,452271,6262440,722642,516435,463825,508321,1540503,3192198,7308
1399718,1665215,2082017,1600946,352169,6265606,720914,739513,507350,556976,786939,869566,3094
1084746,1295011,1254009,1290891,336795,6256564,694879,734113,523107,587512,1579163,1704588,3225
1677851,1494191,1917830,1303539,126011,5324943,498870,756145,523648,581526,1518358,2359740,5827
1767839,1699427,2113526,1629596,354274,5678412,490324,284708,473406,521864,1530460,2452517,6236
1707980,1848594,2370930,1791516,436639,6750341,909566,964277,523155,579285,791652,1645628,4361
1076929,1307447,1254317,1330967,347471,6298524,714371,744940,528946,580758,1487302,1570076,3072
1769896,1719909,2098601,1312674,124342,4825415,481882,726440,506380,568285,1542353,2548447,6536
1723065,1634646,1966304,1761145,422599,6701217,680467,485393,480731,573046,1827514,2329969,5802
1724318,1708679,2076095,1599290,347831,6320871,716113,735389,504952,514397,792545,928943,4599
1078419,1443259,1606161,1528930,427144,6743437,873276,924769,552223,622873,1546088,1664298,3054
1732924,1649020,2050209,1312227,127884,5050855,502958,755739,523073,578416,1513009,2362124,5807
1744731,1714469,2070189,1592267,347597,6129067,478078,280664,406979,501736,1498807,2449475,6524
1700179,1690814,2046132,1586474,337535,6348506,707993,747808,536990,527283,807089,865845,4641
1083827,1327231,1678377,1599407,347495,6397926,711811,743050,514300,569141,1468464,884562,3237
1774230,1495210,1700977,1039723,124634,5463284,695750,725120,518648,574491,1543718,2552887,6452
1945270,1828158,2381392,1799247,375283,6258661,503916,426587,459999,581823,1915051,3158788,7046
1706497,1661509,2042786,1573969,346620,6225483,710249,730228,500878,509385,796442,876566,4447
1071393,1285412,1632315,1529531,327369,6061542,674915,713156,513461,570355,1532957,884058,3153
1701551,1494581,1649209,1043560,123361,5593492,721933,755539,531744,582124,1514790,2363012,5860
1744498,1692772,2071931,1589372,348170,5462114,271177,283084,460779,559666,1492783,2446869,6260
1899463,1813284,2354608,1798283,428461,6836791,892095,945563,523021,518073,809822,1675173,6209
1117009,1319309,1673045,1603670,351386,6328735,725145,757633,513523,567614,1490872,898276,3302
1751044,1528601,1670083,1033441,124278,5556411,696499,727122,523472,576132,1554096,2548596,6516
1971013,1790563,2679316,2009731,540417,6184705,481615,502916,587499,714242,2249334,3080477,6778
1745029,1674305,2054551,1586064,347322,6287581,715103,733697,462919,457980,799971,1625104,5907
1069354,1497339,2014214,1547423,438219,6732504,895009,948606,576196,637542,1540981,1695396,3170
1709637,1456263,1682182,1199195,127788,5774844,543446,755631,524364,581978,1528589,2390973,5988
1772400,1674730,2086075,1605523,352942,5560990,269617,277125,461656,569339,1528338,2493944,6366
1716123,1705600,2033754,1557150,336753,6087537,707318,748717,470826,458216,794417,1674246,6052
1078563,1501358,2075376,1605757,352896,6350805,722127,751739,537105,586304,1155168,885985,3068
1423030,1341364,1295321,1053051,239100,6158213,691927,722776,536499,597826,1572488,2540046,4796
2033391,1806877,2398844,1807630,341755,5532934,494617,518345,513115,568201,1910551,3215682,7200
1744393,1663415,2048907,1575588,345790,6210157,712579,732791,464587,459633,796256,1618339,5328
1079247,1530251,2028539,1558723,335609,6192992,692508,732599,523898,585401,1175590,898176,3177
1368772,1295380,1244973,1032004,236854,6116459,720674,753546,508797,565695,1504131,2348479,4260
1755243,1674373,2042532,1578538,233912,4914687,269473,495702,513751,568830,1497873,2418401,6391
2042980,1838884,2410064,1826179,443850,6889419,924268,746499,461487,513364,1171312,2463812,5938
1095652,1465722,1645936,1587403,346553,6309250,716000,747458,520223,575377,1148622,871003,3021
1431186,1468496,1635460,1061144,234894,5757234,687301,717536,538063,588110,1547888,2498286,4899
1668134,1653832,1998180,1545761,220264,4949568,270756,516934,509195,564694,1502011,2355719,5978
1742829,1872873,2464543,1872132,453136,6999940,684305,480635,468867,582236,1502715,2435346,6121
1695159,1692553,2393525,1786847,436565,6723435,900431,954180,584659,587300,1169944,874470,4354
1413744,1285812,1250425,1303005,227735,6258886,694160,726008,523683,573770,1467951,1579404,4719
1750712,1654415,2060807,1303568,233660,4818799,479583,501060,505699,559447,1521915,2521513,6484
1702670,1635831,2024051,1555778,340883,6166961,495611,518097,407964,508948,1175291,2452214,5936
1665332,1643450,2031720,1566844,334425,6269793,685497,708451,514270,504171,809127,886257,4731
1412518,1345764,1672968,1575228,339675,6786306,902296,945150,582607,651075,1950836,1714881,4768
1652426,1642532,1979526,1279288,230146,4710549,483989,505446,516761,571221,1500294,2339118,5965
1812095,1659882,2074283,1588911,345194,6254703,477545,495979,416126,520517,1165932,2435942,6470
1372793,1690444,1999369,1528507,332456,6174965,693323,732717,529025,519016,800958,895048,4487
1097014,1303484,1637385,1304901,351902,6359941,725247,757040,524335,576135,1515498,1601820,3136
1708826,1494218,1644683,1155302,124883,5615896,560828,691901,523456,583324,1497028,2379352,6176
2005482,1846471,2450216,1869219,450149,6466548,491774,518232,487830,590527,1600431,3288320,7437
1384524,1803355,2162534,1677828,355361,6530256,726477,749021,555379,543445,833577,907990,4819
1094409,1379993,1709252,1360577,340743,6476509,694379,726697,561786,631634,1623139,1731463,3334
1343726,1584655,1680598,1084364,238049,5750564,721464,751688,567108,617126,1567341,2343749,4373
1715485,1830446,2192804,1712526,240837,5852965,267179,510580,530598,634285,1608190,2515566,6318
2316454,2141802,2820279,2123642,547682,7581215,1143967,979541,577435,559525,1189033,1891175,7112
1052471,1616790,1735231,1652963,351399,6522185,723727,757558,549402,606206,1176133,903317,3266
1407698,1634419,1747473,1082999,232784,5762038,701206,729574,554040,622331,1603850,2577237,4866
1693487,1805532,2126288,1649206,234912,5737306,269001,518165,520029,635961,1617430,2483399,6404
1727931,1840505,2166040,1661916,356953,6570140,729107,519124,497710,481431,1181606,1659430,6330
1359323,1566162,2078269,1861686,442559,6874159,902232,958709,618256,687268,1602630,875300,2933
1571022,1571081,1696803,1092250,135033,5844448,720589,752069,563666,621890,1574614,2348152,5145
1734234,1809363,2142479,1665016,238868,5745542,266223,497677,510912,610875,1566214,2488776,6260
1652761,1733642,2071032,1630387,342301,6387151,721175,519338,514140,477274,1231565,1711935,6177
1340487,1602907,2119099,1660538,352105,6615028,724515,755648,561372,606849,1189906,886448,3137
1693812,1589499,1704967,1362504,233913,6333007,902401,941974,605498,681122,1973729,2525848,6359
1688857,1804651,2106268,1624361,336379,6403857,692360,734197,524438,508594,859874,1733679,6412
1115244,1587285,2120401,1661215,353114,6544649,726678,760221,542488,602371,1185092,891621,3309
1397715,1463493,1351450,1347201,223893,6445547,678177,701344,576976,630494,1546112,1776159,5027
1663440,1722307,2031982,1347455,230218,5268359,492535,519865,558359,603289,1590908,2466127,5921
2000286,1919961,2513459,1652261,351823,6599703,722152,753365,508370,615586,1528822,3087039,7388
1386178,1775707,2928938,2183562,551775,7667589,1098301,1146158,684504,687101,1582849,873699,4554
1829752,1686346,1794171,1449076,584441,9577732,1448710,1261304,714588,796684,2912336,4908292,6748
1806193,1807733,2153830,1661600,239847,4993641,272054,513910,548019,601039,1548549,2441428,6624
1797857,1703441,2035995,1562333,317722,6293411,571732,518182,429785,528267,1150762,2436219,6452
1479428,1800461,2123614,1650319,350318,6496561,725127,757416,570349,559246,853188,903878,4591
1405973,1371566,1706106,1353460,357365,6855737,915584,942204,583777,640733,1908702,2429772,4620
1788771,1771895,2070762,1619189,234801,5005193,278114,526558,551473,608029,1614762,2501017,6036
1754787,1691915,2096471,1624385,347523,6330877,715389,506803,404711,449361,1140596,2358363,6151
1457617,1786865,2140329,1627679,343034,6168332,695322,728439,552242,608297,831707,909113,3452
1091751,1383306,1483588,1299753,325811,6032992,687676,719580,534129,589375,1525219,1634188,3101
2131685,1717275,2069235,1603618,231690,5547030,495939,746331,576643,640091,1862628,3164629,7509
1773471,1879484,2118559,1640087,338515,6294680,703662,515749,467884,512481,1271653,2563258,6144
1369888,1657159,2026680,1569962,351097,6247992,728609,760971,509253,563302,785072,858890,2979
1123175,1322135,1716423,1639998,348619,6288040,702372,734981,518317,566649,1535680,892258,3285
1745189,1487008,1671573,1065616,125287,5715558,720363,752421,527402,581769,1557021,2414125,6075
1746439,1723873,2080780,1611568,327591,5695105,268832,314097,469625,586755,1497403,2352707,6125
2073910,1826934,2452683,1842151,440609,6684610,901515,724073,520238,510910,1179325,1707284,6176
1394058,1453927,1970216,1793000,441966,6775651,920912,959953,560648,622772,1509426,878934,3073
1748103,1468940,1647490,1041383,126213,5499883,694961,716337,520234,565490,1488834,2397658,6168
1723329,1685548,2051601,1589483,336479,5449033,267555,279618,475328,584317,1577451,2516721,6118
1720612,1664022,2106656,1646026,353296,6355258,728718,761240,483037,454246,793092,1619169,6301
1190577,1473603,2065408,1822694,446564,6630993,892491,932935,559336,615600,1507286,942473,3211
1737290,1455682,1684721,1075078,123083,5418556,718873,752430,524903,570761,1557668,2495793,6285
1764531,1664706,2087293,1596782,340398,5422368,266468,271960,464260,565489,1478953,2370067,6247
1720059,1642019,2044307,1559764,331002,6077395,678787,713698,464101,437039,779927,1732421,6279
1069734,1476372,2024731,1567737,337620,6115696,705521,735738,539824,586558,1132815,871788,2911
1742857,1477147,1641604,1237034,230189,5912092,714798,949947,559496,606094,1839751,3216348,5862
1636768,1681147,1962198,1518160,311704,5437125,282459,263357,492834,596798,1526044,2415900,5818
1630512,1692121,2003731,1561039,342154,5990848,704776,734820,482054,455733,761727,1543352,5470
984598,1529696,1983011,1524003,329709,5635553,661500,692768,529523,575668,1123701,818203,2618
1303935,1302181,1182051,983975,223489,6008441,695365,728089,548719,594360,1550332,2350242,3971
1971446,1824113,2366110,1796931,338723,5263560,473910,490259,521447,572814,1819701,3039455,6750
1668424,1738926,1992773,1530648,328210,6020375,673195,705093,514934,548713,787394,1618044,4245
1258429,1637782,2133087,1721966,415536,6561440,865816,903891,579273,609071,1046715,746959,2604
1315704,1307986,1142798,958173,225433,5812433,686366,704510,514436,562504,1466890,2339131,3919
1627475,1740934,1949763,1256499,111522,4695987,463476,727749,561365,612312,1568316,2381818,5646
1625179,1690583,1974167,1529210,333168,5878423,458734,251318,417244,511247,1443893,2235303,5401
1652114,1735160,2405459,1804379,440759,6520444,887867,926910,597243,599687,1156086,767038,3863
1255842,1330275,1126197,1216728,219991,5877418,692417,722637,534614,574573,1516114,1511873,3728
1607262,1673460,1938278,1239230,172563,4604990,459992,546333,531832,581106,1429051,2188081,5318
1642155,1679618,1944419,1496592,323259,5769059,452138,246999,434891,523201,1535905,2392892,5503
1606287,1689599,1934554,1517564,332201,5963208,685214,714114,540489,523130,750151,753690,3945
1307610,1381735,1591944,1558474,335410,6529173,875337,898470,593331,642782,1873589,1548367,4176
1602395,1584116,1851801,1199099,213850,4442605,443278,465900,525267,553737,1504002,2316643,5262
1613906,1661731,1933958,1492405,332777,5803640,453879,476345,397590,500922,1081995,2231038,5314
1418259,1655637,1927310,1459571,315158,5667489,638459,666973,512606,496332,735697,741925,4005
973629,1292998,1552877,1493330,327009,5828343,688172,718673,530641,577704,1510267,766202,2546
1963345,1697819,1910066,1231764,216311,5084977,666322,683072,560498,615279,1746753,2976075,6825
1638155,1612068,1910855,1467647,315964,5817765,435425,459300,404912,508397,1145192,2360979,5543
1308733,1640290,2119456,1609681,423338,5934429,866004,905335,532296,507248,737814,736889,3816
1292379,1582987,1966492,1525147,433842,6478940,859212,881514,537424,579221,1487967,2259027,4158
1619313,1445807,1508795,1150904,107186,5239639,471901,714797,535455,580864,1531960,2365128,5582
1594721,1642323,1908057,1496115,315211,5389327,236304,237857,474349,569740,1398747,2110813,5361
1856602,1860534,2294197,1507374,217160,5137005,457174,718620,538264,648363,1896712,3041638,6507
1658696,1644632,1927864,1501980,327039,5980786,667076,465301,472350,456823,1102183,1499210,5712
1268706,1516735,1913543,1492282,314878,5868763,648896,687207,544904,595651,1152036,741284,2329
1258172,1273996,1126509,1220144,219618,5818429,675099,704989,522808,568589,1453866,1421678,3749
1674960,1726515,1998152,1271252,219219,4600246,452698,475816,547259,586069,1502886,2354980,5720
1903871,1786554,2279188,1742434,416973,5939355,494607,479905,487093,574650,1483573,2984120,6910
1360595,1705909,2037196,1567637,338165,6116307,694848,713890,523668,521572,773841,837355,4535
1049224,1346236,1613167,1277569,326094,5975343,669984,707080,546595,594492,1574901,1667819,3227
1647185,1464627,1575625,1258745,115508,5396396,461913,711722,522452,576820,1475143,2256634,5686
1731144,1706872,2095470,1632171,347610,5560697,487379,279756,475366,517093,1527999,2460797,6539
1721364,1813447,2433847,1844862,442421,6770421,925538,981304,527976,574781,809821,1675117,4674
1075870,1318826,1539244,1324052,331729,6326078,686595,716453,538715,576343,1472749,1602573,3346
1743442,1528732,1713543,1353181,124817,5636058,485000,730782,529550,581666,1574342,2558523,6624
1703255,1646839,2055542,1595486,335910,5635675,496636,280940,479819,520588,1566691,2411625,6229
1716512,1736202,2092624,1616325,440633,6964148,908564,936129,546539,595350,1144433,2251583,4797
1040289,1462071,1656472,1579370,445501,6668815,911055,959913,572881,631251,1574000,1698708,3334
1653881,1702987,2043737,1320961,121696,4957252,485915,745924,544352,592418,1545664,2350921,5940
1768929,1709278,2126766,1646154,352602,5797728,496491,287316,474974,517374,1539668,2461517,6501
1726464,1662087,2054778,1578927,336559,6163227,708650,748259,464403,506144,788871,1711353,4827
1045975,1471372,1613401,1560745,344779,6157099,714263,746184,509226,557029,1147290,884063,3262
1385581,1338141,1282939,1308345,229877,5972424,696796,727114,537656,591666,1583312,1702404,4742
1952401,1846931,2396766,1556898,337078,5553592,492323,513784,537143,646723,1920706,3129014,6986
1688719,1662606,2064062,1590615,346840,6124457,710822,731457,466956,444079,784729,1623760,6051
1189601,1493165,2041426,1561141,331466,5981033,688868,730219,525238,577357,1168704,869494,2936
1374199,1309952,1252591,1306741,228060,6012882,693383,722947,524675,570695,1491890,1587208,4457
1727455,1693869,2061245,1311352,230524,4589195,473844,494996,521623,563920,1524317,2494390,6417
2003126,1813583,2382271,1800156,435058,6507968,690769,734411,481268,512594,1203952,2502601,7468
1057193,1502603,2065652,1592008,343178,6060878,712656,748237,522577,570912,1111035,864931,3148
1391593,1342455,1257303,1027461,225311,5937653,687226,719806,549374,600775,1615569,2548569,4907
1664301,1647460,1981282,1471114,229325,4667090,280728,502313,529436,574687,1519405,2344779,5709
1735477,1652511,1985278,1828315,427919,6897147,696346,706753,480481,575601,1447428,2230993,6136
1383762,1667390,2457769,1838415,445159,6723278,922887,979371,590077,582022,1190542,869320,4585
1346706,1314373,1240892,1016355,237721,6183496,707359,736582,527642,572392,1488632,2312075,4675
1732700,1667435,2076433,1589514,236835,4716181,264980,500958,520998,566520,1525866,2484859,6400
1718240,1642439,2025738,1553210,334752,6054615,713547,517491,412062,448666,1179457,2435800,6188
1696996,1664428,2051381,1594599,351407,6128477,725025,745739,494553,504552,786327,930557,4606
1030315,1474255,1595838,1518657,416581,6536072,856690,905098,555653,620129,1560607,1647754,3061
1678124,1694594,2011970,1301896,123945,4722810,488879,737078,531892,575775,1499174,2297856,5867
1732309,1704811,2083436,1603327,346055,6162008,480017,277572,405048,500283,1518600,2440121,6452
1724878,1673320,2041576,1562242,337282,5963487,705909,746019,516405,505002,788550,902405,4975
7230110,2007497,10637705,8359696,1914822,16627317,3240568,3361998,635923,808201,5936707,10531521,10525
1651246,1612977,1731262,1069603,133322,5645156,703645,735624,572783,627620,1619155,2589007,6021
1890767,1886464,2402201,1835613,373360,6184244,498149,416686,479072,587639,1939137,3118113,7323
1674784,1871468,2210822,1723252,357016,6668580,739773,758022,571973,558994,851497,889824,4872
1065467,1378375,1686645,1574936,333794,6268715,695419,733026,534730,591756,1571697,928165,3514
1657751,1574077,1677722,1054631,122970,5642962,723194,757344,557321,618772,1575189,2377540,5974
1748334,1752053,2139647,1932492,462638,6278771,489387,507706,548830,673625,1940885,2478300,6405
1839541,2067306,2783369,2095312,527166,7369491,1103360,1171416,620086,609029,832054,1681736,5768
1014269,1417805,1678841,1650032,351385,6303881,728258,760648,562459,597251,1550087,875252,3142
1681078,1586409,1695742,1070654,124114,5497848,696714,727563,548121,608269,1596153,2530194,6354
1656516,1786479,2110818,1633394,343605,5680627,275845,287085,502547,632099,1629456,2446619,6152
1708849,1793426,2130820,1652048,353389,6324797,727913,748614,491256,468306,806642,1635792,6262
1023920,1606613,2089236,1617016,443481,6759838,910283,960362,603088,664046,1590299,1688939,3193
1643131,1568635,1669956,1203961,124646,5671635,535367,759304,536959,590867,1570707,2371229,6042
1721540,1774500,2096540,1588643,350813,5420978,270789,281703,475684,577601,1523955,2472301,6445
1685413,1763830,2070336,1587782,337502,6194784,706252,745652,488765,474524,811640,1720600,6086
999563,1590363,2106086,1649058,352011,6431431,726062,756653,557088,613796,1201040,867960,3073
1381509,1381228,1291997,1067665,233932,6287581,685111,717457,545487,603710,1579353,2508480,4898
5764510,2125658,7849213,5448976,1087034,10224809,1731456,1921231,576253,666840,4009989,8635288,11800
3639736,1858862,4658641,3565891,792123,9932470,1869949,2272282,465051,519193,3331087,5924146,7568
1061652,1548150,2057948,1604042,330081,6216047,686724,721525,542142,600619,1191263,915076,3410
1352004,1387845,1270643,1034253,240900,6408035,735277,766450,558422,613556,1606685,2420005,4511
1696153,1720465,2099243,1642727,238734,5035744,270387,508215,546254,605490,1580077,2451122,6165
2011889,1934565,2490935,1902890,442136,6960857,925921,739667,502223,534299,1245232,2518922,6278
1010651,1717983,2078696,1905068,455181,6997968,939909,981653,606360,658964,1169735,862119,3152
1412773,1445310,1545515,1068438,235313,6230602,699671,729135,529246,597230,1573725,2551531,4946
1608814,1727428,2044832,1589481,218879,5026529,268890,519439,544336,610251,1556305,2338517,6075
1702253,1798353,2167153,1668253,354289,6391483,733653,518936,434637,479556,1181841,2410551,6366
1353680,1796630,2129857,1888449,445737,7025209,912769,963726,613939,680643,1209442,880142,3102
1358518,1548488,1693865,1076371,230979,5788447,715525,747088,555026,613942,1554461,2321125,4518
1718302,1687837,2110711,1644341,237651,5726804,269539,507447,494179,588969,1553097,2449126,6256
1731579,1720598,2074906,1607505,336187,6248859,706131,510810,492859,472716,1205973,1692355,6088
1391919,1753355,2096169,1639062,341239,6280699,704445,736264,551881,599673,921643,885204,3307
1379967,1611973,1734575,1352286,345082,6298881,908118,946851,597497,665956,1976869,2547685,4924
1641431,1696290,2054455,1578400,232042,5498484,266140,520349,467764,578780,1578317,2463151,6405
1695030,1804578,2143790,1653160,353477,6328696,736933,527664,484191,461591,1170060,1686454,6658
1347700,1568468,2086415,1600414,336386,6279700,697065,734339,540268,602344,1209707,876904,3180
3046363,1564580,4600987,4426601,1076515,13110733,2450302,2705540,527999,634811,2979094,3814076,6187
1686107,1769197,2106275,1355302,186785,4960293,489981,579826,540868,598656,1524910,2376157,6542
1970361,1927108,2448088,1853400,442976,6823915,706136,511371,472495,524495,1574770,2501995,7495
1608693,1730466,2447131,1873300,456245,6938830,937692,979434,591757,657453,1155680,861514,3084
1374344,1404015,1309259,1350895,235054,6150041,699102,729940,539664,593597,1570248,1714678,4912
1608851,1558076,1677341,1333036,125572,5476740,509147,768155,559489,610914,1598939,2419052,5883
1678003,1746906,2107553,1627915,350574,5615138,488989,276360,467894,521196,1534837,2430771,6117
1669047,1961135,2483392,1875234,436063,7006176,906612,963866,540791,541851,809983,1730595,6061
1017896,1361444,1670727,1345865,354866,6389738,736728,769646,542586,599230,1570645,1651594,3276
4544040,1874094,6352430,4848881,957704,12188090,2314531,2907718,537211,653066,3654638,6463694,10179
4685050,1911673,5922319,4529122,978389,9232200,1302706,1035581,486694,557938,3008689,6527591,9467
1677141,1718976,2096070,1612224,346113,6357654,715879,743451,478781,524821,819049,1592489,4623
1060700,1547638,1718854,1619203,450391,6872651,912574,950572,577268,655454,1599955,1732742,3375
1667769,1624897,2009194,1369108,125016,5358422,495267,755580,561102,626673,1576596,2433160,6056
1644903,1786031,2112971,1627973,344544,5772432,489039,276368,490135,542565,1515447,2408569,6326
1719915,1725393,2062213,1578655,334593,6158740,699092,741765,484113,527805,797224,1713335,4701
993524,1598425,1688349,1628797,356641,6333577,738069,771135,536659,591421,1170806,885445,3161
1684111,1803121,2132540,1347410,234623,5672829,697481,944480,595889,658514,1935013,3252111,6299
1339842,1746375,2093499,1594238,343561,6107026,693283,724217,514672,581603,784008,897657,3317
1022442,1378146,1335912,1570509,448807,6612376,947954,993151,592122,659054,1953641,1671673,3173
1651315,1599736,1856436,1633776,227683,6187514,671648,925679,602607,652247,1813618,2298964,6171
1689425,1734158,2073198,1606176,335650,5566754,484281,283323,482971,530929,1605514,2541643,6432
1624512,1753023,2066103,1606001,348318,6307462,725607,758054,472773,525459,786199,1594808,4377
1013373,1591654,1700372,1629312,461753,7002825,924918,950941,594114,653163,1542028,1660272,3107
1684879,1718286,2104575,1374777,126658,5053742,495059,765968,556308,603416,1628379,2564590,6487
1623990,1725868,2096747,1651314,349020,6233985,495477,279321,426544,515657,1536160,2328777,6046
1678020,1752884,2092802,1619135,331006,6221170,671436,701043,491262,530521,806101,1355144,4934
1042898,1510906,1676821,1593243,341422,6291587,726359,758598,540825,584324,1191755,888849,3140
3540389,1858062,5203464,3685367,772182,10100861,2089120,2730752,576445,700810,4272879,7146383,7865
1737403,1639507,2048057,1563234,334437,6034878,481068,281253,387757,494488,1557394,2532030,6396
1659841,1602309,1994443,1535194,348333,5926223,724444,756498,489123,484120,752472,868737,4524
1062083,1268297,1638674,1560400,344979,5949773,697474,718983,490817,547733,1495023,879631,3217
1456098,1427928,1600765,1022623,184640,5311686,660578,700975,505823,563321,1496392,2339360,4816
2008974,1830908,2467664,1885801,348197,6259854,494046,536581,446377,560976,1876850,3068170,7571
1744961,1631796,2060147,1585862,343813,6082039,697926,729047,494089,489849,772453,880859,4942
1038325,1271425,1625549,1532409,332991,6126964,708825,739587,499268,560731,1512414,863283,3051
1361656,1277217,1220085,996826,236779,6037570,712731,734227,479246,534328,1483350,2426125,4561
1674056,1789643,2354798,1757537,315149,5392116,451759,706257,535016,595891,1483582,2482078,5838
1706923,1631910,2065521,1609515,354160,6388535,699874,516679,401878,496650,1151304,2362759,6316
1395317,1630134,2429026,1809487,456533,6409501,901026,934755,539205,555481,1118040,877204,4682
1374077,1252407,1228477,1000746,228895,5863107,713163,757101,493956,549973,1538276,2497128,4789
1714371,1575072,2019784,1553248,229705,4698282,268985,516913,473042,523604,1433773,2310205,6214
1734997,1664062,2062180,1555429,339563,6081240,691389,500273,391476,434173,1160758,2532477,6394
1375021,1580004,2011786,1556480,351432,6150096,734362,767272,492373,544398,776125,859030,3159
1372432,1278135,1355487,1279664,351186,6622813,905148,928553,513084,580540,1777030,2350967,4732
1704822,1607572,1993874,1515788,230406,4614704,266558,507642,494926,554245,1539346,2533823,6185
1672219,1611545,2032368,1555253,355711,6006226,730063,516826,378550,410794,1139552,2355048,6007
1400316,1634233,2032013,1549073,340974,6048083,681800,706684,483694,542668,752445,866884,3156
1057745,1249422,1260091,1288561,329541,6035628,695585,734486,496733,545165,1499899,1631503,3119
1987175,1831930,2454719,1554531,237560,5296409,494267,748113,513193,608731,1798392,3087467,7311
1744051,1567984,1995212,1532713,331088,6191281,672375,488384,383235,419234,1140076,2416033,6495
1700435,1603297,2000314,1543909,347004,5980231,709504,740349,492765,487308,768930,870972,4620
1054661,1208484,1645961,1562780,350439,6036511,703927,725137,497275,551887,1504979,874746,3182
1995368,1596116,1957140,1251788,222640,5928942,903667,958437,549052,547824,1528791,2459817,7127
1986396,1792062,2428472,1852906,466298,6200335,497521,519061,453390,567818,1488733,3048866,7153
1407036,1619327,2051120,1563949,341175,6095327,684950,714279,503398,491238,764489,873132,4935
1064431,1244549,1633977,1493887,333994,6131089,705569,734536,476843,537049,1488864,926156,3191
1717694,1502093,1720033,1095006,128208,5854981,720529,738540,532350,589246,1531990,2457338,6598
1717915,1692575,2084228,1598290,341441,5538482,271502,282658,470982,578714,1588859,2590873,6698
1685567,1853823,2120476,1652749,352396,6188183,721957,755389,511307,493944,847089,1622609,5890
1056464,1609595,2112324,1624732,465666,6875662,922531,948678,602087,659347,1562420,1690352,3222
1706256,1628529,1680240,1349868,126021,5599573,498856,758253,561501,623532,1651387,2524672,5968
1624810,1688361,2031353,1588283,338396,5537331,395359,279601,459105,567327,1467451,2272867,5986
1708869,1723731,2109227,1605144,348443,6107123,698811,731385,465711,452030,788410,1741337,6542
1033742,1507525,2025412,1547366,340108,6118559,719037,750266,506105,576392,1167378,875746,3111
1693326,1475864,1668715,1316072,236351,6119537,717468,969020,562213,626234,1835117,3145183,5969
1707141,1700157,2089890,1583738,341813,5640295,484016,283671,466311,527243,1589068,2573909,6548
1622754,1691760,2067481,1613474,354188,6411956,725540,756485,488111,536680,812196,1618352,4520
996023,1537224,1861839,1627480,355889,6136946,712253,735174,513690,567305,1163247,881361,3168
1619387,1503419,1665877,1320758,336294,6718645,926652,982356,518740,572411,1560063,3296866,6020
2244489,2109733,2887503,2159770,457861,6295808,708827,749310,584019,572418,1862223,3087151,8560
1720577,1690784,2126076,1636318,351261,6421002,703351,734477,467737,523967,811072,1721667,5052
1011682,1492002,1655630,1567517,337381,6122062,713922,745041,528966,583831,1201049,886135,3141
1350086,1502785,1707197,1081550,240322,5680055,720536,741456,529298,575915,1515175,2427752,4838
1702955,1689801,2072630,1608409,232294,5394020,270012,508489,517816,587860,1588346,2559666,6426
1650030,1685187,2086515,1625742,355874,6313850,730804,517973,409868,449535,1171616,2373445,5985
1351394,1688560,2085269,1897705,470568,6852082,929884,954139,570432,630762,1188320,876453,3257
1355514,1522578,1677476,1086588,231112,5692141,704671,745735,523029,584394,1578281,2513807,4706
1698063,1691287,2081040,1606632,241223,5584674,269027,509642,462764,578180,1511027,2367282,6451
1683619,1741567,2111108,1615744,344520,6289178,693256,502340,478154,467996,1180248,1707712,6472
1351159,1547322,2057063,1580535,341827,6223788,726359,758149,531787,591929,1158369,894551,3235
1392064,1565190,1702887,1325043,319742,6230314,926694,950575,574169,638766,1839000,2371895,4869
1677578,1657183,2048201,1570405,229796,5410127,265393,503612,444962,564479,1561855,2529337,6223
1674046,1705628,2129239,1648882,356976,6514728,733603,533045,476613,462398,1182117,1619843,5971
1346694,1564680,2115345,1616633,348240,6333509,694406,717242,499032,555740,1138426,884502,3258
1346817,1280456,1276556,1314179,231071,6320179,717057,758859,518266,586304,1593076,1724733,4630
2206441,2049822,2824942,1870672,452964,6218091,700855,734876,524980,635858,1865779,3703922,8293
1591248,1694674,2022852,1385828,229661,4865232,384409,486292,523300,577051,1522580,2378473,5907
1665160,1753817,2125684,1640240,351973,6382356,495911,518406,405075,509315,1148597,2352349,6201
1400732,1595411,2030906,1534932,337751,6016718,685384,711922,479595,475794,787986,914499,4952
1058440,1268729,1624075,1287382,338227,6144467,701365,736336,506132,567831,1517736,1668219,3237
2076704,1599887,2039974,1553935,237796,5420324,490154,726781,532389,595608,1811956,3182571,7701
1721035,1597612,2016204,1531440,338074,6057214,695497,505471,381199,427535,1177800,2556489,6197
1371260,1597477,2008010,1544668,349706,6106096,721746,756201,489070,488887,775293,877560,4124
1030641,1247359,1597473,1246836,349256,5845219,700768,724161,466623,520496,1481255,1685544,3158
1695377,1430705,1620325,1280704,122726,5325985,491269,754796,487934,547917,1537438,2475658,6186
1715251,1608645,2029436,1555543,343424,5398243,487441,280766,438878,487788,1448881,2338531,6335
2037424,1775793,2386378,1756599,443375,6509821,908157,735813,487361,488420,1142246,1714870,6353
1042808,1272298,1602190,1537053,350304,6070653,721931,753564,499875,557380,1508355,869261,2940
1606585,1472133,1658138,1023140,138684,5436533,707275,728672,486869,545698,1497285,2458087,5469
1726801,1571029,2007265,1531862,233586,5390605,268914,511033,431912,534306,1529979,2513635,6194
1684312,1580757,1997880,1548233,347815,5969009,711964,516948,442002,421123,1109054,1572046,5968
1399676,1467608,2062897,1827171,456504,6620923,906356,947884,526510,597613,1490630,895687,3284
1978988,1604755,1997622,1020093,124212,5396550,937510,978340,554528,627568,1909770,3159230,7358
1706888,1612516,2062213,1583305,352021,5433351,268669,282581,435042,542959,1473957,2402102,6246
1716436,1603920,2011020,1528277,341959,6140544,690885,518181,373760,461790,1163571,2567901,6101
1341246,1598802,1990047,1539307,334697,6164302,682305,712299,492876,480567,772249,873300,4329
1406427,1306078,1678107,1307010,345012,6704156,900339,940869,557041,623048,1886677,2516458,4776
1662754,1632122,2017649,1546097,227430,4672255,267766,525566,503015,554530,1558402,2483748,6142
1718520,1638174,2045308,1553394,342081,6082693,701410,504904,377537,423518,1105805,2327677,6232
1415406,1577146,1988416,1511235,330309,5890851,675328,706813,479477,534401,780414,906848,3395
1058124,1233877,1242425,1241361,350161,6047771,732552,764711,497904,553011,1536430,1676975,3109
2031320,1587656,2064067,1534927,238736,5221311,465091,707176,517695,584828,1791576,3129146,7551
1670977,1600938,1983776,1529823,334071,6082869,483651,285406,375239,481568,1515599,2422556,6028
1703148,1612879,2035358,1565730,347535,6114156,714108,745528,496101,485473,762241,868870,4648
1062826,1281879,1660352,1551581,339613,6062382,685389,715639,470510,530684,1499561,889676,3307
1687711,1390336,1593344,1000450,123026,5322263,724074,756355,470312,531920,1510294,2428094,5941
1742586,1684868,2088233,1592896,352545,5594490,276117,289006,455210,563814,1497548,2452549,6568
2003940,1806365,2367299,1771863,432627,6628596,884552,830006,496054,490835,999064,1620953,6250
1042152,1436927,1960522,1746309,452014,6552866,921079,961293,519421,582532,1407283,853573,3082
1392457,1275162,1641716,1295428,338538,6631369,889131,929136,545035,608133,1857584,2501804,4811
1690561,1591509,2016353,1549194,233857,4703561,269113,516011,499134,558360,1558748,2479970,6220
1704256,1642769,2044204,1562754,350353,6043573,719481,512349,378149,421717,1123599,2387081,6131
1397663,1584376,2192939,1783675,447951,6499799,904500,949327,543836,606686,1165266,901333,3204
1388285,1245502,1216606,996244,237669,6140906,730946,761038,509528,564108,1555996,2451888,4759
1720506,1651048,2026420,1553677,238773,4690556,272101,507024,475706,532170,1468576,2428010,6032
1683820,1573962,1976337,1511544,336985,5889860,700684,512014,375422,418055,1145611,2510190,6007
1341352,1643681,2013676,1551760,351524,5962351,722073,753127,487491,535714,743522,854397,3195
1395863,1465673,1649432,1287476,343416,5975112,898833,935286,531445,597125,1860650,2499150,4902
1647920,1598387,1939195,1496092,215760,4707269,267394,504326,490678,547979,1478065,2319978,6152
1668507,1636668,2040959,1553559,350783,6044993,719075,512760,367281,409597,1122479,2393869,6215
1380252,1560388,1959471,1466463,335061,5712345,684401,716630,468850,525584,765883,891531,3134
1021522,1248584,1192015,1228954,345305,6020433,721127,754831,486378,549654,1518294,1629889,3060
1728041,1633068,2052499,1282647,127385,4619676,497207,738827,485450,537672,1494433,2477339,6217
2002109,1795306,2384331,1779640,446527,6506115,694878,513157,440218,487416,1527376,2522259,7557
1479144,1734556,2085433,1604719,353376,6034948,722649,754521,519082,512147,821810,902065,4699
1211742,1502176,2042881,1790554,439692,6603683,885493,924499,552050,622243,1551337,964161,3343
1642657,1401271,1557479,975879,124102,5240005,711430,742951,496296,549222,1508953,2390334,5772
1712636,1593509,2012063,1531093,351093,5342847,269474,283385,421774,525991,1458191,2400125,6006
1710354,1770467,2399307,1790498,439564,6728832,901175,954199,491554,489103,771942,1699728,6147
1018822,1230771,1596721,1250179,354179,6050010,730910,763051,471914,522123,1466582,1623914,3167
1742932,1486551,1653389,1257951,126347,5310604,489373,726145,474476,540090,1500553,2489806,6415
1643125,1509896,1881497,1463927,316612,5082817,322968,285903,415107,516083,1443083,2324578,6004
1681879,1654854,2025080,1541569,351044,5957671,720075,751507,419201,416097,766891,1633343,5929
1045377,1438495,2035111,1547774,446916,6455022,892636,933631,550142,615932,1522743,1683210,3168
1634366,1413136,1581690,1233914,121493,5232066,487128,746571,494112,550912,1522122,2387258,5848
1664796,1626939,2035983,1549102,351149,5402204,495066,283231,431062,491050,1463261,2415689,6186
1678139,1599474,1957587,1483506,332246,5770208,684982,724453,421372,456438,752764,1662136,4759
1027340,1426206,1829347,1499122,338531,6014487,696779,726378,486405,537159,1094227,882596,3233
1698798,1409539,1614175,1271640,238528,5903124,711355,947786,546812,605726,1874470,3290993,6373
1710379,1539958,1971212,1504662,237799,5340851,281178,517807,418045,525079,1502286,2396119,6188
1688499,1629592,2007992,1542717,343224,6032063,704419,504599,430550,414872,1113876,1617693,6210
1391911,1445726,2011689,1526623,339184,5947812,695053,730880,470866,537071,1141703,877344,3303
1609606,1399829,1562877,1485259,333301,6650942,916602,956132,532247,526927,1471845,1594872,5313
1715015,1570814,2010050,1276240,211335,4640545,491045,558336,464591,519095,1462227,2449329,6223
2021976,1761028,2341073,1747874,441639,6379537,704032,512211,439160,484241,1512449,2476513,7404
1380612,1447621,2036016,1560669,352690,6080619,723429,753143,501664,554062,1127734,896549,3256
1385772,1252931,1225629,1263552,234345,5918754,689905,721874,473211,532640,1484809,1716687,4799
1641518,1600616,1994403,1255168,233144,4523225,496068,520604,494880,554748,1544500,2428146,5916
1695891,1628667,2053870,1566687,356308,6107698,496343,512759,377579,480821,1120173,2392618,5899
1521331,1568073,2354898,1743728,438315,6468085,890012,933779,507926,522048,1124653,893174,4923
1353583,1247254,1198733,1242787,236240,6111102,728905,760146,493580,550413,1524193,1672381,4623
1707591,1645992,2010241,1267973,238018,4533887,478645,493910,481161,532209,1460896,2435156,6425
1697508,1578321,1967540,1504564,338276,5883699,485329,513869,376511,486219,1176978,2555033,6308
1367146,1610698,1968074,1527436,336936,6049349,696475,728510,487421,484725,770078,890833,4636
1028611,1443286,1615091,1503813,449795,6493723,906291,945783,534025,598317,1509268,1704947,3189
1645637,1496330,1892368,1250556,125954,4847580,490766,747093,490985,548870,1485571,2389126,5958
1684411,1624871,1989446,1529656,336390,5438882,494840,284003,419635,470348,1423630,2317872,6173
1710038,1600295,1985250,1497640,336489,5906494,693021,733696,427939,479428,766056,1711581,4667
1339148,1602447,1944773,1772978,348175,5954779,714758,981931,549616,613739,1487642,1601003,4276
2083500,1805442,2389068,1514819,329526,5890322,877937,929729,533778,593495,2169953,3972600,7781
1626166,1604474,1965152,1510694,335506,5945514,486663,284494,379471,491417,1518603,2435823,5890
1678415,1633457,2028860,1547803,352398,6019297,720770,752349,482507,477100,755307,890003,4323
1058539,1425434,1597930,1505391,330699,5804258,670815,698351,483170,547585,1241586,884974,3446
1371874,1452990,1626370,1005246,235925,5276260,726982,759336,498197,554632,1534086,2456975,4799
1691368,1630150,2030691,1545593,238545,5279432,268965,508167,436808,544366,1472067,2415982,6232
2030655,1763779,2339808,1730051,435283,6381169,893093,725469,491217,485363,1122436,1677848,6188
1026782,1236099,1592213,1502541,348650,5948621,713648,742880,487773,538212,1479013,892772,3023
1739957,1441252,1639448,1011389,124968,5304689,696951,723623,479113,537241,1496503,2498008,6299
1668021,1569351,1944767,1494346,278408,5273645,267930,381910,436442,546986,1495000,2381641,5976
1710535,1667187,2015235,1542564,346337,6063225,497262,510244,391018,486948,1111514,2380086,6178
1348007,1627078,2377504,1767877,443138,6545889,904067,956131,545674,538383,1158802,882786,4708
1346534,1271867,1200697,969400,232390,5959227,704750,735673,490539,549624,1462457,2312438,4450
1706592,1648140,2088951,1593914,246915,4716341,274756,517076,504304,554919,1537239,2543325,6525
1682268,1585929,1965161,1500101,334309,5993241,700298,506424,372250,413400,1153886,2479816,6134
1319392,1591479,1951341,1524287,334133,6095371,686841,717065,484301,483545,765147,857494,4093
1699318,1451121,2034322,1553825,447804,7139481,911290,953134,538196,663206,2263363,3346620,6348
1650158,1611378,1998557,1533078,232871,4663236,270306,518401,500682,567429,1549767,2430431,6016
1710590,1619015,2011728,1530783,351229,5923051,488618,279389,376489,472192,1474517,2442755,6277
1684157,1600945,1976519,1494635,337910,5882839,703047,742418,498563,491078,773910,884929,4615
1034668,1273758,1612738,1544764,353646,6038313,724614,756297,498736,547495,1481903,872539,3142
1612874,1437989,1637990,1005826,139754,5194509,699218,726500,491538,536411,1496894,2487424,5389
1970624,1751974,2362108,1777193,340073,6044795,493473,520597,436408,548804,1906969,3243276,7266
1686347,1643842,2025037,1553856,347530,6023390,710530,739664,502938,489875,760211,871806,4757
1029377,1277281,1624506,1527346,337032,5891984,685374,716792,505076,554590,1530539,882087,3280
1626893,1421010,1594708,992923,122949,5322905,720457,753048,507622,554396,1510165,2398291,5968
1698971,1589140,2008030,1533061,232974,4464934,262482,495520,491378,538754,1483013,2492516,6315
1999701,1791556,2344647,1772800,421089,6515778,859345,695626,446530,464025,1169506,2506293,7086
1041193,1499827,2048735,1562411,344707,5986475,700931,733464,523855,568747,1112128,923544,2994
1408571,1273904,1245134,1011872,226648,5930692,680812,712197,530887,578764,1545818,2578169,4980
1664850,1625235,1968773,1497968,216035,4489389,245280,494071,509826,557960,1505575,2375893,5968
5594082,1896778,7079565,4834095,995884,9834326,1724150,1620651,417919,494848,3137552,7982898,9839
1330953,1639213,1985182,1772040,437783,6527244,888184,941390,582078,639215,1166457,810491,2917
1528248,1466094,1570919,948149,225194,5638168,873107,909135,582889,630351,1774527,2850377,4951
1650230,1666284,1973475,1507058,223288,4429967,231631,466060,502778,551528,1467802,2396292,5939
1583950,1599053,1878713,1457321,320293,5609793,670536,476876,399307,419392,1124710,2375817,5493
1269908,1651470,1897224,1463851,325902,5854156,669208,697695,507113,556450,743045,767655,2568
1315830,1471113,1550144,1211825,331902,5794741,873293,911027,568166,621026,1867995,2448480,4264
1585211,1630654,1885898,1442341,216175,5030274,232096,470939,481358,581004,1507922,2285397,5519
1564728,1684947,1904196,1476496,322418,5970811,654212,442946,415711,454933,1094066,1858291,5387
3529791,1829382,6116830,5080007,1173879,12167599,2235374,2265868,510984,628728,2288715,3286775,5241
4589503,1437060,5425850,4025894,877171,9755129,1698565,1853739,518807,605923,3890740,7648115,7172
1633825,1664774,1963047,1226719,106659,4441394,443946,682436,526994,576715,1472112,2371877,5627
1896081,1773473,2225420,1681913,421555,6227411,661654,475065,455753,482693,1479525,2328698,6825
1261054,1478302,1899452,1487274,329741,5876535,672513,701645,527220,568375,1088272,754753,2520
1141899,1281263,1120331,1192238,238782,5695280,652873,682812,498747,553493,1478648,1585594,3123
1577768,1596350,1880219,1183791,106488,4556726,457099,715271,513630,568313,1514184,2301511,5361
1621156,1635496,1931311,1501021,336596,5801485,452611,238244,409009,502525,1435038,2263046,5379
1597292,1642959,2318692,1732774,431521,6442237,876057,926965,581079,575261,1122803,737543,3763
1270856,1462443,1919026,1491034,448861,6566547,907628,945238,575003,623079,1432195,1461470,2522
1961221,1433296,1518561,1209939,106334,5856707,636413,884859,576526,625502,1844474,3162225,7061
1594196,1605113,1899143,1461896,321344,5087698,418177,241372,475125,569870,1525710,2342120,5535
1568165,1730426,1945578,1507811,332286,5969939,681411,706992,480566,452743,751015,1488469,5355
914232,1612963,1987241,1525303,436098,6679646,878883,918517,608909,658331,1540411,1591317,2569
1544184,1593851,1578418,1275616,109644,5630608,470786,725298,566505,608753,1539064,2289682,5586
1587443,1866108,2043249,1588384,330847,5551704,449876,240363,530234,569522,1509456,2301367,6057
1592180,1771522,2002387,1540701,329230,5988348,680893,720507,499299,537637,799984,1674454,4567
913390,1588422,1666940,1572843,340233,5963547,696402,729388,564773,603786,1150696,769099,2705
1243139,1404649,1204989,996470,220679,5796204,646528,675071,564405,606502,1504964,2343836,4244
3712747,2020214,5329521,4041980,846427,9950593,1843036,2324619,553768,671705,4614342,7302510,9364
1637800,1673897,1990405,1539367,337911,5986921,693457,718453,484369,524530,792833,1546461,4364
992241,1501063,1595361,1536134,329032,5973776,671489,701324,521330,574645,1180158,862106,3055
1290889,1488490,1595545,1008802,233114,5416306,720465,751750,534015,579050,1526083,2353865,4353
1711359,1697264,2059266,1575054,233177,5139986,267665,508532,479766,575050,1509908,2437120,6419
1996957,1799416,2325499,1745566,427516,6579779,884998,706666,472697,518617,1169452,2210540,6274
1012458,1469910,1626885,1560993,350753,6041518,719900,753658,528484,564304,1144982,860394,3265
1341455,1562311,1654448,1049325,338792,6125046,891766,928535,611326,665410,1899099,3259335,4582
1593044,1771637,2096455,1632545,234465,5543743,265991,507948,518257,625543,1636332,2490802,6458
4456554,1853698,5163921,3426671,684369,8796177,1349713,1327909,525881,548302,3328358,6679118,9439
4157982,1702500,6491845,5140732,1237246,13109943,2798888,3166493,600934,720349,4065759,5684607,5935
1385598,1593260,1681288,1072000,173428,5679566,698501,727737,578211,623657,1563189,2328608,5087
1658667,1746068,2138945,1646939,237994,5608738,268347,514911,519196,616178,1575865,2497101,6640
1623225,1824637,2098179,1587528,337745,6205304,707425,520787,521945,492093,1227477,1720993,6386
1285880,1626382,2088605,1629837,350056,6308731,721727,753785,581890,617330,1197346,870019,3116
1623485,1577873,1712186,1362721,232696,6162580,905263,943986,605435,659723,1945832,2486586,6169
1590326,1808465,2040972,1582060,335535,5392483,260738,273215,531169,640209,1591436,2420760,5840
1597268,1809432,2094535,1612871,347773,6151624,713958,687591,512860,496525,956750,1590884,6020
1302872,1599944,2090227,1599017,339945,6005542,693031,725629,547288,616443,1211641,869918,3196
1283085,1416496,1276295,1322596,230198,6075190,715171,747535,579867,632886,1579865,1628601,4507
1640351,1768989,2093231,1336233,232888,4723169,475353,490810,568698,615226,1560976,2440775,6289
1940312,1907332,2445971,1862838,444579,6590521,699988,746286,509528,546128,1230384,2559764,7454
1284085,1812052,2112607,1620458,349052,6274660,715699,748615,563338,607405,813197,866501,3071
957332,1445605,1412994,1315362,337328,5943102,683242,713177,559218,606690,1593574,1696062,3129
1569990,1631604,1854614,1599182,223532,6004872,699260,980726,641323,699772,1981131,2443390,5829
1614236,1787682,2106608,1629180,348670,5378332,490413,280237,517581,550450,1546504,2413643,6076
1652740,1989655,2498278,1886060,440918,6773451,905218,958987,575724,626469,840482,1711641,4844
989199,1391725,1251946,1311921,353703,6333667,728193,760357,567656,624725,1567660,1622975,3194
1646997,1750432,2091877,1334742,125555,4810406,498966,740260,557192,608434,1594061,2527364,6442
7426684,1947776,10013328,7422868,1704120,15287064,2924818,2819353,474421,613127,6037005,12375337,11126
1635180,1699429,2004169,1545408,332717,5956065,683842,716005,480942,516847,784616,1448927,4748
1038864,1459266,1620887,1529174,450957,6386770,905755,944028,565764,627582,1560206,1689487,3254
1665741,1607642,1965335,1245087,122669,4500453,495406,743428,503255,557575,1513072,2391449,6167
1693986,1647237,2012012,1525596,347847,5877359,496170,284264,392370,491949,1467528,2392754,6289
1689253,1634636,2009041,1526330,337934,5856773,694805,732836,511065,500210,785906,885335,4717
1021214,1319181,1617222,1539362,351900,5890688,724990,756769,520282,565790,1492358,858634,3166
1798056,1626798,2011121,1254513,180627,5056400,650908,894492,540289,599239,1775752,3101118,6404
1645379,1634240,2004576,1539706,347167,5268288,272613,282960,466773,583208,1571594,2474878,6015
1642870,1771484,2096876,1615165,351509,6100525,717975,739695,474106,449010,783777,1648517,6406
1018649,1502985,2074313,1571139,343502,6034350,704942,739306,531593,585490,1200733,903000,3385
1597824,1531912,1627149,1278694,348264,6043377,722214,754456,597496,659120,1910999,3105953,5849
1642975,1889814,2475932,1832852,344488,5360261,482618,726428,590039,646883,1529933,2458307,5962
1941886,1817841,2370859,1795336,437728,6567358,817501,757993,470134,503547,1126381,2427709,7743
1025891,1497329,2032421,1582754,352381,6008899,721728,751903,525929,572851,1146068,901783,3388
1376610,1315152,1267311,1042758,235856,5843389,698981,730426,535163,588071,1579391,2606026,5115
1668737,1622413,2031212,1562315,233331,4630283,265941,519591,534493,589063,1584708,2489653,6351
1663627,1713301,2090529,1587948,357077,6192097,732735,523531,422230,469003,1167669,2429445,6244
1330216,1702439,2210269,1811310,446241,6602992,903584,950659,591840,655443,1183111,881686,3234
1311167,1377853,1249004,1037065,241204,5871096,728817,758482,532689,590689,1534775,2398185,4299
1685104,1721147,2086024,1599352,236855,4598272,268487,506870,510479,572997,1513342,2460282,6415
1648337,1645128,2015483,1558444,336394,5925967,701906,512562,402740,438319,1181586,2517342,6470
1327243,1691070,2072422,1608686,351053,6171316,722901,752837,545875,598770,804155,891372,3168
1320461,1563812,1672771,1302891,345391,5883336,902502,944123,573467,637373,1922963,2540119,4884
1619842,1687038,2037638,1543181,232453,4858406,270231,527895,532473,592777,1597255,2478860,6063
1682052,1696893,2108938,1628819,360099,6353616,739147,520628,420216,469601,1187327,2431634,6242
1372853,1704592,2093997,1610527,345426,6153837,705053,741049,560567,607931,860152,898379,3259
1046217,1325115,1249874,1295716,347210,6014098,723416,755075,543561,582083,1535546,1640800,3189
2030599,1914771,2482113,1611901,231386,5424845,697656,934608,602793,661325,1530435,2444027,6438
1973892,1867035,2411035,1825331,445691,6605411,704365,513300,461244,531691,1594185,2532445,7841
1330534,1679659,2072451,1608990,351500,6246383,721165,755055,537882,603545,1100119,876629,3234
1053253,1331172,1251285,1315073,328453,6004017,676182,708247,542636,601843,1539939,1625956,3542
1618541,1649450,2015124,1299429,125009,4653551,498070,758469,521726,578890,1567295,2452952,5974
1684681,1713721,2129167,1641469,357874,6286389,497863,282111,418452,529437,1538792,2433389,6315
1659416,1711197,2483580,1840017,447811,6686786,905763,953058,577334,575385,1184881,880034,4827
1337721,1322056,1248864,1281359,236776,6057338,720809,749499,520257,573078,1535020,1653265,4673
1702011,1673473,2080820,1309602,236119,4750600,486152,507835,512219,569978,1520965,2462893,6385
1640936,1645294,1994559,1515093,323580,5932862,459531,335511,406663,515537,1470831,2447840,6342
1611850,1716769,2054902,1582352,354525,6078478,729033,763471,523796,506086,792790,889622,4458
1027571,1506084,2059445,1566498,450078,6657382,904837,943014,587860,657232,1559983,1689689,3186
1623056,1553545,1664068,1319063,125509,5484905,487693,743726,553713,614011,1538265,2376139,6007
1676666,1699841,2065525,1582747,351387,5299122,488200,278911,443349,500427,1494290,2433604,6257
1684722,1724401,2094486,1592982,340005,6171666,704493,744055,476486,526625,820448,1715981,4824
1037779,1470880,1872711,1575124,338745,6105559,694743,724306,541563,593756,1129332,887471,3184
1739184,1550491,1696848,1335147,236375,5974661,702167,958184,592485,652242,1929307,3337595,6674
1913005,1787823,2351207,1786716,437899,6051473,701308,504322,537599,509075,1563170,2461374,7230
1666162,1769546,2131652,1654578,351916,6188300,721959,754010,491773,528780,808215,1585781,4695
1060618,1514188,1700809,1602606,342659,6023709,695738,726260,527848,591821,1197268,878347,3208
1338386,1480004,1664441,1047433,235828,5511259,733048,765184,541291,596633,1565331,2441289,4671
1706625,1670510,2079906,1579800,237933,4884836,271919,511911,503472,570533,1510066,2479634,6673
2025313,1872371,2458996,1844645,449421,6675472,919797,747369,474477,525782,1190142,2582458,6369
1019742,1482045,1642970,1583809,351080,6220605,720081,750378,546028,598347,1181169,890292,3244
1388578,1503348,1684480,1056772,231814,5372944,688284,715969,534885,586544,1540429,2463349,4890
1627615,1725650,2049601,1568002,230652,5466156,269198,507621,480509,592812,1583116,2445938,6093
1653742,1700459,2079681,1577350,350146,6085718,721935,520024,452975,440784,1134319,1632979,6180
1368359,1646919,2093416,1852388,455408,6723327,917077,955986,592870,661502,1498131,900952,3340
1334295,1497486,1651379,1044383,235451,5426250,723068,754907,530257,578293,1547317,2412742,4698
1661356,1625959,2073439,1595780,237952,5375369,270086,519093,467913,572566,1528232,2455652,6277
1700599,1554889,1934924,1460144,326609,5761476,673712,511750,439706,425649,1097533,1614397,6019
1361754,1410002,2019564,1568643,345268,6172893,707831,738856,514814,568554,1148107,879631,3253
1694369,1389354,1594025,1280098,353579,6527972,1147621,1185429,604455,670170,2256938,3288020,5728
1985572,1737595,2299644,1725860,425518,5744090,479258,523269,427239,530834,1496721,3178667,7054
1669965,1565245,1958165,1500954,330712,5820484,678970,545515,434007,421661,1021255,1514529,6161
1397727,1437755,2057569,1545285,346245,5791476,703427,734298,506553,564409,1173559,870595,3227
1351890,1237142,1230192,1272561,238750,5827650,722296,755554,501561,563857,1520748,1611563,4557
1726215,1557865,2002339,1271340,237918,4622355,485576,502160,492140,547058,1472831,2417220,6449
2028444,1764786,2386390,1776896,444801,6474533,697610,737701,445192,484338,1158572,2554432,7647
1024011,1493057,2031490,1573298,352443,6043703,721661,753335,529714,582390,1158208,866612,2993
1411771,1323324,1280363,1246734,224128,6005170,681955,705850,518034,564549,1501961,1996174,5031
1646642,1655528,2017174,1284945,231351,4706017,488874,515450,518198,576052,1559015,2491587,6135
1697619,1723761,2112712,1616288,354452,6131564,503961,528317,422581,516092,1140734,2426405,6532
1345663,1685231,2481065,1833253,444695,6566262,898397,937761,582357,581125,1192955,908593,5031
1319661,1349304,1250972,1017267,238410,6054474,731405,763610,528103,586960,1570658,2432241,4505
1659323,1692643,2081680,1594376,238138,4791230,269748,508855,527380,584859,1517427,2404088,6067
1662350,1678099,2023203,1564015,329754,6107314,602979,510452,406339,520506,1170535,2466458,6299
1294124,1648821,2021198,1578108,353788,6096065,726891,758516,522130,502833,791715,876273,4473
1413093,1357325,1723340,1357092,356020,6754800,925292,956580,590430,649803,1943646,2523121,5051
1659241,1681442,2061613,1593341,235265,4802987,269447,519788,551762,609520,1600599,2499409,6186
1944404,1936367,2488770,1885827,462631,6938276,944893,750526,422119,470774,1157124,3078941,7314
1340116,1725126,2089355,1600749,345663,5968731,701286,732103,527606,578381,768239,877622,3255
1004538,1362337,1447456,1307334,344476,6021080,720440,751932,533498,589033,1534723,1622111,2995
1962571,1740285,2102402,1606312,237599,5436075,491011,745318,577719,635882,1864476,3200661,7449
1724061,1682762,2084709,1582708,336980,6276634,697590,509038,414487,454688,1202774,2582052,6764
1328882,1656949,2044201,1591889,356941,6192743,730511,762362,527743,576157,801554,890321,3270
1046796,1256249,1249836,1308202,349532,5908040,698499,722837,522564,568625,1536558,1700729,3344
1636377,1684108,2051907,1330039,123053,4747379,487944,751695,533293,581647,1578948,2477794,6159
1675735,1676280,2083091,1592077,352115,5721402,497385,280718,460440,516185,1506563,2385068,6109
1705375,1798562,2422509,1802062,440556,6635733,887009,926897,506633,572497,791005,1591411,4657
1037077,1366227,1261253,1315283,348931,6167903,730560,762391,531372,598449,1560755,1630322,2965
1692038,1731700,2092701,1343622,124054,4864040,493490,727699,535395,594527,1508463,2418725,6610
1673524,1657350,2076870,1595397,341665,6207520,480663,278541,418723,527333,1599306,2566122,6375
1598022,1671255,2045347,1569665,351655,6192775,721425,754645,516064,504902,788233,866261,4439
1124328,1456363,1743451,1639936,448211,6911836,906292,937677,583723,646756,1834837,1597032,3611
1683727,1608807,2037339,1315131,124153,4815277,492854,764532,534410,592322,1605092,2503412,6126
1633634,1702749,2081922,1628422,352109,6273178,496811,282965,427847,522491,1515407,2347909,5955
1991090,1892955,2461235,1844254,443695,6569856,892597,724927,518811,506011,1154927,1633585,5894
1053779,1341391,1680729,1603235,345729,6294990,722837,753345,546066,605165,1579239,872456,3149
1990063,1673567,2064879,1306300,237701,5456121,717637,742295,554882,620353,1840918,3193542,7603
1678264,1697726,2044270,1564230,324872,6220168,457792,335674,436733,550870,1469958,2454982,6333
1645750,1667746,2073469,1602065,352546,6290006,724903,758541,536684,527224,824415,931295,4755
1055526,1359571,1738008,1645999,351606,6314245,700649,726493,537777,589954,1554908,883607,3254
1630707,1488255,1661675,1051880,125075,5542335,705300,742790,526006,579736,1563281,2436590,5975
1675982,1695584,2105015,1633641,355913,5687082,267481,281297,459615,574840,1509880,2412043,6235
1653168,1866901,2438533,1817220,447954,6472774,898630,937829,531259,519404,817588,1685444,6059
1038945,1359888,1697406,1514659,334025,6138016,703121,737000,566537,600536,1553674,1248877,3283
1720012,1512148,1667694,1033987,123442,5455288,716666,737754,515182,574359,1520553,2447610,6321
1677542,1693728,2061579,1583943,341503,5534784,267799,280781,465984,585520,1580942,2562102,6177
1616575,1626387,2003939,1556027,351518,6164730,721315,753201,483087,459472,786715,1600792,5771
1034643,1581931,2127862,1639172,469220,6844043,927213,957602,590916,648967,1516825,1677056,3273
1649627,1496359,1688422,1324119,126139,5577328,496587,763735,527438,572251,1583730,2523260,6439
1679110,1856484,2468095,1848473,465669,6058134,677554,516525,510772,619431,1476623,2364915,6040
1996168,1849312,2437543,1826427,434587,6595074,805996,730175,464938,511751,1131011,2401059,7828
1042089,1515134,2070323,1589222,346169,6087593,721557,751326,532635,577399,1184447,893458,3223
1698964,1473777,1683546,1324870,237388,6200750,722999,974406,581736,647749,1903279,3248681,6242
1659403,1672343,2063594,1582236,338320,5551784,484389,282405,461149,523163,1568331,2520683,6131
1660264,1714135,2070326,1615044,354678,6442426,727940,760065,504164,549047,809049,1649390,4589
1146346,1563564,1877173,1681178,354307,6436003,711029,733449,545215,600734,1219424,927322,3573
1358285,1408829,1329368,1093918,237233,6228702,724130,764716,549216,611955,1629628,2519104,4645
2030644,1969135,2540289,1937947,358740,5625479,508633,522916,543738,596368,1897806,3132053,7445
1733789,1745329,2116684,1626242,343959,6166417,698756,729595,486091,530858,837988,1729863,5055
1078498,1557297,1686639,1628992,352415,6223034,733645,763840,570361,609140,1232920,878741,2991
1467619,1633469,1749867,1121754,241192,5728813,717593,737165,562743,622907,1576327,2452976,4847
1716217,1784465,2106505,1619010,235588,5420449,265936,508915,511383,612113,1622522,2577227,6264
1667255,1818863,2095825,1647932,339664,6378976,697318,490531,460050,501732,1217546,2222916,6058
1451701,1739262,2111543,1892562,468470,6612400,926478,960483,585622,643261,1206948,913384,3348
1420046,1552463,1688568,1068933,235153,5564763,722196,762627,541856,596980,1592501,2478894,4613
1725982,1666302,2041400,1568669,241697,5466911,276130,505353,453354,559932,1477833,2322604,5929
1752791,1674899,2079852,1571312,344219,5965584,697452,507001,460407,447505,1189601,1712799,6244
1640790,1727125,2396220,1822179,453121,6831460,732009,764597,525417,657098,1468124,1572859,4338
1462713,1414614,1637339,1285712,298746,5993233,902383,927508,533951,596818,1776644,2297367,4780
1731606,1596255,2016252,1539597,231015,5417214,267496,498979,446328,558691,1526598,2499105,6333
1689845,1605299,2048926,1583309,357811,6165268,733055,520668,451012,432746,1160521,1651123,6112
1433587,1465210,2105801,1617388,347206,6085872,692982,718616,515729,565431,1160308,924936,3645
1368103,1237694,1229981,1257916,230467,6091214,718462,756791,503667,562447,1551147,1678870,4577
1996805,1818508,2450509,1574174,352192,5424865,497555,518917,490654,608871,1805242,3081046,7380
1700367,1616906,2047847,1559565,329760,6045988,668936,620807,445190,427853,951625,1634744,6448
1369206,1404870,2014190,1541490,345679,6029730,718502,752002,487236,540290,1138495,876880,3188
1410290,1269215,1265009,1287121,236918,6012849,713604,733552,493702,550965,1481300,1665688,4758
1765130,1643136,2058412,1299553,233134,4683957,478420,506493,524303,584823,1595857,2606255,6540
1968245,1773247,2395785,1813070,464276,6596099,719945,753347,447955,497177,1141922,2351178,7230
1053132,1429557,2044200,1559698,348877,5903000,696926,724408,498572,554776,1153383,909273,3225
1381101,1234764,1254014,1129975,224919,6020480,703729,744368,499006,559053,1542739,2303961,4490
1735242,1404287,1656575,1310395,128653,5606990,505301,752169,485447,534250,1470992,2416389,6407
1754121,1577014,2031250,1544114,333849,5511686,482984,281195,443706,492619,1534836,2535694,6704
1712653,1560772,1994086,1542052,348997,6078512,722155,753428,446908,497800,776089,1620196,4503
1397607,1635800,2017319,1831556,473553,6525800,944146,1181009,616340,684587,1879042,2448321,4536
1713401,1555780,1970213,1272664,125430,4700404,479602,729038,499025,555605,1517896,2463043,6080
1677043,1595807,2021964,1563595,348852,5793203,488525,281665,434097,489646,1465443,2315934,6003
1731550,1586948,2001989,1523474,331929,5798657,664730,694061,440954,489954,769528,1616950,4766
1083536,1405992,1665737,1549156,349256,6025595,734510,766714,496033,558105,1168419,917290,3196
1685173,1640774,2044441,1304103,239451,5459088,724048,966187,557101,620183,1822631,3137381,6023
1761482,1622660,2020061,1537598,333609,5994827,471054,276848,395403,494278,1529128,2501219,6360
1690259,1557521,2003925,1545458,348002,6048792,718071,753058,503618,492293,771455,880358,4573
1071901,1315386,1642772,1564792,345884,6054785,698188,720029,503793,557767,1457161,880777,3205
1442436,1414712,1610809,1039866,195066,5307562,660459,700631,512038,571561,1493420,2354149,4775
2004621,1790844,2444999,1854822,350703,6088139,496427,520416,438996,543862,1832470,3057656,7389
1754303,1591077,2009522,1532271,336222,5903610,678762,708650,491496,493407,783901,889002,4934
1044102,1383042,1958015,1506181,341136,6040565,709774,740824,491058,554962,1130480,870438,3055
1401554,1277888,1263180,1037636,239463,6064968,715868,739175,509036,566346,1494705,2416132,4635
1702293,1610551,2032670,1537581,233591,4857955,274405,514014,509818,572110,1570387,2543364,6289
1934326,1737489,2308804,1765079,441662,6691224,560096,509277,378992,538682,1434002,2910578,6918
1695862,1777859,2818641,1792574,466737,6443462,1135136,1173420,595129,609482,1514686,1670292,5995
1371125,1242116,1261428,1031157,232539,5955096,716477,758500,498655,555775,1545031,2444700,4588
1705985,1632257,2068401,1584695,234519,4864562,272229,523681,503522,553028,1469245,2373757,6319
1764907,1582911,2016907,1520749,331927,5845435,673471,481245,400539,439631,1167896,2470516,6417
1364868,1575036,2009115,1537150,342310,6053646,711613,743444,505454,561404,782481,892929,3255
1343188,1336506,1458861,1280284,340707,6782369,910084,935015,558710,626114,1834849,2475455,4592
1693094,1666484,2055976,1562265,230968,5052676,269258,509180,529735,602703,1583390,2516846,6136
1681406,1723880,2084591,1628332,355964,6352132,728809,517408,429389,456440,1190122,2375062,5855
1364561,1699477,2102226,1627971,349369,6066862,698153,723728,537792,580004,806275,886674,3347
1042959,1324937,1296305,1339797,341203,6220043,722689,765226,552587,613270,1625031,1674707,3166
1996524,1854404,2480580,1610972,242569,4951688,497616,753212,578600,639798,1859032,3155625,7508
1703151,1745339,2084234,1584219,340696,6200834,693807,502973,430087,473229,1190930,2534441,6321
4799291,1787611,5981887,4111220,877228,10284591,1760496,1923591,538877,640516,3351021,7442213,6126
1052953,1253592,1234108,1291569,351826,6056360,711521,731967,498571,550571,1480114,1658270,3202
1720625,1608744,2044488,1299974,127150,4858566,487910,745758,512842,574187,1570641,2546302,6318
2018978,1772153,2395906,1818869,465862,6711701,721315,519870,443892,490559,1492196,2339375,7246
1406155,1579217,2043632,1566364,350487,5925861,701632,725496,492959,546582,1070477,894910,3427
1365319,1230661,1232571,1269039,330706,6492400,913447,964244,575457,638072,1912666,2373353,4469
1694571,1648070,2058426,1287690,124034,4716553,497032,752905,507568,558907,1487098,2371912,6088
1733178,1572178,1990267,1523508,332749,5369442,269692,282150,442958,558530,1532730,2491608,6419
1668093,1580838,1992765,1534375,346261,6032524,712330,743493,447464,430173,758282,1603975,5814
5088910,1651044,6966623,4765568,1088558,10643458,1901703,2031087,563590,664596,3592596,7627981,7712
1689061,1524374,1697868,1302833,123459,5541226,497970,747651,547395,598952,1601388,2534468,6556
1694640,1688777,2079293,1620944,341634,5649661,288321,285175,476140,588184,1506959,2303893,6231
1721967,1708491,2082820,1587625,346130,6133802,699542,730445,489250,487144,831743,1728307,6446
1036896,1547203,2058737,1602753,347481,6153468,733092,764582,569648,621291,1181927,857214,2910
1682019,1537534,1716688,1350278,238792,6283149,714714,973056,590230,649798,1862262,3141814,6084
1711853,1729296,2080399,1580946,337089,5667924,482935,283665,484946,534910,1570168,2516134,6381
1677163,1657799,2075405,1620557,354569,6359099,729177,758974,484262,538975,810880,1629001,4777
1074212,1515351,2015495,1643233,337596,6310618,675277,697800,556149,609796,1179674,895870,3302
1388847,1341836,1318190,1100817,230202,6147306,712564,756608,562980,608698,1618739,2553201,4838
5695074,2102616,7656072,5664139,1128126,10473054,1574067,1699052,561918,656179,3503855,7545158,12075
1734310,1735890,2128082,1631404,341210,6377901,687851,718096,488882,542956,837817,1689580,4960
1031299,1492135,1672721,1576940,346737,6240769,732103,764095,533999,588959,1174263,860157,2968
1336136,1537531,1684473,1076181,342910,6337213,930920,954061,606680,655827,1859408,3090839,4562
1697070,1740609,2100441,1628826,213994,5145518,272269,510088,558130,611516,1567259,2425769,6710
1679560,1728289,2084600,1623401,351837,6410570,725041,519700,430441,477115,1170453,2356445,5852
1662225,1888207,2481666,1840834,451101,6713574,900831,937826,533083,521354,819835,1684411,6183
1070096,1346338,1683762,1328185,343820,6377350,727783,762062,566837,629959,1620281,1704808,3175
1699461,1519668,1719998,1368435,125404,5663184,504177,749661,544246,584683,1532898,2447150,6192
6971058,2048934,10138470,7586086,1757781,15907113,3164486,3243060,472284,609878,5186563,9864134,11365
1732525,1600610,2040505,1591210,352162,6285236,723089,754775,476791,460005,801593,1625034,5584
1095005,1520991,2062987,1586894,461775,6633747,908595,931927,558514,621332,1495242,1656440,3228
1714850,1434939,1628357,1295998,125023,5436376,490946,752722,503137,565055,1553407,2500754,6122
1747747,1606090,2055852,1589475,351523,5431309,492042,279260,459278,503354,1487375,2371937,6325
1742626,1630300,2062484,1571949,344773,6099554,694047,724690,448332,495682,790183,1711554,4937
1069765,1439487,1614805,1522052,339046,6027160,713745,744466,508938,566587,1147117,855599,3023
1758181,1514030,1939158,1313874,240856,5893160,714618,955370,559642,621149,1813056,3121329,6351
1769463,1584380,2024540,1542644,332298,5549855,488400,286832,450205,503454,1545655,2491023,6351
1630078,1603020,1980633,1778293,461161,6543480,938662,979046,485282,543188,1103881,1602020,4510
1761052,1656977,2395708,1793911,449892,6480715,891315,931524,541147,603646,1134347,885287,3300
1383814,1269223,1264487,1289915,229362,6163251,704179,735509,512262,566600,1533698,1639859,4513
2037464,1856225,2500030,1617021,357981,5564633,494153,509373,521736,639801,1857071,3155625,7566
1716687,1625496,2033494,1540441,338867,5993698,690900,715203,443404,420417,814831,1704360,6407
1328246,1409463,1972414,1522409,334999,6125131,697769,727022,496925,550732,1154240,894405,3183
1449215,1292672,1264909,1320190,238352,6003266,702242,727274,497565,550216,1486996,1681264,4943
1727169,1614906,2003446,1294397,229647,4661633,474539,500223,527081,584489,1564157,2492248,6350
1724790,1628671,2011067,1553351,337891,6057648,484627,508152,399817,495497,1126438,2260754,6081
1677770,1640558,2739930,1847092,456315,6431439,972787,1052802,557096,576178,1365299,1360043,5421
6809637,1592178,8672137,6641177,1482755,14452552,2873653,3392170,524452,688483,6131087,11726602,9015
1660223,1708632,2077467,1420281,238723,5068598,396457,488954,554926,606346,1480345,2308053,6174
1705048,1743385,2120577,1620570,340125,6279342,479360,500763,422098,527894,1184977,2549575,6605
1347502,1686629,2070645,1596077,348266,6383747,719656,749164,537583,530503,817211,886409,4481
1387188,1331472,1711251,1359180,347664,7033614,915306,944324,605512,675143,1907506,2478610,4755
1705035,1669432,2071626,1608722,231874,5086690,275411,519496,550075,608711,1620174,2519929,6313
1663608,1706470,2107418,1658860,352402,6322509,725100,523814,435037,458712,1178459,2330409,6135
1383245,1681188,2094201,1627340,334532,6321453,669495,699735,543736,547662,830096,869309,4422
1330120,1549415,2061492,1608468,433266,7134257,912574,957028,617744,612680,1599370,1645726,4291
1994815,1716060,2134855,1643889,242895,5679238,495419,745273,606337,666934,1876457,3160586,7665
1729482,1714085,2104444,1612889,340138,6196800,693726,503099,423270,463983,1180410,2543011,6428
1362527,1713160,2101352,1611922,352497,6378362,733061,763445,542447,599611,809301,885858,3306
1082763,1339703,1319458,1360698,353719,6447677,716979,737908,548348,603582,1549661,1703299,3302
1698082,1521700,1955742,1370234,125637,5476687,489929,757625,550568,603012,1628187,2561612,6362
1981591,1843354,2487560,1908962,465673,6309347,719055,518603,479456,515588,1514467,3047488,7462
1406463,1755436,2149808,1651343,350182,6296934,700087,732194,555454,616599,833426,893714,3373
1052441,1327949,1298287,1317078,339884,6312099,715646,752111,532898,600484,1592543,1693778,3382
1690144,1710238,2137824,1358596,123203,5003854,505103,765714,555802,605870,1543860,2450602,6309
4956086,1830313,5567970,3907948,855382,10011573,1432733,1366672,432327,568575,4695190,9452533,9344
1719284,1576787,1995221,1540087,348433,6093421,724038,753596,474116,501230,790405,974517,4716
1074553,1460687,1627742,1562154,458746,6766129,911719,935940,557130,619713,1521084,1691350,3379
1709044,1612700,2010191,1286260,123659,4736714,484409,744363,510074,567700,1560290,2515559,6200
1695724,1701824,2113762,1635499,348114,6524275,493026,290618,423332,531385,1535568,2332276,6379
1734053,1706995,2132308,1637359,351131,6323750,700997,731620,547215,543913,832428,904715,4990
1341487,1504926,2041064,1851675,445725,6824966,935474,981380,613205,588301,1596120,897769,4626
1860630,1660513,2048774,1308563,154440,5476937,730217,920475,585320,634397,1832725,3074928,6823
1700948,1653480,2071458,1568708,342662,5960244,488532,279648,415024,527305,1601578,2577383,6264
1675687,1667396,2048335,1598445,347296,6306982,725098,757353,565195,559785,840604,886053,4517
1046768,1333003,1690669,1624355,353995,6318635,711714,733149,541627,603398,1538062,874614,3131
1676905,1519993,1678301,1092869,124638,5633426,710546,753671,546509,605423,1594785,2554612,6265
1971857,1846863,2469128,1891461,470561,6114103,493041,515531,457127,578236,1523039,3067034,7347
1654046,1774364,2098024,1623844,332924,6122023,668352,700082,536935,535281,821785,907762,4969
1032999,1286198,1630634,1545940,339693,6147707,721242,755944,520187,579633,1570429,877893,3124
1646113,1588818,1722027,1068939,124675,5696560,731196,755696,536852,598516,1538202,2392213,5850
1713309,1672787,2071546,1567173,336990,5569269,273107,283218,469965,595773,1555077,2484511,6339
1688690,1682987,2066476,1608705,354062,6384143,734935,767133,489871,475764,805458,1600905,5970
1062116,1489677,2052663,1591651,466129,6679408,929303,953452,573013,632087,1537237,1666104,3194
1649386,1467128,1636463,1169278,124544,5551428,570619,722863,560807,605126,1602419,2451973,6183
1661946,1686160,2082984,1622620,353147,5595753,273166,285600,493359,581361,1527895,2329118,6019
1755331,1683302,2109135,1617118,346704,6226509,696693,728198,481470,470121,840604,1736217,6338
1328336,1656367,2388474,1810216,444066,6728556,933145,980449,586678,595627,1180655,870840,4501
2013808,1738715,2099513,1629442,339001,6985377,926084,1187660,615482,672660,1868219,3802485,7272
1723853,1767761,2099611,1616516,339519,5599782,480708,279899,483750,536919,1568541,2548742,6456
1637457,1735530,2074044,1613611,348279,6363577,719936,751550,490358,472053,813003,1641863,5558
1033720,1550709,2129480,1637919,356396,6243385,713509,736984,538736,597943,1171627,887797,3182
1376403,1367003,1296187,1070373,230010,6127367,704236,749753,537980,605352,1589702,2537646,4756
2012004,1892143,2510697,1919709,353133,5617606,503909,535489,570021,608744,1921902,3088522,7565
1711187,1703220,2110936,1636863,351095,6215019,697108,728501,499723,533834,825219,1702848,4831
1052424,1532708,1709502,1617443,339035,6270508,717813,754332,553508,604485,1209907,887911,3173
1400514,1372346,1630934,1088697,236540,5950196,731488,756374,552165,600710,1543223,2411144,4734
1729136,1683238,2090939,1599786,232961,5045009,272020,504340,540975,603060,1607521,2548956,6437
1956590,1841246,2425237,1859586,460975,7020907,948927,753963,479712,532771,1176529,2387738,6000
1079424,1542473,1710521,1644157,356653,6326845,717410,739628,549174,612350,1194788,872491,3132
1363338,1503480,1668246,1078255,226757,5609689,696226,737195,556692,612747,1566009,2490559,4635
1647452,1785204,2122841,1663795,243153,5650211,270909,518237,494753,604401,1552914,2331243,5976
1743538,1660849,2131570,1643387,348627,6402298,703255,514159,461741,464100,1199255,1757084,6587
1356408,1694057,2057463,1596832,328369,6365271,692988,725946,543117,604144,861431,882500,3112
1397330,1525580,1726481,1336972,351409,6276795,943844,978711,589648,653400,1859336,2409702,4961
2045723,1865332,2497591,1889948,332210,6390659,467213,722062,496797,587793,1608986,3339135,7934
1648676,1680788,2057094,1608260,343772,6414724,714923,519693,488741,472447,1186536,1597243,6003
1390567,1549644,2144319,1670797,357344,6313871,718361,739922,554944,607819,1184575,872563,3087
1377356,1309015,1291573,1338353,232360,6211651,704969,743872,556427,608497,1586556,1686722,4412
1954991,1853364,2450343,1610849,277621,5737126,496067,649490,547547,655809,1840872,2977923,7475
1755352,1699759,2114977,1647166,347889,6307524,693367,501653,474932,460417,1179188,1713883,6635
1413805,1429726,2027029,1556870,341390,6144689,718699,750250,512124,567680,1189182,895696,3214
1435026,1283369,1276925,1336821,237584,6145602,711619,737751,501877,558506,1475065,1609082,4635
1783291,1590237,2067217,1296295,234337,4807011,480979,504343,508389,566957,1573874,2576882,6442
1976616,1784218,2388481,1813822,459510,6846032,723901,754442,452825,510884,1166749,2395580,7157
1252167,1425398,2010579,1544482,333709,5966831,673847,694359,498580,555331,1125399,881249,3139
1383425,1221070,1225056,1281291,230378,6024914,714462,755835,507144,569949,1567332,1705327,4475
1711237,1598491,2028037,1298423,239401,4830114,497208,519089,505423,562018,1489480,2306029,6053
1763272,1636407,2099360,1613008,347633,6059310,480778,503739,404343,507224,1176313,2529803,6546
1416363,1579679,2016909,1541182,340690,5994336,725194,763343,504527,505292,802046,920279,4702
1429738,1270479,1639505,1281148,351272,6744814,948399,979932,559780,619834,1826849,2398728,4805
2093925,1773553,2445297,1707310,332950,5542417,501656,503744,517474,564468,1926768,3298072,7810
1733522,1546503,1955202,1506037,333859,5976607,494874,517215,394158,492041,1094753,2295991,5989
1401824,1649683,2084239,1595508,351660,6073130,710945,734284,505105,499148,779983,886145,4924
1054278,1256452,1619346,1300814,329460,6088793,689195,727949,516653,577064,1558136,1675560,3092
1719974,1572056,2020308,1285978,228631,5328697,702133,959670,544059,603287,1768334,3001074,6158
1781777,1614517,2084148,1570923,342270,6042743,480807,286885,393687,495758,1574359,2584418,6864
1676315,1601199,2002021,1541363,345915,6155590,722716,752530,473358,502787,797008,953962,4530
1078919,1437709,1646640,1550493,332918,6136867,679874,700357,508063,562322,1116806,872637,3103
1423470,1456947,1641866,1038948,230159,5459692,686504,727980,511261,560043,1537000,2514135,4821
2029619,1961974,2456584,1883541,345450,6248313,474980,523142,512601,625924,1930070,3056806,7340
1768728,1583903,2037942,1565287,349798,6065331,700440,725282,500748,497964,800515,886529,4709
1078354,1271023,1615764,1543364,337497,6037488,710529,752548,516859,573788,1558504,867673,3019
1671735,1459008,1679791,1037665,127379,5382528,740840,773862,512596,558607,1509855,2407399,5808
1722288,1613044,1993380,1514592,254738,5400598,270211,416253,442142,556522,1477558,2381796,6197
2020762,1758741,2387932,1812261,455854,6792505,952688,757829,519425,518180,1154819,1634887,5806
1104466,1271022,1696329,1622855,350165,6420729,715456,736667,514961,578216,1494289,877806,3123
2084512,1616570,2018341,1274165,232228,5508951,697951,738311,557514,619323,1915803,3346056,7505
2011491,1782358,2441473,1866773,462989,6323158,270061,282099,445582,635670,1877444,3060486,7307
1744350,1605984,2028102,1558090,340818,6001745,677548,701106,453180,438506,789292,1652738,6477
1351593,1612655,1989823,1538326,326736,6082526,694010,727190,524814,511939,787459,890583,4339
1425011,1217090,1627537,1273650,349049,6647147,944720,972675,538446,592740,1815215,2378445,4598
1780903,1613520,2023370,1538226,230971,4843070,271676,499677,495339,560449,1533894,2534288,6596
1711137,1603935,2012281,1559116,349722,6061418,727360,533333,404545,445735,1143623,2393853,5972
1423727,1674776,2087590,1604332,352550,6101954,704757,726034,505806,560779,793555,885012,3226
1072832,1268373,1254105,1286466,327061,5950657,684702,727292,526880,592936,1551103,1670283,3126
1982890,1612162,2183161,1580748,241548,5343270,453275,709176,568948,618230,1806360,2957895,7427
1742842,1625152,2033294,1564241,342764,6055461,685217,504975,388187,432234,1133174,2498265,6361
1353759,1613942,2008227,1558106,337189,6110260,712164,745032,537606,588884,791813,841481,2884
1063656,1277546,1251564,1302301,356332,6089652,731245,754333,505959,553537,1494610,1635543,3113
1780996,1588670,2035612,1264857,123862,4718812,491070,735401,493187,555252,1551870,2559315,6426
1971962,1860672,2431103,1855105,461408,6920556,723283,518925,441038,543346,1542580,2532213,7187
1374560,1696824,2129507,1652816,356022,6452864,718086,737486,544374,592007,834766,913849,3419
1067632,1314049,1272086,1331348,337112,6144250,706242,745123,544520,593251,1600508,1699564,3120
1685129,1689433,2087499,1336664,124864,4897156,497588,755949,538899,593422,1546529,2356803,5964
2040335,1923434,2493298,1607080,336170,5663546,467799,490360,551905,668328,1957852,3258302,7814
1616039,1814458,2415684,1845871,455659,6853236,948062,988562,543708,514408,800452,1627065,5906
1052256,1338118,1710469,1440700,355721,6252860,724281,744380,534011,578411,1542755,1578813,3240
1722926,1518426,1673537,1081989,124409,5500314,673844,718356,544085,593911,1557882,2473848,6231
1715282,1711397,2130544,1650594,359193,5795366,271269,283515,501825,623429,1579641,2422023,6357
1689295,1737284,2116770,1647625,351166,6245510,700033,723394,487222,465621,807323,1702980,6436
1036189,1543445,2081784,1613642,339668,6341075,715471,752343,558132,623661,1204983,874900,3028
1743343,1757658,1823317,1434642,239781,6398930,723129,999463,639924,702080,1943518,3168339,6190
1780121,1868976,2137010,1651591,231141,5501348,273568,510338,539012,638337,1645780,2566149,6525
1666939,1812522,2092252,1654873,338282,6370982,697233,491688,457566,503322,1224948,2166954,5925
1450547,1830634,2170756,1669451,351688,6421491,706759,730208,573158,631154,857688,898209,3396
1093404,1546173,1354875,1373896,343436,6321881,718268,760504,594896,650053,1681087,1755437,3033
1990428,1966963,2517784,1658432,240234,5849051,502069,750479,569010,695159,1920812,3047667,7367
1793268,1816198,2194036,1696172,349064,6445602,701986,511772,517396,513597,1248761,1715551,6401
1438771,1564270,2134025,1670364,348151,6524612,732752,764674,586330,627972,1240258,883629,3182
1214069,1416917,1363980,1409949,296495,6461782,697583,716037,578881,630759,1551323,1580065,3540
1772635,1710814,2101042,1357387,187620,5745792,654570,918220,612112,685529,1944329,3223093,6742
1943098,1853780,2440341,1867730,462750,7071679,721738,518429,492816,558080,1553100,2356130,7090
1383885,1557529,2112697,1636871,353324,6349152,708794,730181,554880,604566,1168147,853038,3029
1378537,1385292,1330396,1380618,232178,6350933,708483,750235,565951,615023,1581628,1671576,4554
1665343,1743522,2098422,1364160,237666,4825995,505420,527642,541797,600290,1521619,2344272,5797
1767867,1739780,2158859,1628488,348280,6316763,486018,445122,432445,534918,1358979,2572474,6670
1651916,1718051,2078758,1614005,348439,6444280,733973,762247,553277,544219,824060,868905,4550
1372050,1351624,1674861,1608103,352341,6916885,956672,978362,581394,636817,1867999,1678377,4717
1731430,1658255,2085803,1322054,229708,4956815,480232,505833,555762,600197,1616072,2563747,6590
1676529,1686444,2064175,1612264,351584,6351300,494721,514459,448549,532124,1186684,2377003,5737
1416698,1645807,2055078,1568929,346031,6040337,693645,716600,497330,500583,789452,883777,4783
1097691,1257115,1620059,1401921,331713,5918033,695593,737907,517180,567093,1531573,1525601,3024
2017439,1678266,2086711,1318720,238132,5601888,735118,767303,569402,631850,1864135,3099995,7402
1740504,1701023,2099108,1603850,344558,6212665,479864,501226,437195,534800,1192663,2534038,6478
1373495,1691391,2100723,1626811,347687,6446932,736149,770318,566023,550702,850943,908551,4776
1033217,1588378,1719319,1621886,350734,6566087,709026,728367,544389,600833,1186656,905259,3182
1353790,1694104,2052209,1327628,340105,6336327,923788,978639,618347,672344,1616656,2556800,4544
1953258,1901037,2497861,2208808,462373,6636695,717775,740215,630605,680462,2274538,3077613,6915
1710991,1749285,2142668,1670511,341341,6349319,683352,709135,487359,527409,824370,1607189,5092
1066372,1526659,1715582,1641822,345149,6370470,727149,766475,565615,630953,1256162,887041,3276
1385225,1536600,1716435,1099054,238489,5786998,722468,748491,557220,615344,1539195,2370727,4758
1736786,1688066,2078237,1595783,232510,5672905,270396,495475,492306,611623,1598061,2545833,6721
1979010,1860729,2467599,1914192,461475,7169996,951539,752942,557253,543831,1190407,1662948,6129
1042921,1434027,1749292,1653344,356217,6388949,720038,739295,533539,591904,1515636,869696,3074
1422569,1574201,1709597,1082695,200171,5817429,675707,712748,558558,611473,1573409,2457223,4999
1695207,1696422,2097260,1618632,239349,5776122,268946,513442,471861,587434,1536840,2358768,6094
1734273,1846112,2167335,1653706,352614,6286282,702134,509638,500967,481938,1198634,1696575,6347
1361023,1510162,2052509,1586937,334402,6177124,702461,741446,541282,588490,1200363,896134,3177
1695016,1507720,1684315,1326009,238727,6287154,960423,996567,598593,647402,1901120,2405325,5994
1733383,1655717,2078365,1609985,339303,5650460,269832,283584,503409,597409,1604065,2539492,6341
1574409,1709710,2049707,1612620,333631,6396532,695851,610033,508335,473169,1049348,1536649,5769
1401710,1519471,2131738,1652875,356586,6492784,720557,741850,525550,585261,1179336,884825,3140
1399666,1369853,1287352,1344058,235235,6305659,710313,751787,548978,616574,1613045,1723510,4629
2011673,1821839,2448130,1590657,351318,5636105,488061,509836,550102,665759,1879906,3062980,7549
1726847,1783357,2513083,1911739,450345,6849508,891446,924396,547084,546299,1170010,1685499,6249
1032891,1526324,2054306,1580380,337721,6202457,713519,753862,548461,603413,1203843,873139,3194
1338270,1379467,1284928,1234132,224840,6356235,696103,721881,539996,597334,1483393,2001556,4531
1710464,1726035,2122098,1330625,231992,4966803,490301,512041,549097,609826,1581869,2561326,6353
1978505,1894406,2514258,1917784,473965,6488259,734477,529275,501160,550908,1557440,3163743,7414
1353292,1722786,2111920,1624534,353150,6238016,704733,724186,534777,598528,823218,874266,3147
1087467,1333419,1313892,1352860,338866,6325273,711377,750158,550448,606204,1603268,1717565,3478
1725207,1624415,2030811,1279090,123423,4874749,496576,744112,504953,561149,1470065,2330956,6344
1772614,1602189,2032779,1555276,340791,5568584,476622,285341,447243,496468,1525986,2518661,6580
1703488,1612600,1993408,1528058,337428,5992469,713424,746935,453965,505277,774130,1645029,4549
1370740,1453053,2035367,1829520,467612,6406721,931786,959083,544405,606564,1492763,888086,3198
1713067,1437722,1597966,1005137,123827,5256302,683180,722885,518093,576289,1534276,2510465,6435
1714734,1627269,2039434,1565485,349125,5316852,268311,283786,463480,569998,1503602,2340782,6208
1751681,1656750,2057255,1583835,351478,5946877,705577,735379,455064,445890,788720,1743356,6488
1096944,1492659,2053040,1578961,343172,6258434,724074,762250,522968,577239,1187923,865621,2925
1663157,1569386,1695473,1316565,229592,6376757,934069,965510,580712,641373,1838946,2416319,6005
2023765,1905338,2511334,1874618,446107,6365560,470689,491408,545590,670375,1594781,2554625,6212
1679455,1683404,2045703,1590038,343777,6340099,715811,746613,509737,485642,806315,1612836,5999
1051726,1468060,2112119,1632153,356836,6248211,718032,738080,527286,579721,1176779,877574,3277
1377211,1325782,1298542,1066736,232208,6230488,704010,744779,557139,621421,1607312,2553485,4846
1965890,1896919,2491381,1871124,338730,5649342,319534,525916,563797,678251,1882691,3013245,7471
1774868,1660344,2151964,1657801,354975,6390224,705646,731891,480651,459641,827082,1769304,6835
1055837,1476753,2056711,1606289,340593,6295694,719182,753746,550811,596384,1237188,864737,3013
1391646,1292339,1300474,1080305,239759,6325930,725575,750045,544000,581437,1516291,2380639,4704
1730753,1685868,2094120,1607146,232059,4996793,269115,502232,538433,580980,1581863,2568460,6675
1969475,1842502,2476095,1904671,465413,7108874,955895,750764,490265,525270,1199468,2432116,6137
1078786,1511449,1980971,1644008,341333,6221441,687846,711873,535080,578456,1151802,901670,3262
1377939,1299989,1279487,1054886,228981,6141109,702133,744901,546152,586405,1582772,2545301,4766
1655755,1678624,2074726,1624625,237173,4968916,271143,518779,547963,588386,1537836,2321201,6046
1717777,1722758,2106456,1628000,342408,6135014,686174,494576,426485,461061,1175212,2488809,6394
1371420,1719045,2099853,1629956,346532,6313864,731450,768572,565188,604180,819115,873565,3141
1344500,1510721,1731440,1340503,353813,6348656,960612,991599,588464,650532,1880853,2405808,4636
2009601,1861545,2423082,1827450,322093,5577241,268649,503355,526696,658229,1925012,3247823,7603
1979785,1837312,2402424,1832687,451141,6906069,938660,743776,490171,483376,1192126,2431629,7229
1387967,1690996,2078982,1597737,351860,6283420,709179,730403,530385,585409,790882,875314,3122
1047312,1309475,1262042,1317249,343108,6166367,712067,751596,545058,609838,1604060,1727576,3083
1958581,1825950,2450802,1602864,242305,5476321,493435,749601,520003,640555,1856470,3062203,7088
1731088,1768768,2142389,1648780,347079,6227269,690885,503964,491393,478961,1182764,1726675,6595
1337973,1674608,2090029,1627938,342353,6206039,721795,756617,543473,595758,1086292,907232,3326
1031147,1322254,1279217,1340601,352610,6170948,723299,748929,511727,573662,1498684,1629890,3230
1719550,1760261,2109777,1338990,123911,4751823,488960,732639,526208,587705,1590005,2588708,6654
1963525,1833460,2418745,1838714,459410,6769327,720118,517915,469363,502850,1531624,2410209,7484
1395641,1514629,2076040,1610701,345855,6113299,701069,723809,522116,579078,1160123,895593,3135
1414647,1452275,1397044,1434835,240513,6365757,717818,758517,608699,678387,1704773,1795691,5246
1671138,1708148,2077675,1340228,228141,4766934,497044,538127,526400,574700,1508638,2311586,6166
1674341,1751022,2126848,1643169,347967,6066827,473545,290951,429529,537766,1560415,2527580,6538
1666975,1692328,2426593,1839946,448213,6614737,939104,987214,584241,597304,1186492,894904,4697
1387740,1334556,1315005,1348831,240066,6248401,723636,752750,528388,581830,1523866,1668050,4890
1695689,1684700,2091316,1327557,232516,5017232,473517,496453,532262,586072,1579400,2536649,6508
1993289,1811969,2420859,1851254,453694,6994555,709358,738611,467979,529781,1185059,2400971,7343
1431159,1747743,2142901,1626791,354875,6153103,717891,741679,527929,522230,803068,890432,4520
1033132,1331893,1668536,1526871,324039,6143468,676805,716117,544947,595461,1554377,1058395,3154
1950099,1666840,2048728,1325223,237345,5440392,721195,752973,565030,641981,1868659,3034760,7240
1709891,1783251,2139173,1636646,352295,6198815,482346,505344,435720,548010,1218593,2555762,6414
1346905,1665891,2056339,1579332,337824,6251713,714411,753313,531073,516045,794735,872660,4531
1078330,1323858,1719516,1386850,357460,6513883,734217,760912,547644,601014,1555838,1638468,3258
1682631,1528357,1688792,1334417,125243,5615345,485332,728600,545943,601663,1592551,2534801,6327
1921109,1834940,2377325,1831703,446308,6233571,599987,519640,488339,584321,1505642,3029585,7214
1358754,1656814,2093241,1618170,356171,6178461,718445,739819,532174,519581,817627,854284,4582
1045619,1301620,1651240,1308693,337578,6070034,703185,742533,534428,581875,1592012,1695742,3066
1649172,1552812,1686572,1351790,124332,5543083,495486,753285,558998,599382,1537674,2316049,5969
1727402,1728725,2140336,1655606,352893,5561256,493298,282946,493192,532511,1581524,2555523,6416
1650528,1840002,2437892,1852262,448326,6924305,938760,984653,544135,606809,837920,1681524,4701
1046576,1333188,1464399,1332374,351490,6251246,718910,747412,531443,587138,1501888,1617000,3087
1779244,1516662,1738148,1353660,125308,5646906,483673,738715,559839,613570,1621895,2623964,6759
1676651,1628581,2053643,1604845,348798,5703782,498720,284925,471637,528162,1550000,2389205,5998
2059244,1917872,2526413,1917945,462812,7027012,922507,948242,480407,528152,812365,2415774,6419
1081895,1497991,1671664,1584450,337691,6150499,701065,741105,552402,588790,1212143,902883,3171
1690342,1644697,2077571,1344288,241617,5680358,728305,997811,609073,655204,1906958,3066484,6079
1747017,1675275,2123377,1638480,350083,5806783,490439,284982,471079,530105,1583250,2555359,6468
1659672,1689974,2057983,1593392,339091,6239961,718963,755843,499834,545595,825058,1651532,4463
1075473,1531570,1725455,1664319,360836,6607393,740700,767939,534292,599960,1187090,859192,3210
1412820,1513116,1688045,1080372,231523,5715141,693542,725642,548660,612672,1612025,2577290,4979
1950488,1888568,2445721,1882300,352165,6336790,498018,510457,518374,633746,1956143,3148154,7247
1716415,1734398,2108951,1609956,354952,6241203,717572,739374,548400,536808,811770,877255,4836
1034307,1429057,1659958,1555674,334592,6276348,696481,737331,547561,604835,1513898,882028,2819
1375024,1521695,1699758,1082713,217702,5626501,703786,735399,556085,617352,1508611,2248126,4646
1736459,1764979,2136198,1648278,236826,5712716,270965,506355,512348,615913,1555372,2511214,6501
1979258,1843139,2432026,1850998,448047,6884364,942028,745042,524148,527755,1205903,1695045,6035
1058209,1347796,1710552,1653866,356872,6451723,730751,754729,551610,615374,1543477,877568,3254
1742692,1544236,1697311,1067031,124474,5746430,691811,724583,543987,607498,1584220,2555884,6597
1696349,1721486,2090537,1630622,349091,5733812,273597,286675,488609,610753,1570849,2432733,6342
2020043,1894618,2472626,1595957,352010,6000884,930161,728665,534999,520419,1500095,2429667,7327
1646138,1672297,2392820,2071862,536912,7341619,1109257,1002277,576952,636456,1840669,1571698,4448
1632408,1568108,1707034,1084846,126130,5569042,712379,741483,534226,583872,1510932,2321917,6182
1681008,1721457,2105674,1621660,346678,5353730,264278,279966,478788,583755,1557451,2524488,6612
1678516,1697071,2069235,1596229,339558,6144796,716645,751697,476126,467733,804415,1671331,6039
1531609,1902802,2690544,2052061,467570,7808871,728987,757786,535323,715493,1608866,1680584,6030
1799107,1563895,1747102,1548546,222782,6241448,677435,921114,639110,695511,2001196,2929184,6772
1930272,1827843,2419777,1603899,345136,5574152,498613,522895,528936,638732,1942488,3142130,7159
1716256,1705238,2132445,1648643,350419,6162763,711598,735223,492707,465368,830023,1668489,6177
1031232,1499981,2063877,1587410,335033,6114088,706975,748787,553845,588518,1199370,886255,3089
1352048,1310791,1282076,1071300,238082,6307126,727041,759516,539095,581432,1533913,2321449,4561
1700187,1783710,2156955,1675764,235107,4856579,267870,503570,555313,604798,1599481,2533193,6436
1950573,1861203,2416984,1848546,433235,6656337,856572,759805,490248,522018,1157186,2350377,7223
1056875,1524507,2126969,1644984,350684,6304501,725704,752573,548877,601227,1192652,870234,3172
1382442,1320239,1290669,1090303,232711,6269325,708900,742133,553712,606122,1633527,2559808,4776
1705636,1697364,2132704,1675205,238429,5094951,272421,522911,573090,616948,1592783,2423790,6144
1762402,1707285,2138929,1653904,353075,6406012,716387,508771,422469,478697,1178957,2457016,6500
1751962,1840473,2618624,2062798,520370,7416339,1084925,938506,581575,646468,1513577,1634445,4756
1417617,1294406,1267894,1041027,233166,6137647,714233,746019,523906,566020,1500173,2303818,4653
1797135,1637519,2109318,1613647,234810,4791480,267292,503307,519374,576834,1555898,2546912,6574
1750698,1580480,2006308,1546234,332705,5982050,706274,507652,402177,442592,1180032,2429585,6044
1399538,1604577,2036576,1573145,336263,6098436,697131,725413,506738,562065,795861,883293,3063
1085380,1256013,1273623,1319427,342334,6290367,706222,739840,514593,578276,1579871,1715079,3293
2014316,1748841,2388469,1572527,231546,5321090,498558,748423,521620,617666,1881125,3078901,7158
1737749,1648664,2046132,1588189,333450,6171466,677716,480983,405287,448138,1144675,2272172,6242
1404119,1593889,2016726,1550672,332871,6174107,697213,737761,514329,572371,805579,876057,3099
1084107,1278754,1255344,1313819,345948,6116921,715915,749117,518552,563767,1492273,1558114,3130
1766151,1613568,2059721,1306667,123200,4720662,483845,719411,508275,562898,1535048,2490930,6506
2013499,1743868,2368858,1794057,442728,6547844,712907,522043,448387,495553,1520707,2411606,7127
1410608,1440785,2044367,1575828,343057,6042660,708605,733014,506907,548404,1105275,870401,3067
1158331,1274741,1248516,1279514,285351,5910175,650776,678440,502444,559833,1489549,1581437,3524
1723512,1544287,1994550,1291006,123356,4730422,488662,749993,503602,552416,1503520,2378532,6004
1807243,1620350,2098918,1601031,352770,5944576,489165,279431,395945,485001,1518486,2498264,6487
1741957,1605317,2448010,1835998,444094,6734594,928726,983122,571554,575113,1181835,895356,4659
1676383,1438112,1633618,1586408,338645,6933699,727596,757312,516580,630851,1851387,2224987,5378
1763748,1694036,2068636,1326083,230399,4863915,472227,493568,525646,586926,1538056,2449794,6130
1683339,1589599,2017203,1568631,326486,6163303,464433,387984,409580,502382,1390399,2373074,6098
1715812,1589451,2088921,1598350,350382,6167440,724774,753814,490579,489499,784960,892322,4710
1424083,1235781,1650289,1565895,337760,6664467,900238,945444,566601,621954,1950817,1683273,4837
1704175,1633124,2052303,1308146,234062,4895140,505970,529758,511145,569806,1525440,2358503,6093
1769417,1645659,2076691,1604398,346116,6188999,481767,498499,397633,507126,1162320,2443604,6407
1385033,1631790,2017471,1555463,331937,6073396,696186,736865,531148,519185,808549,879372,4518
1056490,1255429,1638660,1456583,350329,6091720,725139,758255,507710,559852,1499077,1405273,3096
1738501,1413687,1660053,1034156,124833,5425848,683866,713121,500432,561346,1511227,2439663,6382
2031541,1727085,2393743,1820304,442843,6147028,497357,523177,446256,558349,1544564,3191223,7503
1420395,1642571,2052896,1587929,341868,6246407,708318,730823,512798,511789,791681,873666,4724
1103625,1220579,1614635,1266083,331542,5930271,678867,710598,498922,550853,1533583,1696053,3399
1716259,1452368,1635668,1280029,123742,5341015,497086,754390,525308,579571,1539256,2401576,6075
1813471,1586402,2073831,1596535,342687,5419376,452212,280204,445569,540940,1483817,2431972,6435
1715285,1781334,2410083,2054620,545408,7193908,1135653,1203724,575795,570242,1181864,1711169,6057
1072592,1271051,1654265,1316445,351767,6032228,727807,757971,503854,560784,1497902,1582581,3008
2103611,1630684,2074692,1605010,228620,6223929,486246,729718,502052,621244,1897224,3282516,7647
1735638,1584104,1982145,1526858,326530,5360106,483042,278072,459120,512582,1517343,2387434,6088
1750836,1628855,2071813,1591347,345199,6044644,712486,742805,442585,479438,786178,1604495,4685
1097808,1450950,1723639,1558948,441023,6600871,901283,945435,540300,614840,1531063,1693111,3393
1689121,1425177,1670165,1304222,125278,5407337,475556,737295,510671,559706,1499232,2294667,5882
1764816,1647058,2085223,1598511,348580,5494661,483713,281794,441489,500822,1491854,2425300,6306
1749175,1621377,2033329,1561007,336543,6118343,707558,749177,468239,504170,783194,1702096,4671
1080254,1483676,1650751,1582972,341986,6203139,709291,739610,517517,572620,1147943,881181,3224
1442014,1429360,1653908,1042988,236029,5391329,699613,729643,510871,561353,1554296,2520738,4843
2001890,1749675,2363526,1774338,338362,5918875,495154,520186,441289,544833,1923154,3233290,7379
1692824,1627567,2031418,1572365,333266,6194384,690422,716052,469138,510080,798074,1286489,4493
1046887,1461179,1647689,1552242,335232,6092254,689813,722120,507128,557290,1150936,865822,3071
1386308,1383820,1610351,1021350,236107,5488379,728914,762180,492312,553126,1501948,2367357,4351
1757727,1646306,2071532,1603415,237363,5507024,267377,485510,466310,575133,1489320,2400839,6270
2070763,1892890,2522615,1914724,445008,7031007,921623,746712,564420,554254,1263456,1770942,6456
1076920,1350073,1721295,1672521,356640,6369482,736927,767605,557394,597817,1567368,874116,3235
1869161,1717501,2112551,1353325,269873,5491462,672670,703062,598824,657326,1906173,3173351,6346
1718774,1639286,2067703,1600640,231056,5584125,268988,531452,491471,609553,1633757,2481443,6076
1684300,1713968,2120569,1660984,351290,6363854,727274,517386,501576,487307,1182498,1605881,5955
1426448,1527556,2106667,1894609,447194,6982914,910561,954797,610883,678043,1603375,896162,3270
1675195,1494273,1683038,1078458,124711,5713164,725740,757495,550381,610007,1595769,2389071,5896
1777829,1705026,2180200,1697747,355095,5901695,272325,283289,489582,609037,1571076,2461623,6524
1736150,1708807,2091348,1610651,338581,6290038,707577,703063,496289,483448,966959,1738508,6384
1386531,1554836,2108759,1632956,349932,6303049,725503,758120,551629,609136,1177340,873871,3265
1704135,1500761,1690755,1351505,238804,6120040,922564,963158,593288,663772,1970090,2542305,6330
1677450,1713354,2081625,1621324,339160,5613945,271037,284980,508313,632105,1614732,2461255,6017
1680831,1718251,2098751,1625098,350058,6336695,726633,754187,481664,467511,807456,1606909,5879
1098154,1491158,2095393,1613842,339194,6295639,695788,728856,550784,605257,1205053,899646,3326
1377091,1270886,1255727,1134513,235865,6159226,715393,745717,518004,575946,1523426,2272108,4624
1757842,1636510,2081065,1349511,237139,4643571,474750,496304,515665,563850,1497728,2441208,6351
2109389,1776368,2405850,1796935,441156,6593630,705670,749189,477347,522466,1199978,2551162,7615
1086388,1431350,2024176,1571042,342342,6306787,716212,749980,509337,569589,1135528,912457,3228
1432206,1276969,1287656,1060152,232046,6021625,690563,720451,495177,548611,1508993,2479281,4888
2055579,1754620,2388356,1812069,326839,4659381,266988,519174,570955,633266,1908835,3169686,7595
1714142,1611956,2062279,1585610,350076,5970930,706670,515288,400801,454521,1134620,2366003,5842
1406738,1604347,2433776,1820601,432558,6669497,883814,925200,556079,566164,1209814,902795,4744
1401411,1235225,1235527,1014753,230907,6021705,705251,736721,515819,573941,1514137,2363259,4698
1788180,1641033,2074201,1586691,227039,4633145,268520,509851,510941,560305,1499932,2411760,6425
1820085,1634812,2077996,1581541,338646,6390570,717000,528503,428625,446583,1181908,2589630,6922
1418509,1610507,2052548,1598202,346236,6115477,715103,749481,518697,564572,789069,863769,3164
1419373,1316458,1402930,1319112,332715,6723065,850676,886741,555161,620787,1816351,2357794,4859
1734150,1617204,2052335,1582939,231376,4725959,269525,521814,527327,587969,1564753,2447444,5991
1718255,1622253,2067776,1584664,346655,6073922,715728,505916,394618,436330,1146262,2348655,6072
1441233,1638195,2035701,1564273,324676,6025487,666714,700521,506340,568485,787708,903972,3409
1097157,1239778,1243834,1279471,341228,6123122,717458,749420,510021,561138,1526656,1640748,3116
2130791,1839706,2506538,1623441,239181,5561280,489830,735351,491949,628874,1910843,3259201,7984
2053898,1744674,2326971,1755763,420599,6509695,662927,478350,413424,502763,1538334,2818692,7557
1383112,1614703,2035916,1577509,347962,6169241,720283,752414,504602,557254,776141,861048,3116
1458811,1448183,1641012,1600194,446630,6770108,891072,927290,573255,631561,1550193,1671272,3327
1733748,1561207,2024285,1304878,123898,4691144,483219,746670,508200,557657,1556769,2459467,6323
2022537,1796763,2400874,1795434,344107,5907993,497178,492689,453937,552770,1777951,2992548,7157
1760452,1614665,2434295,1827040,442629,6709552,905347,949174,566970,565204,1195923,904721,4591
1255739,1296345,1266347,1317571,257885,6203535,728026,760712,515478,582505,1550696,1612244,3376
1733505,1628673,2068630,1321444,125673,4761600,483577,727398,515567,564311,1505983,2411278,6168
1726852,1650855,2050268,1569084,339236,6084543,492352,286261,396548,509076,1566690,2541538,6187
1719004,1600615,2038305,1583835,349576,6237401,719933,752124,514680,507591,793085,881108,4684
1390542,1215297,1633766,1554155,337276,6671852,893961,931219,563698,625780,1894648,1692019,4624
1718338,1610893,2018270,1314740,230661,4706227,484346,511098,510636,567886,1559030,2433832,6318
1749819,1616875,2071148,1592764,345149,6152094,487900,482118,402174,505282,1240328,2367441,6272
1742616,1641355,2062048,1577695,337232,6038099,696020,731162,514022,505026,790535,899584,4976
1082682,1289785,1653021,1575825,346253,6201395,730133,762579,521393,577205,1552001,876912,3071
2071403,1690505,2073625,1319431,238989,5416159,715164,737468,570554,628908,1879681,3214933,7659
1736862,1610525,2009598,1546364,328012,6006213,488595,514060,405006,515726,1179223,2470071,6090
1388882,1658804,2072093,1616030,351359,6178798,725968,758444,517186,508333,782053,869580,4694
1064616,1245612,1672432,1356756,344049,6002167,694446,723600,494145,548188,1508632,1591641,3271
1675153,1414756,1614434,1064403,125989,5481659,662387,731947,516594,575459,1536020,2390904,6088
2042599,1819450,2447246,1608809,351676,5431921,458619,482565,522205,626272,1811073,3006916,7172
1781924,1749506,2387349,1783250,434498,6546717,887420,930483,503079,495792,784100,1642734,5970
1083569,1294737,1629796,1298279,339291,6198865,711595,743301,538369,601243,1525805,1615291,3096
1786433,1481920,1694343,1332713,124602,5483069,489496,733970,516506,566352,1518066,2458293,6465
1747415,1588325,2010923,1532605,332557,5396441,474794,280257,469507,525036,1547218,2501948,6090
1701171,1612464,2030094,1586279,339016,6206638,697556,728549,463873,437991,792191,1619561,5939
1091669,1542731,2104452,1619009,460589,6787774,914478,950981,574880,636856,1557959,1699659,3236
1674058,1558527,1709623,1347260,123653,5497025,494893,767151,536045,592051,1606281,2485005,5984
1697556,1794274,2152421,1661622,344600,5755188,497479,280945,503022,551528,1531617,2351510,6336
1747751,1712316,2116791,1611741,338927,6344400,699784,732026,484646,536820,827728,1720656,4880
1076301,1534076,1684847,1610111,345833,6280729,722028,754509,544738,601720,1193715,870819,3162
1682151,1532030,1841356,1344796,236418,6105052,683236,932383,584931,652992,1872272,3149582,6321
1690654,1708408,2069301,1576071,335505,5510873,485317,278913,483936,538950,1595112,2516396,5959
1631011,1733180,2085995,1610931,350059,6197433,724402,756889,484254,529007,799537,1585965,4317
1024909,1522311,1706200,1639559,345797,6127332,696421,727223,527792,589493,1186868,855987,3085
1379770,1544231,1728453,1099042,235056,5777170,729893,765607,552752,620297,1604561,2459189,4516
1986907,1930998,2520017,1899207,352264,6271826,499633,521482,484263,591627,1873557,3116124,7380
1393262,1607974,1979722,1630917,442565,7052047,907722,715948,548471,613272,1853767,2372670,4721
1701768,1550746,1680064,1340109,123613,5712604,485413,741310,550290,610638,1593791,2556600,6228
1680874,1726090,2108338,1643184,351840,5795904,499291,281411,502785,545817,1565530,2360707,6083
1771485,1691534,2136190,1651431,344996,6105309,694797,502684,474973,454460,1190194,1731716,6531
1375188,1497741,2058279,1589588,339568,6114795,721944,758997,547766,607944,1210829,882977,3095
1789034,1431592,1680714,1299141,232974,6053751,940735,971893,553672,611031,1823579,2402951,6320
1800613,1627735,2079348,1585721,324209,5569671,270972,301501,454728,562771,1546523,2516316,6465
1703361,1602475,2027768,1576411,342277,6127516,713739,520675,451815,440681,1144408,1655299,6123
1454415,1458377,2086329,1602845,341894,6168282,692716,713970,516208,566420,1155521,887516,3248
1422045,1255880,1241580,1302467,223853,6036397,696283,740647,530953,591584,1571882,1713558,4757
2010683,1790559,2421360,1589050,350027,5413466,479686,501216,533022,636709,1871101,3000186,7311
1781897,1730809,2085374,1606913,340957,6164619,689515,721359,481524,473846,814926,1684654,6381
1114136,1546371,2094968,1627906,340409,6299628,724388,759568,574734,630188,1232274,849142,2879
1390148,1373233,1310344,1340767,223717,6325970,698557,722679,553845,605802,1509316,1656440,4559
1714661,1709124,2104903,1343256,232566,4922737,486632,507053,540956,599360,1600396,2536111,6535
2273156,2022996,2836827,2155691,568615,7544512,950248,992058,556508,594865,1208051,2412255,7276
1370611,1706628,2497135,1897528,449614,6134931,712391,735456,598151,650647,1523348,1591489,4613
1736191,1726744,2103578,1341433,122723,4992519,483704,729449,559102,604251,1590503,2512324,6135
1659538,1678734,2068843,1612950,344800,6174180,497648,281939,437048,539267,1576618,2395130,6034
1676227,1721401,2083968,1618901,331297,6391319,675322,696186,494066,543739,816703,1313055,4651
1053466,1463236,1668553,1594865,337152,6272309,704989,744338,549687,600856,1227780,887864,3054
1693944,1708178,2100774,1377841,236465,5742204,721802,981850,624070,690560,1937516,3014717,5890
1776580,1708161,2191279,1695862,349586,6436577,483858,284078,443598,538365,1606787,2572127,6961
1739992,1710441,2122134,1656185,339746,6518191,719235,758941,581913,551187,861323,887380,4932
1081455,1495668,1785601,1738475,353019,6487509,727619,756176,616588,654250,1624231,897188,3233
1538186,1551649,1712127,1096350,168055,5645333,673625,705244,582908,629624,1623489,2458173,5248
1967465,1955351,2486819,1936537,347390,6364678,500732,534105,539006,621580,2009604,3180416,7154
1762986,1859659,2190160,1719399,354663,6543779,721055,743275,601527,582945,905804,883206,4579
1107885,1373402,1716968,1622231,339196,6320766,708177,749644,563437,602381,1606901,877327,3109
1721228,1647368,1743147,1118913,127197,5586784,730994,761830,585322,625453,1604887,2358409,6028
1747045,1662646,2064852,1581701,343351,5328687,268120,278931,462408,571895,1515750,2474296,6548
2049773,1764000,2414070,1821809,446819,6604327,944848,958725,511732,488655,899887,1699695,6123
1080931,1285381,1657854,1586539,349333,6237172,722222,747180,515482,568279,1492404,903372,3170
2112666,1635311,2038739,1311751,223978,6135924,879703,709599,526016,577537,1905015,3240994,7681
1690644,1659122,2022655,1565012,342051,5400806,267728,281953,463345,576160,1528984,2371094,5863
1790214,1625499,2061219,1584334,344886,5998418,706425,730031,444184,440321,779570,1652148,6316
1073879,1433032,1999907,1607661,441495,6433793,918217,973781,558893,620471,1558954,1605993,3073
1693460,1438845,1646199,1028532,123246,5404901,710333,749310,516992,566792,1507655,2315568,5920
1785156,1576323,2028113,1545825,339371,5338394,271176,283949,451089,551263,1499184,2456527,6492
1737171,1592315,2015910,1552375,338781,6009724,718622,760456,448881,439032,785641,1661904,5946
1095631,1459625,2068333,1609724,342235,6208423,706587,733024,537634,584463,1168096,876246,3186
1419667,1284758,1245425,1028984,232450,6022765,689044,719346,520746,585041,1552122,2509060,4715
2026779,1731245,2363596,1803583,336659,5513577,474754,510512,515280,578892,1870497,3067800,7307
1736111,1636576,2030069,1564432,330623,6067585,675157,694834,456998,450973,791706,1662301,6049
1091657,1441243,2014800,1544800,330994,5941206,693101,734929,535429,592735,1204582,886900,3052
1399228,1295992,1246827,1007144,236278,6057243,726562,759464,512838,565815,1506112,2343886,4664
1772852,1674634,2052653,1586223,231447,4759677,270817,497652,524535,574037,1533358,2457972,6310
2024372,1751344,2389478,1801234,442981,6650123,937726,762394,462767,509236,1163087,2415954,6014
1117983,1460064,1713952,1629339,354259,6216142,726945,754343,521512,575867,1160701,908872,3201
1409969,1262455,1370227,1050390,232722,6087522,663972,695736,531428,585241,1546346,2448544,5091
2007269,1754631,2315306,1771163,324275,5402548,269320,507293,516237,633916,1825041,2969167,7085
1770064,1658725,2055860,1586663,345940,6032558,702938,496930,406850,444709,1149199,2404073,6138
1421076,1646837,2028972,1797220,438187,6657013,910609,963650,578060,644984,1181012,889784,3258
1376514,1524049,1689151,1080344,237899,5710096,723177,757930,561701,609478,1553868,2338140,4494
1741492,1694659,2141797,1664336,234145,5694562,270415,517970,489557,591149,1584867,2539359,6572
1665579,1691269,2068833,1619769,324712,6330280,691895,495642,439949,469227,1229454,1980379,6045
1396318,1701666,2149293,1671103,354283,6424394,728769,753916,564600,594892,836779,884510,3305
1087924,1352839,1301621,1359808,339433,6270698,694055,726363,575750,617275,1639090,1712432,3301
1942841,1825164,2443791,1637852,235026,5670976,497755,756116,548711,660914,1967258,3167808,7332
1697786,1718517,2130784,1653185,351564,6266470,716452,507360,504275,481595,1187887,1665653,6178
1375645,1499119,2071617,1592809,336310,6181159,701047,742137,548122,595057,1201990,878032,2962
1249452,1334253,1295823,1346446,258579,6266431,722781,752662,547131,603227,1556345,1606086,3592
1752613,1702326,2141577,1377337,123177,4768159,485256,740109,532625,588448,1578909,2554146,6390
2010756,1870224,2470497,1883935,444211,6829521,719005,521928,504051,547487,1603311,2495228,7877
1398231,1530215,2149342,1666065,352177,6466640,727341,757385,546688,606314,1191712,918125,3406
1727258,1516693,1696907,1624874,337213,6831351,903277,945535,597419,602157,1600942,1727687,6268
1967254,1934252,2488290,1640472,342717,5677191,509506,529768,578921,711145,1985529,3186114,7403
1718438,1797884,2140858,1658514,350359,6265652,488295,486695,437960,534164,1237211,2434009,6224
1727630,1671426,2461920,1856380,438006,6770850,911068,966285,595706,608610,1220221,891960,4632
1357589,1380636,1311656,1375246,237969,6242262,722938,757176,548296,617356,1564461,1609571,4621
1770081,1765936,2126700,1346787,234525,4927150,485937,506498,536224,599513,1574660,2522784,6399
1702273,1691645,2084008,1616513,332958,6247457,493471,520413,424836,547146,1227312,2456785,6199
1427445,1736876,2165388,1654347,351557,6423488,729135,760571,549663,544597,843980,930931,4872
1390827,1403886,1708923,1376250,339297,6848083,908746,951752,596529,667572,1987059,2478921,4792
1622917,1771041,2083628,1395782,235228,5059103,438060,488440,565578,615419,1550814,2307044,5790
1690449,1759448,2116987,1624675,351495,6311078,490348,505938,437824,541888,1170416,2432331,6076
1361397,1774845,2119622,1623716,336773,6336048,700536,742891,563047,554151,833185,903145,4951
1058023,1426198,1696626,1348325,344761,6346968,716518,749979,564285,616241,1552169,1609437,3221
1710527,1534811,1697877,1339200,122474,5483288,483540,728655,554744,601958,1578368,2519896,6380
1993070,1901025,2460045,1887556,444303,6443237,718908,522301,505190,560929,1635181,3262837,7682
1338842,1746030,2083137,1632014,336885,6341597,697827,725180,552094,532318,817019,869739,4237
1086081,1324713,1696675,1345563,341329,6332314,697227,731970,569632,603754,1609525,1728774,3383
1655244,1473021,1695781,1363366,127524,5818325,503164,761509,562017,600112,1583268,2390506,6006
2025002,1950869,2513033,1911708,450942,5561650,490668,276772,559500,609241,1878630,3106967,7550
1723994,1912052,2462015,1851498,444365,6845787,922029,974499,552539,605763,807121,1728824,4680
1060500,1377032,1302901,1353850,350815,6281660,722311,752643,568978,614713,1552338,1610745,3167
1678609,1537139,1861965,1352903,122881,5437305,454995,699828,544596,600276,1540503,2423030,6402
1691035,1712471,2059546,1592349,337913,5618075,494194,282143,504584,558183,1605785,2467858,5940
1696274,1752838,2141557,1649022,350633,6318447,728048,758318,493718,541081,834204,1642581,4731
1065233,1588806,1712947,1645494,449088,6876882,912455,957359,609170,679910,1604725,1720601,3206
1678714,1743398,2089805,1355980,125497,5035255,499135,759896,542341,616816,1569009,2407301,5977
1713377,1829752,2165657,1661100,355207,6289602,485924,274817,451744,564035,1568327,2479087,6310
1686474,1734062,2096875,1611713,335417,6150885,699214,743946,497700,543313,822404,1085606,4671
1082069,1548799,1708831,1635522,350763,6325428,725077,757290,545464,606095,1192240,897894,3264
1399478,1619388,1738149,1094725,234521,5674325,700329,730574,552512,608528,1574670,2510828,4795
1961556,1862543,2435504,1842040,336962,6251915,493616,520437,477959,584468,1964805,3248399,7228
1734466,1758115,2144031,1663060,351923,6532825,730271,757785,554843,542472,836674,884178,4839
1080418,1381299,1728389,1636981,340507,6302578,697887,728590,559778,617107,1622185,891125,3456
1614350,1551958,1737665,1121556,138026,5755262,736043,768959,589736,625381,1620534,2455138,5688
1743617,1726875,2112488,1642285,242525,5581980,270644,501216,496022,599559,1560020,2444702,6315
2305572,2072618,2851429,2132845,443385,6807610,922090,960650,617518,616726,1599450,2467109,7179
1051440,1368617,1720027,1660818,347039,6389514,715838,747461,592285,627621,1575744,872108,3070
1746873,1504519,1693593,1075169,123674,5530268,698980,724134,547721,590585,1566832,2507978,6311
1693107,1702959,2090518,1623702,338573,5534449,265761,281608,498775,605340,1631166,2488225,6158
1695759,1714318,2110537,1633588,349075,6186651,725257,737701,490642,461506,874788,1644970,6214
1359533,1464351,2042586,1856476,433493,6729551,882643,927945,600858,655096,1621311,922221,3276
1680240,1531702,1678932,1069919,125682,5534274,735393,769042,557753,609874,1602804,2441714,6053
1745934,1704089,2102423,1625406,345985,5584308,266052,278119,491441,596157,1534315,2431540,6334
1731369,1703310,2094017,1620062,338008,6298166,705042,744886,506820,484679,820091,1713181,6249
1043072,1532410,2069636,1614314,350199,6362179,723268,757748,542373,598070,1167105,874409,3127
1691911,1541705,1678458,1157676,235624,6313820,822975,922565,611592,674667,1899631,3200053,6415
1681906,1732142,2073522,1613854,339638,5557900,271511,282009,507236,618577,1603515,2466806,5971
1732201,1703949,2103232,1615154,351794,6158790,722057,748526,470954,467443,815719,1637561,6068
1095853,1575902,2132650,1640943,338341,6280710,694460,729324,578751,637717,1213634,902754,3357
1379195,1356093,1300418,1081115,236549,6340322,727482,761971,560113,610123,1561428,2409809,4532
1968932,1834018,2488462,1857315,352891,5375477,274545,515439,549147,616988,1846994,3185982,7285
2283527,2135693,2807879,2084656,428351,6823765,892323,932144,548797,534707,1565788,3295676,8520
1011684,1561590,2069048,1610107,351384,6228066,727380,759691,545887,598276,1169711,873728,3122
1367069,1396124,1306931,1070618,236280,6189046,699871,726071,543084,600513,1568011,2508885,4875
1686865,1661098,2054731,1589862,231039,4801351,267437,518992,538817,594803,1598085,2492647,6059
1714540,1740257,2128662,1641672,351609,6334508,725355,517849,443647,488633,1201306,2395885,6280
1382155,1698774,2080992,1865885,446965,6763173,909722,952219,593568,663363,1207990,880181,3145
1373851,1346709,1527121,1072392,235327,6149174,726840,762767,571557,613856,1587052,2423183,4635
1738633,1696077,2125400,1652551,238637,5004929,267592,507075,555364,596734,1566375,2440693,6244
1720486,1660062,2073575,1601102,336202,6203160,703243,510953,446000,474080,1226468,2548869,6251
1385178,1722892,2127152,1666778,349151,6336273,722963,757075,580281,610255,821065,886692,3273
1394337,1532126,1720914,1356188,341967,6145142,908429,943306,624032,668274,1966832,2512113,4967
1689982,1652991,2071537,1614068,231397,5498929,269850,522193,495104,599601,1608382,2449109,5916
1669832,1691126,2106403,1636373,351666,6275725,727658,518840,446689,465202,1181721,1702990,5846
1377537,1674744,2075028,1602133,331648,6279768,681394,711035,558833,598607,833298,876777,3168
1057004,1325128,1284175,1344451,346245,6308748,725475,758286,550864,600719,1572646,1627755,2992
1730776,1799750,2180990,1414297,126724,4961522,492598,735930,560932,613663,1574241,2486541,6450
1985526,1854229,2394404,1814740,438367,6136624,491300,517741,482882,597320,1579028,3263894,7348
1700738,1688066,2120493,1649746,356557,7064272,939725,979362,608674,600652,1169706,1552098,6101
1053259,1370194,1725003,1395070,343507,6210702,695592,726552,559444,607762,1619076,1692394,3189
1635209,1518856,1666180,1116427,123007,5570329,669971,728486,583128,610062,1569900,2339176,5889
1707785,1743894,2131537,1663011,351151,5631834,268288,280279,505426,610509,1546239,2414796,6250
1703014,1864886,2455968,1857025,441031,6760425,911169,967851,560539,536746,831816,1710437,6191
1065836,1394056,1711608,1363418,345791,6314541,721995,756036,557927,601250,1564011,1655425,3256
1760877,1541384,1725834,1374210,124968,5557108,487616,730069,551714,605460,1568811,2500125,6487
1687242,1712493,2062853,1613795,336028,5545719,486000,278403,505704,563956,1622889,2492183,6203
1681864,1750639,2094837,1654603,335146,6350341,698573,731907,516436,498472,842474,1629432,5939
1086462,1550833,2114654,1617504,453308,6862133,915053,955708,605950,668408,1590927,1708928,3206
1651571,1478982,1662336,1323436,123915,5580881,498394,758535,546300,600312,1574628,2397196,5915
1743909,1728147,2098748,1643190,347513,5598553,496248,279838,492687,546308,1533194,2382214,6092
1713699,1683390,2067089,1582033,336923,6003770,698395,739284,496671,550113,820661,1698700,4642
1034094,1530711,1676716,1621270,355582,6296875,736355,769198,560148,628837,1218579,859421,3049
1703863,1583120,1870532,1378998,238572,6237038,678919,923889,616620,685458,1897603,3188067,6046
1723278,1713136,2097398,1627786,337092,5707643,497681,288141,504884,562137,1627916,2535594,6269
1688398,1731124,2105443,1645086,352387,6332267,724918,757272,497223,536165,799248,1608308,4568
1401334,1624261,1711947,1627021,337929,6811803,887258,928720,617754,680804,1577979,1658703,4773
1394076,1557490,1700871,1081314,232521,5589757,727123,759868,559803,621680,1582394,2443367,4775
1728855,1786437,2156741,1656140,238200,5646611,268820,511068,478357,597604,1538609,2431603,6324
2038252,1938727,2497210,1878341,441252,6828747,910641,739337,491367,538987,1215601,1868480,6134
1038659,1534394,1666009,1598641,349910,6268496,725410,759378,533990,601098,1170217,881353,3143
1414187,1619446,1736566,1087293,238407,5653732,711620,735540,548419,602077,1580017,2501030,4868
1719302,1717384,2093086,1625468,232327,5635191,267703,516990,508788,617956,1619185,2507585,6375
1756867,1897034,2189041,1738311,347170,6617799,719146,525238,557126,547566,1269896,1608462,6332
1452954,1519996,2143601,1925304,457155,6978057,922691,962129,594077,651105,1628158,909622,3467
1619267,1531057,1703385,1087846,132927,5560541,723241,755591,564113,604240,1614898,2438958,5798
1725411,1688947,2121268,1636429,240559,5659778,267870,495540,493423,601346,1542356,2392682,6312
1726903,1688453,2077228,1593985,335903,6215570,699045,510961,492329,475180,1216804,1719756,6037
1379990,1584922,2112038,1665368,351745,6460132,729195,762496,566632,631017,1204577,863489,2889
1713708,1567043,1717842,1350908,233867,6381787,917703,944461,612265,671312,1919625,2460834,5948
1707564,1679807,2064822,1611335,336973,5636912,269688,282091,487071,598190,1584960,2470860,5937
2001034,1788763,2145780,1673572,351438,7134086,956915,989574,552924,546746,1220674,2362281,7340
1339220,1618562,2138938,1636582,432159,6837284,869394,909567,603737,681516,1583545,1644352,3315
1379925,1331981,1310920,1347851,237406,6389421,736589,771599,543254,599334,1604260,1652936,4650
2005513,1978785,2530496,1645540,345619,5714900,496262,511264,544169,669217,1891933,3136622,7355
1707327,1741516,2133508,1627361,336343,6404323,698358,739192,491662,476739,813164,1706767,6166
1055846,1576249,2090289,1630026,351924,6388327,727771,760293,554913,603112,1172629,871351,3066
1397407,1343053,1273541,1063252,235628,6257038,702088,727560,544586,603179,1576256,2465604,4700
1672070,1681639,2052732,1407157,230630,5017654,388060,491458,556231,613343,1589270,2413499,6312
1702412,1681872,2100855,1643436,351066,6297898,493093,515467,440562,532142,1173150,2350559,5993
1396581,1695345,2525214,1900955,445921,6803022,901594,943594,610853,602216,1202371,898976,4818
1367533,1351054,1299321,1078094,232387,6383460,727562,759749,566355,620627,1614949,2440147,4517
1697798,1718040,2128566,1656622,238948,5043052,272444,515953,553813,599235,1535940,2411454,6061
1728754,1726292,2095706,1626683,337297,6353231,699969,512521,445177,480255,1239643,2510126,6055
1333700,1668477,2027478,1604757,332341,6397712,688056,718548,543369,540406,818721,862592,4132
1425939,1384533,1753045,1406248,350951,7048873,922422,948825,614843,671498,1954659,2472717,4819
1707246,1682647,2082939,1628608,230068,4970485,268528,519101,561064,595865,1617024,2497738,6318
1747559,1662199,2111420,1647615,344115,6520787,719581,527365,445915,475581,1189518,2365002,6412
1423009,1693797,2155070,1651476,343324,6205304,698289,729137,550325,603647,828013,893343,3348
1079289,1356042,1335082,1366039,445840,7066072,940365,980362,632295,686590,1959952,2380716,3189
2064603,1751472,2399083,1651360,238904,5550729,493099,744614,610759,677128,1910841,3192001,7775
1740720,1726865,2107447,1633866,335879,6343803,697586,508446,431930,480835,1228412,2557403,6423
1376260,1725563,2074982,1621165,349732,6221009,724860,759313,563304,620705,819744,872648,3111
1059727,1420951,1294844,1349383,350214,6196599,707351,728907,557761,616779,1565732,1658649,3175
1724969,1669744,2047703,1345052,123731,5040182,496753,762616,547632,605597,1613959,2514039,6240
1673878,1762201,2150487,1673021,352524,6482259,500924,285065,444435,563212,1563995,2344201,6066
1711825,1965756,2546920,1903519,452750,6743227,907829,948950,557196,612782,822424,983841,4510
1021941,1370686,1308610,1339197,341080,6240465,726993,761616,539759,593611,1576626,1659363,3132
1694329,1791733,2150635,1384880,125110,5193228,496821,745524,541625,613865,1560333,2432556,6350
1702379,1732532,2089017,1597058,331884,6310519,474255,281265,430502,538638,1594133,2503342,6180
1692255,1734874,2097691,1625352,355560,6443021,735005,769185,556996,541575,817888,871273,4555
1315126,1328436,1671501,1601949,354172,6807659,934250,961747,592208,648454,1940074,1701333,4345
1684255,1663790,2023059,1313267,145719,5067711,492772,681267,550492,609572,1557805,2375773,6104
1680723,1737835,2128462,1651424,352162,6348549,501447,283779,439548,545865,1542911,2343275,6105
1772154,1779865,2170580,1671322,346544,6390685,706616,737396,563800,541276,835711,896511,5041
1080574,1339506,1717796,1631412,338302,6358753,719253,751801,548235,608787,1597807,888863,3184
2050094,1778060,2167572,1685886,342906,6186189,933618,959907,670616,736403,2248986,3152948,7131
1755143,1720015,2094647,1601776,336106,6239504,484092,509507,443215,551210,1220890,2566896,6616
1544048,1744665,2050897,1621828,336670,6396615,696505,727727,556372,550580,809877,876982,4404
1045466,1323365,1714702,1652096,350972,6221481,704843,724064,542428,598536,1561443,876541,3126
1691239,1527219,1656135,1070329,123118,5512494,706603,748205,559361,607186,1568774,2478700,6053
2060151,1935009,2591121,1974693,470214,6437736,506841,535867,503673,616696,1555726,3160385,7759
1416449,1762818,2158357,1662690,343776,6271625,696348,725851,554758,548111,826395,897704,4929
1076072,1407842,1710736,1358220,341090,6269365,723737,757273,575360,653970,1629856,1660050,3227
1676385,1574233,1682157,1168825,122733,5680538,566584,715568,549507,619432,1516814,2319784,6102
1693027,1731774,2081543,1610734,335823,5573229,270155,281958,491711,612773,1614477,2537605,6115
1625501,1705330,2069418,1614404,350253,6258186,726611,759509,484437,475344,806512,1598749,5634
1045459,1612855,2160437,1665244,469817,6895305,935725,962640,616661,676211,1569380,1664114,3183
1669829,1600093,1722796,1366213,125169,5648445,493765,756861,562208,609142,1614116,2487467,6129
1700998,1779082,2130342,1664977,350796,5762769,498505,283258,508675,558501,1551922,2346308,6075
1718075,1763002,2124977,1609829,343227,6137728,698525,729688,496086,488657,810152,1697469,5516
1099109,1519916,2507963,1914451,453896,7060312,959847,1002336,630798,681278,1631653,876587,3198
1713962,1505355,2120276,1657269,342751,7176496,935541,1195679,664354,726597,2260636,3176518,5876
1699846,1734280,2114606,1638050,336762,5639259,486360,284631,508594,548677,1647387,2547141,6197
1681716,1697059,2073312,1635712,346722,6378875,718129,750057,505270,533883,798871,1572490,4521
1078491,1534159,1730070,1654658,352586,6357062,708609,730338,550746,602326,1205040,883418,3171
1393869,1382004,1601677,1088993,231560,5876001,712997,752655,554160,618089,1635919,2502496,4677
2006565,1874808,2512230,1924366,346861,5543238,497247,521646,556143,603648,1875945,3064194,7441
1750547,1738102,2117313,1615021,342741,6134088,696585,733346,498119,543879,817887,1740735,5033
1055848,1537450,1681263,1614368,342476,6375026,723978,754508,554922,613619,1213749,874198,3098
1382776,1589691,1735292,1093972,232886,5707137,712503,734195,570228,626100,1547635,2379214,4647
1715661,1748017,2075294,1591768,228770,5593650,268416,511673,500763,609939,1582949,2535472,6432
1652194,1744738,2087864,1625534,350037,6419848,730948,523926,497236,504217,1210811,1687762,6076
1368253,1710585,2048918,1890774,450942,6720493,896976,923322,595998,660990,1259062,895800,3245
1374408,1583245,1687972,1082342,230980,5572282,714155,756900,560917,621605,1596400,2500553,4676
1665731,1788190,2104611,1643081,238211,5643479,271029,520349,513939,621937,1543441,2328334,5821
1712208,1772457,2130349,1643261,338764,6213000,689765,506661,499232,482581,1195131,1663916,6390
1396136,1548593,2092900,1620057,346206,6374651,734079,766183,557489,617575,1183638,873806,3036
1665029,1594764,1732336,1352864,239332,6312843,948834,977532,585965,651918,1876534,2407345,6105
1682238,1688724,2415237,1824592,337947,6286399,469209,674000,542300,653788,1914378,2432036,6010
1645532,1710538,2077967,1607928,351869,6227702,728039,523618,477693,467069,1172357,1606931,5836
1390756,1602421,2119010,1633019,350209,6208989,705349,727310,550341,610363,1179930,877518,3203
1329769,1370518,1280994,1326209,225767,6151791,703335,744923,552627,603931,1596206,1677207,4555
1975919,1923362,2509415,1649024,351193,5674001,498335,518712,550215,672766,1904576,3056369,7086
1741548,1765800,2178765,1661071,344775,6367193,697014,727960,517888,502143,839055,1733264,6522
1236567,1533570,2062675,1614922,330691,6302791,697709,727355,568587,605685,1208369,877986,3149
1445997,1538116,1390700,1459670,241893,6393392,727018,745698,600250,652976,1609073,1688479,4841
1726632,1814449,2123973,1368721,231205,4863059,481418,509736,564548,611968,1627265,2561564,6410
2035394,2025037,2543561,1958568,464924,7089491,731843,765461,550573,581088,1265069,2407557,7570
1090118,1445600,2043551,1576536,345899,6049816,696917,720263,517310,563132,1155556,883118,3046
1388822,1280196,1235445,1024173,229359,5859871,703297,744824,499923,554652,1527357,2452794,4556
1703588,1619187,2046177,1469681,236812,4733618,295917,520674,515238,565515,1496921,2338612,5972
1768790,1645382,2040431,1559013,330752,6062924,477743,488830,407752,506810,1155330,2467737,6646
1393498,1585624,1985624,1530266,339223,5931314,717960,750070,499751,502048,784879,861256,4322
1408810,1261252,1674154,1324002,353354,6835620,943182,971091,576887,642134,1865260,2393646,4876
1774253,1799896,2383964,1790148,320091,5421752,463691,710065,559881,628047,1533103,2494710,6418
1689404,1575772,1972376,1535475,341127,6078840,708241,502192,393237,433225,1132786,2277205,5555
1423993,1682440,2076407,1601983,346008,6093434,696424,718213,532091,560905,791480,872807,3480
1075558,1268711,1612401,1305418,324558,6150549,688143,728666,520950,572983,1540502,1640361,3151
2050622,1665886,2064105,1604893,233391,5562155,499486,755897,563605,622951,1836538,3050913,7390
1756872,1688045,2126177,1640127,339134,6235179,685993,493117,431714,474113,1217181,2515981,6655
1412121,1657651,2100698,1630637,345350,6301599,725643,759839,550961,608407,829293,930344,3448
1053352,1363183,1273240,1340682,351878,6343670,723209,743179,537396,595886,1520879,1649695,3068
1703169,1686708,2042889,1323391,123146,4994122,480391,736669,536354,595625,1581208,2538882,6081
1965085,1804018,2394637,1834116,449829,6123001,725824,520169,455229,506689,1502378,3013902,7086
1413848,1663082,2064110,1603522,344553,6015506,694801,718223,519851,573838,786649,877373,3070
1081663,1256597,1239844,1293164,327123,6013536,695069,735691,517465,572129,1554055,1637415,3151
1713876,1667729,2057408,1309680,123106,4751962,498307,749368,513953,569289,1486982,2333207,6250
1785642,1620785,2085974,1593903,343275,6122077,486455,286208,413762,517165,1579714,2554258,6426
1702914,1636798,1997045,1537698,332628,6116253,707150,738580,519408,523165,785076,876026,4614
1082512,1431558,1614890,1566028,440584,6683778,900171,925786,561844,618932,1596659,1604670,3023
2098009,1799832,2454919,1583899,232858,5666164,704167,964122,574835,568891,1544288,2483289,7665
1695887,1798888,2407408,1844669,451952,6850182,702984,518512,475938,577375,1482666,2286869,5735
1748791,1672733,2086077,1611195,346863,6115051,698174,717838,513281,501600,789919,874146,4724
1087032,1289823,1650360,1563891,333340,6096824,704402,745924,530216,589322,1563175,860034,3090
2016653,1599164,2066504,1326154,212729,5516515,707714,789227,568819,621687,1828984,3009600,7418
1781177,1685154,2074553,1570635,338855,6091982,475674,281227,413813,520403,1537343,2521093,6529
1688929,1590249,2027576,1562624,343073,5991638,723342,757563,533110,520468,794843,888824,4463
1106017,1285927,1695114,1626338,349412,6158435,712842,732285,523830,578097,1519626,896643,3198
1717047,1453629,1661206,1032076,125005,5404377,697692,736526,521756,586008,1571432,2553974,6333
2055435,1767470,2404118,1818264,345464,5280748,494586,507447,502510,556732,1809733,2989937,7442
1792236,1646708,2062483,1577930,339342,5925041,689171,722001,466526,455259,795919,1693516,5683
1058098,1486309,2010339,1546528,338129,5971734,722042,759106,526782,577932,1187698,885200,2973
1395747,1213808,1236107,1018009,229891,6075953,710926,735961,500508,553531,1462975,2307186,4328
1764830,1652686,2060001,1574545,231603,4745084,270717,506431,516613,576280,1569947,2529075,6277
2037827,1838600,2383394,1833045,446297,6742331,929096,732755,457668,504560,1175615,2329621,5848
1075178,1531947,1674986,1608445,351988,6002511,714030,736296,537863,590084,1186008,868045,3042
1491928,1534597,1649862,1104624,237335,5724177,717351,757735,563721,624696,1647277,2581030,4789
1735629,1723168,2073292,1615179,219973,4860573,276003,537196,546333,593156,1518611,2268709,6269
2123537,1940610,2462271,1874165,443080,6673419,885339,708756,498419,487808,1219534,2500111,7413
1444695,1656550,2007781,1569954,327937,6106121,697162,733662,529285,585066,833070,874893,3056
1458621,1618999,1731068,1360332,349647,6186999,949966,981344,608455,669766,1898294,2349014,4439
1803807,1702387,2070626,1586139,233029,5420670,270600,497191,478685,578832,1574943,2517607,6513
1734828,1716811,2081779,1619870,350522,6208658,729946,522833,477229,470970,1214461,1665282,5980
1433820,1694949,2075736,1603700,331709,6029982,674759,701673,529144,574863,865682,922123,3422
1066688,1292655,1596037,1493979,322976,5889600,688254,728677,507954,566714,1504774,875765,3104
2056778,1618825,2042063,1297240,233154,5217458,711961,745621,563212,621253,1818153,3024387,7199
1730775,1672429,2055088,1551748,337181,5905031,486525,508205,387150,495685,1144290,2505266,6256
1382884,1614421,2000065,1554014,338319,6091310,718166,750085,522062,511936,785700,864651,4528
1085489,1272726,1674246,1328170,346258,6093501,709877,728362,509709,562517,1506262,1610138,3236
1723784,1459327,1592521,1102278,124089,5311081,555900,699361,507242,566999,1512580,2434278,6349
1989661,1767936,2376764,1791772,453562,5822258,477315,498804,464252,566280,1530888,3028137,7164
1450372,1696688,2072611,1586426,344477,6008822,695443,718978,515025,519823,799525,894063,4790
1078388,1258764,1643353,1313906,336289,6060623,717006,759243,538624,582705,1596951,1672470,3068
1750772,1443997,1657941,1299424,127490,5395649,505873,762529,509941,563161,1490541,2372075,5984
2122200,1844360,2453876,1845702,441010,6007229,678716,495463,467716,519074,1546738,3275725,7949
1673068,1822213,2410045,1832066,453655,6751003,954505,996749,528305,508527,781243,1629863,5406
1059902,1267972,1647293,1295365,341131,5981838,701933,722672,491168,551959,1450907,1577708,3209
1721735,1453740,1632315,1283917,124694,5347335,474192,719620,522410,568965,1539697,2462930,5979
1690443,1698022,2083897,1617651,351857,5541163,499442,283384,487371,530783,1557067,2356063,6103
1768498,1587339,2068346,1590603,345613,5936178,694923,502373,455525,448125,1182405,1710732,6353
1413800,1442863,2026890,1551371,341849,5900314,722214,763206,497124,555109,1169128,909041,3164
1628529,1444062,1648302,1292484,247204,6157445,945183,975079,574253,629616,1847728,2389058,5389
1828946,1617171,1992077,1510620,223729,5301561,268095,490281,451829,558905,1500706,2450547,6318
1705442,1592542,1999259,1552577,340691,5989089,715048,512092,463444,451546,1167491,1631255,5908
1425869,1482985,2060253,1581233,346071,5993544,704891,726175,524772,574930,1153934,889232,3218
1382902,1297282,1241141,1302418,220920,6069099,690590,731081,545027,608791,1575163,1669994,4310
2011535,1903521,2492475,1660289,352840,5547113,501768,524332,556885,673586,1898637,3012286,7295
1735317,1778158,2106103,1619412,346206,6123649,697726,712226,490555,471049,859477,1694922,6246
1294747,1553796,2044484,1602881,330510,6226890,703531,737479,541793,596338,1203932,862135,3022
1384772,1382460,1316745,1376438,239436,6231061,726774,751434,556122,610824,1536322,1638388,4710
2039563,1945377,2485986,1340382,233399,4899730,699446,734260,615170,683633,1990326,3342422,7540
2244021,2078124,2786161,2112335,558648,7480955,727143,760146,480307,611168,1545942,3031362,8193
1036584,1562911,2128472,1637709,353059,6299843,716120,736305,543749,600460,1196126,870919,3077
1395207,1338826,1281283,1094917,231430,6252506,708345,750415,558237,614669,1600600,2480168,4563
1662570,1717384,2068195,1403724,238042,4946265,420567,491459,550676,602616,1502523,2210540,5866
1730432,1758726,2157615,1672141,351566,6293726,483570,507013,446336,550449,1228645,2568770,6466
1368473,1727088,2106202,1631241,340297,6333646,726110,757473,561877,551828,846133,905694,4663
1398853,1347989,1707173,1367284,348989,7015337,946042,977822,620455,669582,1910311,2411532,4791
1725782,1714078,2091834,1620967,231159,5092970,270289,507626,570327,613115,1619669,2513683,6165
1653035,1668340,2053901,1607555,346551,6390821,722979,515670,437311,469309,1196163,2358739,5717
1416957,1749172,2102208,1640010,337689,6203571,681800,704926,552702,537800,827020,881422,4455
1053009,1348942,1670743,1329918,335082,6073481,706793,750318,566772,608371,1602132,1695281,3245
1981165,1743002,2113719,1650564,236895,5620798,500138,760062,616519,673131,1933091,3053061,7392
5450110,1906500,6276280,4263521,877469,10054968,1652647,1590983,474720,547289,3854186,9763027,10116
1348709,1738273,2077447,1602136,339224,6193722,723718,759700,555049,607582,818358,869295,3205
1054267,1386784,1287241,1346764,351183,6334015,727506,751717,558202,606683,1535246,1611509,3033
1752100,1530627,1951167,1366566,127936,5515696,489248,744537,548170,600427,1638751,2585469,6545
1978516,1860341,2436193,1885392,461388,6287320,728459,522873,502693,547606,1559809,3142618,7235
1764913,1984951,2558646,1941612,458675,6367592,714326,736290,610992,674367,1165880,1621650,4699
1020288,1386126,1281593,1347460,337471,6367766,708777,751136,542917,606469,1608428,1701812,3079
1686727,1764172,2093635,1338460,124342,4932751,498563,760568,558853,609207,1542109,2329426,6179
1716540,1825941,2132882,1629349,344925,6080278,482766,282832,457289,559099,1573827,2520821,6373
1659001,1852338,2422671,1842177,447623,6791517,949751,994908,549319,585651,800963,987353,4468
1053791,1334966,1297450,1363194,353216,6411372,728837,753878,544825,598249,1521049,1622147,3116
1735708,1685767,2101856,1339724,124553,4999416,489063,737913,549759,593921,1608285,2553237,6688
1652487,1753377,2083012,1647561,339381,6354814,482112,284482,469944,565851,1582486,2320866,5930
1732592,1707482,2127334,1645445,352061,6220542,712984,732699,546125,535775,817124,890942,4840
1088020,1320890,1666790,1600280,337462,6173935,707347,746573,557108,618343,1624658,896516,3285
1864042,1699985,2024197,1320457,137105,5546370,726833,964564,594712,655247,1847081,2934686,6710
1709489,1762869,2121302,1631161,345748,6198139,482382,282907,448942,555376,1571163,2508251,6200
1663051,1725041,2062048,1596677,340185,6252405,724284,757951,554162,545955,797985,854937,4336
1059942,1414755,1716463,1635985,345541,6364331,713257,738486,555786,601656,1497833,877462,3114
1765846,1492767,1680953,1039008,123624,5544858,694693,729861,529607,588783,1587994,2562316,6536
2051009,1792166,2441923,1870930,457724,6363053,501648,522107,470691,589465,1569420,3166265,7581
2097187,1803502,2412993,1832719,432872,6004757,678458,700916,562391,560884,1132330,1601225,6266
1069761,1296912,1618490,1534045,331160,6025409,699960,739190,517205,576955,1553734,879312,3107
1700543,1468539,1638305,1036341,124512,5572260,724498,757862,534449,582947,1517239,2308696,5971
1752087,1679452,2075776,1600177,341350,5508999,267167,281613,467086,577456,1532192,2469595,6070
1735122,1793549,2415660,1817989,447224,6673895,951815,1000236,525141,527021,793917,1654324,6000
1070219,1286543,1677082,1332654,345610,6072758,716855,740352,506113,552667,1480020,1595043,3169
1770225,1454188,1626925,1124504,128346,5554641,558444,692081,505646,564289,1508659,2388395,6474
1727132,1584295,1984809,1537955,337554,5431941,270903,283302,467942,572644,1507020,2329956,6071
1769185,1688872,2082962,1601425,351358,6100209,712266,733960,466215,449483,794475,1667560,6184
1067609,1519063,2078405,1610798,336690,6247449,708481,750859,561614,611846,1190228,856774,2935
1693174,1596275,1709942,1367347,238240,6178917,727722,996861,608169,662653,1876579,3016681,5913
1721060,1743961,2123883,1641704,345393,5617420,480264,281040,476832,526606,1558999,2529083,6389
1694913,1739916,2105259,1626924,341222,6447799,721139,755233,502344,501128,845485,1687495,5805
1056105,1570355,2130000,1626852,349351,6244426,723242,752061,538266,587149,1165211,895871,3226
1433856,1359861,1292743,1063940,229969,6321241,698872,733652,562588,614849,1622804,2557270,5044
1957066,1858480,2456694,1905981,347232,5781636,500059,521739,551734,612366,1970830,3130771,7186
1779707,1721865,2156292,1944249,468614,7031827,937716,962916,556663,604215,1211377,1699280,4881
1394112,1699260,2086074,1905785,337830,6465095,710305,968670,642167,687842,1606432,1633874,4490
1375358,1406106,1569460,1070408,238066,6075078,725703,756874,542116,595209,1531779,2315667,4711
1732990,1729953,2103458,1624734,234823,4768060,265976,503705,548203,612789,1569343,2520710,6359
2000934,1904609,2462810,1883575,447156,6758361,948012,756342,516415,573382,1209428,2453224,5869
1056741,1588521,1739603,1644719,349882,6392609,727427,752348,547859,600183,1173047,893162,3268
1398981,1594698,1713733,1076033,226758,5758767,688090,724592,570939,628670,1617318,2532795,4837
1665896,1720512,2107145,1635839,234683,5679716,271523,534624,501132,615493,1606547,2430810,5891
1729829,1768260,2152784,1658630,352970,6289813,712084,507621,472210,483706,1186437,1749159,6143
1379616,1709888,2033697,1854427,427308,6814261,897665,954298,624549,674446,1221059,877408,3042
1361445,1519504,1678266,1067890,241890,5723509,736271,768933,546862,597680,1566172,2364536,4743
1737645,1748682,2133516,1663227,234428,5576491,268911,508193,511094,612233,1612064,2561136,6688
1647891,1705145,2048372,1598843,336062,6280898,716749,523030,516182,485811,1232662,1623585,5904
1387458,1515864,2134071,1671038,352745,6513122,729751,754452,558996,610651,1189149,858633,3083
1365308,1363883,1297538,1369266,237154,6356884,706482,742595,549000,620768,1626169,1678106,4336
1933949,1914577,2430733,1613361,262574,5773757,498730,672206,564758,689469,1911937,3035328,7122
1778591,1695356,2125853,1629716,353615,6307024,713070,506734,478090,476095,1171658,1694914,6485
1378230,1554535,2089567,1626715,339060,6332962,710148,750452,543196,600582,1207959,887912,3185
1669860,1588410,1695589,1617997,233282,6298311,718665,971072,619295,675215,1882854,2265065,5940
1758032,1771860,2145774,1367459,234417,5034223,480705,504500,565399,621393,1592973,2542913,6446
2000818,1878588,2481123,1895331,452107,6885277,731252,769563,506789,543781,1232509,2430584,7305
1247096,1507173,2081612,1620291,335770,6439806,698410,721544,547141,596169,1182918,860377,2975
1414600,1326311,1282357,1349355,230680,6320269,698942,732037,563027,612226,1619781,1731075,4940
1692258,1747835,2124312,1398460,237767,5135992,500586,522823,584526,629531,1593117,2399707,6054
1767684,1723653,2144751,1667993,353261,6261390,492335,511185,429234,542123,1185165,2466937,6364
1356846,1675059,2416221,1833632,442606,6675182,926914,983262,580940,588285,1191617,842991,4379
1352901,1346452,1265079,1055966,237016,6149156,726445,758749,538707,591964,1513062,2301979,4458
1740889,1774410,2108170,1486219,235170,4823340,310979,507385,549283,603245,1557224,2521656,6327
1666652,1732986,2081235,1618212,340038,6236424,497171,519498,433820,534517,1201487,2461185,6072
1381865,1771813,2130468,1659567,351092,6336433,725074,747626,561726,549373,812836,874449,4670
1084002,1399258,1714067,1357920,337826,6243399,695483,731565,556297,616724,1613522,1726523,3440
1963268,1710386,2089118,1612444,234456,5438415,495873,756367,589879,647403,1929837,3139855,7233
1737447,1761751,2121610,1621778,349499,6142168,714002,511418,436684,477140,1199508,2466675,6350
1385794,1726510,2100667,1628798,339809,6363526,710609,754510,567721,568541,834283,918111,3945
1370681,1503005,2082784,1369642,353963,6382428,945232,983069,608441,649478,1886627,2269939,4203
1739157,1521411,1717309,1362593,123686,5627999,483737,728146,558409,601190,1580224,2515427,6351
2002690,1839884,2451627,1866709,443685,6172772,712802,509439,496583,549294,1619431,3233403,7662
1435007,1672247,2115057,1654911,351473,6324942,723984,746301,549389,607668,839645,891178,3290
1088985,1356980,1294099,1361287,341512,6193107,702978,742187,563515,624351,1634588,1717088,3310
1672958,1623668,1985152,1325694,122650,5131098,497024,759764,543053,606697,1561611,2389189,5799
1714016,1774814,2121455,1666343,340566,5779321,499273,289611,512260,564106,1542543,2362635,6372
1680976,1963293,2503444,1903367,444016,6856933,929509,987035,579689,641759,818901,1679720,4461
1063090,1401282,1305876,1368483,346846,6450112,718529,750600,565711,608882,1534443,1549507,3134
1735833,1827671,2158156,1389028,124678,5038153,485122,729668,561245,612006,1587272,2533014,6395
1689141,1703086,2093990,1620936,340422,6314297,496651,282589,450550,558198,1621392,2444750,6083
1720927,1757476,2143021,1649957,350586,6358839,726465,751486,559813,548770,826432,878652,4647
1112178,1495426,1654738,1590825,437640,6942495,896288,942634,615682,669657,1726908,1744768,3122
1687072,1680926,2078906,1359555,124479,5109325,497953,755386,558063,611188,1598544,2368196,5741
1709281,1790558,2157663,1691724,346758,6393837,479205,277210,460171,557389,1580584,2430603,6317
2021535,1871473,2454222,1874700,441963,6786984,923462,981272,632351,604523,811563,865792,4561
1123658,1334748,1724964,1671667,353576,6436079,727951,760314,562490,617670,1573199,910063,3353
2038912,1742880,2131453,1098610,124460,5674138,898388,936842,610787,687150,1973429,3289707,7720
1963918,1895871,2413662,1844614,383369,6211342,495575,391690,520378,635885,1956185,3125409,7240
1713037,1799446,2143122,1650643,350403,6469897,725332,750017,567026,556904,829361,885418,4865
1065584,1372707,1698066,1620545,338718,6266521,695731,730464,543466,599040,1602664,883602,3185
1670287,1550985,1704642,1082413,123050,5715180,724981,759944,567102,623803,1562776,2387709,5876
1748255,1821207,2148359,1658350,350425,5658343,268195,282293,505294,609511,1543568,2453989,6351
1877148,1880117,2457462,1855780,441800,6859828,925275,980103,531784,518589,808682,1685339,6118
1076185,1284770,1620245,1562291,342852,6089626,708336,740433,509281,564428,1478533,880026,3197
1760839,1448984,1636709,1000526,122620,5290833,687047,718810,515907,566833,1543665,2512226,6308
1718682,1674686,2061051,1592253,345066,5500708,271048,284363,471499,592722,1610141,2494621,6003
1743107,1585642,2061582,1584797,352445,6222849,729777,754182,469560,455187,802858,1606858,5798
1088483,1469030,2052077,1561831,437419,6681342,895592,942259,582715,651228,1539009,1668668,3098
1704968,1440037,1617453,1204011,124184,5422296,520000,748381,507489,558543,1506778,2346201,5928
1779415,1685579,2088234,1613693,346932,5637778,267447,279387,472357,577549,1509218,2432571,6150
1781618,1672587,2032742,1579397,332653,6061412,698087,739169,482006,466374,813820,1687600,6264
1111783,1500659,2094324,1627729,351838,6292888,723699,760597,546674,593402,1180963,901648,3331
2070788,1426447,1610334,1273284,236062,6737291,873797,1131294,618272,689159,2231067,3983029,7263
1775522,1639509,2013364,1558544,332342,6095795,693969,504034,480649,464889,1185971,1696531,5972
1416482,1520659,2020669,1563369,346169,6075963,712712,747021,521768,564948,1106026,871358,3118
1133962,1365271,1293118,1349793,318413,6065670,665995,693960,528056,589765,1497960,1569335,3325
1730118,1644901,2046951,1328187,123036,4870591,493448,758998,546550,590961,1596026,2473597,6220
1724870,1710546,2072027,1600583,345540,6236008,498779,279168,407547,512879,1498160,2351748,6220
1782826,1691969,2523243,1888194,447435,6831005,907561,948110,588516,586876,1185490,903208,4839
1391582,1336655,1294098,1317576,231563,6171350,713570,739550,537593,577142,1526811,1632487,4583
1733780,1681457,2045301,1296708,232465,4756805,484603,502861,508580,570728,1481102,2367857,6259
1724983,1676311,2045250,1578334,327647,6205962,455045,350897,420146,519228,1469720,2480548,6172
1724067,1608359,2008259,1557457,342984,6150193,706117,735605,506912,502272,772205,874988,4600
1462998,1253278,1669668,1578643,342397,6650475,897668,932370,559724,618760,1877930,1681062,4871
1722724,1641654,2034628,1306515,229455,4780945,481902,511584,526328,583576,1570118,2445833,6062
1759005,1636968,2070926,1596017,349815,6102765,497954,519096,421447,526442,1165905,2367653,6027
1461925,1708631,2061671,1566368,334298,6038341,688773,719826,534265,530371,820420,893020,4736
1045702,1315302,1626767,1466432,332281,6139458,698284,728683,525114,588473,1525424,1244049,2939
2104910,1695799,2091298,1345367,242815,5570351,715033,737209,574465,638714,1866911,3176263,7655
2126436,1821340,2406654,1554094,337887,5995238,681774,721613,476907,580977,1549054,3281684,7659
1421655,1671957,2040308,1588804,341379,6193530,708344,738448,536682,517085,795323,885954,4788
1100003,1274145,1677741,1326226,344110,6023942,692072,718208,510963,572216,1536622,1672185,3269
1707472,1483225,1659649,1314079,123489,5464708,494154,760029,526527,575583,1584629,2454891,5966
1757282,1595854,2046877,1563275,341677,5584759,448657,282733,437256,545579,1458687,2312456,5914
1743322,1829692,2477628,1847303,445828,6589272,905695,945660,541491,521736,806211,1676702,5890
1102907,1334225,1688036,1335564,343866,6285061,720954,749528,531845,572992,1519644,1619282,3172
1763063,1482958,1675573,1316166,124020,5550167,494462,741073,517035,582296,1520673,2432630,6276
1748203,1633563,2039383,1568334,328969,5467484,488277,284404,472138,518451,1546240,2484030,6543
1718521,1655974,2051186,1588256,346780,6234671,715517,747507,473537,521333,794218,1608104,4685
1101073,1488282,1783927,1597872,451460,6714402,899855,931948,564745,626074,1508420,1671636,3346
1748723,1479582,1688047,1323082,123748,5517826,474380,738921,533934,585419,1571440,2431513,6221
1726189,1649399,2071589,1605233,347651,5526830,487358,276623,457522,509093,1502876,2353658,6066
1792023,1677070,2085107,1587642,330602,6066707,676201,707731,479012,519423,815056,1683860,4868
1093399,1493567,1669132,1582522,334901,6312960,708175,741778,526789,583777,1172809,869953,3125
2101343,1817963,2447224,1589933,344947,6168317,920195,1165456,626341,635693,1860859,3163468,7364
1794463,1627621,2035082,1563804,330704,6014460,473364,287875,423446,511640,1544048,2479228,6304
2022336,1864370,2436534,1590966,342064,6207455,921779,963186,564564,616699,1181010,2255287,5775
1103496,1450167,1663872,1609940,347747,6196598,702833,730013,529241,580122,1187381,883015,3170
1394649,1451836,1674841,1058694,231228,5536526,721917,763520,522125,580769,1581589,2463610,4521
2063684,1834966,2459495,1869782,351448,6211424,498763,497426,476805,584330,1830460,3048810,7169
1797862,1689730,2131127,1611614,342001,6234505,700927,729655,538326,527783,826350,906050,5036
1071840,1323336,1664539,1578823,346719,6157942,723317,753827,517393,574549,1525577,885996,3180
1574580,1451709,1709369,1069719,187312,5614873,690420,711470,517569,574754,1491936,2381416,5223
1757492,1661280,2038803,1556181,225809,5413443,271334,515351,477573,584827,1574304,2503091,6136
1704725,1652265,2057336,1611343,351531,6249120,725379,520911,489896,477605,1171214,1598120,5857
1397324,1487991,2045680,1827739,446800,6673759,889236,919442,566923,628864,1520583,868150,3122
1718826,1496991,1667762,1053014,123448,5474349,706056,749028,529044,581075,1561311,2439143,6106
1764480,1644851,2081908,1604704,345144,5531819,268641,279788,474845,575277,1499424,2344345,6086
1754419,1668591,2000118,1516451,311666,6061010,644926,584130,451297,447131,1005194,1633058,6422
1387217,1470706,2028333,1584217,339846,6188800,715298,747737,530597,583383,1163086,872573,3118
1753214,1465549,1669774,1313599,237441,6212485,932672,958727,561788,618326,1855341,2412944,6293
1779098,1632673,2051519,1574067,335735,5603159,274834,287478,476243,581307,1566611,2517132,6187
2009940,1688948,2124675,1666467,353785,7273710,952745,994798,562685,545221,1201362,2291087,7051
1081081,1598427,2168545,1698980,348089,6444675,704794,732126,561443,619342,1218527,893846,3195
1396087,1395397,1306460,1227540,232465,6352315,731697,774672,575495,637107,1640825,2322335,4472
2029182,1950244,2540075,1653870,351047,5809125,498210,516982,566982,685928,1899630,3106192,7480
1705758,1811376,2139005,1640785,339659,6287619,695918,728579,497723,484369,819998,1695835,6286
1060339,1573399,2091521,1636094,345395,6452286,727298,759668,580615,647934,1216825,856990,2992
1415446,1421939,1336447,1103603,244709,6517376,729384,752532,553181,614838,1558131,2464500,4671
1743682,1739065,2112089,1618735,233215,5093139,272705,514738,556303,607068,1625616,2540978,6169
1663882,1736509,2126709,1661951,355462,6537949,716309,522901,461481,536770,1206054,2347947,6071
1387380,1729356,2526820,1927763,460917,6869932,920472,952516,612714,618210,1220970,893524,4544
1366270,1354305,1326488,1113644,232396,6364058,720363,761707,585795,625265,1650077,2466977,4556
1710854,1766144,2137312,1660829,232285,5055755,270022,516989,572707,616949,1552106,2339169,6094
1729175,1727515,2140086,1639949,340910,6192636,698894,506098,445428,485216,1228931,2532922,6173
1355426,1729391,2086163,1628524,345813,6305167,726365,759081,594703,629814,826897,854055,2940
1381613,1322303,1406630,1354029,351303,6984229,913469,937699,608860,664308,1872693,2346767,4498
1729858,1760775,2132074,1656143,231457,5223188,268097,509306,565899,632889,1636452,2556123,6215
1693102,1732452,2138828,1670241,355462,6563249,730195,527523,428852,476584,1187398,2356404,6153
7958962,2082214,10476546,7657646,1585775,15019119,3013436,3541533,586428,754933,5840762,11802848,12661
1059672,1320689,1264274,1293902,332187,5982669,706903,748805,529795,584335,1559351,1658014,3176
2067470,1813314,2468480,1597139,237365,5411963,499975,756698,517616,628101,1857212,3118454,7417
1723528,1641945,1990844,1520827,317115,6007942,651683,467761,400620,437422,1148193,2132324,6299
1370352,1625769,2008606,1556021,339855,6107280,715426,747663,528868,586465,788144,856871,2960
1059000,1314626,1266089,1331268,351002,6316710,719398,741163,532646,580252,1527491,1644390,3156
1753702,1721455,2099748,1350560,126472,5138057,490279,736046,562509,621941,1612641,2533191,6328
2027777,1943777,2541027,1957017,465996,7267025,730227,522606,512331,567987,1583682,2375985,7740
1418408,1597302,2162001,1669382,348508,6270721,703282,730775,553233,616351,1206493,876344,3285
1160057,1421227,1319660,1363878,270483,6330532,692482,731878,583633,652291,1591153,1580903,3237
1703784,1761980,2135544,1361481,124647,5077281,498774,756123,543124,597705,1530840,2353857,5913
1715084,1826182,2151197,1639839,339906,6295497,482619,282112,444407,555128,1612516,2523053,6342
1681570,1739437,2100354,1641594,345931,6421132,727622,760155,569270,568047,822557,865115,4417
1435285,1410399,1747231,1669324,351139,6997603,941240,966351,600636,666016,1914820,1658068,4671
1718309,1716591,2118419,1371705,232034,5133602,487313,514854,577790,615990,1624013,2560860,6482
1951400,1921679,2468528,1900544,449676,7036401,469798,354855,466460,634693,1821834,2950095,6993
1747830,1736775,2163678,1694070,352815,6435918,710500,737711,546800,544108,829006,855666,4833
1069867,1443259,1730737,1641637,438143,7015737,926729,980886,641841,711302,1978765,1609245,3001
4950572,1848051,5429092,3337138,646667,9037364,1511216,1664954,619686,714723,4300811,8723539,10217
2378706,1680177,2836874,2149099,460967,6962344,724546,769234,422442,515964,1180044,3514849,7254
1392514,1621827,2007149,1550983,340081,6107254,715339,747700,517395,508913,780060,867438,4467
1083886,1329125,1655935,1409481,351765,6082117,720359,742213,509136,560851,1501240,1550664,3125
1730486,1468545,1623972,1031009,124430,5423951,690828,735375,507405,568206,1536545,2485122,6024
2004656,1849925,2448669,1873983,462685,6161226,493932,516770,475950,585542,1533818,3042841,7445
1390330,1610661,2017763,1563436,336611,5959180,676591,700638,502243,486675,793980,889110,4743
1047385,1314589,1639935,1296354,329080,6036361,698471,739103,528023,590400,1549135,1634121,2974
1722628,1444819,1643226,1306934,123947,5393907,496247,744849,516307,564513,1474577,2348173,6183
1762574,1659098,2080764,1564936,334927,5344130,472531,283157,458003,524984,1554420,2525686,6525
1660984,1662406,1967940,1530207,321853,6001641,676927,709071,469738,460754,785326,1612326,5764
1084540,1499984,2080001,1610703,458833,6771406,932498,961575,569486,630172,1513618,1640573,3229
1741045,1494994,1643392,1298272,125618,5532578,480154,736235,531831,589383,1578008,2510509,6073
1702245,1642315,2001241,1564017,332732,5482218,488337,281451,472119,516783,1466649,2228696,5968
1791371,1668939,2118987,1627239,355549,6074594,714582,737507,455054,495907,784359,1690983,5001
1067096,1478093,1660895,1564074,435606,6848525,919780,970619,593963,652102,1564412,1649075,3229
1747583,1483448,1799327,1324733,237749,5883834,686244,941703,553418,609471,1767768,2967736,6241
1776055,1621150,2031237,1537526,228027,5394342,266596,499209,450324,574287,1558733,2522493,6464
1680980,1600759,2015722,1574601,344026,6060650,714870,511544,451846,441203,1165391,1619552,5848
1420218,1575304,2088505,1608783,340917,6138974,693073,714499,525613,577405,1155684,885367,3088
1398290,1261916,1233502,1283704,230137,5900473,712613,755191,501940,553267,1533540,1667941,4485
2009058,1857686,2470713,1611555,346228,5520960,499057,520101,524585,624652,1870288,3038830,7284
1800039,1671999,2068516,1589541,325147,6104597,655123,614322,466320,461439,979281,1591984,6653
1390226,1468625,2017568,1559479,338213,6085273,720199,749444,527971,581616,1171673,876653,3105
1432821,1300585,1270285,1331369,237811,6269882,724145,743866,525781,568405,1519797,1652674,4667
1777351,1700719,2096278,1323279,230835,4888850,483510,509275,532408,599079,1593057,2542522,6446
2023110,1747976,2393766,1833518,452358,6732602,706824,736272,457520,511078,1169048,2342520,7195
1124843,1554870,2125227,1633477,350992,6230599,708951,730913,524395,582627,1167670,895165,3162
1397964,1294375,1251058,1172099,225791,6171145,699230,740404,518474,572371,1544351,2304556,4558
1754093,1608336,2025489,1314361,232458,4792713,486169,509985,500853,550849,1468921,2273146,6011
1788020,1743502,2118375,1616801,342369,6127901,485116,508082,428146,536508,1196096,2541602,6472
1398616,1617306,2020599,1571209,337233,6214635,719378,753417,536424,510277,802432,874717,4589
1050090,1652002,2082073,1859060,572170,7531360,1151325,1182804,599882,672519,1496040,1657387,3108
1720207,1664589,2031817,1302853,125721,4791488,480868,738816,527727,573544,1560754,2503660,6111
1697108,1635349,2052369,1592472,351299,5901577,498519,283004,442243,508292,1501363,2321576,5904
1758318,1668038,2064721,1595371,337150,6113218,678867,707044,453101,493536,777906,1610103,4880
1080096,1429575,1623323,1538714,333577,5915152,709726,747532,496503,551900,1161388,872944,3186
1705137,1667102,2051534,1295912,238018,5476161,727058,970969,575036,631415,1830588,3069279,6054
1778310,1620035,2065744,1571643,340668,6039765,485934,282884,413583,507308,1572364,2543950,6480
1674664,1660117,2084057,1632433,350077,6490311,731439,761923,535008,530606,805453,884944,4746
1043160,1507284,1731438,1665840,350172,6404813,716083,737878,539062,600892,1509342,870270,3193
1428544,1610377,1726012,1085151,208224,5712389,677718,716458,570196,627952,1591571,2456989,4940
1953068,1982336,2514076,1923186,350667,6330871,494274,517611,511180,612591,1918476,3041250,7241
1753459,1807765,2165364,1669615,347171,6379184,701020,732239,564541,538699,814073,885223,4946
1010763,1385735,1686755,1605004,337857,6362367,721617,759840,560613,617887,1621255,877971,2996
1671010,1563952,1726246,1096473,123454,5700502,726382,753584,552002,602592,1533536,2360413,5935
1751909,1746687,2141244,1657754,340244,5812435,270894,284647,505079,607828,1610666,2539490,6323
1930109,1846751,2419678,1878964,554074,7655501,1152882,1070471,599289,590875,1448184,2275614,5880
1099081,1388557,1783311,1707776,352937,6548365,718243,736662,566554,615977,1564459,897379,3144
2037390,1690531,2086407,1356805,225116,6483280,903443,955974,607203,675597,1577838,2508762,6177
1686652,1756528,2086690,1632054,350305,5712921,266661,280162,497147,602581,1538221,2336503,6060
1744588,1771661,2168204,1678681,348866,6387407,699292,726460,507624,495182,837962,1721460,6648
1054805,1626262,2101727,1640103,342070,6253936,725859,767472,570473,630471,1199746,860559,2924
1700699,1578745,1740385,1255953,222822,6295027,923113,961005,602569,662596,1837983,2715886,5850
1716590,1785025,2138236,1641017,338259,5742518,269361,281713,498507,608917,1603654,2521593,6350
1714480,1728889,2112733,1648804,347316,6544310,729171,762285,485636,463836,811879,1660174,6180
1070032,1617911,2175963,1685970,353219,6516221,718322,738200,561320,614694,1208853,901327,3302
1373866,1343230,1295723,1074143,229319,6273516,705265,746385,557661,607693,1624787,2538329,4688
1981156,1901806,2525350,1954027,356631,5875726,470822,519531,563162,670338,1967294,3092434,7220
1727953,1770070,2153441,1680578,346926,6310187,701256,731520,499220,479987,851277,1697411,6253
1085047,1499970,2092225,1632616,341556,6354477,728766,768902,565195,604684,1228629,869934,2980
1398742,1376527,1314152,1091590,238333,6456727,728074,755313,548287,596591,1540678,2388417,4725
1768093,1737662,2129570,1650733,232455,5021962,271035,507961,546118,610686,1613741,2537694,6387
1963260,1904022,2476893,1908886,456007,6966519,954935,760380,513620,558058,1205476,2406003,6131
1068339,1549710,1812917,1633944,349756,6355033,716249,736882,538212,597965,1177801,891482,3221
1712423,1576537,1728830,1379344,333153,7077828,914505,965842,620914,687799,1613655,2554944,4562
1645040,1751770,2096240,1624251,237885,5002926,272801,522338,541868,602204,1548834,2321500,5862
1744876,1826096,2172174,1685657,348900,6328403,702494,508737,459180,494164,1218016,2500441,6499
1356461,1701039,2068726,1600515,334370,6232090,711596,748111,532840,581338,799488,871478,3125
1405687,1543190,1736577,1373602,352001,6376746,953859,989544,603477,658671,1898304,2377253,4625
1725218,1712922,2099680,1607950,230747,5299525,267357,503672,502923,597532,1616916,2523580,6269
1630288,1722351,2061296,1621427,331786,6360518,698621,493444,462583,481995,1204216,2223808,5919
1420427,1721067,2151024,1668310,354038,6511084,717419,737093,553323,601964,842121,932295,3346
1056648,1351780,1316996,1391986,338350,6464918,707123,749351,566039,641224,1652841,1719519,2972
2002528,1909468,2508887,1665041,238607,5832823,499967,748232,567218,690901,1915901,3039988,7379
1748414,1786552,2145505,1668345,348044,6397076,701127,506420,496938,488756,1184579,1691625,6424
1370976,1581867,2100793,1633329,338488,6349564,719465,759526,542559,600752,1183008,866692,3110
1127978,1410115,1322324,1374527,300919,6298087,699206,726017,561511,622590,1500731,1543743,3487
1754457,1797933,2135224,1361396,122569,5083689,484159,729335,564651,625136,1612541,2551268,6394
1992356,1964390,2480907,1904734,458961,7059069,726112,519817,518903,560508,1610650,2405690,7159
1371240,1570416,2108191,1634235,346540,6377295,702701,724337,543194,597559,1173346,880938,3140
1387854,1387571,1336298,1366785,229930,6290892,700948,747892,572632,626828,1622842,1734019,4650
2012808,1870894,2502238,1637570,343588,5660696,717535,747935,624018,601621,1566411,2358548,7145
1789733,1766841,2156848,1668631,347493,6298867,479789,440852,443664,552775,1380150,2544594,6690
1666372,1707137,2431953,1837746,443794,6723031,942341,995163,599766,611203,1211655,874514,4632
1350884,1416501,1306800,1372351,238338,6395387,728134,753486,556046,615576,1533742,1638352,4484
1765193,1825074,2150525,1368596,230584,4960424,482187,505763,568295,628792,1611402,2550478,6442
1649873,1788828,2102081,1643535,345686,6400971,497494,519681,450577,562253,1204593,2378533,5746
1381715,1744931,2134803,1657493,349868,6361489,711491,734706,540289,545655,816507,888195,4760
1110894,1433436,1741648,1488086,338743,6418742,704736,744300,564678,631938,1637496,1569727,3347
1997822,1717458,2117696,1358264,238533,5708339,728325,762567,614640,667382,1908076,3066357,7437
1798748,1663479,2072085,1597185,342744,6115711,484704,506000,412754,518414,1157620,2493632,6475
1426523,1625401,2025877,1566834,333695,6118523,710251,748182,525786,517350,802301,879158,4851
1086478,1263933,1642201,1301849,342711,6155561,705479,730424,503326,561504,1476700,1635731,3140
1788873,1456388,1658602,1307350,122697,5531999,481600,728926,521174,571938,1570943,2526749,6293
2035112,1795516,2423880,1858932,349329,5955220,496833,520500,493084,567737,1892246,3098640,7074
1736525,1696732,2080897,1600078,340973,6157441,688005,709423,476061,525645,812502,1629721,4893
1373532,1671157,2022874,1815638,441665,6539326,933066,990702,566060,630354,1175258,878306,3147
1737946,1676905,2090545,1352250,340153,6378576,933986,979216,533324,585276,1523607,3046401,6226
1768032,1642108,2055981,1581826,229295,5466244,268796,486732,467479,576946,1537282,2441607,6313
2005782,1782143,2415372,1828412,452797,6757696,953536,755626,506845,502621,1158487,1641397,5691
1087595,1348315,1673097,1585525,350316,6109331,723106,746411,505686,555259,1458061,887668,3328
1517272,1512231,1672509,1060730,188476,5591664,652924,688978,530466,593152,1527575,2400642,5102
1742293,1646967,2075924,1626836,236705,5650464,269734,520181,479432,593474,1554874,2372311,5969
1764518,1693348,2078381,1603335,340766,6184040,688984,495081,471695,459945,1166998,1652013,6435
1389443,1505788,2035632,1585505,331531,6240376,697820,740944,524392,582039,1197683,895171,3007
1722823,1459371,1697293,1329138,239908,6285932,957017,996773,575372,625047,1862860,2347646,6066
1766967,1643828,2069568,1574151,338466,5431953,270733,282808,456026,563544,1519142,2482138,6190
1720885,1599596,2017286,1556257,329766,6108081,696292,625486,459422,446786,990964,1578441,6073
1446243,1428508,2084028,1604967,349338,6171406,718224,742672,505357,564238,1150774,889121,3268
1422880,1321600,1293528,1337076,227510,6165965,696187,738190,535656,609474,1609928,1738413,4838
2000711,1893348,2449169,1613037,348608,5703131,489541,510733,564274,686407,1934132,3087050,7231
1701366,1759576,2099595,1634022,352560,6441177,710456,732632,494116,479724,800322,1672993,6007
1053458,1624010,2093679,1639201,338240,6340665,715670,757127,569712,619232,1204753,844202,2878
1355072,1409158,1297745,1255961,223055,6394205,697052,727453,552421,610057,1490112,1962714,4442
2090243,1927039,2564125,1633804,336866,5708623,684795,510344,547580,602219,1955332,3303500,7828
1980626,1923565,2507936,1915642,457075,7095683,738651,769652,509583,545766,1219491,2422012,7266
1047446,1514216,2108791,1634327,351255,6301755,720096,741587,528437,580227,1168339,889273,3202
1413701,1357127,1309168,1085163,229448,6361085,705840,745143,568723,620833,1646506,2593387,4977
1662503,1733727,2104807,1654272,237762,5037209,267815,518979,579305,616646,1587563,2360697,5854
1740021,1716155,2148126,1669548,349718,6373440,677924,507297,456244,548937,1216719,2476163,6194
1386845,1723923,2484639,1905019,447039,7001805,944480,1002023,594247,602445,1231505,874689,4477
1387537,1386038,1334852,1121006,241147,6544786,727070,759889,559484,614934,1556123,2380323,4815
1744564,1857995,2165319,1668690,230125,5060441,270875,505793,565814,631796,1590880,2513873,6536
1695545,1689194,2067548,1589722,341115,6163895,727988,523545,439207,476537,1187919,2432024,5944
1383185,1818166,2167296,1687021,353584,6539338,732881,754268,568799,628691,840430,892800,3276
1039156,1374920,1377303,1327815,336331,6187503,698252,739164,542170,603289,1592076,1701675,3003
1933065,1836219,2135160,1665117,237872,5665840,489298,747876,630467,684823,1928615,3034212,6774
1712661,1765605,2139044,1651423,350953,6312888,707651,504708,433666,465167,1181637,2457853,6354
1390441,1777129,2102220,1640097,334069,6463610,706672,747454,572148,623406,844061,870397,3101
1044585,1410029,1312399,1361475,356302,6393215,736422,768687,563210,605753,1546583,1626902,3195
1744384,1754072,2155148,1360721,125168,5133584,490776,735930,545224,600527,1593581,2559660,6494
2261156,2055295,2833068,2147874,542436,7684303,917470,495958,450053,540768,1987235,3720365,8628
1388044,1779003,2160643,1693702,351824,6494817,723822,745002,565056,605835,843641,871770,3154
1060527,1340820,1300843,1360172,336027,6398063,697541,738230,561332,620137,1609673,1693689,3167
1664544,1717329,2085305,1352760,125470,5076244,501206,751004,535628,599324,1533575,2330867,6000
1725259,1738129,2138913,1670784,350982,6294911,487781,277989,437444,541711,1558739,2474359,6162
1727572,1743841,2481792,1898883,444488,6913217,931852,986313,615654,621740,1210314,894094,4799
1166198,1424148,1327670,1362989,292973,6283861,693242,729843,553108,602925,1489548,1557609,3507
1723298,1800384,2146283,1355477,125291,4939392,484776,727803,545928,601469,1596897,2569641,6732
1671459,1726485,2105904,1646516,341948,6536581,499120,282060,463742,571670,1612833,2418753,6071
1686936,1817501,2153542,1658916,345585,6364417,712329,732168,556641,550375,828394,869066,4451
1059682,1396404,1702106,1615009,337078,6247549,698338,736680,561300,603863,1599695,889031,3250
1937426,1737720,2099966,1367041,237678,5511973,722887,755098,587904,652741,1921562,3096339,7027
1720713,1778816,2105517,1643707,331561,6196770,448510,400986,442721,543240,1359347,2383048,6335
1698013,1675425,2056539,1597717,334978,6175430,712007,756048,552727,531847,820906,892927,4733
1055750,1347390,1715780,1663801,355867,6433670,735422,767259,558614,605559,1565336,909546,3113
2039992,1732657,2096040,1364397,233638,6169498,902047,719304,544265,593311,1955941,3312361,7495
2274536,2111835,2879350,2173888,555831,7096083,503935,524247,521918,714330,2004737,3934925,8634
1389755,1810230,2148157,1661169,352864,6414488,724830,746351,556170,549325,810928,900812,4736
1069404,1416130,1729067,1504334,336049,6352927,696610,737162,566556,632601,1615683,1550687,3429
1653662,1592030,1706629,1087654,125110,5577712,726296,758148,543242,610285,1549218,2378296,5893
1726599,1819966,2143209,1654286,350400,5594277,267935,277290,502890,607577,1552905,2500612,6447
1691946,1888833,2464620,1886017,442895,6994822,932182,991362,555537,531078,833028,1684148,6043
1034816,1379599,1705528,1365270,345876,6456812,715664,746392,554334,607465,1528897,1597015,3096
1784782,1626758,1784485,1395212,124059,5761020,482789,731536,575347,626807,1612860,2556564,6562
1683984,1744572,2118324,1659233,344232,5731361,482901,282563,523587,589307,1620851,2463028,6262
1711491,1722578,2117775,1660472,342417,6419944,702031,721266,499408,480903,826575,1658018,6060
1056381,1541252,2101212,1627741,441142,6778943,907553,963604,605126,670283,1609407,1708670,3081
1724964,1514433,1695432,1341233,121635,5468996,488356,749419,564717,612999,1560380,2347701,5943
1728678,1798246,2145163,1668033,345647,5677225,488491,280680,519958,568468,1577297,2462850,6165
1706665,1735929,2071275,1633997,336612,6297987,714499,758185,505103,557159,845291,1683872,4594
1065796,1606380,1772514,1674588,351857,6401700,728284,761520,583233,631961,1171699,877721,3129
1384303,1440311,1389344,1091677,235209,6274438,673673,703183,568121,626823,1547287,2444598,4853
1970658,1929094,2487753,1893729,343794,5729229,501904,524564,554081,612600,1984833,3190544,7330
2060363,1994746,2593752,2000006,463510,6545016,734532,757985,556426,611820,1181272,2394832,6173
1064021,1569368,1706578,1622235,331333,6458636,691072,730967,561378,621516,1221022,891028,3281
1388372,1584000,1707280,1098684,237711,5767947,727082,759094,574378,625168,1581372,2367013,4341
1723480,1701601,2099975,1639406,236714,5502648,267340,505514,489803,593615,1554579,2458246,6002
1963661,1886331,2440028,1880671,428569,6860825,904797,722922,516778,557646,1245816,2116101,5955
1064942,1503830,1686348,1631364,349812,6320140,724891,755514,554176,592763,1170026,884235,3155
1390116,1554005,1719676,1089394,232957,5503595,693345,723837,560942,608399,1600589,2524306,4806
1713198,1690901,2135268,1646905,236695,5711121,280267,532181,516112,626062,1615056,2433146,6128
1703912,1761316,2129334,1655057,351355,6301768,723940,515060,506932,491539,1186900,1639227,5880
1357216,1543017,2097531,1889979,442172,6889478,912146,967416,615830,685030,1592301,876231,3094
1468273,1576055,1687716,1068149,157318,5672904,698835,727338,551390,606719,1502230,2261327,4578
1764336,1732443,2134998,1662857,237411,5698889,269885,506023,488913,586959,1529707,2490661,6363
1658627,1774393,2088300,1629002,337183,6233742,709986,513824,492897,479453,1201001,1688262,6091
1382875,1569777,2131377,1659795,350608,6329573,721330,756525,553115,601574,1171866,891597,3248
1731737,1505361,1679779,1326725,231611,6131143,912437,954652,583784,640992,1963873,2555253,6368
1652524,1678477,2059011,1593771,341217,5537753,272127,283849,482404,592089,1599017,2427168,5954
1686285,1693385,2089109,1636315,350440,6253751,723837,708955,496766,470663,933499,1631230,5756
1717926,1754458,2518891,1905698,438464,6342048,704974,741517,623914,694171,1605898,1674586,4822
1393490,1327157,1281073,1340473,236640,6332044,729318,761931,538179,600289,1548298,1609548,4605
1742437,1755198,2130804,1376565,237923,4909720,488844,505208,555472,611685,1571063,2477819,6358
1982959,1908348,2420439,1839365,440105,6650404,715428,755083,489131,538327,1174415,2459392,7439
1042393,1600031,2136383,1649345,355667,6352000,735495,768752,556866,607504,1163878,883765,3136
1357529,1376692,1296062,1155112,233815,6182249,696724,726877,553756,608880,1586199,2440390,4731
1630465,1748374,2060068,1357968,233782,4953625,468743,494384,558968,619916,1541244,2343013,5920
1741785,1794140,2147325,1655414,349269,6440388,499802,518311,420371,530012,1174326,2426359,6264
1392501,1810605,2521478,1897472,437540,6942581,900395,956898,632274,618204,1208925,901541,4818
1355113,1390593,1315274,1085374,242465,6466438,737764,769967,554428,614918,1588590,2402915,4681
1711810,1829686,2151318,1663972,236343,4828912,266760,504183,570182,626708,1576910,2482250,6264
1699875,1728352,2086809,1632079,341155,6333085,719914,519990,431185,482117,1238396,2533091,6120
1329036,1725236,2064317,1632419,337030,6293101,698409,729576,556061,549799,829689,863486,4163
1368998,1333251,1715053,1356349,344869,6788943,913357,953839,613210,682096,1984749,2506358,4590
1681046,1775970,2076452,1614994,229021,4902622,272963,522698,579168,617893,1600487,2396025,5901
2009758,1896984,2494175,1891946,351235,6285151,724011,740545,494818,535415,1520876,3140339,7173
1726950,1901534,2510386,1899374,341879,6244136,704628,958768,623793,680579,1218261,1670173,4674
1078582,1395726,1327018,1356860,352197,6453322,734186,764184,572787,627919,1579403,1654899,3299
1704809,1548981,1828039,1333015,123706,5578722,460680,701833,545107,598985,1499842,2388445,6228
1993365,1935708,2446314,1866272,442826,6261389,710166,516004,489166,537480,1595610,3295602,7303
1345174,1778639,2102533,1648442,345423,6348627,714118,747883,557257,618450,800126,894706,3169
1049929,1412423,1311354,1348037,344322,6188065,700411,730823,545756,607488,1584497,1708618,3124
1666613,1697226,2079900,1346933,123348,4924879,497981,758220,539631,590784,1584604,2427735,6084
1710908,1752331,2117527,1638516,353023,6375606,498649,283156,421829,531680,1528586,2411806,6057
1725224,1867708,2480115,1866974,430757,6822051,888648,947313,551139,606962,836736,1169696,4716
1064243,1377606,1305786,1371215,349267,6429159,726198,758569,577674,615696,1572757,1602945,3084
1704534,1763555,2137977,1375403,124897,4849881,489365,730361,567473,612042,1576424,2476692,6392
1695545,1682031,2068273,1615066,338176,6200056,494458,285227,447100,550441,1599219,2470262,6040
1672115,1788088,2136753,1669108,357439,6232896,736387,767214,550476,531298,798525,881957,4706
1321015,1362193,1707886,1611284,356279,6771862,909054,945817,598154,660100,1964140,1728362,4051
1659863,1650820,2039110,1312100,123716,4816469,495759,758206,525614,592891,1590510,2433567,5921
1706756,1738107,2113853,1632616,350190,6150350,494544,278118,425619,531335,1521980,2417235,6254
1701627,1763134,2074849,1583176,334298,6243875,696371,739340,551266,545019,809632,908225,4822
1360170,1617231,2116051,1925900,352768,6381794,732240,986702,629625,695032,1936038,1576476,4470
2046323,1777097,2140474,1367442,239235,5623458,714514,736027,599676,653209,1910744,3273864,7722
1696493,1765604,2097034,1634083,337447,6358704,492548,500057,451042,563195,1297831,2526007,6327
1667836,1817614,2134093,1673741,342642,6441260,708551,739536,562004,557957,838720,880823,4599
1056749,1326028,1718157,1642409,343580,6260461,697799,728093,555757,609429,1615062,885337,3220
1658588,1555620,1702900,1086653,124114,5718427,727609,758845,586544,644746,1633858,2427232,5819
1717681,1748876,2119429,1662120,347517,5720361,268613,280418,502463,608263,1541093,2381807,5942
1748906,1878326,2512800,1891438,442607,6857856,914530,972831,563746,546734,831384,1731673,6295
1068086,1382166,1713358,1400475,350952,6406868,729195,760902,565331,617919,1571099,1580231,3138
1723314,1573252,1682246,1129027,124020,5510963,628748,698047,566286,617780,1544135,2385988,6244
1696329,1753461,2076039,1622788,335982,5630863,272177,282640,519337,628406,1610329,2516147,6255
1681872,1829988,2130466,1657913,355369,6400250,735415,768400,508306,487608,826172,1655374,5928
1046791,1606451,2093867,1605565,448889,6756116,902457,942132,597154,671450,1577311,1702249,3146
1630899,1665843,1710107,1363758,124271,5708509,501211,761562,580959,646254,1604289,2424566,5736
1699858,1787724,2138583,1653320,351327,5712259,494839,280583,491903,543913,1531035,2380361,6070
1721691,1815509,2097101,1616981,325132,6452211,673558,712323,522209,504432,846476,1701183,6040
1059745,1600479,2106835,1633849,352355,6434948,730021,760412,554166,609089,1176477,876984,3090
2061506,1789609,2130199,1374537,237725,6287412,916117,1164365,674711,740325,2303588,4027951,7750
1735718,1647800,2061166,1612130,336937,5665689,491426,285518,495495,527561,1597955,2490572,6030
1693690,1786479,2161905,1698138,349728,6602562,726954,758466,521088,558001,848071,1629455,4765
1043631,1551614,1699624,1632709,342811,6225811,695730,726709,563221,615671,1225642,875747,3028
1364526,1431208,1538563,1107555,234641,6240263,728969,760670,569026,622900,1613683,2427372,4337
1728321,1784174,2150736,1669594,237257,5074896,268576,514235,551599,605715,1547696,2417985,6306
2035098,1959831,2471920,1869034,441054,6768314,910965,736507,494383,556409,1224297,2536599,6159
1083397,1586116,1735423,1666698,352597,6589404,731710,764422,571710,636636,1204423,875381,3203
1404770,1621191,1736546,1083971,239990,5614428,712807,734498,546389,609855,1568060,2497885,4817
1660228,1794302,2101688,1645397,230954,5808551,271735,520265,502935,615936,1619230,2481695,5977
1686927,1722998,2099905,1626637,351032,6337750,726997,520108,447193,489320,1172434,1718607,5759
1367472,1800155,2150489,1921291,454491,6981080,911396,950483,617308,678085,1202536,866118,3108
1389012,1573366,1715202,1089366,233628,5769810,726926,758501,571272,622972,1606907,2430695,4542
1730906,1870429,2220842,1735656,239970,6049410,267690,509899,534984,657119,1608981,2444203,6553
1754423,1758282,2108457,1627519,330381,6289387,684632,507146,510472,493355,1227488,1699967,6549
1394741,1533497,2082749,1629569,461270,6825070,953359,998993,608196,650927,1541568,1611116,3127
1984549,1753129,2102747,1348739,245946,6246711,1133775,1164410,667535,726851,2290898,3233310,7210
1680085,1741390,2068337,1642744,237371,5840674,278015,489769,516324,633038,1597070,2408513,6165
1693582,1710300,2119063,1651839,355817,6333855,734167,520720,482031,478627,1177018,1640966,5968
1375400,1663110,2155580,1650042,343977,6383081,698007,731128,565462,629535,1201899,877574,3278
1357439,1388497,1300455,1332985,228830,6363228,719822,750554,557700,619199,1591039,1644678,4561
2031542,2040713,2558866,1675086,352697,5640114,497333,513628,559755,688012,1906431,3160173,7422
1709084,1778389,2109619,1616084,335852,6253358,699088,728924,500801,489439,854812,1730032,6454
1277593,1632278,2080468,1635735,338783,6426656,698329,729389,577031,628554,1200715,878293,2988
1398309,1409447,1350442,1398464,237795,6371134,703455,730397,556509,609512,1576759,1700557,4851
1715588,1772911,2116336,1375150,232058,5078193,492210,517246,579151,643591,1639590,2498626,6219
1689225,1790471,2140546,1671191,345722,6437995,497425,519134,447866,555055,1185939,2324828,6040
1391292,1728707,2525220,1910475,451865,6888610,908875,951143,608413,611309,1230484,898118,4800
1355134,1398986,1323983,1100010,231610,6360087,726650,759655,572262,624259,1631385,2421857,4537
1710300,1755233,2085919,1441895,237529,5132062,376968,484090,568004,606680,1519577,2323651,6221
1730635,1733562,2084131,1618723,335940,6199927,483113,510102,450680,545872,1217458,2519893,6280
1382089,1665467,2066928,1613744,349552,6231400,729054,760926,550194,551607,831568,865192,4283
1426430,1399655,1763413,1418723,351699,7107277,928277,954965,631130,696633,1973705,2483404,4874
2009163,1777874,2074433,1614912,236922,5887895,481028,741614,633224,701858,2001249,3261900,7378
1711392,1798350,2179617,1703106,352179,6486509,728727,525681,458152,502199,1201271,2367849,6320
1403907,1745713,2139068,1641051,344380,6251653,700586,731329,542715,544151,830429,868214,4388
1054867,1403418,1704691,1342372,342036,6294389,728238,760145,560867,616750,1588973,1648375,3117
2004674,1822684,2169133,1691257,238113,5829598,495347,744280,632185,689394,1920380,3164196,7501
1744490,1778652,2129365,1634921,335899,6335927,697939,508312,457582,492144,1235821,2530082,6199
1361205,1730216,2101790,1643608,351776,6476764,725371,757437,555251,616089,835836,864030,3028
1085310,1432860,1377805,1426440,356056,6362227,717168,743058,585394,639312,1617343,1735089,3319
1712930,1557560,1966460,1367860,125840,5392641,491930,757452,551771,596272,1613050,2516682,6260
1690485,1726742,2112229,1652087,350832,5640657,495881,280662,498178,532302,1533816,2346852,6109
1712500,1893142,2501479,1878789,452623,6577811,909648,951270,555737,613545,827313,1704578,4617
1068222,1426034,1328821,1388198,338309,6349990,721725,753233,590482,642777,1622145,1612018,3015
1719119,1728099,2114953,1350474,123890,5002713,495905,744744,538548,597800,1521112,2398998,6013
1719962,1746698,2093011,1622289,336189,6173409,483993,280346,439890,548894,1606281,2534915,6271
1652880,1806119,2130582,1671918,355668,6488112,734987,766001,553211,575509,841216,941727,4329
1075322,1622235,1708780,1641802,456216,6849702,908184,934856,620188,683850,1572173,1677655,3148
1719823,1747370,2093841,1360996,124561,4973871,491925,757351,576609,637891,1632034,2509963,6038
1679730,1791405,2141388,1673174,453919,7243581,708724,511687,508467,629344,1881236,3023768,6128
1738113,1788016,2177278,1660629,344291,6405323,702259,733608,542988,538776,829243,901662,4960
1078551,1317190,1647644,1569974,338151,6095619,719620,751581,526104,579705,1538856,862590,2923
1972362,1798116,2095734,1339853,145672,5691082,724029,908423,600005,664774,1845266,3069201,7301
1721388,1768829,2129417,1642784,337131,6523307,485567,281411,450884,566556,1618646,2541769,6389
1636508,1784105,2101280,1645081,349757,6330785,722906,755578,573789,570066,818520,860099,4455
1053681,1430438,1722030,1638186,346160,6358770,696470,718148,560856,624560,1557746,877398,3091
1712822,1560025,1715033,1110367,124277,5719790,713210,760753,552430,613673,1609577,2513256,6209
1970231,1956759,2538068,1965016,466477,6485624,498086,520189,497378,614625,1554090,3082877,7380
1570380,1830247,2131893,1638675,330119,6309369,669119,698437,565169,562257,817644,866908,4694
1060583,1408782,1728394,1637646,341830,6425611,726672,761192,566005,608949,1595649,872336,3130
1723681,1597057,1767711,1115315,124734,5921433,731962,750168,553191,616782,1579545,2455598,6321
1737879,1785542,2113927,1613492,334917,5593042,266934,278455,493636,610168,1612450,2554102,6390
1649053,1803826,2108241,1627951,354198,6390692,734791,770258,511294,476102,813839,1621801,5807
1017260,1583182,2122125,1642456,465809,6977389,932087,958271,603495,659895,1573318,1695561,3194
1690330,1719258,2059851,1472775,229642,6192151,761419,992163,627223,695254,1623258,2468625,5749
1630895,1732735,2109887,1651266,457142,6388195,485130,506359,566686,667482,1876042,3008231,5562
1749738,1791267,2165884,1676400,346719,6346656,702171,731254,511842,489417,823156,1736910,6641
1072947,1497731,2092703,1622902,342783,6368501,729761,763838,543163,614316,1229630,885348,3158
1710934,1589999,1732233,1402983,237045,6386576,721722,976973,614386,685878,1909052,3163041,6185
1745563,1751432,2099779,1621879,335434,5703141,483721,282872,502687,559224,1603026,2539620,6412
1658593,1742983,2089438,1642768,350877,6402019,727087,757000,497242,497981,810647,1603955,5118
1070613,1624808,2188168,1704673,357231,6435394,718077,740110,565009,622632,1184190,864795,3013
1360200,1422477,1285992,1077101,231052,6154610,712169,753555,569798,625838,1586407,2479656,4530
2050496,1967439,2580441,1961382,351390,5739621,499607,523525,565184,617374,1931413,3119140,7734
1698971,1812291,2147557,1652637,340330,6283008,687945,718676,507084,542599,824763,1679605,4849
1075757,1545597,1712251,1620317,341977,6381872,729749,761529,558261,623816,1219273,876026,3104
1374008,1447757,1639386,1088762,238199,5932688,723721,743005,548420,598512,1541665,2409019,4554
1697960,1727842,2074575,1617824,216533,5244428,268129,507923,575083,613222,1565251,2441216,6267
1682811,1705550,2111651,1663924,355385,6420822,732054,515031,449408,484581,1218543,2377180,5726
1403511,1780941,2165719,1980356,463824,7036793,927279,955267,619566,681605,1228093,907765,3267
1388258,1621455,1725790,1129112,225062,5757117,703108,745922,584625,635291,1618825,2480476,4722
1696574,1788146,2146262,1681255,237083,5867756,269903,520354,507141,622055,1563484,2360096,6071
1732425,1774409,2139377,1935625,444734,6901550,897086,715065,568047,582054,1609672,1741468,6335
1380028,1779477,2108050,1646953,331798,6553666,707298,736463,606830,666805,930991,903131,3275
1387325,1593050,1730819,1367589,350572,6333666,951616,980262,591910,654198,1878308,2403855,4608
1753072,1688646,2089009,1610865,230788,5634476,272713,512501,495248,613373,1606485,2502268,6141
1652115,1788914,2113207,1648232,346120,6409621,717582,520976,499871,484692,1183512,1567950,5958
1396833,1647502,2177255,1672843,351868,6357210,709011,726514,561566,610955,1198531,878723,3159
1347710,1413853,1332478,1388184,232720,6377928,711446,753269,567982,618152,1616465,1686533,4614
1978498,1945331,2523947,1656671,283737,5766811,501163,634742,557809,677067,1884987,3009736,7493
1717228,1705122,2130553,1651066,345996,6353258,704021,511830,493877,474689,1218890,1735286,6399
1354610,1572459,2103407,1647755,342433,6372122,727555,757760,600742,640410,1240557,874410,3063
1380171,1385672,1320545,1400602,236713,6346620,718921,742947,568931,615999,1542481,1648560,4648
1714667,1783553,2125835,1370505,229103,4887675,482723,509040,556595,619726,1621988,2563853,6516
1983790,1915674,2501737,1923771,462603,7030245,726034,759870,509543,551176,1190559,2359660,7328
1215617,1569996,2103550,1625267,351013,6106706,708869,732460,542551,601267,1195061,894826,3222
1384990,1356045,1301874,1363289,230567,6342808,715082,756739,561884,627539,1643589,1699591,4715
1668478,1734991,2112512,1397330,237958,5141804,499233,521440,560229,616459,1550814,2334133,6027
1727778,1844699,2174533,1949886,446971,7119868,685092,714600,512405,629959,1578354,2540205,6443
1377756,1693051,2107257,1636690,346742,6542716,737338,767361,550814,545969,809595,867631,4464
1409582,1399923,1738813,1376654,354956,7117697,961676,988612,617493,679833,1923426,2450637,4751
1735364,1720848,2116687,1522627,230040,5165874,290867,509055,549770,604142,1601386,2545568,6439
1674423,1783321,2161120,1694860,351518,6631534,499198,521120,473125,565137,1203011,2352945,6031
1363648,1789530,2157871,1661899,350917,6367872,707580,726807,565999,554843,837946,884026,4830
1058720,1414421,1729297,1386826,337290,6477735,712334,754247,584558,642685,1649400,1680038,3019
1964977,1768748,2152640,1671087,238371,5725645,488150,747492,633547,687858,1912168,3035014,7222
1768845,1754062,2182586,1670543,343623,6382994,701792,513493,456636,495043,1231937,2551983,6565
1367172,1717328,2097026,1621206,342765,6344262,729451,761776,559602,581425,822115,885253,3487
1053330,1401886,1682349,1369363,337151,6269615,689474,711782,547004,595570,1499591,1663067,3364
1780547,1569160,1733596,1386126,123155,5803350,483559,736419,574258,635102,1636467,2564159,6802
1959722,1927297,2490396,1916381,457699,6493159,715199,511016,504518,565870,1600646,3104822,7412
1399743,1714065,2115088,1665846,349742,6371780,705495,728698,535481,598224,823581,872330,3152
1036935,1439825,1306512,1360393,341225,6381167,724187,766891,565323,626440,1604976,1684164,2932
2011534,1955870,2504685,1654900,236465,5804867,726036,996020,564540,614144,1519923,3056191,7328
1702729,1790600,2120373,1651370,331299,5715587,486823,283666,492403,545066,1564627,2446004,6311
1688805,1931476,2842990,2137176,553219,7513791,1168796,1220130,625738,695115,1204835,1639118,4369
1721236,1693408,2087878,1636709,333742,6421949,488857,290194,459077,542019,1597937,2479731,6354
1703226,1796984,2185044,1696276,355780,6427123,737798,768979,566158,553442,829357,893747,4684
1044788,1383203,1753569,1660390,342865,6271248,698968,728099,562178,620418,1618382,903851,3294
1666808,1596733,1733476,1109557,124363,5692593,725156,757394,590559,644265,1623441,2406382,5913
1681316,1755847,2089754,1632161,285450,5783068,265822,381323,501881,613268,1513218,2343437,6115
2049141,1883917,2511677,1907444,442985,6933312,915717,740514,572668,564716,1227529,1708957,6079
1067267,1355745,1698009,1651573,350021,6386823,724043,756746,563441,611583,1569264,869267,3068
1757483,1586179,1762523,1118134,125364,5987103,713662,738947,553003,615840,1586869,2547558,6599
1733548,1711260,2093774,1633550,336750,5801064,272610,288092,492223,618522,1608061,2486747,6133
1676479,1796661,2145883,1681548,350147,6586170,722943,754237,509552,513121,826606,1604811,6016
1193749,1619975,2157549,1932738,449708,7010372,909489,951169,608402,677120,1593526,886228,3200
1651237,1546991,1695064,1087492,123247,5749283,724522,756440,566708,609351,1575372,2382482,5736
1705025,1862481,2163498,1701174,349648,5862080,266509,278312,512753,639649,1568520,2395760,6048
1703477,1775473,2133751,1653699,335966,6420100,698653,739438,508923,491700,812372,1690611,6125
1088042,1577366,2145820,1686580,352288,6664474,729184,761640,554685,607259,1192870,858058,3187
1768066,1506956,1734690,1291757,235274,6518738,723186,948438,598115,664356,1960694,3303974,6424
2010580,1945666,2495003,1918797,439315,5802979,267163,277878,579484,696092,2004485,3271321,7453
2883580,2046426,3082933,2318147,593576,9550181,1460439,1525483,573186,577484,1250633,4032498,12342
1109516,1508450,2109220,1616336,335812,6284943,689261,720285,526362,578987,1192266,905831,3341
1388907,1306735,1283952,1049655,233916,6238674,707487,737851,538536,600555,1554414,2351070,4515
1785799,1682802,2129818,1656384,236164,5055666,266778,501720,524340,582781,1513489,2403086,6249
2079510,1787290,2431053,1826907,435222,6814585,906517,730492,459315,480700,1173371,2501204,6404
1093164,1492304,2012991,1590154,334813,6274580,698658,732203,527872,591927,1145795,891380,3212
1471945,1289827,1295926,1087917,235832,6270846,707497,734599,518141,571819,1571649,2506305,4946
1787614,1657432,2065722,1611625,227206,5072579,270150,520655,541660,598866,1596027,2496863,6498
1730394,1654279,2087716,1634332,345437,6330661,719444,512843,419789,459220,1149087,2323270,5983
1428269,1666860,2125765,1905487,448254,6826757,913133,952417,569213,630221,1197077,880233,3118
1402310,1592123,1741079,1152452,233146,6014832,725199,759911,604344,653220,1626335,2399664,4545
1694369,1726590,2111798,1645698,220474,5114073,265052,510124,542975,599542,1511194,2324304,6081
1730553,1750077,2128375,1651906,334473,6484344,704974,514589,445319,496567,1241204,2546035,6166
1353867,1784918,2124942,1676296,349155,6690400,728794,761664,577555,626453,827652,880586,3155
1393507,1610478,1737332,1354280,342490,6394135,914282,945084,610997,671823,1932189,2455373,4498
1999822,1908316,2431805,1877215,229974,5673127,270315,735154,573801,682661,1968950,3160365,7055
1689096,1798347,2193825,1726256,351679,6787034,734618,528220,525827,510991,1204178,1643173,6194
1440839,1793756,2172003,1656191,326352,6474574,673576,703878,555266,620367,985677,890487,3273
1055186,1403380,1319671,1354798,342304,6414782,726791,759910,559529,599424,1588536,1644834,3157
2058709,1947598,2567546,1675130,238019,5704403,495325,743190,550002,669953,1920728,3185819,7743
1755887,1755894,2154763,1671378,334803,6518683,701655,513381,516802,504111,1254752,1712779,6159
1423717,1522849,2118826,1670469,349738,6507258,732000,765116,571670,615891,1217213,899855,3340
1402743,1363675,1313474,1396025,236024,6410630,705914,731496,543866,591066,1581136,1663366,4519
1679074,1713529,2101799,1392813,210083,5116340,498178,573296,567555,616611,1626801,2488372,6161
1728815,1776049,2186005,1710031,350877,6460548,504883,288250,460630,543482,1530124,2373388,6318
1717878,1778053,2542060,1909075,447872,6771336,912738,952671,600445,603536,1200151,877798,4568
1381307,1361707,1334479,1391824,235202,6426119,729563,760789,557044,622828,1618932,1652542,4599
1738784,1735053,2134698,1371446,235766,4887469,482635,499619,543519,607753,1541124,2403928,6296
1697684,1746500,2095732,1622545,334548,6390149,485905,512842,440100,552442,1209393,2531378,5909
1448906,1753568,2101477,1643259,350359,6470755,730054,763287,547984,548742,820079,859252,4282
1384579,1587284,2146713,1971703,459589,7490009,1141911,1178999,661526,736313,1934881,1651906,4184
1719809,1734092,2072544,1367610,229757,5021624,495583,523521,542796,614101,1600732,2462283,6042
2012034,1916327,2545352,1667343,349382,6291958,711125,743190,485291,608875,1519689,3040228,7409
1439245,1751291,2153167,1664865,339471,6408013,698661,726239,562569,541240,833529,905216,4988
1077527,1382042,1744182,1399454,349768,6431030,744749,779955,559982,610295,1618952,1653834,3411
2037938,1775040,2170551,1649933,236583,5767089,512754,743820,623023,674273,1916220,3189234,7629
1674149,1736869,2077934,1613664,322221,6290028,495463,512215,434042,537587,1164887,2432026,6110
1371673,1718887,2103523,1639359,349602,6442542,730351,763334,544274,544534,819480,867384,4409
1053402,1417223,1723424,1391231,346987,6361541,704884,731020,556903,613619,1577626,1685077,3235
1702495,1596114,1708448,1372289,124020,5709371,473750,738218,569776,639264,1594965,2431819,6289
1708962,1787368,2184145,1712392,353520,5889262,506127,287554,509100,555862,1548618,2362926,6180
1714161,1948128,2558596,1904743,450465,6780562,917933,959321,547514,598428,831977,1721446,4966
1022287,1378974,1558726,1319886,326876,6375919,695826,726626,553752,609802,1547713,1644052,2904
1760508,1558830,1739527,1380854,123692,5756216,493354,742130,555668,613794,1562195,2413304,6084
1719147,1745555,2103476,1634826,333666,5653779,483778,280321,503445,543770,1622012,2509262,6012
1646993,1755800,2108510,1670502,343880,6480007,717439,750800,510013,552055,832330,1571537,4505
1065236,1624789,1751904,1700403,459786,6979391,922554,953732,627362,690035,1603942,1687356,3172
1708060,1765233,2096415,1381587,123913,4989755,493028,761356,574131,612102,1622792,2473428,6045
1696208,1691904,2080685,1644338,333170,5871890,497831,281522,500254,548504,1505405,2275814,6054
2043890,1910257,2505560,1624846,339102,6104467,898459,936911,572207,620601,1203235,2446118,5850
1062326,1578672,1744538,1661578,346623,6396894,731949,764866,588973,628073,1206108,862132,3025
1732902,1718842,2164301,1387089,238160,5757106,722726,978249,599112,658681,1909794,3185648,6313
1723367,1745801,2123995,1653535,335539,6350225,484230,276570,430078,544178,1617446,2553320,6382
1669032,1708721,2107269,1657659,348933,6430490,723686,758317,554030,542485,807828,882404,4689
1072555,1559687,1742180,1669749,346407,6177210,703940,731636,562565,622145,1446253,897791,3283
1364272,1628727,1700059,1103829,227386,5686232,717265,760652,566107,632143,1608860,2463670,4353
1971218,1976787,2517420,1935444,348954,6370507,500830,522955,503314,616253,1901738,3087460,7126
1731831,1808302,2175042,1668906,338880,6423249,697441,728684,560371,562974,829055,876210,4768
1048111,1393854,1709396,1638073,343506,6344002,731288,762336,565448,615243,1595457,877738,2969
1725433,1582416,1751124,1116464,124322,5807581,720545,743257,562106,620994,1572394,2420636,6200
1717137,1790888,2142834,1645569,323840,5760310,268627,303981,499972,620934,1610821,2528885,6071
1700367,1825924,2148702,1685961,349542,6447099,728900,524117,532283,502962,1221209,1599751,5789
1378817,1491755,2102002,1930204,460562,6857474,926255,956938,599386,660080,1593743,875885,3192
1687225,1690165,1727233,1150548,127136,5744065,713132,756116,610313,671613,1684948,2438221,5845
1713563,1796194,2153160,1679742,351053,5601186,273167,285421,510834,614069,1552522,2355831,5905
2094678,1830962,2184851,1686372,341242,7062250,902017,940787,596755,576853,1229349,2462504,7678
1159859,1736930,2194967,1731826,349040,6591984,738921,770872,603868,656127,1285284,918837,3243
1765114,1688600,1790279,1381140,224380,6373254,919527,946400,638698,709528,1925952,2550166,6138
1731317,1992434,2173995,1678901,338043,5703148,274903,287580,546997,662640,1671183,2569777,6433
1681501,1865081,2140549,1675062,346839,6385531,722049,754795,534808,518388,853807,1617911,5899
1086265,1717885,2214214,1736931,350724,6371206,710078,735962,586136,644775,1234584,869199,3065
1831117,1787871,1866057,1144420,230649,6462325,962974,1023190,695489,764519,2131312,3370377,6893
2019712,2035965,2564175,2306346,436344,6801502,558974,749053,677909,791598,2288753,3020345,7720
1820737,1942725,2247766,1742701,343284,6474430,705984,738160,552661,527241,894835,1742960,6672
1096444,1660785,2166930,1703094,343984,6569505,731644,763521,566549,632220,1253710,915838,3328
1433705,1548322,1374198,1158990,235288,6572305,710530,735032,611258,671924,1630495,2408511,4714
1711732,1777988,2107578,1637585,228724,5116835,271119,514624,560479,627322,1616144,2537820,6220
1674233,1845533,2142326,1682617,347072,6533670,727896,521985,465157,507839,1207375,2335488,5951
1358888,1741772,2334160,1928206,440838,6896583,892855,923793,604389,671101,1163195,853224,2987
1376061,1404530,1314367,1106072,228556,6388709,717881,761458,561883,623342,1626178,2458427,4634
2002429,1955041,2547301,1939702,346241,5587629,498184,758921,553383,605861,1549201,3042193,6881
1772495,1812335,2203664,1684316,339280,6392457,701192,509867,452587,482040,1222362,2541153,6560
1693281,1734587,2123334,1658942,341268,7149149,940168,981841,638227,709794,1215258,1592292,4562
1414797,1610852,1762962,1411774,350259,6513765,951163,979081,626286,682280,1946838,2423562,4636
1996979,1894822,2538357,1923910,229125,5355605,270034,754049,608577,674198,2028655,3342116,7794
1696808,1758931,2187151,1743183,350232,6879570,734246,527982,473897,520691,1236309,2326927,5971
1420584,1791325,2169581,1698593,344991,6491225,703557,729734,560414,622942,830730,877931,3202
1012320,1372065,1276865,1340215,332455,6264595,715277,759111,560220,619398,1610953,1664979,3025
2017212,2022960,2591943,1689973,235347,5692753,498150,761661,571393,689994,1910973,3083988,7364
1736855,1771028,2147583,1637487,338093,6215620,701296,507087,483923,469967,1198609,1726116,6492
1341348,1735517,2136288,1684730,344671,6568959,732969,766700,566300,630472,1118403,862188,2941
1060472,1401131,1324790,1384189,347878,6398911,721807,744518,544911,595044,1544303,1672788,3223
1748175,1797295,2142025,1370595,123301,5051640,485719,743850,567511,619852,1633789,2537093,6463
2006024,1925678,2510142,1960776,457643,7132786,729625,522828,504584,555172,1607588,2343228,7190
1391683,1642922,2167442,1709529,340026,6216201,693212,719707,585714,634289,1245388,896110,3235
1398478,1358843,1307839,1375565,228100,6210250,718708,762345,576722,618249,1628950,1667021,4528
1704080,1791116,2171302,1401443,227634,5040844,501758,538810,571362,624700,1581719,2377972,6105
1693824,1751853,2095829,1628792,323140,6133496,456248,301741,435225,548463,1555163,2411412,6162
1673279,1746124,2098363,1644723,340984,6337104,729172,762402,563292,558567,813556,857914,4393
1409840,1258326,1653833,1592802,449472,7403312,1156257,1189457,613712,683273,2207944,2313482,4295
1778751,1683678,2089971,1333178,227401,4969064,482771,509504,522944,585771,1551013,2470112,6348
1708739,1663680,2083577,1637985,347508,6219012,498535,523206,421956,528940,1197229,2360269,6039
1430297,1724657,2112576,1642176,344556,6115446,703165,730523,515368,518757,791914,875534,4746
1081036,1267259,1624342,1493981,317755,6071759,684252,723706,521964,576875,1540350,1175721,3214
2061554,1639506,2075631,1315918,230613,5498266,724553,760012,568574,626433,1851768,3047246,7183
1805774,1821112,2154462,1661351,336976,6273498,487105,511348,454015,563190,1236607,2507606,5930
1400144,1832422,2077973,1631568,327612,6260345,700431,732428,588785,564700,858429,884958,4551
1119144,1377434,1721752,1378951,350961,6445685,729868,751312,532905,593197,1565957,1670772,3259
1809276,1576048,1699349,1348586,126472,5423497,488873,744186,540749,604508,1627795,2561051,6219
2081748,1942181,2465355,1896578,449431,6177314,658315,515069,506807,604749,1580699,3042016,7397
1447987,1827064,2134089,1656243,341826,6226848,697137,722979,546576,544704,836111,895898,4582
1099077,1420202,1685422,1374569,336966,6226545,722804,767069,565544,619905,1644577,1668620,2899
1751395,1532441,1707543,1357621,125598,5650943,500806,762739,540046,583489,1524271,2340035,6046
1831931,1853918,2170448,1671224,335582,5716931,478954,286962,511551,571696,1623279,2515344,6529
1748324,1722164,2095162,1639709,342154,6310965,729220,760432,494670,540706,824307,1640784,4512
1125225,1608573,1871823,1626012,556681,7540213,1145607,1179640,652365,718488,1907483,2350979,3213
1848436,1642096,1754132,1404123,128858,5819227,482239,737970,570011,638926,1644899,2531679,6409
1746234,1757985,2112822,1675543,343550,5753073,502020,290654,499395,533719,1575149,2312268,6060
1824268,1879635,2170993,1684624,347974,6262453,708574,734879,508456,564324,859126,1666984,4640
1105898,1462120,1636321,1560592,320022,6117835,689069,730865,510018,555227,1121567,858965,3108
1747804,1685841,2113852,1346295,236804,5508734,727176,995346,574188,634109,1872228,3098212,6247
1786908,1654805,2068922,1582213,327544,5714229,472419,278190,440176,505052,1526677,2463472,6552
1689823,1641385,2029137,1579093,329516,6064749,700878,735089,479190,518415,798800,1559876,4541
1085233,1461064,1680094,1591458,346356,6043592,724835,747348,507106,575317,1166239,904836,3276
1436841,1486977,1652479,1043030,227559,5595802,690529,735447,538942,590592,1596496,2540284,4664
2050539,1795540,2390371,1832382,337424,6149204,477088,498697,474912,574462,1848034,2956726,7178
1822192,1726333,2120217,1634739,345258,6045853,704597,732820,520481,515500,796470,903531,4720
1095553,1364953,1664798,1630302,331018,6228161,716473,762371,536502,586153,1563370,894010,3275
1459151,1466989,1674191,1043639,202909,5536344,694123,725763,507638,567289,1473445,2262089,4727
1813485,1656061,2051536,1574759,224097,5311694,269443,506471,457979,560938,1546087,2489106,6316
2277877,2044723,2757493,2091456,535762,6817791,924239,739381,587923,574416,1538787,2313800,6915
1061751,1284742,1657178,1613780,343142,6169986,712718,735154,506287,565129,1498473,864579,2988
1767201,1509373,1687566,1333512,216745,6143232,894099,948724,599369,652522,1943062,2481230,5688
1744147,1680051,2095788,1634732,344729,5765396,278618,292524,471981,582460,1521560,2314888,6189
1755956,1656646,2039643,1587958,320485,6164271,655212,571526,455157,446722,1014508,1565460,6451
1380614,1459698,2011254,1578706,327611,6079899,704934,747762,523926,576253,1185620,866680,3022
1695928,1509205,1676018,1305724,229725,6155457,933994,976605,596431,651031,1849788,2320669,5984
1791999,1707336,2119394,1620365,337947,5620945,270580,283329,468985,580255,1588654,2528231,6287
1735763,1675319,2076806,1620411,337140,6368692,721583,754385,473183,462211,797599,1636384,5979
1105911,1455193,2104983,1627322,347479,6248727,720733,741305,519378,569596,1146358,889384,3268
1446825,1295337,1273125,1198659,228843,6214581,694676,735406,512848,573648,1572347,2267065,4943
2037472,1869196,2482806,1634197,347558,5673121,486216,510313,516414,637238,1890097,3064339,7519
1785264,1682642,2131596,1657232,343534,6142678,699130,728427,474761,452818,807308,1701812,6519
1066647,1533163,2062531,1608432,331350,6039810,714071,758097,536126,598288,1195984,861163,2921
1445354,1281535,1266436,1054555,233321,6250073,715280,750025,536747,590920,1521886,2340353,4698
1754727,1651568,2055536,1572443,229843,4871658,272105,497706,517046,575205,1571728,2495030,6292
2036394,1914519,2459818,1905427,440127,6929823,900042,752884,496872,540017,1192102,2373902,7209
1082105,1483366,2114385,1637241,348400,6234060,724149,747355,522775,574314,1150391,863298,3171
1427572,1332464,1647021,1311438,315148,6760950,871862,924316,589296,657473,1916910,2448724,4696
1708583,1704101,2086680,1641811,231775,4908460,271738,522405,536970,586064,1527463,2293348,5936
1799189,1636446,2100332,1614984,337639,6094220,690041,503709,416520,455997,1167105,2431145,6612
1406003,1585348,2071931,1788580,426927,6555436,918789,976101,548025,617225,1169028,880996,3016
1080717,1362843,1726132,1645754,341911,6339318,707724,730141,534354,588171,1509459,877851,2983
1737599,1486926,1660294,1056570,125261,5625639,695712,737115,529536,585328,1575910,2494321,6158
1734926,1691852,2068198,1615785,343278,5555814,272452,284756,462900,579344,1511386,2297586,6089
1775418,1728226,2113838,1655083,333263,6213214,680985,708178,477360,455614,812947,1666576,6402
1097434,1500868,2073623,1608636,335149,6244350,721690,763319,548119,609049,1214225,885143,3115
1742529,1484312,1673149,1306896,237699,6196234,745116,999495,556248,616515,1859319,3083554,5871
1783959,1702859,2085375,1612840,322447,5553179,321140,280640,470496,578188,1553384,2429272,6398
1732857,1696052,2081528,1637087,340726,6308957,715046,508368,426869,467025,1184960,2321374,5923
1475610,1772040,2114012,1637434,340125,6194126,695552,720088,531035,587284,820947,898838,3235
1471339,1556954,1733984,1650362,429829,7080175,922069,735495,538431,595352,2004783,2475681,5363
2068173,1873919,2491432,1648792,235387,5546315,488699,750636,522250,643888,1883976,3037156,7536
1825682,1706398,2117118,1630644,333892,6213929,690542,508158,474304,462607,1172658,1689236,6546
1409529,1637121,1972200,1545411,313687,6169275,675567,706329,533882,595787,931899,870402,2931
1411975,1506095,1685023,1634172,444531,6892391,925318,953041,571325,564539,1503160,1581721,4434
1767114,1676798,2098504,1318286,126418,4930779,487828,743923,521921,580790,1585973,2509301,6470
2073828,1992339,2582343,2007228,460758,7493745,722914,525471,501906,561591,1581078,2374079,7907
1431248,1648966,2161761,1683526,349583,6270727,709147,731461,551105,612944,1194404,887135,3193
1381707,1353940,1307256,1356467,230892,6346537,717031,759699,551351,600202,1608544,1678388,4662
1649598,1801008,2102281,1358423,183572,5151067,500358,606364,568188,623805,1519807,2264347,6109
1723670,1806834,2175047,1669082,342886,6421594,485887,281422,451238,552344,1601304,2515019,6217
1684469,1789756,2143637,1676375,340335,6555251,726666,760120,587688,567237,840686,868934,4409
1418710,1353628,1745180,1697926,351556,7149980,953976,981251,614525,674731,1937273,1683951,4933
1731110,1752057,2144160,1387812,229758,5102994,481165,510156,574795,633126,1651433,2577062,6706
1657897,1783449,2131855,1679548,349185,6364864,496936,520705,453307,549789,1194083,2367874,5979
1542118,1770747,2131600,1656905,348727,6273339,707640,728539,562991,556690,834345,888485,4877
1055145,1394752,1706453,1661137,334717,6385719,711182,756702,570970,634832,1643437,873266,3072
2009400,1781175,2151907,1396418,235818,5584690,726381,759332,617965,682384,1906986,3055774,7128
1803593,1790743,2147563,1658434,340534,6309501,483357,507591,458087,563223,1211144,2529456,6448
1354772,1755157,2462131,1876749,443251,6979982,947863,989095,623405,620545,1208498,881470,4600
1074373,1450538,1748131,1414579,349976,6402849,725493,748124,556085,623523,1565715,1658867,3233
2023279,1807220,2108844,1532992,222051,6374424,708832,957698,553209,618627,1618160,3303745,7567
1974376,1955057,2514694,1933541,454348,6608208,512097,528951,513133,613385,1553007,3042953,7209
1401183,1739926,2169054,1694679,350297,6429615,710766,733484,562623,554792,844186,877263,4606
1084192,1345236,1649842,1333476,325635,6205166,695722,737063,550904,609200,1581088,1643890,2992
1716547,1530430,1675854,1338429,124955,5587151,479566,741242,531832,585907,1499908,2293355,5824
1784774,1681795,2081944,1603715,337668,5390427,474745,281792,467611,510646,1529466,2493620,6247
1693647,1795399,2384350,1813946,440104,6710121,936314,979452,518476,560054,792133,1626712,4637
1084037,1323856,1610374,1332095,334194,6241627,693871,716842,528027,589761,1490509,1629301,3133
1802436,1451014,1679294,1318250,123769,5527436,487262,744019,537697,594704,1611616,2572572,6627
1710880,1689104,2066229,1614414,350614,5627447,499293,282825,477989,526248,1547249,2339436,5670
1765823,1675443,2069643,1603916,339870,6040876,687780,709689,462174,504658,769712,1611456,4674
1091303,1496983,1661350,1589821,330972,6103694,702882,743105,556814,609550,1195751,860728,3070
1755059,1648940,2017169,1323091,231450,5523393,693704,954138,555674,619579,1797019,2969681,6181
1763831,1652029,2063819,1597163,322152,5426571,481363,279137,466549,515063,1532734,2419990,6521
1711818,1640577,2054032,1577489,340511,6116410,724724,760034,458083,511594,797275,1665045,4672
1093808,1476978,1677991,1603024,347887,6173790,726474,750686,509509,564109,1149222,902240,3095
1714746,1518396,1643319,1565963,312555,6863385,883053,730193,532404,597218,1928842,2443628,6076
2029412,1860721,2498331,1648046,349933,5587686,500824,523193,558451,659280,1916553,3034696,7127
1795709,1810141,2190997,1696548,349121,6470574,709158,738401,509230,498479,829584,1688513,6524
1207123,1604129,2081307,1621388,324897,6247402,695019,730546,565672,625155,1224629,886079,3123
1343315,1447990,1322119,1384580,236706,6360358,728527,754985,566271,625884,1553347,1637994,4719
1704772,1790173,2129164,1356395,231741,5054255,485395,507252,557844,619497,1617544,2512717,6196
1963601,1963451,2519740,1945142,457251,7092401,730579,763574,531125,562566,1206163,2351750,7031
1058718,1563443,2142065,1658345,349613,6351883,716577,738563,549825,603657,1175051,861603,3018
1390574,1414229,1325577,1102801,229722,6265543,707864,747830,562074,627007,1639930,2541066,4668
1695160,1751063,2150576,1546044,236921,5046909,311153,525018,579379,622490,1599025,2357402,6248
1785312,1752609,2139081,1668650,345776,6196333,484728,507428,457831,545594,1199102,2504518,6426
1365934,1733245,2100820,1641830,336622,6229376,721240,758839,575332,571502,851584,869119,4504
1421850,1382781,1720241,1388773,349930,6881146,935930,971934,619778,675838,1882628,2325332,4616
1749684,1821990,2142928,1658049,230312,4937793,270461,506947,578269,643437,1640911,2535696,6331
1711193,1811118,2123190,1661801,347732,6421757,731336,523249,461708,500961,1208051,2390060,5954
1408245,1822491,2190672,1707447,351809,6365609,715222,737545,565371,579090,837215,898556,3960
1083829,1465151,1712600,1384272,335127,6353825,705694,744135,586444,654056,1641028,1720610,3173
2300277,1997024,2511349,1941491,340255,6348109,495116,756555,635259,759246,2300225,3709893,8341
1758823,1796475,2171606,1669628,343298,6380082,697818,503808,464226,497488,1229843,2506019,6651
1394732,1732294,2104247,1639297,338437,6453604,725760,764123,576972,635665,867798,874224,2979
1057295,1407203,1343015,1403539,349743,6416913,730773,758667,570724,616102,1574838,1619944,3063
1774076,1679988,2093488,1379312,124713,5328126,487516,734518,568196,612523,1622925,2505775,6167
1971087,1884277,2440887,1905959,440659,6421059,727301,522143,504055,548427,1551225,3029020,7137
1382038,1806111,2162598,1693292,349597,6302842,715620,737939,573497,623414,840743,864883,3114
1084683,1541864,1354819,1412328,332236,6338703,700140,742712,617298,662645,1671189,1702071,3182
1756978,1826949,2165678,1400702,125705,5156931,506359,768674,584036,637518,1612019,2370542,6287
1743159,1857439,2196663,1719967,348243,6424008,487027,284539,466908,573293,1630774,2533982,6534
1741565,2039997,2500244,1924874,433275,6915608,923090,970356,658177,654179,986271,902996,4504
1114068,1518512,1380886,1424435,350982,6495344,726783,755793,586788,637645,1593415,1644631,3308
1787876,1879092,2196387,1413214,124211,5220015,484722,730359,606045,654005,1678590,2560787,6485
1681769,1737116,2105822,1663515,338845,6513492,486759,282382,456090,568360,1619886,2372171,5991
1770402,1810262,2189777,1694334,348021,6481391,716669,738638,585917,573224,863195,885551,4861
1410284,1543587,2089832,1871923,439105,6893210,925258,981967,562533,601031,1605102,1696080,4518
1952504,1722028,2062153,1344703,187857,5690225,730046,836707,628987,681379,1893274,2951054,6907
2082504,1962792,2595958,2013420,448418,7195983,487876,284967,459183,630598,1977823,3266122,7904
1695084,1766112,2100416,1652531,339347,6415784,727969,766664,581931,583168,847664,867762,4429
1093201,1326292,1718996,1656323,349537,6385933,734873,761973,535144,595119,1537223,896138,3301
1797816,1482163,1661172,1039427,124132,5643900,700020,732232,542171,603911,1617914,2533949,6205
2018195,1845791,2405957,1850228,445123,6202930,487173,510380,482184,585905,1545971,3071297,7061
1553780,1645677,2080576,1595829,343991,6243333,706038,728011,506585,514957,795330,869045,4720
1079016,1334011,1670753,1593931,330539,6232254,698336,739609,553253,596603,1593316,864566,2930
1716546,1511749,1672089,1065361,124605,5638920,718295,750600,533487,588335,1508420,2287619,5692
1836959,1649243,2086061,1615974,339652,5556615,274987,284921,463358,569568,1529262,2491148,6752
1720067,1871786,2470925,1892025,441637,7039224,944724,994099,553638,528787,813707,1680551,6186
1100478,1263788,1659225,1306627,349712,6024369,727673,754562,516217,569390,1490851,1616034,3130
1816134,1506437,1671704,1232774,123084,5398914,495480,712062,528172,578824,1553935,2481380,6325
1713675,1657773,2065406,1613857,340670,5712491,279450,281311,486285,606154,1567183,2367643,6011
1796289,1622012,2078287,1615026,345041,6296064,705944,725541,470257,466194,812083,1621094,5944
1082740,1475232,2041328,1566078,330593,6080213,693470,736988,525715,578756,1181997,884089,2969
1469541,1486167,1693334,1314824,336977,6179398,937774,978468,584665,645813,1864326,2326387,4669
2108964,1889329,2478099,1869693,231309,5343747,268408,693760,529492,651127,1925912,3241238,7681
1710298,1650229,2019486,1560345,332653,6096000,709758,513238,449720,451395,1164735,1656448,5908
1431596,1659930,2073525,1615193,337858,6327252,699902,721424,526161,582749,880625,876597,3049
1086962,1327643,1287749,1332991,335931,6171583,701924,743283,532843,592780,1605708,1733239,3131
2003274,1821605,2397406,1573387,230507,5299317,487839,748291,531650,639922,1876167,3013125,7138
1726062,1730435,2080534,1621528,339961,6142383,689362,507879,472483,459423,1157531,1625944,6361
1391461,1570696,2097200,1650100,335140,6251386,718281,761234,566565,628859,1242263,857311,3059
1388717,1381248,1307254,1387499,239066,6388160,727729,757752,558003,608058,1568614,1623631,4557
1737976,1700794,2077152,1328545,161516,4902725,482621,619463,550911,594481,1568021,2443993,6301
2004953,1853633,2497094,1915329,451739,6900986,727114,523294,493260,551808,1621754,2442372,7666
1379094,1571498,2111780,1672671,350351,6352436,725085,747413,542891,609737,1192984,869293,2952
1383023,1381036,1289088,1345747,230286,6243815,700024,739540,558822,623820,1609717,1718005,4593
1740311,1646308,2031818,1321982,230855,4779838,485088,509455,522306,558689,1490279,2286117,5982
1792776,1709051,2112829,1639326,348673,6049149,485627,503327,410678,519977,1177569,2507156,6401
1560396,1619596,2404017,1833414,434606,6655681,930359,985881,583763,582212,1182248,891908,4494
1393785,1313903,1247708,1306564,236649,6009596,720318,753231,520278,570804,1490877,1593024,4472
1792469,1653351,2067537,1298583,232821,4734044,485012,506851,504046,571110,1553241,2543206,6344
2014174,1803581,2411242,1594908,342403,6181115,704774,736539,489738,603941,1554388,3067830,7024
1452163,1645506,2093894,1609449,347791,6224557,714595,735969,503835,510025,799908,889104,4579
1098791,1296120,1657587,1315586,332768,6090693,691482,730867,517033,578456,1560300,1700628,3159
2007300,1696774,2085009,1491903,236857,5389949,528608,758190,594845,643912,1922053,3093004,7202
1779716,1692127,2089399,1603211,348276,5859126,483623,503581,404816,513191,1163385,2505811,6366
1430157,1598133,1984262,1542825,329125,5916662,705519,750208,522769,519785,811651,884757,4567
1066366,1273319,1652828,1325111,343585,6161803,718339,750811,512998,569339,1495735,1609116,3140
1776216,1534067,1710617,1343002,125125,5497225,477722,723549,547310,605513,1567725,2499980,6369
2040221,1759542,2385851,1811560,442263,6022734,710609,515947,457753,501885,1520119,3106469,7386
1441726,1633116,2055511,1587455,339923,6095739,706215,728752,504347,533679,788909,880569,3533
1082627,1292334,1624620,1307521,326645,6000782,682137,721557,521198,576828,1535972,1668487,3016
1720346,1455516,1646500,1305049,125320,5443900,491347,739756,528410,570602,1501834,2287261,5966
1786066,1774102,2113359,1630376,339374,5405212,476238,276833,488547,543686,1544699,2439942,6447
1699030,1766788,2368801,1817132,427044,6622471,907895,965699,515815,563918,783378,1627642,4480
1063055,1307985,1268876,1315338,343852,6098660,716757,749590,521469,582154,1498155,1607253,3037
2051780,1941837,2503871,1634274,122387,5069120,483508,954975,625670,681999,2010658,3307823,7308
1616604,1700480,2051118,1600795,326817,5633054,501126,285006,493754,543988,1555391,2331283,5859
2032902,1986862,2562933,1687086,349638,6372217,936137,963038,574338,619645,1202598,2365507,5956
1089567,1565963,1733171,1655652,438266,6830399,905419,963489,645562,697985,1636301,1700657,3172
1698730,1711061,2104215,1362151,125968,5063474,503632,762144,557686,614691,1595877,2358734,5983
1735409,1740491,2131388,1688754,349760,6254841,486287,278830,450159,551584,1590577,2476465,6233
1708050,1725927,2068968,1625779,334964,6270686,715362,758838,571176,564994,832491,862510,4403
1058773,1572259,1684277,1662659,333483,6441136,695514,728260,562611,618918,1296504,858079,3199
1407533,1552507,1728014,1084796,231422,5515852,698487,726302,546665,617278,1616494,2545498,4917
1985901,1919758,2466148,1902757,335790,6273490,484051,516138,518168,632836,1979007,3155471,7237
1761722,1715864,2137955,1647716,352983,6367742,732165,752789,550391,552188,824973,903831,4830
1059769,1405312,1696654,1624863,336885,6224526,705598,747614,563281,620464,1621864,894502,3063
1641822,1587504,1730042,1099154,125306,5832062,729864,762633,571044,635360,1588230,2320221,5788
1731685,1858616,2132365,1647603,300874,5618420,267980,344390,511084,620848,1536055,2360547,6313
1980474,1948386,2471996,1894742,440401,6901293,940847,759941,569164,542198,1200687,1666452,5929
1049127,1396911,1729223,1681094,349264,6375130,727246,758296,566923,623613,1563362,874270,3105
1744432,1542165,1728729,1083246,124341,5593481,698964,728463,558108,611321,1619127,2531251,6238
1745014,1633893,2021647,1567007,336856,5312733,266691,282739,464233,583158,1553295,2397573,5998
2090610,1651546,2075641,1599525,342622,6823172,923696,950933,522237,516997,1150710,2339825,7541
1205740,1502213,2041610,1838360,439448,6627489,915582,973041,578883,654655,1576621,887451,3015
1735228,1464909,1662273,1060080,127563,5511147,718784,751269,529587,586992,1531522,2328063,5868
1797555,1703561,2082079,1617704,341086,5468656,270937,280992,464667,571146,1520781,2420200,6476
1727027,1702388,2040063,1596387,330209,6157011,707071,746323,481857,465707,797285,1664836,6073
1085924,1454962,2050838,1593387,345650,6045542,717410,747904,517457,567204,1145352,896016,3267
1429913,1323395,1271934,1019019,227240,5846696,686665,717609,510818,567519,1540639,2522318,4929
1977313,1808443,2368745,1747028,326037,5347446,295508,523334,537561,656614,1922996,3096592,6950
1784632,1638052,2032515,1569949,332858,6001424,692226,715818,457573,453098,800187,1638605,5842
1108985,1466916,2057831,1566741,334346,6150922,702747,742158,516862,584437,1165672,912967,3055
1379601,1318835,1268594,1060045,235899,6204135,720362,753973,544387,595160,1544639,2331709,4569
1789830,1741062,2095994,1345026,123371,4719639,482813,720390,535086,593269,1561434,2495793,6351
2014119,1769693,2368641,1791067,436849,6498004,718019,513997,448626,488817,1540096,2404822,7069
1399960,1702445,2058196,1591629,334479,6160795,696874,720405,526543,582622,841076,871774,2989
1106576,1295339,1268492,1317771,328672,6146620,683812,715824,526000,576875,1550904,1672851,3263
1730828,1713304,2058697,1329275,124256,4868526,497710,748870,549015,603039,1543980,2349853,5904
1782934,1682627,2070322,1603531,340677,6082466,481237,278051,417563,516717,1507147,2418220,6451
1745952,1651706,2403039,1831009,524619,7312294,1105034,1173792,633974,630479,1519367,1601405,4692
1416370,1319221,1288176,1345140,238561,6110809,729358,765258,526815,582227,1528278,1609838,4679
1783521,1663214,2027552,1305667,175347,4848182,475055,579513,530460,588110,1496971,2371249,6467
1716020,1639080,2026469,1571834,333310,6086094,486699,282079,417762,520393,1577227,2411073,6056
1740822,1664742,2062047,1589442,350362,5995609,726081,749273,505982,503425,798327,880757,4530
1422308,1269780,1654310,1565338,327134,6548878,893133,940845,578689,633007,1939859,1709749,4676
1733465,1720212,2072746,1323111,234330,4735963,498133,520068,551658,604970,1566061,2387208,5980
1755785,1657073,2061898,1595097,343550,5988025,490455,508234,407961,509693,1144053,2418501,6237
1616168,1591566,2035201,1568913,332499,5974559,700341,739299,504921,490681,785475,913833,4764
1100667,1452257,2097385,1631543,351117,6287410,730552,763573,535873,588884,1167192,906700,3246
1432983,1299960,1247911,1031983,227040,6041627,688958,719931,530862,588950,1569556,2482021,4547
2042578,1740311,2353289,1796815,333521,5364563,476804,506839,512094,565402,1875835,3076253,7127
1768572,1662274,2100523,1619232,344063,6257855,709926,733818,473193,515175,795432,1627541,4775
1097179,1524105,1662641,1587925,324171,6131880,680442,721546,540729,598362,1187014,900852,3183
1425703,1337941,1505642,1036244,236606,5779383,718645,751020,513268,564805,1508667,2320602,4525
1790373,1633608,2434576,1841674,340926,5171387,485892,720087,559782,621738,1882270,2438545,6395
2049571,1772375,2712349,2041641,529691,7184188,1131973,963874,509655,566249,1543321,2477831,5906
1069620,1452561,1657526,1595256,345774,6183627,719840,752929,517043,569269,1152424,868651,3069
1470018,1478533,1698566,1049724,222447,5522817,676339,708578,534750,593680,1548584,2463374,4943
1725348,1664128,2090617,1619712,235077,5449156,271267,522841,473897,585947,1584947,2450609,6264
1750633,1606092,2059187,1590946,344003,6033344,708698,511089,427360,448848,1126326,1701433,6117
1391582,1741615,2070188,1885095,429703,6704232,896994,953081,611620,683257,1234892,907327,3206
1374456,1543067,1685945,1069951,237454,5764385,729929,760725,556778,614823,1571259,2351990,4547
1788839,1824177,2126418,1649183,235053,5548328,266624,505707,517127,628988,1603584,2497514,6272
1676476,1764921,2070259,1622921,329946,6163432,706896,523739,510218,488078,1202624,1631718,5817
1382314,1575907,2147370,1674207,352976,6311049,734013,760663,563986,618924,1174291,902204,3239
1369863,1390034,1323836,1369279,234884,6310655,703769,735594,566816,630093,1628507,1711536,4704
1955784,1957576,2456726,1629536,256564,5704822,498932,675830,552424,670168,1955781,3095333,7303
1725827,1820543,2166243,1679562,350297,6465634,719370,509759,510636,490090,1185502,1659834,6328
1402569,1584492,2129194,1628013,334337,6235356,699661,738838,576912,635434,1236940,894348,3206
1367013,1371341,1310384,1371900,232126,6381464,716278,750672,582570,620386,1593705,1620898,4347
1757790,1660412,2130335,1365656,235108,4992796,485985,507852,533163,577840,1570095,2507639,6344
2030333,1915415,2480510,1913159,438589,6872126,716873,759033,516079,559185,1251624,2480252,7454
1299270,1590521,2515040,1956631,439078,7116618,913234,954510,629166,687936,1539623,903711,3272
1422607,1417419,1305561,1362796,232057,6140880,699928,730848,551666,622803,1624050,1729452,4783
1702847,1774176,2147400,1387700,232451,4992974,499930,526644,568956,625685,1614647,2443250,6309
1746033,1839060,2176993,1700874,350521,6378635,495360,512449,450254,567798,1211064,2440160,6263
1369427,1809927,2540801,1927436,440086,7011125,918865,977062,626458,636769,1226855,884961,4531
1366361,1460282,1342194,1103230,236605,6480042,725494,760492,581229,626727,1586182,2339411,4529
1724122,1803601,2180596,1533790,234885,5061401,315497,505382,569746,620721,1595751,2500929,6466
1723390,1748476,2089211,1634576,333762,6241641,495032,521828,467559,577075,1253382,2484437,6111
1361939,1764239,2155946,1680211,350343,6406508,728312,761106,563847,555461,835149,905053,4766
1395981,1369022,1758722,1393988,342531,7110582,919957,961233,637765,685045,2057265,2546864,4787
1707563,1689099,2116456,1663825,232999,5146508,270631,522033,565408,625259,1640181,2450056,6219
1750163,1785627,2194716,1712171,349108,6532980,721991,513165,464849,499842,1206466,2415604,6155
1427749,1768959,2127460,1645467,334622,6402004,702284,744500,586166,587559,852675,880912,3785
1069215,1349306,1697011,1369365,350583,6444047,730496,764078,559379,614888,1569413,1606147,3235
1745983,1549505,1717139,1388331,123960,5543673,487833,732656,544731,613178,1573507,2472598,6220
2009275,1971169,2474903,1907229,436390,6355510,707992,511311,504568,564152,1620739,3230211,7393
1409140,1775116,2133266,1656204,349471,6280537,725512,759493,575713,625601,826135,884184,3190
1093718,1615798,1720922,1626029,435826,6824743,888488,926555,611169,677063,1600191,1724972,3417
1710634,1632311,2026996,1378903,123030,5353564,499403,763136,566537,641267,1634054,2428802,6159
1733704,1817030,2162452,1662419,341021,5827675,500353,285865,508381,553840,1522169,2369823,6259
1756612,1873400,2473568,1870269,440943,6708094,916605,972434,539142,596788,793938,1692851,4648
1074639,1283223,1266824,1297809,334504,6016548,697702,730035,525272,571661,1489153,1562617,3283
1783110,1677636,2078984,1328929,122509,4791190,477985,712279,531643,593402,1536664,2451256,6491
1745005,1672276,2039028,1588509,328993,6099795,493396,282228,438708,536803,1599257,2470059,6228
1712477,1642529,2046768,1581116,344625,6182522,718336,751455,498405,505749,787954,900624,4460
1104078,1462460,1630955,1572347,423018,6767518,862769,901489,579636,642117,1658786,1665070,3127
1713890,1694238,2089723,1335840,125553,4972537,504706,763799,545331,593500,1580843,2408539,5946
1770564,1703569,2064239,1596874,334402,6237067,476387,281545,414906,518329,1479103,2333020,6199
1780450,1656959,2065619,1591303,332251,6225214,693650,733618,522108,523281,819665,885743,4685
1104062,1334644,1683042,1617805,350064,6200449,729339,763628,533786,593499,1532222,858755,3185
2082186,1669300,2040264,1318864,174916,5595795,697808,812515,588722,644452,1879248,3154512,7655
1753020,1459070,1675105,1035235,123941,5482798,727295,759972,535632,580336,1532743,2327124,6005
2085779,1866481,2488182,1879384,453632,5470745,267473,281813,503654,625777,1923844,3302231,7321
2067567,1789034,2389676,1826611,430506,6612563,722224,760698,472146,518579,1148834,2370529,7353
1110321,1446876,2068724,1586551,345601,6092979,723842,749946,495365,547575,1131318,901537,3299
1435592,1314627,1302528,1078681,232341,6410981,701846,733161,514160,582812,1592046,2532301,5062
2010523,1796533,2425777,1862598,345093,5485026,449185,520320,529654,650830,1941815,3136634,7156
1770347,1623660,2056787,1586859,343512,5992114,705817,728154,459055,445768,794815,1613301,5907
1368998,1721286,2086016,1651254,334988,6311256,717163,760061,570242,607428,828888,860789,3125
1070499,1348893,1300502,1386295,349605,6467934,729018,760505,557810,601451,1562238,1618938,3162
1728924,1718850,2159255,1375062,124709,4932727,485073,731116,544445,594975,1612118,2540901,6448
2015507,1881629,2489788,1901398,450694,6983572,730680,524242,510197,549283,1600657,2417672,7308
1402653,1720494,2172548,1682026,351319,6569813,725070,744082,561325,621504,1106050,904082,3205
1043753,1385953,1339002,1408342,335624,6609755,703646,745502,585304,653783,1661998,1708350,3145
1665666,1777979,2126311,1394833,124560,5029276,500867,762964,573002,625238,1564073,2323904,5863
1720094,1822507,2175048,1689608,350071,6353395,487877,280463,447525,556340,1587977,2494416,6532
1680857,1744330,2447342,1881400,436390,6852557,930007,985348,618823,633630,1231792,865617,4466
1382089,1400792,1312468,1395914,237602,6360583,727816,760109,553079,613436,1544539,1632094,4610
1760335,1735386,2119925,1340586,223132,4918715,480553,520322,561113,616794,1610193,2555127,6419
1661336,1741452,2092197,1636654,330783,6380792,478987,294317,442718,556093,1583550,2371921,6096
2044973,1957857,2563337,1954405,454245,6390371,724089,744452,619469,623517,1193543,1591216,5999
1044558,1387779,1731351,1642650,337811,6404060,704448,745894,573017,636002,1636391,897877,3154
1984829,1785145,2141824,1401346,240169,5697854,721008,752037,641061,692464,1955497,3069449,7342
1737721,1709444,2119848,1661283,349772,6209303,486947,504695,440298,537899,1206598,2490078,6217
1350819,1743927,2085716,1630159,334090,6191145,717299,760076,572784,556872,848906,856711,4403
1045559,1318413,1692130,1584876,334727,6431691,698520,730171,554067,589303,1502612,1038518,3063
1728485,1565048,1757211,1103257,125156,5656999,702452,733504,583278,628198,1632482,2521454,6283
2012953,1861977,2492285,1902464,451197,6294237,498678,519723,493802,615143,1615433,3183205,7250
1403135,1768580,2147388,1675591,344599,6363949,710893,730903,563873,559836,834583,876545,4603
1054196,1394225,1719203,1360808,334816,6332724,702676,746392,550296,618349,1614335,1755582,3344
1688213,1607122,1738136,1389788,124355,5630896,498232,761136,565178,617494,1562578,2336688,6018
1716698,1787448,2133255,1671438,333321,5439032,363166,280454,517305,624235,1548468,2397122,6399
1691598,1980700,2481632,1913308,440020,6905433,940879,997385,576702,565721,829147,1684250,6060
1065559,1385999,1703297,1379864,349333,6311291,725873,758713,555579,606720,1541803,1613564,3100
1697898,1582580,1726907,1356866,124955,5465335,484839,733497,535573,599798,1611119,2537557,6195
1650055,1762923,2120937,1639564,340730,5639545,501234,284023,510955,564369,1600173,2400183,5916
1728100,1810203,2176636,1676764,348837,6420927,724296,745326,490872,547122,825880,1654773,4835
1364030,1798598,2324564,1883338,428544,6922723,890103,1159676,679014,752443,1981146,2487745,4650
1660309,1582937,1722769,1360295,126130,5559193,503106,764951,543279,603345,1563869,2330010,5952
1731232,1799743,2170053,1674439,351708,5632935,490116,282864,510686,560333,1601990,2479479,6200
1678775,1713376,2088297,1645717,336195,6310445,720182,762886,508770,542903,825029,1663392,4393
1049636,1550720,1722844,1676733,349389,6504042,728614,761399,570103,619490,1200829,862813,3022
1386183,1505076,1712726,1084191,233607,5582877,701254,732548,554069,595129,1596591,2530966,4833
1991363,1931973,2506820,1928272,341247,5900850,499123,518831,581075,626659,2019116,3178309,7270
1731914,1742199,2162925,1672696,349462,6260470,721021,744229,491302,530250,804980,1655995,4752
1088405,1515926,1721017,1631059,336653,6236898,705127,744628,558852,620563,1242261,923805,3253
1391802,1530908,1722602,1110866,238276,5935109,733507,768797,559941,614723,1582363,2355533,4664
1733771,1754256,2126809,1656125,236307,5586015,267521,495840,493984,601517,1548383,2465940,6474
2018767,1922294,2481961,1902603,439818,6759343,941172,757444,558749,535916,1193616,1670086,6130
1078581,1490348,1729212,1669807,350437,6367957,730025,761108,542649,607739,1489505,897739,3214
1410611,1562704,1727590,1065650,214340,5555749,667779,697922,545426,602295,1559460,2436259,4891
1635730,1731199,2090336,1609598,232803,5475504,268204,519770,487872,605521,1601922,2425314,5896
1745206,1759452,2157111,1654325,460360,6902606,950517,747603,537681,541513,1547723,2413979,6210
1715878,1730126,2490277,2142295,436259,6821745,908734,1178847,693181,768785,2010358,1662661,4508
1702742,1544041,1715400,1110068,124879,5660209,726993,758790,559091,591761,1567133,2343809,5941
1765791,1720359,2173413,1696357,344069,5601518,266619,287487,502492,608913,1597756,2476032,6443
1735070,1662394,2058842,1622683,323259,6300635,687980,582446,500728,489139,1111988,1592258,6115
1372507,1538321,2135448,1668737,348679,6229786,726419,759081,546177,602971,1186739,882903,3195
1401197,1399075,1341974,1382983,232128,6292734,698787,731750,569742,625037,1619207,1713119,4717
1964309,1822293,2432613,1604065,341045,5629431,490508,510027,550532,671846,1981318,3157341,7229
1721602,1791116,2167838,1710234,349949,6451199,721177,743260,504303,484837,832744,1636070,6052
1073279,1503089,2105773,1631837,335609,6220433,699692,739157,558092,618298,1215295,886965,3012
1399895,1322934,1309784,1250350,222922,6329868,699826,735671,536238,589737,1512698,1979246,4693
1731791,1761024,2152441,1388276,238379,4923055,488517,503795,560843,614577,1578394,2498852,6617
2062189,1888278,2490938,1921773,442296,6847275,716696,757559,514582,545913,1205011,2496906,7706
1063804,1617989,2170877,1686241,347959,6343785,724664,759351,566207,617059,1191788,888640,3179
1396518,1376553,1313662,1086152,231343,6132280,696317,727273,535121,601771,1608064,2542182,4906
1636501,1733753,2109961,1642210,230838,5009130,269743,522864,565558,636415,1623620,2403150,5807
1712037,1788423,2181190,1682281,348950,6505148,673133,517353,425738,536754,1182426,2417411,6172
1350139,1748725,2492825,1876899,441896,6850321,919434,975631,595421,599854,1217704,890447,4518
1640672,1582381,1691795,1084702,237602,6363346,941618,983604,625007,696729,1949139,3024642,5729
1761110,1767283,2178779,1688183,236947,4831843,269276,506955,559235,616531,1581731,2486101,6390
1715166,1700864,2115585,1664627,336758,6379053,716820,524854,449007,468792,1242532,2504531,6334
1370672,1700419,2133700,1677831,348635,6440003,726540,759155,564573,609009,846382,882477,3264
1367549,1283613,1424296,1373934,341330,6923857,912474,953529,614224,667854,2021365,2534696,4686
1708597,1689261,2086246,1617391,233548,4845056,269251,518518,554228,598679,1593866,2425477,5900
1761495,1688159,2146413,1653836,348852,6127330,722299,514229,432749,468628,1164748,2414916,6189
1401674,1726117,2116290,1631276,329824,6185409,690307,731363,559187,623557,844009,907007,3252
1068467,1359198,1315510,1361669,348519,6150734,727515,761121,545951,592162,1562040,1616210,3276
1773158,1749771,2178107,1394187,128090,5010394,490379,730039,564897,626580,1612050,2543685,6853
1950464,1904587,2402304,1855325,427337,6617434,689603,489972,462617,548613,1615829,3157278,7274
1359089,1791336,2135565,1684794,350076,6357953,727790,760136,566846,627761,828281,862901,3034
1063578,1350245,1303332,1353517,342457,6184304,698979,730625,562002,620490,1593487,1696194,3115
1650373,1725038,2100846,1361613,122306,4884484,497444,750227,568220,616275,1576763,2401871,6079
1718905,1765900,2142271,1665878,349273,6200251,498353,281242,424263,536796,1539184,2442337,6276
1748803,1596757,2436403,1829588,440682,6568902,914032,970946,571038,578548,1188012,916250,4689
1141954,1247714,1233295,1304175,294768,6100764,685632,716524,512899,569573,1478438,1534134,3470
2080350,1749251,2433015,1313580,123880,4731729,690836,939049,551013,605941,1878253,3210159,7522
1727609,1598752,2016162,1563694,331150,5968169,485050,286805,407512,508661,1554949,2447872,6052
1721566,1595444,2060554,1597621,345591,6034713,718679,753689,501105,491829,757333,874333,4661
1423805,1268959,1679969,1608074,342469,6675015,916872,956896,560880,625161,1957188,1727558,4816
1717355,1604549,1995479,1284700,226985,4542041,487888,507899,514910,577503,1528531,2353412,6040
1751971,1651200,2066254,1601219,330575,6147815,467903,395035,394957,499834,1327506,2301469,6159
1744323,1618743,2052284,1563030,336109,6010211,700323,741651,514611,506221,782855,893600,4526
1084441,1259709,1635143,1565933,348493,5930146,724064,758611,514637,566658,1515205,867441,3159
1785727,1458765,1679260,1046926,124642,5394027,699705,723703,509673,560990,1529057,2478960,6458
2014269,1829538,2419923,1839897,442781,6085303,500264,522134,475135,586166,1574748,3288494,7354
1377061,1677906,2085125,1612497,347673,6049298,724743,757363,519761,502166,768657,868209,4538
1083209,1245091,1669817,1469200,341273,5982000,696623,728149,513034,574982,1576534,1497524,3331
1699185,1439742,1637506,1020657,123535,5230910,714845,746377,503398,553575,1529697,2403978,6013
1749471,1558463,2041393,1564013,348207,5212838,268703,283210,430284,545484,1481324,2417536,6130
1737782,1887481,2727634,2003186,535507,6774990,1112163,1183395,516990,507792,792343,1684397,6063
1085394,1288034,1646112,1305208,348847,6011301,729398,762537,503175,554298,1496614,1601903,3058
2070338,1392659,1607166,1272813,124086,6034038,670724,905320,560750,615820,1822128,3089255,7606
1743456,1650091,2036260,1581296,330758,5397268,472588,281925,458949,567866,1574734,2453698,6196
1724185,1640732,2104876,1632446,353529,6174553,736802,770138,457857,443477,788366,1617073,6140
1087481,1420727,2061149,1553376,445786,6566475,907127,947826,559748,621007,1559295,1726099,3266
1685464,1447638,1641934,1285853,122156,5327102,499622,761630,518859,580938,1580253,2431654,5821
1721880,1605045,2036720,1578842,339273,5452720,497428,281981,459760,509591,1488124,2351517,6137
1749957,1634173,2037661,1560464,330967,6038273,693440,734412,469895,518422,801540,1662127,4548
1093028,1437964,1704211,1603015,344210,6283916,717494,750046,518126,574358,1165356,861766,3204
1720248,1459470,1704802,1323560,228303,5951993,658739,894623,551050,618308,1811602,3086272,6384
1762605,1592635,2035465,1579734,338575,5508612,499407,285956,445472,493943,1575445,2513158,6390
1741761,1672788,2084744,1625116,343828,6309822,720867,753388,477864,521776,796768,1595303,4751
1060812,1451002,1652726,1580995,332809,6058554,682606,712697,501585,568504,1167451,870397,3292
1391903,1406641,1614598,1015269,232030,5353737,717474,750535,502954,557279,1523731,2374615,4420
1729882,1623270,2037383,1569979,232358,5252762,270053,502172,456003,554213,1452780,2330688,6036
2087179,1753379,2374634,1784509,422617,6527490,877426,700409,450324,495493,1178022,2178785,6163
1076660,1377217,1598179,1524463,340932,5969803,707103,735274,469853,526140,1111558,892037,3337
1406745,1370475,1320400,1359967,230980,6105585,696036,732349,529334,593536,1586423,1744368,4944
1694369,1695153,2063434,1601350,329416,5687098,700939,734899,632554,692478,1993449,2432969,6237
1696440,1742972,2124103,1681601,348408,6490101,499805,517689,440302,540226,1194292,2373318,6052
1399377,1710730,2568062,1945696,447107,6953528,921174,968971,620786,607811,1236737,880077,4721
1362933,1302012,1294490,1250242,220207,6303402,699684,733087,545807,578795,1526287,1971319,4541
1746512,1690589,2145719,1380791,238100,4891890,495054,510197,528366,578526,1559844,2465251,6493
1697886,1707867,2109407,1646957,336013,6212592,491129,518268,436709,546480,1237695,2492194,6066
1364469,1764648,2158179,1693828,350422,6356816,731547,764161,574378,542273,825062,878487,4783
1378073,1334394,1718314,1376362,344076,6853434,913383,952714,615191,672575,1989157,2526597,4684
1659415,1663054,2077785,1628207,231070,4964555,267866,519218,540056,594054,1606830,2442724,5984
1729510,1727089,2180784,1683131,353655,6351107,689086,522470,426359,521060,1175898,2381161,6109
1440724,1679377,2110920,1634586,337658,6270161,700380,736537,539249,539944,838743,901614,4824
1059544,1274344,1650976,1326756,345809,6296207,727836,760876,531956,601745,1579443,1623558,3093
2065360,1710279,2113571,1643797,236978,5452738,490882,737607,595450,665502,1927359,3230005,7608
1680485,1679300,2054445,1589174,335426,6082091,712307,520115,428850,475908,1215661,2505265,6085
1380622,1710541,2098595,1657132,345649,6372198,721051,751590,548792,603975,824101,869867,3125
1042933,1318214,1413918,1352691,344436,6086947,697020,729195,527199,591385,1581174,1711582,3129
1657744,1484298,1680022,1342643,124341,5542483,496185,757808,543781,597573,1602831,2431143,6004
1684415,1736449,2097157,1892932,452665,6320189,708550,499216,531549,589864,1851449,2366190,5718
1745736,1913363,2525670,1903674,441080,6911263,907489,952450,530653,595507,810500,1736377,4977
1055813,1346574,1284149,1352672,346671,6298912,732062,766933,567747,616895,1574986,1649623,3291
1726710,1763627,2127921,1366954,125770,4788031,493710,738738,534016,593393,1551827,2462192,6343
1652777,1711337,2064683,1615309,334351,5908075,488594,282916,457124,540308,1601469,2512577,5989
1620133,1717468,2068192,1623638,333676,6095997,699780,731649,483993,530679,807009,1435724,4494
1058470,1712856,1743102,1677070,456103,6757377,915630,957272,613130,678549,1603892,1698809,3081
1655465,1745193,2071119,1347271,124996,4802497,498921,751797,527169,584392,1595775,2407384,5934
1729272,1857387,2200499,1718173,353133,6374481,504233,287529,456985,562150,1585124,2407957,6072
1755617,1850474,2200834,1683990,340296,6395313,703598,741397,571664,564620,855012,901262,5063
1084852,1494483,1718377,1644030,347318,6374040,732228,765604,586774,642036,1630922,899250,3113
1763690,1709239,2113366,1343445,197316,5582321,697849,947790,579819,646021,1908781,3160438,6234
1684261,1735620,2091277,1612797,335620,6331256,490967,284248,428384,546747,1602823,2484807,6126
1683631,1668869,2103993,1646854,344901,6392337,718772,750973,560943,549872,804470,860046,4642
1387749,1476638,2098436,1915113,453702,6772925,912876,727893,531426,586839,1956841,1692543,4548
1683584,1488075,1683739,1070254,123945,5408340,722375,758074,544076,590412,1605998,2456080,5991
1694560,1703851,2534505,1928073,453810,6117167,482251,497913,544799,650740,1893940,2399319,6301
2013319,1840659,2438949,1843904,430411,6569218,882290,803421,535408,516086,1054661,1622850,6134
1058054,1283130,1702251,1632431,347644,6398872,735238,768674,525883,590881,1583615,890458,3273
1729715,1533470,1716315,1078773,127545,5571510,718767,741150,550187,613300,1580513,2439094,6191
1658063,1684227,2065746,1599756,335307,5582712,271592,283463,478077,598260,1593477,2498848,6107
1688720,1675045,2080492,1629114,350002,6236643,728209,761292,464871,450663,796589,1593042,6055
1025851,1517385,2100631,1766978,453231,6552801,911034,950637,574427,646709,1560278,1493484,3146
1681839,1503565,1668546,1059366,123790,5459301,723548,760961,537880,595825,1588238,2440458,5926
1727999,1687518,2115952,1633086,349796,5596840,267997,277271,479000,593038,1536202,2402074,6079
1718257,1668731,2096400,1623459,339616,6267711,703811,740300,465737,453052,801591,1719701,6575
1078053,1490740,2073578,1619411,345717,6346366,731130,764198,546446,610053,1179611,894013,3162
1739302,1484994,1676445,1327573,236018,6138505,715961,967420,585505,645178,1894604,3226422,6215
1669472,1661648,2028868,1567638,329793,5487854,469298,281935,474988,574757,1576959,2499876,6167
1663474,1767097,2105236,1654704,349145,6338884,727949,760860,485976,472276,803833,1599460,6082
1067412,1629712,2128275,1636743,344322,6139483,700669,733834,555110,616226,1211733,890963,3218
1323319,1281485,1238439,1026817,231624,6012836,726624,761895,527001,594495,1587353,2435847,4285
1963841,1942002,2537138,1932870,346729,5569207,503131,522137,547665,609610,1881809,3072347,7304
1720668,1682789,2497963,1886904,437575,6846725,902592,948598,548819,604073,1168934,1699410,4620
1046150,1464149,1724106,1595339,346751,6269093,731464,762695,518285,574566,1150841,878385,3188
1363337,1358047,1363200,1112405,241658,6244258,688147,709704,544039,603716,1527778,2383472,4896
1686276,1751434,2091952,1639492,229735,4914505,270048,518904,558220,612097,1596548,2504547,6128
1600619,1759732,2123309,1677227,349323,6402992,729364,523019,442938,476493,1169448,2300831,5975
1347117,1714877,2106694,1939237,449849,6821130,904308,945409,586542,666635,1202205,866468,3072
1336125,1516946,1682463,1075586,231979,5644708,727156,761012,556168,616420,1598257,2441310,4536
1670667,1755864,2149198,1664851,238048,5722899,270161,515780,504861,616815,1552628,2393742,6293
1693332,1737277,2091427,1621054,322715,6293946,667875,474228,432083,476107,1222520,2249565,6360
1363829,1712020,2081094,1628116,348254,6286229,735306,768296,563387,614592,808417,917677,3306
1402743,1623723,1741290,1365781,349258,6108468,939207,966621,599119,655766,1914659,2451536,4795
1645400,1694025,2050007,1604504,228786,5488373,269767,504167,484814,591264,1587902,2470920,6072
1617251,1782921,2149018,1692047,350341,6474102,726582,520786,491166,477074,1193185,1608486,6140
1361592,1579761,2147486,1667927,342569,6196077,695267,729385,537645,594922,1197115,878994,3215
1135884,1290666,1293569,1333230,271423,6320932,696893,731326,520413,583145,1561804,1571885,3421
1969489,1908723,2553267,1656817,237982,5630056,500255,752952,519112,647113,1886181,3145958,7435
1700326,1947750,2527648,1915193,436141,6794356,895620,714744,546450,550748,1214648,1721436,6401
1358765,1514905,2085360,1632083,344088,6302023,726549,760873,535265,588247,1186881,888753,3244
1357790,1372881,1311306,1360540,236894,6220246,719951,742187,537282,594880,1567067,1708265,5101
1665163,1651549,2068647,1339157,228565,5035769,493233,522861,535822,598234,1613863,2508769,6173
1652017,1693915,2114142,1655033,348672,6348404,496484,474899,418130,516171,1288388,2302871,5853
1685933,1708585,2546620,1920208,454020,6786474,916146,958018,572417,572046,1186605,886350,4621
1307902,1341305,1307922,1358635,231276,6279533,725660,760135,537287,598341,1614671,1657530,4473
1678474,1709191,2142001,1368431,238077,4947198,500042,518567,530146,588197,1549103,2374680,6278
1687610,1689900,2122412,1614802,336463,6216073,484777,506948,413684,517665,1206585,2525401,6494
1339734,1655137,2060817,1603472,346415,6370134,733288,766429,529083,524206,801894,882506,4540
1379589,1359763,1746177,1465006,352460,7077765,944337,971903,582513,651396,1933622,2349340,4678
1708474,1640023,2072753,1337970,228859,4912259,486396,515434,547721,605909,1603214,2520887,6179
1723188,1601441,2081632,1629261,350977,6296298,500535,521221,406330,510257,1149652,2343415,6112
1401398,1692727,2146412,1663392,344151,6269922,694169,729197,533055,529651,809799,907975,5032
1024802,1302302,1681855,1337982,336160,6082953,721403,761018,551547,608165,1614554,1677662,3255
2277249,1912344,2506989,1905092,234916,5693285,498729,989796,646827,718269,2261932,3882491,8547
1672730,1681828,2099614,1610220,337122,6194537,688231,507622,430881,499491,1220176,2536737,6178
1393536,1856568,2401125,1854742,431884,7043115,910102,951170,606288,610416,810730,862634,4307
1003069,1292466,1715094,1366551,351368,6348508,718018,740413,522064,580450,1537131,1650525,3066
1692613,1576931,1728874,1368731,124915,5787501,496992,759413,559094,618206,1637044,2555246,6554
1952478,1910361,2523332,1939591,457499,6317277,727667,523842,475938,524028,1540879,3037410,7538
1342125,1762035,2151361,1657559,343059,6173205,696991,729543,543304,598996,831898,892819,3257
1024963,1338814,1321712,1334651,336986,6250925,725845,761944,555802,615536,1631223,1664380,3189
1625422,1552108,1804617,1334524,124520,5509798,469298,722182,527397,584756,1494951,2295224,6074
1685647,1692775,2111166,1608574,337896,5565680,485349,281291,470019,523869,1605882,2517341,6277
1631975,1685423,2067875,1602426,344476,6268082,728142,761048,473534,527433,786078,1604344,4320
1062922,1528497,1734114,1651648,461183,7049786,931197,957918,569773,636713,1538989,1678459,3378
1686502,1656876,2070017,1346191,126675,5037445,493231,751378,535281,595693,1624449,2535360,6304
1646528,1690121,2102256,1662016,351028,6364802,502997,283289,427465,527513,1555985,2335810,6203
1708689,1730195,2079257,1624523,328698,6196358,667745,698871,479129,521874,811385,1214879,4868
1006375,1495198,1665963,1605856,338493,6090629,724591,758035,539935,594676,1224440,867695,3050
1692508,1726663,2152140,1403108,235500,5690428,723731,987196,604809,666874,1921395,3136285,6089
1708221,1713850,2114384,1623471,336311,6131648,482136,278000,416003,518034,1593308,2531760,6503
1635712,1659693,2057279,1603608,343636,6167094,729414,762705,532590,525323,818730,899327,4577
1405667,1489373,2096415,1922923,454130,6980462,922407,949322,597295,664932,1546276,894458,3320
1529885,1518535,1675395,1046162,145557,5511676,709700,752336,542928,605726,1616980,2513410,4994
1955598,1847165,2509674,1931781,349710,6393861,506881,531830,480054,586297,1914373,3074249,7568
1707571,1702591,2131244,1665043,344374,6221103,697886,731894,541993,526478,803654,882054,4865
1028005,1353198,1690720,1619235,332800,6279276,714810,750161,549659,605537,1603746,874990,3044
1657417,1506751,1697599,1067356,123023,5533767,727585,752746,534624,580332,1522935,2375603,6060
1698721,1689316,2107001,1634195,338381,5726509,271755,281758,482350,598145,1624140,2545453,6416
1641808,1645921,2066120,1624621,345814,6275429,727806,738508,466181,452065,900726,1635947,5911
1339786,1487905,2109775,1918430,462072,6761790,936596,964947,579377,637191,1539018,877255,3268
1714883,1471595,1719553,1093611,127357,5762463,714510,756554,551725,609963,1634887,2583982,6843
1659152,1650415,2076870,1640871,345044,5704580,272493,284743,482026,601119,1531645,2304654,6228
1687727,1761171,2163051,1676342,344092,6405213,698495,729101,505448,489566,827111,1695912,6439
1001553,1532341,2100933,1622136,339087,6297972,725232,761705,546294,596358,1210477,862769,3136
1659930,1515323,1678257,1148561,237017,6288881,900331,956559,572236,631296,1849020,2973267,6246
1678650,1707952,2136123,1632786,336731,5573329,267500,277767,484358,602820,1608953,2557118,6677
1634177,1659485,2056021,1596403,343148,6144800,728028,760032,479036,447535,789287,1648208,6060
1324548,1767530,2522070,1936121,449154,6898921,910118,937119,611812,607548,1182880,887079,4404
1322086,1345979,1288236,1088365,229636,6181052,709052,750103,533058,592320,1601696,2513930,4652
1981250,1905907,2508568,1930661,349511,5612327,501607,527532,530924,583019,1904294,3052369,7227
1631746,1729911,2091749,1634158,328439,6101923,668837,701345,474207,458081,804117,1711786,6266
1009964,1504127,2082595,1610808,337418,6220620,720863,757747,534695,600819,1226196,888050,3329
1317017,1358432,1288395,1059123,235144,6194918,726438,753135,535225,590620,1533757,2382657,4556
1644687,1740285,2086715,1613946,225457,4923355,270323,507042,537498,601205,1598927,2510693,6457
1921057,1909754,2447486,1897477,455614,7051064,956308,761235,494622,550241,1189208,2381774,5856
1001236,1536992,1705581,1637984,350296,6239391,714015,736284,532812,595070,1165332,861904,3010
1315295,1298057,1404047,1055592,231328,6075157,682399,720170,522048,589317,1558463,2417695,4768
1650489,1698866,2096709,1641183,238219,5017167,270487,520661,521959,583329,1534034,2336765,6278
1689544,1712435,2090290,1607297,343371,5950609,696194,504303,400608,444127,1168206,2507308,6295
1339409,1651461,2063053,1602217,338026,6133564,723496,757534,525239,591812,802390,881099,3208
1347108,1481898,1676775,1329043,349021,6135221,955205,988425,584323,641637,1891382,2390484,4623
1675269,1717332,2105636,1612469,229609,5433778,268053,505548,479217,595291,1617151,2542400,6436
1588695,1680493,2016304,1576547,439738,6754686,924167,726406,469847,520318,1564807,2734249,5520
1348071,1743524,2111616,1637351,349641,6087988,714651,736875,539418,592599,800615,870724,3136
1335539,1483196,1628716,1564732,433082,6551100,915232,971130,586273,563450,1568806,1695078,4661
1969216,1873342,2494521,1633189,237057,5466380,498477,759684,529379,649763,1915277,3044124,7551
1708816,1701765,2129833,1644848,339285,6095626,693308,512960,470532,471728,1225631,1718078,6945
1347344,1482235,2059879,1590691,338181,6155869,725799,763113,551808,601228,1213615,877490,3264
1266366,1282350,1261233,1346874,246756,6162402,726049,752963,524863,581434,1533413,1628630,4022
1694490,1664027,2107969,1340651,126148,4907837,484752,728197,525847,591003,1615661,2546037,6535
1978666,1895075,2456343,1885418,455490,6841861,730840,524324,499629,537042,1573636,2385112,7317
1341371,1507760,2125788,1650789,350701,6111909,716473,737272,537582,584063,1175719,876774,3164
1320317,1236471,1222242,1300149,224987,5942263,698844,740085,523460,573082,1583304,1681199,4532
1633191,1669072,2085406,1340462,239240,4834872,490167,510131,536051,572853,1529511,2310667,6246
1669802,1686796,2090959,1622802,345460,6163213,485973,495349,410722,509119,1229347,2544621,6449
1574302,1606492,2001952,1558103,324735,6067041,696514,730672,516272,515613,803002,873564,4432
1337858,1269068,1633741,1566553,348497,6647630,957844,990940,563114,621480,1850568,1619878,4584
1721281,1644176,2064016,1289700,229973,4789974,485058,507298,521227,577979,1592830,2552422,6600
1599012,1683156,2041957,1589232,340002,6148533,499401,521167,413550,536350,1184177,2361781,5909
1341812,1719108,2119823,1635141,350039,6066187,714362,738312,515854,505200,791545,878229,4722
980872,1269238,1631288,1308272,335514,5958125,710233,751805,527188,578347,1584825,1663217,2921
2218220,1855678,2421807,1651885,341685,6080695,852378,953569,577770,634957,1844149,3612872,8501
1754727,1815504,2140144,1662646,347665,6054183,488656,512313,449521,560615,1254286,2539313,6176
1348683,1808138,2137069,1654050,342052,6244485,731963,762541,556584,541539,845994,909917,4930
1067045,1520976,1777153,1422960,346847,6339062,722958,748589,572579,625109,1586629,1634459,3279
1716104,1608522,1737046,1366713,125486,5442509,486241,733829,567942,624802,1660796,2570530,6607
1954649,2018167,2505037,1935635,457609,6173860,727369,520025,512578,556317,1634207,3162356,7521
1358670,1898302,2155941,1680089,336729,6172080,685465,709168,572117,568592,883257,920697,4676
997084,1438443,1682699,1354444,336217,6098069,712564,754846,568023,625925,1628718,1707551,3027
1620194,1511952,1672707,1332112,125696,5461980,501096,764092,539547,590234,1523303,2293686,5827
1683292,1711463,2119935,1637805,341468,5425899,488535,284597,485146,544006,1572243,2501844,6555
1636453,1886205,2454079,1875103,445633,6829838,955754,1002447,552642,619859,816995,1653051,4588
1017788,1311890,1259339,1319438,349554,6171730,726701,752358,532886,588620,1523898,1633596,3273
1684395,1538861,1945242,1326280,123718,5285702,483865,734356,523579,591954,1597403,2540733,6542
1654195,1641121,2019966,1568229,345571,5455476,501543,282974,457323,514317,1554102,2399206,6097
1701889,1685491,2098507,1632807,351508,6151787,714946,735397,458475,510698,787694,1668199,4823
1011633,1491357,1648362,1600973,330056,6044902,696162,739462,541909,612729,1224610,884584,3207
1952026,1868096,2488381,1632761,340373,6089883,940492,1222659,582611,644901,1905679,3709256,7435
1728789,1640943,2081090,1616774,342129,5906470,481329,280551,406602,498803,1565168,2534027,6399
1666833,1644738,2080142,1602598,340434,6025354,728204,762333,468729,508420,808027,1025745,4853
1038837,1435492,1641971,1587298,340930,6000452,714220,737795,517314,568317,1182616,889422,3339
1345347,1485566,1651556,1011444,230985,5297723,699944,734268,525584,582119,1594635,2529818,4775
1921876,1860258,2412921,1872924,338652,6080698,486985,519009,476850,591038,1942595,3101423,7253
1692007,1705891,2110793,1646775,350417,6195965,713868,736233,539382,524564,809393,871784,4579
998320,1297683,1657086,1593951,334562,6160679,707026,748821,539628,591729,1595022,855981,2981
1606119,1510384,1689735,1054508,130709,5538696,724895,759656,541017,599372,1547307,2332761,5902
1676423,1723805,2091135,1599993,252940,5327675,266015,434959,460112,575928,1522156,2447669,6597
1966916,1879982,2475371,1885979,445991,6868000,958505,764444,537354,513250,1208042,1699431,6473
1010855,1298552,1660606,1593592,343861,6172494,717867,743188,525540,578490,1526659,877910,3224
1687786,1471176,1652721,1036004,124198,5477265,699418,733522,511561,567405,1576391,2542974,6431
1625824,1677792,2073374,1619105,345990,5611114,271124,281379,468076,588200,1574914,2387029,6044
1699719,1717683,2124391,1647604,350886,6111617,714859,735881,471790,452301,786449,1659419,6435
1207547,1703220,2380298,2056444,529453,7016059,1115511,1185651,635805,707309,1537849,868386,3146
1654232,1668118,2059372,1619574,336205,6213299,496922,284387,419311,523605,1603462,2478868,6262
1644756,1898111,2477120,1902027,447751,6873044,927235,967738,599785,585957,798891,889398,4807
1033738,1300156,1705396,1627557,341749,6127999,698658,730194,525950,582438,1597552,887671,3429
1631622,1521605,1697443,1050649,125714,5401392,733225,767957,522901,590171,1603088,2437973,6117
1647624,1686249,2082839,1600275,351297,5430625,272893,284647,470846,575091,1524301,2417115,6204
1977814,1874988,2429156,1827320,426543,6633933,885116,851777,523487,506778,982386,1599439,6110
1000480,1319076,1659404,1598335,348641,6099632,726418,757192,528092,573255,1536200,862292,3110
1675147,1591635,1701434,1055016,122535,5342338,701982,726395,531472,582450,1561308,2492057,6350
1609032,1693771,2049083,1601123,229992,4738349,265450,518827,556785,605418,1622729,2420740,5723
1669332,1706822,2103795,1622029,347363,6086072,727475,514807,419576,455086,1165317,2401669,6246
1379086,1678048,2244766,1889112,443688,6949709,918236,968008,597485,663286,1206658,893519,3273
1283264,1306159,1255204,1041495,234796,6167272,726827,758112,546498,600691,1578974,2369263,4456
1693355,1718878,2126806,1649405,238235,4888863,273181,512610,540498,597097,1561397,2441632,6253
1645631,1747350,2083489,1625128,337108,6202225,711969,518793,423910,469694,1220934,2507844,6088
1316552,1760903,2112876,1640163,345024,6339084,719179,749112,541611,597645,808188,885981,3329
1338552,1559737,1693715,1329983,344091,5984282,911500,954604,581667,650339,1961229,2537180,4813
1638673,1651842,2039747,1577882,231250,5007595,268187,521607,510752,575921,1587297,2426043,6073
1623679,1788558,2145389,1662657,349848,6290476,730570,518263,433728,472748,1184545,2348893,6142
1705434,1871808,2478303,1870710,436297,6792483,901629,950195,592433,607790,819126,871759,4038
994488,1333620,1264352,1326442,347580,6201639,731335,762292,543961,598580,1573041,1636667,3166
1695944,1698424,2123193,1372268,127385,4868028,495130,727696,535796,592926,1552064,2444256,6610
1951773,1934635,2472953,1882348,442864,6710766,713150,518815,489413,537164,1618187,2528503,7543
1280034,1673712,2093794,1640113,349428,6154275,727074,760229,539113,587722,1122614,887526,3290
1040801,1347272,1272998,1326764,310338,5957894,668927,699404,522844,580991,1520682,1612609,3526
1675858,1751346,2096892,1336591,125419,4880457,499972,760130,558049,625788,1627248,2485947,6247
1674272,1703790,2095935,1612602,349578,6106262,495699,279374,407282,518382,1523740,2401658,6302
1665500,1750866,2498896,1882168,437817,6752972,902764,951312,586988,602817,1204938,876664,4746
1328608,1348385,1284912,1344378,237381,6364349,731463,762291,535371,607773,1584180,1649834,4783
1678910,1778992,2131790,1354856,237294,4972435,494520,513102,530925,600055,1548565,2465154,6452
1668849,1673841,2028878,1586318,321758,6060640,459463,367446,421821,536029,1456250,2421283,6350
1614389,1742262,2102109,1636688,348839,6202839,727586,760352,552468,531294,808667,888639,4660
1378692,1358800,1682820,1636401,343928,6677899,912739,956245,605686,660034,1982594,1718490,4765
1652957,1642480,2042480,1321404,232870,4602081,490620,511042,534273,584346,1591506,2438650,6215
1638300,1748830,2119653,1643403,348807,5953538,497604,514529,418558,514353,1166397,2393777,6244
1727694,1900996,2477857,1881406,435639,6722245,901082,949845,611834,520010,812414,867784,6446
995315,1317095,1667731,1521279,331223,6292489,697496,727185,562754,608116,1563307,1249128,3164
2074444,1706792,2123960,1353473,239150,5418776,717384,735994,582252,643578,1929776,3250171,7883
1713763,1672838,2065010,1597659,338230,6087607,490212,517381,433718,526247,1221907,2563931,6614
1311306,1654277,2045792,1595040,348528,6028287,726089,759015,530116,512340,792438,886231,4624
991371,1380337,1698674,1345120,337761,6044387,685873,717076,536338,594875,1574908,1699371,3166
1609651,1499286,1644044,1294909,124561,5283840,495185,756226,516147,566894,1581724,2421213,5756
1657376,1719532,2108570,1623009,347304,5357691,457563,278442,457965,566634,1529273,2397408,6208
1670344,1944391,2495405,1871580,441366,6693675,911128,959899,535235,530281,795594,1712501,6318
1007683,1353748,1655453,1322584,345598,6006255,728028,760367,523059,574792,1543601,1648056,3310
1673618,1562835,1689879,1341462,126571,5473419,493369,737991,548895,605564,1563900,2496513,6601
1668834,1706304,2040117,1596400,332670,5359453,492760,285283,489907,540869,1591037,2487956,6305
1651466,1722558,2105877,1644216,349453,6208939,728633,759492,468138,529104,803530,1595573,4596
1025776,1479660,1775927,1619239,455129,6652380,913005,954069,567244,636148,1565140,1712178,3462
1647419,1496896,1689351,1321371,125662,5459141,487419,747863,527764,596857,1592968,2421173,6148
1624584,1925406,2525061,1917001,465720,6193029,734240,524587,517346,580207,1513521,2402618,6076
1731278,1645855,2046648,1551793,330568,5898284,690005,723853,443954,496449,791804,1723318,5010
1341469,1609592,1962599,1795493,434278,6730702,908295,949543,514970,566853,1142786,1568244,4481
1735070,1590251,2015131,1276957,231284,5304477,694487,935750,544056,607115,1827540,3136119,6251
1737305,1571053,2001747,1546760,334401,5836697,492613,282961,394745,484262,1558758,2505553,6204
1690385,1664537,2030895,1610577,336862,6366195,697214,728017,453837,497113,776411,1334433,4939
1387039,1459280,2038342,1528959,335821,5800447,688134,717521,489636,544187,1122410,868460,3125
1361129,1217461,1222605,1259332,229452,5885787,713821,746251,513551,563233,1525663,1655866,4535
1709790,1638500,2019073,1273400,232762,4595745,464177,477892,490071,545177,1439273,2335584,6515
2040832,1770606,2368511,1772588,438206,6428230,688456,729964,444754,479652,1154981,2548079,7548
1032150,1441670,2011469,1550365,350281,6031006,724545,758729,505369,557696,1132011,885475,3089
1452728,1233595,1242939,1212421,223757,5889552,677350,705355,492326,546076,1481955,2017493,4961
1709861,1620974,2000459,1273215,227720,4652565,494820,519887,499383,559583,1534659,2452064,6283
1708596,1595532,2059155,1580712,353315,6001726,502813,521083,381047,480498,1130814,2367649,6207
1402477,1623449,2473108,1839906,444095,6460192,898144,940049,562962,567618,1158687,901022,4970
1362859,1211569,1216314,987051,229291,5863147,715179,745056,501872,558568,1525736,2390317,4654
1695946,1660616,2012865,1555155,232522,4600198,266402,500314,492965,550971,1458128,2353704,5943
1738602,1554004,1985196,1504436,331570,5782092,632158,499625,381096,483934,1161969,2498753,6014
1692198,1802391,2411175,1842768,454817,6749435,941107,762529,503598,497102,1121031,1582949,6095
1419390,1208517,1573922,1232361,339151,6352719,901302,931877,516913,575115,1835192,2467130,4800
1663307,1593382,1982908,1524796,231136,4506998,269695,510136,498715,563802,1533369,2437891,5976
1737592,1596595,2066614,1570556,348870,5908548,717072,511058,385518,418681,1134336,2375611,6395
1389643,1593391,2034616,1533890,337061,5917950,689977,718759,493659,553591,775636,897718,3199
1045412,1256256,1383044,1274464,335304,5940420,707114,737339,525080,572341,1529347,1599171,3099
2066112,1572274,2027994,1545762,238082,5217314,495533,742728,522863,588716,1811264,3170183,7430
1787976,1675434,2054310,1574248,334582,5987848,694011,504569,424233,455808,1198829,2530463,6434
1432136,1774224,2089900,1631289,349662,6258803,719021,749343,550842,609175,836235,913089,3247
1110387,1317997,1287996,1335078,345968,5918569,694047,719314,528435,580799,1575950,1728983,3526
1738316,1585084,1974838,1272086,127489,4631282,490226,739913,486902,548233,1519853,2393626,6075
1750001,1806191,2132643,1649399,342729,5409855,274374,305754,489906,608239,1573829,2435748,6164
2082871,1833583,2413903,1809363,435543,6530314,895583,739042,505883,506877,1170033,1686698,6102
1070909,1380553,1659031,1585361,346693,6053544,720782,752679,550691,603595,1569765,877698,3018
1740875,1421464,1620999,1017255,125739,5246107,695427,717002,505826,560633,1491643,2413149,6306
1701324,1573918,1963884,1497334,327821,5104813,266015,276235,422249,534948,1499357,2459437,6078
1701962,1589762,2010133,1562306,343481,5956064,707074,740500,447369,432036,781173,1595853,6077
1416857,1654668,2417540,2047637,533045,6417043,873394,914176,601511,678217,1827879,1734903,4776
1663025,1408856,1610295,1013650,123436,5246592,717868,749616,511728,567683,1548830,2409480,5929
1696006,1737585,2111825,1620766,351131,5555009,273224,283133,471300,593250,1531033,2436541,6443
1695201,1693118,2080560,1597911,333473,6218450,688804,728242,488055,461851,802779,1735270,6786
1023511,1548264,2087172,1630051,356205,6488996,735659,764614,558728,627238,1186051,892738,3327
1688607,1500473,1661630,1288477,237219,5980875,706999,951442,574992,642922,1879756,3270909,6442
1648702,1700518,2035494,1567805,322946,5390957,350433,280176,469837,595141,1548365,2462641,6552
1632564,1666139,2055827,1603663,357882,6262806,736755,768733,470428,461134,804995,1647219,5870
1014572,1419771,2075996,1574750,349262,5957024,701308,731813,515546,570319,1180761,878202,3211
1322618,1245700,1280145,1053593,234980,6177748,713767,743678,530452,593083,1563458,2402283,4484
1959828,1864924,2486963,1867821,352172,5257077,497209,516863,521648,576607,1836078,3154062,7618
1314452,1511734,1663841,1037691,237336,5416745,729132,762729,529976,582694,1498095,2359967,4457
1666074,1655374,2037237,1543935,220630,4793703,271582,503603,501576,570004,1497988,2461103,6430
1657398,1639028,2024967,1552144,343551,6134436,721416,517320,401135,455322,1153388,2443032,6227
1317609,1662888,2047412,1561193,351243,6068334,716645,736029,500776,565663,772689,869966,3110
1020431,1301956,1616918,1553419,442143,6646821,902562,958375,581666,656374,1960720,1679250,3062
1927558,1829779,2426935,1583244,235909,5364228,493686,755416,519097,643641,1875967,3108017,7442
2030473,1832121,2437067,1853965,449769,6721543,680048,711300,465333,564180,1168098,2545926,6186
1441077,1653686,2062072,1598140,344953,6267071,729490,765138,543265,528701,826742,864913,4669
1054599,1283297,1670777,1610155,354743,6293170,729269,753382,522619,569103,1495791,878119,3140
1719913,1424190,1655117,1036713,125891,5530644,707451,739731,533250,583363,1602568,2588152,6685
1884244,1798515,2367662,1823310,454250,6141378,495839,517354,461681,579898,1541156,3119623,7445
1371902,1718234,2110808,1632412,348983,6127637,701762,724215,535630,527420,805417,873001,4768
1018578,1278342,1649195,1312574,337252,6092662,705778,746815,538492,594937,1574746,1695494,3239
1632410,1453996,1647974,1233652,125624,5408455,516820,765799,510900,560512,1513222,2349838,5958
1666788,1702577,2072300,1580267,341911,5279642,272122,281027,442682,551444,1499807,2488710,6379
1653322,1796254,2399978,1807605,452393,6753817,952004,995465,494929,481608,776274,1676233,6115
1037878,1317926,1679251,1319948,357674,6207509,736239,759448,525395,578373,1523629,1679461,3284
1675677,1489380,1671353,1292689,123000,5301284,471507,714280,525646,587817,1573535,2538971,6673
1610148,1721150,2049872,1560914,351661,5396109,506109,283515,469284,510454,1562115,2442877,6160
1680165,1726563,2098074,1608428,353518,6078669,709699,731112,460093,499099,801644,1673265,4911
981670,1479407,1955243,1548989,329050,5985285,687725,727510,524820,586160,1148681,855325,2911
1614011,1484039,1662031,1313097,239526,5959022,723646,989002,566435,613877,1821448,3025864,5938
2000383,1898785,2497687,1888159,455117,6044868,686235,496255,528286,507888,1540940,2530617,7645
1642745,1634687,2039197,1567645,336056,6082023,707833,744019,468292,519087,806711,1643039,4707
1019482,1455808,1662967,1579126,350451,6051472,721453,745281,504350,556964,1131260,884793,3274
1350399,1431087,1647807,1023874,239237,5494554,706016,739870,512629,567291,1588725,2578440,4836
1955374,1857964,2427463,1848015,341065,5680443,506643,520990,535453,597679,1908553,3150300,7781
1682956,1634220,2077840,1592647,362862,5964558,720850,742026,455802,506476,790078,1688725,4717
1005821,1456925,1639307,1554556,345361,6005031,714669,755815,522451,573171,1171663,859031,2979
1323116,1451624,1653429,1034260,233786,5455542,715935,747513,538224,581045,1488765,2304498,4798
1675999,1685575,2068525,1578936,239983,5311928,269622,500570,464576,571674,1519452,2555764,6417
1931547,1776042,2390335,1794395,462623,6602580,959960,762352,508227,507006,1166075,1711066,6188
1006955,1504522,1617845,1556231,344582,6207109,706941,728096,530915,594138,1330757,911550,3259
1370230,1499983,1647026,1036061,237638,5475428,707497,740627,517961,578336,1557880,2608266,4747
1602946,1674772,2036640,1584555,239518,5583016,269799,522206,478422,593254,1541803,2423471,5825
1688693,1730655,2082847,1612830,352889,6162091,704100,512655,471893,459937,1113480,1629763,6430
1339096,1451484,2013657,1770963,457424,6564508,939254,994890,559614,621008,1504831,874102,3139
1653631,1515105,1668004,1038441,124875,5418443,732016,761635,522786,583595,1519211,2375055,6181
1690924,1660871,2072474,1580337,339830,5338361,264350,308626,441455,561242,1531225,2589600,6593
1939446,1781931,2399796,1804425,453635,6849831,945068,750357,457864,452228,1175244,1858524,7598
1307644,1484268,2054821,1558543,360138,6091436,734095,757298,500783,565135,1148851,880242,3225
1336862,1327074,1263884,1314871,236901,6161527,707808,741391,516697,592292,1593468,1753217,4715
1955096,1796696,2418187,1567802,362669,5689809,491844,513684,528980,650222,1899952,3220335,7747
1694206,1662945,2095042,1593772,360374,6097258,719971,740956,459051,449523,799116,1719105,6651
1078900,1467210,2020814,1559663,345154,6033871,713973,755332,515703,582571,1191609,869018,3136
1309448,1321427,1276455,1289429,230124,6149410,710296,740878,528858,573425,1498955,1653096,4700
1687117,1656628,2090694,1325750,240251,4720618,487510,510468,525342,573771,1548182,2593754,6371
1888131,1794741,2377780,1805887,452927,6671479,712684,745656,479613,515941,1189114,2498817,7591
1016396,1470456,2083553,1618134,361778,6243232,737480,761658,543457,582876,1174287,874528,3140
1360241,1254876,1243721,1026179,237651,6056730,709156,742501,515046,570575,1560874,2601949,4795
1644351,1589680,1985706,1469111,235388,4497379,280799,524037,496843,554622,1504590,2446394,6301
1713112,1587283,1997273,1525959,338555,5894563,529043,499196,381278,483643,1097339,2388646,6461
1361330,1532134,2334252,1729056,447112,6353435,917412,973040,525287,533291,1140933,878862,4726
1017736,1236241,1209199,1268302,350998,5976482,717607,747742,500120,557244,1461383,1639947,3236
2015998,1749969,2393392,1506766,235374,5170573,696046,710261,494051,551726,1892350,3351230,7737
1649860,1537833,1945695,1476196,349227,5757292,501819,282318,375727,471860,1489774,2437343,5846
2015578,1788228,2381996,1789204,459042,6649414,920064,733209,460005,485712,1090924,1663075,6038
1020548,1395803,1587551,1474705,326290,5898167,665285,702967,482270,541031,1253770,884965,3254
1677912,1561215,1991920,1272788,246407,5238959,741406,1006158,542820,600135,1842641,3144062,6208
1742983,1609830,2011936,1531317,345248,5923447,485887,288590,375910,471415,1488258,2510534,6803
1684519,1580755,1961236,1524897,343216,6080296,711570,752764,521333,508633,779401,864517,4781
1019783,1246759,1608418,1532300,363897,5932432,732366,763897,491667,538917,1454259,859039,3080
1730473,1444193,1647753,995823,123741,5266078,703140,732961,500069,555555,1517093,2569187,6521
1928524,1707612,2320254,1734391,442615,5804169,497996,328722,443758,547739,1856400,3185306,7141
1715309,1506584,1973485,1485429,355546,5809195,710554,730144,453613,465784,752519,882415,4779
1055701,1210340,1626746,1505232,343751,5934723,694536,731603,499366,554040,1537508,916324,3328
1648067,1374947,1569387,971137,124793,5207985,717760,745680,479311,527589,1448074,2360660,5946
1712015,1527128,1969137,1490333,353520,5046962,267410,281923,424967,521868,1466636,2496216,6147
1784662,1765273,2331154,1744252,458326,6451309,940557,996828,481614,479578,754834,1693446,5841
1052227,1222484,1614170,1516379,362816,5851648,730291,763110,472957,523294,1441868,880351,3061
1693819,1340875,1601908,972442,122672,5169325,704747,734185,472403,528969,1505298,2605493,6485
1662291,1522389,1948242,1469947,352247,5165259,269984,282196,420968,536588,1499023,2437872,5878
2032066,1753625,2368860,1767211,456840,6622271,696183,717805,414886,473791,1085787,2390693,7510
1031886,1379557,1993001,1501549,451545,6478776,905174,957515,537314,602535,1496896,1678183,3218
1657749,1327237,1559746,1166653,125464,5249275,510564,741062,473513,523078,1431323,2311006,5882
1702858,1548020,1971866,1512580,340168,5247627,283400,289894,432875,530592,1439527,2396131,6349
1657527,1549578,1953664,1489101,344190,5871220,717209,758550,439657,419920,756151,1688965,5993
1024462,1390432,1986002,1511471,359734,5866881,724017,752740,485912,527606,1101343,875010,3187
1377184,1272990,1243306,1004618,236865,5814121,685657,714838,507723,565065,1510106,2527508,4848
1955088,1674365,2301165,1684725,351246,5034356,505362,527230,471424,522818,1854787,3217157,6959
1698348,1589202,1995663,1508875,356519,5930222,713621,733175,432750,474578,756300,1609166,4643
1057470,1428876,1906621,1499769,330161,6031121,667441,702810,503094,557603,1112352,888677,3187
1383601,1244160,1245103,1034446,249257,6103195,748060,780232,483456,543494,1493337,2418734,4603
1726513,1537524,1989183,1504268,240521,4502455,270095,495958,473753,526055,1465228,2499454,6313
1982020,1710267,2300780,1729036,450484,6414011,923996,742982,422374,484002,1154320,2486331,6178
1057777,1401420,1616280,1530409,355375,5855422,714216,746991,473001,524137,1092376,893486,3264
1358761,1393277,1597371,975591,235699,5220029,702575,731803,489081,547457,1523048,2583183,4763
1653320,1536590,1942230,1482490,218879,4685854,274712,529356,500262,555122,1480370,2356217,6070
1689484,1600297,2036295,1539760,363182,5887432,727583,519315,390760,430796,1108324,2462930,6084
1720817,1746240,2372518,2016239,569427,7141421,925121,978489,551341,681219,1532823,1695938,4750
1345651,1391371,1566178,988564,234544,5269216,702085,729730,491739,544182,1447323,2303312,4624
1697729,1545069,1979469,1500865,238577,5148891,271317,506926,413239,520012,1462664,2476196,6240
1637321,1541259,1960501,1497344,349278,5860996,724045,529644,442664,425571,1144722,1697633,6098
1353890,1567286,2002095,1511282,357079,5761387,724168,754718,487463,526971,965415,884155,3288
1037084,1262291,1204284,1215074,351157,5647311,697249,726150,471469,531346,1499361,1728118,3065
1996763,1740954,2338324,1711332,457970,6255934,911504,736323,442703,495811,1131013,2552028,5940
1033494,1401470,1601958,1500418,359969,6041498,732117,762972,500778,557047,1138428,876987,3090
1371678,1434232,1646413,1019870,234828,5287842,705457,725996,489102,543050,1451343,2426405,4543
1679201,1549364,1984148,1505590,235924,5304820,273553,518588,446537,559931,1529619,2531417,5942
1686438,1546803,2000388,1519876,361539,5966962,729823,520728,392610,423762,1096934,1738732,6171
1379795,1507818,1995381,1782179,472850,6443658,913451,953664,514346,579979,1137165,870799,3259
1354477,1399550,1595393,1019824,236842,5303685,715940,748001,497284,557666,1513065,2428279,4551
1740614,1560880,2011502,1531009,242721,5359478,274929,517727,437489,534169,1455633,2439272,6289
1710032,1616438,2010672,1523509,339439,6060915,680862,511803,424735,414610,1114190,1680764,6695
1626386,1542981,2301225,1722838,463731,6521659,932171,971245,505341,550548,1123770,1599171,4386
1659879,1438605,1630806,1246132,251241,5855117,929404,952245,537232,592635,1805018,2471268,6024
2025257,1744787,2379571,1780967,346420,5971952,480898,731545,510963,546382,1529864,2572800,7895
1664542,1571379,2008106,1525989,358778,5869914,721063,517505,426656,423300,1108566,1636496,6018
1435382,1436859,2063750,1553530,356809,5826625,702013,737524,506395,558037,1173541,930618,3438
1354551,1218652,1227862,1251509,234215,5971533,706645,736308,489661,545604,1509113,1665316,4591
2033187,1677964,2371668,1508880,358762,5283373,487736,503735,472961,570448,1754488,3139822,7444
1720832,1620391,2017414,1511950,348483,5919341,700613,732981,441535,426932,783410,1719391,6220
1260861,1342351,1902397,1466783,334518,5902985,684077,712403,475600,531512,1132666,889277,3162
1408878,1226087,1202129,1243583,241044,5820991,718274,738747,481437,538308,1474309,1698316,4670
1685686,1631418,2020491,1299400,239300,4618796,486297,512206,527913,587702,1588970,2585990,6313
1688073,1645717,2044383,1567297,353402,6025917,498624,518308,391493,500171,1112769,2348626,6433
1407625,1545095,2387535,1764859,468110,6482760,908257,948261,535609,545686,1131655,891538,4636
1327467,1226738,1222316,1008341,240965,5967131,731590,763103,500398,558962,1532008,2447442,4442
1673687,1526563,1981818,1342811,247418,4617298,364800,474794,468862,520533,1401306,2305700,6171
1708046,1593828,1995259,1495992,345831,5842235,481832,502993,383178,481744,1138450,2545875,6318
1360670,1556261,1982420,1522837,359802,5909433,729581,759494,500343,489511,780778,887495,4567
1382355,1225373,1598760,1247972,355685,6486527,922986,947411,528476,589310,1789510,2472558,4561
1995676,1682889,2322533,1718534,339092,5090823,477909,743848,545087,533090,1516396,2544874,7318
1660820,1554395,1971556,1490354,356483,5920300,717746,518888,373751,416550,1080459,2318258,5822
1328085,1577644,1964999,1492909,337307,5649541,663250,694081,476591,467362,757817,882715,4393
1055756,1235382,1620361,1268011,347577,5931897,713384,742594,496211,554964,1521218,1698966,3303
2015019,1578391,2018237,1530671,242697,5280725,505690,752154,546475,602211,1801792,3214113,7537
1712733,1575170,1973800,1479317,337572,5829612,675438,485607,378748,419615,1140355,2522367,6492
1351303,1547878,1957489,1501503,350451,5854273,713204,744818,481299,535820,764743,883829,3180
1068758,1233865,1221646,1253488,357030,5794428,710319,732523,482894,533968,1457974,1692215,3314
1688889,1418352,1844819,1257272,125127,5005837,496914,755902,510604,567941,1561018,2579667,6080
1944188,1691385,2346553,1746299,481906,5802298,733145,528393,419092,463876,1414727,3085346,7119
1734757,1611367,2065747,1523673,355711,5877732,704329,733022,478362,476572,762108,927066,5062
1051381,1276314,1631349,1542462,350699,6107748,719030,749493,527764,585003,1527210,884048,3086
1720447,1432134,1634193,1013773,123534,5197799,711505,733755,483435,539103,1459647,2471746,6324
1697725,1503455,1922308,1452110,339589,5061267,265283,279739,421143,523226,1476931,2509149,6027
1626543,1578959,1987304,1520794,359611,6039028,726962,739419,454527,434335,827124,1628277,5843
1347383,1416187,1974286,1765597,463168,6458099,896967,927149,542626,599412,1514660,892446,3334
1656274,1402514,1608711,998475,125273,5162030,709937,748493,475004,526208,1479611,2452814,5938
1960419,1759619,2387737,1780076,465323,5938079,483924,282584,440502,540758,1749939,3035516,7163
1743389,1572781,1979840,1476314,339950,5691629,679287,706585,421929,418315,769494,1726070,6473
1036010,1373719,1930033,1471801,341833,5812141,702688,733159,482328,538712,1131169,894989,3120
1683243,1403271,1604495,1078379,246706,5999730,871677,946430,551812,610886,1800890,3146813,6228
1675887,1545500,1970310,1478046,343014,5213955,267667,279812,445705,559276,1524475,2568172,6151
1625586,1559732,1983532,1512143,363807,6024646,732296,762507,426856,419478,775894,1621812,5799
1056959,1410856,2017390,1541860,350773,5985878,687840,712368,491246,541938,1108588,858300,3120
1343260,1201774,1218260,991818,235432,5838525,716485,756329,477527,534587,1506201,2488879,4603
1988567,1726255,2402684,1779023,359117,5236206,486810,517004,475557,527136,1765589,3126077,7456
1749015,1551181,1995329,1483326,337957,5805128,674583,703462,432081,431156,780047,1765366,6397
1043608,1373365,1962588,1494277,353353,5970082,726917,754908,502027,557950,1145429,882819,3210
1348993,1219145,1227405,1015904,245940,6098766,723619,743962,504586,557163,1487307,2446926,4604
1703869,1569031,1979744,1493494,226248,4752693,266883,515551,478464,540242,1484681,2529115,6250
1659154,1564421,1993583,1528250,360265,6083393,725498,519691,387663,421548,1126338,2366803,6006
1705270,1789568,2413891,2037577,478315,6536674,922741,1180361,591305,654133,1478077,1710032,4424
1346336,1239692,1421921,993566,230667,5652517,705059,742330,482279,530930,1490661,2453082,4529
1959752,1749406,2379773,1756850,338530,5207924,391894,517977,483705,596470,1738931,3029096,7501
1735310,1589077,2027206,1511965,347772,5880320,692535,501125,393102,431829,1156811,2564452,6445
1346616,1574072,1974925,1508157,346454,5944271,712872,744980,499892,561201,774135,878994,3166
1350741,1382654,1625100,1272663,364992,6020914,951498,976397,538929,602607,1833025,2444747,4698
1709037,1554725,1963896,1487707,233887,5198938,267781,492050,429325,539462,1485065,2508318,6410
1665798,1516216,1959118,1494837,353587,5949642,714561,519592,386162,418323,1103039,1714738,5981
1386273,1638185,2055433,1552320,366085,5957356,717308,742762,486369,537732,762029,890692,3377
1047493,1229196,1229796,1245296,347764,5727132,721950,762441,490714,542277,1530860,1704968,3171
2036832,1797532,2454318,1558648,361988,6809541,730735,999149,630103,751829,2253337,3970268,7896
1679094,1634459,2050963,1879592,462840,7089029,910329,735576,522090,534860,1590977,1711397,6702
1331911,1500327,2070460,1584236,359367,6347900,735074,762935,535974,604846,1174008,888648,3283
1270617,1292893,1245279,1293013,255054,6232812,725143,744722,523868,579871,1495000,1673623,4502
1631871,1663593,2009761,1276204,126436,4804674,481248,705325,524301,587349,1517285,2480734,6312
1917894,1794191,2424142,1828030,485824,6817982,736459,521925,469394,524811,1521472,2386156,7306
1365923,1510312,2095012,1579506,360513,6073804,705988,732025,512931,567525,1153956,894818,3407
1662834,1505757,1711777,1595086,229359,6118167,704533,992153,605465,680225,1991711,2558088,6419
1640931,1642136,2075300,1321028,240569,4807084,494720,517639,527873,583106,1499255,2396886,6298
2045597,1857799,2498802,1835853,465581,6756934,490630,491876,415565,600818,1663513,3411594,7785
1569018,1573470,1969533,1509014,344816,6091777,707868,738596,492536,496903,768648,879865,4528
1397284,1215035,1636549,1522476,359782,6698786,948161,972825,533171,598514,1815255,1683432,4665
1705905,1585557,2014960,1280228,235653,4809413,485366,512602,504495,565928,1561152,2581919,6428
1690574,1552894,1976526,1502733,358732,6033292,505060,526672,386984,482540,1123610,2395555,6323
1382077,1594405,2026994,1547543,360415,5939496,706928,733078,495951,495227,773042,877892,4866
1038305,1229391,1619595,1261592,348944,5998766,724336,763889,500352,556157,1536297,1671984,2970
1988205,1593311,1975621,1325875,241118,5186616,589202,708629,535506,595872,1722497,3002108,7240
1709545,1530317,2031168,1511146,351275,5875960,482072,504437,379463,478548,1147915,2568337,6361
1337386,1526937,1961744,1485622,351069,5940991,721704,750772,476637,475687,766681,878844,4523
1074004,1238831,1659126,1314387,362390,6095936,719129,737789,488651,547233,1482595,1706760,3362
1695797,1394000,1600361,1226641,122835,5204692,488141,742793,497260,555423,1540261,2590234,6284
1967098,1680587,2295774,1719571,463346,5899612,712796,516384,427427,467538,1421837,3024700,7130
1366277,1684755,2059451,1564315,357820,5940299,701272,726573,507981,505342,771563,873930,4413
1013724,1211517,1593959,1244349,341653,5908882,708179,745445,488035,534768,1483459,1672111,3043
1646808,1479712,1677214,1330708,124684,5489656,495120,759987,536767,577417,1499853,2412316,6212
1700999,1674990,2083661,1573527,352650,5513067,480588,279411,477742,527998,1572408,2590276,6566
1937905,1850254,2423464,1839282,467130,6134096,729688,761502,549661,593812,1181801,2411074,6005
1025540,1471689,1638055,1564593,475673,6703836,939221,962496,574352,635073,1504400,1656036,3218
1681507,1524858,1929561,1316765,126181,5255707,484406,747177,516940,576531,1577655,2594298,6269
1631146,1649822,2053978,1595087,367887,5682611,505513,282795,470159,512430,1542639,2428030,6141
1712416,1623222,2066848,1593603,358370,6138692,701708,726301,455864,489172,791116,1712304,5149
1051877,1470424,1665285,1566950,349094,6243131,722947,761487,527848,588541,1200093,871486,3250
1667287,1657268,2070747,1300347,237626,5440446,712925,977680,574573,636664,1816632,3122105,6213
1702564,1675741,2091201,1547086,355593,5961717,487038,278549,401672,498387,1559597,2611122,6422
1608568,1641386,2033679,1545208,356195,6141271,730060,761681,497352,512228,790363,948306,4415
1018569,1477563,1664087,1560723,347452,6230404,693251,713911,499724,558071,1155381,881614,3201
1363807,1535797,1684446,1049217,238997,5533400,715260,753060,526818,576938,1578211,2631249,4815
1888381,1860858,2440430,1837214,358668,6165670,486661,517160,466990,574637,1860956,3109848,7339
1693618,1681568,2079073,1569098,357461,5994950,698127,723465,508467,498550,777432,868949,4870
1025736,1297682,1670533,1551325,349405,6097658,719666,757994,513614,568347,1562468,885962,3190
1628278,1481633,1681918,1056613,245756,6105076,962658,1005446,578821,639094,1846372,3178080,5966
1656263,1650554,2038080,1530730,247455,5427892,268242,452765,465227,574645,1523330,2483563,6586
2190302,2018333,2786859,2090036,582603,6787399,965788,770656,590999,586020,1532820,2364617,7186
1018901,1298082,1687299,1588468,358615,6322812,714579,734615,518778,578573,1499375,867104,3085
1679961,1509160,1667744,1054519,123432,5523206,695836,735626,524250,583191,1547178,2541938,6356
1653216,1630493,2066157,1588086,365603,5641536,274118,285510,460178,570715,1532609,2434813,6275
1703498,1661818,2128379,1603854,365535,6152925,717307,742982,467899,454750,818876,1741951,6595
1213351,1481298,2011288,1522874,335505,6084649,697811,735811,531956,588680,1186275,873210,3155
1616157,1546884,1704930,1321932,246497,6364879,966200,1006795,575745,633014,1843105,2414878,5914
1651535,1711864,2109766,1590273,349073,5500939,269765,281947,475894,582408,1571778,2532624,6341
1599418,1640403,2035796,1555292,352407,6251608,722645,753617,473270,457363,790938,1617296,5804
1034506,1514003,2095278,1600949,359219,6364025,716290,736412,526494,580775,1150383,867972,3219
1347983,1293157,1278980,1050298,237861,6151150,703319,744753,528141,587471,1587421,2609657,4857
1921694,1840557,2459423,1694486,363786,5418443,321493,529863,517958,635603,1889237,3195868,7577
1701003,1697997,2097078,1575628,360555,6105125,707910,732955,472044,458521,805184,1739848,6484
994286,1438571,2000566,1530737,347563,6075079,720784,761921,522244,571284,1176103,854468,2993
1322967,1290567,1282222,1055559,241343,6202899,731411,762529,531391,587622,1494271,2397691,4621
1675740,1709813,2105367,1590857,235349,4868323,270390,511869,544510,600042,1579518,2576851,6461
1936053,1759868,2387982,1780001,479371,6766586,974228,769214,451226,457834,1177496,2469360,6433
1337905,1667420,2475502,1862038,364039,6209662,723677,959560,575813,639867,1505222,1593392,4391
1359628,1267796,1282363,1056849,239239,6324832,713839,754304,522630,590424,1574755,2597050,4583
1628329,1638367,2063400,1575865,241102,4848888,269454,525899,531192,588318,1536044,2402941,6077
1670699,1656140,2088509,1602601,359700,6423603,708411,503061,421031,453903,1194766,2571294,6772
1306511,1638364,2040779,1555870,348967,6147955,721741,761049,533505,585385,804787,862371,3090
1335051,1368215,1604186,1287188,363361,6263343,957853,998260,562289,619159,1809119,2381229,4609
1651755,1673556,2040723,1537639,226269,4832371,267718,502125,504896,561774,1514753,2521158,6358
1589792,1666150,2035394,1556320,355363,6167259,729234,524789,417296,466898,1168826,2467406,6117
1327354,1695581,2071046,1581242,357921,6107698,716095,738787,522309,575128,791609,883545,3272
1029903,1322758,1248074,1288088,338827,6097415,689250,727913,538313,599521,1550709,1710137,3160
1910008,1836363,2412734,1579518,247842,5528746,503487,768657,516021,641093,1884673,3165264,7380
1733930,1702308,2125702,1611162,366251,6134106,717192,513249,466519,462381,1162804,1747600,6474
1345242,1640232,1995146,1534966,332781,6082289,690372,727874,519758,575412,855265,864252,3259
1039188,1339846,1282200,1320393,362267,6186473,731074,762422,517998,574957,1479084,1669942,3359
1690733,1720447,2059830,1278204,122498,4650865,491273,733198,523315,576226,1545808,2596994,6401
1892765,1797364,2380205,1775662,470325,6684755,722816,526548,467351,504476,1517595,2421029,7247
1327720,1567260,2094975,1610252,360548,6325025,721166,741387,527442,588752,1162918,872678,3083
1677036,1497803,1664366,1546224,234241,5944165,703644,966975,575936,649886,1925732,2545429,6073
1605849,1698350,2021345,1306800,182497,4805843,496503,612623,524609,577802,1465441,2277125,5782
1682369,1670039,2102198,1619023,363705,6194067,490708,289090,401485,502980,1517845,2563715,6610
1640643,1684635,2411643,1804775,464054,6719212,953877,1006009,576757,592011,1194901,885985,4844
1346382,1309921,1270753,1310610,245431,6044174,736937,769447,508939,558478,1490047,1670506,4671
1683409,1698498,2073983,1290661,234183,4737971,490558,513729,513405,570767,1564141,2620408,6604
1599881,1685305,2027390,1552904,354885,5977291,502552,523853,413954,518824,1156824,2449077,5845
1480393,1640433,2065249,1587481,366890,6150731,732843,753779,511402,508266,781095,881436,4693
1019663,1337053,1655535,1560267,348387,6083564,704996,744272,535116,588801,1555517,885692,2991
1866102,1658552,2026755,1322963,242554,5483891,725849,756198,582721,634599,1839456,3089870,7185
1724049,1709319,2118401,1610646,360092,6209703,492073,510540,413636,516573,1177642,2561955,6753
1332623,1669711,2027308,1548950,347409,5968343,717642,757089,520423,509071,790777,874060,4745
1040058,1321032,1679732,1312730,357705,5930668,721793,754894,513932,563934,1455712,1649617,3365
1661395,1537361,1677097,1189770,122516,5409778,505052,734376,542828,594944,1555393,2608703,6239
1913495,1982067,2774790,2055065,592949,6731591,742862,774749,522627,639851,1527460,3236817,7064
1325554,1695294,2092078,1598148,367930,6104438,733040,752919,515458,516259,793942,862687,4529
1344613,1477477,2052004,1322836,352790,6205610,923366,976734,584494,654929,1949221,2560741,4475
1624633,1454990,1647826,1296368,124492,5572966,494159,752340,525086,574379,1502003,2363309,6018
1695414,1646775,2095453,1597588,358696,5365233,486361,285990,459072,508896,1514183,2531581,6613
1634878,1810546,2416606,1816598,462174,6949663,953991,1005323,534038,568362,820834,1711202,5024
1030768,1288724,1610011,1285081,351055,6113287,709273,739397,512542,562211,1452866,1662722,3261
1655280,1515967,1689620,1301294,122009,5307984,487920,730695,530462,582154,1559578,2575846,6445
1627290,1688780,2041225,1566899,351240,5438348,496006,283323,478767,529174,1542245,2434997,6103
1669585,1681826,2081393,1570149,366787,6109561,732764,751767,454826,504880,803975,1705938,4814
1007040,1465758,1642310,1541741,460488,6590629,924807,978774,565437,629021,1547102,1713064,3284
1634628,1610619,2026125,1536444,356474,5401465,271056,287086,461818,568109,1544256,2534761,6273
1667381,1704413,2065463,1583890,342151,6210962,694097,566004,470414,465741,1055674,1587013,6314
1342484,1482685,2028466,1538899,345092,6017596,696279,735286,517453,569308,1140145,909891,3253
1326551,1280822,1262173,1303523,245859,6012368,735253,764330,518867,564393,1490119,1650518,4401
1705138,1699662,2097320,1353866,246948,4841402,478477,496354,541601,590855,1525265,2522740,6493
1996914,1854759,2429444,1819702,458832,6727798,707996,747951,496251,539453,1173445,2555491,7675
1014361,1501964,2083885,1606519,365735,6280893,737586,769648,530717,576976,1132290,889417,3323
1387574,1280576,1279194,1201186,222047,6116504,666383,694551,515239,577063,1490675,2142289,4996
1905169,1837758,2398747,1564005,279158,4876927,499110,630050,625743,680901,1887661,3123750,7481
1670348,1671481,2080442,1586199,362878,6308382,499744,515943,413115,516569,1133982,2468451,6476
1378874,1565076,2376385,1755090,453765,6649280,908663,958971,538510,541120,1132059,894771,4675
1375328,1210016,1261511,1041145,240435,6303435,716501,747036,495355,546248,1468264,2341784,4445
1727595,1593204,2045480,1549942,245913,4664698,269845,502661,493628,546333,1497023,2538591,6572
1718207,1538585,1968882,1510571,340893,5991402,659952,506303,385812,484869,1159174,2482094,6046
1348218,1568541,1991823,1533562,355898,6044175,715414,745522,486792,486863,780587,868586,4615
1397138,1189387,1634464,1260381,356845,6478441,908377,946696,528465,597499,1860470,2520771,4756
1654452,1531579,1977268,1489710,238058,4631696,275200,523852,486277,538177,1494437,2458468,6146
1723685,1584583,2061534,1567439,363695,6089794,725479,505734,388600,431052,1130601,2452275,6139
1411634,1551208,2010383,1514052,341744,6056834,688656,724207,497623,553140,783040,920352,3478
1065521,1236081,1351317,1273359,364248,6042248,736201,767722,495586,548927,1488661,1621795,3225
1732415,1438492,1663980,1299485,123586,5211877,485172,723254,498375,549381,1489937,2489514,6312
2013707,1707937,2358856,1747524,462422,5904276,715217,522933,440998,489391,1521865,3402335,7432
1373495,1545486,2017535,1560029,359703,6247316,722857,752218,501604,547064,785089,892936,3356
1046551,1233952,1225726,1277369,357135,5938166,702198,732052,495898,557092,1520854,1716567,3197
1683583,1506028,1965605,1238026,124360,4614227,499729,767688,474228,523257,1499710,2473207,5963
2050232,1686258,2326037,1709301,350056,5309700,485970,488737,468415,522179,1708325,3046777,7275
1674148,1722947,2340045,1736115,437954,6517704,877338,927702,488722,536870,754945,1589946,4907
1041870,1256242,1241161,1268797,369047,6042509,743078,771511,489144,552664,1503271,1647749,3079
1715829,1572027,2038031,1286753,127288,4698017,489372,717354,501030,558340,1496710,2485909,6455
1697197,1569217,1994543,1513048,347295,5934631,488233,280420,381574,493835,1544482,2560979,6264
1643783,1550788,1996987,1539857,360765,6172044,726628,757250,495067,487343,775064,881109,4608
1037347,1332107,1698594,1585607,425972,6876586,884998,922219,580231,638248,1872934,1598119,3491
1609327,1610322,2027508,1283509,123218,4848672,507205,765151,523011,578040,1543992,2481226,5946
1644531,1724006,2096806,1594705,368610,6198412,503111,282204,401725,505836,1495156,2489407,6308
1657658,1659999,2047774,1549555,344459,6068787,697376,737062,513258,513031,803918,898153,4927
1015514,1329290,1695465,1604806,365617,6293013,735183,767885,534853,598011,1540184,875511,3179
1985713,1675740,2071885,1301042,240287,5592069,720690,740972,580858,639071,1882296,3340039,7817
1590325,1639641,1976304,1522195,329266,6107914,457487,391687,395580,493422,1360096,2414924,6129
1598667,1666681,2086692,1604173,364958,6270023,733334,764329,517446,509190,798049,852162,4520
1356634,1470270,2101247,1829912,471444,6762746,916329,954885,566186,619490,1516054,865575,3325
1641734,1447588,1666969,1048940,124421,5522939,734001,763820,509536,558679,1546381,2484119,5978
1985808,1906694,2522960,1622963,363520,5597917,479082,492934,540660,659670,1861277,3195065,7835
1682497,1831552,2449840,1793109,457235,6718253,913608,966200,510170,513825,798652,1736176,6482
1010834,1361086,1693857,1443034,365599,6286331,732040,761084,523154,571169,1512177,1474246,3208
1681545,1471967,1697081,1045878,125804,5373884,715580,738165,507858,562609,1525180,2518518,6307
1668248,1610486,2027026,1538801,349338,5444254,270136,279284,476766,591044,1567644,2544785,6044
1626926,1681813,2068107,1587964,367441,6253363,741542,772755,475454,461763,812230,1636252,5986
982881,1526311,2099806,1580932,479959,6846661,932278,970697,574232,640166,1564222,1741389,3217
1603699,1499226,1664250,1292283,124523,5525807,497855,755282,518266,579350,1533676,2443415,6010
1651298,1685413,2119704,1601472,368516,5510915,480652,280001,444153,543163,1486197,2496892,6410
1670101,1697735,2064005,1550221,347363,6226452,702898,740514,464981,450000,802614,1751955,6493
1017841,1502498,2036988,1570235,364185,6320524,734843,765826,518063,573889,1153298,876815,3101
1694456,1537291,1724501,1341321,246340,6288473,725165,976055,597246,659486,1916079,3396774,6437
1616151,1672468,2047182,1564557,343467,5584246,487318,280619,492732,538286,1570674,2523049,6276
1644224,1648472,2078192,1581514,367101,6243915,741943,772154,447241,495930,795925,1658425,4716
1040966,1463591,1740425,1568533,360075,6017627,708563,739149,517446,572902,1179664,893915,3410
1285968,1283308,1306128,1040143,241009,6179839,703249,733370,525165,580180,1527802,2392495,4681
1643207,1627031,2063981,1583225,246453,4874964,268295,510784,504878,569954,1499528,2437452,5931
2264215,1963785,2804178,1765332,463201,6557522,1133827,973741,521625,582744,1527736,3365674,7402
1054841,1531896,1686642,1602460,364291,6309724,733815,764785,536858,587765,1151673,862619,3090
1361315,1506776,1699163,1083888,242125,5489231,713007,731743,516881,569489,1513228,2524695,4905
1634230,1661406,2051622,1569751,241389,5406216,272088,518450,480472,597261,1585590,2572201,6097
1619531,1687700,2052302,1582318,346338,6173272,699664,492630,416394,458694,1158142,2103893,6072
1336594,1640218,2064275,1818135,474767,6719139,924687,963571,566523,629555,1188718,878930,3225
1312996,1556684,1690910,1093235,243270,5629448,736902,768406,551227,605766,1586688,2451910,4210
1717480,1847973,2165145,1654101,249121,5662267,271908,506115,509607,617765,1548157,2430899,6181
1722553,1741279,2120815,1601440,354106,6265102,714679,520999,488853,471034,1215088,1756790,6529
1363076,1673209,2133575,1651203,364361,6384328,734496,762184,575640,631748,1237575,893510,3197
1535827,1586763,1719942,1363325,293019,6279190,924850,949100,598552,663693,1895900,2457747,4967
1726235,1714314,2097810,1622200,240011,5562666,270408,525569,510796,615139,1639661,2625920,6439
1624121,1625559,2040279,1569121,360861,6197778,729087,526795,470620,453582,1138018,1623878,6084
1360168,1475842,2069323,1568203,352120,6119157,695248,724913,519181,574752,1154827,908696,3279
1297316,1290362,1271113,1297321,240326,6120635,741871,773084,530778,583154,1566341,1669003,4156
1948991,1864794,2492780,1605205,364809,5686032,496122,512058,537627,657524,1849805,3202941,7363
1662056,1630461,2045102,1529902,344924,6127817,697139,695867,446198,443590,924427,1710645,6184
1614164,1437541,2068978,1595249,367376,6991982,952691,992339,580640,644408,1498493,1564853,4316
1367045,1229338,1269099,1316901,245868,6199300,719754,742143,506722,565162,1520053,1722464,4717
1660293,1657005,2050675,1305561,235771,5012993,494063,519462,534374,597812,1578904,2537993,6401
1629235,1679320,2069518,1602570,361088,6386955,499429,519014,415136,522275,1161315,2345442,5964
1333190,1640213,2460996,1827223,469994,6898560,917762,956192,564600,571209,1161834,891292,4643
1316024,1337796,1310751,1157916,237991,6272041,735648,766065,531142,597544,1573902,2353491,4494
1632534,1740590,2130331,1340279,247599,5111289,495588,510297,516427,574955,1506441,2443833,6144
1662350,1669253,2099771,1583491,352618,6368347,489890,516105,420873,518703,1195051,2611214,6313
1334929,1681227,2087742,1587148,367071,6308486,740113,769483,535551,522298,793434,871343,4495
1371373,1347245,1695340,1316721,364918,6880325,939262,963207,580802,643459,1900952,2544688,4796
1644547,1614848,2048173,1584127,236452,5016703,274853,528434,534845,587440,1572530,2559227,6181
1659863,1650067,2075503,1619425,363609,6363732,725186,516836,422123,473028,1146658,2380528,5937
1318221,1671154,2054783,1563485,340806,6139628,672061,700561,521681,520207,795012,903563,4704
1011090,1292563,1643475,1282460,357902,6093230,738553,772367,519258,580249,1570688,1695237,3209
2287632,1858190,2472198,1835183,358627,6114405,736223,759240,589296,654828,2215170,4011468,8590
1671586,1666437,2063040,1561647,346577,6161684,702434,507745,408256,454258,1191369,2566404,6078
1643175,1601520,2011409,1556711,359102,7004432,947606,986647,600857,652285,1148717,1615849,4662
1023125,1285032,1286098,1361254,364938,6351788,715028,735320,530806,577872,1533684,1677080,3159
1619192,1502744,1743910,1324656,124338,5404263,457753,724229,556643,613262,1534505,2418925,6040
1642299,1674812,2082546,1608529,364240,5641602,501100,284619,463510,503718,1498310,2403993,6221
1677074,1806846,2463353,1831891,469495,6638260,914876,953572,532814,577298,821476,1739331,4719
1023387,1283508,1289550,1312593,353895,6087428,731190,764119,532647,585177,1584410,1705743,3200
1674576,1650673,2078066,1314646,124173,4883509,504291,750602,528687,577457,1520455,2463461,6165
1652659,1636014,2022805,1535042,347769,6118097,491023,282769,418620,518917,1567801,2589260,6254
1558856,1598656,1997492,1547528,342527,6294946,691769,721582,471657,521041,796651,1147057,4295
1091472,1510801,1713018,1593528,485287,6818386,938668,963284,576756,637476,1523665,1692363,3066
1651358,1659605,2072754,1326493,126284,4913816,489343,757942,551329,603889,1592677,2572208,6339
1618128,1658256,2080573,1622414,365474,6410670,505628,279360,413697,525445,1528633,2394658,6255
1698186,1680150,2108084,1607825,353237,6220898,695950,724337,531476,521369,800345,891410,4990
1054401,1300902,1679317,1565785,355368,6157821,734836,763433,540510,593778,1583838,898071,3323
1864807,1633521,2054178,1326715,146189,5485829,726279,982966,562435,620540,1848728,3248188,6493
1681769,1639610,2059759,1567533,347298,6180352,479826,280960,409689,520089,1573403,2587653,6307
1663913,1644922,2049734,1586007,362492,6286667,730134,760864,532205,517033,792979,869636,4540
1038060,1298017,1707769,1615566,476256,7040346,927288,952200,597036,649821,1902170,1693011,3323
1652806,1513024,1688134,1096203,124387,5492084,717452,758102,556414,602244,1606161,2570217,6245
1933090,1807077,2463300,1855803,485677,6109488,499081,498821,495031,580544,1611172,3150140,7373
2160083,2008425,2685109,2014000,484377,7608463,946617,749523,542110,528225,1303459,1890800,8187
1019945,1330441,1665314,1567729,354569,6367884,731956,763466,521725,590662,1549233,869489,3031
2009679,1737450,2155484,1388040,122872,5654525,728554,975791,611978,674431,1882702,3237095,8089
1688695,1688394,2080628,1586924,341166,5587190,270924,281321,478728,593946,1548394,2579159,6748
1637535,1634965,2070883,1598897,360500,6389617,732878,764537,468508,456508,779277,1648401,6007
1052893,1476929,2059470,1618637,474868,6680665,926655,949547,561975,627146,1512572,1671692,3286
1654707,1477497,1622033,1080125,123954,5463636,654952,721963,540969,599702,1529789,2487205,6546
1683011,1689734,2119289,1625910,361889,5642915,272633,284130,493985,604056,1538072,2452362,6514
1687742,1719075,2108655,1626182,354898,6188659,706227,734749,478668,460785,786740,1744737,6390
1007625,1562720,2090494,1616264,342622,6312143,715012,747935,568642,625665,1166049,883160,3108
1659949,1491972,1703973,1337594,241999,6195927,728177,984827,574528,636793,1847360,3258165,6341
1711533,1671318,2064335,1580206,339186,5755095,484195,281628,481243,539650,1587263,2583889,6524
1596963,1684720,2026841,1574483,342080,6371060,697352,727540,478106,468700,807748,1662787,5747
1057640,1506726,2111218,1831754,454456,7056177,892997,918161,600773,672195,1501353,1021614,3262
1289790,1325774,1266813,1059289,236190,6091619,720766,762443,541995,600807,1578340,2538463,4381
1930037,1826617,2464331,1870875,356791,5546543,502956,524881,535252,589226,1851331,3100420,7485
1717645,1710382,2116052,1615298,355130,6306988,706820,736928,467671,511083,764588,1734847,4949
1045285,1482115,1688610,1578867,353841,6261633,741031,772917,507452,563636,1161284,900091,3232
1333730,1337243,1430523,1085153,243169,6213968,695186,715417,522504,586847,1478359,2351957,4799
1663322,1718852,2088252,1591087,234898,4845983,270550,515291,539994,595952,1572534,2612601,6689
1616498,1629112,2036205,1565905,360279,6071902,734230,524558,396673,431572,1122393,2405624,5915
1314891,1676204,2066898,1868924,478982,6773202,937921,961614,575976,644162,1174695,872117,3123
1357493,1493760,1657370,1060528,234830,5510303,715663,757040,548109,611989,1571691,2553230,4662
1653742,1663225,2076118,1603499,242077,5572376,266691,509981,475620,592432,1501852,2389192,6187
1738096,1670063,2134271,1638579,355748,6267237,703958,508568,414721,445846,1175034,1966001,7038
1334921,1676799,2066867,1587281,351925,6170401,736396,764427,541384,595992,787911,885281,3203
1331589,1508291,1677077,1299297,360986,6085252,960168,983588,571734,629272,1832863,2479005,4806
1700590,1656643,2061194,1559923,234741,5451961,269962,510954,469383,583004,1570188,2631835,6747
1917045,1826568,2444778,1852525,361221,6293185,729827,763340,541371,541587,1545330,2432974,7302
1327326,1503053,2088009,1588888,355502,6109989,703793,724782,526590,583622,1157211,869927,3177
1144030,1288738,1276864,1586577,374060,6732031,894442,949350,604734,671825,1906767,1589249,3408
1937248,1865383,2475297,1606129,245163,5532720,501977,749891,530666,647337,1843399,3143109,7568
1702277,1694395,2108153,1613470,353199,6214616,704948,509008,477885,465919,1170796,1761015,6565
1353244,1485851,2084386,1604001,354273,6325050,740948,772282,522579,585618,1188160,900799,3352
1336543,1349946,1297505,1352019,242532,6277678,732355,753079,535295,594265,1539235,1681842,4804
1638507,1715382,2074051,1320468,234709,4930166,488094,514913,544551,605681,1588690,2587130,6539
1912661,1869063,2476041,1886186,478354,6968569,734331,750145,485973,522117,1198279,2395857,7332
1295133,1503264,2061927,1599849,343225,6121755,681796,702149,522385,573830,1140168,865295,3215
1349067,1328326,1289692,1338601,235271,6170141,719240,756879,533183,589069,1562619,1727674,4797
1661823,1707013,2106079,1350378,243753,4919741,499462,519353,542332,591824,1510708,2422256,6515
1714091,1682262,2107283,1599815,349419,6021791,483976,506890,410781,521581,1171190,2592440,6924
1344024,1667204,2081028,1600331,353471,6276442,737191,769394,532749,534241,829126,905933,4747
1345165,1288973,1672431,1322766,360395,6847456,960032,983559,571902,631813,1856482,2439329,4670
1670534,1709269,2095000,1411051,235838,5068264,387405,479359,550315,604353,1559152,2507176,6819
1616026,1697691,2097428,1627220,360141,6309688,500309,520354,421796,534357,1175841,2423835,6102
1371550,1689530,2110210,1611090,359115,6144254,708744,731815,534951,541873,822868,873177,4744
1047298,1301995,1674255,1336589,340842,6195166,706633,747877,543087,602693,1600033,1730285,3203
1961572,1664487,2471465,1878621,338075,6249438,702370,977745,637824,709292,2194999,3140106,7593
1663379,1714820,2107183,1606914,353112,6177404,705804,510895,429542,466839,1185620,2601279,6562
1302480,1647785,2020440,1571983,335447,6273669,702138,730097,530548,525448,814091,864598,4388
1020151,1315588,1749455,1382861,365080,6550099,736469,755720,518796,579795,1520822,1693317,3305
1670842,1504236,1702179,1319949,122834,5590526,486135,743406,531886,586211,1566213,2570919,6423
1942952,1853399,2467142,1866538,477907,6335915,733266,520563,474108,513701,1537395,3199365,7636
1360820,1675579,2107941,1615437,356137,6135075,702871,723803,521706,576403,811368,889501,3341
1027380,1266041,1264957,1297761,344952,5962805,716320,755822,520258,580631,1573784,1737459,3272
1636887,1513968,1911804,1334542,124573,5356192,497604,762834,525365,585104,1521271,2411762,6074
1687771,1666782,2097193,1595525,352298,5279795,486822,283636,465051,514583,1552644,2602219,6518
1668732,1840332,2458541,1846720,465664,6782187,968593,1012531,548538,609961,823745,1677893,4610
1623859,1669743,2084269,1323049,124975,4899813,504829,768832,526353,587486,1530089,2406352,6246
1723134,1722011,2109995,1616583,354603,5518049,266779,280170,469889,579661,1539260,2604119,6742
1698126,1716415,2102354,1630038,351325,6457763,731507,764820,515801,508388,851844,1718421,6335
1092203,1543519,2115867,1624159,360318,6312851,730963,755901,533965,593857,1160312,882117,3302
1368349,1307177,1265786,1291223,235191,6291081,703772,737529,531961,595233,1573639,1791425,4989
1917738,1814322,2378307,1561519,465225,6330870,718560,749680,573953,717145,2274592,3939313,7008
1681758,1721278,2113651,1622524,357643,6318942,711620,732126,465734,459270,803282,1703247,6388
1024123,1449236,2035466,1563751,344786,6131906,713064,754511,513351,571074,1167750,852831,3118
1362698,1257265,1279175,1067451,243780,6347082,736936,767478,509459,564466,1516781,2369463,4699
1671274,1654629,2115123,1580839,241170,4805193,277964,509714,530499,592801,1583774,2588961,6465
1905761,1821442,2377140,1797836,443727,6690011,748574,761888,463160,501025,1144449,2408225,7735
1003082,1466381,2084998,1587111,359846,6070121,732641,756299,512369,558404,1144643,861943,3139
1307755,1283128,1265965,1063625,237090,6157439,697392,729810,544238,598694,1604008,2563891,4663
1616737,1660881,2058303,1601057,240403,4899319,273028,526045,559387,595011,1564319,2434132,6011
1688854,1688088,2114311,1646778,361578,6269145,721248,511793,439807,474516,1189214,2495630,6312
1336335,1630377,2295091,1804199,445253,6703862,914921,967355,580674,637586,1178883,884307,3431
1325201,1308877,1275214,1064183,243682,6279898,736484,767314,544371,581295,1534365,2407322,4912
1681337,1639562,2068424,1589242,237359,4695136,266016,507821,522202,563911,1548534,2592245,6612
1608592,1655360,2013973,1556710,340396,6136160,713050,502537,432675,465808,1213715,2475981,6264
1331952,1663315,2089631,1612442,360793,6244190,732592,756253,524842,572975,822853,876567,3068
1335734,1526704,1664213,1319498,347947,6069544,919737,965325,589127,652696,1972783,2566618,4627
1876977,1754691,2325493,1524858,221263,4791521,500125,762622,566544,616902,1848905,3094203,7081
1700873,1720289,2115788,1908593,471606,6922495,932329,726187,479771,520707,1524312,2529994,6616
1335277,1592214,2001680,1544148,346247,5973163,715001,755897,527489,568798,800014,875069,3203
1029863,1261935,1240541,1303528,359514,6128058,732935,764339,536968,577122,1535268,1625203,3306
1667904,1730365,2123203,1360017,125489,4858337,490677,738256,546474,601987,1594683,2601085,6543
1920725,1807847,2409908,1821742,457440,6820948,720626,520130,472908,516230,1571919,2474998,7492
1345055,1737219,2131124,1656913,361987,6565185,735978,760695,552317,601050,1051010,860909,3114
1038262,1317335,1273341,1330653,348226,6253980,703890,736324,533408,594972,1599043,1740905,3293
1636020,1656746,2061526,1334551,122557,5013377,499963,763179,554492,611688,1572622,2454187,6311
1664410,1724133,2119175,1629882,361743,6252574,495187,282556,436199,539830,1556851,2527639,6736
1602804,1695942,2416315,1799982,451029,6726601,926134,979925,583909,592250,1183253,859384,4589
1359031,1311132,1271446,1309345,239415,6332013,729143,759089,531690,574197,1511054,1644741,4823
1708479,1710720,2111667,1339580,229326,4813110,485608,526699,520446,570858,1563461,2597260,6706
2004349,1884141,2504288,1891014,463823,7150135,735291,279294,425618,534401,2009812,3343631,8022
1653313,1658159,2089804,1597423,360234,6251868,733056,757069,530363,511452,800626,870234,4811
1349010,1368439,1685295,1580660,348067,6725985,920302,963424,589424,659049,1985216,1742673,4858
1608318,1675974,2050974,1314964,239003,4828318,489746,511563,529677,590513,1557085,2416491,6181
1659635,1756714,2137098,1615793,360453,6120995,495820,511733,414748,518667,1170860,2530213,6761
1329280,1647851,2038700,1829426,449291,6853811,924310,979245,592262,597059,1193585,884684,4497
1011766,1329329,1681693,1568014,343462,6215306,699435,729119,542690,594941,1483233,947638,3195
1687642,1567402,1707496,1073114,122948,5504535,702865,733161,536614,595279,1557928,2591612,6504
1906440,1858419,2449512,1849768,463945,6294075,503997,527380,464024,582780,1590428,3320981,7699
1328465,1740224,2085861,1609982,351005,6225788,713968,736174,536528,529711,813263,886045,4827
1010513,1420310,1697178,1342617,347370,6162989,701572,735273,557330,615774,1603076,1740492,3343
1628084,1521521,1667157,1301179,121754,5626894,503791,764910,541158,595756,1558422,2448356,6147
1623060,1760424,2067191,1609495,343535,5452400,350221,280567,489461,598994,1503390,2404534,6329
1604390,1925643,2449457,1838911,455147,6849342,936492,992311,546207,537464,793116,1715318,6100
1019970,1325448,1659399,1323930,359729,6145463,733321,764680,536418,581578,1499114,1620001,3241
1642460,1515169,1674486,1321312,123683,5426650,469187,716367,526912,579595,1533651,2537938,6447
1619437,1705759,2049664,1573281,348267,5415711,496903,279924,481612,531474,1560811,2511295,6254
1643759,1716768,2095708,1582338,358459,6179065,731285,754997,472924,526319,815027,1667786,4807
1045065,1389226,1838302,1507003,436342,6725572,874312,915665,554140,620460,1502633,1709228,3038
1657046,1367711,1568506,1239090,122090,5355253,500207,745833,486842,539044,1479469,2372751,5897
1701075,1601261,2008356,1528826,352966,5266804,479271,281840,436101,482672,1456005,2421597,6105
1710408,1600339,2355734,1762218,442004,6505633,909536,963102,501154,557311,1117192,1707832,4687
1047366,1436707,1641197,1549510,357168,6002513,726742,756376,486968,540520,1097296,871453,3343
1379581,1405806,1631010,1015410,234626,5217518,692353,723332,489357,545390,1507363,2552589,4836
2012132,1731503,2368042,1763577,346274,5532243,500159,522670,478008,540481,1928378,3318317,7867
1690024,1585798,2034949,1545080,356014,5988395,723779,752746,432913,486519,778835,1680232,4890
1046078,1383800,1607041,1511329,341207,5908834,688580,719140,466814,522091,1129809,886178,3332
1335796,1408214,1594347,981771,234416,5245841,723218,754064,514753,570424,1503989,2399399,4426
1735405,1640362,2044213,1561222,233987,5419362,269167,493976,449690,552714,1453374,2397083,6503
2015205,1649436,2269976,1685892,436278,6364882,895339,733698,466100,464262,1086798,1641009,6244
1040370,1318354,1617486,1535772,355333,5899707,720885,751536,492173,540862,1418444,870212,3321
1408765,1423462,1608132,991469,207022,5046402,655212,686465,465219,516751,1422866,2417429,5080
1674328,1538143,1960350,1481361,232996,5214893,274386,520326,423214,531384,1522548,2494493,6300
1676447,1584448,2038469,1541227,355392,5854292,723097,509812,432145,421112,1117349,1668878,6295
1386391,1382152,1982619,1748038,443011,6362851,888015,929790,543839,600219,1525706,886717,3170
1656101,1381465,1588615,980896,121110,5237270,726088,759503,479585,536552,1492410,2449806,6155
1681723,1564177,2008964,1797712,466550,5889789,496506,536505,482577,589535,1846025,2514020,5989
1638684,1532076,1905123,1459712,325247,5757791,673444,546509,423419,417766,1067171,1603508,6097
1357923,1571267,2337834,1783913,445148,6712643,900990,939449,560838,606921,1154197,870484,3208
1685037,1446309,1621290,1294383,238915,5954223,911393,950389,555163,621498,1895642,2546077,6366
1610221,1712295,2059578,1589026,350245,5470669,272149,285270,472266,593161,1569552,2491258,6079
1678144,1681590,2104527,1598013,357383,6143105,722739,748074,450586,438642,800227,1686664,6529
1010764,1515211,2085932,1587817,349651,6165810,707145,736499,531080,582266,1186725,890210,3364
1320644,1307336,1258269,1226439,223355,6096665,700759,725182,528955,588142,1511139,1913852,4684
1701635,1701044,2097440,1328900,243647,4644853,492504,508905,516506,570627,1512396,2516457,6496
1957459,1862449,2418623,1808114,446947,6609137,696458,734742,476346,521619,1203704,2589536,7998
994058,1536519,2081981,1614349,360268,6228354,731000,763932,539123,597043,1175605,878310,3137
1340052,1372757,1279987,1064598,239494,6110711,704148,735343,536360,593713,1566407,2584274,4764
1628418,1658464,2043143,1579170,238543,4779147,275590,529261,529583,583751,1572731,2512415,6269
1647675,1692331,2099238,1600982,361318,6135712,679581,522040,411763,519060,1156181,2445576,6297
1370987,1685508,2460466,1826500,459282,6647865,918114,964527,568815,578446,1185448,890813,4794
1303708,1334499,1274870,1048522,238330,6067166,714779,746379,526140,581361,1536217,2413186,4525
1692510,1729503,2095193,1606310,243312,4712672,272178,514364,519943,577255,1527187,2543426,6521
1619817,1696894,2020468,1565271,346086,6016381,716032,519563,412766,452750,1177100,2560330,6065
1295386,1688613,2042987,1569278,360867,6062604,733179,765115,519552,575812,789140,847240,3023
1372440,1413948,1878443,1527235,451026,7177587,1086114,1132583,597074,672548,1836247,2512794,4842
1673379,1586248,2001788,1533164,237440,4683997,271954,515723,498634,552278,1534209,2471698,6191
1708049,1578107,2021004,1542728,352243,6021417,716316,510884,382573,424553,1110377,2396067,6380
1446005,1592408,2036997,1532628,338383,5937857,681074,711741,493085,550187,795547,931905,3456
1064531,1231164,1213343,1245664,348650,6010713,718880,749685,501551,554609,1512465,1642287,3092
1700599,1600210,2000192,1250635,124475,4528155,492786,721710,487337,541915,1454192,2427562,6157
1963783,1707526,2318376,1728963,444311,6171038,691006,493779,422145,488700,1537320,3271212,7215
1375091,1563120,1990176,1528658,356979,5888653,726253,755085,471941,529057,754266,871359,3256
1060117,1200481,1208538,1255744,342078,5765990,676828,706487,476942,532432,1481815,1682839,3194
1654952,1563772,1992983,1256317,124696,4514877,496671,741746,501192,565642,1538828,2476824,6250
1755442,1532246,2002179,1516301,343982,5776409,477514,287656,367147,461910,1419854,2358912,6460
1717875,1624624,2426078,1786032,456126,6548465,912850,957175,547518,559094,1133866,891263,4963
1096708,1229397,1216089,1240344,311563,5891168,681895,708569,494476,542227,1445641,1551658,3200
1716401,1582268,2011791,1272945,124300,4466013,474761,722504,477773,543095,1454156,2459478,6272
1677066,1552775,1957053,1487712,337083,5679786,482535,281077,380859,473257,1517030,2519569,6418
1679557,1610488,2010750,1536270,346828,5964172,707247,737482,440649,421862,771430,1647455,6200
1347120,1588863,2356832,1745623,551194,7007760,1087501,1135301,584968,590410,1494110,1752545,4775
1636859,1375252,1584197,1226032,123368,5160560,503371,764574,492888,550472,1523897,2462734,6011
1654151,1562598,1941101,1485788,334744,5151691,364444,282562,428896,530662,1393425,2284201,5910
1699923,1523544,1989484,1490958,342678,5744102,698838,738723,431436,417265,757117,1697504,6250
1086408,1385779,2021975,1550452,358549,6082675,726873,762139,498620,548193,1119586,899029,3440
1698686,1388704,1579318,1231324,241392,5653811,683227,915271,501165,563162,1776098,3246033,6503
1703672,1577065,1968789,1516218,338045,5166324,494343,279282,444521,490106,1527206,2499773,6194
1666651,1608454,2031800,1543203,355783,5877026,721565,754669,429303,478653,765012,1674783,4894
1038897,1368667,1815650,1492049,333822,5813614,670832,699364,483079,543252,1121122,888000,3172
1336433,1222775,1220639,996124,232505,5906269,723496,756563,499891,552832,1512273,2429733,4463
1697286,1620597,2024265,1531049,234030,4648389,270800,518643,482225,532851,1447733,2433385,6256
2081319,1705029,2319768,1701323,439036,6355576,893232,714678,422279,478008,1131079,2557622,6464
1041631,1398040,1592984,1528614,355826,5905387,722113,753335,492958,538839,1136299,871863,3170
1375289,1466770,1627878,1008002,240140,5064242,705484,731221,494796,554874,1501799,2552855,4816
1645951,1556714,1946440,1227674,213001,4427896,500720,553204,471453,533439,1495777,2443856,5944
1978823,1749338,2393278,1778873,478856,6415884,734784,521029,380988,475307,1482760,3233113,7123
1716488,1573690,2343309,1723384,442647,6383891,889683,936206,515801,525929,1127813,881501,4659
1622137,1371889,1556103,1476851,340477,6640005,924766,964350,489180,536543,1465908,2311991,5749
1705674,1578854,1996540,1237707,234358,4509593,487519,503524,471514,523659,1428692,2422864,6387
1679063,1582660,1993543,1529905,340144,5951452,485875,512236,387357,499112,1169484,2530774,6375
1464578,1543296,1970624,1505536,338658,5909370,695402,727240,477384,476065,769822,928761,4959
1394072,1231755,1636573,1532336,350970,6499284,896430,936929,544878,613418,1864322,1740645,4836
1660757,1524020,1955447,1245431,229995,4558257,499635,520075,481375,532002,1510905,2450763,6176
1680460,1640716,2025520,1536748,355290,5837398,497300,515311,378939,481087,1105499,2420328,6204
1379544,1554966,1979441,1485640,338144,5792926,685683,719686,487284,467001,760832,883425,4934
1044521,1228851,1573243,1235053,350944,5807124,723111,754890,480714,541589,1493207,1674195,3292
2065603,1618137,2052976,1526251,242627,5195012,493208,735456,546010,606190,1848103,3322412,8094
1639687,1566464,1926716,1476769,323091,5823146,528622,509468,383623,487832,1118978,2426963,6368
1364894,1522702,1979119,1508582,357327,5925889,727650,758437,479961,471008,757794,906824,4713
1048484,1476829,1641811,1532804,343876,5836460,696308,728251,505412,574414,1168462,894429,3260
1374245,1383655,1598040,988579,235023,5177172,717687,746603,492457,545294,1509418,2404599,4645
1685019,1577997,1999555,1527001,237808,5320415,270020,504246,430743,538813,1455310,2423001,6241
2056148,1738770,2373442,1745113,452304,6461757,917297,737335,488255,478880,1155575,1765572,6336
1338747,1531624,1919035,1699524,432420,6490276,665432,694084,492069,604616,1517975,1565683,4388
1390015,1399421,1627497,1016548,242835,5301338,704901,730389,493160,545505,1499712,2512493,4727
1686932,1541844,1994636,1517885,236614,5275485,273295,526527,443736,559710,1542878,2520043,6002
1669526,1590747,2004398,1526138,346938,5923696,706247,512270,433744,428517,1090169,1578747,5961
1395437,1383634,2005511,1773625,450736,6448565,899650,940641,547958,616299,1546743,911264,3243
1646265,1405109,1613119,1005638,124199,5332780,725308,756525,495061,554424,1513061,2448232,6175
1705458,1586048,2025508,1541144,327711,5224720,265102,332092,424274,541564,1468394,2492776,6591
1705950,1612064,2005541,1505993,340587,5787848,695612,511559,441805,419322,1144915,1723817,6465
1345822,1380351,1971649,1510495,354018,5891885,724554,757805,494716,541694,1136351,899889,3282
1690052,1449328,1614961,1249495,236493,5885955,907406,937335,539877,602210,1846995,2504933,6285
1667181,1554741,1981786,1518251,342034,5345549,270005,282788,446957,554022,1536028,2514158,6112
1684379,1567649,2037076,1555185,364017,6100531,739994,524309,377815,416260,1113353,2446734,6283
1435370,1581520,1994420,1511192,334617,5927646,680376,717127,485824,498556,786837,910138,4090
1062349,1238323,1604452,1255364,352687,5927386,724101,756670,495569,562184,1514552,1636536,3195
1705079,1388733,1631959,1273999,123100,5288976,492664,738256,489602,541404,1496839,2518715,6353
1970101,1709012,2308608,1710404,447226,5781154,696643,507310,416264,463491,1497703,3380379,7606
1351672,1547387,1971999,1520884,353746,5946787,720633,751750,481298,535551,761313,891371,3127
1391111,1387864,1599244,1515762,452892,5658027,696924,728497,519954,583304,1839711,2490748,5046
1656348,1484530,1906221,1245147,123340,4676872,493271,755291,488844,539888,1526094,2472814,6154
1687245,1629979,1983249,1527097,330677,5318023,493184,279295,436329,485076,1400333,2279708,6300
1723390,1735864,2372102,1747358,450370,6588696,909785,958991,487623,549925,775610,1716787,4773
1044422,1236304,1214277,1260729,346036,6096272,711855,743114,505671,563161,1492653,1600547,3209
1724632,1586999,2025166,1285055,123546,4582517,484699,722989,482486,533912,1471059,2462620,6412
1695100,1579530,1941133,1462409,336565,5619162,473219,278849,374873,476037,1482340,2527942,6296
1642381,1593637,1981671,1523145,356739,5971378,727820,759787,481101,469773,758370,914629,4780
1046206,1410394,1567917,1479513,440663,6314875,865956,903785,522706,590655,1516868,1664192,3153
1653819,1377343,1598554,987914,124367,5189885,724118,755450,484491,543721,1495374,2427347,6156
1710930,1648237,2029990,1532926,349139,5256846,272956,286407,432589,548737,1455922,2434363,6576
1653840,1708347,2052194,1554191,341688,6021853,704713,745090,478699,467936,824307,1770772,6397
1007685,1501359,2052184,1581463,361242,6043845,728951,760177,537119,582478,1164690,876413,3226
1658249,1526504,1647294,1130186,240387,5988631,814984,927697,578165,641936,1893470,3284281,6614
1615451,1672149,2036904,1570549,346217,5221373,269783,285013,479169,587487,1581588,2549556,6184
1925882,1677130,2065532,1598634,360899,6671711,964723,1001276,522306,504511,1161299,2424313,7026
1054508,1506998,2103294,1607669,350076,6033225,705337,736483,543787,595515,1223575,891962,3287
1591318,1532107,1647058,1059986,239423,6184342,943900,984357,601730,661431,1919092,3171094,5954
1675616,1704271,2104603,1607612,242395,4888645,268809,522376,538431,588477,1529186,2505867,6270
1981344,1840436,2423964,1786112,456414,6618588,928888,750461,467582,455994,1178908,2566472,7143
1028429,1491066,2081668,1592901,364575,6218981,741723,769831,524116,572904,1156349,896207,3286
1351396,1347620,1287253,1046428,243222,6087913,715011,736718,523556,572578,1544574,2562148,5063
1607097,1661341,2036322,1562837,234432,4616781,268645,525085,531905,584094,1597541,2544253,6241
1642405,1734468,2105292,1619644,357013,6153052,726251,512816,420820,472872,1169713,2401780,6260
1324164,1729261,2077536,1830479,462691,6582128,921088,960350,588455,658345,1186167,882782,3124
1268851,1357556,1517100,1030923,240679,5784883,735786,767823,529592,596126,1555601,2443205,4415
1677905,1714083,2089901,1600835,242399,4857110,269625,512032,526967,596531,1530246,2499015,6290
1688406,1693317,2077503,1576311,345155,6130317,709329,519659,415622,459940,1207272,2642144,6631
1340255,1655764,2039655,1559883,359181,6043641,731118,762735,508905,572402,780024,895720,3312
1352283,1543293,1688026,1331445,350728,5992611,911064,940640,582584,646190,1909919,2506597,4919
1626044,1686362,2046439,1570285,233475,5174457,267670,527520,479499,576908,1580214,2565650,6381
1614564,1704913,2067856,1597031,359184,6214334,736201,523110,461656,465324,1186546,1756653,6316
1331355,1703524,2037031,1555026,336463,5984607,681376,709843,546868,601320,851734,877419,3199
1288790,1304343,1255566,1286297,355583,6792506,952790,993398,588854,651271,1919509,2396069,4281
1952547,1893105,2449586,1576951,241443,5260956,496398,744610,531183,646282,1868630,3245820,7447
975281,1385708,1685964,1322942,350187,6093346,710552,733456,531114,584595,1495103,1669032,3068
1649722,1520671,1657293,1303763,124563,5455284,489233,748076,531072,581738,1584732,2597841,6201
1603589,1684001,2063649,1589191,364957,5495134,505968,290698,458555,517536,1537179,2417050,6143
1671553,1705391,2074802,1586744,342084,5970168,676660,701147,461968,458954,815148,1752393,6476
987367,1502662,2038391,1560323,344672,5943754,722679,764835,543433,596261,1218800,892189,3191
1316067,1493932,1651213,1325130,364927,6100467,974902,999583,592603,636916,1879271,2470656,4576
1649455,1680223,2045426,1573813,236018,5319657,271972,504957,489031,587134,1586330,2567009,6404
1605324,1604075,2002551,1555013,355125,6060399,727679,526718,480220,453063,1154501,1604108,5868
1345015,1487975,2074444,1594124,360631,6007140,717643,737775,529057,575948,1156359,876574,3243
1153543,1275490,1276401,1323473,288912,6112953,692480,728838,529581,585712,1560972,1688960,3775
1967655,1896915,2478298,1623766,243175,5480651,505443,770816,539956,656834,1891734,3161061,7837
1700923,1681773,2075714,1577628,353263,6033523,703770,508192,480371,467806,1182881,1729347,6584
1301309,1483243,2026640,1565329,350124,6177515,732772,764081,558475,610023,1202840,858303,3001
1319623,1357179,1271160,1306078,238612,6206638,725272,742922,524443,583930,1505592,1665001,4692
1692954,1683586,2065824,1289528,235665,4731378,487366,509750,527791,579313,1574949,2608526,6658
2178859,2033242,2756377,2059382,563973,7436538,695594,563747,472599,570584,1774837,3030074,8636
1354687,1481011,2069009,1567688,359233,5924853,715121,736118,512418,562590,1150658,869940,3104
1331070,1323725,1263106,1289408,232954,5846990,710207,753244,530494,584849,1575087,1746082,4682
1646946,1701662,2063284,1316931,244523,4641010,505746,527912,531326,577338,1511574,2394432,6146
1685680,1727164,2094380,1600267,356595,6045275,491326,512317,418557,523424,1179767,2602285,6548
1307769,1665471,2025604,1556845,349723,6017563,735498,767585,554700,549080,802142,870051,4588
1347827,1353223,1634711,1396669,360284,6659504,966877,991984,565678,626305,1823995,2336817,4564
1656515,1734454,2068641,1312639,236209,4791526,489927,513894,532486,597994,1578770,2601633,6527
1608708,1695004,2047281,1587706,358639,6138557,501367,523254,427915,536467,1179419,2415557,5954
1380696,1715094,2092281,1599812,359990,6041121,715420,738101,536375,530482,793518,870631,5042
1029860,1355203,1661023,1318539,338865,6132848,699381,739707,556753,622902,1582957,1750680,3256
1933692,1709595,2071367,1610047,244646,5476280,508033,767793,590028,653392,1878643,3154837,7690
1663975,1786044,2101809,1586456,353358,6075171,686035,507321,438569,508993,1180945,2580864,6488
1245069,1716684,2003424,1540654,333937,6022250,699391,729754,532220,528962,781895,847642,4413
1331051,1552992,2087361,1334435,361204,6095618,960132,986155,575455,634906,1853010,2471009,4633
1661924,1507767,1648343,1282170,121849,5245442,482959,739363,540540,596732,1572393,2592998,6214
1867656,1919487,2404224,1814446,464901,6129925,735404,526529,498392,542557,1529894,3176962,7398
1596489,1985698,2475634,1881285,466473,6086819,719614,740303,607088,662961,1162392,1630308,4775
953915,1406622,1310089,1328106,346844,6092217,716891,754385,557345,612278,1614861,1729631,3320
1561794,1557906,1747288,1350483,125594,5552380,468917,730561,553234,593705,1488622,2262954,6128
1674114,1772659,2148006,1624638,357224,5527054,492015,287717,492506,530662,1579594,2599007,6676
1595906,1788246,2356825,1768464,452285,6610948,939587,980317,511272,567573,781139,1662911,4647
1007304,1296214,1235952,1299117,348978,5985343,709462,729966,525671,570233,1486192,1633078,3161
1663317,1652433,2025538,1264808,119447,4586321,478424,733400,504887,560190,1549657,2561965,6157
1608405,1611415,1978431,1522919,351573,6021056,489669,278183,407465,502759,1498040,2386344,6018
1632900,1704949,2008631,1560694,333792,5877115,666109,685172,484489,521865,793895,1163228,4402
980752,1486380,1599034,1506069,340973,5755262,705209,746375,519425,566208,1155678,845739,2773
1660754,1693064,2068474,1344941,231898,5434273,702639,976087,604588,645439,1833497,3045168,6108
1629318,1743839,2108181,1611658,350189,6035126,481704,276322,455593,541186,1594494,2580841,6371
1569583,1748167,2067558,1590489,346717,6193333,725042,755981,574315,554695,843886,861723,4653
938034,1437959,1712363,1615491,355469,6180681,724024,744162,565652,609882,1535466,863325,3087
1469752,1542835,1655045,1044035,140474,5414208,693310,728962,554446,614553,1597888,2583241,5074
1856320,1912046,2426053,1845931,353486,6113091,490227,512655,520591,619933,1934239,3164410,6952
1961955,1937579,2483402,1886352,457378,6157874,691270,709747,633887,611995,1168325,1621159,6114
990183,1310105,1615444,1533193,334762,5735414,691635,734454,534450,586138,1570780,891251,3163
1653302,1419010,1600336,1009584,119587,5159055,698280,731487,500628,552746,1453071,2317475,6375
1655439,1723412,2043816,1547445,347469,5181309,264002,277872,479316,580105,1550178,2603154,6536
1921574,1723033,2294393,1733945,440531,6563288,923816,941139,507231,489725,886263,1648116,6199
1011226,1272202,1623849,1541167,347011,5980598,710320,730815,523271,574617,1476363,867577,3028
1666305,1536361,1643636,1022375,120064,5296764,689339,726426,546616,584571,1567783,2561998,6452
1604017,1638071,1964203,1535632,342981,5371576,267679,279130,479578,583589,1504320,2317091,5782
1665838,1706427,2052144,1576012,354643,5955192,707133,727225,484072,458352,801580,1679818,6236
992134,1475282,2006640,1525960,345065,5728313,711781,752710,532853,584310,1176124,868369,3144
1635668,1448623,1580260,1069978,233612,5733366,886953,941908,552048,603882,1744922,2892634,6236
1668100,1715420,2088389,1567128,352649,5299487,275872,288090,469589,571129,1529960,2566689,6485
1610604,1632817,1977847,1512643,347934,5808090,719533,520525,410891,441080,1142861,2405438,5903
1322011,1640218,2013428,1546183,350775,5943404,705322,725384,525931,567288,793725,867973,3211
1005399,1324013,1222536,1265075,340063,5878584,698436,738588,538407,588272,1561313,1689707,3075
1913254,1815540,2368796,1536055,237079,5200564,482273,743876,527583,633028,1851827,3075007,7307
1674800,1720119,2036945,1571385,333161,6083539,661727,466384,425083,459951,1163139,2222250,6645
1653352,1839450,2392748,1549470,341453,5956575,922045,974498,601009,655628,1161100,1653943,4730
1007760,1311794,1237961,1299438,350966,5956961,714473,740602,525358,562088,1477215,1583050,3095
1656093,1686775,2054759,1268552,123019,4691544,486473,716891,532204,581766,1543952,2546077,6688
1928916,1780126,2355535,1770287,462655,6609364,727531,526590,462857,506513,1496585,2371410,7427
1352263,1484206,2075712,1577161,357053,6165656,718474,735337,516428,567651,1141432,914747,3486
1118181,1303199,1233876,1265120,275089,5875172,672908,711504,515553,562863,1515482,1641152,3614
1616725,1610153,1983541,1267287,122696,4647709,491379,755775,528076,569268,1503553,2372600,6123
1695637,1677506,2042662,1552359,354385,5936572,490228,282020,425096,513443,1508512,2518884,6511
1652630,1631469,2381712,1786368,458180,6566756,953938,1008345,585704,589239,1181791,861157,4512
1322626,1290395,1243515,1291607,237303,5970641,716197,742958,517832,558709,1456798,1612809,4646
1740101,1435298,1641788,1285489,124123,5291403,456367,706472,514154,560098,1507969,2494272,6628
1658266,1662402,2038112,1560273,356261,5501966,457775,283410,482257,589768,1527920,2410754,6057
1679979,1614197,2018708,1552570,354876,5864509,704926,727504,470796,442747,793190,1655315,6174
1039902,1439427,1975306,1520883,336905,5955431,699933,740390,521056,580741,1174299,883444,3341
1640569,1654551,2011080,1555269,355338,6800881,937590,1219238,645320,704075,1848808,3068436,5823
1715478,1672269,2059859,1556629,342002,5384028,480248,281343,454678,497016,1486689,2515423,6552
1624218,1649000,2018000,1543830,348990,6027317,730544,762939,468336,509838,782566,1677878,4879
1340258,1469803,1742987,1546832,353910,6718165,938543,961651,570448,620357,1474759,1596401,4502
1344186,1309817,1223758,1011554,226555,5863279,680365,717827,510812,564899,1513436,2524081,4801
1911194,1802572,2364784,1778706,355291,5227889,493021,515226,537535,578155,1882417,3154184,7123
1702685,1662415,2062166,1566042,352824,6024241,703199,724267,451084,494291,766189,1658803,4838
1004672,1450317,1575284,1491284,329813,5960423,683405,722846,511065,562734,1157970,857458,2982
1277200,1467791,1569388,994160,225974,5323657,697217,727584,520699,558157,1449829,2230458,3959
1648071,1655359,1979822,1500164,227725,5042987,248247,478194,475080,561882,1479030,2470922,6131
1868790,1788140,2250979,1696331,429484,6481235,893272,689553,462121,505579,1141011,2200866,5602
1288798,1515605,1992814,1535176,345836,5911611,686865,705820,518348,569117,1096227,786170,2784
1322309,1275604,1175237,1200487,215994,5712257,674831,714933,515876,561457,1517040,1696025,4428
1586570,1639887,1928273,1241688,231046,4629553,457607,477479,532952,573585,1476896,2259591,5685
1609757,1633035,1947390,1494222,341251,5784124,461846,476566,396869,491064,1108558,2421361,5820
1321625,1612707,2261996,1692247,431277,6322671,895033,950302,563631,551719,1124453,758516,3964
1309823,1289492,1184526,1185603,211242,6053368,661291,682823,510265,542425,1391800,1750926,4368
1695524,1654291,1931293,1225631,221239,4586295,432404,451912,502592,558464,1485799,2448560,6224
1552409,1587152,1886643,1454080,333852,5680951,464559,488802,394058,491645,1091007,2312512,5560
1285319,1643060,1908715,1692759,427056,6601297,849239,871888,549801,539545,1034562,755900,4125
942544,1244169,1500068,1190467,321400,5732960,661197,699344,505785,553657,1489997,1557568,2380
1855801,1652191,1889387,1466701,226102,5160672,463585,717005,564061,624368,1796283,2975226,6436
1611069,1681908,1920861,1486895,324329,5817122,572817,468737,401994,490085,1047040,2285988,5763
1261357,1596768,1911502,1476095,333163,5906111,692754,730624,502449,489128,745174,736987,3890
951022,1244949,1534775,1243401,335809,5931625,675266,699724,527769,559539,1444502,1466437,2464
1630276,1441472,1509180,1184454,105123,5058663,445923,683919,499642,552680,1489741,2428873,5829
1892262,1725171,2253731,1718811,342290,5895180,462155,482654,468257,551442,1825118,3043437,6725
1606832,1645190,1951540,1503652,343009,5906800,673757,690770,512658,503815,740753,721272,3901
955286,1435920,1511435,1458580,321671,5808193,663668,699744,519778,567853,1349877,733294,2315
1264185,1438225,1521314,958237,221090,5138497,681138,712375,498047,538178,1413420,2238814,4121
1638685,1589846,1950443,1485061,221565,5229385,236221,462510,447857,541904,1471307,2427487,6237
1891160,1801474,2280504,1720656,437617,6369390,902166,699881,524908,509343,1127916,1582603,5616
954813,1326346,1531608,1471440,333479,5823853,672151,692809,507066,556266,1401506,743621,2476
1621820,1476069,1529901,932750,105332,5158487,664683,703021,511550,556556,1517689,2478751,5860
1550326,1586647,1888121,1464873,326235,5202738,231873,266189,447801,544505,1444915,2247179,5169
1639932,1626783,1874595,1456833,317491,5708368,625532,466971,458742,429270,1006413,1396219,5335
1263828,1612995,2233351,1693298,421140,6549541,868001,919806,549899,611356,1079555,733556,2506
1560105,1480948,1515608,1198775,224312,5627367,897150,936139,554539,606262,1753917,2184366,5344
1642527,1588127,1908605,1443637,326703,4969800,227323,238771,447361,530724,1440585,2408001,5935
1568192,1571958,1865234,1431869,331491,5837173,690694,719682,465811,438379,738774,1510848,5363
1007774,1438204,1921178,1487979,336005,5850536,674019,694864,504463,548941,1063336,729368,2384
932052,1223734,1405619,1162986,312607,5704843,641207,678205,514559,551538,1452926,1594287,2242
1893432,1599405,1882821,1458389,221361,5123485,463375,707229,557697,616732,1766542,2914692,6802
1594056,1656394,1930117,1492504,328041,5750703,642652,448212,401096,437675,1089356,2365285,5915
1268563,1590269,1886706,1442998,326832,5609886,675662,710715,507339,556133,736315,758159,2504
938670,1259264,1128306,1199338,333856,5812828,673716,701484,515642,556011,1421904,1517669,2404
1631994,1582988,1889925,1198928,109061,4502996,444408,687259,517218,560782,1520997,2446207,5729
1859619,1752433,2192524,1674694,429918,5912871,680826,489024,445904,495142,1393731,2935476,6639
1270450,1628552,1925327,1478323,342525,5778570,681730,698961,505638,551087,726135,735359,2378
935828,1233497,1102520,1175197,317936,5776926,647847,684534,533012,576578,1492594,1559666,2456
1830204,1663796,2206246,1400508,224384,4449758,460466,713375,538840,574846,1760049,2920325,6114
1636907,1613310,1883890,1436952,322323,5661189,422422,238812,410268,505406,1424675,2317980,5721
1876085,1912185,2544675,1891152,517521,6883981,1070223,1127334,621022,611520,750313,762791,4039
939928,1274174,1116411,1196462,338475,5817027,683373,711737,502343,549207,1430967,1526678,2356
1626775,1547267,1871857,1192411,106642,4513718,434581,671512,502189,544163,1466072,2363088,5592
1562493,1587712,1865291,1443386,338089,5645705,462907,241226,397327,474525,1461130,2304530,5117
1651634,1525443,1902576,1462421,347040,5695486,679506,694697,441664,420868,743531,1576711,5768
955574,1407552,1881399,1454560,325679,5684642,673696,711328,527607,572610,1153472,744328,2376
1566265,1433987,1486844,1050398,220610,5705148,726072,949532,552158,611034,1756775,2968953,5391
1603012,1669438,1925435,1461545,332877,5042214,233388,243477,461396,564311,1475311,2429639,5639
1548502,1562926,1842821,1403367,325250,5630920,675113,703442,440823,422147,722673,1467311,5167
949744,1407195,1937877,1499113,342593,5868234,687250,706460,518352,556854,1085495,741656,2430
1278663,1269355,1137712,947787,218491,5824397,658186,696228,513700,572799,1515232,2459442,4167
1892762,1790134,2257403,1718728,340315,5283308,458913,462940,511804,560647,1773770,2980751,6880
1675999,1637915,1975125,1501922,340660,5728728,670589,691147,454634,459821,757524,1626100,4999
974522,1408894,1865318,1443655,321519,5736569,665233,703497,519060,561834,1151096,794411,2747
1264158,1273415,1129627,958490,217141,5775585,672711,703811,487701,535232,1389273,2213415,3841
1637473,1664879,1985407,1498029,224036,4412485,238951,474877,520548,571047,1509571,2515753,5955
1872593,1780297,2256679,1689616,439307,6383600,910739,706959,454424,491311,1119539,2332429,5490
1263400,1663720,1975546,1791482,454965,6511196,909126,932745,501494,543543,1091466,1508699,3837
1245057,1464662,1505736,987592,222798,5509035,675701,714172,549851,600728,1560745,2502317,4138
1498303,1774061,2008630,1283505,114528,4841578,473155,695827,573771,614983,1473808,2179510,5754
1554107,1783089,2052598,1583708,344383,6124915,458880,251170,467375,554097,1553218,2533653,6141
1539690,1713055,2416383,1848524,452989,6847478,938305,984883,643110,633735,1220420,801665,4073
1254859,1391453,1245630,1319162,225285,6247768,692592,716471,565242,606762,1488553,1588878,4159
1595460,1777271,2083394,1319210,228294,4825253,468130,486879,562809,602666,1593007,2542897,6225
1580536,1769539,2075326,1608224,348340,6241272,482882,499214,453679,561595,1192480,2423193,5703
1534380,1772941,2076870,1600482,337396,6204879,668309,687664,554344,548910,809276,890180,4616
1003657,1379198,1702813,1573599,340723,6089174,699180,738005,561340,619470,1607084,903471,2855
1879230,1776525,2109312,1368750,239346,5511791,717748,747160,644480,679923,1914406,3133060,7252
1676762,1773115,2143363,1651241,346978,6279157,479885,501487,445356,540392,1197628,2569360,6531
1315719,1743484,2116961,1626785,344530,6181374,719078,754042,568073,553426,820503,908461,4498
1016209,1330788,1748881,1372391,358976,6305749,721411,748257,550167,595871,1526349,1715354,3216
1638331,1552934,1717355,1172539,124588,5602338,565016,695004,544679,607172,1565232,2566372,6517
1896813,1919902,2480363,1868000,470938,6269361,499225,523328,478833,598273,1556164,3269926,7445
1357537,1700307,2126996,1619239,358871,6168249,716206,737222,550458,536288,813942,945453,4819
1291131,1522909,1996965,1531765,439397,6779207,902726,734993,545144,592151,1937603,2550218,4463
1611598,1521208,1658635,1305874,123874,5466338,502117,765039,543095,572591,1495474,2354182,5839
1673438,1711953,2091884,1613815,354756,5394858,485593,281407,488950,517733,1550172,2568135,6639
1595327,1849659,2447146,1847200,463077,6951145,964107,1012029,530115,534151,827265,1679700,5588
987012,1350951,1680010,1332903,361437,6274237,732171,757999,531005,577674,1506875,1653446,3160
1676604,1536622,1720480,1356653,126246,5692414,487725,735243,555201,604248,1608739,2585660,6727
1625533,1699047,2051516,1589630,354721,5535435,503190,283116,501481,534194,1586206,2470066,6411
1658506,1657757,2081237,1606586,360437,6152485,720362,740529,479261,507160,795508,1694761,4777
992397,1492425,1654029,1567634,345624,6022934,711949,752900,545503,602845,1212773,878291,2988
1625820,1590068,1958777,1325841,242767,5800073,733161,1003826,572925,635551,1854495,3116820,6195
1690307,1754106,2120023,1615335,361553,5514123,487624,283226,478406,529909,1556402,2615478,6675
1675423,1679914,2062322,1587478,348695,6185959,724596,764968,488185,532290,814842,1719308,4985
992834,1570858,1706691,1629772,360373,6320802,730216,758265,536272,587835,1162278,885838,3262
1341923,1581686,1681844,1053798,229029,5546726,688343,718547,536036,593019,1564815,2552651,5013
1917528,1831388,2378798,2057772,471485,6695380,733922,767766,535387,645041,2273553,3219462,7011
1634782,1753986,2095213,1602734,360398,6056692,723763,742553,505311,524541,796020,952394,4765
1296209,1707255,1980874,1784280,433553,6760621,679804,718208,535447,665945,1585008,1677394,4467
1310374,1550459,1657209,1037411,243210,5512885,733195,762290,529202,584675,1513123,2382923,4729
1674094,1730422,2083702,1572585,239417,5365785,267880,507073,463837,582076,1550958,2590161,6496
1919962,1901079,2397620,1796641,450977,6628763,941798,765822,533000,510131,1157497,1641994,6045
1009919,1361734,1712502,1623891,363980,6320505,740769,767626,529057,578642,1511170,867332,2912
1657869,1513284,1681483,1058016,128919,5536505,707991,738604,516490,573701,1576606,2597801,6286
1593236,1665386,1973945,1542214,274339,5408471,268969,413110,482577,579614,1486072,2313094,5736
1661131,1655196,2052014,1576682,361545,6022583,722080,511689,452083,439380,1160702,1688366,6119
1311646,1518068,2044140,1812920,448158,6762941,916222,969388,584341,653128,1559970,885844,3138
1610207,1513067,1656122,1030991,124007,5519528,732042,763421,537524,585014,1521429,2371617,6046
1722860,1702281,2079403,1574319,355852,5467202,267794,281075,463096,562031,1536282,2593450,6625
1656466,1678907,2071798,1573766,349498,6242392,727643,764163,462913,441798,812352,1725034,6360
1162436,1545305,2059436,1565507,344515,6265757,700433,727317,502634,557582,1142082,873827,3148
1322855,1340578,1283214,1319846,237362,6147860,702948,734288,523423,573470,1571832,1729265,4612
1939976,1865322,2421872,1573165,356416,5474976,501624,525143,527243,650852,1924211,3234828,7644
1698068,1706336,2087984,1597836,360629,6116491,719898,741068,455842,442460,777664,1695184,6306
1030154,1495747,2049240,1556945,345533,6091645,712571,751398,532394,590986,1178186,905891,3255
1626938,1524953,1678096,1322032,352567,6961448,731279,762436,545038,671157,1874188,3115084,6203
1639603,1725428,2074712,1429114,239135,4842661,310310,508974,521401,580570,1536364,2591388,6320
1923083,1856008,2428153,1835468,460372,6967957,729872,765969,460566,523082,1188132,2509072,7508
987217,1474389,2090266,1605732,361082,6378155,735645,762266,522484,582365,1165596,863118,3055
1343880,1296204,1282961,1048927,240868,6231186,696613,727273,506502,570224,1549582,2542295,4888
1640287,1662088,2034556,1571802,241157,4842355,272845,525925,519412,586600,1563784,2468358,6179
1694347,1681016,2085903,1604993,356801,6098049,712120,503054,421452,457809,1163313,2488563,6393
1621143,1793113,2378761,1782717,456253,6757729,949266,1006156,507005,549608,786041,975232,4469
978700,1333366,1270044,1326275,360529,6081965,732942,762507,527647,581330,1491207,1627893,3083
1711917,1744542,2101875,1313325,124718,4742022,487449,732222,527171,585439,1558457,2607322,6583
1605515,1718023,2040961,1563519,349111,6164270,489133,280287,420734,536336,1562245,2466609,6197
1677973,1744421,2127873,1619799,361036,6346680,730245,753225,532031,533253,816488,924280,4994
1001488,1318863,1647912,1547166,346516,6048252,703831,745247,520631,586078,1552062,891094,3133
1823110,1663120,1985655,1242998,138454,5401035,733625,963872,581756,646296,1845831,3068261,7063
1667505,1699560,2071124,1595303,360133,6234345,492434,286175,417066,526308,1537215,2552057,6549
1654051,1621533,2038267,1565782,351452,6204471,731939,762738,479282,458946,804169,1690955,6118
984598,1563084,2075248,1591867,350859,6152389,713120,734749,521421,576872,1142240,872311,3125
1644218,1538185,1649015,1022167,235255,5988050,910098,961242,567155,634746,1938838,3391385,6142
1917813,1894785,2440435,1853250,357272,5640027,499224,523329,524521,582100,1915905,3212977,7409
1629011,1709467,2044079,1561833,342698,6067764,683732,705382,465626,451815,796302,1698468,6066
987800,1523598,2039119,1567572,348070,6140041,720389,761772,514934,584113,1188224,889305,3155
1322648,1318293,1255947,1050912,246018,6290191,737451,769454,526963,578537,1527412,2379051,4535
1668749,1716851,2085452,1587485,230501,4757436,270548,508844,518488,580742,1544489,2548900,6672
1946977,1852848,2414568,1816701,464889,6745476,968365,768532,473780,524758,1172356,2472031,6022
998638,1531523,1680332,1579212,360265,6159814,732300,751480,503423,558831,1118208,876028,3198
1333420,1391122,1430672,1047746,236200,6118347,679976,713699,514770,587220,1546061,2535151,4975
1644261,1692919,2036780,1556365,240527,4778713,268718,519358,519637,584388,1534666,2433593,5991
1706601,1727742,2106762,1602669,360699,6279923,718243,512489,424918,469093,1170981,2540163,6448
1376822,1673824,2049220,1832638,452945,6931091,931569,988868,581256,657218,1200844,900209,3286
1337684,1464083,1647895,1025665,242184,5464786,732419,766059,500294,569691,1498034,2382455,4681
1697251,1684569,2098980,1583938,237627,5352426,270154,506528,466105,572355,1546812,2615046,6626
1878548,1876014,2384757,1807842,454468,6854807,695662,390371,414435,526566,1744849,3130350,6920
1695450,1754667,2133344,1619342,361891,6364783,725955,746898,514494,505706,802779,909356,4898
995847,1321538,1648306,1529834,447587,6718910,917668,971569,584538,650005,1961860,1719776,3205
1902244,1664792,2031451,1289310,240755,5502541,724915,756771,564305,626289,1864589,3098886,6974
1642881,1721626,2076469,1585665,354842,6185975,492038,511043,411005,514038,1161291,2531842,6273
1341917,1645983,2024284,1560300,346363,6072936,725138,765383,501222,500545,787831,885305,4808
1006382,1354349,1708634,1448906,364924,6444799,740816,769006,518036,573489,1494365,1547824,3195
1696628,1505331,1653758,1042786,126149,5502345,702457,738761,511637,570088,1552624,2612835,6368
1896208,1828280,2428557,1843081,359910,5537569,502519,524380,513233,565259,1893099,3141516,7067
1692917,1692123,2073519,1593026,356568,6192279,704844,725724,465847,509446,804049,1702828,4884
1010023,1429336,1601566,1533943,337426,6078251,703548,742416,521094,570639,1175232,852269,2956
1323402,1482423,1663469,1055718,242805,5551379,733983,765419,534361,581426,1510921,2374252,4606
1702945,1647856,2072281,1580137,238766,5360101,270752,509151,476619,560033,1549165,2600357,6642
1930256,1788100,2380180,1801008,452139,6999424,937875,734943,462722,514624,1174963,2300360,6224
1012751,1517436,1667837,1609250,361515,6296067,735161,755337,517655,575514,1155932,887064,3190
1321572,1476051,1635849,1016036,234304,5522443,704513,744850,525119,583676,1587194,2618353,4814
1630686,1662824,2012317,1566286,244192,5514395,271354,506290,470738,589826,1514556,2341335,5820
1685411,1675904,2073894,1583368,360031,6070432,708673,504070,444155,438733,1150477,1711902,6282
1325360,1494408,2025594,1543748,344934,5900502,718669,759688,516904,580616,1177604,864806,3163
1329206,1551194,1677471,1573959,464496,6824627,1174917,1225961,613341,684737,2181207,2377371,4780
1721242,1670121,2076335,1570126,237994,5448201,269097,507419,443529,551937,1547429,2614482,6641
1630346,1687428,2052223,1541407,353265,6051377,740316,532169,458860,440004,1175511,1695314,6242
1289366,1555344,2073428,1587049,354198,6301271,718089,738801,511044,567889,1146863,873712,3026
1305955,1294355,1284506,1318127,239448,6323931,713773,754549,515003,567000,1586640,1741195,4730
1898614,1806282,2411330,1560112,360658,5429660,504324,524859,493033,617016,1868978,3174640,7085
1652149,1756609,2042572,1576317,343426,6074702,680312,613747,472147,459937,984106,1606620,6319
1348350,1578309,2050048,1590264,347627,6051355,721781,763881,530334,591555,1191362,878104,3100
1370027,1501763,1317693,1369362,244146,6358503,734867,768260,566303,624780,1559697,1657389,4742
1717862,1756098,2095577,1292744,240113,4860919,490986,512517,518359,583582,1556892,2609325,6654
1919761,1793121,2393562,1780858,465693,6862687,733456,762623,431865,488733,1148949,2486254,7359
1034971,1494078,2083318,1608383,364655,6429655,740029,758721,506673,572468,1159675,889362,3124
1328346,1313613,1264216,1180237,236285,6301693,708346,746801,512098,582302,1565790,2423807,4546
1650360,1481916,1663344,1307548,124846,5546490,500894,764043,515052,564506,1492258,2385966,6267
1705120,1723800,2104677,1590298,354946,5381059,483362,282334,439193,489122,1524324,2611407,6647
1666986,1810900,2393881,1791906,447200,6711079,932260,977244,505268,556396,795174,1690760,4980
1012599,1288618,1239496,1295491,360227,6076833,731406,756800,497086,554540,1491425,1670133,3146
1657122,1890606,2451729,1565486,229417,5448776,689689,949621,585115,648504,1578418,2584731,6280
1641696,1635945,2019281,1550059,354821,5760957,502745,286124,443620,515495,1545389,2451047,6145
1678252,1726257,2079082,1599008,359599,6111160,720175,741041,453271,500413,771445,1633206,4747
1013459,1488512,1646209,1562546,348201,6200254,719326,759114,517966,582706,1173211,878814,3122
1620694,1734233,2058801,1316997,244408,5472655,737304,991939,593887,654169,1866210,3092501,6220
1695630,1686823,2070198,1557638,352851,5961625,485603,282418,395914,504380,1536481,2604466,6570
1634199,1640150,2028805,1547002,349313,6128130,730972,765528,521196,525607,799816,883881,4729
999968,1348304,1668311,1589263,361788,6190840,735569,759689,511057,565654,1464001,866489,3078
1409863,1503600,1675737,1048795,210996,5508905,673551,705633,505138,568504,1517846,2465893,5098
1910948,1850142,2408862,1830061,355789,6104309,500769,522828,461760,563522,1900523,3215742,7453
1683471,1722796,2110233,1640336,353896,6353080,706423,726194,547471,534927,823005,880952,4787
1044448,1271606,1658290,1580218,347688,6014663,714005,760326,520208,575271,1591617,911291,3239
1635384,1448128,1642832,1039037,124399,5573771,732914,764616,530888,566722,1509243,2378320,6171
1698117,1657785,2068156,1600539,355330,5498782,267994,283424,460477,568504,1558744,2584491,6448
2179031,1818067,2363767,1789126,444153,7406337,1154534,1076608,572349,573916,1445458,2393263,7238
1023860,1290334,1675958,1585252,359144,6314262,733607,757155,517580,571044,1494107,873480,3053
1687444,1659560,2026153,1294047,229394,6157327,892960,935644,579849,646022,1539665,2538559,6483
1619566,1634683,2030808,1562246,357241,5547799,271157,281814,455772,575140,1545739,2444959,6087
1667490,1730152,2105311,1605661,361737,6159505,719224,740247,455771,444849,785828,1708895,6583
1017281,1482197,2060257,1571533,345594,6105975,712758,753492,516942,569963,1199983,896379,3302
2004786,1814516,2437490,1815791,457171,6723693,905947,747896,467459,490730,1183896,2589960,7897
1021081,1466130,2032649,1570136,360115,6154324,733214,764819,524242,572263,1154295,870303,3135
1332815,1274446,1255989,1028319,243096,6137890,716785,737375,507707,569028,1532081,2528028,4827
1671270,1672461,2052844,1572334,236049,4888048,269410,519236,522711,584710,1590020,2595949,6325
1648398,1679427,2082201,1611868,361374,6344671,732658,521506,404198,440747,1146001,2397570,6056
1347050,1706306,2281308,1873169,468429,6900711,920075,959801,563443,620242,1162694,888877,3282
1315108,1347126,1300569,1052372,237003,6232393,733685,763193,537826,595501,1579859,2510988,4676
1677085,1748187,2146195,1645769,246263,5106001,273488,518517,516795,582141,1515813,2478385,6578
1700450,1716350,2096681,1592549,342179,6179045,697199,507772,404370,449158,1201908,2607937,6966
1318861,1678911,2020965,1564458,355639,6264943,728275,759046,519174,581225,788115,875725,3119
1336178,1538535,1678185,1335981,362136,6167367,940610,966048,570943,633210,1888873,2508793,4590
1628262,1627117,2003424,1540750,234649,5002352,270226,521446,490884,561786,1547836,2552532,6044
1631970,1696987,2067752,1609209,360943,6300279,733801,523962,414555,455793,1139826,2337159,6086
1666960,1910531,2473783,1593864,354275,6067710,909300,946494,576827,642445,1141611,1683109,4812
979988,1335413,1270419,1291049,346712,6096315,725828,757234,524984,586689,1559281,1666162,3202
1955665,1929325,2492085,1589467,243792,5543682,502646,737162,507661,640501,1833717,3198180,7799
1661220,1644050,2017270,1518220,346165,6063389,706226,512886,439004,432003,1159109,1752874,6263
1304483,1619707,2044215,1567854,358909,6339494,729262,758825,507450,581108,1117548,880087,3107
1050070,1371280,1280205,1317208,325631,6148322,683834,704508,515876,579606,1479443,1575256,3254
1670728,1718201,2060954,1318483,124160,4819706,493754,757825,528892,588924,1572735,2554443,6326
1638946,1660401,2060526,1599524,361184,6092083,501458,282472,389878,490376,1497628,2392007,6183
1643751,1678584,2475519,1857590,464801,6683930,910885,947882,575035,576529,1172742,896398,4781
1311626,1321758,1257519,1290230,236957,5921359,730751,764919,518948,564740,1565667,1703593,4592
1638693,1712882,2060831,1304083,239413,4869113,499162,518223,508617,560058,1493589,2479648,6498
1663590,1626761,2026547,1542524,332372,6203022,462670,375599,405310,514098,1413359,2460396,6180
1617987,1744389,2083314,1601015,359620,6306284,733362,766576,475806,464159,795751,1618697,6018
1028957,1579851,2082930,1594880,468111,6750386,915500,953224,558313,636428,1537998,1753146,3391
1619531,1507066,1628431,1271142,123889,5428790,489448,754420,505942,578432,1549761,2494368,6108
1633308,1691070,2084791,1594921,361733,5426596,503612,284918,456023,507507,1507470,2429654,6055
1992063,1679341,2055283,1565910,347897,6644795,907185,947404,515226,572181,1170418,2537193,6479
1019774,1496217,1845128,1564193,339384,6340968,699623,729866,528067,576319,1122185,877121,3139
1674734,1443434,1655645,1311679,243412,6153937,723263,974380,561969,619688,1882109,3308868,6177
1639758,1712149,2035300,1562249,341938,5496068,493095,282343,466292,509641,1570380,2553959,6208
1649460,1726465,2106827,1628579,363120,6514286,735881,764279,472887,519395,813511,1646431,4999
1037902,1471316,1676826,1599470,359441,6057609,708265,737120,512113,564016,1172918,888215,3362
1309824,1507671,1631625,1033141,236269,5439835,730277,767010,528151,580573,1588045,2505427,4595
1931322,1864254,2482224,1853526,360824,5727867,502746,521572,524392,579084,1857299,3207751,7630
1661836,1662970,2071660,1562185,350519,6144229,706387,737544,452540,507781,804892,1720917,4780
1033443,1483116,1641168,1554698,356617,6321072,736889,766689,511037,567292,1160574,876288,3061
1346490,1488277,1678239,1025806,242706,5491507,719459,740654,506820,561498,1514744,2488075,4532
1636113,1688278,2055459,1560531,237057,5528723,273173,513586,466634,579781,1571689,2587231,6411
1627073,1686513,2080991,1583953,363050,6220072,737349,529667,447607,438622,1137659,1616927,6034
1316724,1727948,2114460,1881002,471899,6774575,922675,961579,581917,647053,1479053,886636,3226
1318448,1511841,1650744,1052484,226767,5600251,721212,756170,521206,582489,1579282,2488421,4671
1881906,1794336,2428022,1826023,244269,5653757,273485,752271,478315,595030,1792355,3135105,7245
1670745,1719427,2104278,1606382,350284,6302518,706122,509359,461719,447325,1175224,1749977,6595
1298937,1496603,2026011,1569543,456581,7081508,937200,974598,593378,657205,1523976,1582275,3242
1689033,1524891,1695902,1345854,242819,6276753,944489,968165,559672,629227,1864289,2526689,6506
1655834,1678077,2055720,1571123,343428,5459250,267340,283285,471941,586498,1567675,2608451,6424
1636600,1645939,2025769,1565034,341976,6235773,536219,524626,404092,498276,1108113,2332697,6226
1368445,1691698,2110851,1609490,353833,6389529,714260,745078,517367,510893,818481,899641,5018
1008939,1279308,1645127,1307923,353136,6165477,732312,764174,529709,576377,1555472,1667062,3043
1981115,1651476,2064267,1584562,243686,5657751,492977,743042,567961,619085,1846602,3234401,7623
1669789,1665736,2038399,1552061,346147,6067209,706235,512132,386510,427247,1181308,2583724,6245
1309797,1627796,2030736,1559768,361452,6187222,732897,764760,516176,569687,785330,868467,3203
1013775,1321079,1512550,1273191,340920,6073312,676246,699217,493794,549767,1473836,1696310,3192
1636507,1538939,1684431,1321339,124432,5575003,495616,764538,529618,585507,1576815,2538160,6218
1655524,1688825,2104335,1602217,244442,5589676,267828,501781,469091,579033,1489124,2432341,6165
2015982,1868789,2457986,1823986,454012,6803323,915725,742465,506653,511257,1172973,1712551,6477
1025556,1342474,1666132,1585216,359741,6336577,736510,766821,513097,570696,1531533,871777,3161
1653485,1500021,1677134,1055604,124531,5475046,717695,738841,504113,558806,1512206,2494874,6160
1618762,1681391,2012897,1560935,296620,5357557,266070,346448,474507,579110,1533456,2467232,6334
1623477,1709851,2040724,1574250,360611,6125204,733335,524489,459546,432755,1141456,1628061,6087
1330630,1674745,2453121,2116683,576740,7475857,1122783,1167951,619905,688510,1559768,903587,3224
1625021,1518242,1665576,1053232,123837,5525161,731183,764913,534809,588591,1589639,2511784,6269
1664919,1714976,2098191,1604055,244384,4857934,271462,514964,523360,574237,1495300,2473789,6229
1626910,1691227,2005435,1514578,340689,5959514,701244,516406,398547,445191,1156303,2558553,6123
1345839,1680639,2052071,1576864,362481,6326311,741787,772017,517832,525474,797205,921856,4079
1353710,1357180,1667640,1284282,356000,6548222,926824,961611,553824,621906,1897119,2578050,4987
1624634,1694672,2026145,1551593,233219,4819006,266681,522579,522513,591984,1588392,2547933,6204
1611340,1726737,2091025,1608186,352935,6230235,718276,506265,416881,456442,1176699,2370585,6120
1323023,1669762,2058265,1576089,349234,6006880,704613,735368,513916,566941,786579,857830,3072
1023619,1283853,1262190,1320538,355774,6173509,735306,766108,520358,565793,1542026,1643870,3052
1914236,1725624,2075882,1307571,141736,5430212,713275,934084,558836,621443,1870143,3323074,7452
1704383,1620985,2062242,1565502,349047,6201357,499181,284295,408159,500943,1574805,2609246,6470
1628778,1681424,2064819,1589830,357010,6296184,726341,757696,524246,508490,791863,880355,4565
1014778,1319966,1683364,1573188,344566,6113115,688288,718201,519375,576922,1544124,877286,3130
1634772,1488812,1660983,1057361,123241,5558455,734415,765936,511105,568779,1542888,2473433,6058
1644960,1717271,2088354,1601643,361648,5623200,271703,283661,462240,580505,1486823,2458255,6132
2314748,2064699,2840129,2070892,561369,7386796,1125710,1181509,574807,517273,820275,1754316,7697
1014490,1316505,1667055,1576563,362300,6196525,734741,767648,515975,577726,1520082,881344,3265
1335016,1311626,1258868,1039002,238391,6149497,702867,735240,517161,572262,1561612,2603701,4878
1612212,1653045,1992797,1538985,227189,4783209,269518,523145,516958,570330,1544128,2425173,5899
1651522,1674228,2101752,1630130,362820,6533040,738014,522994,400352,444342,1154033,2431643,6143
1361985,1666364,2093387,1847888,462323,6911988,926333,970600,565080,627276,1185934,899442,3410
1294179,1328368,1330152,1026323,239016,6135573,698997,729231,510769,561231,1480074,2333521,4514
1700886,1648604,2087853,1594694,242249,4938388,269529,511174,510246,574264,1524161,2501519,6220
1637165,1698206,2066151,1575160,342140,6129278,706172,511112,412552,456940,1197506,2541997,6344
1346077,1647338,2049047,1567799,360529,6232412,733590,765293,492501,543903,767891,876621,3228
1328480,1302979,1664975,1567013,350208,6740535,920550,960048,545886,624571,1933459,1731221,4631
1621895,1679180,2048385,1314401,240091,4714296,502266,522577,526770,590175,1562739,2445171,5810
1662845,1671886,2080734,1592392,344392,6270506,462353,413984,398372,512554,1323841,2404254,6580
1638645,1669379,2048633,1554807,345587,6107325,704206,744374,507624,514340,809006,888600,4772
1006822,1347532,1670727,1580153,356664,6165766,723448,753574,529348,569954,1504423,899976,3234
2015570,1666294,2071334,1319625,241664,6157443,928759,958509,511337,561541,1547487,3381440,7918
1969074,1755397,2405108,1816260,457315,6150003,494514,524617,459514,563455,1563203,3369857,7597
1641788,1888433,2529220,1927148,469893,7145475,730850,761841,525885,579547,1149397,1615824,6160
1031412,1521614,1834457,1571972,344330,6276135,706987,747056,527289,586196,1200048,913176,3596
1300200,1325000,1252046,1032300,242087,6128462,732027,763687,503042,567579,1525521,2410270,4537
1650651,1755986,2098779,1622078,243029,4846614,270081,511559,519879,578153,1521760,2521095,6288
1978046,1895335,2460076,1853200,459413,6880847,948211,765360,464567,508894,1174100,2565550,6421
1008693,1516548,1648098,1615660,352162,6252688,716781,747975,530175,588249,1159708,864783,3144
1339745,1575142,1716413,1078655,240700,5747935,708049,738327,535268,591521,1556938,2603873,4799
1626951,1671486,2052492,1569583,237131,5386268,271201,524284,497348,579485,1559043,2480863,6161
1645092,1711410,2085101,1596612,356631,6363674,723971,507764,390537,442237,1130638,2371907,6241
1356222,1740149,2077402,1832907,456552,6920065,920788,972718,571999,649000,1175245,886484,3420
1331969,1454064,1651353,1027272,238175,5517176,725335,756859,505610,578891,1527108,2386833,4535
1714867,1721219,2114187,1608647,241151,5546067,272427,495700,470272,588262,1526017,2518478,6765
1659789,1691439,2056545,1575360,347534,6291801,716574,519041,445815,442973,1179758,1749718,6439
1311914,1576146,2090101,1609771,361961,6380192,732104,761895,514301,582092,1129627,887533,3334
1387007,1516175,1693821,1344707,323618,6217284,886671,926653,570680,643190,1886680,2487813,4940
1654602,1691977,2075512,1578386,237419,5435545,269251,522806,470099,577088,1568978,2516260,6290
1690987,1683642,2103288,1620436,358854,6276760,728147,516612,445360,435582,1141558,1686358,6363
1657868,1932468,2454789,1827352,340485,6216117,705145,966896,590566,583362,1190466,1695777,6105
1014185,1358894,1686295,1334531,361897,6314304,735082,766792,524885,577279,1534141,1643142,3166
1654041,1503864,1708670,1331876,125206,5585762,491105,735934,514565,566468,1550743,2561416,6425
1917062,1839330,2389196,1802710,447342,6074932,574022,525174,459729,570198,1533283,3236754,7487
1336568,1687180,2129217,1621130,362976,6350604,737761,766636,507259,502619,792005,878169,4820
1034398,1311713,1692980,1338274,349300,6263150,703921,735181,509247,566898,1575116,1751477,3370
1630926,1542464,1661764,1328047,123907,5579508,502100,767644,535421,592925,1565849,2441356,6047
1688728,1736955,2099748,1612820,360939,5580998,495945,281272,459869,516051,1523118,2502576,6178
1625805,1836626,2420539,1813650,457118,6722060,935660,990813,506615,567710,789947,1713659,4477
995292,1337748,1471276,1316447,348577,6268746,709640,737971,515222,571055,1459054,1625437,3161
1678613,1555098,1702474,1341953,124337,5477357,486964,732590,521362,576078,1529166,2565832,6645
1663151,1686596,2057513,1578704,346618,5557225,501746,287646,468663,516492,1584756,2579650,6575
1685307,1725796,2131636,1643586,361158,6394516,732568,761183,476911,525278,803925,1658479,4803
1017622,1520804,1670558,1575747,462418,6751148,920325,961479,567256,629659,1550459,1755278,3204
1642034,1682393,2046257,1278162,122105,4792934,499425,762643,521667,581150,1535372,2467074,6176
1709331,1695625,2084967,1581504,359714,5778132,496601,283353,452396,512985,1512258,2521157,6276
1962318,1831598,2416853,1550034,345351,6231489,921556,976122,516601,579255,1155833,2522234,6012
1008624,1503657,1651498,1579588,356337,6345400,725165,756582,507646,571504,1145656,858233,3039
1380437,1475121,1678513,1050534,240649,5592436,707066,734797,505654,571498,1542856,2578594,4860
1951907,1828839,2415268,1816928,347703,6226904,497111,514769,457034,576470,1958917,3305895,7453
1673815,1728071,2138574,1640018,361926,6380828,735534,766314,523977,518170,800241,866746,4811
1063857,1398129,1688248,1580687,351035,6272380,709515,740998,502945,575532,1525363,899650,3499
1334224,1508273,1652969,1057236,238119,5668720,731699,762835,526974,590101,1558340,2415691,4431
1680891,1675308,2109018,1609806,244280,5659748,270703,513685,443771,565273,1496116,2471995,6257
1989403,1832006,2424546,1809356,449622,6832545,919721,738442,516839,514177,1188682,1714197,6346
1029202,1323800,1671897,1601957,360847,6342411,733088,763092,521931,581169,1522734,863457,3168
1735024,1528271,1725298,1082965,124272,5525095,706579,732263,503797,559873,1545457,2575353,6637
1670007,1660366,2073162,1573534,345312,5504703,268070,287270,463485,576742,1589597,2561674,6484
1646417,1697963,2081373,1602508,344222,6434643,702357,569493,473386,462533,1091014,1567768,6177
1356109,1460185,2098130,1850000,457501,6818890,913037,952024,566056,636337,1570339,898459,3199
1627504,1494561,1648611,1058340,124801,5578384,713963,744527,522316,580595,1527607,2416648,6093
2030036,1894075,2524504,1635586,360473,5604345,490605,511294,504388,623164,1868927,3316768,7738
1661328,1643487,2054863,1572398,344317,6167689,712001,753124,467326,446691,802216,1760184,6287
1332826,1647161,2427514,1590388,358300,6151437,950660,991901,578530,633611,1496125,1587715,4599
1666829,1491726,1656030,1228397,222852,6094604,893622,927021,573925,626882,1871402,2888542,6391
1636214,1661160,2021903,1566712,346417,5461113,267010,281285,471960,571263,1558237,2508096,6033
1644455,1714206,2127923,1648984,361820,6458604,735994,765102,483400,461024,819174,1641224,6194
1068708,1463636,2112865,1597166,351878,6281223,709751,737367,527512,592380,1199079,896912,3414
1322203,1311108,1274815,1046210,239947,6344541,732991,765976,518599,576708,1549248,2454768,4567
1706202,1707413,2120643,1612561,244378,4968340,271205,512067,509054,572148,1525569,2494942,6379
1927284,1856312,2406969,1785875,445026,6719930,842836,751858,450261,498460,1137124,2500501,7687
1042949,1534678,2076928,1601912,359896,6251447,730806,762260,520537,570104,1140563,879216,3262
1349151,1280184,1258085,1040097,240081,6174171,706415,734562,509149,562682,1536017,2571155,4857
1641293,1666629,2044753,1576015,235237,4795806,268599,526543,529730,589002,1568244,2514179,6036
1645157,1729623,2110624,1623747,362196,6318444,737909,526623,410763,455309,1139558,2408720,6109
1382424,1700098,2240699,1861284,463918,6880652,925688,966899,554622,619870,1185938,902556,3566
1315776,1384302,1279496,1067645,244297,6251120,740788,772610,532267,597473,1558813,2455031,4418
1696227,1721722,2116303,1616679,243890,4921227,270457,514764,515341,579099,1503019,2493347,6359
1658814,1708774,2055462,1565511,345072,6346143,712534,518014,403785,458215,1183381,2607471,6434
1339190,1697716,2056272,1604471,352378,6403248,716934,747892,530741,592543,787838,863162,3055
1664404,1540417,1688384,1318979,357398,6974530,1132470,1172989,626582,703521,2253729,3329540,5887
1651208,1647997,2035215,1553579,235103,5368515,268796,524731,484042,574518,1547191,2504351,6228
1654793,1698252,2102394,1607443,359521,6313339,730197,520171,404375,453078,1153547,2440176,6258
1376671,1751038,2130339,1613963,348489,6413227,705950,735878,526258,587059,817052,921031,3536
1059077,1294402,1251497,1305742,356754,6408235,740810,772894,513466,583273,1555088,1681644,3281
1671408,1752548,2102685,1356387,124218,5077660,497754,727819,529568,596095,1524652,2455845,6213
1961099,1828622,2420038,1790556,456573,6688964,712631,517804,468896,511006,1571822,2582804,7379
1314842,1586941,2097393,1634470,361302,6432053,733720,765364,542295,593795,1149566,864972,3130
1044210,1326649,1310947,1358120,356089,6282355,705462,732810,519005,572002,1547090,1719742,3396
1640812,1666878,2076841,1353923,123983,4848403,498301,766051,531673,575113,1574931,2516113,6128
1643411,1702658,2104402,1626007,360768,6373094,500807,282525,408340,508602,1513289,2424567,6335
1690351,1704667,2541655,1900832,461273,7001264,920440,959705,599628,592747,1232707,915024,5282
1371123,1323645,1273974,1318246,238554,6419083,733631,767298,540347,584728,1564067,1678541,4602
1676381,1625245,2071217,1350229,242301,4989199,495750,513451,524368,575562,1534478,2484263,6263
1592693,1684522,2019009,1555682,329718,6342713,459482,375239,414864,524488,1411568,2460212,6076
1633629,1725004,2095046,1626647,360774,6506875,733862,765700,545087,520776,802116,859011,4702
1359056,1321647,1726853,1642254,466997,7859144,1133710,1174008,643456,715428,2300277,2520691,4921
1649078,1727811,2097522,1346283,236080,5024901,495586,520152,549110,608880,1612397,2549661,6455
1629932,1685079,2113083,1606905,360374,6322996,500164,519863,401294,508508,1149945,2433110,6308
1372067,1697511,2101477,1591140,349154,6280057,701308,731512,524586,522789,814488,899215,4781
1025277,1359551,1672757,1465008,338107,6332514,700366,731356,529464,587134,1520756,1304440,3158
2036293,1714883,2133101,1353410,245193,5866927,727996,749164,573301,644648,1888745,3322618,7968
1698839,1666970,2076601,1576702,344548,6355393,492117,519644,400604,516546,1197927,2627954,6639
1347345,1670743,2074307,1603447,360476,6438902,732362,764229,528732,517512,799833,882001,4730
1017424,1368903,1711813,1341685,357559,6283728,708027,736709,533434,594548,1561519,1722827,3309
1630271,1519462,1673810,1311367,123481,5594846,498718,767016,518216,574951,1573589,2512461,6096
1595921,1718524,2090016,1599111,360593,5462420,465813,283391,457029,560405,1501623,2408603,6053
1643678,1936801,2510304,1873800,462020,6901125,922293,960476,532584,533152,808446,1724679,6307
1046113,1362502,1692357,1351104,352645,6430762,724308,756560,535013,583733,1551897,1672572,3351
1671895,1634773,1724566,1373743,126254,5711462,496399,743249,540790,600574,1545905,2517580,6327
1700029,1695278,2064186,1833564,452509,6125482,711261,514985,526671,577768,1931426,2567962,6280
1648707,1701760,2087532,1619293,360502,6242302,731114,763755,475304,521590,800362,1640379,4720
1018696,1515355,1765744,1590685,472379,6653561,927448,961794,561126,625780,1528614,1738002,3341
1597116,1543764,1654863,1315038,227698,6093798,711472,989680,592523,656041,1932689,3272208,5678
1637036,1698709,2080360,1592567,359660,5588629,499933,281341,464811,517049,1498169,2407927,5999
1722299,1726614,2098262,1592740,349429,6254834,704012,734285,467934,522462,795641,1738804,4830
1047890,1519384,1645124,1557431,345754,6281190,716390,748540,519640,585996,1150101,883583,3266
1697559,1722797,2094084,1317551,244771,5659975,728359,980701,553480,623604,1868565,3326891,6464
1709467,1687362,2081648,1573730,345311,6149113,493359,285840,409040,509205,1570315,2608201,6432
1600036,1710468,2045849,1594108,345544,6290793,706814,737867,468264,517698,801611,1523022,4811
1057856,1681170,1724595,1668602,359479,6252454,710660,738313,560163,618099,1221223,873778,3225
1326129,1509062,1671324,1073017,235641,5580888,726967,765976,529004,583876,1559459,2487005,4401
1959682,1841355,2414519,1808144,350932,5993825,480748,502622,438604,548539,1777152,3078988,7498
1657037,1422328,1612898,1014782,124192,5428152,724887,756293,492748,544062,1458105,2336624,5920
1725191,1634628,2070230,1568695,351949,5480104,273018,282868,439801,556194,1514166,2551190,6423
1637677,1639804,2032237,1574109,343082,6349874,511634,524261,410062,511312,1150531,2400716,6362
1383794,1672465,2095572,1613062,360476,6331446,721389,742287,520215,520021,817698,899908,4845
1044324,1334043,1676413,1320293,344325,6146144,705466,747453,522422,591908,1583714,1737522,3146
1937484,1689827,2072226,1602173,240734,5715363,499611,763372,592038,659109,1907339,3188185,7620
1677677,1729872,2105361,1611169,358637,6273658,711386,508969,422531,459686,1176877,2552397,6529
1591402,1901187,2416155,1805979,449241,6102481,721994,764616,589837,654902,1166947,1633739,4306
1004430,1349189,1484917,1304003,342339,6240368,697151,726001,514113,566754,1465157,1626699,3098
1672173,1531448,1705767,1332407,124356,5605676,489594,736187,513621,573280,1586363,2606881,6713
1925828,1884315,2437383,1847948,469397,6195345,734097,523061,467877,521205,1548193,3248634,7376
1391308,1757154,2145565,1646989,362556,6321793,721513,740995,518347,578872,800400,917690,3494
1027060,1297011,1275435,1316094,345313,6216812,709747,750614,526202,582409,1591155,1750802,3282
1634318,1664383,2073813,1338605,123736,5014412,498803,761036,528259,587549,1529190,2391372,6012
1712773,1759030,2124815,1624981,359664,5805654,489457,280678,475578,526618,1533893,2537099,6460
1659675,1844339,2414132,1820438,452279,6805108,939860,996158,517211,590859,794156,1685241,4581
1005775,1306927,1279368,1343622,360021,6362098,732356,762623,518453,577509,1511094,1650313,3226
1682979,1746297,2099697,1312277,122764,4813233,485587,723429,522776,584027,1578681,2591186,6668
1645728,1680395,2074264,1602262,355743,6231608,500079,281028,417305,527191,1569232,2468806,5989
1698002,1714130,2106804,1628910,359734,6375193,724752,745718,540981,531493,806838,878123,4822
1046461,1389743,1669692,1582207,346048,6269895,708442,747913,527048,580064,1514608,883854,3114
1634131,1606534,2045231,1331627,232369,5619304,723157,986453,579354,628449,1849780,3088919,6012
1698707,1711445,2096185,1608648,358517,6176074,487866,279140,422192,509661,1535001,2531037,6481
2037562,1917561,2479184,1886824,447382,6282422,703191,743488,618388,622695,1224345,1712359,6649
1033760,1364480,1712163,1630743,366839,6368533,736261,765517,530118,579433,1514702,874994,3295
1703804,1495074,1675286,1035748,122858,5397373,703226,732374,526926,583433,1567579,2593951,6130
1838050,1792748,2353470,1771776,457630,6220961,463280,312764,462097,577997,1833113,3127698,7157
1633863,1731440,2121295,1630186,364902,6490341,723116,741522,527224,528912,825507,888570,4786
1001865,1359195,1676658,1565484,348326,6410800,706955,746313,527681,600647,1579114,886868,3015
1622131,1519508,1660794,1063823,123518,5826202,721676,752252,541486,594560,1505811,2359865,6087
1676820,1703655,2086140,1582568,361055,5594716,267996,279145,467584,571363,1520519,2531890,6385
1634698,1904696,2456013,1826554,463392,6825412,949346,1004645,526314,533260,812498,1714127,6015
1025664,1356637,1718826,1556122,344888,6396989,695518,725325,522340,577254,1457498,1019015,3275
1650362,1514112,1704893,1052533,122349,5543835,703143,730624,514539,568939,1570567,2603566,6624
1572801,1697164,2026701,1562110,353167,5612450,267695,279806,463081,582618,1529736,2406285,5872
1677329,1785432,2149195,1652452,366037,6488025,722639,740838,470770,456992,802814,1690888,6437
1018430,1538728,2063931,1572797,462290,6801121,931101,984884,588072,644582,1560427,1736902,3214
1939187,1515382,1644043,1288073,124001,6416419,733861,994210,593071,647510,1857660,3110288,7178
1666772,1751836,2079699,1597984,341231,5651552,307604,279961,496299,599002,1492573,2414912,6386
1672651,1673067,2053492,1568088,347473,6163409,719820,762183,474879,473355,809963,1705641,6224
1305902,1755678,2500030,1876128,363576,6379278,730333,981824,600238,663807,1481779,1601885,4566
1336057,1345218,1284716,1049484,235243,6208456,701431,730641,527917,591921,1583268,2590415,4854
1878249,1821101,2413573,1824250,353459,5471356,495260,524733,520270,578792,1902359,3196143,7129
1679816,1750701,2133099,1648125,362164,6305995,721477,742826,492869,530190,812744,1699723,4948
1025262,1542747,1835413,1604753,354311,6240152,715603,755407,538706,589185,1207039,890682,3278
1323978,1381936,1300005,1080753,241721,6232333,729358,761845,544545,592660,1537395,2392017,4697
1687311,1699363,2065038,1586454,240991,4769722,269240,501825,528232,572869,1520416,2518892,6472
1967823,1837041,2429736,1836360,463658,6863920,952952,772453,481610,515919,1186306,2510744,5906
994536,1513032,1677924,1606999,355243,6415478,715647,743895,533271,580048,1145187,849146,3037
1400977,1461540,1682527,1062516,234689,5537115,693718,723331,518970,566356,1549048,2558315,5102
1636211,1660181,2019723,1549685,242343,5361249,270633,516826,488024,567126,1536979,2454451,6041
1660478,1672664,2074375,1601698,356521,6376683,706788,489706,414699,456322,1171003,2410248,6452
1317323,1698704,2044575,1807280,462440,6725388,928064,982222,589124,655498,1194447,878234,3094
1311638,1475487,1639753,1033689,244794,5573942,730427,761393,540263,585400,1512168,2371760,4417
1664135,1707144,2076572,1568158,241782,5588771,272078,504796,467376,575683,1515229,2506644,6183
1711676,1616119,2038634,1545785,350351,6125019,722433,518605,447674,440702,1183873,1730657,6343
1693537,1617617,2393193,1790020,363146,6098817,728709,961715,542055,598082,1379695,1523675,4515
1155719,1238090,1259696,1270734,301754,5899114,669735,698554,476762,535941,1476319,1655649,3709
1952110,1711657,2336303,1506465,242245,5378296,501934,743231,472862,603794,1850071,3184829,7231
1705014,1581099,2037672,1549242,361103,6003787,720871,509221,432613,428489,1135724,1701970,6293
1370695,1413064,1966131,1479612,340105,6014663,693313,731651,470060,527343,1135270,899588,3250
1359020,1223843,1229620,1266789,241459,6160206,723288,754056,498226,550621,1470754,1615226,4425
1708186,1641428,2024845,1259813,237027,4789144,488073,503120,489180,541206,1459200,2476927,6362
1966261,1699051,2247808,1681173,423443,6508161,657030,599128,431844,480614,1293860,2285429,7483
1374619,1416534,2053031,1564759,363668,6167007,732181,759982,491618,537879,1122204,866641,3199
1053385,1241063,1621446,1264940,342921,5980377,693334,732394,507079,560119,1531062,1718933,3244
1697163,1391636,1600517,1251128,124725,5358230,506503,762386,492237,552113,1479898,2400082,5888
1725864,1583662,2039348,1557737,364464,5404152,492269,276326,428928,477991,1494209,2529537,6199
1715990,1721553,2372508,1765840,460346,6624918,932582,988702,480759,545182,782272,1744663,4601
1069625,1238233,1473600,1265503,334378,6250808,675179,701808,498746,544092,1405577,1584400,3172
1757915,1462099,1678409,1300353,127633,5534309,494931,733670,491746,546597,1527006,2619428,6845
1666863,1575763,1970595,1496379,349415,5336874,488065,281343,444575,495420,1506248,2444324,5924
1704696,1674155,2052949,1549684,358853,6046377,722188,742562,440568,490106,769036,1659413,4745
1324650,1471685,2012119,1779287,566969,7291679,1141062,1209216,626741,694495,1894132,1631679,3140
1610759,1551162,1692482,1072468,123766,5617485,728624,759370,540666,588548,1513186,2357558,6013
1684779,1714670,2110344,1615530,346057,5528057,269017,304507,477864,581754,1546243,2592779,6595
1657883,1689918,2038066,1559171,350043,6195485,725037,517522,479131,479522,1191994,1694690,6041
1342636,1547203,2108239,1612235,365821,6404962,733904,758269,526448,594738,1159708,896901,3387
1383273,1344823,1297123,1358733,241907,6340481,714379,745191,537100,598215,1599360,1779464,4939
1916438,1886881,2400770,1566613,356422,5643401,491174,512087,552575,668591,1909024,3201791,7242
1662386,1709928,2059030,1564977,363374,6221107,719089,739485,470050,461617,795668,1682108,5805
1060475,1561473,2076020,1585561,353874,6329918,720942,762092,541936,608104,1203258,870880,2942
1335192,1339354,1301382,1303487,230130,6287504,709039,739784,524169,580744,1470293,1653397,4515
1702104,1711703,2105275,1351355,239365,4880055,481879,503090,526202,585649,1530952,2542698,6416
1931022,1866724,2416282,1815438,458931,6792645,718236,751535,461143,522012,1184186,2507129,7450
1054483,1539020,2135985,1637212,361229,6465168,725924,756979,535564,596506,1171349,913780,3404
1388633,1354139,1270373,1052639,240955,6228593,705137,735156,521226,591472,1554803,2573277,4786
1905021,1869478,2378713,1779949,358531,5576601,501157,763699,584276,663617,1552464,2459210,5942
1673843,1640495,2011893,1539307,344158,6195234,541163,509802,418202,517781,1104376,2328135,5929
1358389,1657213,2437663,1807691,463125,6854891,936246,990773,580502,580355,1173055,894676,4680
1339057,1353244,1290598,1337728,357362,7182181,937594,973516,592671,658894,1854971,2327766,4727
1702145,1683897,2072102,1588864,239200,4799575,264960,499985,518223,586835,1528652,2528560,6363
1661373,1722807,2058533,1565819,349597,6137741,724900,526922,422000,471222,1188812,2509987,6077
1370060,1695567,2094091,1599639,363814,6392567,731159,755088,523489,592944,822274,896678,3200
1012259,1342542,1501290,1313730,337572,6335715,676674,705834,522315,587590,1531293,1716305,3139
1902213,1708165,2046744,1582448,242899,5552098,501026,759308,589930,661306,1891667,3191198,7178
1673070,1723018,2105950,1610136,363366,6324031,720205,513378,424206,466016,1155247,2498146,6246
1350116,1705832,2072329,1582519,348530,6192524,709131,750500,529183,596809,825870,904277,3278
1050449,1378396,1315466,1351989,357884,6302728,722920,755536,550229,595621,1516409,1625188,3394
1679188,1676776,2085333,1324914,123251,4832847,486198,735657,518377,562833,1541125,2595825,6417
1956487,1849887,2383250,1798069,445828,6150854,722751,516587,480710,525982,1542356,3212256,7585
1373211,1672865,2111626,1624488,367303,6239410,738514,766757,544007,576504,819348,887779,3224
1049903,1331768,1298461,1357867,352262,6283045,700569,732506,554009,598664,1597259,1728580,3245
1634770,1663254,2069082,1344477,123718,5000361,507364,773167,554940,596255,1567724,2464721,6286
1709344,1680936,2080705,1589157,363244,6136492,499569,279006,430440,501681,1495149,2486245,6172
1767237,1900722,2400027,1811485,447237,6760108,917164,973034,534977,528859,829852,1681064,6025
1020734,1318067,2056292,1836021,472439,6927967,944767,986483,576133,640291,1821035,879177,3141
1666857,1561085,1711559,1071647,122821,5580557,703278,733218,529174,593032,1567885,2568597,6149
1627368,1729984,2070933,1584612,358326,5503620,269945,281542,479592,599749,1576378,2472824,5944
1632172,1767856,2092107,1633014,352679,6472989,707034,726900,482036,468836,805678,1644456,6189
1014659,1553974,2060568,1565272,458929,6756765,916837,966387,600682,662887,1550434,1719866,3172
1629920,1518372,1668858,1255408,129217,5659414,513329,751186,533207,598293,1529756,2431679,6303
1669805,1739951,2070901,1590850,347206,5649147,272578,281844,487017,595072,1498141,2441251,6599
1665736,1741552,2062154,1603029,347813,6435115,717829,760808,490351,479822,811915,1733847,6114
1015153,1551154,2092717,1609656,362713,6466152,729446,760415,532605,598782,1162051,873906,3157
1359416,1366707,1311560,1079663,240447,6262634,694925,726120,532137,600003,1549205,2570307,4894
1915827,1875592,2427469,1811982,354316,5520617,495739,517948,535477,597318,1935269,3250395,7112
1663357,1713250,2105760,1602568,365165,6156241,735520,757954,467972,510594,799775,1678314,4869
1067204,1528365,1973640,1562074,336505,6288986,684265,724666,527277,588007,1183296,941933,3389
1339352,1362489,1296117,1068060,243609,6241540,730733,762460,538356,579758,1523389,2419178,4755
1695979,1715411,2106312,1622541,242299,4988778,267487,506856,538629,581535,1541101,2543081,6651
1951332,1895315,2414155,1842095,454080,6958693,931103,743701,500741,546219,1237486,2497258,6040
1037767,1558299,1721136,1618741,363045,6505953,730381,761337,535349,591597,1149348,877748,3096
1351435,1720566,2082549,1331986,350379,6422336,910513,950607,582185,649398,1551165,2590045,4782
1598839,1720427,2039641,1562130,223683,5080247,270105,525014,551396,616481,1561828,2398290,6020
1705410,1632719,2039470,1557209,364476,6117080,729252,512162,394263,434085,1124237,2437816,6019
1363182,1646107,2016929,1767928,451106,6797337,901559,953717,556878,630790,1145393,881864,3153
1379358,1417113,1602461,1012719,242944,5457858,716030,748872,500765,551903,1482701,2355038,4553
1742057,1626823,2058742,1558158,249663,5366090,271412,495265,442591,547987,1485208,2525791,6606
1644291,1586627,1973813,1511285,348406,5972642,720968,516250,428992,412932,1154407,1694549,5887
1381589,1618713,2023241,1549133,348965,6238309,703603,730825,492449,553092,918975,885515,3323
1387387,1440676,1613786,1275132,351025,5941457,895590,931495,533103,593023,1864812,2529991,4812
1732668,1573778,2044730,1548040,348397,6198677,697714,729407,438857,486115,768705,1727166,5042
1072456,1440172,1618828,1529061,354980,6247675,723000,751005,506188,565250,1143276,882532,3250
1405478,1463775,1664746,1047086,241627,5482999,708128,729584,503862,560089,1487626,2464596,4845
1727775,1577226,1977408,1491613,233775,5405179,271772,511778,437720,540435,1509122,2550037,6525
1616483,1611106,1994580,1515499,346850,6059723,463868,414849,388875,484318,1252969,2293021,5866
2014769,1791756,2773518,1995886,570612,7024614,1112234,1158835,593053,540504,1118175,879712,5950
1377317,1288082,1257255,1271892,243633,6068154,734136,763209,488130,545913,1498773,1670892,4613
1705663,1613211,2046430,1284731,246568,4693568,490172,504301,488601,539596,1473658,2486848,6168
1691637,1636136,2030803,1527771,451195,6718943,680521,720499,452914,578081,1535587,3385800,6113
1351161,1596635,1998061,1532317,362217,6065101,729376,762039,496728,485532,784045,891664,4524
1405930,1285367,1626686,1316059,359351,6602459,923171,953297,544164,607301,1847378,2437155,4763
1691270,1569347,1899080,1259861,221590,4768321,426410,477079,486992,543571,1440793,2292275,5981
1703546,1616502,2037235,1554303,362921,6096225,505818,525692,377809,480643,1102965,2394493,6221
1393607,1612992,2055588,1539697,355459,6025949,708289,738245,488070,472831,774465,884858,4951
1065582,1313618,1635435,1290599,351899,6183353,724587,753750,506492,571116,1519477,1667431,3120
2033220,1614659,2017252,1527001,242945,5360970,494344,730528,529609,591256,1784404,3190396,7651
1709044,1598853,1976829,1475795,342904,5916018,693496,515698,382185,426293,1121498,2551494,6237
1299144,1543099,1873415,1446215,326328,5950543,659864,687792,494951,494068,784997,880891,4004
1071002,1306562,1640489,1286633,362408,6011708,709563,732675,503446,560475,1500500,1690330,3076
1716962,1429873,1633770,1289297,126978,5393254,493672,764129,496103,551479,1545684,2522091,5924
1729455,1625951,2034407,1541132,361687,5507672,500099,286188,437629,492078,1445296,2405400,6133
1740664,1785440,2424114,1769912,468206,6557818,916199,954495,501094,559356,783198,1737024,4686
1053686,1293629,1266872,1272110,352414,6017727,724878,754544,486919,539538,1490522,1660377,3221
1670640,1418827,1740341,1257931,124307,5223328,453617,697717,489775,538916,1410463,2316718,6149
1695617,1621633,2003290,1762394,448727,5946302,681269,489585,501700,562628,1887199,2562829,6200
1648341,1561336,1987523,1518498,362695,6002733,728027,760728,434473,480885,765431,1614006,4398
1059529,1460648,1638018,1535687,479577,6512140,925804,953688,538797,595569,1480431,1717183,3329
1652162,1462813,1625611,1022952,123740,5346193,723082,754144,506765,570652,1546609,2485653,6244
1727059,1608445,2026538,1554622,356286,5484881,272640,283798,441993,540428,1451607,2386264,6041
1699839,1620344,2012791,1521838,335838,6132749,674658,626319,452560,433417,960403,1617808,6554
1367022,1434481,1987065,1516974,363945,6081045,741300,773206,497506,553719,1130368,879475,3297
1737861,1485197,1642853,1272685,241792,5999719,914593,938589,532892,594081,1787347,2416439,6272
1718077,1746531,2042089,1557625,350890,5390974,270531,282866,469114,588636,1557669,2568396,6028
1701678,1733622,2054542,1583432,367160,6164490,737160,766546,476841,451175,817385,1618637,5955
1088965,1554846,2043883,1554065,351793,5939944,688074,716245,502008,564277,1166077,905312,3353
1380905,1314871,1272136,1205291,222265,6025908,695981,728423,524759,574141,1546199,2106313,4717
2075488,1828782,2435730,1550142,349097,5392998,492010,513937,508823,613212,1787991,3157420,8055
1746706,1673793,2034282,1545183,344797,6137796,692190,724288,462262,447965,821329,1748115,6378
1129363,1568683,2028601,1567718,350584,6221115,712126,740293,539516,599288,1171447,892076,3163
1429730,1215638,1233306,1014053,242887,6064523,703660,723657,479534,535097,1451972,2442298,4542
1765051,1688728,2023224,1536428,240864,4772710,269234,503814,523817,582521,1559639,2581712,6230
1667268,1597323,2390342,1803553,469566,6817069,914493,729575,441098,517620,1472969,2361627,5976
1353364,1625425,2377271,1770418,446325,6546761,868908,910715,543360,553063,1130024,909425,4701
1351333,1269646,1221171,993197,235137,5939421,722763,755898,502904,559366,1538078,2475906,4576
1660670,1628890,2000062,1534059,237092,4671016,270392,505129,497225,547345,1435862,2341167,5896
1751366,1587715,2017371,1516437,344233,6030053,689355,506465,390733,435452,1142300,2540506,6393
1370525,1595029,2004022,1536015,361790,6158204,737621,765476,495118,555002,771078,876927,3300
1360576,1274842,1350891,1279077,363625,6519581,908749,931258,526099,584169,1778567,2385063,4586
1703284,1570054,1987541,1515320,235181,4657656,268722,512800,495665,555078,1512990,2550958,6374
1668557,1631340,2033203,1563537,363376,6101558,732588,519243,388947,422332,1136112,2357771,6051
1376687,1627280,2026206,1528696,355095,5978196,696553,726956,490827,546453,761521,877986,3078
1062267,1234948,1237544,1241458,335659,5894763,696152,726567,470862,518825,1455962,1637167,3202
2013339,1788679,2427301,1534302,238411,5462456,503297,756338,487858,602956,1787008,3179208,7648
1697808,1603726,1980027,1499122,333870,5942910,666854,470034,385194,419952,1143071,2098581,6408
1364950,1568969,1970992,1492687,358942,6064325,732467,760915,479607,539511,753422,882839,3177
1396898,1402060,1637844,1545906,480498,6081835,716471,734806,536211,593682,1814631,2473208,4819
1696280,1622576,2003943,1269808,124895,4732114,492835,742027,487666,547130,1517663,2548865,6208
1691658,1559339,2000107,1535120,364343,6085307,503492,282999,388158,476726,1480922,2360310,5898
1699119,1682853,2698105,1966760,569447,6951173,1093112,1138245,559910,585351,1132661,888132,4392
1157858,1274528,1241842,1255495,274726,5885350,685669,717825,494426,550922,1476699,1564878,3276
1681970,1649680,2049193,1283932,122949,4740898,503945,763440,495113,548289,1478284,2446107,6199
1779424,1605981,2008174,1510200,342129,6017428,491277,280531,386384,482626,1521958,2559346,6462
1716301,1592128,1977035,1515358,349345,6120277,710373,736765,496995,493036,792356,913040,4688
1423210,1281734,1663897,1564666,364087,6762089,944227,969339,553080,615738,1845695,1688824,4778
1659574,1605310,1996183,1254239,235651,4712150,495920,522558,487121,546542,1524391,2571967,6045
1639674,1638471,2028210,1548948,350497,5477479,381645,280775,438405,542408,1427205,2318413,6027
1732418,1630641,2023812,1521439,340035,5927316,675376,703976,439918,426630,770973,1703604,6328
1050147,1429142,1990875,1517332,351418,6136150,721320,752481,490645,551522,1143863,881778,3143
1677125,1482964,1683346,1335141,244541,6308298,730186,986408,589466,636934,1885493,3312037,6318
1713814,1699271,2079422,1570616,344131,5474301,492262,284104,488956,530657,1589014,2624282,6657
1640385,1634755,2050463,1581501,365080,6295032,732990,766141,476879,508388,817326,1640226,4540
1035582,1504239,1756426,1602136,366843,6210867,716151,739360,523212,563279,1168143,877983,3244
1310523,1348927,1345567,1089685,234997,6208113,680308,717331,550711,602834,1540046,2407266,4619
1963304,1871499,2484642,1858058,360092,5606220,496378,528735,530921,588664,1840359,3167750,7526
2042819,1873187,2505011,1858109,462840,7017615,909172,947452,535879,530872,831889,1776473,6500
1019767,1538593,1670639,1573705,348881,6368511,713324,741703,538702,605919,1184904,881090,3181
1338957,1600794,1730609,1087678,245885,5648529,727954,750838,530176,591351,1529872,2516115,4718
1676472,1732912,2084245,1567420,235941,5577449,265651,507967,478669,583715,1583041,2613415,6400
1596351,1645753,1963027,1515438,341847,6128618,693326,486636,407223,446973,1155956,2042266,5754
1391578,1582489,2015463,1805007,474196,6638595,911583,937599,536074,596474,1135974,887912,3275
1384833,1467951,1621541,1021705,234608,5334425,714944,756169,506401,563189,1507090,2487897,4657
1690877,1609209,2037426,1544562,246127,5355724,270586,508991,430269,533120,1441383,2384168,6147
1732392,1671521,2058982,1537857,348089,5959631,691995,499921,435637,426432,1148099,1724685,6451
1352470,1464701,2003772,1534683,347204,6113010,714170,744246,527450,574504,1135478,855233,3051
1482965,1458527,1635440,1244689,287715,6076171,915269,939058,535493,603684,1766177,2383805,4817
1696686,1579216,2000365,1511776,234297,5489771,267766,507125,444743,550351,1527064,2557400,6202
1704138,1605730,2043256,1553369,368483,6246250,738058,529746,439501,436530,1132993,1671040,5947
1398606,1431699,2077140,1588051,363651,6164085,709732,732144,495296,546837,1131932,870963,3376
1364057,1273342,1267880,1280370,234322,6076409,704759,745460,493064,560594,1516285,1679708,4680
2038355,1634194,2036741,1537525,237497,5386705,505389,749236,536989,602082,1789654,3188130,7476
1688590,1568151,1963100,1486921,332079,6020566,583026,507700,371065,467536,1097803,2485139,6268
1649931,1766788,2376823,1786516,476902,6872492,954801,993669,483192,488295,778582,1605210,5663
1085131,1268614,1624379,1281766,347937,6058718,681825,699558,480881,538990,1435584,1669736,3168
1710619,1433064,1623551,1268490,123430,5362312,483876,745235,505846,562828,1527153,2548285,6308
1975625,1748308,2373729,1788032,471265,6053502,726754,513698,451232,501641,1472807,3041508,7178
1689689,1582028,1982924,1492708,347129,5325344,275045,287317,441553,550034,1496466,2421759,5962
1707038,1632291,2039146,1556000,361420,6112504,728536,727581,428246,428286,858383,1668010,6124
1353982,1438147,1989465,1480478,342400,5877182,695431,733997,485189,543479,1126681,892079,3286
1353745,1239135,1223572,1253451,237852,6022526,716798,747001,487030,540480,1462728,1623598,4476
1711994,1694008,2069196,1292300,242835,4760576,495095,510766,502109,561928,1507154,2527170,6301
1989813,1687225,2309103,1713121,451235,6495248,709641,751778,426314,464801,1112239,2500747,7389
1046757,1430932,2026758,1543480,367293,6114329,740804,772502,482525,534249,1103952,866869,3139
1385160,1286297,1261078,1083078,240501,6000514,706132,734189,507959,556987,1516726,2497460,4641
1659587,1580616,1952901,1295262,235766,4729955,440158,491064,481016,542879,1450159,2332554,6079
1684300,1618358,2028401,1547563,358818,6102121,496287,511977,394427,486880,1112792,2403546,6096
1996441,2000891,2765900,2023138,569476,7221433,1145313,975289,522294,572587,1197490,2611380,6129
1021577,1351125,1303310,1361235,363114,6318260,730982,763080,561936,593612,1524065,1594542,3203
1673205,1705519,2108642,1348335,236650,5617941,700530,957654,600753,643758,1916946,3403100,6449
1653353,1646623,2048715,1585490,352480,6178126,497096,286021,427055,524924,1569338,2490536,6033
1640395,1718004,2082327,1616980,346777,6285866,699468,722517,484499,518741,797869,1277529,4622
1031396,1500189,1691220,1592456,463593,6842691,912875,953329,593510,641766,1566607,1734120,3278
1640533,1644965,2013193,1303147,124061,4959280,505184,751314,518760,568249,1536975,2430730,6041
1728470,1720556,2134101,1632163,369991,6464567,504429,289189,411405,513174,1537717,2540409,6474
1651296,1683191,2069419,1575454,348944,6280037,713028,753952,550551,527730,839774,928921,4961
1060831,1327566,1671859,1589801,359058,6457825,725313,754769,542711,599058,1528496,887041,3101
1473379,1563294,1717915,1082879,186589,5690141,679977,708172,542068,598198,1518014,2456674,4863
1920388,1850583,2409367,1800941,350602,6249066,501604,519492,466638,582387,1925176,3272701,7251
1643295,1772389,2132442,1641532,368047,6486586,739683,765362,541131,529973,825853,852698,4527
1048586,1367603,1739180,1596262,353768,6303629,706170,734668,526160,581971,1572137,896035,3350
1667912,1513423,1684679,1061150,126654,5768418,747053,778460,515458,574169,1549370,2469775,6079
1700861,1718924,2123703,1608918,366963,5571080,268647,281947,471644,590954,1534567,2526604,6405
1915560,1882454,2369875,1756174,440055,6811527,892202,811822,516717,518273,1050027,1606821,5887
1007594,1388542,1684570,1597246,368248,6365420,741395,772601,543335,596883,1532308,852244,3028
1663694,1582501,1725933,1069864,123741,5546773,712153,741634,530700,584853,1550919,2570131,6206
1636720,1662566,2028131,1534906,452438,6299484,482432,505827,535622,649554,1907712,3202283,5842
1669879,1718483,2101860,1584528,367781,6297631,740101,763869,456995,444005,795310,1654944,6131
1058610,1553363,2119196,1672238,472480,6858614,930288,970118,584111,647788,1587995,1674108,3483
1655784,1491864,1678859,1077713,123627,5614933,713139,752438,521271,579277,1533057,2442650,6272
1669847,1737593,2111028,1602472,362772,5614993,266501,279260,467808,579189,1514683,2502866,6254
1657249,1682933,2089349,1584232,355872,6362630,727508,768856,480538,460821,832863,1762013,6193
1022033,1536207,2070635,1603195,355147,6438768,715825,745518,540832,591878,1144824,877491,3193
1673480,1533801,1657597,1301433,238579,6018341,704244,961775,549298,615473,1877586,3403844,6047
1650926,1685342,2041332,1575701,349888,5553638,489880,281332,469282,540947,1565943,2501007,6102
1607566,1754640,2071608,1606033,348281,6258309,702386,728758,470992,464150,796475,1671993,6011
1035347,1539153,2059787,1558519,351172,6155077,702655,733112,522622,586580,1169953,885958,3269
1314226,1329092,1255620,1039038,243284,6308321,741540,772228,532826,599348,1542801,2438787,4411
1704078,1635169,2055245,1561802,241745,4739840,277259,515302,493462,551699,1458172,2428644,6216
2035614,1752511,2352653,1730885,451146,6555014,917185,739248,428062,475156,1140317,2565156,6229
1047291,1391931,1601085,1506141,355537,6095178,716589,744880,477872,523981,1112911,871800,3222
1324942,1248272,1329030,1008214,238948,5758242,656930,683584,467242,522500,1413767,2384817,4592
1680297,1582872,1986737,1508327,228805,4643139,270185,528406,500674,547900,1516101,2444703,5933
1678733,1649898,2044889,1803191,468701,6729891,937148,735721,438369,486552,1433216,2380930,6017
1371472,1584074,2014583,1782205,456940,6670991,902117,939531,552032,615428,1154212,900924,3291
1355131,1401187,1602728,1016044,239561,5602870,715617,745847,498432,559641,1490555,2380732,4543
1748035,1585342,2012620,1534730,241894,5331568,268503,496497,421649,530328,1442191,2432291,6123
1697597,1588937,1972424,1495019,330764,6185580,673967,490289,385749,428056,1126721,2124077,6232
1330543,1606114,2010173,1540792,360260,6167008,726647,755858,493755,548027,770766,876826,3266
1414006,1493798,1659716,1291494,357413,5958267,916100,956012,533723,597252,1855232,2565919,4945
1682589,1619311,2014536,1541274,238212,5344383,270756,528895,458559,570643,1566983,2537066,6146
1682371,1574877,2028695,1543073,364481,6090680,734635,516005,429786,415418,1108332,1649135,6281
1425604,1432719,1990121,1501586,340029,5971363,679531,708150,481087,545434,1100668,875970,3280
1145477,1268937,1249514,1282984,305464,6184960,707553,735501,519527,568501,1494695,1573527,3706
1729352,1634572,2053478,1293508,126652,4722804,493226,732144,484017,544625,1463818,2470216,6509
2061855,1729513,2374514,1748357,458125,6519169,705445,522569,433706,478708,1493029,2537812,7742
1340707,1452688,2021276,1544033,362701,6058974,731416,762444,496888,548812,1103309,869650,3268
1707172,1396423,1611672,1507291,226759,6011386,680481,936385,542278,597698,1835900,2563735,5636
8062209,3158448,11530768,6883602,3407903,17973363,6909617,5170773,777145,1199693,13884319,25720401,33588
5646721,2941490,8676373,4363685,1426088,15361361,5009912,5370836,1062823,1307475,6841240,12934117,30446
5691324,3933668,8564928,6020954,3071497,18014806,6042489,6188082,912230,909775,4236571,11096205,25912
3271083,3900400,9635301,7612443,4319094,19765254,7929858,7846500,1096755,1509090,8625119,6276425,13768
1740590,3013872,3804463,2743177,1177073,11234367,2455156,2754982,811611,942522,2962643,6032585,12756
9267872,3633865,12212787,7727120,3349890,17594071,3897608,4622871,1213750,1565623,9099390,19009764,34514
1781318,1892833,2450112,1916578,735930,8600480,1228291,1015331,535191,533894,1778878,3639543,10848
2491469,1355986,4757191,3064042,1424178,9229078,3050935,3304290,468881,538162,952778,1521145,8111
10770974,10526574,18041309,12440816,7744670,25491660,16831456,18528238,1972102,2240141,15412671,27951071,33818
20889027,14186691,32696391,19459154,13361931,38589746,28644513,32430556,2304934,2961304,34553685,59647992,60292
565562,120401,818361,473531,303464,1550017,579255,605487,11303,74848,986440,1595708,2357
551118,111011,797950,452601,303387,1492026,578881,605076,1377,66395,994197,1583149,2073
709291,131917,1026050,575606,398781,1675208,763903,797892,4468,75049,1148870,2074710,2481
556747,111771,805691,446290,306701,1494166,584252,610602,10389,53543,786548,1620271,2082
540558,111470,782205,434504,301053,1422750,574609,600398,0,55494,926812,1583215,1966
546857,107088,791844,438899,303700,1471154,579967,606273,0,58606,967409,1601627,2028
463367,156676,671214,379303,301876,1455759,576125,602216,6746,29926,683469,1585630,1882
719119,248164,1041585,578964,300803,1452718,573884,599792,5339,27756,658297,1578427,2816
822807,277346,1190878,658224,394539,1772775,755405,788863,16383,43785,888175,2057934,3026
723533,248772,1049095,580363,301917,1452473,576345,602381,5694,28612,659735,1584410,2608
723763,244153,1050591,579010,302857,1455611,578042,604283,5322,27878,660205,1587729,2589
737561,253506,1068056,583433,303216,1448631,578780,605037,6538,29093,662436,1594452,2274
1297371,7095245,4194543,3410396,630166,3561763,816625,858357,120968,153213,1034936,2450845,6625
56560,19363,81801,49584,23943,169746,50310,53532,0,0,0,141674,146
56320,21150,81572,49044,24069,168762,51317,54497,0,0,0,142253,99
58560,20021,84734,50186,25442,177669,53775,57024,0,0,0,150064,104
60720,21426,87854,53035,25118,186818,53383,56508,0,0,0,153755,111
59440,19033,86169,50727,25703,185476,54264,57348,0,0,0,154262,113
56800,18207,82199,48129,24905,179634,52737,55661,0,0,0,149183,103
54240,19488,78254,46161,23838,166361,50809,53507,0,0,0,141149,94
59760,21114,86240,52238,25098,183160,53389,56097,0,0,0,148153,103
3868960,6232940,5579252,4765293,653703,6635074,3355369,3484745,2840508,1088134,2564419,9115084,8346
28726212,19635036,41575404,15539716,32156391,22874982,59265261,58122290,4193868,4333438,41156952,148280721,15475
34898086,2938362,50549037,34290686,8251505,82414898,15715410,19416006,671363,1215779,39044604,67072231,43636
54731197,1739411,79175047,53668473,13051107,129533055,24773189,30755424,136314,757898,61483493,107331911,44794
54312468,1616312,78691906,53226199,13036972,129489380,24737242,30467226,121102,721423,60944432,107414681,41195
55466870,1647762,80248487,54465644,13275765,131737448,25298515,31296630,134926,723294,62323732,109244093,41659
55548910,1565403,80455197,54464837,13366574,131858274,25351729,31459911,115211,693812,62434790,110620136,42303
55356763,1582523,80082735,54262688,13254325,131837705,25071191,31023138,136062,707968,62230868,108075809,41934
54534129,1628985,78893862,53443938,13057458,129156378,24908542,30782851,125511,717908,61143541,105847298,40536
54634132,1593794,79012965,53479861,13055625,129137973,24527484,30695560,127146,719114,61281790,107049949,42524
55256974,1554337,80002904,54150441,13163280,130373628,24942657,31066246,96901,686512,61944060,108430130,42079
54980111,1607327,79615015,54129492,13067802,129190868,24791196,30643904,135272,729937,61942316,107294234,43080
54606804,1539616,78963317,53566982,12939663,129680626,24550267,30390592,95161,699686,61094469,104823467,41569
55033340,1567147,79528527,53997230,12961878,129134934,24732418,30806926,87159,686930,61758694,106507345,41906
55909233,1602596,80890577,55454672,13049041,129184180,24772085,30632034,87941,694385,63111772,107863225,40941
55276411,1601079,79973021,54541692,12970007,128997904,24604292,30596547,122182,729270,62199158,106048282,41274
51092758,6063786,74588176,51162989,12055931,119671856,23137433,28354824,830326,1628345,57623656,97633360,41959
