cpu_clk_unhalted.ref_tsc,l1d_pend_miss.pending,cpu_clk_unhalted.thread_p,uops_retired.stalls,br_inst_retired.all_branches,idq_uops_not_delivered.core,mem_inst_retired.any,mem_uop_retired.any,memory_activity.stalls_l2_miss,memory_activity.stalls_l1d_miss,cycle_activity.cycles_mem_any,uops_issued.any,br_misp_retired.all_branches
45009881,32295876,77367376,46692503,28007828,144556817,52493798,59809064,6819566,8122066,59649977,193890188,266147
95360,43161,137711,77000,54737,304927,0,0,0,16381,112737,290368,282
1705120,247713,2466874,1830462,375306,2973424,794655,0,0,117789,1653906,3033097,764
40828382,85234339,59135214,47063250,7150949,64350770,14440215,17311406,11294244,12223572,37749582,64890427,53598
37282329,30836812,51261800,35527124,10231509,77082668,15946779,16395639,2542886,3159408,21726811,61565217,107628
22718458,2682694,33286462,25031835,6128074,48717234,11672285,13178002,621967,1019753,18519471,36384995,19069
22650980,2168646,33020457,25095582,5825897,47080541,11053173,12426184,394317,792732,18081580,34872958,18690
22976303,2126727,33005631,24824749,5661606,46147887,11175894,12588258,345021,721517,18097511,36507498,19608
23029267,2167343,33205577,25001365,5875559,46234544,10743116,12186770,354237,730073,18121056,36543320,20029
23013769,2102221,33442421,25128594,5992241,46826671,11368017,12768027,327663,710472,17655612,35880092,21133
22484106,2021531,32806037,24736174,5874712,46181737,11153927,12550148,314078,697985,18014731,35759513,17541
22920287,1976394,32950973,24897715,5653065,46171287,10951079,12562515,309021,680748,18008019,36458708,20552
22945454,2045823,33120813,24880026,5887399,46012935,10871237,12185463,288645,692536,18119428,36724503,19284
22876175,1891180,33067375,24804049,5932354,45925591,11253132,12668021,222221,603232,17508922,36009167,20813
22616980,1874551,33084432,24798491,6039216,46058049,11466856,12867419,222093,600129,17996821,36154385,19382
22977814,1861997,33008062,24823498,5696589,45981214,11049379,12664490,221449,600992,17997109,36769290,21183
22923660,1919565,33118715,24868144,5944642,45542409,11067686,12244271,218408,607623,17989233,36780731,20305
22926033,1903056,33147096,24834354,5927690,45614182,11270651,12680251,209997,593171,17595648,36171382,19585
22552388,1840646,32934118,24800945,5916303,45634229,11260248,12652100,208487,580996,17713562,35329820,18014
23048809,1969125,33042912,24768595,5919575,46031097,11282893,12899887,211522,637133,18412863,38098115,20452
23056462,1904448,33338378,24919008,6030776,46104116,11044192,12252387,220651,603461,18238088,37597710,22221
22947947,1884799,33199157,24882624,5935840,45600559,11236604,12635088,214971,586886,17580945,36149282,18708
22524234,2024959,32871156,24813584,5909786,45544769,11226611,12639733,278328,634001,17754839,35359118,19441
22655960,1794970,32760399,24536698,5835013,45136489,11316599,12760205,192041,572439,17995206,36942326,20392
22968458,1826121,33216428,24822239,5915788,45472530,11060175,12473130,188159,566871,18112900,37386210,22759
22860066,1791964,33035098,24702832,5956500,45503342,11273473,12683082,179857,559565,17529111,36512358,20375
22498335,1726240,32804481,24686645,5939124,45399977,11311588,12732372,162194,532243,17699385,35458343,20860
22729783,1731315,32686930,24678938,5839828,45356176,11282418,12693949,176622,556742,17947417,36335623,20773
22830301,1767385,33025631,24651042,5813749,45106319,11088083,12477450,161410,558059,17941010,36830730,22628
22948335,1749649,33190600,24805500,5960175,45761462,11133072,12569807,170308,551326,17829236,36961195,23201
22571238,1690619,33104917,24635155,6043628,45223988,11477997,12904623,152693,524672,17676811,35407094,20429
22817992,1734272,32869542,24824200,5831422,45951476,11303153,12716222,160971,551596,18031733,36192655,22525
22836169,1713824,33043231,24682884,5833868,44911257,11097285,12481231,158676,535096,17935561,36875675,20958
22957244,1812267,33170520,24829292,5937491,45314229,11098664,12513926,184125,558863,17838188,37061623,21347
22740840,1785700,33018061,24752451,5936465,45396698,11313235,12714574,201234,577550,17557232,35563063,20311
22750233,1814268,32920468,24750976,5938675,46016043,11465582,12872790,185806,565161,18276673,36848274,22367
22960560,1807089,33166409,24755746,5915323,44902379,10882365,12490700,187840,559827,18218263,37464153,21467
20404595,1237313,28505184,19820629,5223884,64836755,10130292,10839069,165939,502161,15781403,37181542,96605
941468,380135,1240573,843287,388536,3133473,757352,796884,132828,164026,378899,1429966,3264
498890,619471,996004,849635,351078,3544708,681841,658668,141513,174607,698171,771928,3014
752948,308261,1013448,453018,200561,1905218,609357,841093,102497,125254,1051315,2877428,3639
6772596,1447299,10625356,6686147,3294056,29718508,4156542,4465256,175591,447966,5429911,14924654,28078
11256781,5352119,15569580,10618501,3424425,31568795,4966139,5771682,1162939,1895352,9595907,20259056,24577
11411166,14062576,16747969,11968556,3267346,30888996,4788656,5739299,1598782,1400794,9509819,20048183,16353
10601672,12680099,15500883,10894820,3084168,28527872,4649710,5809260,1643011,1885825,8813556,19670310,15037
11283924,5390126,15658995,10625121,3099762,28589255,4264147,5232521,1077078,1789480,9604239,20688314,16912
11123980,13727460,16639986,11946094,3233131,29938641,4828182,5677792,1627421,1884907,9041807,19383318,16161
10814756,12758754,15193393,10942818,3166893,28958916,4504067,5514240,2157037,1916338,9123782,18500882,16516
11386716,9616850,16380472,11142808,3030550,30213936,4836792,5814689,1085825,1336068,9482257,21596548,17149
10694225,12942388,15804308,11371584,3149568,30025385,4204567,5397542,1613337,1902595,9047575,19129369,17803
4637471,581494,6523067,4459039,1562038,12515123,2151822,2163508,512961,572697,4024477,9449168,9086
1863929,305963,2081070,1198301,751190,10937611,2071192,2202503,160026,223985,2769090,5382530,13126
27425565,6392599,47787567,26433652,17438733,100008575,28287598,28844609,1338429,1841220,20727043,55458956,115204
25199690,1532757,37007277,23522064,7198212,130136988,13810422,15293819,184733,513376,18852682,47291198,193900
26157909,2149432,38275573,23410006,9760845,114512367,18842808,20272869,321781,798133,23969143,58498507,179002
20917372,2949704,30783698,16259043,10134213,60614531,17955157,18591543,532723,976643,21177471,54531878,78625
15456075,6954025,19941153,13121301,4444955,43988336,8547096,9686231,2473866,2261853,13144140,29689630,42239
13243392,5691945,19633757,10846262,6847941,38113354,11995455,12852519,707575,966190,13339822,33991675,44341
29428188,20054718,42688277,29207829,8086269,135787075,16022857,17451928,4106287,4997920,26343666,51438312,206687
27225798,15709497,39407550,26736259,7628282,127230199,15021406,15931539,3010018,3815519,23380570,48539974,197985
14649915,1517045,21381567,13976662,3838718,78966851,7471503,8190623,84880,565197,10580104,25460088,112307
14342715,1457663,20797830,13770935,3811404,78274456,7390970,8121589,57993,525582,10929489,26015589,109812
14837225,1568956,21244717,13932963,3700098,78091115,7200143,8149099,118527,602455,11214921,27253243,111475
14703627,1339798,21178742,13871590,3814799,78556483,7405184,7900313,21634,478776,10624469,26695142,114329
14741747,1399701,21449216,14009436,3904969,78962646,7371109,8098148,14828,505175,10726712,25986074,115913
14301620,1371303,20724787,13752846,3829669,78334664,7423984,8149547,6074,482813,10835877,25913448,109962
14694483,1336057,21190977,13779435,3587326,78207702,7188239,8105409,12637,477121,10917120,26816334,113528
14831917,1411206,21379829,13938182,3905803,78648224,7380990,7893118,20219,500066,10932663,27222006,113175
14523303,1368766,21210119,13872853,3805628,78506793,7395812,8120268,22203,485694,10405646,25238081,115338
14441023,1313618,21085574,13943462,3909024,78966775,7570802,8317941,30869,500512,11190851,26028089,116602
14705959,1392208,21233714,13826951,3582942,78440504,7201421,8142058,15932,501526,10930732,26635100,115404
14781971,1351520,21334118,13987048,3822515,78959383,7188024,7696680,10693,487621,10954164,26752739,117958
14833450,1539669,21606248,14137152,3918360,79284364,7616872,8374132,93661,582782,10842172,25373440,117653
14300330,1368972,20653113,13674111,3775696,78208795,7386971,8098352,12810,485594,10787782,25748342,110531
14608308,1371773,21082940,13672664,3572233,77656833,7162116,8090390,7274,486040,10863136,26692188,111003
14675342,1384217,21204242,13810918,3901720,77791207,7163156,7657970,19427,488656,11069097,27164701,110742
16220275,4471089,24238195,16406990,4347829,85984556,8512736,9261818,791465,1121644,11152027,25899857,122338
14707630,1490948,21247942,14113017,3795399,79389911,7560082,8297279,76809,550429,11228072,26007365,120211
14786628,1446071,21351336,13919643,3680619,78375039,7146893,7857750,53055,526045,10898216,26583792,118221
14659895,1412537,21200336,13885010,3778385,78398833,7105068,7708924,31805,495220,10720861,26443830,115710
14567982,1353068,21042198,13761783,3774184,78072004,7353418,8082957,11192,480504,10352591,25089908,113363
14290883,1320903,20881105,13780288,3793726,78174456,7382423,8103482,7229,479159,10815917,25162119,113584
14663377,1367590,20940977,13638603,3564363,78040268,7351969,8074640,19789,482884,10870801,26643173,113981
14703653,1351631,21244568,13842452,3896866,78092664,7142721,7853640,16121,483524,10821717,27142522,113232
14451732,1346562,21115163,13783244,3798195,78181220,7371261,8096216,17536,477108,10363565,25183285,113593
14287265,1330092,20895404,13739749,3784205,78492356,7348120,8070733,10812,472779,10817366,25667293,113653
14628001,1378656,21165645,13737880,3676726,78306421,7586100,8321506,10785,495613,10850455,26497637,113805
14641059,1389385,21146744,13806264,3805618,78388339,6968340,7670678,14813,481991,10839521,26591931,114012
14587920,1366486,21235970,13845551,3890336,78465197,7582713,8330041,17030,484329,10382512,25846554,113700
14306452,1370423,20934757,13749283,3803797,78422278,7389792,8130738,12689,486113,10829440,25848333,113568
14634800,1358602,20943196,13727629,3570795,78195147,7168488,8099151,9934,478548,10891340,26679834,113786
14565581,1342153,21062689,13766115,3792481,78054645,7169384,7670991,7880,480617,10819663,26525576,112717
16085632,4471597,24016292,16160110,4364681,85587645,8528943,9272196,762235,1050641,11040070,26463872,117463
14383539,1566535,21247510,13953313,3898249,78570534,7556201,8284919,116035,611001,11033951,25880383,113556
14564672,1502407,20858307,13685372,3567256,77446224,7168520,8101710,74027,566186,10889557,26445351,107990
14717339,1630593,21207298,13894327,3794054,77853161,7147298,7646749,172769,643718,11016825,26606443,112827
14661510,1406199,21137855,13838002,3774276,78315851,7356599,8087491,18069,500469,10383691,25825628,116625
14386178,1482435,21037982,13889765,3801800,78683662,7411674,8141637,55841,545051,10678615,25211342,115370
14510566,1527536,20780739,13722689,3679029,78151179,7338901,8055712,126236,583088,10990444,26711603,113721
14891153,1603016,21476683,14071018,3779933,78192173,7152863,7873011,160618,636576,11296477,27191285,116955
14624667,1371316,21138812,13758212,3803947,78099989,7384268,8093664,17656,485381,10386473,25879695,112366
14203943,1430538,20780685,13709051,3795189,77353337,7367260,8106289,62857,543428,10654477,25249516,105460
14512804,1623837,21001496,13732120,3681694,77255115,7377729,8097210,167931,643537,10968872,26459964,109633
14654969,1460034,21362493,13933455,3807091,78243483,7164970,8088563,85556,553344,10967294,26716270,111284
14867203,1594399,21450957,14040172,3896484,78476503,7573844,8086892,158743,636414,10841236,26148496,113901
14317515,1363288,20940406,13894473,3914504,78442369,7606612,8328827,29557,515908,10864536,25195169,113714
14517980,1528216,21013818,13715709,3673024,78014539,7343502,8088223,91008,575478,11017620,26614137,113722
14668691,1569718,21165231,13889127,3673164,77859538,6922452,7852987,140373,621350,11042168,26525577,113285
14622922,1435330,21115608,13798223,3802217,77865206,7356417,7851876,85825,548016,10690290,25892776,111388
15795160,4220710,23707036,16094632,4405904,84903862,8658041,9488502,882879,1184490,11731785,25541876,116278
14401361,1439107,20679902,13484804,3575150,76961126,7333014,8055800,70278,533975,10750088,26295121,106775
14654547,1556443,21167810,13834398,3677205,77411442,6937046,7861309,105687,588669,10920240,26646930,108776
14555545,1367116,21071221,13793794,3778684,77944397,7334331,7838318,5885,486490,10574792,25765299,111620
14650257,1416975,21410570,14052838,3799844,79302898,7372683,8082141,21779,503557,10645283,25196491,120404
14552864,1335653,20813926,13808459,3678409,78753844,7349197,8070040,7327,489966,10817317,25892438,115793
14919121,1365972,21522683,13983706,3812515,78995063,7176114,7891044,12343,501441,11112915,27255453,118613
14609334,1352146,21061502,13778311,3793047,78188735,7358195,8063839,13809,480582,10318984,25803283,113393
14364204,1392036,20981997,13687800,3776720,77643441,7367948,8102599,22679,493645,10581956,25061279,109481
14492557,1386866,20736157,13727198,3690367,78386707,7399094,8118594,10017,498360,10883413,25946035,114229
14794545,1354265,21357475,13801469,3793928,78051528,7338214,8070348,11414,489457,10886698,26724562,114176
14766210,1388002,21300432,13870742,3913915,78630652,7386485,8094620,16117,490502,10634063,26566118,113525
14440547,1356338,21318097,13987144,3819533,79014194,7412746,8128306,10012,499628,10605684,25243955,117773
14633060,1370688,20929828,13852859,3675358,79013638,7343242,8076633,34165,511991,10917712,26678420,120298
14780740,1504802,21358673,13955021,3673866,78663556,7152667,7857743,73691,572480,10937728,26450837,119670
14713704,1364038,21270950,13943412,3810939,78547036,7178801,7895657,12845,490150,10601602,26599429,115691
14511137,1367104,21388473,13936812,3895489,78711167,7580411,8321998,20057,508597,10659676,25154239,116367
15659177,4067065,23303972,15940694,4241602,84914948,8525661,9310522,850077,1149521,11623952,26780479,112705
14566548,1479143,21048635,13774966,3686952,77194426,6942353,7863892,89526,549977,10902323,26636153,107923
14796726,1635243,21376822,14082218,3796932,78428913,7386688,7892732,166672,639613,10824325,26597456,115116
14580297,1447331,21313868,14007706,3806051,78743643,7382351,8097408,80449,561742,10460125,25186402,115996
14429764,1459760,21104066,13932240,3779567,78628449,7337091,8074944,74729,555332,10919245,25854166,117888
14988743,1526291,21423559,14083242,3678915,78691698,7167535,8094394,104182,585409,11192589,27212065,118667
14891985,1623805,21511227,14159999,3811601,78843126,7375863,7875335,166043,628592,10821283,26665558,117953
14632831,1538967,21324209,13973317,3790530,78497071,7365919,8102473,119431,593973,10592237,25286504,116394
14297381,1409283,20677793,13742927,3808747,77959574,7391993,8110015,54666,520943,10864479,25823371,111679
14614069,1640622,21018463,13760837,3563112,77379001,7131637,8043279,165583,635552,10981435,26506964,109798
14933563,1336601,21546226,14004520,4020012,78648972,7588138,8113200,21625,496001,10896481,27239393,116812
14473354,1361161,21137269,13826591,3787664,78302844,7365902,8081809,16826,493353,10405526,25150624,115679
14476111,1579926,20963367,13987375,3791167,78797288,7369948,8099931,130710,608478,11022908,25916072,117273
14633336,1349862,21147125,13768661,3555754,78016256,7160005,8112438,11277,490141,10818299,26421334,115883
14565383,1323300,21012151,13733182,3792611,77936076,7142578,7642803,6272,464095,10823537,26568431,113501
14564375,1368883,21207040,13769290,3878504,77748964,7547050,8281616,18648,479074,10353180,25385918,110375
17300816,5473639,25237774,16530117,5158080,86715472,9570346,10411822,1425121,1782697,14740718,32995247,115333
23687706,7384219,33457804,17651467,12796901,47320545,22414372,23874478,997479,1486172,27260302,71563723,49345
23050962,6669195,33213528,17876475,13481189,49295643,22953185,24174892,868499,1326245,27212591,68788345,48491
23563024,6626928,34275468,18165336,13875177,50445828,24191632,25472846,830974,1297246,27142206,69259700,47897
23527509,6383793,34431903,18361860,14168808,51029971,24112975,25593473,822489,1310940,27840016,70648664,47825
23873768,7095797,34462041,18090146,13593917,49877463,23980367,25227862,879824,1361354,27660252,70845450,48543
23702631,7154348,34259201,18237567,13911876,50814814,24015357,25222070,861421,1357925,28179770,71481147,49668
24139377,6769525,35030074,18479991,14236915,51359481,24671719,25861702,843325,1327941,27854661,70744157,48517
23829008,6219775,34632312,18340820,14081705,50998939,24410523,25656272,823232,1305153,28111087,71051036,48376
6054075,1865367,9581173,5526203,4100436,16607995,6909731,6918418,248685,393238,7842084,17468371,14830
9424093,2964153,14127799,7975526,5964435,23403573,9738144,9876344,506153,704596,10687174,26317199,20478
24102747,6503991,34766019,18467567,14054172,51011938,23875722,25460621,772050,1273558,28204981,71971066,48837
24556172,6748673,35360893,18626905,14388642,52074465,24816190,26142397,790050,1282711,28093457,72720022,50350
24303387,6464776,35102058,18416415,14184932,51454774,24516582,25440359,772813,1249376,28336143,73332111,49249
23851250,6765635,34542002,18273212,14069008,51144070,24279190,25625191,803231,1283314,27661130,70462522,49328
24068228,6285509,34829497,18447816,14009816,51684173,24380570,25856898,781274,1270541,28487382,71999319,50554
23770870,6357430,34513285,18217703,13977264,51324643,24492380,25812443,753629,1236851,27533303,70356385,48947
23487543,6235390,34034907,17898577,13603334,50147314,23608714,24620963,735877,1208013,28055390,71280267,50675
24212147,6299863,34945658,18322438,13953998,51051499,24677426,26211447,759152,1236565,28097925,71723285,50731
23687133,6603178,34091230,18090607,13796987,51046899,24007103,25526147,790649,1267994,27627405,71259568,49692
23896457,6442163,34543721,18312265,14158172,50938286,24051414,24986554,732743,1227620,28148421,71298292,50119
23966502,6292634,34920126,18327157,14092848,51025287,24454009,25787329,755119,1249423,27857277,70829184,49877
23801499,6074379,34394780,18191457,14072066,50798385,24300536,25613982,714976,1198435,28150121,71573465,48650
24015952,6327126,34950916,18337796,14033979,50937569,24560192,25879162,766253,1263609,27988661,71586770,49337
24207345,6496599,34703080,18235167,13863030,50787710,24437372,25743373,842970,1325381,28253028,72348119,49510
2659373,700148,3464762,2052825,1393975,7144266,2252875,1883139,93923,116901,2002964,6772490,8339
6420323,1468628,8567010,5978640,1866319,19240202,3499382,4027009,510211,644727,5219861,12880496,16654
24315369,4269669,35626001,26316254,6539938,59600096,12866788,14452457,1134428,1626180,20101542,40100075,42946
22917594,2345527,33337237,24979929,5998767,45110004,11342010,12777103,313433,718506,18168285,35906835,19617
22701810,2414366,32772814,24793126,5929443,44182932,11318804,12734735,334226,735458,18292129,36257236,17548
12384341,1477979,18114177,13224978,2970072,23109006,5692887,6604696,212633,422976,8709960,18962328,12470
1021466,476236,1395554,832960,454300,3202195,662467,453611,90690,114188,911988,2226203,5027
610736,348485,1159616,719204,343449,2823310,659704,672294,111897,144870,600282,703604,2633
1039707,1067987,1968842,1970370,541947,8975543,1163202,1244790,435351,565129,2202155,2209279,6358
5802464,949559,8618772,6405614,1578733,11382021,2363123,2173145,172110,241374,3057423,8455719,9030
23409201,2366310,33897136,25429131,5897641,49309712,10962645,12335698,341258,762268,18054688,36628482,23349
23395747,1978115,34006152,25434762,6065566,50190043,11512445,12921593,194828,598727,18053990,35352692,23896
2288912,614096,4817243,4304092,1165783,9501567,2206924,2392798,150919,199214,1836726,2465543,4107
20486056,2128074,30581032,22900589,5576528,42551965,10387495,11431238,324205,622596,15223084,31241503,18870
22071117,1946443,32197803,24240716,5868914,43807816,11092303,12471023,202392,564946,17629596,35630403,18726
22410013,2014768,32217158,24324993,5621819,43741120,10889743,12491754,221346,585596,17672931,36282584,20872
22296533,1976420,32274192,24187643,5864393,43264964,10893434,12054128,188724,555603,17622853,36198953,18963
22426591,2024490,32537729,24273911,5973691,44160334,11312836,12710914,196421,550155,17263759,35760569,20337
22088538,1986979,32138145,24134068,5850450,43914321,11085539,12452227,194137,561171,17718617,35682055,18955
22506318,1970082,32293513,24323157,5775340,44343590,11124282,12698163,221520,586396,17947837,36447520,20160
19319424,1929063,27205161,20057360,4839177,37565089,9375295,10489074,232061,545485,15614017,32279774,17973
4738926,1157359,6309866,4212392,987999,7464713,1683693,1834420,316016,366269,2511130,6556200,5775
673813,206352,1169028,795056,463130,3079045,876159,907452,65318,54028,743033,658199,3389
519318,77027,684446,291278,176479,1675504,637214,660758,9364,25345,710718,2028539,2725
683866,81287,935498,501605,218671,1667541,206930,441742,5365,18281,706140,2140021,2959
624209,62084,827317,428351,337348,2161704,656398,469662,28096,39826,561795,1600031,2559
464932,185187,677018,496661,305867,1705554,577375,600667,5113,21338,595054,1607762,3298
456033,166911,659823,427044,398773,1845233,751993,780546,1835,18364,759003,2058667,3128
423587,154685,610514,391723,306969,1593184,576859,600086,4392,19085,589651,1603738,3167
299007,117262,430032,274380,289887,1300070,546818,566797,6053,20043,548383,1482320,1921
289529,113865,418998,267302,290513,1300166,548887,569009,4060,17838,545293,1483407,1911
311203,189102,448629,301176,287977,1255950,542985,562705,7716,22694,546312,1470216,1945
292470,132818,427047,274397,290871,1291586,549141,569226,2062,16207,542660,1483854,1965
343533,126421,497798,320684,383939,1516675,728337,753812,4507,19921,718144,1947008,2268
303822,112509,444476,292599,289471,1263157,546868,566890,3226,17311,543906,1477772,1831
629012,423886,1143330,784666,498433,4101780,946510,752200,89996,117278,944431,2388397,3454
512968,173642,953591,608584,367602,3389595,726934,753750,66459,95414,871333,1626511,3442
1057537,167587,1093475,613641,238805,2561972,672824,699108,4225,32651,1044733,3106853,4205
962615,174587,1286578,699818,471060,2546124,715787,513046,8262,36662,811118,2989143,4063
614670,161766,1095807,610443,366710,2566150,709477,725960,4717,32293,312523,833769,2814
431328,147322,610595,500908,348848,2522470,682232,716108,8583,36101,816882,1603939,2799
1773002,658074,2525455,1623269,680538,6812592,685837,478610,25452,192556,1637138,4383995,12639
23000439,4083025,35838662,19604571,14222020,70021499,20407235,20791295,619599,1271608,23756825,71550230,138145
1214142,453405,1666588,1045431,482769,4494587,953724,752725,109594,96820,677499,1694241,6360
498009,224761,1061235,876402,365923,3844116,712013,727198,92156,136156,936989,923447,4093
1184224,346677,1761217,1379768,542286,10602689,1591233,1705042,217010,292336,2449149,4487649,8361
9382218,2196394,14248004,8745068,3009223,43612266,5181693,6248723,256545,523922,7738374,19606302,66789
0,0,85485,51805,25047,191042,52428,55061,3287,5690,61723,0,0
0,0,90684,55163,26853,191616,54510,57396,2918,6615,66984,0,0
0,0,92154,57178,26906,183699,53839,56722,2487,6774,67806,0,0
0,0,100184,61736,29798,196910,57946,61129,3049,8605,75365,0,0
0,0,98947,59994,30335,198464,58013,61261,1748,7579,74259,0,0
0,0,105459,65740,31683,197695,59569,62930,2909,9101,80594,0,0
0,0,100638,60987,31898,195930,58912,62310,1905,8292,76613,0,0
0,0,100646,61194,32030,188615,58472,61879,656,7721,76349,0,0
999450,548563,1949556,1545316,815471,4352549,1782321,2100267,201466,272588,2742719,2747786,5993
1078455,667974,1498077,985672,395022,3604761,515480,283031,37137,138010,1097970,2559555,6680
1081811,601021,1467201,930821,385489,3391015,726243,754163,124974,119152,387217,946470,5459
486713,221271,1061032,904208,385123,3373567,758867,789315,130657,177376,1111901,941971,4067
3756069,1991865,4515887,2846264,775578,9161866,1295499,1538243,545381,656428,3180682,7501559,27943
1817288,1009157,2420837,1667974,563288,5717587,575749,596625,194185,345983,1444707,4263635,12052
1576665,979467,2204697,1601388,405350,6923391,780178,547957,277378,326122,1126990,2795142,10801
1723119,1079745,2346044,1780916,381810,7906926,738393,777209,404842,418472,841644,1147547,10153
645888,328236,1259752,1138285,397831,4495868,763874,793272,205211,264648,1238805,961899,4605
1806876,955704,2076216,1261535,265905,5887503,762003,779965,362912,432318,1757632,3727090,10366
1569674,1063422,2164387,1620476,383486,7176709,514703,522622,241218,378298,1184016,2870558,9523
8298006,2262203,12402598,6727184,4658630,18620988,7642065,6636182,561648,920419,10629647,27869714,33812
13762591,3269312,19509167,12049972,10234499,32045999,21327550,23062458,1108141,1443460,22383552,42829824,46876
9644849,6408161,15115340,7283283,3976305,14277504,7260949,8668500,950354,1218867,10106211,27818384,35804
1316381,660059,1841323,1299265,389957,4873755,265852,278155,118068,256979,1249409,2610184,7480
1654224,791064,2227538,1513719,509039,6393322,979593,779953,129916,209861,969374,2795417,7820
971499,712111,1890273,1654333,573793,7038350,1090265,1136559,208120,273582,1032809,1751350,5653
774045,220336,747406,510969,260094,3510485,734319,759973,85928,136200,1067118,2673153,4078
995148,382881,1369634,860592,254526,2570735,267595,533788,77798,125738,1071458,2583454,4694
1006248,408035,1404285,879116,397217,3453828,763052,529069,21933,60108,696395,2478487,4398
23664545,7583548,32776591,15777591,12121721,28834623,19586648,19123075,1066324,1585268,32500732,85306200,75831
461703,49475,436169,207244,206247,314180,22806,24661,201,7080,410058,1611333,1088
375855,38442,422035,197432,203654,262265,16343,17485,409,6295,401382,1308178,704
15487626,5263793,18031470,7927298,5316058,18237585,11641489,12564576,530261,909742,19042432,55808661,50750
1175721,590159,1617383,1080326,398553,4522216,755846,525999,64383,108291,801927,2696538,7546
1432420,1076465,2411606,1692118,520741,6685236,759915,808849,311135,430013,1061437,1992808,7904
3228527,3420687,6394058,4018877,2132478,13536335,3930347,4040416,807954,957359,1736109,2169548,9797
44669617,45633639,67649159,36032932,26512140,64969717,46668865,50556042,3949009,5695140,60387140,129757379,135027
38763924,31028367,53404486,28069463,20512491,56050208,40974258,44505973,4590320,5905325,54248678,122969364,114820
55895151,35403413,80996564,41574777,34333266,75764623,67037548,72718985,4007475,5401116,75712469,171788363,148799
60306135,14533182,85120609,41312449,37792812,69966561,67881426,69753806,1162001,2697314,81785746,201338426,155341
3632950,969628,4813575,1653673,771384,5353131,3608045,4489203,297645,408791,4313599,10789218,13183
18039373,11483867,27885405,15714592,11271994,38021166,20092411,19596839,1904184,2280686,17595522,45646687,57172
21832919,11843845,31416138,16499779,10638828,38525137,20598441,20568908,2188726,2649886,26414720,57488562,65409
22833284,8199835,32151505,16164001,12554354,37731145,27132743,28828558,2108812,2646767,36544888,78250099,72098
4386577,3040173,5375638,3856393,2983427,13892261,7041450,6895486,772480,841938,7781456,14740097,14928
33907601,17584771,52791162,28094648,24301798,52334520,41781007,41704932,2168165,2989528,51108102,109495865,98205
26565039,11748907,44411652,22401614,17750005,43538210,33861837,34095970,2094602,2587660,28397823,65941399,79791
17288043,13465472,26159906,15439970,11298277,35915017,22255082,22879679,2394281,2525797,25052841,50747301,57467
18846154,14054911,27861945,16488074,10118116,27395878,17943129,22157570,2004829,2319421,21442489,46442808,60916
19790481,15583332,24739608,14611891,10603425,33188118,19526991,20495984,2970817,3514315,22831876,54340413,65387
51971247,37328647,71848564,37517646,30485673,67962414,56255135,57393604,4657501,5920205,66951952,160315741,140918
31632830,24225521,41202169,21123214,15748899,46529430,35176908,36705824,3211196,3938701,43340062,102462050,94669
27423207,14995275,37682493,19705582,14556938,42993958,28608383,30137590,2548183,3120812,33976355,84980486,91198
27015426,11275892,35786786,20963287,14630625,47330668,24245148,26438093,2879037,3620321,41390572,92692895,101493
22010266,10326474,31569549,18234073,13043882,45249322,23387959,23769074,2481860,3194252,25646275,58369901,77165
29345168,12848429,37745030,21755617,17077890,54326219,33076955,31014461,2621911,3470747,38425777,100202358,98462
28333935,14162107,36182752,19351451,14682273,44550786,28143152,28606164,2527141,3240148,34728941,86564291,84858
31355727,13759173,42909451,23369934,18247197,49212924,34389350,36414087,2524321,3276363,47089430,104143127,100347
25230907,13499285,36580685,19163842,14090001,43221845,27411686,27590329,2396723,3092159,31833519,76423151,83668
17845408,6968958,25068179,12991214,8568582,29635335,15998761,15250351,1519375,1724567,22539562,51317457,75443
16068485,8107208,24667642,13893951,9743411,36561644,19883323,19446310,1780792,2182987,17764804,37093193,56415
19973904,12466096,28428955,15041200,10330655,32766894,19900362,20271695,2225883,2615373,23880461,51218571,69554
1401247,687258,1561721,924749,126499,5071435,761731,801047,284687,352899,1417498,2883982,9960
3034029,1867856,4149188,3362654,1582346,10578229,2594282,2322676,496625,507845,3206924,4762748,17943
4035537,2069060,6047806,3776404,1523181,10870807,2754794,2831684,575495,607172,2964219,6513629,20725
3065009,2387061,4337897,2770944,1554841,11744479,3418552,3558681,730099,840535,2474336,6072788,13539
45681485,27304857,61855754,32175710,25520790,56961524,48622455,51413316,2908971,4106753,60216803,143795163,125648
22759609,13710802,26575229,15336401,11509562,37810024,22041597,22100303,2603917,3129891,31327301,72632291,80265
19503305,10679380,29253349,16988805,11172409,35068207,19232622,17361563,2102510,2603794,29044069,53030758,66149
10425989,4426766,14023047,7568205,4913534,17993150,6496366,5489641,978111,1225658,9830070,25747510,43558
16873716,10704597,23090341,13145986,7462803,27575243,12675665,12260766,1784883,2145322,18760942,43710736,64640
19642932,11171500,29229669,17031034,11997725,41159188,20366191,21493700,2278937,2796047,22845748,57247811,70328
18514301,6896996,27466161,16481220,11650351,44215146,21171817,21876391,2167151,2633465,25057821,49086365,78860
39682270,15996929,50588435,27255605,20132769,64757034,37857412,39945248,3271976,4244254,55597522,133603576,131568
28864632,10659045,41003198,23323005,16057236,61135402,28094490,30203967,3012395,3752314,32056929,80700456,108981
33138259,10600836,48341569,25536124,17782671,61410115,34119428,36255082,2866486,3470149,36307041,90749347,109754
19050374,6349245,26736989,14654670,8610192,34620626,17140681,20052214,1948301,2377919,23491802,54660476,76912
28546413,8699949,40867869,21159535,16025823,48390177,32044599,30989060,2355069,3044895,35934536,83454385,91483
19868489,7851586,31518993,19654604,14286183,45895795,26015092,28018306,2252289,2836902,30135227,58129861,71331
21722989,8295589,29475398,15402259,10680124,37607312,18537353,17882629,1866284,2332342,24618959,63290889,81120
6905912,3113907,9826931,5117171,2697636,18369353,5657605,6302400,1127108,1266674,8088848,20930592,32330
7325799,3459415,10783834,6765112,4133987,19012791,7429086,5870205,832558,961132,5913670,16435370,25094
3439103,2334093,4320965,3231585,1205171,12186614,2006128,2770925,972623,1095197,5215417,10513908,19048
5757080,3510921,7510628,4801152,2165066,15736104,3291943,1277454,791727,930518,5417141,12408276,26458
2858702,2180814,3993580,2811981,972735,10965060,1319735,623044,340921,568725,2695205,6259245,16378
3736316,2785325,7872495,6007574,3789109,18744898,6663900,7253775,1190119,1328816,6778715,8469419,15604
20319280,15866744,33585480,19936825,13798469,42067573,23247753,24647163,2963335,3324421,25614542,57150246,68626
19329044,19916149,25494225,14369764,8877756,39678559,19470952,18786682,3586644,3870707,24093327,53099126,73883
9646293,10839491,14859373,9211848,5478393,24723116,9343139,9034705,2057573,2430196,11245317,20652265,34162
9990072,6134341,15288840,9291486,4939796,25201220,8188002,7265461,1257495,1543554,7224864,22114384,41276
12443476,6406169,20778370,12227586,8060613,33295480,12453653,14520290,1954096,2216265,16723179,43316260,54850
9209898,3843769,12024868,7131864,3739593,22014682,4369359,3386184,1303114,1474319,9607953,23003706,50030
5513819,2990111,6649793,4153060,1239799,16875571,3094541,2990834,1069937,1281484,6007656,12788516,31848
4601148,3750321,5515746,3605059,1578895,10822728,3199730,2915995,596468,538449,1791188,5194123,18373
1357693,782018,1965090,833904,509555,1955213,1158542,1207062,114149,150830,1522215,3573716,6359
510578,72137,738638,29853,10705,153899,354470,368979,6024,14761,432484,1519223,1619
574885,69905,831794,41763,13682,210943,354587,369260,2080,11131,431672,1717296,1922
563471,63504,815243,38767,13852,199395,358637,373352,1851,9039,429499,1728257,1179
2124407,2238605,4843956,1426992,859951,3446569,1832378,1912082,169905,225145,2441415,5463098,7944
546240,415612,555305,0,0,1511560,541775,567311,32367,50255,715386,1470831,2052
321200,49443,464412,0,0,0,347828,362608,1156,10246,436010,925676,811
321920,53376,465982,0,0,0,341088,355539,3296,12026,435235,911148,753
369360,61051,534513,0,0,0,371567,387304,4496,15663,474407,1011613,1209
513600,85757,743792,0,0,0,519867,542251,6083,22217,682786,1389810,1602
565200,412566,818140,0,0,0,542834,568434,37264,54364,746998,1460687,1927
316000,51686,457457,419172,0,0,283976,335569,2652,12817,422544,859013,1049
318640,49707,461063,417534,0,0,21723,337978,3027,12766,430903,859939,982
326080,49545,471872,499401,0,0,26038,342555,1733,11896,437375,873038,1033
628720,112533,909883,694104,0,0,36338,658646,17601,34833,851592,1678278,1857
9316880,2341257,13481100,8430365,4880310,12694597,8838005,9333703,365064,633909,12564451,24499417,30676
6210560,2169797,8986302,5461976,3091615,7656660,4737163,7447026,246028,449922,8291960,16371150,19676
421200,851811,609305,387549,195081,483298,390818,485007,57061,0,69530,1238478,1034
323840,50693,468740,279585,168953,410188,330561,23441,2622,0,675940,1354035,1015
332880,57697,481755,291035,168704,496142,329886,27958,2171,0,892916,1753574,1107
477840,73542,691157,413646,247385,639328,484422,30166,1378,0,898457,1780538,1547
317760,50208,459737,272435,167870,352702,328190,26765,2539,0,794537,1601850,684
327040,51836,473240,283671,168006,457976,328453,28071,1448,0,794586,1564620,999
5379864,7676465,7228871,4870778,1948177,8839371,3864952,4018586,994558,1077262,5052095,20202327,18160
735601,186358,516852,322637,171174,617823,334735,349071,6546,9002,50308,1916044,2456
1174451,178993,731436,440506,257293,765847,502436,524048,1587,5779,64339,3202290,3632
571576,83493,469894,281406,167870,413317,328225,342208,635,2943,36163,1576585,1585
934412,138194,762476,474191,254713,933277,499116,520250,38600,49427,405625,2547227,3119
1501942,393294,650624,395379,185132,796888,365959,384176,39766,43249,114326,3763357,5186
551694,78087,798194,474972,167295,461183,327089,341040,466,2946,36848,875626,1791
837235,163645,1646183,980629,425227,1157403,677132,708112,79687,93490,535093,1825102,2637
1772160,1311255,2567820,1211539,583036,6117437,2619394,2079892,255924,374824,1790773,3773334,7065
663440,530300,959678,627289,282887,1426963,555995,1907725,0,0,449912,1569003,2697
336160,59001,486401,292384,171188,478476,334859,735609,0,0,42045,901986,1116
334640,56222,484130,292664,168929,497762,330440,404089,0,0,53012,888383,1206
332400,53712,481017,290018,168633,460098,329980,344036,0,0,0,893280,1100
464240,74038,672175,402625,240216,618980,470170,489989,2349,0,0,1037040,1530
567040,454179,820163,515479,266738,963709,525515,550453,6249,0,0,826033,2077
836000,899303,1209333,796346,359085,1681889,715323,750465,75082,0,0,1345205,3061
332400,62814,481071,297784,162880,478218,323224,337265,3010,0,0,1330667,1088
789840,583866,1143252,748023,344651,1465592,688275,720928,7756,0,0,2934791,2665
504080,78082,729191,447960,250757,694662,497010,518666,3293,0,0,118657,1573
363200,89964,526090,329351,169954,637667,335886,351045,16480,42372,0,157557,891
330160,49854,477921,293050,165288,416891,327819,342085,1276,16310,0,71808,185
878347,481006,1030461,652889,332088,1075545,664909,696081,60559,84051,0,1855766,2141
589050,60537,492718,302390,168319,495284,333722,348354,3497,5939,0,1551424,1829
991353,554892,1333247,848755,427289,1399430,852233,892006,67403,25279,0,3010464,3131
58677,80013,719066,440957,248986,589676,493935,515334,6890,34338,0,0,325
410859,560398,1018407,646183,328937,1076934,656971,688016,47190,61396,1535878,0,1191
1757870,832055,1196589,784387,358572,1478004,714480,748651,91580,86931,911744,0,6676
843839,123336,516237,320052,172417,553121,341391,356518,4401,6172,52030,0,2586
669607,106871,714905,439096,246770,624982,489932,511156,5294,5393,42201,0,1974
21304850,15637741,33469489,22952369,9813193,38192136,19095233,21763063,1998003,2409451,29942698,43588865,64344
2655304,1553247,4388763,3999692,1506586,10944326,3237547,3669744,996136,1173167,7191305,7149764,12974
18491040,15181208,27174171,18131367,6413711,22128427,7242755,11129701,3059573,3644995,27296427,50156721,62917
27675404,23381265,38211162,26406587,14399792,48963851,27400045,28110759,3435693,4472988,40802455,69832099,85450
4891269,2340368,7077650,3493623,1706903,9434823,5676132,6464602,569769,669163,6764082,14875912,18721
55808,16821,697479,404880,413750,799626,822684,544072,3928,19194,652329,109128,369
67676,21187,520837,306717,621926,1336143,1236055,387662,2565,14931,470432,136362,390
59110,22789,497507,293621,464723,981343,923497,373125,4298,16127,454784,117365,335
54404,21992,495319,292691,481605,1071313,957052,370296,3937,15726,452601,103909,287
41704,13162,316503,277158,294838,729933,585903,346633,7279,19558,429691,83039,231
54669,18201,79701,415490,388891,854075,772799,532680,1784,17702,659159,104192,405
362400,522232,524462,509910,532416,1274816,1058513,565298,43288,61940,744691,841646,1334
48085,16172,69108,421281,334155,765174,665167,504905,11744,25262,647397,93622,228
41418,12691,59407,293306,301298,705494,598552,346511,1279,12352,449072,83341,199
67839,22966,98516,326373,596383,1300336,1184793,368119,2819,15335,480796,139544,367
64689,30282,93533,219736,380286,717964,755440,494951,8090,22784,647490,1151745,371
38394,11973,56509,38283,254299,560121,505176,342288,1304,12160,446481,855952,166
39025,12162,55932,37586,250440,605875,497829,337326,3527,14313,444593,847724,171
48867,18083,71307,46376,355352,795123,705911,351522,2458,13721,461269,885786,245
440242,694975,636644,461498,567620,1311891,1127504,552094,87713,107207,805895,1431264,1943
442985,2044160,3713046,2715361,737496,1144986,389066,537662,143316,163305,854091,1408339,1513
476480,103326,927006,579436,320151,312010,34355,180156,5196,21569,641688,1199921,1560
333840,92777,872550,545640,294571,206794,26019,27775,3287,14018,448499,835223,987
379280,108288,1023279,1383946,750926,462429,48926,52067,5336,18551,489042,927745,1198
339120,63898,490506,551455,290640,0,26112,27879,6260,17598,453657,842353,1057
346320,58582,501429,720560,390499,0,27213,29025,3615,15220,463527,866494,1058
485040,73324,701691,583868,315545,364232,30462,32507,2768,17573,658819,1218047,1459
325600,49666,471002,443628,241263,554949,22088,23602,505,11899,441428,817407,958
358160,64621,517907,869375,472128,1104359,38623,41390,6538,17990,472155,876078,1124
501760,112583,725878,748125,375128,1051771,29922,31932,3068,40494,665571,1212706,1335
357040,63116,516186,894157,485619,1133940,40462,43135,4321,16551,468733,877560,1129
496000,82539,717641,767589,415434,942717,37440,39837,4122,21601,669880,1245879,1435
327600,50382,474091,443458,239869,568558,234915,24245,1557,11253,442730,820787,979
341840,59400,494625,339361,331353,805957,555951,36202,749,3375,460608,845320,1064
326800,50404,472829,296022,241152,561056,484887,329750,2844,4959,31916,821623,973
335440,60404,485648,305718,284906,660430,572879,334049,1941,4452,38585,832238,993
326640,58040,472665,296826,239295,602274,481395,326306,1838,4328,38631,813398,1031
482160,70746,697304,435795,318601,741104,640675,490138,1869,4475,40283,1212102,1447
323200,51382,467587,289972,288125,472672,579356,333651,387,2736,35493,829457,651
2148160,1686479,3108777,2151450,855506,3333022,1638821,1641684,398560,493816,2876284,5149208,8071
386800,84342,559424,358434,172899,710671,50167,53408,7205,25602,1702099,3127044,3854
329520,58368,476815,299863,157353,434440,22243,23740,2041,16274,687331,1265288,1504
487040,80054,704775,440699,234904,646037,30815,32973,2706,20547,898185,1664411,2048
722000,569175,1045102,713742,276039,1792324,301329,320186,116775,116249,2333046,4293868,4932
333280,53907,481896,302283,159333,457634,25102,26806,4089,14454,815711,1497813,1722
458160,76774,663084,414706,221927,521451,68531,33546,2910,21162,971699,1797621,1543
485760,93663,703199,445633,229838,637684,462704,41824,4350,7492,919503,1683766,1858
664689,86999,745711,467806,244973,730949,490385,52132,5193,9401,1578176,2902118,3049
735035,58550,500222,315303,162744,504892,326161,31535,3688,6359,1006387,1857023,2232
492375,49737,470994,294299,157313,422550,315691,23641,1081,3155,678511,1245064,1436
578745,51048,479457,299872,159432,450841,319610,27888,1241,3477,796965,1462494,1668
473040,53096,455686,285846,150539,431397,302003,172497,1911,3921,651509,1190595,1439
487914,47306,467427,291148,157286,403800,315620,329632,675,2608,0,1242730,1347
630356,585126,1143450,767752,329993,1532608,666287,697866,6435,50942,0,1306152,2116
1060621,817297,1533187,1028165,445738,1856370,890557,935206,130562,153938,1139602,3317536,3119
47651,16634,495329,316119,158001,479630,320229,334860,3183,16819,857618,0,249
71386,32425,533290,341033,167324,599871,337813,353488,5895,19373,1466513,0,0
0,22881,403920,331819,162419,529754,328389,343617,6961,19654,1036450,0,0
0,15464,72812,454057,233147,640046,472974,494398,2348,19410,1061061,0,0
0,127238,1004312,860023,394120,1339180,802812,841687,63519,93393,1294503,0,0
0,103542,871931,316936,158363,479574,321086,335765,3557,15314,35931,0,0
0,93914,731181,308438,156205,414345,317101,331468,4212,15987,32469,0,0
0,139629,1053554,446628,226715,524764,460878,481691,9799,24501,45626,0,0
0,306980,1212994,735137,400950,1372079,815914,855779,51545,83219,995757,4301464,0
861548,0,0,66515,107157,567239,334508,349992,3225,16349,477610,2189907,2557
584903,0,0,41960,14205,463215,319231,333809,2804,14613,456751,1446174,1686
883151,0,0,89009,29667,1126680,701627,735619,60176,84784,1018609,2122749,2218
43813,0,0,554397,291024,484154,328698,343746,3752,16220,462841,85294,231
2939108,0,0,530940,361753,1638372,840721,880860,91682,123761,1271228,3966857,10901
746642,0,0,0,17834,668184,472678,494122,2713,20414,676070,1219541,2394
470945,80045,664993,0,11954,347123,300463,314067,2017,13240,428565,775322,1270
490269,83995,709446,0,12080,187444,315308,329577,1480,12423,446147,813009,994
715799,119632,1035533,0,17851,279049,326045,340980,3225,15688,466646,851642,2101
451708,227463,1826003,0,21320,386089,346448,362641,5387,20312,495616,913125,1467
502640,141030,1214684,0,0,288798,476719,498415,3032,20195,680183,1229074,1475
328800,83763,714273,0,0,167492,315013,329282,2615,13485,447982,807895,864
318720,82703,689191,435550,0,183109,170204,314196,1579,13268,430158,774954,974
342640,105356,927445,589520,0,223413,28086,336040,2564,14857,459484,831574,1066
329360,83426,715320,453492,0,171056,21958,329469,1888,13600,449392,809985,927
660880,173981,1337636,858117,0,391349,45629,646765,14617,36829,891958,1594174,1821
356720,149349,1264868,804385,0,286966,38498,347032,3789,16204,471677,860088,1051
343120,116111,994310,630288,0,231860,30744,338654,3167,14845,461073,837176,946
324480,101372,815789,518152,273594,206544,26154,126246,2619,14718,435203,786040,1023
781120,652841,1097726,745192,305641,1122618,830437,868116,71426,97904,1021486,1762198,2730
344400,24965,77045,53312,15488,695533,590875,617311,5683,17710,462013,830685,1091
483440,14374,67774,45186,15289,573126,637792,666219,4224,19519,664244,1199748,1020
332240,13745,52646,34962,11697,577596,483207,504832,1943,13951,450760,809822,984
773520,161386,1280149,818610,408439,1125717,659634,692338,52328,77485,1020573,1824917,2123
340480,100246,862211,549144,280726,397553,26064,27818,902,13972,457599,826366,1068
347280,81071,636717,681078,351111,627599,29155,31066,2739,16311,463026,838415,1087
532080,99475,769524,1171246,603067,1417786,53440,56805,1976,23584,705307,1289157,1556
3162327,2452007,4307908,2913721,1080267,5759671,2231533,1573774,559955,863840,8028738,10608287,9791
609205,69425,508417,58320,15623,270619,336435,351827,5808,17940,837505,1555704,1880
496148,61222,480275,34161,11922,175094,322732,337383,2031,13532,685885,1251992,1387
589868,66744,487341,310555,15751,248137,36734,336669,5130,15941,817449,1498711,1152
840677,141934,942224,599279,286635,313998,37029,384866,5468,27909,914742,2081228,2101
655451,133304,708417,457142,224706,231579,29648,31684,13087,29222,661855,1584811,1820
460679,767807,566232,401127,179810,663587,341601,357545,33196,47539,545486,1076045,1536
40232,12232,58596,309232,157738,669813,589792,616175,1722,14016,455425,82379,200
52662,25520,76807,317205,158441,675479,575673,601430,3913,15967,461375,103033,317
47557,18399,68733,440632,223795,748958,616329,643881,4400,21299,650796,263086,217
34769,11640,50768,32873,155355,558151,480955,502472,1411,12852,449831,811778,177
52734,17320,76082,51019,158920,547900,607853,635049,762,14161,460054,835647,331
34130,9947,48933,31836,132322,378736,517169,539975,14226,17180,383273,701301,180
44780,16685,64488,42476,157660,440666,573694,599367,3404,15118,457011,824512,238
42085,13294,60858,39533,157885,448549,596091,622758,1434,13716,456500,825662,214
147560,21246,104665,66856,220013,738930,1057623,1104909,4842,21501,673562,1227201,416
347600,16229,74683,48235,17815,503602,726294,758789,2479,14592,464482,844166,1071
335920,17279,64876,44113,13616,444864,501137,523552,2842,14901,455524,820703,1002
335840,14585,60222,39220,13929,479920,560394,585460,6780,16709,451465,813476,1051
336400,12022,57567,37009,13759,447494,572373,597978,2538,13683,455687,822671,1016
492320,16944,76159,50392,15978,623342,490179,679571,2702,25675,670556,1206463,1466
491440,28451,172615,53746,18194,796564,450320,718357,27725,51115,649981,1174975,1464
605759,220628,722825,236061,22478,1197546,351489,420653,60945,82942,1790056,2277750,2797
4369590,2325449,1753688,226875,79456,852760,445607,468267,117472,134309,708614,9621363,13785
644824,162186,933069,47330,14843,232180,343389,358189,22771,33761,490979,1616236,2273
685493,98942,992200,198089,52457,283295,518814,543849,41009,53749,714750,1896407,2091
838841,706610,1212984,571245,398912,1131820,1024911,756088,92988,115353,1050972,1959098,3393
45410,30993,65839,229927,379945,871387,744418,343265,9588,19392,448560,533735,320
40725,14692,59909,39390,309971,651062,607149,342043,866,10187,435718,870544,231
38677,11595,55569,36819,259634,559445,508579,338033,2835,11925,431676,859816,208
38142,15990,55475,36553,258921,578121,507601,340173,4639,13449,436111,866525,184
78386,31720,113471,75317,643529,1561542,1261345,533410,15299,31546,693338,1371811,417
66524,18463,96104,61549,600525,1242042,1176363,363686,3143,13676,462341,937521,354
230920,17128,69965,46292,342555,777421,681021,346943,2307,11889,443456,886809,742
317600,13390,55568,31935,0,574880,497380,338463,1401,10667,431689,859679,987
316320,40448,457756,33827,0,0,503588,337687,868,9789,429452,855479,994
481280,64220,696250,49432,0,0,759698,513561,2419,15856,653773,1303096,1486
334160,47979,483281,50071,0,0,555940,350274,3307,12927,447778,894203,1076
913520,572407,1321359,1308814,0,0,529267,870407,86938,111519,1192055,2252044,2810
340640,53004,493055,749407,0,0,36522,354668,3209,13230,451615,906258,1110
320960,50263,464679,601349,279237,0,28348,323648,2945,13078,426794,853158,1022
482480,65567,698303,707626,439543,0,36562,39004,2834,17161,650537,1299920,1524
325760,44921,471294,424062,260279,0,21569,23081,3334,12146,441264,876046,1020
712080,166846,1030598,531487,253297,0,1044944,1088917,33652,55897,931615,1799448,2414
317520,42120,459198,28610,10351,0,534896,557190,1406,10775,431347,855527,989
314640,43499,455347,37889,11650,202164,526695,548643,1887,9864,427176,863090,667
713520,488474,1032230,527292,30300,443470,1356657,883604,59181,68117,943062,1811907,1996
472560,62548,683560,408041,338460,766157,0,29670,1843,16087,641741,1277133,1584
323280,41500,467369,277816,313267,669798,0,27471,183,9712,435594,871130,1018
367040,62247,530677,320892,642533,1403916,0,53982,3476,17431,474658,959684,1203
319040,50116,461526,275818,257685,564200,0,22689,3713,14529,433285,859352,1007
340480,44730,492128,292909,371026,799871,0,32304,524,10910,454982,918643,1070
880080,508801,1273440,787073,437110,1345086,0,727195,9332,85635,1168243,2275256,3082
328400,44410,474891,282696,171040,198559,0,0,182,10451,442517,886259,1035
468880,64662,678202,401834,249437,215840,0,0,6607,17321,641861,1283331,1083
476800,68787,689730,415715,244708,231823,0,0,10454,20718,642227,1275174,1432
358480,54655,519093,311509,181629,328314,0,0,2490,13543,470153,948833,1125
875600,513550,1266984,782398,427787,950056,0,0,70470,79048,1174157,2245643,2741
334400,47223,483968,290448,170546,820996,722214,0,685,7050,445382,892186,1147
312880,42460,452352,267605,165920,443517,521444,0,515,2335,426070,860096,754
318640,42930,460996,274907,165797,422338,504977,0,0,4163,431328,860230,1004
788000,503798,1139857,702729,390228,1159797,922082,358870,0,10404,1211159,2035938,2207
318960,45087,461385,275742,165697,421783,21502,22984,0,16676,672323,859882,1018
877760,511020,1269931,780572,432291,1270710,728183,759528,0,90903,1240408,2269853,2725
328320,47137,475101,284766,168464,463560,603782,628987,2806,5718,38296,86341,1043
346080,51068,500660,298727,177680,520942,899912,937488,356,9315,50489,115072,744
340560,51651,492614,295770,173225,499632,794433,827549,6435,14217,51018,117467,317
322880,51330,467096,279691,166617,431012,508056,529232,2505,14167,46892,92168,259
479200,68262,693471,413477,249490,623776,752452,783835,4301,17550,46242,107376,261
321120,42483,464606,277374,166454,440812,472275,579079,1155,11529,31740,73420,236
732400,484559,1059441,652382,362925,1023467,705168,742442,66064,82429,406204,3093487,3458
461040,70237,667035,400864,236765,612390,464166,483795,8406,4924,0,1891535,1970
340480,51482,492700,295262,174152,497487,339839,354565,3009,6357,0,0,2431
879360,524661,1272188,783997,429475,1295986,844905,883643,54733,33254,0,0,2390
330160,44424,477727,285333,171343,443902,335001,349269,2013,18497,0,0,220
809440,1276620,1171626,749517,367147,1257683,732251,771577,118544,165212,0,0,559
333120,47701,481226,288767,169983,493053,332083,346348,2232,12055,0,0,0
233085,45894,450173,269566,159926,435444,312991,326274,2447,12218,0,0,0
0,44513,477100,284589,171117,445399,334551,348832,1783,11022,0,0,0
1427599,2554581,7289678,4878503,2110157,10543943,4404879,4478319,843357,801603,2770632,1205504,6968
13143371,7030519,18349348,11596384,5619415,19896861,7461864,7486168,1350018,1479107,13128971,30330307,46099
30680003,14151626,47412643,29080224,17823059,43765911,30747523,30000859,1690482,2029257,29660099,69258725,87951
61239874,291248975,86185812,64176736,20283772,68983840,37998849,41670675,30742479,31071200,78537820,107038945,100570
21395114,52125445,32871316,23312743,5400687,35421192,11140954,13272448,4428101,4568758,20362011,33697748,26496
13998457,23570049,18658093,14490875,3483332,21610644,5467187,6047505,1614089,3097397,15169749,24347333,18835
30128952,68913344,44221642,32206251,7280516,49631217,14771561,17026136,6479262,6797705,30140554,47062956,31603
29715015,66075456,43039356,32801301,7891712,52018409,14208590,15255834,4726800,6183650,24637163,43114774,30692
26844996,51058372,38979663,30421041,7680800,50015920,14470862,15969808,5859089,6595433,23290688,39316100,24034
24773593,37903092,34019153,24280097,5710203,43466305,12569989,14088520,4762660,4623386,18330655,34963493,24548
23025759,24644041,32019854,25414784,6479367,44568143,12293739,13872362,5928767,5026834,20596135,35126763,26492
15976085,13649244,21022792,14914364,3367161,23499310,5782893,7221637,1292329,1724833,14354805,27345756,21340
20799270,13797646,29942019,22962262,5640297,40809729,11113158,12246067,3723227,4114439,17964225,31883131,19567
23701708,58020771,33289654,25326711,6115851,40945998,11690742,12434130,3277387,4054925,21316643,37499629,29448
20208022,21835771,29465913,23199385,5420230,41648388,9961045,11439274,1857366,3333911,18530256,31305311,30690
25865321,48826836,36672536,27714559,6832552,47946114,13586149,14618614,4633373,6414281,26136297,42758982,30370
29063008,55424215,40626838,31621630,7702627,50640705,13765203,15837076,6816001,6911622,27850498,45054814,33071
29060299,44427147,39832126,29299462,7134704,49686097,14788785,17082812,7860626,7182361,28667581,44336043,31179
25967327,54704304,40854055,30761099,7264966,48552916,13938888,14349969,3709129,4873918,25033274,41716870,27368
25381693,40022737,38022810,29369850,7165391,49925074,14495268,15445444,3801811,4881353,24740473,41672055,29600
30027277,78662349,45417286,32373731,7603802,50367132,14670830,15642697,3808265,5281598,28351981,48771230,34210
27451560,50794899,37676810,26618483,6018226,43211491,11977200,13812737,4620249,4582518,20810379,39577845,32549
29701593,71734513,42524102,33526678,7338752,50287625,14370418,16378799,3912908,4241399,26767582,46919210,31873
26874475,34586379,38975899,29066417,6880299,45395701,12661918,15998919,6068976,6461352,29701453,47284320,35772
27928268,54957370,39385343,30122975,7025882,46594631,12799357,14931478,6333394,6628863,27158689,43986449,31478
20434781,6774751,30973194,21924564,8738033,44456370,18645980,18180609,3513888,3786516,24821667,46009550,51885
34454754,43774014,45508781,33285260,11302383,53986456,22423068,24443574,3116957,4101774,36161866,66400446,51635
29113019,25942388,45593497,29326290,10738914,45815620,20160531,23323068,3956151,4539029,35893339,67215511,72167
33223528,13217536,46951987,31393487,14203350,55073986,29194897,32487607,3262176,4089239,43409115,83414592,93139
29359513,21819797,40502938,27212224,10545978,47689497,17486571,21409812,1800482,2735666,29540282,62216992,83196
26169444,10705227,41912221,26750826,14072548,47481201,23695113,23652330,1478993,2193672,29530969,62931349,78133
24657726,9057138,35568537,22343447,11357708,45738085,23547297,24911508,1925043,2422828,25772763,55000428,60063
35528045,10040845,51636473,32327540,16088873,55840862,33352350,35748355,1479920,2675675,48531741,93256697,90513
40099868,9288875,59565540,38151360,22093675,61104684,43837282,45976952,1469265,2591396,58418675,114948271,100123
37051116,8970165,57550618,34783602,20497731,56252957,44796313,46639424,1339769,2234953,48986277,95117980,98098
34789240,8399899,49756194,30327582,16583079,50673805,28712910,30634926,1682222,2469958,43724468,92550750,103005
33212186,47474516,48573600,31839918,12343333,51060708,21905772,22362392,3090728,4279856,35976114,70611363,68245
30799335,10273257,45823274,28609062,14605832,48381001,28560494,31242688,1984169,2788419,35585514,74300424,90057
35829143,16291466,50011209,30083785,13857662,50320719,30371613,33921469,2587886,3464279,44044885,93958108,98952
33324458,51818868,50992990,35438352,13092443,54953249,24405668,24984653,4971707,4846639,35209521,67995134,64203
29322630,42220947,44271701,30000547,10698917,49349836,20490024,22154109,3544877,3946181,32129500,66133737,55282
16095288,19541754,24965474,19060118,4221969,33381634,8516600,10103471,1865817,2186527,14072341,23817384,19680
16711554,2442386,23855174,17972188,4452824,33398778,8050320,9188767,438003,771670,14076252,28670226,17292
16648312,2231865,24015003,17708207,4128227,31715647,7964390,8944394,426090,657451,12982616,25607047,16924
14931722,1829251,21777159,16107352,3899121,30168365,7441061,8397007,456056,740324,12405843,25042393,13255
16143144,2024026,23658283,18029071,4244770,33138311,8181431,9288995,398277,740484,13660158,26969292,16676
16160751,2249498,23169255,16976352,3929661,31020597,7285243,8440793,369443,705959,12577377,26050838,16542
16464847,2339680,23143481,17737282,4347550,32355650,8276076,8928855,332158,628408,12715904,26270350,14513
15855102,2023300,23900165,18296008,4202794,32017925,7872867,9044087,411362,716034,12718410,24901161,14838
16602435,2063989,24374778,18116708,4192716,32016665,7682047,8175074,356388,666529,11832390,25219538,16729
16383486,2162263,23667064,18504976,4284720,32933879,7790544,9035912,294538,671786,13538531,26824613,16711
16654709,2185191,23507794,17177651,4037176,31357575,7751675,8667797,346839,602571,12709994,26435958,16155
15751684,1936352,22236475,17125049,4098290,31399152,7847367,8723833,421186,744303,12791246,24714484,13447
16587535,1899826,23884431,18407566,4252762,33757893,8359235,9279755,359060,694976,13329229,26166773,15373
16040832,2138648,22536481,16388104,3871150,29542008,7445203,8605101,373215,679866,12882400,26963440,16151
16069394,2099262,23384943,17857869,4135315,31443085,7594094,8427998,269206,610113,12564048,25832204,16029
17625103,2175718,24761932,18675274,4276186,33283154,8141830,9330733,398121,654478,13595768,28132808,18630
16192309,1782945,23960892,18278780,4361580,35153706,8616395,10005856,425013,746040,14261007,27275505,13726
15066839,2147755,23824571,17083289,4433500,32513152,8854376,9950719,311902,567639,12640656,21657958,12601
11446551,1671370,18816572,13431465,3585009,27420738,7079672,7932523,312777,663240,10421125,16466999,11177
18843833,1827708,25220715,16017430,3785887,25924907,6721729,7364851,337768,607463,12007355,26200355,15231
17054897,1916176,23349334,16764092,3825048,30256191,7239675,8296275,349021,675531,14444795,28662748,16462
1170491,880029,1633581,1145943,361187,4124090,502630,527097,119261,215139,830128,2363555,4936
899593,857750,1974383,1347104,466153,4410962,924107,963627,284704,287020,867010,884162,3665
860230,515286,879967,654214,245053,4064704,751864,784122,230957,279048,1228079,2408318,3415
1195268,914674,1642680,1063815,247994,3260056,296126,527124,223017,259643,1161967,2403539,3982
15183066,7195764,21578283,16705687,6378837,28936433,15422650,18635269,2770144,3388791,29133856,45869734,34734
35073562,29351468,49415068,34023490,12222047,56329911,29164787,31895066,3608149,4662617,46549982,83811861,61734
32362955,31055131,49032360,36901299,14662223,59169632,28540471,30163004,5541048,6386858,41801325,72284987,47656
33555374,38405649,47729609,34428101,11324304,51969286,21090749,23202527,4520503,5046900,33462315,69330728,52988
31617018,45748251,48556130,33353677,10699276,52353393,21715672,23631852,5063061,5245232,35012874,61234587,46068
29003861,44557286,41428178,31247725,8583680,49597536,15957847,18286343,6415460,6429950,28819392,49424870,31794
29408947,25103503,39700990,29645665,8088216,50323423,17438902,21256248,6156923,5905561,31530379,56032380,38556
27802080,11840770,38926144,28991840,8849929,51012921,17249555,17619374,4517887,4810142,28210822,48709735,30910
27408665,42449891,41289872,30250225,7868367,50661829,15968653,17106314,4070231,4631267,22506488,41559682,29128
26355360,43447445,44841884,34493987,9853197,53434881,18477697,20531711,5834732,5744299,25663965,38756181,26564
26748065,31808202,38518267,27303167,7042916,44916143,13133547,15497303,3224021,3523986,20986395,41007510,26932
25643850,24282949,38157562,28528912,7141456,48773696,14902474,16232740,3638051,4115135,24732476,43618222,29675
28419172,51593979,41445607,30959491,8043961,50779605,15783629,17203675,4861434,5134922,21111427,40792134,28356
28770374,45849284,42143862,30450553,7405067,48687629,15517210,18453540,3326327,3670916,27884381,49711414,33738
25289440,26981235,39048527,28938764,8310712,45848453,14708534,16596661,2915261,3590432,24525749,41641859,26981
24898548,27024536,40231427,30101909,7510184,48705469,14461756,17238040,4631927,5015518,23677956,41104028,24793
27214269,34776330,39621044,31212976,8143082,48896459,15246813,16649410,4047332,3551389,23994517,42071477,28173
25873865,35240797,37077769,28475821,7116251,47745929,13907081,15886789,4699332,3865886,22326188,39834376,24701
25305915,3765268,32620944,25755194,6800833,48003080,16141022,17867995,5436476,5845462,28577368,47323482,28454
26362595,37420727,38455955,28013977,6855324,45495583,12733487,14321044,2305366,3216316,23132825,44558127,28387
26988439,35880565,39640597,30016278,8051012,47930116,15449753,17873303,4010010,3582382,24172489,44424563,28833
21791019,12352120,32213445,24129165,5928510,41680665,11324383,12676302,1559718,1613525,17414162,33662383,19656
25637117,34295864,35809584,26980281,6643669,44756942,12251193,13488626,1922566,2126577,19817775,39541474,26086
25080913,29587704,35664073,26898687,6496077,45668147,12471847,13020261,2173355,2712000,21707590,40078004,26324
25369574,37293628,35968034,27358311,6797012,45781572,12131816,12544244,1015346,2411336,20811203,41169539,27785
22627339,13007475,33441403,25776078,6265689,43101070,12284287,14433402,1913451,2064616,19768320,36037970,23333
22091171,3524057,29628093,22765313,5668368,42698023,12442499,13777871,1264943,1707687,20286107,38926163,25194
21461394,12215893,29970516,21371566,5019783,38029950,9871672,11427203,1353921,1763768,18192778,34465240,20404
21395278,14299999,30665333,23354797,5880726,42828415,11040941,10425941,464936,828200,18102124,34358206,19960
22503275,14165247,32280649,24115092,5753498,42644515,10925893,12132253,534512,891913,16315959,36359803,19673
22376387,8172917,30843928,23084591,5360200,42162209,10862022,12500089,1559185,1688266,17567748,34618017,20185
25082121,20877950,35015085,24772279,5432315,43771334,11404521,13664426,2801778,3173358,21284266,40171998,25834
21637782,19722483,33472747,25816046,6124014,43340090,11041757,12290988,1602082,2100174,16813965,33457115,20197
25739642,30966634,36635562,26820566,6180068,43557322,11588859,13862526,2754518,3047838,21544966,41262760,24273
20526968,2548195,31086095,24169534,5789747,42233979,11388151,12590651,1816535,2159820,19411838,33290187,15852
3472120,2057429,5168072,3866935,763327,8654451,1257151,1472533,532280,640582,1879071,4198734,6465
9961842,40617080,12129895,9545752,2613428,15366105,5204848,6176083,6721082,7939829,19163941,21008179,18342
5246067,36515012,11099443,10473536,2822481,14166126,3784793,3908458,4654685,5743943,10626552,9873473,10672
1025535,1215502,1190700,1190529,345441,5453578,711765,753384,475739,501281,1485661,1743321,3206
1906272,1650064,2258430,1424551,244543,4922609,498244,743942,441529,557236,1740880,3037885,6454
1639925,1455229,1910826,1441594,353300,5340122,699094,513501,388651,379017,1074159,1676468,5341
1360265,1568007,2030763,1557700,351570,6048354,734155,767147,516275,569148,1146218,852149,2915
1114643,1238872,1192512,1238413,303060,5661740,711619,731237,446972,487679,1383965,1577329,3345
1987346,1655897,2245611,1393733,225366,4843300,488559,743200,403096,540898,1781814,3283670,6495
1876781,1600367,2205305,1621294,467979,5809684,727140,517547,380077,417219,1392055,2357581,6092
1415617,1397525,1919980,1444510,348324,5703503,693586,710770,457171,507856,1094121,919587,3289
1335056,1350161,1217890,1276897,237211,5611508,711834,753381,493117,553664,1541419,1702365,4477
1604755,1505021,1879239,1204906,240010,4258765,487966,509233,453756,498372,1370535,2256476,5141
1642073,1663512,1917974,1437894,341368,5202744,458269,400245,376717,457507,1286249,2411929,5005
1630344,1582753,1910002,1433730,345791,5372246,721341,752305,470031,458178,772473,883234,4104
1340311,1385968,1635699,1550745,363846,6251414,959361,984874,558060,610594,1794835,1651437,4463
1768806,1690624,2012336,1240447,236111,4294817,496795,520209,500928,554244,1541932,2577430,5954
1602480,1459949,1850655,1394400,361142,5261141,502857,522636,332681,434124,1065392,2391639,4888
1316920,1522581,1913002,1424265,361391,5197650,716633,740026,436396,409831,688434,871208,3861
1014117,1296539,1582358,1346274,351062,5488377,723884,765717,493670,542745,1495721,1507143,2881
1974750,1646681,1971459,1256477,241826,5072724,726823,757971,493024,540067,1722875,3057193,7101
1702807,1645995,1936343,1427167,344830,4778156,491800,286596,416811,465530,1467986,2514762,5533
1544700,1476742,1854601,1405773,356556,5299852,734950,766733,383353,422152,697367,1633536,4001
994950,1339974,1522915,1428142,353940,5481039,711299,732578,448518,492483,1057671,878135,3068
1950126,1883679,2355723,1500838,446453,5526462,929997,750289,603134,651605,2282670,4153233,6951
1919587,1717756,2285613,1704938,363408,5303697,503512,524771,430820,516586,1781995,3115534,6331
1652996,1532834,1925937,1441584,356688,5184785,702460,732402,395578,429417,718453,1657711,4145
998394,1353225,1522738,1405207,348479,5296004,731475,771717,454673,493272,1079339,893898,3062
1298357,1571095,1636423,1012811,244480,5001121,731333,762570,511998,557374,1470474,2371505,4047
1681480,1635589,1975879,1474657,236012,4779122,269752,494721,374994,477656,1434459,2549994,6295
1891170,1651282,2209576,1627025,461629,5835568,951037,750575,458899,430021,1082220,1651255,5397
1008387,1149991,1496937,1412091,358157,5331771,720326,743330,426191,477877,1374267,889438,3029
1341967,1333337,1502035,917432,198261,4678000,688295,727136,438659,487951,1416347,2418740,3840
1638038,1746399,2034892,1563910,244607,5175599,272923,526358,483066,581915,1495627,2369018,5694
1607045,1573948,1942691,1453292,359612,5278645,710569,509335,379031,368686,1068688,1693733,5678
1327127,1314067,1869689,1406738,346104,5332129,722142,762177,443067,500620,1085666,875811,3061
1592797,1371782,1556664,1197645,249605,5385497,979295,1023211,507500,552025,1747327,2348769,4714
1671631,1716985,2014887,1502772,350261,5042334,275005,288603,451673,557466,1537680,2589194,5828
1542636,1488606,1853151,1411669,340106,5483212,703269,627632,432717,407552,914132,1543685,5416
1301857,1374584,1922746,1434857,362550,5311234,727351,748484,429584,475338,1051930,859443,2954
1283120,1175105,1125471,1128901,233052,5132580,703292,741428,425708,465400,1423126,1724834,4055
2100256,1745200,2529379,1607444,362658,4726292,484083,722469,459283,561009,2030011,3652756,6395
1662013,1777845,2046375,1544533,360191,5632838,709337,736233,476749,464599,782308,1713051,6115
1009269,1387421,1926449,1458870,348290,5493745,725478,767134,465502,520553,1123060,880563,3019
1344077,1193503,1155069,1061880,230746,5297972,708735,743443,437537,481785,1354095,2056392,4127
1616421,1492353,1866114,1135561,238554,3956594,487613,507378,428557,459926,1434778,2505238,4754
1924445,1866485,2369608,1784507,468284,6361415,739082,773662,485052,509959,1125266,2414210,6863
1027238,1467999,1980903,1511076,361477,5677330,728818,749837,506265,544707,1092219,885136,3091
1305489,1197965,1140452,908404,228128,5180138,694738,733052,436845,484072,1428556,2483457,3924
1571842,1479119,1858942,1402124,243661,4107509,271495,524069,442029,480677,1420363,2348189,4861
1665074,1604184,1956662,1459187,359207,5357005,676745,509846,385999,471298,1120615,2501845,4972
1282842,1586175,2272188,1681662,459476,6038100,954866,1009261,565294,552880,1125497,862977,3815
1673984,1565791,1968221,1440753,352602,5339852,705428,736666,456609,459967,737841,920761,4534
1004998,1156456,1492662,1374959,353037,5249685,725546,758946,417315,474537,1421895,872322,3034
1646830,1330095,1513030,918305,127527,4649675,724224,745035,435290,488326,1411040,2428039,4881
1649931,1658551,1961844,1474205,347022,5056869,270725,284974,439906,543148,1540875,2583801,5717
1586674,1578492,1943105,1481565,361511,5590618,736141,748022,412316,399673,776593,1619210,5622
1293819,1381422,1928006,1682407,476754,5806189,931826,960987,486449,536787,1424522,873756,3035
1589976,1519958,1860934,1173809,230935,5340554,939240,991105,508173,560344,1439083,2462996,4462
1610805,1697717,1970559,1508629,352837,4972602,269344,280983,431413,552227,1451581,2314527,4867
1685379,1587897,2004279,1507040,350878,5716303,715793,525380,388272,427255,1117921,2588193,6249
1323706,1537580,1891043,1434980,359782,5526252,727907,759325,464720,530147,732880,885011,2995
1274561,1181887,1220420,1195220,362511,5807896,907087,932329,499247,544568,1725193,2323379,3692
1597551,1478963,1862853,1390398,237790,4187465,274281,525768,449083,496413,1437256,2462197,4662
1647443,1782938,2036756,1571065,362069,5840292,735042,524723,392819,431663,1144814,2350220,5327
1368075,1584025,1944561,1473502,347303,5525480,691368,719124,476966,525219,703711,887692,3225
1007813,1210780,1149256,1166691,354471,5275356,735134,764509,454920,502330,1449537,1669159,2951
1910257,1743865,2302937,1408500,243707,4611970,499226,752823,443563,553901,1737006,3169804,5844
1719782,1702425,1950351,1486059,333215,5559617,680011,487044,429671,452069,1149843,2153863,5335
1331405,1421612,1887248,1443366,352598,5513022,722254,757229,489410,537655,753523,903688,3148
1011999,1250891,1171325,1194498,358846,5216395,708040,728619,444184,488776,1387981,1644024,2980
1653242,1563452,1891812,1204033,126174,4275483,495510,745243,477056,533997,1481827,2440952,4875
1623223,1551979,1915337,1435869,362247,5310255,506303,284151,351950,442759,1400045,2347218,4935
1709530,2054276,2827624,2059298,584342,6754996,1136774,1185119,634523,637254,1135703,896019,4197
1396281,1347301,1520006,1428390,407978,5950458,908216,947368,524756,580451,1421357,1544864,3111
1615405,1353479,1514045,914822,125912,4720900,725893,746738,440162,489147,1403531,2398001,4493
1649380,1499714,1886230,1399648,349392,4893264,279204,291731,390789,508408,1470012,2517094,4710
1597561,1608539,1979496,1512510,365685,5655126,740179,772071,471300,428073,734245,1589310,4794
1037868,1446614,1971965,1523364,471173,6092012,919464,952036,551559,608290,1488724,1666341,3156
1615181,1352928,1512740,1167086,125535,4793074,498517,765784,457851,511839,1462104,2476539,5353
1626066,1471531,1903040,1397932,362753,4593704,473894,285044,380680,467720,1370275,2360755,4840
1669396,1484868,1914342,1427768,352033,5415098,709572,739759,405352,388063,726819,1719530,5005
1032132,1612711,2010966,1536154,358565,5777215,734090,762474,516359,559878,1130641,873883,3037
1631233,1418785,1569898,1211758,243929,5419196,730096,983880,526721,575913,1794142,3305594,5535
1631872,1511828,1869547,1407132,338943,4775325,492129,283812,405127,438951,1462338,2508127,5366
1598973,1503538,1892828,1417769,361505,5297554,736490,769998,394520,431113,725088,1615647,4036
1031148,1524078,1717102,1524087,357666,5570247,712326,741956,514294,573438,1161669,910244,3292
1351476,1312207,1220769,956991,236663,5499586,718557,761067,512997,563438,1508804,2498659,4521
1946021,1713258,2317023,1695374,361328,4752126,504716,520733,471185,507913,1751214,3142498,6250
1670979,1516194,1904872,1405908,355047,5278573,714023,745344,395871,444364,728503,1737161,4015
1318592,1508148,1951403,1490745,357227,5539962,725863,759390,514493,550487,1108716,853842,2851
1727418,1556430,1626287,1553972,345603,6389084,900353,729826,473524,531060,1811870,2405990,5978
1602529,1524622,1874159,1187635,233998,4223601,496433,526847,458467,508586,1478462,2511979,5279
1579612,1500766,1826470,1377220,334651,5241006,448474,330426,347455,435189,1266339,2176100,4717
1660154,1524321,2311386,1688906,470985,5869315,925410,965184,505918,512095,1103139,881145,4190
1293201,1317672,1212807,1250245,239626,5808577,737381,769197,556420,599886,1562289,1666850,4256
1630140,1617539,1961535,1246042,245194,4367770,484948,501036,497019,542912,1424539,2359770,5361
1716779,1534692,1906704,1418223,345047,5310112,485311,511606,365536,456849,1107653,2524231,5439
1290680,1521433,1867078,1412288,361644,5238592,734604,762578,456804,438078,704421,865615,3837
1385807,1339377,1613178,1415410,349849,5943632,910672,935500,556543,610645,1809593,2005012,4255
1636034,1654755,1953807,1234541,236201,4266959,487069,511810,472071,505314,1471230,2524762,5946
1601629,1516076,1904033,1436800,361165,5293207,500830,524427,360895,456790,1059975,2355334,5040
1325307,1503961,1888091,1384368,354573,5311928,707735,738264,417379,421474,716864,883255,3898
990271,1186261,1517272,1172817,353555,5260509,736115,767292,458128,507909,1466316,1635475,2896
2020153,1828677,2085260,1572703,243874,4965105,502180,753428,591219,656087,1851977,3220889,6747
1625671,1538933,1873206,1381448,334345,4694115,492734,283362,397779,446433,1439397,2478715,5266
1641563,1459943,1885068,1408915,362570,5389823,738861,768628,393530,436963,717492,1603483,4074
983139,1307437,1480172,1365277,357391,5011244,706675,735848,409203,459836,1049821,882653,2913
1591910,1813415,1989840,1284657,339037,5755358,721755,758124,523627,675595,1929307,3144149,4672
1840138,1749907,2338193,1725928,357054,5451733,493948,523109,404999,528993,1755278,3124089,6825
1309645,1240224,1151495,924561,245142,5365887,744101,772776,450961,505131,1417634,2411865,4100
1650122,1493290,1879508,1298912,237992,4109841,292685,512042,434632,486030,1442506,2529892,5042
1538860,1486383,1848109,1393876,356609,5203574,504568,526634,335543,421330,1050265,2372392,4530
1289688,1669609,1999757,1531632,361783,5756483,724209,744657,522770,517513,778241,875629,4037
1002992,1223039,1539630,1187677,348277,5333585,715037,754799,455095,509517,1498714,1718660,2963
1895192,1539382,1902066,1429888,244603,4686644,494414,757552,505991,558393,1750345,3054286,6071
1620855,1492836,1901689,1416247,359692,5158864,712048,513275,338043,369256,1074282,2483869,4963
1326827,1683611,1963208,1479914,349874,5618421,730211,768996,518562,541334,785491,867785,3024
1018523,1273893,1554231,1211581,345140,5602842,701608,724619,452976,516875,1382049,1636503,3038
1672344,1395557,1573408,1200998,128075,4690518,489389,738482,459710,513196,1484753,2593350,5743
1901389,1650029,2139131,1596341,444343,5337492,713167,508559,403113,448147,1351744,2976530,5880
1328744,1637830,1955453,1463788,363587,5396566,723064,743928,464721,512075,723267,883728,2960
1048585,1379291,1270282,1300959,344578,5862295,705613,745485,579039,632088,1630170,1790599,3150
1884553,1733319,2278180,1453798,243487,4898801,731190,1005246,528767,561472,1434620,2371199,5452
1932766,1722284,2251994,1682987,449432,5392609,697383,499904,474863,515702,1384658,2378664,4667
1596262,1690607,2224427,1628808,459817,5847512,957265,1009267,465856,515573,710970,1664703,3835
3030636,1401780,1258872,1268720,864038,12253845,3417461,3560909,1072218,1182471,5543320,10286373,10975
1741453,1617422,2002347,1236207,127850,4483997,494328,742001,498126,531058,1509366,2572064,5852
1593876,1487800,1870901,1412563,357320,5381050,504150,283982,345210,450201,1448596,2408576,4949
1625154,1556846,1912656,1422805,361099,5317813,724422,745366,438011,431502,706374,881737,3808
1002970,1342868,1487673,1412979,335527,5479467,689086,727801,465270,504946,1249105,876161,2828
1673636,1758626,2054075,1284985,244688,4988423,732536,1007354,567858,625282,1860384,3129420,5734
1656456,1594176,1968680,1488937,358447,5450003,489566,284025,373938,455529,1472818,2542109,5619
1600843,1506205,1893778,1421184,349411,5486060,729425,769329,459169,447091,718189,858190,3800
988418,1197700,1536328,1447543,362653,5383110,735577,762266,442656,490531,1388257,870571,2996
1685486,1598726,1685938,1058161,126260,5275743,707320,739763,522905,575247,1524309,2571736,5429
1944475,1730000,2247583,1686666,423359,5477184,491835,349515,448450,533694,1776800,3088176,6544
1652262,1537634,1905397,1415694,362233,5321555,725331,746477,440351,434478,719532,894847,4060
986858,1177613,1479669,1385604,347559,5244360,713075,753757,457698,500512,1448022,854406,2802
1615835,1465674,1573506,986032,126477,5006830,735010,765934,474687,531725,1439261,2291591,4398
1681164,1698190,2022592,1534735,361714,4930102,273479,286757,434182,539882,1491811,2509057,5737
2051234,1886145,2639546,1938832,560723,6762040,1162393,1223934,549294,531672,714473,1694399,5360
1028504,1215730,1534786,1444812,362585,5427816,732618,761452,453826,492056,1395550,880675,2980
1342186,1190949,1150505,929558,476128,8371524,1178699,1251309,725732,809462,2482272,4390344,3958
1992457,1999965,2515767,1928780,362621,5745165,510356,523905,559898,610090,1986762,3141320,6887
1697371,1659073,1987463,1512080,349198,5354124,695351,493888,369985,406307,1093516,2415489,5642
1360895,1583253,1895678,1654757,447839,5791447,928875,982075,508728,568864,1078744,894150,3233
1331282,1319840,1475411,955001,241277,4954951,726861,759456,468036,509595,1419608,2303011,3881
1661389,1736479,1978055,1497883,225809,4383707,270231,505605,532326,563763,1486157,2432899,5195
1620753,1666179,1948033,1477622,343217,5458397,724795,520270,339591,387472,1099506,2427186,5761
1294950,1580101,1932224,1454287,357592,5481174,733574,752761,455516,503545,708663,876872,2903
984159,1199699,1130891,1169747,338818,5285799,695669,735328,457521,509327,1468167,1623605,2821
1874225,1730190,2263376,1452265,243427,4814755,508423,764782,465226,580587,1799369,3085613,5703
1679348,1775918,2044137,1562927,354527,5690336,706624,504765,491870,469834,1144969,1689787,5967
1342521,1610668,1894891,1431100,327777,5470633,686213,723087,473674,529336,785449,875965,3039
1093784,1184986,1309029,1328130,354801,5839079,719555,753134,468173,524385,1458590,1663092,4453
1716286,1607222,2007632,1223045,122373,4363271,481497,726509,467834,518752,1457566,2559326,7082
2229451,1931961,2642270,1951566,549535,7031835,926762,741033,393808,489985,1507418,3094998,7803
1400952,1687297,2024892,1546396,353820,5605757,712832,733471,472186,480426,777977,868927,4456
971594,1155789,1499607,1164031,343915,5493396,713290,754409,456458,508928,1468900,1679591,2804
1579550,1392365,1532103,1032210,130120,5039298,600115,736056,476508,528248,1387850,2202041,4877
1650712,1593338,1893712,1414659,337943,4721936,270626,287073,407193,497182,1380436,2350695,4741
1588816,1857981,2340697,1768303,452431,6261130,949826,1003039,523033,499970,771782,1649823,4489
1029774,1199521,1531377,1182354,354846,5592867,726975,753669,463279,516232,1407888,1614860,3126
1691296,1354764,1517984,1183278,124046,4783952,484481,737072,456876,506901,1477054,2517447,5136
1569027,1548351,1876208,1422279,347915,4836399,498088,284958,387631,443461,1439058,2337335,4852
1675592,1718885,1973194,1517269,344727,5653016,695327,716135,468164,441124,775563,1647798,4554
1000662,1448927,1948534,1488936,345174,5570485,715115,755023,462773,521091,1104835,890193,3037
1865496,2067235,2604556,1762874,448022,5824341,938133,771769,520707,532881,1233723,2642299,6898
1014120,1209585,1546493,1191937,344780,5508607,730362,765033,468050,512207,1461158,1627554,2952
1618660,1392664,1542235,1179236,126595,4770794,494780,740663,445850,495300,1389360,2345731,4821
1710778,1789236,2009565,1534788,338435,5191223,483942,284206,468866,513225,1555929,2516861,5537
1644697,1609151,1919778,1476088,353694,5444338,725861,759517,424984,411565,742801,1603398,4690
1346201,1696511,2291039,1939948,575628,6330666,1126311,1173304,549307,614962,1078392,890536,2946
1286961,1418969,1907326,1193916,330311,5508110,930113,975450,556648,615636,1871867,2422768,3912
1615295,1661922,1990644,1518470,240187,5090809,273210,514944,447446,530136,1439034,2340442,5007
1673848,1641481,1991946,1524904,337093,5699258,689071,509172,436336,408452,1133864,1657178,5996
1353599,1382559,1929244,1472671,358420,5578984,742288,774551,473140,521616,1098123,866651,2970
1615070,1355726,1548507,1180950,249534,5355479,941460,970288,484653,545213,1756480,2450379,5002
1592151,1562852,1873114,1427078,234724,4780675,271867,493669,417487,522569,1458456,2384839,4564
1653462,1680944,1957700,1518144,353892,5638180,726556,521760,449455,422941,1106707,1544848,5037
1342281,1418099,1922873,1455568,344026,5372373,686888,718308,457969,507703,1086138,862073,2987
1269611,1193812,1154643,1185865,231895,5452632,716458,749547,468743,514807,1453999,1619436,3875
1939314,1752543,2316332,1441177,354459,4840690,509303,523592,447119,554062,1737364,3053702,5504
1644668,1668740,1999854,1527046,340759,5791876,694565,724836,456340,432361,781225,1683475,5594
1260409,1472922,1957021,1520883,343171,5830291,705961,734747,504712,569638,1138481,893518,3095
1367905,1178608,1175987,1214815,239170,5354514,717732,744908,457123,501014,1445243,1688312,4206
1627994,1517125,1872074,1175521,233062,4259706,487158,511552,457298,509470,1460580,2479823,4958
1624853,1669390,1986556,1517461,355828,5083884,505806,286201,437648,474507,1449834,2336735,4830
1716242,1881286,2406756,1735248,452457,5967147,911159,951617,481784,533736,762104,1677567,4121
991929,1206633,1145354,1182615,347306,5389224,725474,754949,470725,510042,1459903,1614525,2872
1593235,1650571,1990040,1505066,233099,5625774,677037,925940,543254,600046,1381649,2264471,4745
1643337,1518775,1898010,1400917,343313,4694357,485578,284006,394782,437203,1470476,2481208,4680
1567772,1664951,1990723,1537690,361497,5983989,740619,771654,484040,516683,784086,1580230,3893
1068138,1440196,1625490,1526638,467220,6178151,922979,952412,535253,595405,1462449,1671237,3053
1640246,1513404,1848357,1160557,124958,4274951,493478,756982,452845,509411,1455104,2402593,4685
1594774,1526160,1897065,1423295,354094,5286209,500319,286873,334018,427782,1374255,2276809,4496
1690533,1777264,2025270,1517979,344826,5655628,698455,729149,484128,512648,797232,1135029,4260
1005813,1476656,1602461,1539979,349696,5920158,726379,756040,471810,526312,1115822,870760,3067
1687321,1654698,1975363,1248257,240707,4784307,715965,967594,546298,593840,1794004,3113958,4947
1658847,1577819,1901220,1424094,338325,5275393,483475,285929,356829,455373,1490038,2466192,4714
1681929,1705733,1966964,1506570,355267,5521271,730226,762505,507010,488803,789461,881334,4000
1075954,1409359,1660722,1580122,350498,5757334,705967,734678,563978,619887,1556070,916586,3225
1556947,1401683,1553243,977837,137639,4914656,714717,757940,473118,521731,1477451,2435417,4779
1956228,1736576,2335178,1732361,354324,5456092,495626,517909,412681,507268,1751020,3045918,5985
1653435,1536830,1915795,1421673,342793,5288219,697690,728011,445599,442063,718542,907570,4200
1000716,1391519,1577342,1488209,341514,5670816,716133,747858,533915,572511,1495922,858442,2929
1978617,1740320,2010267,1280009,227503,5880097,919371,945016,570247,607638,1413069,2407206,5701
1642532,1573699,1879700,1407297,331838,4827481,273251,285243,429004,532361,1445636,2405197,4922
1582688,1465222,1874426,1415333,358208,5387672,733672,747201,395683,381525,748080,1572460,4389
1314692,1422341,1948801,1739985,460993,6096848,909614,936853,509144,566627,1434972,879127,3138
1291808,1373976,1259534,1036552,508960,8258797,1295633,1359947,872167,936349,2822632,4380060,4165
1655450,1615351,1938783,1463143,231387,4362771,274245,513647,464427,517968,1398328,2312371,5568
1710047,1500993,1910320,1431195,344803,5514427,706451,519106,361612,398467,1125299,2545068,5496
1287955,1527593,1895614,1435250,351726,5488807,723493,754462,462180,505967,715466,852184,2872
1328835,1384502,1345171,1274150,354015,6204758,901849,926796,557599,601632,1776132,2307904,4318
1728231,1583143,1941962,1463598,233739,4570343,272847,517401,472439,527608,1500736,2513281,5621
1621738,1588348,1928322,1465235,353329,5434430,719020,514438,363645,388995,1065205,2285780,4873
1332295,1601018,1936208,1463106,342093,5355297,681500,715354,457896,522146,718027,883095,3027
1005790,1342188,1232952,1244377,349241,5537290,735563,769707,511990,552354,1530651,1641350,2929
1966265,1749336,2362931,1492285,240300,5135849,503861,749243,498413,598028,1811981,3140054,6854
1631617,1604935,1892185,1436920,327120,5531336,671558,482378,350467,380868,1107791,2041439,5373
1309734,1541928,1890154,1448067,351357,5485033,726101,757240,465452,507848,704105,856853,2841
1363031,1452266,1583344,1493270,474068,6015158,723852,745991,487002,593577,1811218,2360963,3764
1981290,1921187,2370006,1560025,229254,5352507,702490,973929,591791,555682,1491988,2450774,6031
1660342,1657614,1969276,1527362,354267,5656973,499019,282898,403964,488447,1448366,2309528,5469
1706918,1694725,2280244,1633548,455696,5694948,912393,952448,440147,456655,730290,1690768,5341
1010324,1152189,1522242,1297535,352150,5354780,726756,758775,443262,483862,1441705,1496620,3058
1660816,1483337,1593608,1000790,127206,5125948,717912,738578,492037,539885,1451557,2363667,4720
1701522,1704322,1998112,1493037,339323,5010922,272443,285378,444740,554467,1539246,2516616,5872
1633164,1590857,1915583,1458576,354112,5531340,725556,755871,411378,375106,717147,1590662,5070
1021118,1315832,1911253,1445271,465248,5827906,917259,949009,498412,547029,1432701,1656130,3103
1598359,1332103,1512460,1155910,126422,4827261,495398,755254,447956,508964,1451971,2402527,4620
1598845,1650003,2018282,1553162,358563,5173520,481419,283866,445974,542808,1446130,2374325,5366
1684111,1636151,1979637,1456409,342382,5326544,694749,727361,415578,415234,756030,1699458,5489
1014129,1338986,1880331,1431123,349351,5363682,730030,762071,452876,500264,1064930,855452,2921
1700495,1400169,1584264,1213159,247676,5582300,731255,981448,501755,562671,1769565,3194877,5505
1695964,1794317,2035337,1562628,340735,5189344,497858,287425,498805,548963,1593852,2506402,5270
1665984,1716975,2014578,1570551,356394,5600649,728788,760002,454523,508839,810306,1618185,4438
1016189,1382571,1592164,1453907,351779,5432469,700734,725809,453017,508898,1063050,886036,3092
1283438,1148221,1165501,916876,232713,5141542,687098,723354,448670,500775,1427866,2333115,3989
2228537,1966645,2713403,1982410,465156,5519047,708044,519246,460164,509688,2096969,3709982,6505
1675394,1723207,2059234,1557501,341170,5784571,695715,728266,479841,522697,784171,1711687,4565
1020222,1442621,1571842,1474174,344552,5480228,717371,748792,507087,541291,1125424,876312,3078
1347642,1376922,1544322,949057,240983,4878504,722264,743073,434358,475959,1413177,2413485,4370
1691871,1511903,1864383,1396696,232420,4604624,270743,511082,406538,494484,1452784,2494382,5127
1608742,1672286,1937516,1474486,337815,5553547,696192,492881,412451,450915,1140098,2054228,4842
1327599,1646261,1948157,1717095,464263,5898895,919853,951214,473097,530448,1044098,901418,3026
1304138,1455854,1532546,956109,234289,4841369,718693,760259,503772,536847,1490649,2414955,3680
1633037,1549412,1912408,1178020,239987,4215418,499953,514375,441029,492034,1388690,2322069,4746
1656052,1581963,1899334,1415600,339745,5272924,486243,510732,361027,451734,1080100,2456554,4643
1298439,1723651,2012568,1553623,356535,5892865,731256,762683,545444,520126,779327,862309,3991
1351969,1201033,1564557,1378254,346027,5909793,920373,944322,510500,566142,1777343,2087580,4084
1668974,1511786,1897978,1185278,239873,4310800,496235,517008,469213,508290,1504944,2542398,5293
1726452,3450649,5842155,4171672,1485612,11321613,2464604,2522631,1102070,1261504,1683875,2627668,5325
1693027,1909258,2068816,1589667,346853,5742117,503350,525661,446450,555316,1238047,2549069,5476
1365065,1730173,1996595,1556863,356207,5640060,722630,754181,508213,494337,756004,896876,4575
1721218,1486649,1971943,1224783,347874,5746650,1112829,1163410,593169,662876,2217846,3240165,4964
1645877,1621216,1904378,1316918,235953,4045009,330427,525450,492311,535733,1502939,2393109,4477
1659196,1638296,1954634,1462225,357906,5355012,509858,526222,376899,471350,1088945,2353219,4628
1350788,1704318,2036575,1538942,351121,5864775,718614,754894,544305,514943,790457,897125,4218
1023004,1178551,1537163,1209062,351129,5555277,727214,761120,473299,521228,1432485,1608966,3008
1955481,1486879,1877365,1405416,245042,4730702,481123,722886,488944,543492,1743594,3126956,5572
1592399,1554261,1890936,1423751,344574,5206551,715001,526030,357830,392693,1097055,2445156,4332
1659032,1796843,2091959,1579260,362407,5709749,742819,775638,462088,489182,737470,974961,4190
1038043,1479347,1597999,1471759,343870,5422664,697178,726313,479324,536611,1128377,891018,3073
1320609,1348491,1523562,949336,241590,4894879,732586,764523,467235,505629,1464813,2384515,3870
1634667,1580137,1950729,1478938,241368,4805042,268917,515923,405850,511860,1435355,2384758,4835
1965895,1821889,2242237,1649465,429036,5900436,876233,739003,488967,480999,1058196,1561518,4513
1000148,1234062,1612373,1527799,352612,5795825,730485,764551,513669,559585,1493102,910946,3293
1626762,1378161,1560442,955612,133878,4588304,701059,727106,446801,491799,1437138,2484745,5443
1617451,1520297,1835285,1402883,241321,4740617,270280,480246,417303,515219,1442343,2378931,4945
1596078,1548744,1913422,1435887,357541,5360055,730418,518987,391965,384926,1060136,1609737,4482
1698360,1947809,2478764,2094604,563273,6709567,1121025,1169781,670355,726065,1563968,902316,3161
1530192,1392627,1540207,963293,227133,5451935,941402,984805,502413,541524,1780946,3037603,4626
1642761,1583737,1925180,1457149,352598,4833648,271967,282403,403303,516580,1415676,2397388,5238
1599686,1571789,1865566,1396690,339859,5255868,698012,737155,393808,384674,721813,1661842,4601
1264193,1593736,1973677,1515191,342808,5658596,704546,733168,525202,560309,1111255,884750,3145
1630970,1278303,1525077,1228201,244517,5581422,931577,959781,536374,598150,1855793,2462585,5675
1617893,1529810,1889910,1425207,235175,4101594,272690,520734,463393,514016,1470668,2381696,5081
1646634,1534468,1908986,1431045,354169,5336752,725389,513991,352106,381663,1036812,2323973,4877
1345930,1501600,1871699,1383139,339985,5192993,696752,730854,426398,485919,713217,888493,3067
1057367,1432081,1264448,1293622,361144,5800781,741291,771707,531081,564129,1521164,1651020,3111
1648637,1389335,1702171,1188847,125476,4691436,459671,702027,449377,497022,1389803,2354109,5575
1894063,1695151,2235774,1640019,446753,5302680,707251,514346,402437,455594,1467211,3224867,5855
1283000,1523356,1891145,1430827,353770,5318366,724842,756630,457548,499305,700754,872947,2854
1068534,1384782,1262648,1304592,348212,5781754,700599,733564,517525,569876,1533951,1720309,3210
1615205,1571643,1949510,1202187,126200,4331400,499071,767088,485785,560940,1523397,2454948,5715
1636408,1588807,1931738,1450493,353504,5347870,497202,281394,355333,446311,1386939,2356663,5004
1666872,1815284,2302689,1685625,452295,5738860,916049,964842,458031,512029,737589,1127896,4193
1048378,1337939,1200991,1209511,350535,5239667,725460,760488,473957,528630,1474799,1618130,3010
1690401,1862344,2449343,1608817,229132,5406358,692877,938269,623502,683502,1872823,2467719,5896
1681183,1817417,1988426,1514691,339681,5517541,487159,291685,406970,516165,1568289,2479168,5543
1670824,1798552,1991430,1535232,360681,5567602,735588,768830,504698,502588,785742,906004,3992
1315680,1414775,1648949,1532794,366360,5969320,919960,959870,563647,625450,1893930,1714069,3651
1683191,1862453,2014862,1335511,131482,4652190,508030,765883,577585,610765,1590193,2405177,4690
1690556,1653226,2011172,1510274,575929,7341613,932331,726128,503000,632829,2153702,3820201,5782
1691693,1535905,1894112,1416352,340523,5253625,698132,735278,448729,452781,716662,883938,4133
1032608,1283534,1554271,1448651,353762,5520905,729533,758785,480791,529580,1452665,892970,2998
1955534,1611816,1975404,1211732,240629,4770986,717509,739089,526160,580790,1783763,3146271,5339
1662626,1806975,2021004,1540396,340126,5694277,487700,501302,454069,544904,1221476,2504287,5870
1590530,1575264,1930687,1456936,349300,5541274,716029,747526,463020,460441,705911,882461,4382
1033457,1209838,1590982,1487040,353592,5437311,707540,738859,468653,516810,1481485,903687,3162
1606348,1315372,1515346,921568,125715,4791175,730976,767732,438713,491506,1463760,2424232,4954
1615422,1699367,1989016,1523931,349488,5105753,271715,279708,440393,547230,1429601,2346754,5203
1696033,1835450,2369543,1757704,446365,6163516,903803,954883,496604,462261,745012,1697167,5847
1007975,1172847,1517140,1190841,353001,5470707,732316,766118,463300,525705,1452907,1614204,3009
1630070,1365698,1936025,1225212,231025,5628880,897872,932249,515158,576975,1745697,2347188,4673
1625597,1613591,1898978,1436404,339022,4834496,271486,283915,420133,527518,1471339,2422247,4420
1623440,1626300,1962021,1503429,353379,5736610,724695,754897,483337,447328,783414,1585879,5423
1060994,1482919,2090284,1590349,472202,6413663,921919,963065,569460,629156,1524362,1736933,3375
1619292,1378419,1544941,1184029,126684,4882236,507916,770255,476556,523029,1488897,2431422,4731
1629447,1632222,1969001,1487654,363683,4905393,506901,284319,433109,474160,1436797,2408617,5128
1651509,1691342,1956573,1476216,333016,5618550,676930,711703,436543,435588,760583,1699327,4852
1038350,1417665,1963729,1510892,361151,5740743,737910,767613,485980,520929,1098511,855823,2933
1663913,1379032,1545908,1198361,244999,5476316,718690,969032,503843,557236,1758334,3265634,5031
1646980,1537448,1923156,1442801,348455,4794898,491718,278927,425317,467172,1492360,2538289,5177
1629147,1700180,1997388,1533683,361913,5698220,730454,765528,444422,478173,754590,1619444,3891
987427,1322860,1565496,1477478,353506,5446810,703421,737766,484598,520508,1117829,899721,3226
1320367,1267465,1393888,952598,239290,5396281,741379,774366,469552,515568,1476191,2488464,4253
1632158,1562841,1968616,1461551,249289,4264629,272944,520696,445354,495762,1405220,2432491,5084
1871788,1611271,2165446,1375932,240262,4704703,499636,762566,455323,542937,1788650,3151991,5435
1690727,1757571,2024586,1523995,357792,5670572,721018,508209,447549,455466,1156292,1674769,5726
1672203,1400651,1937879,1465380,348574,5991623,926215,980456,541011,585166,1484470,1714996,3963
1616638,1393531,1531618,1456689,351429,6185900,944585,765977,465284,498450,1785706,2280702,4722
1644621,1558130,1938822,1219477,230987,4303334,486394,527657,459095,510449,1430912,2490305,4964
1979066,1812720,2317206,1718298,458699,6103224,726327,527791,449007,488808,1512772,2491538,5970
1319128,1295467,1987552,1511156,366409,5764016,734305,764404,480516,527548,1104598,935230,3347
1320387,1181292,1144339,1193378,238878,5321100,707729,736230,455811,501202,1468970,1721481,4115
1581343,1540993,1877114,1174221,240172,4208010,483894,509492,468796,517338,1426992,2373495,5124
1648073,1513103,1915861,1419745,361151,5238686,498450,515287,338142,433046,1060391,2437565,5203
1380621,1738857,2400464,1788058,460709,6300851,934700,991723,588887,588371,1186827,877225,3962
1281710,1157413,1143089,1111208,231286,5342281,712275,742943,438163,489306,1378822,1721541,4054
1675438,1492249,1898232,1167596,243356,4184555,493812,513251,419106,464601,1392211,2501656,5103
1600335,1497584,1861459,1401594,348372,5350124,500182,526731,333601,429604,1087051,2483109,5118
1297348,1726172,1985639,1526289,357773,5708812,724993,756525,522242,509127,755185,879628,4036
1330847,1242237,1588356,1188378,350322,6116333,921618,961009,551908,612972,1894004,2540110,4310
1583352,1533372,1897930,1433352,241036,4291880,274030,526116,468823,518895,1472587,2428979,5159
1610495,1542842,1893758,1424931,348372,5444926,575418,515959,360407,444265,1027894,2332283,4988
1315091,1571595,1912626,1436172,348466,5406908,710928,751959,473696,477219,737263,871213,3860
1352838,1655527,2018225,1564201,469264,6774067,946385,769065,511207,556973,1838602,2309602,4267
1649757,1405913,1566672,1222538,125813,4775359,475449,720375,479151,517392,1433990,2458427,5497
1911281,1676916,2231828,1651258,457716,5256218,724116,527006,399820,445643,1461218,3270670,5754
1291137,1514416,1902065,1427705,363099,5317889,736113,767476,448775,489063,716672,895985,3075
999318,1334594,1410404,1206076,339415,5588048,676956,704595,528663,578907,1500423,1759800,3355
1578207,1401351,1546541,1226382,126449,4999742,504099,765374,492929,546812,1488499,2419679,5296
1640339,1475152,1901262,1405804,362094,4753602,499396,280693,381755,425021,1361909,2405213,5182
1660813,1669401,2245039,1621105,455421,5819624,919906,970586,441015,487194,718341,1720069,3921
1041275,1264460,1215088,1270651,362420,5568544,729879,763529,503808,545440,1490550,1629130,3174
1717058,1858002,2103626,1305322,124805,4297297,490888,736302,538542,575640,1507521,2571494,6210
1633537,1524324,1877521,1411133,345054,4907057,496232,284590,410672,453563,1477294,2503552,5421
1628735,1486571,1851888,1388840,352901,5321002,718640,750387,381209,422115,700641,1620189,3874
1009855,1309700,1543676,1415901,464791,5796620,920071,957512,480820,544187,1448777,1690732,2999
1602194,1672430,1965451,1274427,127281,4469154,504847,752351,523892,586178,1519867,2387523,5395
1672272,1653788,1988974,1516208,361887,5487384,502863,285161,390374,463756,1433690,2444639,5273
1641816,1529040,1874940,1391734,344412,5336246,700581,740628,443216,442077,714782,882524,4354
1012803,1326726,1525168,1445675,361995,5410991,734335,768038,455897,504129,1350474,858418,3015
1987691,1860728,2346907,1504667,347822,5694410,705206,954859,532721,666528,2171220,3972717,5892
1607895,1559519,1962474,1497944,352003,4995729,273118,285369,427574,515691,1480342,2459318,5586
1643845,1554869,1936476,1462464,350083,5592008,710699,730761,418747,411276,733558,1640433,5492
1034012,1368071,1912276,1415899,348617,5307397,707844,747485,448928,492090,1075006,909872,3144
1307723,1209536,1172238,939904,244824,5492409,736379,768006,441310,496998,1452710,2412589,4075
1666693,1723305,2036846,1517068,243882,4459573,279039,511479,538860,576561,1496498,2493038,5661
1978243,1701077,2232335,1629577,439085,5951972,730564,747937,404800,459862,1076396,2432756,6910
1009845,1322006,1904547,1433588,366462,5334406,741496,774856,452841,496777,1052068,871133,2890
1349334,1215891,1154207,922654,240174,5274695,687498,719291,448064,494149,1423131,2473520,3898
1600969,1669476,1971516,1502945,237354,4570324,270741,524149,534451,577812,1537148,2412474,4855
1679858,1564434,1978036,1479589,361598,5561646,738438,519693,326807,346605,1048649,2457148,5926
1330570,1516392,2166388,1665589,447759,5922143,899311,947478,512243,568952,1086756,881785,3117
1334632,1195967,1172671,949818,244875,5507190,741604,773860,457746,505508,1433020,2386448,4095
1647634,1595419,1930844,1445679,244960,4243877,273544,515100,462763,513792,1427259,2444672,4772
1596481,1715097,1973058,1512962,340253,5868106,701975,504815,427073,458381,1178318,2479228,5341
1298055,1549049,1887660,1431447,357458,5397767,725696,757366,448919,496163,698645,863997,2900
1297655,1528429,1902798,1423867,471766,5704348,1137637,1188924,538902,593543,1812039,2474374,3548
1912480,1810818,2266284,1705507,327020,4594244,279846,533782,568583,616044,1828959,3080394,6160
1662202,1692968,2010800,1491181,363370,5693492,736410,517408,355941,399690,1067013,2414316,5345
1366976,1625590,1983261,1477249,347342,5571615,703439,741645,485105,546391,755167,907072,3312
1044035,1243809,1191394,1199972,361803,5634659,735137,771063,474729,514299,1470367,1683928,3156
1696982,1624325,1918423,1246900,129927,4207687,466456,711928,482741,533967,1433151,2351595,4825
1954048,1883218,2328684,1723241,460211,5858387,718009,521656,469773,491503,1507474,2519647,5715
1358122,1714871,2068417,1588144,365219,5845032,737570,767543,562506,590022,1074569,899395,3193
1031155,1213360,1178914,1223617,355860,5341707,701284,734268,469910,514323,1490346,1733189,3240
1631229,1498236,1872387,1159428,125316,4179041,501428,749272,459121,493438,1440878,2421524,5247
1661105,1560024,1959605,1460509,365922,5535240,507630,284751,346555,441507,1437932,2462956,5253
1656459,1649650,2342544,1735563,454396,6202437,915417,965126,558151,569827,1164386,886997,4060
1299484,1243202,1181584,1225628,244030,5639806,730239,761667,492116,542366,1456552,1592386,3960
1660306,1597496,1987262,1224401,236818,4355305,501711,539213,464159,518921,1428798,2436572,4893
1606161,1520844,1873621,1407162,347450,5323401,495492,286983,330818,436413,1465300,2524034,5004
1611465,1686393,1977505,1499517,362974,5546300,734963,766599,495628,486493,772652,875950,3846
1284383,1193226,1595603,1521279,357630,6234113,924807,967897,547192,617666,1866393,1715699,4335
1868565,1611194,2213916,1384311,239468,4321427,497195,738047,503376,554357,1809502,3119885,6153
1623578,1585346,1924871,1469580,361667,5400676,502770,516729,357620,447917,1068671,2354323,4481
1397972,1529827,1905712,1415393,347920,5388220,705843,741143,449793,447605,704625,874192,4205
1077841,1418616,1651058,1532211,347964,5857909,710001,741032,533411,592396,1509442,941441,3139
2012975,1523922,1953026,1211827,244479,4725770,719467,744137,504058,554478,1766198,3287460,6787
1634533,1528095,1875988,1415752,348239,5315693,493733,519616,342430,431006,1098398,2513333,4979
1303339,1533057,1858679,1415322,341351,5398187,692199,719777,447640,423290,726383,897225,4203
1027209,1404824,1636373,1274123,356179,5538891,701540,734076,488916,549305,1506545,1736769,3128
1598064,1328198,1551194,1181009,125563,4870306,503402,767228,465764,531409,1499315,2503279,5717
1622739,1726349,1994533,1529138,349413,4999144,351852,285510,443947,541576,1439044,2353718,5520
1652642,1701355,2266685,1644056,458962,5863613,923585,973556,467448,446028,715454,1702977,4901
1005584,1224329,1513532,1191507,358691,5511665,735590,766881,456805,507574,1429804,1618181,2981
1657885,1628581,1715352,1349486,129334,5112838,484115,729984,527020,601923,1515285,2445601,5768
1640145,1489786,1905051,1450308,349394,4761349,496181,287122,418189,457843,1474975,2549185,5529
1584767,1545807,1918353,1456112,361575,5432690,736621,769066,401103,441602,716248,1622076,4251
995817,1408917,1724012,1406814,460318,5771299,900375,940965,491875,546576,1396142,1692470,2943
1568260,1436040,1609272,1264270,127121,5144570,506635,769018,494103,541931,1503657,2439760,5067
2025183,1888554,2400194,1508809,362366,4961371,721702,504215,520425,573457,1766730,3134411,6576
1662788,1525567,1908790,1416027,348213,5271999,704798,738263,393180,437794,716118,1719612,4124
1004887,1366583,1494901,1385752,346215,5301033,704837,737248,448342,497750,1053725,873655,2901
1655868,1620071,1976285,1226394,244997,4941486,724372,974868,536809,578419,1817783,3270790,5186
1646314,1660032,1978369,1489759,349999,5145203,498926,287014,453207,499857,1568797,2581699,5782
1589589,1633389,1961797,1498639,362066,5515446,737147,770707,418731,454801,732682,1611856,3951
1003631,1318212,1505102,1400204,347890,5210449,690805,722727,415164,468439,1038616,880325,2943
1272921,1344771,1503478,942375,239179,4883464,735457,768633,447765,495594,1464641,2426552,3649
1626221,1697285,2016416,1543425,244477,5140863,272581,518177,454607,550128,1446719,2410345,5378
2004686,1760011,2312061,1691538,459389,6016933,922819,742848,487528,480815,1109252,1703546,5528
1005177,1316349,1540567,1434744,360455,5448998,737167,770513,447618,499685,1359379,860543,2965
1373290,1292216,1481872,907109,239134,4734085,713522,734421,417251,465892,1375160,2409897,3912
1669465,1680731,1971323,1523196,243104,5199127,282692,530347,458942,569837,1549555,2492641,4473
1830598,1861710,2233775,1758647,369954,6335485,744704,526780,438712,442921,1255131,1755175,6701
1852854,1486174,1859954,1399651,243689,4776608,487742,749598,501944,563087,1739420,3015619,5998
1642967,1541989,1917494,1435824,355699,5274517,705326,511475,337253,380529,1086505,2520926,4896
1261263,1510248,1864425,1621345,464213,5785755,965628,1009423,519029,518361,1094046,851466,3094
1368293,1686789,2071092,1597081,474587,6543564,954973,982363,552040,598040,1519621,2380061,4082
1665781,1449590,1576455,1208088,125828,4861391,489517,742083,473850,520558,1495663,2559800,5665
1877345,1672772,2240434,1661824,471560,5383049,728053,519651,408390,446235,1437062,3130705,6169
1354518,1571569,1956243,1475913,362465,5413997,719922,744761,454594,506777,745920,915826,3160
1016030,1389939,1233258,1284105,349606,5745076,717831,758290,537551,587505,1559580,1713624,2985
1583220,1544585,1933340,1220218,126653,4228941,502024,764920,482973,512285,1402076,2365288,5756
1624600,1563653,1892949,1417139,339667,4712552,485658,280900,398525,440101,1399071,2424293,5266
1622532,1608967,2185710,1596914,459224,5730537,952097,996065,432175,480204,708080,1649332,4125
1027041,1157756,1141760,1159369,348536,5133526,706862,730415,440767,479822,1356003,1600338,3073
1699273,1769898,2021707,1238466,123694,4326555,492221,744699,521175,584111,1565812,2573376,5548
1593433,1546473,1884291,1443745,357642,5437427,505495,286179,375860,462175,1455821,2412368,5282
1630371,1589017,1944903,1458663,363934,5334467,723053,743603,457270,454862,721840,865457,3949
1013759,1343346,1503555,1404444,338184,5425939,698295,738185,467509,499144,1243186,874198,2935
1579915,1675574,1989420,1283061,245141,5052531,739564,1011487,544739,595929,1793490,3044418,4892
1704318,1710020,1999218,1522451,355970,5583127,485617,281041,413906,499077,1490349,2561966,5731
1602463,1499332,1895488,1413952,352034,5448500,733847,766793,456375,443018,724248,884979,4247
1364772,1437639,1958798,1722454,469320,6123219,944343,745329,446177,481060,1741246,1618521,4210
1646235,1326715,1506964,924705,124392,4791806,693704,728206,474744,512572,1453807,2516041,5086
1956553,1801011,2356502,1790806,455665,5707676,499869,321321,438819,554003,1877290,3184647,6462
1633589,1522317,1936915,1437054,361400,5356696,724048,745570,452132,453485,730438,883973,4106
980548,1174735,1467862,1397607,340196,5380705,706292,747205,456494,488434,1437660,871256,3035
1605626,1339550,1504197,923938,126544,4905987,721833,749221,443108,487425,1400882,2280183,4952
1611735,1624470,1996692,1533547,356632,5009206,266499,280685,430855,544015,1496439,2550430,5489
1713988,1728367,2302471,1677425,458849,6005651,951828,995929,486582,498007,768202,1636532,5673
990027,1179320,1531562,1438525,360425,5383801,732520,754097,451618,504605,1407707,877154,2898
1667727,1415744,1559780,951660,126421,4905530,709220,744790,489883,531203,1499794,2536914,4969
1622470,1647103,1922282,1466030,355130,5003158,273848,286413,435744,541632,1463866,2346966,4684
1642487,1659565,1988099,1507703,358572,5463938,713112,734023,421203,407803,751993,1672399,5793
1019037,1308148,1864744,1412330,347785,5321883,716567,757511,455022,499619,1083881,900477,3129
1607766,1355248,1552132,1166762,239498,5263328,740207,1004291,503335,555047,1756992,3048504,5109
1642422,1544743,1835435,1371323,330627,4610786,300785,281712,400100,491757,1367618,2361679,4863
1577904,1636564,1967889,1521244,350148,5799580,733770,768991,467420,446679,759497,1647623,5293
998702,1450582,1968090,1461469,361120,5498300,737547,759407,486252,540704,1082618,888795,2951
1633499,1415142,1500552,1179900,334642,5993603,889245,726624,448477,496344,1797888,3214295,5006
1847891,1673277,2217791,1634553,358686,4718992,502950,522690,443397,495921,1780240,3100516,5243
1657743,1715992,2002890,1521300,362434,5505968,719505,740643,477203,510458,788248,1643846,3969
994768,1401996,1785233,1449880,337251,5330857,697026,736736,458829,512581,1070747,852777,2899
1323195,1201374,1166391,956102,245142,5513648,740992,772624,463657,508584,1426827,2343814,4033
1630287,1566080,1909883,1415212,239486,4088982,267867,509171,449968,493359,1435394,2533362,4850
2059352,1854928,2424307,1816758,456468,5788183,952418,777686,489160,510807,1211082,2482885,5800
997496,1533593,1633349,1558968,361048,5871354,734401,756536,528482,574924,1124269,881576,3054
1280856,1376048,1510573,918974,235338,4753354,695679,730837,456797,516011,1463905,2515454,4153
1547718,1484888,1820271,1373351,227608,4150861,269832,523442,437163,492279,1385763,2290332,4983
1660694,1571992,1937396,1439731,360939,5247795,719867,512218,341033,371246,1065498,2436650,5118
1327123,1593152,1881239,1671170,454980,5901713,933760,991038,540453,589547,1131863,865642,3030
1322775,1464682,1560089,1010435,243609,5072356,736542,768173,522710,567273,1479424,2352234,4084
1648165,1555605,1931195,1442225,239002,4778175,271247,512613,404937,505796,1448833,2549774,5474
1562949,1511711,1869024,1404233,344734,5327021,721645,515138,402722,397028,1098018,1650815,4873
1312210,1595001,1925679,1443274,359818,5402310,735439,755806,469184,517374,973889,891038,3083
1288548,1511645,1575548,1461239,457898,6083912,919776,967036,567264,615646,1489453,1730519,3280
2164561,1908951,2601836,1662022,349316,5468901,502362,765188,442738,647773,2167478,3819135,6645
1660269,1642750,1972791,1478630,363086,5471514,723986,515062,425297,412412,1108086,1660485,5241
1300346,1351528,1851951,1394354,346287,5229672,715821,756794,456474,502314,1086290,842098,2834
1274584,1330206,1223798,1276930,246950,5725646,733556,765081,520763,565050,1483996,1568286,4161
1745690,1707542,2015386,1271062,229409,4292071,491030,532907,503382,546927,1504105,2616815,6356
1891648,1616672,2194794,1610016,459165,5791940,721570,527595,379777,433731,1438969,2423512,6168
1317718,1354361,1886964,1414736,360897,5220396,732825,755460,433779,480975,1037710,864134,2957
1318212,1251928,1146705,1165701,234623,5214148,703076,739058,462494,501000,1461929,1682094,3916
1546535,1522572,1922787,1213443,240155,4434531,494234,515745,487855,537548,1466509,2388255,5831
1658969,1500008,1914287,1452096,360780,5295779,494446,511074,356223,449763,1077572,2434110,5097
1316589,1493764,2222469,1624754,457512,5714223,939961,993483,481642,470329,1045644,856186,3981
1290101,1205062,1157132,1142871,230747,5387451,706308,734700,458665,496370,1377891,1703568,4048
1676249,1762759,2042516,1297918,242064,4456666,491122,513524,486338,528555,1504893,2576975,5980
1634346,1541993,1917611,1460389,350118,5513088,503085,523732,362029,451176,1119442,2479610,5496
1317205,1535653,1905510,1430547,352047,5459652,716278,737523,441320,416164,704557,883485,4354
997459,1148600,1489292,1146017,347184,5228208,703894,739412,450352,495633,1468247,1715480,3091
1920424,2045079,2710220,1953584,559048,6557248,1113045,945671,590987,585789,1113549,1691143,4736
1009034,1396892,1509695,1404684,338065,5593459,700060,728796,431319,493296,1201250,866048,3060
1325021,1346304,1526347,950070,243091,4786186,721021,742237,434002,485934,1398946,2470100,4112
1583228,1469732,1848959,1369698,235449,4525266,268514,516120,384704,475070,1430386,2518083,4987
1649686,1529982,1914579,1458772,360826,5482820,728569,526527,406364,386069,1045423,1602404,5319
1295332,1523061,2015168,1802070,472942,6189307,923619,962480,592509,642842,1534036,884200,3233
1606307,1410908,1519756,955693,125138,4878171,726823,758720,482121,535647,1492969,2471344,5395
1593911,1517621,1892909,1411746,311529,4630839,267370,348634,399414,485567,1361891,2337728,5412
1671026,1496175,1857352,1381576,343515,5207401,694867,507555,383842,376350,1054201,1687219,4963
1310569,1512130,1950878,1487741,354986,5651868,735026,768910,526583,566582,1142263,874595,2945
1690841,1477953,1595812,1242516,244346,5593717,951566,976026,513577,579869,1819247,2502241,5914
1631678,1471620,1861554,1388543,345856,4723301,269973,282377,395506,494068,1454435,2539780,5147
1582338,1542091,1905853,1456518,361525,5414537,731351,765313,404506,385708,697336,1581419,4852
1119135,1377148,1903271,1428287,357867,5197292,704568,734442,445878,486676,1060801,882961,3052
1283089,1306064,1221881,1256585,236549,5703280,730540,763843,548035,597167,1580097,1662042,4413
1944736,1695090,2303787,1442004,360644,4870420,502848,517644,439486,558543,1733961,3162604,6505
1619067,1534445,1887372,1410184,345386,5265484,698795,730001,397089,379036,714340,1696189,4924
1322605,1593399,2271337,1707082,462744,6300236,943227,980951,556067,608625,1069773,866476,2956
1350162,1276038,1203653,963679,241524,5468288,715632,738491,456671,513162,1431845,2451831,4179
1645392,1605352,1938380,1398744,234495,4405644,286759,515881,481249,543588,1522242,2583135,5729
1613435,1535383,1914573,1438125,357584,5404392,505231,526597,346114,432361,1046479,2318709,5145
1305766,1517891,2308467,1696378,472181,5742441,922520,961697,496102,500710,1103509,896088,4186
1263208,1275346,1188222,966978,237390,5462205,722691,754321,497425,547644,1496763,2417262,3682
1569374,1636305,2024802,1548187,242871,4446922,266847,514346,500939,556362,1441582,2405648,5659
1664589,1523977,1921660,1420012,346477,5276864,704188,510868,340124,369934,1092758,2548899,5412
1314442,1496128,1867314,1411103,356232,5339738,734965,766770,453998,498823,716156,875739,3189
1349902,1239636,1458744,1178959,347055,5799625,920174,945153,501905,553848,1728216,2446582,3886
1632967,1647253,1970642,1482806,235725,4323604,270775,520491,523842,577817,1557957,2551600,5466
1595189,1626916,1935427,1468473,350532,5532067,715817,505916,383279,405301,1088023,2280071,5278
1349667,1503782,1897336,1421932,357466,5294951,706076,740043,433822,482869,708353,903731,3141
975650,1191580,1154576,1162696,351352,5307928,733867,766533,456836,499785,1454615,1629980,2863
1927934,1921610,2353743,1494606,226591,4554565,503660,754310,570385,625165,1751744,3029358,6153
1698700,1557368,2343131,1722651,464534,6067317,926516,733148,431853,455433,1454697,2599461,6011
1617298,1660610,2207999,1639519,461530,5954897,941449,979727,495974,485836,714257,875188,4010
1016007,1168025,1140904,1154657,350721,5096651,698907,721084,432584,473354,1369260,1626789,3084
1660942,1592120,1892337,1162223,126147,4180853,493594,755961,463989,522005,1488933,2560566,5154
1892140,1856680,2346873,1763204,473762,6250644,723127,512192,432999,467760,1450969,2324508,6359
1542451,1600177,1914730,1218175,189068,4278188,507997,611223,490263,528828,1427254,2270612,5288
1609982,1568084,1922442,1412751,362222,5250502,496226,282834,331140,427881,1425460,2498332,5281
1550491,1548953,1847870,1382447,345650,5126261,717966,759359,460843,432367,700706,857805,3740
1005607,1292810,1561999,1474524,360877,5567696,733634,765558,502176,562997,1452178,847399,2839
1635457,1395781,1572956,925819,123996,4711662,706113,736735,443159,497685,1449451,2553904,5895
1890644,1590292,2175982,1596972,460095,5241797,492584,514266,367493,468446,1417834,3191949,6161
1407649,1548054,1913751,1434802,361001,5245191,732838,749477,432434,429268,709712,868370,3836
1022481,1212354,1516354,1369810,337550,5137521,687654,725198,440542,492132,1423000,891774,3065
1572127,1459259,1582016,995261,124303,5059705,730149,764719,511151,573528,1492338,2397750,5407
1664043,1603039,1984320,1509868,364834,4883061,273656,285634,415543,516782,1456890,2482805,5237
1625691,1680790,2224468,1628106,453446,5767920,931205,985920,473565,456540,710702,1680759,5015
983541,1202601,1525869,1188294,359844,5366116,731592,765183,443293,489196,1389831,1592185,3032
1634255,1490088,1588376,1155368,123277,4702962,505651,733241,493203,543829,1509203,2542070,5208
1967207,1578538,1909587,1452358,344036,5468892,478785,499627,528341,620735,1838986,3123975,6589
1619350,1544840,1878920,1399873,350577,5202068,714891,734997,393659,384369,710227,1650777,5156
979229,1339446,1882851,1384880,456164,5707191,923448,976415,501435,553640,1462849,1691793,2894
1568572,1404493,1530542,1184253,124448,4759644,486209,747347,463446,516022,1407741,2263112,4471
1620188,1672096,2037222,1566813,364923,5150859,498259,287043,458642,492780,1446981,2508788,5986
1606076,1503748,1846710,1379224,345942,5210064,721140,760653,383152,428272,706347,1695818,4242
1000362,1346027,1803603,1400913,346887,5396656,705272,736271,437407,478532,1007056,857439,2902
1316697,1160418,1121962,920348,234814,5174768,698060,727877,430304,488528,1420767,2480390,4109
1904485,1789817,2286703,1688324,350085,4785703,499780,522328,498969,550496,1872646,3225767,6266
1645306,1611209,1942094,1490732,352014,5402233,715102,731496,426178,451631,726752,1602510,4384
1044260,1522002,1580448,1469379,345771,5472870,702680,742139,492618,543005,1143474,895772,3161
1267107,1312477,1469971,917123,241061,4691043,730095,763590,436514,484469,1393774,2319087,3627
7957582,4448177,9795934,6372226,2899267,11614837,2356098,513731,527584,1146822,9046518,19904355,19348
3516010,3481352,4565298,3557177,673866,12115839,1338141,1389791,855556,868523,1464040,2121879,11375
1722301,1322242,1214343,2001033,351576,9096079,1052980,1124947,903157,963292,2574555,2112920,5640
1717711,1691722,2049275,2140160,455399,7799617,672068,713524,567917,707495,1686698,2453243,5816
1381804,1610803,1948036,1443090,356569,5330689,703064,735615,457507,456445,737637,916075,4539
1341253,1622470,1997393,1533283,450807,6323311,728077,761632,564348,696375,1959132,2359263,4087
1970387,1703179,1941596,1326934,246199,4918514,573870,725899,547725,598306,1766106,3094956,6743
1641141,1607293,1900844,1426063,350279,5208490,490622,514348,362718,455739,1100284,2522840,4942
1329551,1615405,1940584,1462283,362285,5528317,744092,776257,481356,474842,768676,881184,4066
1079158,1510293,1675315,1303235,365356,5579372,727771,748322,537367,575505,1503399,1680289,3172
1624217,1542590,1592777,1262722,127516,4956826,496370,757441,530539,552483,1506566,2584981,5939
1890467,1725025,2304199,1704650,481066,5389883,734943,523673,412567,450932,1428839,3062557,6302
1356535,1513311,1911769,1410569,358218,5158370,708235,738228,427356,454739,703983,877639,3395
999084,1093130,1476850,1129736,347485,5075924,723625,757272,415834,457933,1420744,1631094,2904
1641672,1527888,1644099,1288270,126429,4959404,502269,757405,520550,573691,1487453,2384698,5181
1690429,1622111,1976730,1484915,349999,4869896,487761,282758,425666,444900,1474651,2558418,5512
1572328,1509062,1854206,1393412,352369,5292133,721832,754655,396345,440549,706444,1609101,3879
1349562,1370164,1939731,1691174,474588,5809955,927616,958764,493642,549987,1426522,927707,3142
1607778,1503946,1566171,1014806,137062,5022630,717865,759434,518380,559034,1510934,2465014,4841
1548146,1540923,1924205,1477823,248355,4858299,272606,482504,422948,514200,1360035,2293422,5769
1954285,1715701,2300808,1654564,468845,5711974,709334,513618,397642,447717,1458291,2522313,5928
1581615,1534022,2241989,1653765,460397,5279118,735849,767433,522316,579128,1453822,1583089,3996
1622988,1432977,1561756,1177456,236013,5239615,945987,970471,513255,567770,1723807,2392875,4729
1695957,1756590,2023151,1519220,348391,5051338,274578,285127,509446,599686,1561882,2574477,5824
1613821,1561138,1912884,1443194,358833,5454827,725021,751147,400875,395296,716669,1611823,5247
1288218,1354822,1906583,1424752,347859,5297911,682404,702072,429821,487694,1069238,927945,3250
1320296,1174993,1135052,1168232,237377,5384297,726504,768303,450617,494983,1469110,1684830,4016
1853032,1828614,2378970,1541772,358449,5124121,501756,524085,490175,600267,1790515,3076202,6350
1677493,1637523,1973575,1469698,355210,5430965,703836,731951,446176,441370,735342,1721880,5509
1017655,1353908,1872596,1398087,352728,5202563,732389,765702,444525,484967,1081250,861123,3008
1322705,1205757,1163341,947438,239130,5350889,725633,742972,449465,493496,1382806,2379852,3919
1614497,1608198,1893747,1248067,233882,4299252,380258,488246,490274,540731,1471036,2464830,5079
1904256,1845105,2373629,1781467,482560,6259778,738885,770745,447789,502074,1149817,2431513,6560
986060,1374079,1915284,1438310,364534,5410054,720541,740845,446589,502634,1077203,882908,2920
1333340,1189504,1181047,966448,238110,5456948,720827,766507,465749,512660,1493254,2559891,4121
1616764,1564435,1949155,1475907,245545,4393395,272603,525013,460206,511891,1405692,2332906,5045
1580162,1630254,1983445,1499019,350845,5586829,695802,508857,379521,411002,1094460,2521187,5344
1323493,1636711,1964464,1481017,352495,5571274,733295,762888,481848,494525,767893,881898,3909
1649378,1452074,1952115,1484462,362504,5901178,961587,1202675,581682,626996,2085364,3117762,4985
1654607,1520625,1878282,1385520,233480,4109365,270646,515263,449278,497833,1451488,2538720,4896
1609871,1612115,1917190,1453874,359073,5601602,735716,526154,394165,423359,1118082,2365078,4641
1312223,1657196,1970277,1527301,361261,5525681,719008,740502,478668,528920,739198,863774,2984
1008526,1210107,1164090,1186668,347616,5410192,715490,752046,457971,511032,1454972,1712928,2987
1876388,1530325,2146278,1411017,244553,4603326,505963,769498,509289,555333,1748275,3057394,5880
1616293,1519757,1898055,1396464,351846,5163184,488447,283390,335702,431079,1460667,2515015,4747
1584623,1701400,1995847,1542029,356886,5731372,735246,768364,530357,505230,737521,867845,3782
1031126,1164939,1521167,1437232,357984,5607117,720443,741313,477992,524566,1417187,900402,3113
1631828,1354878,1507493,930569,127106,4769227,712117,752684,458560,499499,1475287,2524422,5102
1885329,1688200,2265740,1683557,486192,5442895,515132,518764,387104,491141,1466064,3112810,5937
1645098,1838173,2036179,1567530,353046,5630324,697360,722617,547301,518015,788844,872361,4165
1025267,1226881,1557559,1472127,347819,5516908,728937,771267,467927,526457,1507812,893735,3105
1300151,1232341,1177565,963552,244298,5489046,737818,760147,463089,507281,1430850,2454609,4287
1667559,1526595,1879573,1401066,230314,4268620,271119,513474,463907,513608,1475107,2553044,5431
1864118,1686746,2242288,1662390,478673,5829777,964383,765872,380747,428860,1065691,2382946,4885
984553,1568042,1678559,1545683,356373,5673958,710932,733705,527982,564254,1103608,890153,3069
1630561,1189900,1194387,915383,236254,5911381,896311,949206,535036,593108,1802880,3197869,5410
1603082,1517287,1878688,1417261,243117,4119550,272052,523693,444659,491031,1404305,2334470,4736
1632997,1526484,1905202,1414586,356434,5085200,703168,508858,346436,381275,1078214,2540490,5054
1314331,1574651,1932978,1478485,349555,5560804,727454,761050,518658,570915,788896,886129,3079
1353213,1412022,1543976,1239824,364576,5606960,969442,993315,512677,566074,1760016,2452297,4183
1655595,1498702,1892050,1397692,233298,4732774,274826,514351,398788,499948,1457863,2515207,5241
1555582,1519945,1870339,1417601,346655,5391372,708757,495770,350298,396477,1086166,2057652,5110
1329530,1530378,1906527,1409467,363644,5205146,721582,740306,441765,477864,711544,874898,2921
966240,1343745,1216817,1249160,346537,5556282,713574,758537,510041,554231,1495190,1740174,3141
1910706,1603747,1954007,1212642,244745,4804837,734423,765968,542567,597419,1772177,3143348,6510
1629385,1570465,1932210,1420900,351465,5254821,490009,511460,353451,451817,1102772,2522596,5169
1283973,1511563,1853054,1404313,355611,5291346,732829,762000,457278,453637,719306,867440,3585
1018072,1353438,1636794,1393874,362673,5524275,730979,755415,505231,560750,1479580,1489196,3178
1655771,1459404,1569814,956676,126146,4926571,708974,749193,490416,525616,1500495,2571737,5650
1897935,1678121,2253233,1656347,480691,5356687,500227,524150,390714,484646,1396192,3111598,6182
1331787,1556513,1916121,1661071,478437,5711960,934945,961783,500848,491872,1075748,895657,4095
989019,1297123,1516527,1457093,441570,6133945,919459,975555,565339,604915,1841604,1645562,2952
1623246,1411233,1573222,1249409,125815,5076786,505044,759355,514914,548146,1422539,2375993,5874
1623762,1602568,1927937,1428418,352785,4654998,465294,284200,412610,501937,1468555,2529653,5312
1595613,1712324,2250500,1671107,467554,5946008,964265,1005085,470437,469559,740780,1653452,5036
1038143,1195314,1576937,1202747,365697,5569082,738752,759193,435141,488045,1395487,1650982,3151
1686518,1496376,1610106,1246980,127146,5004962,494350,751893,516494,573437,1551168,2584288,5882
1603860,1551041,1909719,1439487,358115,4775699,502497,284616,393790,436952,1406957,2322586,4959
1667922,1537497,1946061,1442070,363804,5347813,716474,735950,410462,447804,717074,1708172,4481
989170,1393012,1580616,1426978,346749,5385525,724090,765861,475067,534236,1111182,880203,2892
1582130,1563132,1614080,1259641,243490,5412636,717919,990347,551752,607165,1778012,3000123,4567
1652132,1561577,1984386,1494084,358969,4794843,489911,285029,421182,438140,1440275,2600399,5795
1691683,1531643,1892999,1407391,354002,5235217,733797,767364,406017,446607,721348,1671556,4067
1006773,1384526,1528208,1424870,356037,5282920,722313,745586,436518,493607,1047680,893965,3084
1315010,1196508,1143043,1155483,236587,5291620,719234,762050,440752,491139,1475512,1727913,3955
1952143,1900786,2422956,1556757,356596,5108498,502952,530523,542160,658095,1858949,3084757,6926
1623427,1595923,1929129,1429462,340007,5323010,675137,557842,391767,385862,984723,1618431,5636
1289465,1366308,1875699,1413969,348055,5324484,728120,766848,462086,512472,1090879,863154,2885
1325984,1428899,1563156,1471469,353661,6120536,952318,987035,516130,573693,1385480,1611576,3757
1643976,1746437,1997618,1272054,237545,4463335,482563,504967,514219,570943,1543840,2535784,5361
1875555,1735225,2299462,1733322,473424,6289800,734473,765862,421257,437054,1080624,2420768,6358
1339654,1568455,1945291,1460933,358225,5363583,706567,727318,463132,503763,726228,877886,3152
1007209,1171576,1323958,1146665,334238,5499457,697509,737866,444322,490171,1401749,1695049,3000
1655828,1475622,1614010,1260242,128934,5036430,511050,774665,493447,539064,1456271,2354331,4951
1636569,1618478,1997968,1500604,352557,5018818,487570,282519,458759,504011,1535168,2555275,5682
1592137,1657741,2220695,1632966,464899,5868051,962952,1005676,445449,498073,715932,1685284,4239
1579405,1326211,1515966,918548,125727,4833787,734212,767359,443478,496052,1412249,2341081,4805
1648914,1565942,1932413,1444661,355328,4743640,271217,285637,399733,505206,1440031,2559244,5307
1537688,1705560,1925957,1476793,334574,5492895,700475,668329,440788,408486,894788,1532476,5126
1388356,1471851,1979046,1490323,364186,5600668,739813,760349,480660,522021,1109289,909686,3182
1335632,1207802,1135116,1174141,236314,5349890,707803,746757,465011,508940,1473095,1719657,4194
1858493,1658873,2247665,1412464,359307,4820250,508200,530416,443965,564881,1803518,3115821,5377
1687056,1689238,2014328,1503297,363127,5440681,718154,738697,440005,411341,736858,1686732,5697
994845,1487959,1981611,1490825,351016,5639091,722990,765380,507979,551040,1128854,879656,3173
990204,1218300,1255153,1178379,362135,5322567,734748,765585,439474,488485,1386108,1646144,3192
1646856,1611250,1920004,1424569,226677,5366192,685623,939335,515072,570983,1444216,2528015,4950
1864386,1622317,2220837,1642592,470081,5275773,730238,522646,376202,417498,1422268,3179277,5718
1340647,1741428,1998048,1528310,352754,5680781,710033,730660,486157,540416,757089,880946,3029
1023019,1286453,1190911,1204502,351111,5533482,717150,760148,477653,524788,1503813,1754174,2960
1607186,1509553,1869880,1168782,128235,4190787,489252,743073,447887,479093,1364479,2263079,4966
1651642,1569186,1956063,1479412,359426,5343302,494826,284131,363108,438502,1439039,2497300,5760
1597694,1833462,2263008,1700560,442510,6130023,918251,972615,511569,563610,764434,1493885,4034
953291,1179224,1134526,1202887,361895,5608624,738156,769008,511699,545569,1447971,1644975,3165
1618004,1609438,1923862,1174135,126102,4195806,491265,722118,479124,522168,1456938,2504516,5516
1581986,1481261,1853576,1381708,350156,5263102,495691,284730,337559,441189,1429752,2379484,4858
1623293,1555491,1921746,1434100,363628,5394283,733181,754173,440641,427071,687316,852595,3826
1126857,1390584,1602455,1511287,407967,6169171,892102,944027,562621,615248,1839250,1605651,3251
1058826,1219514,1593917,1465224,363482,5490903,726004,751506,450794,509219,1439875,938243,3306
1608611,1372090,1502737,934182,126972,4751601,713942,755208,450115,503271,1464194,2520648,4745
1600658,1519760,1889536,1421985,354721,4718898,271026,281104,394438,498923,1384681,2298477,5017
1967213,1831665,2374045,1774964,475401,5556723,708051,735502,485823,483135,1116084,2519381,6544
1329864,1611379,2289084,1700009,448110,6225333,717894,756715,491542,631069,1484765,1643457,4181
1581434,1361794,1470158,993254,237774,5217112,826932,957887,490544,541676,1671062,2988626,4942
1628984,1529194,1878411,1395941,234597,4210422,273485,517359,450437,506540,1478491,2552037,5299
1590135,1655102,1914942,1466285,360089,5493522,730119,520051,393114,422416,1123169,2323234,4618
1377038,1772391,2088561,1573633,361157,5644143,707178,730050,544690,603945,790677,907006,3241
991069,1196195,1144835,1183617,349754,5269541,726211,763673,445443,493647,1455412,1692208,3019
1895107,1675539,2266939,1413797,244075,4737994,503953,763962,432467,535626,1736234,3059712,5812
1647741,1525648,1893360,1398512,354972,5066737,704955,509512,342484,371577,1070979,1904257,4674
1253252,1641190,1936272,1470416,353244,5473494,733879,763050,491494,538978,714305,878521,3046
1019049,1237379,1566461,1467820,361074,5381116,721314,743592,470810,505527,1448716,896249,3100
1610997,1297716,1457501,886458,125149,4671229,724306,766160,441489,488004,1483122,2586202,5249
1894639,1658104,2207585,1622862,471260,5146710,504950,526180,397202,479329,1363836,2968920,5223
1303183,1651572,1933765,1452133,354076,5233374,699944,727904,473893,463555,735379,866454,3752
1032484,1295849,1594524,1323583,350747,5617423,736101,773178,500881,569928,1543913,1617070,3187
1664971,1377785,1573237,954722,127128,4892237,736242,762851,457358,496074,1420847,2403570,5584
1673038,1526122,1926912,1413003,349436,4644096,270812,282914,396671,497450,1482103,2551985,5433
1586090,1487222,1864443,1411389,361573,5324214,735041,525891,337837,366644,1047993,2346426,4737
1648447,1894057,2376040,1747405,480393,6050554,1149227,1178936,611630,676435,1480848,1648848,4100
1329891,1410286,1529273,978184,237788,5040320,725620,767543,498884,547867,1500327,2475999,3952
1616893,1494296,1905220,1429178,244830,4666708,273726,525388,399481,474744,1390211,2349017,5143
1602653,1524493,1870510,1389577,337896,5155535,675403,478134,351860,377379,1077749,2409372,5200
1326727,1630980,1956460,1447428,354059,5412841,740856,775012,477028,528695,752256,899322,3137
1312892,1366883,1567071,1169875,362693,5417394,968217,993854,521928,593420,1797765,2499474,4428
1604322,1510304,1857880,1146460,236238,4063958,477973,503640,448696,493299,1431887,2489749,5068
1587857,1566742,1915541,1452371,362173,5477748,505516,527643,353264,444699,1074653,2309100,4625
1448732,1691049,2000287,1520406,358264,5606904,708212,737436,501000,491294,803960,931360,4560
1029934,1482083,1660874,1508739,340240,5630702,708913,744174,557679,607188,1532093,1006955,2954
1963704,1592849,1961418,1224752,245593,4718075,738787,765532,531482,575057,1773014,3170849,6561
1689869,1564997,1907011,1412529,351673,5224300,491411,514626,374657,462802,1120418,2539982,4981
1317868,1638664,1901054,1460779,352662,5403529,724652,753623,504654,485017,769465,869402,3958
1028632,1640701,1675543,1578080,366694,5682674,719677,738752,524152,579027,1159306,890810,3043
1365778,1434436,1544565,961550,238817,4765336,727914,769756,500258,553618,1549781,2537654,4424
1910230,1831170,2292808,1698939,346424,4886289,508229,528356,471497,500968,1728463,3021297,6200
1639462,1633559,1939843,1725322,456829,5882393,899771,938376,482756,536845,1124520,1715982,3957
1036466,1471264,1554569,1438055,355610,5269441,740050,769742,494824,534275,1136325,877693,2928
1336921,1669416,1680378,1045533,244760,5077525,733159,754299,534923,571507,1491247,2451151,4543
1649197,1605002,1934471,1455032,235861,4783064,273841,517664,429150,523504,1507077,2562756,5616
1580810,1624290,1905920,1442509,360952,5485147,734729,524945,433997,406277,1098966,1621451,4450
1303052,1443044,1876498,1630774,481292,5634222,942421,967969,462216,515861,1295288,889002,3067
1296572,1404295,1543628,950046,235486,4749735,719843,763234,478282,537668,1499244,2518641,4090
1639911,1613583,1970253,1506109,248329,5041863,273287,527437,436677,541808,1459787,2411670,5528
1649428,1546492,1941259,1436250,356365,5292287,710016,514294,394783,380436,1093326,1716577,5549
1274426,1305963,1806592,1358441,347531,5138466,724413,755402,438503,484224,1063434,844834,2721
1328234,1188286,1526067,1187548,362861,5904603,951083,976293,513415,568910,1763395,2424816,3713
1658109,1660599,1977260,1368123,237190,4391565,297137,518955,465838,506749,1479172,2577021,5791
1624469,1508062,1947493,1614822,372580,5969385,512462,529015,432489,495028,1163823,2543998,5433
2510698,2623781,2857624,2044827,324003,7564231,813362,605417,657363,754684,1904825,3083327,9124
2218721,2345655,2453448,2095146,439353,7722281,868381,920786,865549,958093,1302895,2020311,5979
1643537,2407174,2500320,2162451,418904,8011023,1026571,1033989,843109,1007739,1899364,1798696,4999
1915413,1603559,1896282,1206400,126572,4758164,732101,994729,526987,584793,1835197,3123229,5873
2030858,1899286,2337390,1695721,346981,4861359,288532,501539,486753,607120,1813378,3144567,5803
1565278,1561821,1813969,1368092,334509,5058290,506019,524721,353338,443970,1062144,2343642,4154
1374756,1782420,1987052,1506112,350024,5550914,711046,742268,524310,504395,778676,883554,4083
1364222,1376307,1682906,1317189,360271,6202786,928740,968886,558525,621300,1931223,2556237,4585
1678824,1567494,1918106,1447042,244818,4306945,279074,517902,480519,525869,1485671,2442332,5383
1610870,1552264,1919134,1441163,361029,5373163,732539,519025,335075,382050,1045716,2398354,4855
1301832,1515134,1851923,1371433,337663,5188935,686857,726496,432508,486662,692783,885131,3165
968321,1300977,1454078,1230203,343018,5630525,696059,726187,504676,552871,1420584,1619226,3146
1674940,1415914,1562583,1191344,123886,4731836,478374,724022,455085,508896,1446852,2493418,5661
1889264,1659225,2185063,1607095,455037,5157977,719938,513310,395298,434147,1457482,3280315,5706
1305822,1489995,1891842,1408283,359352,5225324,735056,768088,430310,480865,700071,875099,2965
1009110,1390794,1213265,1252030,348089,5671701,697303,727956,518782,561448,1504451,1701661,3118
1592785,1555148,1890065,1185242,124175,4048816,493739,746354,447243,499223,1452115,2400606,5693
1615886,1557101,1919560,1453875,343874,4881148,496009,281963,400752,448055,1395017,2365284,5593
1639575,1669844,2250748,1609412,457535,5734032,924716,979803,432131,488592,712924,1706762,4083
957195,1194797,1115789,1136807,350724,5240549,715634,748420,453341,497068,1392569,1549357,2881
1595192,1635539,1995642,1255902,123581,4294485,488669,731968,492532,542087,1467825,2504511,5753
1909644,1632957,2221039,1639006,448835,5039562,498162,284806,431268,489812,1829550,3233240,6462
1588126,1491886,1888326,1422526,361343,5384551,734581,766937,429534,423572,688986,875933,3960
993013,1340012,1508651,1398606,463120,5771052,914596,954391,499829,558091,1703182,1693303,3096
1589629,1571612,1914066,1245314,125147,4278388,494865,757962,494812,543196,1487686,2389570,5021
1733381,1684054,2017873,1522122,363378,5585500,506919,288391,351516,465763,1426108,2478626,6080
1612720,1487390,1892432,1403598,346347,5411054,706562,746878,459895,458274,708587,847379,4015
1005924,1199398,1513479,1422422,360950,5323689,732701,762995,451929,497349,1419693,842549,2852
1929264,1538644,1913452,1176702,232099,4648585,702061,743804,497705,550487,1770184,3244688,5834
1608667,1599588,1978776,1515965,346773,5808711,494953,291094,397261,496048,1540891,2546202,6263
1628908,1522126,1921012,1452981,355663,5389492,723261,755695,462377,438992,716073,894516,4327
999464,1152937,1513918,1385009,350674,5045490,701549,733696,426276,469378,1437385,887209,3069
1612929,1319409,1484452,899872,122328,4583846,725244,756994,442232,497822,1437486,2417412,5037
1693377,1781218,2055914,1557125,365063,5056556,275883,289898,444070,540506,1480286,2475086,5492
1755922,1767713,2328908,1704956,454653,6049113,915931,971771,499236,470371,767409,1743448,5655
1067934,1466202,1885178,1464998,351656,5396156,712124,740957,487683,522478,1070188,876982,3061
1345214,1205952,1151627,925779,239604,5204858,700191,732085,436365,494598,1445624,2519416,3867
2740001,2295731,3247653,2395633,371562,4103471,269964,957090,771848,829077,2776214,4856993,9092
3518057,1849412,2673448,1579758,362798,8318195,2112759,1935756,670372,753717,3193667,6940252,13222
1325379,1521535,1895673,1644236,461428,5814456,922054,968122,489031,544761,1064800,896549,3017
1288459,1342192,1469144,931771,242243,4704931,725588,754410,441625,491228,1408080,2351424,3707
1647453,1557374,1922063,1461365,228684,4402689,269624,511558,455943,503145,1388737,2390779,5460
1578563,1566937,1933262,1461705,347908,5553241,720817,523338,374046,411332,1110012,2558966,5205
1621561,1652947,1972196,1486910,363497,5469548,736594,766947,487903,472030,722087,895764,4529
1305262,1159040,1539269,1415883,347193,5659294,913640,952614,501106,568628,1845981,1717090,4049
1565053,1490891,1867796,1143688,240296,4041285,503490,527509,453588,498724,1454270,2420290,4922
1630403,1643116,1948711,1472892,355997,5433488,488134,506053,366378,462454,1103719,2389475,4863
1508955,1633707,1923985,1432406,330636,5441290,677770,716358,481944,470471,746007,886278,4434
1005993,1248609,1548315,1470046,361539,5482558,736299,769970,479397,523189,1442870,888097,3139
1642724,1337518,1510549,930326,124507,4529439,702578,726949,429061,469565,1389681,2451937,4999
1922011,1653400,2224932,1641393,462594,5446472,502686,526439,376419,496074,1463065,3323254,6176
1300039,1685562,2018446,1545447,362038,5772979,735015,767843,501117,483048,730484,901101,4147
1058061,1232336,1561437,1197169,347368,5377388,698606,728503,485032,535803,1476532,1711981,3235
1566469,1468887,1798827,1220276,240368,5197565,808721,978957,500231,546773,1409796,2312359,4781
1970660,1716614,2301067,1420759,362793,4723608,476436,493271,464233,560750,1724777,3096320,5721
1655537,1913248,2362893,1743136,462005,6038389,933428,986170,528919,509215,771358,1725836,4491
1060778,1391739,1665417,1312366,365372,5649827,736309,768581,509396,555624,1513569,1659029,3328
1693655,1559768,1613092,1261472,126013,4843346,479520,726570,511760,553408,1493850,2498001,5480
1687300,1742632,1973212,1490611,359424,4883694,509041,294935,452741,500100,1558698,2582020,5029
1675072,1770488,2004264,1506274,364913,5532887,739060,770236,461863,453808,794852,1676172,4382
1016188,1582938,2029573,1532490,468021,6112128,925764,963484,600520,648196,1584235,1752656,3192
1620480,1382607,1541958,1202248,126047,4665626,492613,766249,441875,487674,1426502,2415807,4912
1669777,1620209,1963027,1473560,362951,4813019,499858,282640,412816,450856,1430622,2464824,5366
1699086,1673120,1946619,1455898,344275,5297104,701082,742907,446532,488710,782990,1708333,4023
1036894,1579048,1608451,1508206,362644,5576004,738975,772278,519354,557408,1157345,889925,3069
1650728,1673855,1930581,1237261,245475,5027013,709401,959255,519922,581241,1842190,3336258,5749
1590304,1590223,1874637,1437441,253698,4880842,276785,469300,423968,526875,1474831,2337764,5041
1664636,1615950,1998604,1505479,367416,5455219,738424,520186,419508,396941,1099927,1692433,5427
1383245,1491726,1952234,1467948,350720,5338816,711202,747730,479358,533783,1154740,907959,3092
1284820,1330834,1238781,1272318,237317,5758157,719295,750294,524082,578452,1503357,1654274,4403
1683204,1646997,1981702,1242377,241333,4087666,495708,513466,482780,520249,1457282,2466475,5569
1922961,1820192,2281351,1682547,559087,6382381,920227,972277,490488,552089,1522107,3259182,5665
1227755,1413583,1874510,1418033,344825,5359724,705590,733871,461673,506502,1079896,906525,3087
1347459,1387390,1230194,1282888,243514,5437455,704915,737419,514231,568462,1551631,1721272,3937
1628987,1670396,1965853,1275709,241340,4376045,501486,524869,507598,579825,1543271,2487220,5548
1645891,1661664,1980988,1496114,357777,5382954,507228,521710,358486,461109,1099642,2388437,5484
1328779,1586124,2267437,1645743,456902,5650692,916780,962263,501317,508877,1104124,900204,4114
1326287,1342738,1194581,967942,239252,5448775,723910,757473,501511,552380,1490359,2360171,3914
1621792,1604105,1997722,1318833,243248,4305691,364440,490227,482563,543918,1436097,2444104,6082
1620164,1523800,1884710,1411873,345911,5306774,496099,521766,348352,447122,1112553,2538453,5225
1292465,1576803,1907750,1436497,362657,5484303,737049,768734,446959,436898,700914,874702,3827
1309819,1142958,1525168,1182805,356204,5710800,921691,962607,488523,554381,1807642,2482698,3657
1586606,1701252,1985347,1515728,240087,4420683,274963,526221,525178,585640,1549934,2463899,5610
1728472,1729821,2040506,1559580,365763,5629302,737300,519102,390595,414482,1128032,2477775,5817
1365678,1540178,1924690,1430759,349243,5395360,706650,745028,451816,450205,723010,917703,4200
995938,1188848,1502169,1154791,360220,5164562,737845,769571,433701,479595,1405619,1621587,2972
1617817,1487420,1568917,1223305,126456,4853455,504002,749631,492217,530136,1457737,2445766,4503
1881916,1621927,2267887,1676172,561121,6318354,927750,743846,482426,536010,1851221,4152116,6519
1300434,1566970,1924024,1456724,362528,5354019,734300,763315,455170,488962,696519,874016,3059
1021387,1197944,1164862,1190446,347250,5175798,685348,717631,441671,483080,1419862,1678748,3142
1595478,1396386,1781635,1168604,126284,4469651,503043,765802,476434,526366,1500130,2442585,4770
1679521,1690644,2019380,1515848,363097,5007979,501908,282380,415061,465054,1451669,2442127,5494
1644969,1746794,2291928,1675039,461479,6013895,927037,974007,468636,522724,714976,1735281,4335
1017112,1207330,1160623,1174441,357046,5334888,728457,757168,458900,502359,1424224,1609201,2963
1615654,1534103,1929453,1187294,125552,4182926,494929,742601,442011,493185,1435239,2469492,5182
1618297,1697959,1945545,1480014,346021,5496537,494596,285780,377659,477480,1510281,2504169,4740
1551695,1562224,1963237,1492792,361592,5660488,736008,767348,453277,468984,713371,952911,4514
1247449,1392749,1893934,1636251,452167,5721645,898632,937393,489653,556631,1449526,892260,3126
1547928,1339945,1499241,904978,126501,4674795,734422,764114,456823,501314,1437365,2388119,4607
1642394,1466879,1841163,1378201,345251,4695984,266419,280113,376546,472752,1349761,2378221,5405
1700202,1708287,2013373,1519956,348921,5587798,710702,754706,454073,449506,807724,1753353,5600
990591,1364541,1895389,1441231,364108,5479500,738312,765876,458996,512322,1048764,865598,2954
1603926,1344502,1481731,969286,238856,5208923,843082,920254,482102,534133,1721938,3175927,5090
1863842,1717290,2219713,1635089,454995,5261894,269253,281328,404764,567390,1815053,3196845,5109
1568374,1627249,2395522,1775538,477031,6338105,959251,999573,512076,486239,1086305,1646644,4694
1020693,1439123,1975052,1472120,341530,5477490,687623,719124,487952,547206,1124388,892918,3198
1280313,1235009,1173638,958521,242866,5455337,738240,769871,462728,504595,1440056,2380334,3804
1626366,1540988,1925399,1440033,244590,4286684,270051,514541,441001,487730,1396347,2411407,4858
1959258,1835122,2276964,1672357,446334,6021269,902894,720627,431426,412852,1130229,2540971,5521
1046643,1539361,2010162,1547182,363979,5696102,738609,769759,498261,554451,1140873,889454,3194
1344883,1205967,1154867,946640,243201,5332434,708638,732397,469264,516255,1452790,2535536,4435
1589631,1508615,1865838,1386450,236107,3977435,269918,525552,443766,489921,1453596,2500254,4870
1612534,1525498,1890089,1404564,357916,5246693,726292,515757,337250,368764,1044256,2352136,4898
1250489,1572870,1951211,1719693,462754,5902436,921044,962387,529587,596811,1134134,881351,3077
1304246,1312193,1398367,939351,240805,5442387,736093,767789,495411,562479,1500573,2423583,3960
1618071,1553761,1918071,1442707,244787,4205504,270456,515573,443389,491809,1414525,2443148,5309
1648442,1514767,1859415,1391005,347832,5181879,711303,518249,343689,375871,1067053,2543842,5197
1334019,1623895,1959630,1490267,364551,5595453,734390,765989,482022,527680,751986,918296,3206
1350954,1454551,1599839,1231727,356226,5267864,924709,954157,531862,587167,1837237,2518868,4444
1572923,1545494,1876811,1413925,235735,4694456,271573,525768,402325,508028,1477087,2480372,5071
1612051,1572290,1948752,1462251,359699,5394745,496790,486809,349830,443762,1129181,2402001,5391
1626711,1729200,2271842,1649703,451143,5924614,908928,960402,520636,513106,700676,869741,3760
1031059,1395072,1599783,1526262,360551,5590516,734724,767954,521114,559201,1470738,864007,3017
1982957,1515474,1937035,1210636,244686,4719913,720069,741231,492625,532658,1782117,3301645,6763
1647296,1504952,1865201,1391668,342921,5195398,494175,524364,332011,431687,1076370,2496218,4920
1339880,1511142,1912213,1444301,364800,5343130,739607,771358,448141,433307,704577,886072,4231
1010414,1403393,1618564,1289787,355172,5558253,705545,736041,511525,561547,1529599,1637785,2983
1544699,1323120,1482856,922892,126413,4758980,681342,732884,452113,528664,1439571,2352334,5542
1646903,1552812,1940262,1456085,363563,4772778,274815,282287,386767,487021,1389810,2416369,5390
1653552,1694425,2246318,1619004,459348,5674796,924829,973427,441527,425083,701249,1721970,5191
1005719,1146723,1484181,1145298,357438,5255205,723747,753303,437885,493851,1417324,1641260,3004
2595476,2377527,2810427,2186312,124503,5003654,493566,1190354,829630,888305,2431556,4126434,9645
1617939,1588191,1905697,1424848,342413,4800363,495041,282450,406415,471436,1521011,2512551,5276
1580117,1506930,1877504,1422569,342516,5374334,703730,731998,391640,373671,716116,1601978,4722
1041460,1478838,1977099,1474586,465895,5942090,922840,961508,512238,574915,1475632,1727090,3170
1266672,1476024,1594037,982443,233989,4762119,726976,757318,494131,544618,1482933,2343870,4088
1682771,1659148,1973951,1473764,240257,4648541,267322,496761,412022,498389,1416648,2415516,5996
1672439,1611378,1951100,1464593,345029,5464635,713157,513420,431634,391941,1112412,1740579,5562
1308621,1378574,1894250,1429620,352386,5308694,720893,750394,466615,506040,1066045,878892,3065
1393697,1407426,1520827,1180963,278459,5206346,885271,919624,498586,560134,1751512,2348686,3908
1620645,1653478,1978790,1505937,232786,4882329,270509,529861,442958,527057,1501372,2469711,5569
1661549,1501673,1898514,1433056,346951,5373124,711493,494873,389216,375721,1040241,1610132,5137
1322952,1359184,1929419,1432394,344324,5339591,699428,732060,452393,492275,1091590,892007,3117
1265400,1214938,1172466,1217769,245143,5474916,738528,767236,458282,520332,1475790,1607576,3881
1601244,1680347,1995124,1233884,239440,4272428,499760,517871,503054,553194,1463616,2403572,4981
2028045,1706471,2268088,1634047,450638,5836088,701701,711666,401903,437087,1189391,2557887,6713
1294569,1330430,1873836,1424305,353995,5262054,723557,753157,430150,471540,1041862,864938,2993
1287235,1171990,1134427,1168376,237437,5111160,705593,733254,429145,468063,1414021,1678458,3797
1623875,1595721,1897276,1205234,232886,4350931,493846,519345,482064,519592,1453211,2384206,4722
1651519,1663172,1983970,1492191,354157,5693320,499959,515169,349785,457924,1091466,2350033,5585
1380336,1531288,2344632,1704460,457068,5877761,909779,945149,489969,503172,1100750,948732,4622
1293916,1214320,1169961,1007571,239190,5499593,729330,761582,459529,505188,1443216,2276944,4026
1636811,1522660,1899828,1177395,239715,4250886,489668,516492,436082,486792,1413387,2407540,4697
1560030,1573278,1950362,1473362,449518,6056904,710385,749515,447978,544595,1495209,3277353,5217
1653164,1729575,2276747,1726891,455654,6169541,926718,966506,481186,436910,709199,1504961,5280
1327004,1189347,1501472,1152301,346907,5669672,905157,934455,476756,531383,1750106,2441601,3946
1609509,1471663,1851724,1397588,233703,4129325,268431,517021,438575,486499,1443431,2437508,5162
1647761,1670839,2010118,1521457,350759,5623368,711824,520380,384291,439984,1112621,2352434,5442
1675200,1538081,1910636,1431534,329233,5482151,678525,715063,365420,422779,717314,1476952,4564
1032350,1422087,1547779,1450093,354888,5478051,728968,760483,471532,516066,1092114,873119,2956
1630384,1570495,1907945,1186058,240329,4691911,705356,940024,505693,555793,1760631,3123022,4485
1622293,1494634,1857303,1389742,343865,5232834,492375,285481,336170,423207,1450063,2444599,4775
1596204,1660516,2014227,1544805,362654,5726798,741629,774746,516902,488978,746093,875715,4084
1046322,1245951,1555572,1435108,347759,5298302,698464,727304,445260,502772,1436253,897788,3204
1339522,1355623,1508557,938530,192113,4739258,705868,735242,460883,509873,1423205,2303510,3876
1616360,1530526,1904383,1417476,239911,4710074,271215,521134,386302,477796,1390701,2385422,4917
1982317,1855445,2311350,1704882,441109,5866557,897669,724050,483808,484393,1114589,1671832,4678
1022065,1215504,1603953,1533298,359942,5628875,732036,766287,496755,522853,1469292,891932,3072
1664237,1284102,1519099,928357,128375,4737776,709967,729326,449592,491102,1414327,2413924,5483
1631911,1550656,1898167,1430834,343013,4788096,270991,279709,392598,510304,1494732,2489277,5189
1902047,1829085,2317791,1740678,456382,6198165,926873,643513,375883,359603,1252676,2195783,5713
1337538,1480622,1988379,1742352,456042,6000319,903148,942656,563943,627835,1524211,885275,3108
1586430,1341584,1523354,921542,125061,4758300,722739,756541,437456,499688,1449841,2406291,5088
1674382,1487741,1857133,1382401,347716,4665284,270821,283002,362726,463333,1341828,2312146,4737
1683154,1491571,1884485,1385251,339643,5311258,701373,739990,386515,369800,715803,1696907,5181
972322,1420159,1966392,1377291,327864,5714399,676386,705376,492999,545297,1108566,877760,3031
1672694,1454497,1591176,1104439,244544,5580472,931445,957370,531961,607180,1824753,3087319,5430
1563121,1531637,1868576,1413030,339873,4664788,273265,286859,388964,492997,1458070,2421710,4687
1613993,1548502,1910766,1453455,360494,5340430,739101,771510,407999,377248,710274,1600475,4587
1016514,1398154,1927220,1454373,341831,5390548,686937,715090,465934,506095,1080881,867861,3025
1296012,1335279,1212435,970543,239866,5470201,732235,764114,506455,566427,1515826,2423590,4325
1922437,1689765,2288871,1685631,353057,4638920,474551,508400,445093,515464,1702697,3096994,6216
1591037,1538450,1867464,1418690,346616,5288975,501769,286069,344449,439335,1492540,2468690,4538
1622186,1517541,1923926,1429501,353735,5345204,729629,763380,428242,406262,689270,916012,4157
1049416,1406500,1636486,1543366,347363,5596045,700999,731537,502394,555008,1516814,920772,3332
1647915,1387534,1511774,941059,126650,4934856,727384,756425,507254,550049,1481149,2403223,5266
1642542,1519839,1923461,1442540,354372,4757738,267956,280026,378309,473432,1373281,2349813,5105
2035155,1841678,2602032,1868855,445447,5686800,907656,1172136,505563,504334,1052388,2407046,5699
1015921,1274987,1527802,1416170,339351,5390888,693954,726319,458230,509063,1382987,951331,2957
1671264,1478157,1603519,977457,126008,4630986,700468,721524,462494,517888,1465270,2472448,5821
1595946,1518109,1838292,1398031,336422,4606424,269125,284776,394936,500947,1453935,2438152,4945
1650909,1514601,1924018,1454863,356259,5612126,727525,757087,406204,392939,727767,1668303,5243
988919,1328390,1878861,1394815,460073,5785035,917303,957208,487366,541823,1453398,1699644,3009
1548766,1424707,1567657,1226654,126360,4926260,501169,755174,507503,553167,1491199,2373796,5076
1628823,1577797,1941141,1476757,340535,4818710,346167,280821,413122,500611,1393950,2296963,5344
1647838,1559909,1918024,1415054,342968,5374362,704228,743766,398394,375726,717543,1693032,4772
1293097,1507578,1903162,1427851,356675,5295416,732008,765617,446416,499650,713118,866699,2986
1333969,1508457,1579657,1229316,341945,5400263,897975,938340,550135,603527,1845884,2467329,4341
1600902,1585769,1926338,1461421,238943,4614328,273942,522099,398963,512059,1494743,2417636,5372
1616668,1564179,1944510,1469154,357732,5467722,732398,523001,401723,387889,1044789,1624003,5245
1371731,1526802,1896608,1425407,332883,5563815,676020,704945,456631,500472,874519,917515,3278
996125,1196321,1164912,1203287,355956,5473329,737994,768938,438659,497747,1454192,1614427,3017
1642926,1777823,2061965,1328907,126283,4416120,489464,739485,527805,561376,1471248,2456796,5601
2161198,1746348,2545872,1815540,555890,6176476,928230,521801,408068,449404,1779468,3243501,7281
2053677,1706961,2052532,1317968,133880,5368260,728950,990837,587996,642984,1817712,2983902,6148
1580383,1511557,1864964,1407767,351697,4851323,494135,281440,384014,429185,1392595,2225280,4537
1612726,1701386,2008653,1541234,348180,5477462,696139,726847,423736,406692,742235,1665783,4915
971598,1494755,1976175,1495893,348772,5605719,736968,773237,505570,527843,1132058,865169,3057
1622237,1326198,1528749,1188247,242286,5441950,729344,1000925,488408,535331,1726801,3074889,5246
1701633,1617540,1915384,1435884,338806,4804745,478154,285182,418996,463760,1479807,2469927,5151
1620551,1764895,1958735,1503537,355050,5349371,735496,767761,450619,498257,762041,1569830,3684
994357,1485094,1592925,1529256,352923,5633843,710809,729828,523649,570962,1154811,881251,3149
1358898,1367625,1455385,948520,232356,4989581,701212,739732,483782,540460,1503070,2514080,4245
1901380,1653967,2243605,1663314,351954,4735328,485889,514611,452995,494178,1739934,2978696,5783
1633660,1583571,1937754,1453124,352104,5353695,701686,731099,405800,452627,712899,1674227,4251
992322,1502499,1599249,1512818,349301,5641844,735606,771492,495879,540014,1150970,867502,2901
1334683,1441064,1594555,958944,350613,6239462,954704,988008,615416,683132,1875331,3094405,4030
1631429,1546721,1926167,1433579,234077,4789552,275724,519749,397381,491113,1465664,2501981,5352
1848540,1666603,2199613,1638151,458407,5863554,947486,752782,440137,440025,1059312,1614599,4765
1257363,1493656,1925949,1458207,338083,5439290,675856,695958,496466,537863,1118347,875764,2989
1544347,1400543,1511234,1519186,333408,6629263,719683,761048,515670,662469,1909010,2371748,5067
1589977,1585794,1923385,1180636,242733,4096527,495551,516677,452071,497900,1402631,2289783,4719
1629223,1525593,1888074,1397904,340072,5097342,484571,506006,343822,444887,1058144,2415698,4747
1284800,1484422,1839075,1380197,344158,5259311,723002,752370,452439,440660,714922,860919,3733
1327154,1375702,1618649,1257989,357245,6170421,951890,977472,563824,627070,1823548,2410678,4454
1612104,1593601,1891679,1250529,236592,4129004,386391,484511,472737,501976,1438798,2419209,5167
1600730,1487947,1849308,1387438,351756,5170820,495827,519819,334911,432866,1058642,2290839,4752
1327187,1467929,1857194,1389748,351917,5067494,701136,722526,425565,416186,692442,879885,4038
1011078,1375158,1535763,1216664,330070,5406870,697165,735037,496349,546301,1467456,1612981,2927
1835607,1497504,1962389,1479221,243086,5012767,495645,763428,523605,590574,1774042,3093172,6746
1645424,1531449,1926136,1433272,348887,5202971,704429,505789,324624,364012,1068387,2482360,5340
1276138,1502643,1843345,1377125,343104,5182288,722915,752788,443192,429873,688979,855448,3576
1001691,1187167,1522970,1188474,351098,5309365,716897,740060,440687,497660,1406896,1608700,3049
1634494,1564123,1601992,1256762,125845,4951802,488308,741028,522261,582071,1562858,2506168,5638
1907220,1760788,2274992,1710733,471840,5486478,738632,534534,425627,467040,1433519,3104240,6361
1320485,1554823,1919218,1446856,356768,5204059,709348,732316,449178,497816,732582,886250,3033
981460,1179187,1119004,1170355,335381,5238515,710887,752514,441378,491470,1462629,1641756,2965
1895963,1785832,2245243,1558540,230789,5698355,498692,756052,491371,629470,1783895,2981542,5990
1681367,1584295,1966308,1478296,348245,4806175,480645,280659,449831,486681,1494818,2541399,5905
1589055,1499144,1848582,1378588,347559,5193191,731047,764563,397926,438287,704882,1605645,3929
1880165,1710594,2224635,1613596,446743,5548959,899691,723751,441822,430082,1052986,1637006,4564
1032104,1228121,1540659,1442255,359884,5279542,739282,771509,456629,504609,1471164,885853,3032
1590164,1468221,1616674,1002466,124677,5101425,710621,730405,513660,573853,1455227,2415412,5619
1599509,1521067,1878470,1397831,328734,4630542,271536,302568,387603,496079,1463530,2507161,5201
1580004,1600297,1916372,1435485,355181,5281183,730422,528069,406955,382373,1054286,1580152,4500
1304031,1355359,1903334,1675779,470306,5739889,928354,965807,497029,549382,1438201,867343,2940
1576893,1483560,1573950,983432,124354,4806659,708721,745539,518065,568313,1524158,2378438,5161
1628867,1590982,1957793,1469438,352459,4807621,271268,279996,396909,485470,1404651,2324971,5214
1629450,1489623,1854063,1373942,338964,5151114,693931,726753,390599,363894,696244,1665105,4914
1035204,1405492,1859830,1403553,347114,5235666,720941,750460,445889,498677,1061517,863116,2988
1380036,1306794,1482637,1204783,334622,5881107,887546,912578,542507,587466,1786827,2486402,4534
1618472,1639042,1959044,1486900,234740,4251390,272224,529140,483603,509881,1501598,2526305,5612
1888541,1704026,2267752,1423631,346717,5347460,934524,743799,403868,445569,1389365,2988089,5940
1315621,1479089,1879060,1389459,348094,5114564,702732,733498,429432,475853,701665,859166,3000
1003750,1131250,1112429,1183141,344912,5439838,725045,754770,464157,517270,1454146,1594361,2901
1966779,1839585,2331354,1493456,225101,4356400,500221,746654,549191,605412,1744699,3049185,6279
1651291,1551906,1911446,1424075,337762,5260679,692484,504018,332501,378218,1080446,2504380,5470
1276276,1494636,1843954,1394009,351530,5154679,717433,752064,439830,486043,696125,874002,2986
1047970,1250355,1188192,1214803,348850,5376616,693410,719145,451147,501730,1443100,1674829,3378
1598114,1723231,1963728,1277116,125225,4465908,492060,763259,529168,566217,1546757,2454630,5038
1617803,1663221,1984087,1531295,354082,5511079,499405,285728,386375,476604,1407726,2326721,5499
1637688,1633442,2261192,1631501,458040,5577417,913427,951706,479865,479361,972078,866194,4289
1008321,1184684,1137456,1147352,343772,5284195,721082,751166,438275,483619,1441320,1628644,3031
1633326,1502346,1885490,1174511,125803,4150661,490908,734824,422820,470066,1368258,2342385,4811
1671101,1758372,2000698,1497878,336189,5423960,479134,281176,403011,517522,1561206,2499133,5480
1586402,1545056,1877703,1425692,350798,5302492,724426,758307,474051,449710,718653,871845,4041
1316752,1192359,1527963,1434008,351715,5747250,926843,952462,507419,562180,1799943,1662444,3706
1635517,1460847,1858841,1148371,217424,4180021,504742,561580,438077,483141,1463418,2509015,5430
1557502,1626181,1961997,1513653,351541,5589937,494963,282870,366785,482231,1416564,2282353,4911
1700570,1611245,1976605,1478271,342895,5424905,693658,723960,488816,461023,718259,888441,4590
1012409,1169149,1886300,1657795,450296,5995630,942834,982317,517379,582810,1850412,877646,2982
1934976,1533456,1891177,1158228,237711,4610930,705794,728111,490361,541360,1718767,3055394,5614
1619636,1538253,1899219,1438005,345546,5326725,490531,519202,363477,451419,1108075,2503261,4729
1622210,1653546,1987073,1511114,354655,5625853,729403,761285,455389,474865,756642,1582589,4652
1030022,1421042,1932283,1471701,342958,5371899,688004,721489,453336,508001,1057906,867459,3158
1291094,1179788,1159520,937065,235328,5430176,727602,761045,444838,497828,1448416,2427818,4047
1892624,1712736,2294573,1694398,356650,4666180,504535,511403,448456,496375,1743475,3073185,5968
1652242,1726661,1994811,1507852,339221,5428285,693034,726555,427264,464743,731322,1670177,4488
1022610,1414246,1535419,1445386,348471,5421808,722005,751862,476434,508839,1086199,887249,3068
1311685,1317670,1489121,919395,243196,4819033,723098,746429,449099,491894,1434307,2458177,3997
1583215,1531985,1855260,1389989,221485,4185817,267856,511211,464116,519016,1451297,2388226,4600
1599159,1693286,1948540,1486795,350965,5441499,722617,520466,390037,412808,1071310,2245215,4866
1271762,1480939,1921271,1725991,457582,5925010,905609,943514,538862,588495,1129364,900076,3300
1315954,1335930,1485664,922952,228078,4703367,712572,747101,449194,499900,1442218,2387149,4215
1600827,1588862,1952485,1461537,238707,4793215,275457,528620,395959,503225,1425541,2374727,5244
1683994,1610945,1929231,1442093,342063,5350635,698163,508878,419091,408749,1122805,1707456,5305
1246716,1681031,1933637,1503000,334696,5656022,695333,725594,513875,548979,837692,845904,2950
1356981,1606356,1952378,1493389,457024,6144688,1137208,1165001,608725,656107,1766060,2370648,3992
1627850,1511063,1871636,1391161,231259,4699298,267640,518930,402423,490263,1460942,2510927,4948
1601298,1533884,1902204,1433247,356544,5316228,729777,528399,394697,374265,1061929,1561439,4587
1329488,1557546,1979393,1505067,344792,5456344,691683,723040,508119,560436,1129912,863534,2995
1294857,1111715,1135827,1178232,233295,5361972,730716,765543,477505,521344,1488902,1693110,4438
1933317,1676011,2269392,1400189,321703,4726903,509980,589799,438165,547120,1736333,3103152,6174
1612990,1515035,1872858,1396625,338723,5144293,694929,506371,380932,375124,1096484,1676014,4902
1275964,1375384,1857696,1402414,352704,5208954,731176,763378,459537,503994,1062155,842153,2797
1362428,1348438,1226054,1270155,239214,5772992,721403,742785,491377,535018,1474434,1670415,4636
1623839,1306498,1478538,1151678,124336,4878816,500695,764063,457506,514137,1467819,2460424,5406
1619684,1492402,1903910,1431235,355607,4742570,503102,283045,396848,434637,1377362,2321781,4716
1633241,1695008,2261701,1632673,454321,5623812,912130,952056,442842,452671,710421,1702824,4427
926516,1232930,1547611,1209920,348127,5472464,730562,764754,497173,542204,1477916,1592686,2970
1657667,1387089,1576910,1239200,127414,4992749,502500,748685,480716,540861,1455789,2399785,5520
1657514,1500506,1890490,1410737,342001,4699117,482261,281628,399538,428199,1462751,2527461,5442
1595923,1677837,2259347,1692437,472135,5956690,966094,1008745,448149,500793,718278,1599606,4224
999935,1446524,1556470,1435520,469589,5777445,925859,951545,518604,573114,1448184,1672036,3129
1930131,1719417,2190585,1466270,223056,5160271,700194,975930,563712,532294,1522156,2458894,6655
1582604,1572284,1900498,1441456,347873,4814815,506252,283559,390970,428513,1378199,2302281,5180
1594191,1528222,1904928,1418884,344013,5219722,696264,726938,392755,432216,714159,1650827,3976
978814,1349709,1503930,1385706,340744,5228971,714537,746295,436630,484872,1033563,837692,2864
1643814,1684312,2011592,1273424,236996,4979287,717959,977890,543809,594222,1786181,3144905,5787
1667960,1537930,1923887,1436967,340667,5359404,492357,283113,376280,454561,1485968,2550811,5662
1610732,1625531,1900257,1442020,353615,5406564,724876,758090,478033,469695,749141,899237,4008
1234095,1300470,1832020,1376467,332514,5126188,666185,699247,418472,468550,1057710,871910,2891
1287807,1289394,1182497,1207690,237563,5339269,731283,764142,479625,528895,1478099,1580658,3485
1923719,1739471,2323389,1431025,351713,4794920,496419,512200,460300,590816,1774221,3105375,6875
1630038,1594337,1921821,1429218,340151,5289753,696350,729510,413550,389724,715552,1666418,5271
1011185,1333183,1832436,1392372,345218,5311489,711096,740323,441539,488648,1074711,877857,3077
1284319,1219320,1148779,939867,237684,5230123,707139,728246,452740,503459,1419445,2400289,3916
1615826,1736828,1932831,1322799,232606,4473598,375780,494824,511839,552253,1475576,2411489,5627
1616237,1506128,1893295,1450304,351687,5306598,497600,519707,353657,430484,1064749,2299627,5588
1317666,1575926,2313876,1715669,455642,5874567,902663,946416,508984,507716,1093994,875900,4011
1588854,1361449,1490605,1158923,332959,5820203,931645,974652,447040,489456,1442027,3055268,4419
1618910,1711797,1949667,1483222,238276,4338685,272629,514574,497353,532341,1415819,2313775,4776
1646814,1554757,1914072,1413356,339692,5313649,694842,506756,350797,394636,1095377,2495973,5938
1250632,1552961,1852166,1419671,334651,5290761,693945,724315,465106,451881,722905,848620,3658
1324666,1231405,1542431,1181722,354433,5742824,933984,960262,492867,546399,1744439,2366803,3892
1624668,1506802,1867015,1404611,233804,4276354,276709,527660,460978,499265,1477973,2499399,4874
1615846,1669275,1952306,1506716,352060,5717215,723820,519474,360814,399643,1090888,2274838,5373
1310871,1513165,1885288,1407727,346386,5138287,691857,724960,430910,476275,684772,856220,2894
981185,1165292,1136877,1160674,342206,5342850,722704,755947,436186,485539,1440543,1611660,2918
1916713,1556971,2163949,1438911,243149,4553655,495432,744270,496686,538614,1717269,3071363,5629
1590327,1596188,1978446,1489099,348322,5512660,712479,514871,395159,418768,1135877,2568237,5800
1312575,1562159,1908560,1460112,347609,5459617,720589,752603,487218,524035,751249,869710,3046
980571,1194624,1119926,1175639,333638,5143009,670262,688605,440407,483173,1338916,1508429,2952
1601177,1512047,1870333,1155356,125953,4219997,497651,759255,443237,491185,1465784,2508512,5125
1883749,1794389,2307760,1736796,466586,6037930,725891,520097,408963,478356,1454797,2355220,6090
1025993,1375076,1628703,1514134,344194,5681294,694041,717912,475168,534605,1445947,917127,3096
1636640,1378037,1506202,916370,123598,4733174,711137,750331,449264,487314,1455021,2502357,5167
1922245,1724964,2253243,1687431,462653,5476106,482959,502588,457620,482431,1404695,2291353,5419
1623222,1510042,1866884,1410546,344719,5200291,685802,711811,388620,367196,683065,1661748,5164
970276,1431670,1926438,1457551,338062,5426825,714411,756881,514890,562275,1148102,870478,3055
1613456,1411339,1548988,1169868,237055,5484301,727416,996146,536282,590499,1773064,3094382,5279
1593272,1527998,1880621,1404569,330469,4699837,312730,288347,391996,495716,1431485,2372841,4935
1570896,1557571,1893433,1428015,351926,5388648,734608,766729,431702,406797,704932,1579609,4557
1036113,1537925,1980023,1500147,350032,5539042,711366,734563,494910,542827,1105649,891691,3080
1306401,1263479,1160537,939743,236325,5569076,701120,741748,441075,504472,1478361,2514884,4421
1855095,1709528,2239123,1673104,351579,4671884,495426,518835,472408,509457,1762797,2991907,6092
1640027,1467995,1870350,1404058,353448,5161944,707129,733312,392621,426215,697103,1634174,3815
974910,1351613,1720853,1380351,334496,5280325,707066,745641,457099,503489,1055841,831571,2854
1271428,1299146,1192841,967930,238682,5651441,733207,761966,524906,560576,1458966,2339138,4300
1669627,1557159,1899868,1172283,123763,4168656,483151,733056,473418,516338,1481373,2516382,5883
1887007,1687799,2262142,1700411,472762,6149678,735194,531546,400114,457959,1457685,2336647,5772
1338171,1363624,1931052,1445331,356114,5214606,715187,738025,454264,497432,1087137,895595,3069
1580017,1512474,1544981,1437086,340243,5868510,940369,995780,490406,543847,1521766,2491644,4834
1910080,1776811,2319867,1478188,314444,5022123,715428,806441,454932,514207,1435527,3011887,6476
1626069,1582278,1906307,1420849,345371,5259643,481353,281450,358417,442978,1439121,2464975,4977
1555380,1509049,1852101,1397831,346215,5188821,731876,765936,448508,428338,700067,849010,3713
1738453,1667718,2065622,2624161,720913,9776878,1446635,1481046,742197,927612,3047738,2399949,5426
1636254,1661638,2020759,1255194,229537,4495904,485437,511703,526540,576669,1575543,2528164,6314
1659422,1537930,1923788,1455168,354861,5267121,496891,516987,353294,432252,1082434,2373084,5472
1453465,1551443,1915861,1441401,351640,5110634,709754,729982,444497,431138,698708,884752,4207
1022472,1208476,1504681,1400830,338016,5126201,712029,755974,448597,503763,1470386,892248,3026
1891358,1717370,2003695,1272854,237181,4769902,725282,757555,536059,584095,1802737,3005658,6264
1669373,1671782,1979598,1483903,342392,5348331,482352,505930,348785,453815,1103054,2500098,5522
1274069,1485803,1849383,1400080,336272,5197764,717746,750183,435413,417912,685272,870678,3999
991106,1380990,1519138,1427212,353027,5221463,715408,737096,436732,489297,1063886,885074,3115
1286780,1400481,1499048,964928,231314,5129996,708604,750411,494335,544397,1516742,2480610,3918
1852448,1783526,2320573,1763039,341476,5057883,508594,522041,489840,550659,1795228,2960962,6468
1640378,1624225,1964842,1501056,350984,5364493,709238,737575,419763,458879,748945,1664113,4146
995503,1387721,1517880,1418683,338072,5297160,719805,759706,452460,504669,1092011,864552,2878
1277165,1399209,1529346,926459,231780,4606812,717293,745610,450504,497359,1394650,2271603,3691
1730317,1690307,1985016,1498955,227370,4943649,270326,506450,413822,549913,1539938,2520646,6278
1888885,1822313,2297750,1753157,456827,5955786,954613,760472,502938,469052,1106900,1626008,5268
980457,1364476,1487207,1423325,337984,5375973,689487,710534,437261,489957,1121340,870777,3072
1274284,1407791,1501069,924036,230721,4639081,706710,747488,455510,518360,1483756,2457589,3792
1629194,1895823,2027805,1570545,241005,4983047,277739,525464,495978,600427,1522345,2282807,4943
1662771,1579693,1963403,1494312,346385,5368415,694111,507816,393636,359992,1044423,1679280,6195
1267772,1374125,1880924,1414681,337692,5181718,719071,757982,457845,509810,1094031,856489,2988
1622494,1356738,1505385,1171987,237822,5145343,952198,989404,488171,537251,1721126,2311093,4807
1630242,1524829,1849682,1380938,285291,4509615,271952,367089,381321,490406,1416525,2367627,4923
1598473,1688787,1975822,1516209,347307,5605649,727461,520120,485707,457640,1166520,1619398,5323
1293776,1424429,1905859,1432517,350067,5324369,711578,734772,441938,501805,1047863,879951,2985
1282880,1166133,1116654,1144143,229906,5177010,702768,743853,446397,497697,1471510,1658037,3694
1896964,1670005,2204239,1399894,349323,4617605,486138,509793,435888,548466,1739684,2932111,5354
1653006,1705116,2015518,1544924,350355,5554922,707925,734151,432459,403871,746227,1676029,5725
1126294,1455595,1931446,1475694,337789,5412704,719170,761178,491911,524204,1117105,881286,3154
1330314,1249828,1168350,1221435,237554,5291571,694776,724954,445863,497592,1380458,1532715,4209
1677611,1642181,1968086,1188421,232538,4134230,496833,518736,470129,529039,1525872,2523429,5000
2196211,1997376,2629797,1964043,560569,5812262,729149,759451,491416,546666,1481903,3008129,6269
1015622,1504318,2023604,1530807,356230,5567266,725842,748257,511998,569618,1104876,861348,2976
1325570,1203382,1135973,931802,230136,5245319,702938,742368,455116,504152,1471247,2478734,4334
1585576,1544918,1901682,1362837,242341,4224780,291310,517967,444920,500472,1457878,2307170,4729
1667652,1585481,1953655,1467432,352274,5194070,485508,500851,339530,439450,1092451,2478112,5287
1286717,1731573,2317755,1741698,440295,5996762,932613,987461,558960,541939,1111972,883793,3889
1034303,1439868,1943119,1500358,345156,5301285,691418,717245,472560,520072,1065887,875631,3015
976934,1184323,1133894,1169757,341059,5264042,728150,761035,444722,487768,1459573,1622594,2989
1620174,1584125,1935226,1201506,125682,4170103,499251,747899,445582,503947,1420485,2349528,5015
1663414,1650791,1946547,1483764,336519,5146163,483300,283924,425214,505457,1522935,2467961,5210
1569441,1673762,1927073,1482333,334055,5520410,698648,729921,431721,448384,688110,1440267,3997
983044,1369944,1494825,1428711,464767,5754382,934517,960793,498542,555241,1423047,1622526,2912
1583957,1550703,1864940,1153733,126121,4075006,491478,743195,456255,504137,1459886,2433941,5116
1604179,1571875,1942488,1486501,357875,5390863,500805,286827,345906,445469,1433489,2344642,5089
1637756,1728889,2025251,1539330,346099,5533317,695622,729582,527931,509355,765357,870921,4367
983489,1230072,1547315,1663941,450158,5826088,951352,993047,499784,563723,1824716,866589,3005
1668492,1580221,1921124,1186513,304481,5380363,908147,1171412,588411,642344,2066448,3667484,4917
1632914,1576696,1882037,1390654,335472,5094498,482180,281570,338935,438567,1468517,2437684,4485
1577019,1700094,1944007,1503531,343902,5682290,717769,747449,520991,518674,766900,878748,3976
963192,1181055,1541230,1470749,351115,5389027,710869,732775,424724,486647,1421137,852396,2918
1612933,1425573,1522593,938912,123534,4712940,707718,752718,464794,519330,1491175,2454934,5171
1894916,1688464,2263130,1700896,458777,5420621,478071,389172,386721,476928,1604600,2950453,5893
1647046,1586030,1932228,1423509,342757,5253275,702952,733943,398517,380980,722495,1695064,5023
949506,1523165,1980069,1530071,345579,5603111,724932,755062,538298,579733,1119944,861334,3077
1363541,1297630,1158236,942736,238930,5477231,716113,739059,482414,543083,1470475,2428091,4429
1663828,1668180,1920084,1434107,231175,4090191,271581,514876,473820,531613,1505213,2483809,5042
1608704,1649866,1923606,1468641,350767,5417352,727120,523803,364390,401320,1104489,2297883,4780
1343105,1738517,2186467,1807294,463502,5822291,926046,958413,569153,626785,1196679,913188,3257
1331027,1347335,1198428,1000135,233348,5389727,721200,762420,499375,552256,1531354,2439463,4015
1641222,1686333,1972606,1499649,240401,4095037,274257,536525,490531,525267,1465059,2349707,5158
1718307,1622370,1983620,1462624,341497,5200969,704627,514507,361838,398776,1134365,2545152,5404
1288845,1708670,1921540,1477151,348474,5258953,729880,762444,494967,537336,738914,859398,2811
1294039,1513098,1618849,1249232,353451,5534202,944236,969102,578286,631862,1870331,2423543,4338
1638918,1642011,2300280,1708465,325205,4932518,461167,718659,552213,601198,1867026,2489303,5183
1630044,1699689,1943330,1470180,352925,5195097,728942,523806,380606,409361,1118174,2297893,4548
1297274,1625276,1912110,1437824,348285,5173006,704993,731223,460573,501444,711889,878276,2919
1004853,1306225,1186908,1170988,327474,5190960,697671,737844,480661,533305,1485995,1629108,2945
1969837,1641880,1941885,1224093,238015,4889655,718389,739241,537955,597079,1782406,3100139,6684
1681113,1634264,1947209,1472655,344816,5354306,488822,513542,369008,464324,1144061,2522037,5188
1310033,1531726,1884379,1442199,350269,5358134,726335,759093,456112,442380,699637,837089,3589
1020461,1307785,1547388,1431399,341960,5210128,690458,712327,475219,511013,1393575,882099,2980
1620731,1327795,1549062,959080,125328,4768887,712822,751194,474676,509090,1491250,2505207,5765
1910373,1800607,2309494,1740729,465710,5302793,498001,520165,415252,510189,1406946,3009052,6223
1331697,1543732,1894715,1395934,339481,5075523,687608,715700,440648,429576,698119,881726,4201
966618,1168915,1512400,1165364,341062,5306867,723843,758087,451400,496026,1470864,1627765,2960
1632429,1582037,1651548,1265243,124143,4899490,500559,743233,503270,540353,1458804,2364782,5233
1682288,1562310,1873842,1419739,317900,4725700,326951,290404,415857,492015,1426425,2407837,5660
1598064,1518237,1899979,1446359,348888,5443976,729247,763637,404217,381225,708396,1609511,5193
987517,1365680,1928385,1453857,467887,5722529,935929,962118,497909,553363,1435245,1629052,3091
1650631,1628294,1632673,1277394,125130,4920619,477513,742825,541642,587347,1548801,2484036,5447
1606978,1828165,2365088,1769018,453195,5463846,708725,503860,516174,558903,1438422,2308802,5432
1628053,1574757,1921153,1449144,343463,5194854,697651,729076,403188,438240,712176,1666401,4088
955102,1347005,1720552,1403541,326531,5304601,697314,728226,473535,516005,1046757,852833,2801
1604588,1395177,1538810,1180125,238373,5313185,728081,981331,515089,560598,1752548,3064489,4783
1630288,1620174,1989288,1522965,337229,4991376,481011,280450,439386,482087,1517968,2525577,5746
1630765,1546936,1951340,1491998,352245,5421851,727405,756619,415650,460579,726096,1627176,4141
981084,1360672,1543417,1434359,351140,5145531,711166,730397,444910,494893,1046491,882325,3023
1274688,1386459,1526785,937671,230839,4681072,705456,744688,475538,514203,1481283,2461794,3856
1909888,1887607,2369777,1787175,351113,5089758,496899,516838,511019,560495,1833630,2984210,5323
2102158,2017258,2570313,1930691,343822,5414430,691930,954772,516249,569836,1191016,2564102,6363
1249728,1403485,1916389,1463604,346258,5335405,725281,757260,475900,512140,1080180,867439,2880
1330195,1161273,1173175,1221118,237738,5269816,714006,733655,461047,500489,1421630,1643706,3882
1609299,1593335,1920291,1166868,230770,4024693,495267,522763,457575,503030,1465968,2495688,4688
1910579,1837152,2381637,1782328,469629,6210025,729156,759191,476760,515119,1153826,2375797,6382
1313777,1160012,1151119,1055914,237938,5440658,724118,753879,476572,519760,1407401,2236224,4190
1974522,1706420,2278067,1441080,346837,4636725,680128,714388,496061,552566,1438001,2450321,4989
1552449,1521530,2255742,1707748,445561,6069911,701878,730896,443149,544357,1448021,2314458,4264
2448117,2565412,3441785,2099499,439359,5623754,973754,1007386,794540,801812,1721814,2545262,7661
3535785,1488083,6410284,4944364,1205551,11378322,2214467,2224539,647613,740815,3165336,4423714,5153
1909013,1589593,1917283,1455148,236948,4555519,484718,741197,502093,539469,1729199,2958683,5758
1619405,1557380,1917486,1442321,348531,5163153,682287,501934,351500,404491,1080378,2449458,4775
1262968,1533948,1880171,1411592,323734,5187099,691310,729867,460043,453939,723693,918075,3788
1027197,1359590,1636612,1268070,351234,5489352,722758,753399,497167,535005,1448469,1690823,2968
1646873,1412090,1564647,1191668,120799,4716568,477691,721858,498018,531138,1511142,2518548,5453
1912227,1797606,2276376,1708443,354142,5314290,500618,512163,421153,522937,1813941,3027228,5832
1633901,1581345,1933324,1444462,355803,5169874,711660,731898,445360,415747,685741,883147,3796
986318,1345706,1546019,1479404,330263,5411264,697463,736955,521875,569426,1495385,846211,2844
1386079,1398285,1541785,886513,182526,4770748,690114,718391,477790,540100,1403360,2260633,4473
1684510,1573059,1951164,1471372,229797,4623592,266517,500229,417225,510115,1449398,2478303,5357
1891188,1711625,2237929,1659778,443855,5659703,937574,732098,468263,450150,1089127,1666620,4731
4569719,1480180,5580475,3980263,897628,10129974,1746302,1878093,613687,728210,4206531,7680058,7049
1688456,1518750,1636294,984785,121878,4933959,692761,732949,512572,570420,1556628,2572339,5851
1595348,1627735,1934442,1483981,347268,4868571,261867,273221,427208,538587,1455429,2338507,4944
1630298,1858336,2347344,1750878,442888,6116536,884647,819055,484595,472277,891384,1589269,5032
1272388,1342314,1846518,1389347,334847,5138979,704470,746440,441823,492085,1081365,855914,2714
1605293,1516371,1601566,1219671,234153,5359458,945483,987023,559127,610063,1787517,2279193,4687
1649876,1689471,1986142,1478465,340826,4762784,259138,269649,465728,572387,1513244,2543860,5569
1569055,1571558,1911008,1449411,339749,5238929,718238,748816,409970,384688,682445,1611791,4651
1002232,1411395,1951703,1462879,350539,5452023,720306,738689,455703,497120,1055874,923954,2883
1340806,1183188,1160351,1059313,227204,5256662,692308,730627,470025,512101,1497059,2308992,3944
1850887,1945332,2344239,1520291,344867,4750937,481162,500353,509199,615584,1826649,3049778,5822
1639029,1665913,1987159,1506042,345515,5145497,689262,709049,438214,388778,731445,1676763,5304
950622,1367663,1872318,1417086,338015,5161890,711964,755986,472563,515428,1112591,897748,2576
1273843,1200693,1128223,917045,232886,5207147,715541,746408,457037,499058,1401222,2241904,3359
1593543,1719948,1970441,1488533,228924,4222450,257896,490385,512695,562375,1492537,2420437,4631
1871992,1683083,2240363,1667361,445493,5717384,907112,727755,419670,470007,1092598,2446087,6299
990622,1370141,1942620,1463913,350051,5157559,720687,741427,465337,508478,1071458,885022,2849
988381,1247977,1135299,1162826,332547,5228513,697746,739168,489062,539565,1509019,1690932,2758
1578189,1717010,1935016,1219590,119479,4007939,480933,729838,493861,539879,1451595,2238685,4440
1584460,1802536,1968122,1495567,341335,5217995,466313,265539,438941,524515,1524676,2446097,5375
1617699,1858637,2321141,1735539,445004,5937486,938947,990378,584289,538565,1078804,847072,3855
928531,1180417,1052557,1126168,310007,4995939,669188,693787,451381,483797,1301676,1405833,2514
1593562,1618855,1871402,1145596,115988,3948277,465439,710471,473525,510543,1457554,2438758,4158
1515655,1671466,1844163,1419832,344125,5135878,488319,260684,381559,487392,1510355,2289966,4141
1544840,1705442,1901785,1478649,341424,5227851,689353,710649,500206,461163,712397,818577,3817
908752,1212449,1424900,1365543,334497,5107542,700878,741905,468994,515600,1480224,822924,2464
1792123,1541867,1793859,1112168,231057,4370328,701994,738536,509179,562583,1765227,2902933,4693
1548831,1637380,1833346,1400436,322934,5018433,434739,322454,403675,473893,1334812,2283836,4130
1534736,1682019,1862097,1426319,328722,5287228,700019,737044,472557,455154,685474,788486,3723
896822,1212373,1469128,1437058,346768,5172484,712751,737727,476655,512939,1420452,782967,2303
1546836,1377572,1416462,840519,114233,4290821,662542,693449,454511,503203,1446087,2392155,4540
1769643,1714225,2118244,1574217,447408,4894172,473172,494171,402091,495303,1401773,2983812,4828
1248873,1784979,1957022,1498367,340674,5450406,692045,714546,538134,509228,729713,839073,3916
873542,1134101,1383927,1233002,315561,5035475,665385,703541,466267,508413,1421431,1199354,2374
1515262,1347420,1404005,844428,114711,4465451,710515,745246,457796,490638,1387523,2203856,4238
1835560,1789220,2171151,1603374,447674,4078704,242620,255345,474399,569844,1772653,3097903,4864
1783206,2055712,2591218,1932295,535327,6412195,1128283,1188660,522180,481911,699655,2257710,5079
891391,1278821,1474194,1148002,339554,5216658,699185,724660,497530,564124,1432436,1500168,2355
1546299,1379710,1400897,1071997,111485,4288106,455996,709967,448717,498564,1445343,2416960,4634
1474529,1534373,1752031,1349817,335709,4433919,426837,253592,403768,494376,1423937,2236093,4150
1559775,1677884,1855410,1407110,340290,4990341,681770,477753,397265,429322,1080509,2331885,4234
1158342,1615199,1816225,1411394,331283,5239926,699550,740117,525432,559508,741388,769039,2346
1772289,1796182,2187330,1424347,224449,4439697,470818,740638,492497,596498,1821557,3026051,5477
1536184,1551011,1788622,1354166,334711,4849731,680119,471346,391348,380879,1031089,1514350,4295
1225398,1431424,1795277,1349755,325909,4885857,673241,711520,481477,522075,1087966,787648,2343
1144851,1457822,1139431,1202790,240617,5265701,704233,737553,541681,581182,1501851,1537306,3321
1586344,1547991,1835029,1110187,111612,3804836,464171,705220,458115,515691,1425481,2397403,5368
1790893,1637725,2101144,1564372,439820,5429509,706470,497924,390426,423805,1459508,2364064,5137
1199546,1403641,1803992,1382141,339054,4920890,698571,731104,467044,515204,1023608,764815,2176
1239047,1342992,1096293,1126707,215883,4961754,665318,694318,506442,553112,1474078,1574109,3304
1499503,1525932,1844820,1135678,225331,3929016,471543,496752,497810,548847,1454927,2330725,4964
1552194,1594044,1830984,1379927,340526,5040856,468088,465802,352067,450163,1081416,2299238,4626
1467768,1520069,2081157,1520244,417918,5248615,862620,915812,500527,491833,1038502,775143,3086
1507237,1443212,1415424,1389230,331888,5720702,916684,956661,534949,585852,1385643,1465761,3015
1561639,1703346,1882499,1169566,226835,3930518,460764,478174,539696,579171,1494937,2361844,5165
1468579,1566995,1757390,1332931,322565,4930447,469910,497537,346521,455072,1047135,2289714,4475
1261681,1586733,1856986,1409205,344733,5442954,703911,734228,498728,442475,678979,770361,3574
1234526,1172166,1415850,1095910,331689,5473410,892038,929321,506676,554369,1817857,2405164,3364
1437534,1707094,1816937,1211355,224748,3945186,389656,466169,483361,535624,1432505,2210376,4575
1525005,1690679,1861824,1431317,344812,5125012,464711,479444,393194,494351,1067658,2296569,4313
1220427,1532017,1773124,1324269,326717,4980015,667694,708055,456951,445334,691641,783143,3488
912615,1182502,1408552,1107441,337183,5037646,688497,718495,471550,509110,1380492,1460481,2234
1593159,1450606,1443804,1121566,112429,4491522,449531,686410,471198,515776,1373822,2282391,3997
1800642,1752366,2172142,1644191,437739,5127193,683238,488653,432806,441666,1418829,3170025,6094
1148936,1597815,1796813,1370306,327734,5145735,666712,692810,491583,458035,683391,774090,3175
866903,1230484,1414258,1075829,329486,4752845,661778,692041,456940,500072,1407759,1540319,2250
1515140,1365720,1438890,1112880,113026,4304530,468880,728361,482766,525530,1439145,2272133,4261
1507172,1746517,1931516,1491964,347523,4795117,471197,250590,484106,525069,1478968,2360961,4945
1530688,1786008,2199161,1608907,437065,5607891,890011,941189,473519,541729,707302,1620000,3497
1190120,1436558,1419244,1383716,446122,5718590,905629,947169,547370,502099,1382831,1477112,3172
1577428,1466992,1639864,1112576,112247,4247360,459408,699608,478103,513659,1429594,2342673,4360
1451932,1728509,1801116,1391428,329281,4484420,462040,250838,472057,508460,1525470,2347972,4133
1546631,1682143,1846412,1429823,340278,5091868,693462,723258,471729,498460,747015,1495430,3570
1617586,1950514,2326239,1989556,658709,7138418,1303348,1360413,717274,779587,1490381,1582826,2259
1486293,1617300,1772564,1100160,112371,3788772,472716,731151,487684,528285,1437862,2284476,4143
1562704,1817493,1897324,1450134,341655,5049844,470240,258063,421559,503626,1446395,2274703,4220
1573382,1753646,1912379,1428190,331789,5093061,675679,714132,460313,497104,742839,896351,3859
907690,1512205,1450855,1397819,339663,5039217,694292,725710,492645,515644,1049046,776909,2459
1531317,1650694,1825997,1135746,230428,4449741,680065,922992,533216,579298,1786071,3130218,4305
1492484,1612957,1783324,1346786,327726,4297745,246471,256563,438188,536751,1464491,2248258,4151
1551682,1844434,1917262,1459569,345123,5122072,702066,721207,463300,457701,788599,1514562,4352
881008,1473997,1836061,1396611,329273,4942648,669769,705303,504768,523296,1090219,742975,2257
1216604,1297404,1058270,905994,229391,5140324,701202,731901,490142,535069,1447692,2172502,3073
1558110,1619781,1817849,1160016,226856,3873537,419078,441807,472814,519966,1371715,2249200,4659
1924352,1891459,2186945,1630397,437814,5580525,682289,721796,483625,501487,1142333,2373363,5490
1177896,1565876,2197377,1376235,332369,4860796,908687,946869,533499,559225,1362852,1507579,3653
1553925,1444075,1431418,1124937,326348,5600473,859101,900729,476408,514191,1430093,3138503,4610
1481812,1503601,1723473,1297319,220611,3704081,239561,476577,456188,497825,1408241,2240371,4237
1476735,1611361,1777084,1349411,336859,4984353,687728,478115,366474,394476,1033018,2205200,4005
1121574,1681329,2175878,1616918,416456,5667531,844948,890361,568126,553564,1060653,764995,3043
1147150,1221365,1020207,836596,228661,5042805,699916,729378,471921,518969,1421113,2242094,3348
1514718,1570935,1818547,1382048,224511,3814549,248654,490646,464292,502093,1410238,2342165,4802
1505938,1506800,1765793,1327965,337019,4842960,692055,490765,355352,375217,1060253,2418693,4395
1152448,1634289,1822858,1387591,340213,5096650,695436,725876,506403,543243,704026,754981,2507
1151542,1163144,1155556,1103058,330121,5243904,840503,879609,515070,553907,1761262,2280073,3464
1493583,1686992,1802884,1375297,221689,3864431,241721,487146,506561,546017,1475372,2240824,4111
1478166,1553327,1787757,1349218,343667,4938152,701174,488300,344633,373844,1000936,2196712,3588
1214770,1704242,1846673,1396410,325401,5129431,662487,697200,512835,563608,716756,752921,2370
868299,1177895,1013730,1094072,334969,5048860,686251,714208,504058,547827,1434620,1492586,2457
1515556,1625138,1835636,1114438,109144,3709765,457196,697915,477782,516087,1403695,2308145,4328
1826576,1701594,2139953,1580123,440038,5502448,679415,484819,360455,452825,1460410,2583719,5308
1187250,1578923,1791843,1363820,349301,5111343,710796,741122,464324,497294,672842,749415,2220
916399,1390503,1495997,1413741,325111,5103479,653573,684102,553923,605120,1515982,760257,2492
1807127,1561288,1783480,1109289,212380,5125786,685177,712732,469109,595642,1782978,2923723,5411
1494357,1539917,1767330,1333147,336611,4305502,226973,237500,386185,478337,1331531,2232944,3940
1503002,1678790,2085848,1510833,428422,5264052,870640,922673,448195,416309,650501,1559853,4228
873185,1352988,1455602,1253153,339806,5174101,693862,725612,501982,539886,1452893,1408675,2451
1572579,1398002,1431432,885312,108151,4591469,665061,691080,499298,551496,1460615,2355132,5151
1497381,1500617,1754878,1322514,323689,4362949,237969,248999,416115,502980,1417983,2304976,4479
1473148,1555142,1792720,1354569,339390,4897406,690883,721494,406654,375868,664350,1456477,4141
903630,1459499,1820013,1374800,433898,5456531,866707,904287,564955,611342,1474148,1543221,2375
1467210,1465478,1455270,1138938,107015,4623018,468163,725150,487570,504307,1435960,2298238,4907
1546092,1620274,1828624,1407179,336287,4525094,443383,240606,436343,483816,1393453,2254114,4551
1456897,1540957,1716694,1283433,308480,4897610,633405,670097,402523,369734,668027,1533122,3731
869146,1375134,1758770,1341727,340522,4963875,692345,722708,478501,501590,1016731,724812,2063
1484965,1575137,1507109,1203752,222293,5317700,672062,917518,600051,642697,1854662,3135145,4891
1533417,1658000,1809696,1376392,321656,4445533,456658,247163,446562,490302,1459996,2293393,4710
1550484,1746999,1868049,1415182,345716,4934400,699743,728357,438215,468428,716167,1500659,3348
906085,1464280,1452172,1313194,315316,4823560,634272,661827,448538,497899,1019666,758597,2334
1426333,1535641,1568628,1205047,328330,5701664,658849,686792,540259,635029,1803611,2890720,4744
1576902,1742358,1892116,1443811,223888,3977564,231335,468123,508636,561431,1452946,2281136,4710
1820795,1798541,2170187,1602012,441149,5364356,896554,714896,417625,458000,1103424,2409048,4148
937439,1522307,1459991,1406646,338826,5085089,686216,716269,503048,530537,1088073,753083,2251
1243595,1555282,1482103,899079,220943,4450939,672754,698961,511677,550817,1466853,2335250,3355
1504617,1701332,1824879,1421822,221839,4587323,237851,483467,502937,591731,1556653,2365043,4708
1501991,1733857,1837495,1414457,327038,5162180,663072,455983,390973,429284,1076803,1804474,4307
1228866,1727659,1868066,1640291,443534,5468608,886363,924967,551128,590084,1097534,769336,2431
1217433,1525155,1451767,892572,220187,4417797,695417,727887,516376,561353,1481992,2245901,2976
1518541,1774014,1896953,1445350,222895,4587464,231533,478027,483326,587712,1488039,2297744,4541
1555388,1787792,1881753,1427571,327805,5159015,672428,474216,469122,436743,1144602,1588893,4453
1187126,1472471,1788816,1363651,337338,5016041,684977,714758,500536,532096,1056929,740893,2173
1404448,1451106,1437821,1149415,247888,4988008,882549,912133,536925,586407,1796221,2277652,3371
1541818,1759361,1866316,1427934,218193,4628254,235496,491617,474411,591224,1544254,2315317,4371
1545021,1811932,1936228,1505241,340013,5197310,684740,480278,452331,422485,1082115,1526266,5143
1281520,1587645,1888151,1428171,328858,5093408,662238,689407,526149,571132,1134936,771600,2401
1198347,1264246,1401093,1344459,331101,5492081,883735,919762,510099,566265,1743875,1388923,3215
1620896,1827812,1930926,1230005,226830,3973945,455726,470661,553396,592196,1479842,2258148,4285
1860125,1894271,2223881,1646164,430071,5721239,660010,677111,455023,477594,1151794,2370642,6143
1159375,1404424,1787691,1352110,336341,5033271,682932,713545,471054,507465,1039888,738504,2305
1193019,1219869,1032245,1120122,220634,4827876,659409,680644,455618,496139,1395133,1532289,3332
1451772,1580725,1770904,1079350,220093,3750125,451340,473416,479086,523574,1462158,2313818,3996
1471109,1762992,1872303,1441181,333101,5467110,464563,487116,412310,497781,1062052,2187598,4398
1201819,1588027,2225939,1630844,435093,5412859,868318,906617,542371,499799,1067752,745604,3660
1177835,1244754,1033777,871694,222379,4925255,700207,730755,465456,505088,1409472,2217148,3095
1488032,1526300,1729380,1118939,220190,3728357,401693,440369,448569,491790,1324490,2165040,4277
1575662,1789121,1855415,1391180,325212,5158553,443675,467661,410256,507058,1136551,2369312,4122
1132228,1530117,1767456,1393430,335084,5187040,684284,715472,501867,453684,662291,748636,3693
1205044,1209855,1393130,1093337,334063,5509886,868625,897188,507342,554213,1743443,2279263,3268
1472262,1520300,1715839,1305505,215260,3805609,230803,477311,461831,500990,1418538,2252407,3804
1470294,1653125,1827850,1376535,337123,5020272,683047,481408,368732,391581,1013788,2140952,3597
1152370,1647673,1864392,1421732,315174,5249213,632935,658375,537311,515838,721540,764034,3315
873501,1160940,1374148,1078859,330055,4882791,684894,710847,443319,487842,1399066,1477031,2221
1838626,1556188,1811432,1369659,222889,4340911,452062,701897,509089,561561,1715160,3037891,5457
1842094,1768086,2135695,1577032,322314,4769477,657815,678591,438033,464395,1411828,3067497,4918
1175957,1594472,1830707,1404163,339839,5080291,687910,719908,518760,561147,716179,749636,2434
909679,1253264,1039607,1092785,332341,5004500,657458,681179,456865,511635,1405264,1550709,2269
1463730,1332340,1503919,1057856,105791,4338844,432931,694759,449473,493861,1403294,2219981,3958
1519148,1557981,1793528,1356503,223758,4545951,237302,474903,413088,503088,1365818,2211536,4401
1876430,1841722,2202192,1646152,429852,5737714,872313,696724,519837,498144,1101942,1551413,4405
867885,1289032,1434698,1386767,337751,4923720,689298,719800,486351,519255,1440812,730397,2267
1558616,1519366,1459835,883687,106887,4240564,669703,691021,490031,533532,1410709,2298156,4451
1508948,1624236,1767042,1351583,326900,4363024,234424,244924,447934,544121,1479859,2366663,4304
1505901,1689958,1847329,1432704,343638,5218185,698515,692378,456465,422962,835359,1452924,4079
1224083,1624860,1907572,1733048,451027,5594468,887649,926068,571021,626866,1515323,728184,2146
1499598,1463003,1425071,855703,109595,4467496,696711,727072,493984,544611,1490272,2301221,4692
1545540,1688111,1848658,1410659,343255,4270741,234915,241702,438028,528874,1408901,2234325,4185
1594811,1568675,1798924,1343460,327137,4754094,665861,706061,411830,390687,671881,1577441,4777
894860,1602240,1882929,1462338,342402,5332651,699214,732129,549014,592983,1149979,759832,2369
1538045,1485107,1440904,986323,222339,5232772,875976,901825,590217,636844,1760944,2932845,4325
1823160,1754539,2137710,1314419,317905,4265281,431270,453010,497623,596548,1788881,3040626,5528
1498640,1607884,1810877,1397267,341360,5142719,695125,726081,434613,402007,696972,1448859,3987
913954,1571603,1850274,1396764,330762,4960385,657972,685774,510025,543318,1092926,738138,2224
1141788,1197229,1060046,879310,216876,5124395,683680,713298,505426,554905,1466539,2257307,3642
1811347,1798358,2195080,1626631,336275,4314269,454173,470951,473616,518152,1688601,2956751,5432
1468107,1525918,1731604,1315581,312444,4986371,637709,670257,412573,399055,687807,1545072,4075
881714,1318632,1717236,1309063,334692,4934580,683481,713175,434898,476320,1008410,738734,2273
1179822,1306737,1073136,892191,219998,5253892,666729,688203,563592,593447,1483563,2307758,3763
1486646,1553764,1722356,1321449,209180,3847800,229624,473178,487450,520161,1404063,2297365,4397
1473932,1495975,1741930,1342363,335296,5004214,685586,479475,342554,370905,999943,2157982,4441
1220310,1525753,1788382,1589336,439916,5404718,865048,902114,512461,568904,1048924,736689,2284
1127877,1278845,1132050,871559,216365,4989574,656173,686195,516617,557377,1443051,2156687,3114
1507824,1689844,1868268,1426419,221914,3833859,231955,470620,485625,515478,1381970,2244546,5111
1524357,1511814,1753338,1316917,322565,4938710,658153,469906,378135,404102,1045685,2337745,4383
1197583,1561215,1792752,1360137,333259,5032301,685189,716521,470972,510807,655046,753330,2354
1207820,1431017,1435775,1116218,346132,5074604,913892,936618,536364,574805,1766091,2313916,3282
1763631,1803548,2179503,1639369,320214,5094353,442071,706932,463205,562269,1485351,3139790,5937
1779419,1522414,1768781,1356902,325426,5773491,871749,666485,420416,457504,1397246,2436944,5378
1211802,1583039,1808971,1331025,331848,4864299,665458,694633,458804,500548,673077,751646,2423
851227,1157610,991368,1041388,330768,4797367,696056,726600,455189,492361,1408910,1492858,2106
1774390,1793169,2207294,1397570,222243,4688322,459196,702091,506027,607041,1733520,2934122,5358
1559479,1527479,1767627,1337230,322063,4972149,656753,467595,406700,378846,1023305,1545755,4771
1187638,1330610,1759402,1354424,341202,5259367,700358,728999,452844,499527,1029296,739962,2279
1072720,1225686,1035878,1097607,244358,4863616,667108,687052,452633,500039,1356578,1508816,2538
1484349,1591281,1756926,1097630,107147,3913858,446332,704916,500184,532060,1429752,2326182,4196
1466012,1611626,1844469,1428254,338498,5195986,465753,248988,367212,448150,1383592,2165075,4989
1508081,1628350,2217378,1637885,444197,5535413,871898,911747,522649,517104,1026654,729710,3392
1199303,1250254,1054835,1097453,213368,4994813,676236,705724,495728,533592,1444972,1504657,3355
1496679,1545517,1792079,1078403,222626,3767875,467806,479983,462787,498269,1345776,2192916,3889
1552709,1847740,1950159,1490273,329024,5548562,452153,458366,413103,500778,1174412,2433589,5554
1451454,1598211,1809726,1381152,339112,5071223,696325,723943,497214,446448,667602,741737,3560
1209713,1195823,1405233,1339643,337321,5397050,891059,909185,504916,553744,1715647,1512427,3248
1505471,1488469,1710964,1026587,214272,3706652,448437,473723,430792,468688,1392659,2302127,4134
1421378,1639426,1819333,1424534,337415,5197724,467799,488599,409799,485057,1040075,2172625,4376
1587429,1576421,1856990,1406162,331120,5857791,856298,891920,556049,561651,1097981,1517238,4972
870629,1232386,1412812,1142798,330872,5008763,691848,724098,467394,521780,1465856,1470308,2239
1822456,1644461,1804505,1153898,221831,4423661,654708,699379,521362,559816,1712336,2968808,5518
1545028,1716701,1822031,1368737,327366,4961524,446992,470415,407660,498342,1108860,2366443,4023
1235242,1690658,1897621,1478679,346495,5384363,710021,741566,563626,529867,774461,792131,3771
915956,1272370,1429802,1136615,335885,5343004,675480,694571,467830,519700,1396693,1580510,2663
1551064,1479595,1431009,1123266,113359,4429216,459014,718139,481975,519345,1469117,2371428,4507
1807031,1821194,2219065,1663361,460464,5124831,708872,498022,432600,464409,1414147,2933938,5273
1225438,1798757,1919315,1467862,323180,5376790,649097,675893,543208,531471,787587,789121,3682
961363,1428617,1526775,1203417,335527,5073788,707334,737766,502260,538011,1517447,1563614,2580
1548924,1422330,1486979,1175811,114614,4636219,475672,729013,470976,514310,1408409,2313988,4660
1583325,1658020,1859089,1398685,327380,4604163,469308,269227,447800,492940,1491862,2393048,4565
1543733,1755251,1857732,1433811,336980,5340356,692256,722816,484913,526541,781728,1501813,3443
966392,1466697,1561089,1474024,467877,5958804,923640,948030,504020,570661,1455529,1631769,2949
1579961,1349731,1602090,1130065,119057,4664812,448532,694616,472493,515031,1408877,2303052,5149
1528892,1589535,1873202,1420590,348421,4564959,482452,266599,406654,429133,1376246,2226714,4473
1627372,1553131,1857139,1388060,443964,5724348,878066,915510,470743,520772,1069516,2373703,4089
1184736,1501561,1908917,1487087,338496,5567988,701358,730603,536247,583770,1092758,800613,2862
1620541,1518269,1575501,1211670,239712,5328809,936653,959750,534551,602547,1815797,2385825,5284
1558426,1592918,1865928,1398552,338357,4691607,257705,269230,420945,517025,1481463,2479261,4666
1525617,1576578,1861054,1414152,347562,5269657,709594,715288,421338,386005,791008,1538151,4144
1241512,1532209,1972507,1497875,352440,5519877,701079,726615,515512,566927,1126081,823520,2947
1275442,1261353,1127774,1165233,226212,5274149,700921,741369,501024,535430,1474591,1636377,3987
1897352,1719142,2265204,1395358,344804,4572394,490419,511142,462330,558719,1723549,3020382,6065
1663582,1487360,1849310,1369505,338099,5021150,687898,719599,401243,381024,704878,1676292,5057
953990,1391038,1857489,1423706,346737,5237336,723848,754536,485567,528042,1105071,836076,2839
1289880,1286786,1162958,1049814,238778,5549835,709945,731827,484618,536481,1442371,2314367,4488
1579522,1584189,1887223,1189234,229125,4127455,465433,496822,469953,515384,1459167,2433848,5215
1587918,1540825,1880676,1416502,353509,5295933,496593,518722,365558,439605,1058735,2284105,4917
1285116,1541348,2265022,1679258,457057,5805018,902712,930664,499113,493118,1042835,848424,3879
1289260,1289713,1212723,993255,231495,5616098,716243,757112,545821,591512,1579847,2505070,4539
1900623,1736017,2320445,1728674,237870,4249506,269492,757960,538876,575409,1767140,3081905,6215
1605601,1586863,1926630,1430282,341189,5268968,675148,501088,360536,431586,1103388,2472691,5030
1241279,1535728,1881002,1660810,436937,6118359,906006,942625,548872,536717,1074737,849069,3483
1344493,1331841,1582248,1239637,356545,6140421,941925,967825,565501,618667,1820383,2399990,4054
1607714,1620095,1915424,1468774,226625,4120166,264035,503063,476462,514406,1472245,2511301,5860
1738376,1630675,2070979,1610244,360022,6432473,736316,535333,473373,433344,1108429,2350756,6192
1335119,1625079,1954206,1486640,352585,5317589,706270,732364,480537,523690,734615,873877,3062
1013078,1359781,1244903,1237079,345906,5369099,729473,774242,516720,566134,1572567,1708031,3057
1893248,1781077,2138664,1571624,237688,4873997,468156,732130,588830,621831,1781756,3036599,6752
1692409,1793526,2009185,1523648,346506,5508907,705068,513905,424988,454077,1183206,2539537,5533
1293370,1610162,1889692,1443245,346083,5414842,723521,755459,490288,526338,731106,860064,2933
1036876,1294289,1181565,1237168,359226,5465214,726204,748505,470321,504994,1459424,1619832,3115
1568745,1722519,1969321,1246092,125960,4424756,487654,742028,543327,583774,1542445,2491810,5246
1889673,1793526,2282067,1728632,452482,6094742,694553,489105,400687,495024,1483358,2560275,6501
1354494,1671669,1954146,1471749,351674,5222367,703067,727150,483534,530140,770730,882514,3205
1005381,1275691,1198092,1217328,344996,5232401,725799,764831,478241,530252,1505616,1669582,3143
1679478,1787191,2067549,1298922,127758,4336177,508554,764182,549854,587561,1528191,2356664,5070
1675652,1710180,2019778,1516213,345770,5277234,482924,281293,388279,489776,1532941,2534518,5869
1593377,1664567,1933750,1495072,349777,5405833,728406,760118,496127,484951,743427,876507,4257
1237647,1318706,1654513,1557550,376773,6362995,946692,973198,577109,624657,1844307,1645769,3633
1662215,1607782,1933121,1204333,125384,4260167,493403,749208,482642,533374,1526268,2519068,5034
1577489,1734689,1991447,1549812,351540,5715418,495492,278539,417751,509144,1488020,2311593,5288
1656647,1675721,1966544,1517294,349702,5338618,697301,723815,532184,493871,757908,878441,4443
1024384,1347109,1602746,1480728,346809,5276145,730454,773708,516890,564159,1538489,891099,3043
1941478,1468097,1915261,1181543,238889,4819712,744856,772761,494083,539627,1744205,3088004,5922
1663849,1717369,2005223,1501730,344576,5541060,480160,481730,401974,497839,1223118,2528760,5197
1513509,1465006,1847289,1418266,340347,5259133,710619,742605,488936,463847,724544,880880,4493
976238,1226102,1542477,1441970,356206,5287315,723299,744584,456227,499089,1414187,879237,3032
1601118,1382412,1516647,926667,123287,4770688,697616,737459,465499,506789,1471804,2443945,4631
1878219,1612874,2211777,1637182,468959,5196426,491891,515127,390121,476062,1402442,2997018,5178
1328476,1759139,2029903,1554497,348479,5599632,696226,720793,504339,488049,759145,864643,4158
994219,1176392,1516196,1171086,335586,5175325,710905,755299,455785,497829,1455781,1622050,3045
1567106,1371522,1517577,976982,126776,4897135,669974,732207,446696,489702,1380179,2294910,5113
1595362,1559080,1902345,1424507,342096,4655768,270587,281896,410132,514926,1470222,2463803,4925
1527441,1602484,1954419,1495471,355157,5553293,739519,771548,435895,409864,737611,1641632,4998
1021214,1646976,2309106,1713818,560825,6705376,1119504,1151158,594598,660543,1393218,1642689,3204
1614054,1341686,1507832,1166358,122742,4620637,481729,745890,469622,522227,1488361,2505664,5085
1607354,1563701,1903007,1445440,350035,4722844,492213,284960,430999,469655,1438088,2299816,5205
1673983,1537860,1867551,1407718,335432,5192852,673831,697097,420049,404648,721159,1642781,4984
997004,1505917,1971699,1494709,340152,5309361,719140,758736,506992,551383,1180029,876777,3237
1652140,1364347,1592711,1239948,242769,5399915,721187,983644,538482,573355,1754876,3103516,5543
1646993,1524023,1925431,1427064,345267,4663349,491425,279791,414202,467439,1498840,2506135,5122
1560805,1490953,1867906,1422948,345769,5493527,721161,747840,420785,457707,733283,1618545,4027
955923,1460315,1605362,1536073,349905,5714613,707681,728578,504180,539379,1106869,871414,3198
1303561,1216744,1341262,924729,228809,5205545,692598,731036,500788,547638,1471946,2499074,4211
1844321,1714146,2258449,1687470,349392,4667301,490551,523570,471844,513235,1790130,3028069,5710
1621825,1521579,1904476,1429379,351539,5179640,701048,727411,399656,427997,694970,1658908,4216
1036741,1586517,1623898,1527781,344159,5333489,729306,774069,557642,600653,1195247,880636,3057
1302629,1484457,1561836,928553,236984,4778661,723033,752717,497672,557393,1488950,2373340,4503
1687003,1761868,2010816,1504194,236113,4641202,272946,504084,460674,566201,1536195,2513776,5529
1856950,1801564,2271613,1689136,568251,6599451,1173505,989251,506754,550768,1481108,2466535,4889
1022676,1493940,1591524,1484049,352166,5460185,712370,733825,506035,542417,1095324,867383,2976
1360996,1906715,2053540,1324653,335512,5785699,909683,962381,611078,665603,1575586,2509304,4521
1608286,1623396,1955265,1478694,238126,4915546,268612,522983,409378,520403,1473911,2355206,5339
1710352,1663440,1951788,1486001,337466,5321600,670005,510380,454678,437603,1090757,1566113,5201
1290628,1413149,1881649,1405769,339609,5044376,717117,757907,460688,514978,1130457,869303,3042
1532271,1579029,1649756,1252085,246489,5589729,955547,996805,582211,626943,1845518,2383498,5297
1673604,1750691,2014465,1519825,236720,4882266,269691,473704,495033,603419,1533684,2477583,6026
1599036,1591159,1868519,1415759,342231,5171736,714525,507556,424045,411818,1101509,1596801,4706
1361006,1528617,1971736,1511598,351991,5283845,711114,730966,489813,543244,1119302,881860,3085
1326645,1285312,1183955,1221933,225973,5323978,685869,725226,478224,523490,1491159,1685994,3917
1955624,2000234,2452596,1574056,362241,4802169,493607,514878,558291,682732,1953172,3125859,6804
1649418,1672547,1975609,1492279,347856,5285021,694860,717223,441039,405226,768868,1670857,5515
1204235,1420793,1841225,1413764,320505,5230343,678493,721969,476544,521674,1123182,863735,2938
1259097,1205057,1127316,1168146,233958,5280928,726534,755228,446705,489628,1409510,1587216,3707
1659307,1806826,2032396,1274578,233353,4384761,482678,502105,502523,544844,1534777,2500349,5567
1873097,1731391,2282308,1706196,452665,6077708,718396,749205,418936,463842,1102727,2363623,6642
980911,1318215,1907715,1453417,348535,5233562,703128,724143,451234,501954,1067767,855118,3024
1611537,1396853,1526610,1185530,325597,5791909,891827,945772,524491,573143,1433028,2421115,3789
1538521,1693555,1930502,1307588,239798,4352285,395971,478969,526735,562023,1440250,2230787,4688
1555296,1523571,1974969,1496463,354679,5335123,482909,500685,374848,456508,1121419,2521694,5871
1275554,1546317,2242838,1670678,438891,5719175,919331,976907,550217,536695,1102239,853724,3878
1554871,1318691,1491211,927713,118155,4650392,716634,749713,460346,509250,1420694,2269468,4655
1656401,1563781,1916429,1423592,230563,4035546,257759,485918,462685,515796,1468359,2489606,5077
1557091,1709535,1958912,1506008,345425,5528933,717254,511756,410627,456193,1164076,2365303,5210
1292745,1597518,1910887,1444518,345099,5178339,701140,723020,469070,450430,706817,851618,3886
971992,1174318,1477793,1132767,333037,5106669,690636,728593,422639,480445,1441310,1665203,2998
1847459,1536015,1875584,1416659,233580,4556148,482845,748465,530079,559534,1773722,3004777,5546
1629742,1702273,2002663,1526333,354365,5316454,706069,502673,400875,432677,1113538,2477767,5205
1289659,1619192,1938567,1466115,337066,5288842,710489,753728,514784,532474,722074,830071,3015
943703,1217543,1138864,1197518,345850,5347846,712948,743240,480212,523982,1407429,1554891,2797
1624120,1394301,1777854,1159598,115673,4432745,476053,719135,452696,492186,1465037,2476302,4926
1845476,1772906,2283277,1680538,456851,5361806,725204,522573,445508,483071,1479802,3071938,5233
1261040,1638016,2000187,1530649,348232,5738183,705907,727463,528102,580483,750192,862570,2998
984343,1159233,1136847,1172170,327974,5275581,677909,720404,469884,525715,1473669,1618706,2885
1866771,1682331,2206383,1399782,221597,4807116,689016,954521,524633,578370,1406800,2256027,4348
1613411,1446587,1842237,1389624,343203,5035836,470852,266540,340240,420241,1397644,2404097,4920
1545650,1812395,2270154,1697612,434364,5871274,910564,966076,565988,591275,779645,932586,3812
1008693,1360347,1218054,1243456,352858,5473367,724096,758217,489144,533961,1461697,1636099,3099
1647458,1567826,1890884,1148989,115168,3975542,469337,713577,474616,515614,1460661,2454907,4967
1542746,1489917,1845261,1423910,337618,5367109,475501,274176,349106,453091,1449968,2315986,4617
1607383,1739945,1977873,1506855,347447,5400233,705598,724182,536649,518590,755654,838921,3789
974486,1253442,1594219,1484820,333790,5534383,691168,728738,488940,513612,1482808,859452,3051
1782495,1532559,1854540,1170309,148487,4517807,717809,911054,529972,565296,1736106,2955014,5806
1604496,1601038,1903887,1424175,344960,5039795,472263,267602,368729,447328,1415850,2391993,4624
1554184,1533578,1867025,1405753,330510,5106563,696098,739058,492504,469569,719227,853728,3977
950208,1330336,1616684,1565429,345076,5687584,712323,746627,547205,586593,1479042,871941,3045
1601212,1335575,1517591,894838,117055,4575958,686971,718200,453011,507338,1486601,2503135,5453
1831031,1646868,2198579,1644114,450787,5081998,488265,495916,413771,519740,1487827,3067705,5852
1522579,1695851,1982632,1495093,347896,5494050,706809,726914,488586,471593,713977,841720,3847
945688,1437480,1937060,1683468,443722,5797259,910583,965059,561991,617004,1521021,875037,2967
1557612,1472450,1529965,927457,119905,4847539,711332,741441,492303,551792,1448713,2295484,5139
1950065,1823587,2311076,1722020,449509,5268248,457554,477376,490930,510718,1433039,2411724,6162
1578082,1638580,2176365,1610845,439137,5691657,926346,981437,457050,449649,708964,1612788,4808
975979,1209829,1516486,1192147,351936,5264407,723376,755272,480787,530012,1409934,1576939,2730
1608044,1533327,1619343,1111632,119691,4871438,523658,726289,504303,541041,1496441,2518720,5655
1560755,1515373,1876016,1429846,341423,4726430,262319,273367,442451,534178,1462742,2325221,5044
1614112,1536097,1938133,1467475,350466,5372613,705468,726185,407176,383869,719819,1639108,5337
970308,1342785,1892595,1412964,445287,5690755,913182,966087,510128,574069,1481760,1689200,3014
1521895,1472362,1576423,1217492,119099,4621181,488762,753890,533847,573095,1495754,2315209,4952
1644694,1669056,1952233,1463387,346521,4759883,475167,273245,412451,455727,1420801,2443375,5348
1594643,1522914,1889083,1413272,342917,5141685,719486,760161,410401,387396,720368,1671797,4549
979878,1388605,1909245,1426616,346926,5237352,713178,747517,473260,510699,1058153,857536,2847
1358238,1462969,1241551,1006120,227173,5480639,685139,718023,534471,574455,1546611,2479956,4219
1909324,1848517,2314020,1721143,347666,4709410,500605,515758,473629,541375,1892276,3143714,6230
1642600,1743625,1982155,1504681,346089,5376085,703375,727511,457625,484543,768799,1588715,4020
968108,1368500,1535600,1415773,336346,5296826,692629,732726,442325,499615,1084730,849474,2873
1246233,1271182,1427013,900935,233798,4904023,724246,755669,483386,521773,1436569,2310042,3966
1912256,1954588,2438870,1846272,340396,5317286,466640,715798,572210,583685,1534279,2548047,6897
1904071,1756021,2276232,1694114,441707,5869444,929905,754131,431090,453157,1119717,2404124,4924
6564783,2213828,10625126,8202771,1872795,16924208,3584599,3781293,750877,823812,4509054,7514073,7924
1312771,1214690,1129970,1132110,224361,5228014,688849,725537,464018,505089,1458911,1706123,4253
1543990,1598055,1903306,1201493,234286,4196120,497812,520624,484010,543342,1483829,2356414,4912
1641378,1621694,1991399,1529963,350039,5533638,482833,483281,395022,478069,1146920,2460064,5937
1510728,1575508,2211804,1642614,429032,5783543,890679,945940,540404,530799,1115897,863284,3983
1241852,1204600,1126465,1156625,238542,5210290,723026,755037,449954,485873,1375172,1548396,3669
1599059,1555104,1918221,1170818,234125,4116496,487986,507058,457955,505948,1453881,2483121,4998
1543369,1651675,1959332,1490799,341408,5583354,500758,524037,407188,510018,1168782,2409642,5458
1296860,1626824,1974785,1478433,349353,5380898,715972,736104,466144,451575,734963,873939,4419
988916,1221437,1509964,1155424,334644,5208305,690133,727737,472278,520598,1467725,1684759,3154
1829084,1568042,1852456,1238955,235177,4632603,595445,724425,503399,554248,1741536,2983129,5876
1614992,1693062,1970754,1488293,350376,5358298,485901,501555,403948,492227,1113879,2377208,4849
1302707,1609225,1984634,1507090,339814,5576304,709100,749186,502729,487559,714517,867983,4542
971277,1208235,1536931,1188554,350256,5388986,715781,751021,474117,514646,1424538,1575667,3049
1599291,1331266,1531995,1185762,124582,4745912,482004,732586,440060,504099,1468235,2498336,5079
1907662,1748538,2255024,1676767,450399,5462212,722217,517505,421650,459241,1496791,3100455,5619
1272878,1698428,1948281,1496727,337199,5629373,695249,714238,488052,500050,787079,881015,3723
973687,1192682,1517864,1186336,342622,5304637,704727,739770,469510,528339,1479074,1685426,3003
1616839,1433579,1526404,1180746,123015,4680808,492913,752670,475663,503331,1449949,2329046,5047
1620829,1585912,1910413,1437493,351272,4630717,485945,279677,410128,445837,1403886,2379996,4831
1629113,1888098,2363803,1764390,457138,6056697,948650,1011108,529613,570583,764695,1690229,3937
6344528,2050020,9676630,8147571,1883437,16942864,3510439,3863828,786206,827752,4867946,7994015,7806
1611557,1376848,1769444,1173810,121899,4453348,477308,721858,454457,502494,1452408,2499254,5347
1540428,1487689,1846422,1372601,340228,4609039,496769,283298,402981,433814,1476450,2383424,4708
1616281,1545669,1926470,1449902,359713,5353445,742501,763316,404018,444009,716011,1664133,4211
934548,1470371,1593094,1515675,449147,6236204,913595,964525,575439,627432,1539238,1655383,3004
1586208,1567638,1891765,1165866,123166,4125093,494658,754332,474467,532863,1430801,2305949,5064
1605887,1529313,1889521,1419429,352639,5138266,490102,283348,363110,436010,1395894,2370444,4742
1655616,1571789,1894036,1409906,347149,5092637,721304,763023,436886,462752,737950,958838,3973
1046508,1615745,1612482,1524938,351330,5507069,719449,754180,519582,562687,1151768,878154,3076
1685702,1738737,2000066,1238697,352129,5245037,925504,747992,492389,540820,1919440,3357170,5661
1853557,1740900,2233363,1447085,344017,4757485,499476,521070,489436,596851,1821799,3037459,5599
1981671,1798485,2319652,1720665,463074,5228222,723243,743725,483883,475807,1077505,2292601,5708
1048032,1500856,1951833,1462782,345245,5294814,712675,754672,482408,540205,1148155,884435,3068
1256039,1305289,1208942,1052761,240158,5693278,722453,751802,520575,568788,1486517,2252692,4506
1690673,1748608,2001203,1302682,239203,4179713,414234,484642,498134,557958,1495129,2424912,5673
1932820,1674177,2198213,1629354,448914,5644936,719218,765799,438380,463848,1114027,2435798,5914
1014557,1449127,1930132,1451698,348558,5339243,717839,749800,468767,518845,1091787,889250,2969
1352340,1468124,1249268,1016894,236047,5475815,707199,737470,557349,601354,1589596,2508145,4002
1603299,1717412,1951223,1505829,237350,4064413,271282,516773,499025,540247,1492621,2373051,5483
4689138,2053663,5252741,4055808,902252,9842686,1734835,1721217,563161,657527,4219352,8464967,8188
1294751,1599220,2249363,1654911,432619,5763148,885384,938109,531230,526683,1105984,894911,4012
1316780,1293542,1160676,942387,239009,5178439,733795,767612,462692,509124,1461387,2323833,3695
1675436,1770317,2025054,1527755,237395,4287516,272983,506284,513229,559895,1523848,2481404,5780
1606696,1645650,1920604,1454031,343029,5372671,723724,521930,371611,420250,1158350,2451280,4968
1317971,1732495,2007464,1527534,356254,5500074,730583,758745,518299,556891,798966,866231,3039
1298313,1298162,1340646,1229783,348823,5805924,894432,932079,532101,585410,1835274,2376612,3896
1051444,1489263,1275923,1295187,354549,5558376,723613,744535,556006,587828,1513816,1629569,3137
1672115,1715336,1984400,1205954,223274,4940626,688625,957316,552690,611431,1897431,3329469,5664
1611647,1674833,1909453,1460840,354235,5326428,508531,287234,388408,470899,1467923,2346814,4696
1639090,1611337,1903715,1435739,353470,5208790,712998,734693,471029,450868,730648,873567,3816
991166,1297860,1540284,1426970,343855,5165131,714610,755202,477040,528642,1490975,866023,3026
1911098,1688313,1983251,1254389,227730,4816432,722509,773788,585628,629184,1836858,3015057,6657
1702701,1665883,1972361,1480258,351151,5330445,489340,290122,350162,452667,1484982,2519269,5828
1635707,1661772,1932337,1471270,351810,5357697,730975,762413,439767,433306,785453,1641965,5245
1001651,1472434,1955212,1487924,358313,5469948,728047,749756,478368,527028,1096954,881275,3024
1324178,1390413,1217726,987908,233074,5358990,693981,733748,506343,563077,1525448,2434257,3880
1930676,1885461,2365089,1787922,359496,4963268,499868,522829,492573,550720,1852482,3044430,6387
1659124,1634589,1940676,1455131,355090,5157340,709877,732832,405847,424875,726286,1646702,4287
1041654,1540620,1907534,1469383,332144,5241464,697827,738963,523259,565275,1128563,879207,3038
1320905,1286890,1191143,951376,238558,5279783,723303,754066,449364,502032,1405748,2315615,3983
1676833,1888677,2054047,1540488,236141,4237011,276308,516287,567968,608364,1601310,2567059,5871
1928501,1795371,2310619,1709916,462788,5974186,961009,769510,421684,469740,1124572,2392792,5211
1029055,1466367,1576767,1476636,360337,5335853,726203,747682,479268,520973,1099347,879745,3040
1339325,1391247,1484556,974128,233159,4869725,697928,737651,461673,531682,1504122,2496639,3911
1562034,1788682,2354157,1801801,331381,5172059,481232,739959,594988,643191,1810613,2216056,4766
1731452,1818291,2042690,1542434,357460,5487987,710968,504569,397733,432041,1162850,2521735,5833
1313512,1589841,1888257,1426745,340861,5221546,719934,765104,473927,511751,749799,885834,3162
1328950,1550447,1569642,1211161,349479,5327016,947519,987339,528629,586498,1788413,2299160,4106
1664248,1796496,1984593,1251915,232535,4326921,484139,509589,539785,579080,1538363,2457983,4793
1630799,1633665,2001583,1541346,358878,5769429,506035,528366,391908,522862,1155021,2379176,5731
1543773,1713874,1989400,1508584,345879,5428455,692301,713640,503286,482081,764357,883372,4371
1009333,1278168,1515436,1404439,338611,5166860,705542,746596,444070,490304,1469421,874265,3036
1906159,1676065,1891920,1208435,235684,4721099,733474,767148,558426,599412,1795149,2968067,5457
1655419,1752068,2040793,1535533,355800,5542042,493658,515875,383652,492768,1163510,2553558,5621
1342228,1709113,1946736,1473351,349863,5355498,737509,769795,496793,497572,789245,860883,4121
1013948,1298934,1570745,1227967,358453,5443104,734347,754599,476530,518717,1435453,1618223,2929
1623635,1436281,1500623,1046876,125514,4680097,542061,706112,475253,526793,1460219,2382787,4956
1916919,1997127,2358237,1784599,466177,5538683,498027,518926,489943,594947,1532815,3040444,5616
1331758,1638444,2011210,1510034,354033,5484218,708048,731202,504454,506223,755274,916937,4915
1347344,1548659,1950335,1480842,450787,5777574,936206,992834,545048,605616,1515749,1677264,3024
1605577,1438959,1520349,1176012,125667,4601485,496698,752449,477518,514494,1413519,2281981,4672
1640379,1855523,2309186,1710039,449728,5353603,678627,490096,494866,534828,1471296,2438425,4529
1631099,2029647,2409437,1797829,460168,6169580,967565,1011781,559439,552159,822542,1685209,4859
1014910,1448506,1559209,1459800,353283,5396886,714372,735831,452601,508166,1083611,878072,2976
1290347,1376658,1502082,878533,230511,4580164,708659,749139,455561,505554,1462449,2504676,4211
1584282,1539454,1870588,1405841,239189,4616309,271288,519049,405828,499613,1398247,2266153,4843
1669515,1615244,1942701,1467958,347100,5247032,694917,511044,422321,414624,1083359,1639116,5521
1315340,1394616,1884232,1446548,338577,5328356,714819,754466,492424,524968,1075965,872256,3017
1504792,1371894,1524573,1170847,250317,5227635,948922,985689,489165,551945,1708905,2278535,4531
1610160,1534790,1833564,1353936,241741,4569938,271835,452637,401898,490733,1370140,2319775,4602
1570293,1566644,1890079,1439317,347961,5500324,726412,522195,410388,385973,1069616,1612739,4998
1293036,1399810,1965768,1505426,351954,5715944,709417,728437,494945,548963,1113669,877421,3235
1329708,1235321,1134217,1163013,226474,5221592,689214,730508,460309,513883,1450654,1688222,4190
1884642,1749678,2252462,1440118,356708,4684307,495705,516368,472149,579812,1793944,3025106,5741
1649081,1461994,1886110,1397543,354884,5132484,707556,716899,380344,368220,776894,1691959,5017
1186258,1422321,1895909,1462208,329847,5458654,697099,737239,496261,546948,1114604,860979,2978
1317450,1257307,1163998,1224732,238040,5376927,725229,753441,497611,523241,1418371,1585249,4085
1972587,1738204,2287121,1425344,335107,4851171,680533,709250,507099,487061,1438802,2464768,6243
1831875,1680285,2185015,1621564,458071,5651723,733022,764753,396285,436755,1042838,2301132,5384
991860,1438450,1936483,1449704,355632,5275968,720308,741193,462104,512614,1083720,862087,3071
1279127,1237874,1156507,928738,230651,5340100,699288,739896,485133,535154,1515300,2503238,4311
1540280,1582570,1871773,1261152,239314,4204154,367159,488643,456486,484117,1364301,2201638,4892
1660940,1560804,1936880,1467311,352298,5303462,487583,506846,351590,456158,1095428,2449692,5348
1314859,1550637,1882602,1408710,347639,5123158,731623,775661,458753,446034,696689,887685,4084
1822942,1747492,2247938,1448402,341563,4918196,492302,516205,497026,613262,1863941,3128854,6198
1631331,1582423,1940035,1471798,350505,5383532,721864,743207,421640,392460,735408,1623732,5451
989717,1326510,1857929,1374161,336305,5121021,694397,733594,420899,475616,1073812,884190,3190
1278639,1182188,1127999,1042413,237482,5259330,720781,751925,466276,515383,1432183,2122046,4104
1643943,1620688,1922615,1208142,237547,4153109,484432,503302,479387,529976,1453745,2405795,5108
1927879,1722580,2256559,1665550,443890,5873570,708676,749952,382671,439531,1088013,2451198,6813
967292,1337286,1867897,1412006,357456,5224878,734324,766654,448249,478792,1046000,847385,2986
1306665,1212069,1149313,926325,237829,5096918,694764,721375,436165,491494,1438064,2466879,4019
1585206,1535645,1875450,1407334,235059,4155619,274847,531923,464917,508049,1457407,2404868,5119
1592761,1640719,1999679,1522157,356301,5661899,708754,520798,392795,470649,1092651,2387649,5706
1662970,1760473,2558078,1855705,530899,6377216,1092547,1160403,491909,553160,995683,1603378,4519
973120,1196491,1127839,1164704,351238,5295285,720295,749839,461753,514896,1423061,1564535,3083
1623227,1547248,1866068,1138168,123171,3885618,479357,713706,446887,501136,1405649,2398290,4711
1590406,1633517,1894875,1436277,338459,5171090,490507,282673,386151,477630,1514823,2393738,4763
1672159,1713841,2000180,1518364,352903,5461821,729157,756571,486405,469013,772780,892636,4648
1017166,1374604,1537951,1463307,435130,5985432,887132,924725,505748,565358,1730420,1596462,3286
1550097,1526237,1847002,1145632,123365,3924889,495088,762335,457380,504752,1455784,2365299,4750
1612455,1639769,1914579,1420624,351373,5171472,490774,281454,355647,453190,1439882,2377080,4710
1563960,1601407,1905138,1458300,332438,5593488,694359,734604,495229,488777,740016,877913,4189
974356,1222791,1538337,1458807,351986,5354214,723200,754993,486331,526284,1433695,851000,2963
1643033,1416217,1533158,924938,125382,4737105,708216,735958,448784,487479,1432132,2464411,5103
1836725,1716022,2189681,1633561,417473,5320555,466972,387533,389233,502427,1714686,3062910,5631
1581466,1696398,2003154,1524113,356864,5523786,730038,759000,506188,494597,772347,863892,4098
1020925,1247381,1561885,1476919,345142,5302342,701920,729795,491812,519713,1509832,876442,3131
1610649,1389949,1501956,918615,125647,4833303,710298,742195,468713,529211,1455260,2370457,5477
1959890,1806944,2314305,1711702,470798,5183488,491524,506475,467170,506691,1424711,2416224,5953
1597683,1829506,2297021,1705684,453527,6012353,937587,991178,503567,496064,757378,1657677,4525
953562,1218887,1569532,1396318,343776,5581689,704072,732703,503415,561037,1425682,1207834,3175
1643484,1365804,1522953,922809,123787,4577260,693105,723058,447741,491391,1434306,2452480,5107
1600940,1500895,1865823,1402431,342327,4499705,267225,280201,389777,503575,1490332,2439639,5152
1589482,1552634,1885288,1419121,349998,5096746,719457,751188,402115,379022,709523,1578176,4590
1009919,1424630,1922404,1431844,450185,5884691,910967,952061,507198,577402,1503984,1705720,3198
1605484,1407226,1513818,1187566,126553,4945459,503300,767499,493267,551404,1493823,2391051,5254
1619747,1581004,1908902,1427093,237592,4122624,267433,500866,446908,498262,1415383,2407887,5021
1597815,1446494,1817026,1376496,336736,5139971,709966,516349,347739,382163,1067044,2414577,4942
1285770,1651010,1947782,1491887,352495,5490912,723681,754422,491203,531960,774418,876885,3043
1230484,1282676,1522803,1192316,349675,5333774,914693,954597,503281,565690,1840288,2529445,4297
1570806,1541323,1882557,1406929,236929,4652454,270523,528093,409204,515593,1504573,2424402,5016
1601706,1539578,1876591,1403975,352978,5081632,721458,512516,393197,393670,1049267,1589237,4847
1322112,1573166,1880949,1427641,338425,5174975,693916,735384,470459,521318,1006102,867848,2962
1024437,1351477,1209948,1253986,352934,5583769,726366,760988,501666,573845,1499645,1603944,3081
1648275,1575674,1927310,1200042,125778,4012581,485561,725259,455170,509025,1418873,2448316,5594
1888302,1624415,2139411,1557244,444394,5412263,706846,511581,385814,406107,1416406,2421737,5698
1608028,1588348,2241039,1679751,447612,5838223,911892,954602,523690,512221,1065175,873529,4157
1324006,1352692,1184135,1204818,233159,5343869,695260,725821,487933,545258,1502012,1691778,4222
1529268,1484291,1853642,1119472,215803,4035401,494867,546641,453595,521047,1453464,2387065,5515
1575436,1507616,1851873,1403066,342811,5258685,475710,299283,339702,428540,1343450,2280918,5131
1605413,1527725,2249478,1653670,448686,5702025,913673,967620,493204,508527,1096933,851640,3819
992228,1261712,1548388,1197903,359875,5386971,737907,770053,466285,512318,1414812,1573031,3108
1652203,1501097,1588830,1209757,124310,4838447,481264,724884,519880,565333,1517115,2514199,6118
1578862,1565069,1893048,1407086,349047,4507794,503534,285590,403025,443497,1475608,2451689,5012
1599721,1503240,1882579,1420119,356071,5276758,732497,758569,392262,429113,709284,1587444,4241
968363,1435689,1799643,1415989,440114,5761604,888114,930039,515286,578601,1437077,1638683,2987
1595570,1517860,1587600,1242230,123860,4744405,507357,774516,494336,521009,1471809,2378802,5084
1654112,1571931,1940093,1469008,351982,4729470,489920,281119,415140,441623,1418986,2387867,5613
1636160,1531389,1879429,1414341,338355,5322161,702734,739390,400627,441831,706465,1701450,4467
1019605,1371838,1519515,1423728,350243,5206263,721319,755039,451956,490102,1043590,879577,3144
1332428,1447488,1582087,957933,236762,4752024,693652,723237,479468,525348,1487554,2514442,4631
1893454,1765643,2238531,1662425,329451,4869973,497081,518375,486870,560651,1853305,3153735,6778
1590463,1583052,1925247,1453185,351195,5301565,717913,746225,384686,433485,718206,1592488,4029
1331046,1698744,1948113,1690899,444616,5862346,897673,939563,457995,509313,1068184,1623371,4146
1325349,1504188,1529266,954162,235107,4695233,724667,758890,490533,521884,1463200,2325106,3670
1648035,1774054,2002695,1522604,238865,4874725,270652,507476,451355,545348,1472162,2388723,5045
1991581,1937612,2341984,1742908,449943,5879160,929554,746511,528641,494172,1190821,1741503,5434
1009562,1496514,1564577,1471665,353961,5527827,727457,758933,496861,538830,1353048,878821,3116
1359146,1519423,1598698,996565,235289,4783142,689798,722901,477447,540742,1501093,2443063,4043
1617037,1751049,1953992,1499652,234846,4900356,271004,520008,475216,571195,1526424,2360672,4420
1617616,1599273,1990671,1527948,357959,5449858,731062,515544,455536,434220,1156195,1652988,5808
1363570,1517656,1942220,1712972,446870,5780609,898516,938040,522592,574421,1480881,882467,3189
1638419,1417718,1519306,937903,123662,4762117,722305,754741,453784,512351,1476292,2355042,5004
1675330,1698468,1969036,1501211,337304,4678786,272409,316777,434734,533300,1460453,2395178,4955
1699921,1817364,2022777,1528256,343859,5549466,713454,525922,465221,426697,1145472,1718843,5819
1329721,1495687,1950017,1497763,354663,5301149,722909,756698,497717,532650,1117728,890046,3062
1642196,1511408,1575661,1225684,236284,5310503,900089,939475,536293,587979,1832458,2432197,5033
1644059,1631085,1933905,1453443,347919,4654303,271847,283984,437604,534214,1523233,2444017,4833
1908427,1999130,2437253,1841292,359961,5790829,737255,1004204,552173,518589,1137954,2325698,5502
1457096,1627976,2351953,1743305,450499,6070379,906234,741260,477700,533647,1534412,1647712,4331
1331741,1244874,1143839,1143333,226750,5551088,715029,748281,482591,529413,1471361,1703963,4249
1659671,1539546,1904406,1176756,241776,4076949,491106,509782,454579,497046,1437442,2435505,5261
1932337,1813667,2253700,1673413,447933,5809024,695980,734390,429965,476453,1143488,2517533,5893
1034488,1587964,2029159,1552127,352838,5651767,723694,757595,500422,545156,1103115,866414,3070
1349425,1275894,1165577,940691,239972,5213105,714788,747202,474695,505015,1486637,2572391,4615
1664530,1616401,1933715,1453182,241381,4137370,281590,526877,481272,527258,1535869,2425178,4895
1598109,1585816,1888644,1437722,339041,5383765,564003,515424,355975,455903,1048613,2259123,5014
1298350,1550733,2309826,1676977,447640,5854855,905670,947295,513608,526026,1118484,875499,3935
1299497,1239632,1134933,906916,235486,5489179,714569,746481,462345,532804,1441415,2335700,4074
1612608,1545941,1943124,1452877,244004,3993451,271081,508448,447776,499595,1418811,2405869,5371
1618225,1582669,1888658,1409080,343529,5337021,714352,525036,351032,381115,1073935,2473634,4756
1295374,1580376,1918207,1465233,351972,5397280,721432,752332,458724,510238,724655,851985,3073
1325068,1365614,1409005,1220017,338353,6038251,890550,925589,526748,570616,1798998,2489025,4479
1620820,1568815,1910268,1442296,234051,4171081,266172,518223,477795,518902,1484823,2459213,5557
1628137,1512041,1918557,1434773,353312,5228763,721125,513851,341406,381803,1048059,2343199,5361
1331907,1550784,1902913,1403495,344751,5234701,703238,732816,456152,494292,698876,886495,3124
1278099,1430276,1551529,1481186,451340,6518634,932447,753443,507239,551319,1856813,2295602,4200
1647004,1599945,1930027,1205165,122814,4216532,488337,732368,468987,524995,1432561,2397498,5400
1303004,1170264,1191473,1156054,350048,5771767,945324,986478,481612,535372,1687792,2316849,4253
1618601,1551713,1899643,1388843,232142,4058647,270055,511191,451936,492052,1448664,2494169,4941
1564947,1622400,1907046,1446980,349719,5320203,729490,516006,346410,382781,1094028,2371945,4883
1312077,1497279,1962412,1480950,350200,5509634,704929,726016,459183,494425,713274,899658,3233
1007447,1183688,1139304,1175635,339761,5290296,699000,736899,454487,497241,1455588,1695263,3163
1843964,1701147,2227347,1391857,237688,4292040,502744,759624,492058,543398,1752467,3010628,5330
1638549,1535869,1901106,1416517,354413,5207335,707932,501548,344696,366435,1070734,2428223,4618
1340106,1702669,1982468,1503981,341593,5446865,719104,762429,526885,572591,787256,878088,3206
991240,1158115,1545044,1450125,351574,5355012,723167,740665,429904,478794,1379602,869564,3031
1658030,1342462,1484127,898193,122326,4713723,682747,719804,429553,494155,1434370,2451516,5159
1852890,1674060,2224475,1656295,467286,5263051,494145,517949,387457,477831,1428245,3061598,5423
1481195,1570781,1962106,1484241,354808,5425987,712595,734277,462923,464940,723714,872674,3947
1008805,1234584,1564336,1424195,328232,5469820,685859,727131,501747,542621,1448777,967660,3170
7417612,2184774,10131436,7068818,1372610,13219279,3076814,3656757,697498,855172,6069617,11376804,11479
1612023,1549830,1897852,1420693,350449,4584569,270096,281776,388273,479975,1430696,2482835,5134
1547905,1692725,2570849,1866700,553114,6382001,1162255,1212718,513169,509308,1037221,1642627,4726
1001342,1321693,1576132,1226445,351377,5454439,720429,738966,459396,510787,1420681,1615394,3122
1663545,1375617,1520247,1132953,123110,4759077,483130,738171,429630,491091,1453514,2522246,5718
1579884,1623763,1903666,1461631,342586,4800142,334974,279964,431017,530054,1461243,2299959,5109
1691890,1570971,1916182,1442782,351894,5227597,704806,727883,418135,404766,733157,1679458,5285
1077214,1651930,2024843,1541334,338660,5577867,704934,750829,525397,573218,1201956,924592,3257
1554775,1361953,1563606,1235638,242172,5425848,717064,993896,547233,591715,1805139,3025223,5648
1684843,1687037,1957373,1483640,348815,4736543,483373,283704,419093,461865,1479085,2476284,5187
1623761,1528505,1844912,1375671,342780,5084289,723646,757593,403372,449526,725740,1604075,3755
1025846,1437368,1759878,1432540,344626,5305581,708867,726786,460997,498700,1042253,891453,3111
1357463,1539381,1308138,1075508,234478,5710558,698489,736078,545115,606416,1604746,2522994,4698
1917881,1728106,2261350,1685996,353617,4819283,495589,519073,460861,506896,1810855,3103190,6372
1678584,1644999,1923890,1461359,354033,5300834,711973,735463,415250,444423,730621,1657252,4172
1004447,1435508,1537051,1421523,339157,5243304,707832,749116,445265,502405,1098993,872453,2953
1286655,1490646,1574702,1014073,244198,4867910,727182,757220,490847,522701,1433835,2299193,4093
2003712,1762071,2337402,1736529,348017,4847614,485710,508328,474463,523136,1868951,3261518,6699
6653366,2536183,10116973,7678158,1895199,16892225,3854335,3927703,703123,856397,5017261,9309594,9036
973499,1381289,2112026,1861488,454626,5838219,914533,954860,450285,492661,1333482,869602,3057
1315458,1300152,1463160,883980,230385,4594483,693900,731660,434210,485336,1437190,2476107,4271
1550451,1641192,1965242,1502349,242092,4965215,272394,525976,422572,531135,1466431,2410507,5292
1656290,1538520,1943668,1471344,356731,5328462,713479,502031,415588,396012,1069013,1673195,5547
1306555,1477599,1853003,1616057,448259,5538322,926159,981251,483101,534328,1317395,871040,3031
1286861,1311395,1497680,921487,238103,4775343,729835,763971,445898,480768,1380779,2299817,4202
1660750,1624894,1948161,1463570,234569,4880679,266330,501215,414864,515575,1460523,2468461,5124
1616628,1444398,1871517,1377328,341290,5315518,722243,519315,387727,392086,1095465,1655574,5856
1290844,1405504,1894800,1416456,346702,5271347,713735,734891,442736,473442,1014483,882883,3166
1296292,1131835,1089697,1143811,234598,5178111,702435,739627,419600,469533,1455627,1660048,3980
1839455,1609971,2183824,1372592,340544,4676522,507934,547081,437484,530240,1774933,3066595,5603
1643617,1653133,1952480,1483039,338162,5511367,679115,543500,414287,404357,992891,1557591,5806
1265716,1355859,1857926,1388476,337405,5036570,700397,741570,425836,481795,1057535,859696,3102
1286298,1220206,1149677,1187588,243966,5279480,734592,767569,442323,480806,1418969,1602282,4102
1646766,1562490,1941413,1176322,236162,3989101,484701,502573,454240,510283,1459958,2516734,5710
1822348,1713423,2281629,1671276,450629,5927626,723138,754627,448992,447339,1088179,2395861,6613
999173,1429084,2017859,1540633,358705,5773167,733078,751637,487422,525619,1076936,887973,3132
1315757,1176322,1104908,1079160,222035,5160092,672450,708317,434380,482044,1404161,1962533,4246
4511138,1916086,6979097,5175560,1140168,9816918,1817639,1756323,550523,649411,2947338,5668924,7462
1615058,1590738,1935351,1461547,351343,5294093,488873,505496,340995,447205,1052556,2390876,5275
1295681,1684207,2332593,1733620,444450,6048754,920660,975321,593074,577357,1147609,879221,4042
1295338,1196457,1133743,922236,239663,5329138,722952,754074,453458,499021,1397577,2309457,4253
1655901,1499442,1899155,1421629,236346,4142479,270956,506945,428955,488050,1423421,2508036,5441
1504833,1583486,1839818,1391532,333880,4727298,496986,284228,421048,455729,1385823,2222863,4439
1657598,1629274,1955827,1489186,351067,5472872,710881,734002,412818,462869,728663,1635172,4327
1019512,1412077,1537081,1451199,336406,5317355,698618,737207,487991,538685,1104071,888089,3160
1564999,1461896,1851588,1160017,238299,4875079,722964,990222,499806,561306,1783091,3015177,5069
1606000,1515206,1894256,1427119,354776,5212795,493393,282348,335253,434225,1429296,2418591,4557
7792962,2205072,10274252,7606848,1703882,14581162,2957974,3083959,673517,758626,5486652,11160949,10095
992515,1563942,1609216,1536694,351180,5571296,723155,754957,555371,589873,1375958,883199,3159
1343065,1405714,1536974,950438,236971,4709693,702656,731803,454473,508320,1498178,2513876,4267
1904329,1783251,2277133,1695913,353999,5248525,501768,530848,424064,525547,1853674,3148473,5738
1656286,1621495,1943535,1449215,357873,5247914,722453,744127,451234,437663,724989,865816,4193
1416430,1682366,1994814,1769918,436138,5999129,892504,942474,599189,561233,1543052,907610,4134
1581006,1451010,1568598,975544,124743,4785606,720896,754844,481980,503972,1433531,2341006,5640
1656467,1710238,1955159,1466641,326741,4584653,271949,329232,426589,519786,1464972,2479137,5669
1920376,1726246,2202865,1629431,445421,5729219,937426,759601,467111,448861,1116221,1683709,4836
992634,1299498,1570588,1494488,352311,5328092,723065,753872,482400,538821,1455578,865301,3021
1680146,1544225,1652470,1034653,129073,5072588,688903,717792,527190,574678,1548589,2480175,6196
1615900,1600750,1928848,1460431,354390,4655562,272651,285195,418266,520958,1486823,2417958,5502
1656045,1691406,1969285,1482908,358611,5281295,723653,747211,430187,408748,761708,1642420,4910
1018188,1315294,1873033,1587632,439502,5703137,905402,960142,494707,540417,1448040,984939,3080
1603149,1469309,1568246,952835,123174,4801956,723034,755163,483803,542719,1473026,2312117,5344
1653831,1619177,1945789,1494486,350643,4718542,270732,282291,425679,506188,1445677,2441343,5571
1616607,1529468,1858863,1399058,334376,5228070,705743,746821,409399,381683,705693,1633887,5129
994802,1348744,1914036,1421320,352270,5308723,723453,753101,431192,470074,1017359,851206,3079
1315189,1254551,1171706,951294,232697,5274873,693934,720358,462338,518955,1485829,2457199,3977
1813836,1732493,2298966,1719721,342300,5054154,360222,517103,484434,616127,1826555,3116284,6924
1933217,1744704,2318435,1447791,356110,5319305,946321,972373,449909,442458,1064657,2401810,5988
1308046,1578473,2257810,1653650,436246,5895264,896140,950171,541171,510541,1069426,862209,3940
1245101,1217792,1117814,888723,238486,5109007,721148,751291,469016,495497,1399226,2267084,3737
1608119,1601392,1943695,1463719,236810,4117465,267600,502841,481231,526074,1451223,2431992,5283
1909710,1778529,2286600,1674262,443950,5923242,933889,754320,400910,438379,1095404,2438592,5388
993608,1380570,1757407,1445377,345224,5254825,712207,743964,453647,503891,1026784,879800,3193
1316159,1211694,1147245,919010,237402,5195049,703811,734033,448677,499069,1453222,2500773,4015
1567737,1670884,1952111,1481601,237566,4226785,269932,519448,515407,554415,1500933,2346043,4869
1649183,1638164,1979951,1507392,352608,5556307,715768,508505,332152,358965,1056621,2420832,6025
1302576,1513278,1888406,1670791,453894,5859563,930645,984246,516062,581718,1122153,878557,3058
1282478,1348734,1494536,915843,242806,4697193,729044,761685,460319,505923,1395402,2288505,3832
1619404,1624221,1888706,1412435,223909,4243132,271174,504021,466918,502404,1370267,2311564,4906
1553558,1590101,1963510,1509606,342579,5661671,723237,514315,395987,430006,1164288,2484257,5878
1308867,1541018,1931285,1456789,356614,5346649,726797,758014,450244,480336,710805,872925,3151
986203,1151863,1126823,1139319,341431,5049243,692561,722450,434045,495269,1455504,1680863,3182
1884259,1821832,2281294,1461349,237494,4768044,500591,753071,508894,606890,1846932,3089564,5738
1699837,1797176,2074382,1582453,361041,5661580,730124,524635,466472,447878,1168004,1640473,5564
1382616,1652035,1922749,1467072,329437,5355538,682287,721455,482009,540534,935174,872086,2914
1337066,1548845,1554537,1494057,459169,6244629,937667,979229,500915,541644,1491542,2254194,3970
1637565,1564315,1907050,1191340,126076,4180734,486610,725349,442024,499488,1447458,2414232,4685
1964992,1871338,2296813,1700798,448089,5808916,717578,524748,477592,503934,1527767,2398609,5390
1309827,1451800,1984164,1536378,348561,5598814,716533,746499,511564,539790,1079687,864711,3139
1033924,1284253,1554423,1202156,339469,5358428,699057,737014,474743,523878,1486660,1697822,3112
1621829,1490953,1551611,1171214,126487,4760770,504006,755143,503355,532572,1460095,2298534,4519
1657026,1670254,1975202,1496935,345296,4705774,291477,285413,425202,520890,1427826,2406670,5460
1607033,1879029,2337550,1749302,452260,6012343,939100,995627,526329,518651,796946,1668544,4859
1033978,1248898,1562082,1245673,353125,5430481,720327,752727,488830,530559,1460698,1586725,3125
1700441,1482884,1586393,1216887,126711,4708585,475701,721135,484527,528349,1486141,2496973,5609
1602497,1544690,1878094,1412690,342554,4646909,499272,283696,408502,459028,1486110,2397551,5137
1650213,1771021,2010401,1557029,358977,5595947,735525,754905,490848,522104,810513,1610799,3815
1037626,1501580,1840523,1485764,438483,5886930,889734,941913,531681,612398,1509223,1710222,3102
1586361,1433857,1542803,1206516,124326,4707510,496024,755917,481789,523848,1444055,2319979,5206
1649800,1554277,1930379,1432134,358134,4739789,493340,283733,397169,432734,1412024,2460585,5562
1610038,1531584,1895108,1427600,339365,5352262,706000,747207,390692,433589,737687,1630409,4080
1306687,1705835,1996845,1832662,457595,6507692,934785,764696,521892,549378,1414993,1493303,4153
1295105,1310364,1496569,889978,235850,4668508,694973,725268,449512,493289,1425224,2465996,4075
1838708,1669560,2196238,1621511,333521,4841024,507778,519390,446280,486163,1796618,3075185,5944
1621902,1537819,1904196,1447872,353065,5425858,722643,740960,405532,443208,710137,1602612,4106
964313,1384847,1520288,1430998,336845,5369992,690928,728353,487892,534148,1088617,882208,3165
1345591,1332177,1486454,935176,236415,4853300,708670,741744,470056,522851,1437949,2333270,4353
1687887,1591024,1967189,1457248,242831,4691522,268462,507706,406416,506336,1442855,2485284,5469
1921880,1662957,2227000,1644169,449411,5801707,933588,758277,457238,438325,1069475,1673601,4889
980073,1350364,1475801,1440282,342641,5353220,701852,732897,475420,512429,1235853,848311,2918
1311388,1504654,1588428,953469,234234,4803951,691185,722110,457286,497541,1442979,2507663,4590
1586711,1502568,1868560,1394032,231918,4505274,270516,519640,406451,486672,1444772,2400938,5462
1640608,1556841,1925434,1449780,352361,5299442,724802,511749,381736,375132,1047025,1619378,5307
1284893,1311192,1824534,1606496,439002,5620830,896275,946813,481732,532394,1424240,879540,3117
1585939,1493278,1590961,953783,124150,4787050,729022,763633,516087,564965,1492793,2376394,5459
1629912,1565967,1868065,1399982,301229,4668737,269344,349417,391783,502247,1382268,2335443,5563
1573792,1483403,2239923,1641220,452513,5828677,941887,766477,447450,431110,1442977,1649849,4904
1239381,1307940,1853096,1423823,357384,5188771,731406,764119,428809,477893,1069379,845528,2815
1957060,1704881,1977882,1500922,343086,6071156,897307,936528,546848,695840,2225300,3171134,5574
1599790,1544493,1921179,1452793,337672,5390227,703224,512427,325044,349370,1063994,2473045,5568
1289424,1545308,1893120,1451730,352848,5368561,724154,755739,462593,505180,713791,853753,3042
977396,1195845,1190186,1184570,346288,5088819,691068,722552,440143,492926,1430560,1667316,3064
1583778,1370207,1563747,1167449,124133,4468566,467408,727343,458017,508541,1414007,2297549,4762
1562561,1609574,1996001,1535732,357161,4998505,506184,280240,440858,476313,1460440,2385606,5460
1670296,1705067,2288833,1688031,445903,5842090,895953,935924,433124,483797,717205,1722063,4622
985910,1163888,1110149,1144358,348665,5256191,725244,757634,432108,492687,1416374,1587141,2929
1634713,1569084,1920621,1176859,124289,4061115,492318,742922,441820,473379,1407229,2399074,5052
1613699,1559142,1893943,1423191,340860,5295472,488116,281213,354718,450072,1507563,2502137,5308
1570112,1607836,1909990,1483353,339066,5425507,695549,726254,408713,439301,719564,1254955,4320
955239,1356229,1510023,1424650,458430,5677713,906814,946622,487672,541751,1416260,1640084,3057
1562595,1544332,1860370,1161918,124119,4112763,495161,745127,486684,526611,1457884,2346080,4766
1569406,1589962,1915408,1439313,351984,5206576,496026,281116,366174,455940,1387463,2291931,4632
1656620,1666772,2005994,1501269,342118,5573174,698607,731692,473319,455379,711896,863809,4214
1042892,1236378,1534767,1441300,350959,5388626,729935,762138,469707,521828,1439850,899335,3283
1722468,1497731,1875001,1142222,173036,4501691,684026,929808,478183,532823,1706119,3045892,4931
1885245,1760853,2212544,1639106,427601,5780045,667609,391906,334572,433017,1664513,3125747,5503
1571393,1679412,1998768,1528358,356556,5617114,729975,764130,530476,505079,747824,875845,4044
1030243,1201035,1531110,1429024,346340,5265045,692435,721977,438718,497612,1433989,882519,3155
1598041,1271910,1470755,908151,123631,4652257,715754,751658,419637,482428,1445564,2382051,4661
1578374,1499458,1871263,1407923,350026,4639318,271226,284324,393062,490478,1377214,2293538,4472
1918345,1799078,2277898,1669191,434221,5747775,879455,808458,491332,463551,950080,1577306,4965
1017529,1241753,1555985,1459416,349921,5595633,724882,753354,446581,483358,1446401,904996,3196
1644119,1375422,1520946,911529,126413,4680992,710640,731876,462057,510001,1435726,2430176,5431
1623203,1510620,1863957,1392816,336822,4590427,268519,280747,391868,494365,1441553,2464103,5053
1577134,1528117,1889699,1432289,358477,5257093,735820,765805,418864,389610,706568,1588550,4595
963396,1386215,1970579,1578910,456972,6104120,900298,937897,543111,598263,1493378,1582111,3112
1590186,1330546,1493198,937879,122884,4589721,697111,737062,453720,491255,1446358,2382394,5289
1600515,1478948,1895223,1421195,354802,4710267,266722,278758,377914,478204,1394364,2337281,4697
1638533,1539482,1911918,1447335,337913,5334542,690995,725647,397350,385490,737549,1691024,5301
1012397,1444483,1915237,1480706,344050,5608233,718134,748420,506671,560859,1139690,901854,3188
1684831,1379811,1563078,1224270,243553,5368289,724052,970419,492834,558126,1797028,3228047,5836
1665395,1629560,1943415,1469078,343445,5053051,480230,283209,414513,464929,1502872,2517058,5493
1523379,1499111,1838484,1403105,343131,5382360,705625,736540,408392,383473,710590,1559242,4728
983991,1351594,1917076,1443560,351580,5333352,703187,735157,458614,508817,1089272,850823,2985
1286071,1336872,1242781,1011997,232261,5636963,719123,752295,518183,553150,1513498,2409801,4402
1900844,1748754,2325165,1714423,356506,4605562,504424,513024,456273,514306,1748978,3117285,6588
1610315,1535067,1880882,1407416,339723,5064629,693358,724641,384367,434698,720163,1654286,3906
1018689,1327657,1518577,1405880,349354,5251494,724586,754226,456977,505526,1079990,907497,3164
1318659,1398586,1363521,995483,242819,5481809,689418,709828,517755,568794,1457290,2344036,4568
1642890,1608126,1924227,1451614,230668,4220273,268991,522275,476465,517715,1494774,2512197,5537
1639942,1489787,1876688,1405080,353450,5238101,722433,515674,342334,373994,1049498,2280491,5141
1312466,1561972,1898660,1683766,457449,5713093,903777,945568,493322,549117,1050704,888509,3141
1304945,1420963,1529509,956553,232251,4632289,716439,750845,459415,513922,1464417,2366596,3810
1644092,1606677,2000229,1518272,237395,4872270,267688,520599,425419,499877,1417165,2395369,5824
1610586,1492070,1855909,1396970,325099,5223712,664583,474164,337107,360513,1065113,2104914,5554
1288314,1479736,1851042,1409793,350813,5264293,730176,763405,451056,505038,712228,874834,3058
1882436,2083657,2599392,1991107,588829,8133422,1398061,1433425,755930,825977,1764124,2374256,3670
1974800,2024924,2432764,1843341,315971,6081053,447097,715702,464966,572789,1555888,2887460,7138
1913223,1867614,2366101,1792603,458119,6320356,739495,522828,394434,463944,1439425,2236880,6343
1319569,1347452,1913427,1461514,345334,5265209,695160,725344,443899,503310,1089955,869912,3170
1081769,1223341,1164484,1189149,276248,5175212,692887,726644,463355,512720,1435893,1537265,3253
1937735,1880258,2360568,1488349,237545,4929643,497903,747884,491558,603110,1800073,3049299,5688
1671779,1523730,1936778,1436815,339523,5325798,696781,506449,346948,363464,1095044,1700994,5836
1296820,1347991,1869415,1409880,345803,5233848,725207,759766,459831,499382,1074344,871089,3016
1330597,1208618,1144436,1191978,235634,5290867,705803,725350,450697,505624,1425785,1658537,4018
1614426,1570740,1900062,1173306,232713,4086741,490600,517636,463450,505494,1455713,2485375,5114
1516968,1638798,1937146,1525607,340341,5537409,476717,414663,398329,487019,1281618,2198807,4905
1601985,1493523,2282416,1688124,450753,5605656,899487,939789,471539,478994,1071783,863700,4338
1256104,1213324,1149512,1177291,230603,5114640,719167,754619,482666,528834,1491329,1620477,3933
1588812,1567780,1897600,1168045,236761,3933863,495067,513409,454744,506258,1408750,2297845,4637
1591624,1621818,1932818,1455825,333038,5182789,480305,504277,376137,475834,1109123,2434996,5107
1345997,1659122,1922807,1454873,344513,5336280,725790,758176,477187,461113,707738,855410,4235
1319954,1184000,1512495,1292622,349856,5706790,936146,960925,477371,537822,1764292,2237339,4178
1641776,1553866,1845924,1216802,233287,4085524,416885,492421,472077,517392,1474731,2415007,5126
1629299,1552629,1860351,1417491,340480,4693085,511450,286074,407575,444054,1398672,2245272,4635
1967845,1933344,2412866,1789369,442911,5403608,698333,729411,506015,543929,1095681,2416906,5400
971928,1328395,1483677,1399650,339461,5210777,717384,748765,460268,516932,1076378,837376,2839
1619770,1602669,1940488,1196598,239075,4695762,723470,974088,520787,564710,1755241,3100422,4901
1632736,1510901,1860839,1399506,337216,5139265,484551,279612,329647,437610,1462584,2449062,4848
1503979,1615434,1914398,1470901,338790,5575734,700392,729454,445511,486679,738301,1253740,3936
1047519,1371600,1532662,1466753,349713,5355524,703449,729375,447200,498219,1080441,886690,3286
1316621,1357335,1522037,941569,234133,4874641,719055,758651,469537,516506,1511118,2472582,4244
1908009,1764979,2343084,1750978,356887,5260032,510460,520975,417015,526585,1783565,3035301,5857
1667260,1728704,1987509,1494509,342108,5488778,698242,727036,512976,521366,759433,858664,3858
993396,1211432,1528922,1456151,344839,5386077,726113,756221,455820,511713,1472714,879028,3150
1459178,1346551,1523281,927752,158474,4790142,696965,720207,444624,498602,1388362,2303243,4177
1620738,1567878,1910335,1430917,229114,4543515,264211,508122,405214,521491,1501871,2478199,5054
1557378,1512316,1853629,1410364,348530,5385907,723940,521424,400176,373686,1076766,1568839,4756
1270256,1415073,1980881,1806652,465719,6180061,930404,959633,571608,621254,1529264,857390,2970
1583603,1437188,1533207,948083,121558,4749124,712897,756899,480053,532729,1514585,2416940,5054
1598105,1602426,1945332,1471644,351364,4715988,265546,277601,433582,519849,1422335,2299101,4724
1934816,1854276,2331527,1722081,334827,5097258,683557,898874,516825,486634,1180838,2369958,5537
1239986,1386290,1911525,1450434,337403,5256080,718936,751783,503280,557786,1151653,867008,3008
1630297,1460705,1561463,1206181,234008,5448434,942644,969188,564678,609105,1812739,2387572,5377
1592362,1641305,1937541,1445974,333632,4717946,263833,275680,438044,532253,1493750,2475947,5031
1530485,1590273,1884265,1433317,350585,5340247,725458,757630,415115,392844,716057,1563561,4310
993757,1458652,1966165,1485380,349852,5346074,704896,729075,493139,527203,1089570,847438,2959
1325226,1293912,1233729,1089524,235793,5511018,723960,769524,506900,573518,1573822,2393863,4520
1949254,1774567,2269142,1491185,339375,4840159,468473,490463,486557,568665,1663536,2886720,6327
1618753,1553800,1919107,1430325,339442,5227188,691547,721344,398937,384500,724446,1658479,4940
955259,1394939,1861759,1431950,333299,5340064,706454,736461,486009,534611,1086525,841106,3034
1176146,1348927,1115822,924167,224812,5438711,692806,713929,502612,548986,1411863,2279700,4147
1507005,1581104,1795602,1377683,213464,3784277,228731,469651,492217,518034,1466977,2358856,4972
1449105,1562266,1768317,1370274,334821,5001866,685289,480866,366095,400534,1023196,2142848,4061
1148553,1549901,2114668,1567506,431147,5270900,855144,882990,501830,500437,1010974,707325,2941
1185256,1346714,1071025,894065,218779,5091346,688324,726288,511734,556322,1508390,2305887,3324
1740264,1717982,2199042,1648036,328044,4503270,460689,482583,490744,541625,1716203,2859508,5994
1540217,1588534,1830705,1364310,324548,4835760,658481,464322,362280,401254,1065497,2370863,4819
1474752,1715433,2123312,1608983,326441,4964374,685090,940198,530196,590848,1050233,1422842,3105
1164466,1184764,1139867,1066011,333676,5272328,875120,899362,481435,527638,1656738,2115724,2884
1472712,1610851,1845896,1406098,213584,4040385,230328,482262,526158,571558,1520021,2418791,5063
5984381,2080655,8018590,6586421,1622096,15623269,3458031,3706364,717942,779065,5983558,10117995,8404
1200232,1635220,1832565,1401932,333558,5082213,667901,691234,472030,503014,679213,759098,2310
875252,1191007,999007,1076275,328874,4781761,697713,740214,439500,489784,1442091,1548205,2208
1817026,1940817,2303331,1467867,226939,4623720,474450,737177,515872,616733,1784197,2923274,5280
1529215,1626815,1845914,1368023,332628,5026338,678966,485519,333809,379082,1070739,1873730,5371
1203197,1436070,1712412,1319359,325377,4990292,684382,713705,452414,486574,684613,751996,2215
953459,1230819,1126700,1176116,343312,5138094,699459,719815,475577,513477,1396893,1582998,2529
1607469,1555806,1880427,1145114,121186,4025498,476048,731615,466391,504409,1463047,2456134,4593
1865933,1870127,2383631,1815426,463221,6332937,723520,513761,476402,521537,1504862,2350035,6371
1341697,1373520,1977034,1474605,348817,5254179,697624,722554,458294,509510,1085885,913930,3043
1176661,1244139,1161864,1190775,246591,5171922,715999,756640,473331,517272,1483776,1652694,3317
1603125,1542403,1917364,1174868,123938,4127378,496777,760211,438196,480769,1393036,2300547,4518
1679219,1700169,2028454,1518718,340892,5344310,489630,291984,416892,519044,1579201,2507089,5186
1613175,1711445,1980065,1523351,345299,5458969,727851,760483,520912,489769,748867,858066,4161
1676143,1391684,1907403,1413260,345357,5751588,1144209,1177725,554333,613745,2070754,2294098,4801
1642692,1528831,1898431,1158162,229372,4142746,481730,508211,454363,513154,1484332,2495128,5297
1611087,1612181,1921672,1463921,348623,5288106,497588,504176,358657,439437,1139452,2294839,4842
1568885,1628917,1946123,1494825,334987,5628862,678300,701751,493857,482585,737184,879753,4466
985515,1371261,1880897,1421479,341882,5292172,727885,759430,470680,523161,1111034,829534,2813
3543350,1662177,4819364,3756174,780342,10113001,2059092,2709600,676492,790519,4356438,7205484,6903
1667702,1578928,1915165,1426165,336109,4755398,491989,291876,405913,438331,1442926,2466718,5636
1549118,1609879,1930795,1478408,349083,5628784,724306,756634,434793,479816,747936,1597939,3994
998521,1455567,1605676,1487355,350626,5389817,709747,732325,476549,539535,1087649,871564,3105
1257692,1205933,1168903,919186,230211,5070099,679605,717201,452610,507807,1425836,2336641,3846
1878973,1694656,2246567,1668049,352014,4666030,499775,519531,444408,486044,1739205,2955178,5180
1634405,1677719,1977464,1530413,345343,5474076,692841,725946,421641,479323,754304,1687207,4316
990717,1464519,1578275,1463033,332609,5553174,708590,739447,494682,567905,1127817,855335,2940
1334725,1432077,1562169,943203,236347,4832076,724944,746961,450413,494223,1402775,2344678,4169
1655970,1540201,1884236,1404954,230793,4683636,275360,513753,381578,487155,1474510,2487932,5040
1931143,1725560,2266717,1723746,449619,6247077,932200,730590,395833,436737,1107873,1994889,5127
1046028,1509635,1615498,1529936,403230,6441516,889799,917812,566700,624727,1439593,1524411,3454
1323889,1399005,1508890,931606,229771,4873619,708540,750176,491844,548575,1494984,2480575,3990
1580973,1581269,1916929,1469802,239092,4743364,273150,523722,400916,511147,1423769,2256759,4766
1610027,1534655,1915201,1445391,346147,5155867,697814,507183,382053,384147,1080800,1641177,4745
1310120,1566524,2462538,1870266,453115,6762623,961628,1004063,653092,712519,1606716,843795,3028
1487404,1399824,1562923,1202312,265831,5537933,952993,981740,541271,593880,1789334,2369048,4618
1670731,1577319,1969642,1468133,232797,4731339,275552,523238,403467,505313,1492031,2529488,5597
1609735,1581548,1918084,1456035,350405,5390193,728945,524128,407869,377609,1074851,1615414,5101
1340678,1431874,1945762,1488320,353533,5428301,717776,739937,460844,508584,1088481,875220,3027
1275326,1365058,1238040,1281613,231988,5714867,721505,764136,521248,571717,1537938,1677677,4238
1913995,1740482,2309004,1466441,349085,4828651,496919,520428,466504,586090,1778051,2999255,6444
1635690,1598806,1937597,1444705,339626,5255665,673917,506610,335039,434174,1109575,2476045,5088
1268441,1489033,1833451,1397876,345730,5130741,726936,760527,432453,433108,706741,857291,3581
1017689,1329456,1570018,1230751,350978,5541924,716961,738701,492976,542592,1461195,1610262,3031
1636620,1418541,1557776,1215251,125513,4855903,489402,747645,479377,525926,1533549,2501400,5675
2162480,1707698,2266813,1727287,462959,6015427,959977,764549,469077,516245,1782751,3677256,6830
1324889,1566891,1923052,1451084,348593,5335904,707996,733489,444176,492417,699965,871105,2966
967990,1204339,1229404,1229639,334407,5549141,711830,751874,474070,529729,1483351,1610759,2937
1584429,1626165,1713452,1349340,123692,5131968,478700,746423,550250,588330,1468311,2296953,5563
1655959,1556700,1947952,1457593,340472,4794545,482233,280430,404483,451487,1495802,2500655,5675
1580785,1572948,1893540,1446215,345642,5294099,726876,759197,416643,459260,706846,1590201,3846
966288,1318684,1481996,1396734,459363,5748074,931213,957687,475807,528168,1389953,1600404,2926
1602690,1605121,1956717,1229284,125041,4456649,487463,745305,492433,554904,1531926,2461441,5097
1672678,1677808,1991250,1515462,353925,5659826,504082,288379,385797,493729,1458788,2305112,5536
1607647,1557151,1903771,1450547,336390,5349088,678525,706424,379488,420280,692749,1424396,4380
984835,1328275,1483418,1383572,337447,5165940,716837,757394,442517,495466,1075808,848966,2908
1639512,1671676,1979039,1222985,237937,4825135,727097,987367,531933,588816,1780739,2997758,5159
1697506,1700393,2032869,1546451,339527,5593832,485013,282892,411438,501803,1517683,2531577,6221
1596476,1502942,1834910,1417284,340557,5398197,717677,749638,456486,459080,726004,838833,3872
994037,1203914,1508575,1448438,352210,5352704,719343,739431,441078,498285,1404046,861373,2931
1393271,1305449,1504133,908630,173092,4690824,685543,725574,433600,479485,1415001,2355046,3784
1891498,1793358,2326301,1750008,351128,5521229,497926,509552,459568,566945,1831645,2946906,5841
1732495,1696678,2011745,1527055,351862,5566521,708616,735247,471475,465095,730935,881138,4637
1049893,1297013,1916579,1702186,436687,6006828,931644,986450,559527,614025,1884448,897008,3137
1598011,1375088,1519270,903245,125430,4660817,726450,759072,445949,493511,1387677,2302282,4676
1638176,1608020,1952814,1454302,340270,4866716,270082,280367,424337,531172,1504667,2445957,4839
1834842,1810057,2293456,1750217,447045,6244853,933928,906601,522432,507196,876361,1496623,5055
994908,1153543,1513119,1414472,351034,5217075,712211,731818,421557,476466,1395836,877634,2955
1631672,1347996,1486896,902135,123423,4581714,699042,742576,448882,502988,1475927,2468055,4813
1592501,1557287,1890370,1441237,350390,4592805,271529,285708,396102,494181,1416077,2276311,4395
1714547,1741956,2044368,1555609,348930,5552174,708144,735325,453670,441543,797186,1698914,5711
1023084,1368090,1915646,1477333,337773,5425372,718806,760353,488541,529911,1117706,865222,3068
1653035,1334758,1503320,1028077,238233,5115931,953028,993657,464815,523669,1706829,2870206,4627
1666121,1564733,1916840,1417719,339680,4570578,266635,280726,392325,490425,1443947,2470961,5180
1599059,1737649,1977488,1524109,345029,5609138,725590,759466,467077,440351,766274,1593851,4753
974603,1333424,1964133,1493316,345588,5651796,709351,729632,478018,539763,1091868,890562,3187
1291982,1242215,1144125,933234,233711,5239131,709048,750656,454713,508319,1500251,2505260,4132
1894782,1678008,2259622,1686056,350642,4732471,480127,520655,450527,534279,1785479,3004023,5658
1642644,1602587,1909033,1451570,338173,5454283,681451,707294,412849,390848,728549,1658134,5032
1032381,1562497,2030879,1583959,338559,5888728,722527,763519,536705,600886,1214720,858023,3027
1322364,1209388,1583346,1245177,342023,6360225,941793,983917,548441,601624,1761494,2288365,3842
1633529,1573509,1905646,1427608,228245,4221877,271462,506929,459254,509848,1467571,2414845,4705
1853049,1705571,2271006,1692543,461275,6001646,964157,760465,391895,438192,1100145,2361372,4920
983957,1530392,1638341,1550058,350595,5650582,716319,739424,492736,533471,1089547,862960,3008
1303856,1206742,1232692,951713,230157,5400484,675502,714806,490929,551080,1498605,2423624,4448
1582039,1626343,1936801,1487033,238343,4272477,270520,518427,484446,527544,1443551,2299536,5234
1682899,1525212,1924001,1456138,351563,5392999,708312,520670,353662,387802,1068154,2457741,5252
1298605,1641888,1927937,1464776,334940,5508713,714713,752513,495695,533883,727385,865004,3044
1360061,1718470,1714736,1326602,353400,5653000,959072,1000095,625281,683170,1901577,2354889,4327
1649518,1600255,1954602,1470167,231247,4708905,269024,502511,419451,512699,1481570,2476363,5364
1558871,1543847,1855839,1416482,332284,5292594,694728,488062,349149,380247,1073071,1990697,4831
1327537,1547657,1911344,1424714,349634,5279246,716160,739886,440687,489548,700180,879640,3114
953558,1268393,1187807,1224865,335751,5601415,701683,740212,505902,561356,1521397,1688363,3002
1931763,1826236,2342340,1517161,237408,5023515,486568,746924,490430,617805,1830883,3000030,6109
1652596,1528696,1926790,1457322,347769,5235217,700267,505445,400455,395037,1090881,1647713,5073
1327300,1346017,2224556,1675623,446911,5938082,947814,1002813,499593,561650,1470699,855165,2960
1202719,1302768,1203088,1252692,264523,5593969,729709,761454,504895,553121,1465498,1599475,3346
1683476,1966448,2479428,1557834,223906,5071512,681897,936948,590033,657888,1567922,2501565,5649
1891251,1732963,2242482,1678155,454937,5870685,725639,521199,426809,473899,1480417,2341133,5777
1307256,1417535,1926125,1483893,351047,5364984,717776,739825,462355,522990,1084064,852037,2869
1260538,1203454,1148151,1176897,230279,5279674,701314,742286,475963,515052,1461989,1629958,3592
1603483,1765339,2056409,1321373,239363,4647209,502997,525925,524356,574437,1484258,2291760,5426
1717292,1588393,1960586,1492037,349105,5388405,484869,479860,386032,472628,1183037,2485715,5902
1654951,1452632,2227396,1657510,446453,5816124,945317,999694,492193,488453,1109593,900382,4268
1015009,1191091,1539986,1202830,350655,5386257,730269,748739,444869,490061,1408228,1625726,3091
1661001,1534180,1572734,1252259,123184,4933861,482975,734739,528372,577875,1541519,2456392,4961
1600803,1609261,1975098,1490394,345154,4924996,497221,280631,440484,516538,1510568,2313925,5523
1675730,1605367,1974742,1492623,350099,5489069,709359,732993,409731,450756,705045,1639548,4214
991412,1310423,1521948,1383456,336076,5191098,710012,750435,424768,462482,1075556,866667,2952
1595831,1303076,1512733,1170989,238529,5385786,716903,987122,495804,553769,1742771,2911285,4323
1714294,1785220,2095899,1600023,354364,5199712,494675,283894,494613,526601,1553806,2531878,5375
1612481,1543071,1897427,1440108,341154,5439737,727065,760144,430899,480527,729197,1595422,3960
985043,1380175,1528689,1437898,348906,5504860,722216,743321,433804,487172,1052928,866847,2870
1723632,1648416,1932369,1221895,330427,5532720,902813,952470,537901,597970,1498212,2473638,3936
1941314,1853385,2324558,1776529,349341,5625282,497701,519844,472990,576726,1869657,2984708,5413
1668165,1660875,1939825,1501105,337197,5583750,682842,703772,409941,452620,718420,1363498,4527
992352,1415213,1578551,1464676,343145,5392995,721537,764017,464848,526542,1115633,849195,2964
1296064,1421188,1539427,945642,238739,4814888,728239,759475,461485,505630,1414175,2260727,3761
1652071,1583168,1926499,1437280,233389,4651609,267994,493796,416006,523172,1477490,2458306,5164
1912884,1932855,2404678,1843967,455078,6441499,962680,755039,559045,536632,1183111,1645914,5285
1004638,1212648,1540723,1484892,353739,5493240,731618,751709,453353,516261,1430501,872636,2943
1430747,1338475,1526303,922797,176119,4813642,682089,717700,460481,511116,1442716,2411932,4264
1621945,1519687,1883415,1431513,238257,4766329,269060,518307,392997,502149,1443044,2313020,4675
1661731,1729014,2016232,1550923,349792,5501755,705821,504377,457864,445518,1148370,1642266,5106
1349614,1504373,1986117,1751432,440547,5886310,927191,983021,581963,630201,1534600,882379,3223
1613423,1550848,1902258,1455106,342565,4732929,268880,282222,406710,513541,1485978,2366191,4767
1665089,1543850,1938472,1467636,349664,5437310,723742,746480,405758,401752,730231,1621525,5267
1174738,1464243,1945472,1459639,335602,5395460,698248,735687,503608,545167,1140810,875617,3045
1314649,1266102,1222664,1269222,239659,5842654,733317,764510,498216,561066,1502101,1616271,4307
1657448,1579408,1969190,1230497,243477,4175066,491150,503514,459359,510885,1460461,2450243,5512
1917647,1637345,2540216,1869431,523842,6374241,880657,932868,472414,520517,1452896,2332932,5656
1004584,1397715,1947972,1488301,352097,5473774,725431,757219,470173,521858,1072313,886358,3131
1367437,1389542,1247300,1009431,232528,5535084,692687,723714,518686,570597,1558707,2488314,4643
1626345,1609419,1912842,1366899,231544,4257419,288787,519015,493924,553554,1495276,2386016,5049
1629133,1528994,1885001,1417036,345039,5156608,487644,503934,339046,425298,1045129,2315147,4762
1315214,1477664,2243498,1633597,441748,5650400,910968,964961,501026,500842,1086845,860624,3675
1320690,1386223,1225247,1014179,236080,5721692,720881,754838,530545,579029,1499975,2305295,4007
1665565,1444126,1949545,1483125,239093,4213809,269677,496883,479201,519941,1473818,2454595,6084
1658485,1531724,1903477,1443799,338887,5339075,713699,517651,350854,384267,1115847,2494068,5468
1344775,1557370,1946312,1487365,351126,5394256,722745,758878,466707,490741,742809,891968,3373
1359516,1182780,1480939,1152675,334901,5675253,896512,936338,491772,551530,1787046,2476705,4208
1610835,1799844,2008059,1546105,237807,4494063,270729,521244,542495,581141,1549423,2410380,5161
1632764,1626042,1963961,1505195,346242,5480393,716723,503179,360397,390397,1081811,2318166,5243
1314960,1496631,1889600,1403439,335920,5200345,697060,737056,451175,506051,702453,851135,3025
1020001,1198108,1159878,1207340,350182,5472972,728192,759171,451514,507810,1440050,1573204,2940
1703875,1905296,2407861,1566669,240327,5163965,708903,952410,574886,620423,1503457,2434313,5046
1957276,1674619,2260239,1706086,436216,5539785,720137,524613,467427,505406,1499800,3221025,6910
1288304,1736120,2263102,1690692,441791,6107766,908832,949563,523040,580080,805430,872343,2947
1007746,1164061,1168540,1181976,339995,5311454,688357,716617,455034,501240,1453070,1640760,3059
1614454,1514987,1853923,1156474,123458,4112600,494669,746141,461292,505804,1426567,2311067,4489
1719702,1861494,2088217,1608228,350615,5892150,496813,278359,424169,515612,1483933,2373892,5560
1677151,1676850,2246250,1654617,427723,5679303,880117,933214,497109,493923,858049,884766,4270
1012818,1182114,1144900,1188385,348177,5310875,727317,761091,474828,515696,1456171,1591012,2968
1666919,1551484,1945620,1193797,124672,4156987,494017,736872,467329,516873,1466298,2463184,5577
1603032,1644263,1958514,1497889,336866,5538643,489075,280088,408506,511377,1567599,2451899,5267
1686912,1688328,2011516,1538269,351091,5579436,724803,755037,495008,493583,740753,872582,4395
1309793,1154037,1524621,1428832,343537,5721920,907200,949995,492531,542620,1810909,1642576,3757
1636615,1547601,1892860,1175329,205993,4183680,497066,574384,458620,513817,1470831,2378645,5135
1667789,1560663,1916930,1427635,344911,5320790,500210,282465,356825,450894,1411156,2301500,4682
1674040,1762936,1998642,1533878,335961,5600564,698110,737729,548526,510409,752390,879769,4308
1004863,1222452,1502949,1433587,344567,5377538,716478,748013,466283,517320,1433789,855217,2983
1986015,1510959,1899452,1192514,239408,4751066,699141,720523,510097,563237,1786312,3166247,5998
1662019,1534499,1930346,1474223,340178,5561526,496185,519561,364494,476299,1131414,2439300,4911
1428624,1782806,2104059,1627831,357022,5989781,739687,772240,566657,557156,780749,857253,3842
1093700,1372046,1625633,1501424,345195,5503345,700671,732261,462840,531305,1486938,890937,3262
1614833,1327706,1518642,937315,125035,4833622,727079,759241,467695,516165,1476699,2367005,4919
1634210,1551471,1931487,1444291,351147,4729952,269365,278287,386477,496019,1401541,2349890,4914
1678672,1823525,2351846,1743559,442797,6107967,910357,962764,513356,503673,777086,1663776,4490
1025317,1335956,1609819,1289419,349605,5769491,724818,759714,551632,603818,1520631,1596461,2952
1679202,1424122,1593997,1173379,124012,4835757,507445,743477,462657,524534,1454633,2457139,5055
1627889,1473498,1852136,1401702,323592,4822323,293644,286360,398117,506422,1441829,2356683,5044
1608761,1564772,1925897,1467297,351793,5369383,726259,756687,408338,379496,706307,1561103,4462
1060601,1539922,2033124,1546045,454538,6249980,910520,948811,593221,661157,1572244,1702618,3242
1627092,1438516,1578371,1218470,124675,4822200,486994,747132,488891,527161,1476335,2358317,4983
1650081,1540728,1904110,1434896,340698,4712569,477442,278139,402516,443176,1376208,2308197,5128
1650343,1540793,1916710,1433584,336252,5333692,700273,740348,402809,446734,723945,1667493,4242
1036176,1535542,1866693,1505491,338527,5605972,707813,739264,537569,582556,1114803,851238,2910
1639268,1483743,1609742,1260732,238280,5445744,709180,955441,553536,591783,1806997,3219836,5594
1610869,1544130,1900396,1437334,339078,4763245,494300,286796,407873,448378,1453506,2448858,5424
1605224,1549757,1930784,1466915,348104,5430298,717291,749834,402786,443348,715560,1536506,3972
1297419,1591889,1916936,1710168,441174,5892509,887858,928475,518517,576437,1068815,853118,2986
1358160,1521969,1620791,1016201,233234,5164913,728632,760452,575758,626263,1586108,2374711,4459
1619444,1488740,1881187,1157613,181104,4235653,491001,591077,431429,495012,1369439,2296729,5246
1924887,1699067,2272551,1672066,447691,5767168,711177,518725,406694,440962,1475121,2480645,6027
1278776,1372544,1889232,1440221,350471,5212537,723192,757064,449490,498290,1049164,868975,3078
1381821,1348154,1245544,1257655,234611,5298638,697095,725402,484528,534481,1493819,1668300,4081
1703450,1571408,1944843,1220720,230023,4366053,498239,528049,462998,532497,1524254,2462381,5600
6064817,2258630,9797106,8027613,1802932,16342562,3356412,3733530,580124,783526,5161250,8962486,8160
1455320,1499953,2321112,1704933,451534,5885310,918254,963331,510279,508417,1107718,855331,3977
1311510,1238238,1193068,1219340,237781,5535050,731542,762280,484554,529003,1490717,1619837,4043
1692521,1806053,2073622,1312387,235922,4463341,488991,506454,562566,623065,1535554,2390028,5660
1682643,1652394,1980218,1487423,336700,5524125,487601,512560,357046,470889,1140948,2499274,5595
1303008,1525819,1916620,1464355,351184,5461645,726479,757978,470328,452440,723997,863597,4256
1331943,1222690,1550729,1194035,347223,5804003,915884,950941,506899,565710,1815604,2406137,3697
1627868,1715641,1973302,1429055,230898,4485009,291486,520367,527971,578304,1545936,2402618,4972
1880278,1665233,2327824,1707999,466711,5782060,738720,524402,362123,431621,1341393,3020406,6040
1368857,1603515,1963703,1461837,339483,5406891,697360,730172,479907,464235,707097,868446,4223
1326283,1332983,1883256,1438886,448238,6041788,941441,983641,507244,479092,1424119,1594538,4031
1916735,1490266,1881525,1423142,238023,4679601,482967,728444,486737,547808,1753530,3057329,5306
1709515,1767682,2036737,1553229,336935,5769364,703014,512320,443377,487345,1193124,2517290,6081
1351924,1493632,1917666,1457500,351107,5368801,726285,759706,444167,482759,725837,844269,3248
1005153,1246415,1509915,1176123,333307,5272912,673929,701600,463665,516532,1416007,1639247,3098
1597745,1330684,1522473,1194431,125030,4884516,497477,761458,466187,520651,1488888,2391068,5021
1659770,1764559,2071195,1597629,356069,5222762,504518,281754,453691,495312,1471947,2345165,5103
1709356,1860041,2393645,1763879,445941,6122396,905378,947464,505337,537223,746534,1660482,4565
1008813,1138690,1142968,1186256,346483,5352181,727594,758316,441760,501263,1446554,1601673,3014
3980985,2002304,6392475,5177178,1030959,11312209,2142171,2313000,525402,643812,2916854,4730673,7653
1623404,1526902,1885403,1419788,322730,4947528,486899,281270,418113,473476,1456275,2400305,5411
1657425,1781180,2055631,1617352,351937,6034105,727839,760739,503537,526418,752724,1564751,4043
1054690,1423685,1585833,1504306,462200,5886216,920344,955645,501706,565507,1465346,1667024,3094
1646713,1600921,1914800,1215390,126940,4249345,497398,760398,498935,545258,1528640,2399797,4513
1648648,1586673,1940029,1459357,352813,5228405,499616,279731,344319,441963,1409208,2293757,4433
1758471,1778384,2049912,1560506,344955,5649189,705195,740264,549962,546292,849345,913439,4145
1377701,1731716,1956636,1822166,431401,6475751,902440,945323,528850,588750,1311175,1532432,4037
1704179,1614332,1956107,1214185,239868,4954875,718635,958404,535301,587159,1799257,3105054,4908
1684274,1710106,1979600,1512342,339469,5542226,490675,283996,392207,492114,1563041,2474338,4943
1619419,1663270,1961799,1497047,353175,5490748,727650,760244,489089,472012,756003,864974,3762
1059220,1447472,1669489,1601764,344187,5652754,695885,725793,558609,606570,1538476,900057,3308
1634106,1394183,1540066,956217,124247,4744154,719733,758978,459421,518865,1509038,2434526,5125
1654365,1648609,1973539,1500867,329356,4696435,275363,337821,434628,528619,1461446,2327763,4760
1600571,1359198,1534638,1141790,227180,5178206,926433,972190,500107,558264,1741855,2337721,4501
1685375,1797814,2073658,1571394,233509,4362493,270015,505347,523649,569486,1538071,2538014,5921
1645472,1594824,1948409,1486826,345288,5415844,723236,514540,397768,415558,1119486,2368476,5235
1338638,1503286,1918518,1436995,350894,5261724,713540,738308,432304,488653,699258,886740,3198
999667,1118205,1109132,1147397,335426,5124456,699850,740724,461840,499052,1477045,1668239,3005
1905821,1665988,2203172,1496883,235593,4584268,498140,760325,551312,602021,1826677,2977425,5374
1727743,1656616,1994248,1479103,348240,5338797,703071,506805,402846,459187,1127815,2479966,5897
1280638,1496632,1872756,1429971,336260,5247190,717529,759057,453354,490832,707551,850136,3007
991451,1186218,1128325,1172144,348315,5254778,723096,753862,426288,471108,1367643,1564422,3051
1655745,1515477,1924198,1168813,124060,4080686,486527,731526,444481,489306,1460373,2489959,5281
1942497,1977226,2370424,2051497,550698,6923746,927964,732775,540222,590347,1865307,2393137,6021
1329763,1507481,1871213,1420844,337096,5290416,693015,714153,452389,493636,751096,873350,3012
964178,1151875,1114700,1140514,337749,5122471,703911,745075,424944,479295,1463294,1638860,2861
1618791,1469626,1860998,1174592,124567,4002217,487857,756514,434728,480358,1390928,2274677,4808
1713966,1806951,2052623,1568404,350196,5532651,486593,283799,403638,494527,1500100,2443761,5279
1654227,1664847,2359817,1749933,449918,6112093,951788,1007077,569697,590712,1183972,875002,4341
1399449,1359218,1239995,1278521,242888,5339265,735398,769653,495866,537987,1470505,1638828,4202
1677344,1655107,1936120,1185495,155179,4158350,490199,647036,482259,530748,1463652,2397691,4998
1650253,1578922,1901405,1447076,347360,5228477,500846,284931,383382,484846,1502119,2347991,4718
1707860,1909486,2137036,1667152,351843,5923138,721272,744905,589935,576509,831857,900141,4434
1051281,1265662,1551272,1420316,333878,5254078,696214,734946,466968,521220,1492812,889181,3092
1865714,1519785,1874990,1172122,237163,4738776,735303,767158,515308,576611,1803232,3024388,5595
1678932,1542308,1925983,1456787,348725,5208638,482831,505050,354789,455543,1097922,2448748,5329
1481074,1617794,1905444,1476151,323162,5352922,688873,727952,516395,511217,790501,854650,3913
1029386,1381597,1646451,1552939,348815,5416691,724603,756269,518728,555099,1476595,873150,3090
1946690,1567611,1925272,1189601,234714,5322051,917201,958093,523913,519857,1504834,2485456,5912
1915450,1687336,2208454,1648073,440220,5173494,471832,494774,408165,509437,1457334,3019497,5789
1313841,1545023,2302963,1727245,451133,6067798,920403,946401,541107,552491,1081152,853110,3682
1043939,1411190,1647440,1312888,337074,5758164,702398,743407,568625,601896,1552272,1704724,3065
1583339,1314550,1493021,1059670,124257,4711525,531889,756806,450414,499874,1414197,2302635,5071
1629859,1550217,1926657,1458425,348445,4595562,267669,283611,395059,493299,1443668,2428640,5086
1645030,1716428,2225264,1654041,440236,5699017,935162,989429,479541,486737,742439,1617215,4515
1005835,1347604,1621760,1279435,351663,5716944,727399,760457,545632,590524,1485328,1614936,3006
1724870,1422535,1584230,1202271,123441,4914056,490229,737053,486959,536924,1519430,2506137,5547
1597318,1510619,1887233,1418464,347124,4643023,500170,284265,413398,447232,1455280,2378842,5229
1651336,1484629,1906596,1435734,351554,5221534,717770,735766,387117,380647,704983,1624718,4664
1049754,1493603,1943497,1481115,442358,5913539,912237,969025,560351,632199,1527653,1701083,3107
1648162,1458138,1599658,1252411,123149,4884910,497272,757615,519813,532900,1443874,2322663,5465
1729636,1538904,1911636,1439261,343059,4607687,477732,285999,410522,449658,1437344,2429919,5324
1581270,1501021,1838797,1389756,331990,5138921,708305,748369,402722,454779,718545,1594964,3801
968176,1314005,1529159,1446442,352712,5393187,729838,762506,445751,494831,1056660,856937,2846
1389980,1420035,1570479,987575,231245,5107001,699437,732615,535991,587820,1570054,2502379,4779
1882809,1787807,2277380,1691641,332810,4957998,503599,525463,463520,527252,1826501,3070923,6483
1640773,1759033,2297708,1734154,439849,6089647,897868,927484,483599,528230,756287,1624511,4095
1016340,1453517,1561142,1445884,341250,5208395,711771,753373,481866,537329,1114818,870536,3002
1343354,1592064,1613107,1015646,232999,5027559,718734,750757,543521,588013,1509534,2250911,3960
1644044,1695751,2023174,1555344,237495,4850652,269850,507223,428801,510234,1466529,2452555,5818
1947934,1657594,2217128,1645801,439703,5746106,929944,756236,458467,433052,1049013,1604048,4921
998466,1353847,1514587,1462619,335146,5396138,698070,731217,465614,516706,1156634,871974,3089
1345967,1302272,1492117,908552,231590,4634268,691634,721079,434798,491693,1452718,2443328,3941
1655123,1635884,1996038,1550329,233639,5105420,271420,522936,513486,617227,1584249,2411360,5721
1644655,1540457,1941491,1474601,347047,5403546,710547,511802,413677,400037,1062315,1622589,5451
1316195,1353788,1922186,1672315,447981,5711911,925808,979769,511196,567977,1500600,887858,3011
1584325,1341455,1524111,933536,124291,4663025,721434,755510,466212,515675,1444023,2291616,4892
1667796,1699386,1992550,1512774,293759,4918659,269774,364409,448793,566328,1471774,2374620,5572
1643705,1635134,1944655,1512605,336703,5527966,719083,521280,456334,435417,1143910,1668985,5554
1303009,1373971,1951969,1475281,355285,5435794,736064,768926,464857,516704,1072742,869951,3113
1324873,1188789,1153401,1157564,226999,5040228,687543,718950,442729,499628,1447551,1681352,4177
1869990,1763281,2265636,1450539,346383,4763093,504053,526608,477868,595403,1873077,3068981,5514
1659709,1674991,2033563,1571985,352076,5726439,723629,745503,463135,459874,752637,1632612,5894
1148234,1488742,1981110,1483045,336566,5550318,702182,745463,490878,560823,1110234,876939,2945
1303781,1191505,1135032,1172675,238906,5362334,730665,763199,448694,495398,1429154,1568817,3839
1650045,1501368,1906910,1177805,236782,3997314,486713,506016,452117,493007,1441649,2398551,4681
1960076,1948184,2389231,1802582,445025,6130279,716614,755048,477532,547129,1211804,2459447,6902
1036232,1371958,1948026,1498437,351120,5300062,727433,757509,469789,510803,1073961,872628,3185
1300635,1185194,1141856,902565,232752,5137973,697425,728387,461975,508346,1471081,2484755,4127
1602948,1520454,1883588,1347450,234081,4020161,292133,520676,453715,498008,1459478,2360892,4874
1722560,1693787,1992191,1535080,347189,5517966,483316,502133,419645,533411,1149672,2338263,4771
1334760,1612361,2347816,1768573,444871,6060078,918804,973747,571814,540706,1076056,878891,4255
1321355,1233511,1164939,932617,239163,5302986,714651,744438,474980,515863,1434041,2284419,4019
1674146,1586251,1961511,1475491,235663,4177068,264245,513471,465978,519701,1489073,2483452,5310
1574122,1556612,1898119,1444081,335953,5171921,714925,520323,356439,401141,1117758,2400105,4663
1645949,1684336,2021043,1559855,349896,5778000,726855,747226,518729,520874,793512,943372,4210
989722,1363975,1496884,1439834,430375,5780351,886244,935795,536031,583344,1528812,1684904,2992
1595524,1543893,1893767,1188790,123965,4289021,498281,758073,471860,525540,1468202,2303694,4877
1935427,1755502,2336454,1756371,463506,5344638,490429,291331,410658,519481,1801544,3105837,5471
2014890,1877754,2364714,1784219,430661,6290570,908371,963425,626032,525976,806190,890155,5725
1044210,1308290,1587816,1561258,351081,5576014,726556,760672,505653,551629,1461042,874182,3149
1618681,1394992,1550629,939862,123143,4803678,696963,728250,469533,530360,1503429,2475255,5248
1843621,1619632,2186031,1625210,369886,5172611,508995,438283,401588,512633,1825835,3025790,5289
1639110,1581406,1942887,1467449,351276,5388839,726783,747019,474420,457775,725816,855841,4004
1056713,1364459,1635316,1559178,333587,5746846,689594,727217,563507,588992,1515411,863133,3255
1625451,1367936,1531165,939122,125238,4752473,727685,756751,462386,516764,1461546,2373726,5503
1707205,1504913,1936530,1449872,351151,4621025,273025,285026,390278,497045,1432365,2458034,5536
1784594,1694940,2203818,1621066,430280,5654898,900575,954354,459775,448479,725572,1655278,4800
1020006,1296987,1594694,1551633,350627,5662763,725976,760325,525147,575143,1490269,880459,3151
1688194,1485289,1604611,987231,122485,4758575,696581,727497,502018,529921,1495933,2477613,5423
1591654,1487867,1887598,1445055,236377,4144316,269170,519547,468953,504399,1451292,2350935,5038
1638322,1481178,1888523,1406864,349530,5212871,713468,508525,341645,376590,1041385,2342651,4708
1346222,1633786,1956717,1725297,447392,5959836,930635,985830,554705,628796,1150142,875407,3049
1353244,1320071,1456330,1022233,236871,5471283,725029,757591,532674,549468,1459359,2312056,4265
1694193,1521619,1912010,1419709,236892,4070326,271410,508727,447351,483075,1427231,2446183,5444
1633463,1509603,1906744,1445520,340986,5373195,726061,525955,369630,398911,1114193,2440941,5352
1669246,1757608,2357136,1746278,461595,6169046,952989,991862,442333,494361,717588,1536156,4014
1012946,1317851,1246451,1259611,340991,5452825,698482,728601,547220,594907,1563855,1655491,3137
1940251,1842434,2333104,1498590,242275,4960958,503156,764196,491541,616658,1887873,3159924,6515
1681544,1560211,1954649,1481096,351080,5369957,716222,507403,366419,397194,1072242,1744439,5407
1325245,1564460,1909677,1438874,336943,5270275,698303,738588,479900,523809,713654,890801,3145
1027614,1354626,1245320,1268992,354906,5529484,732810,767458,544004,585299,1532939,1579496,3105
1701644,1605103,2017950,1248756,125833,4336824,491070,734711,452229,522342,1473485,2508114,6087
1942215,1666330,2229352,1656598,439854,5847858,712495,527574,401918,448610,1460932,2411451,6156
1321133,1328590,1927774,1465510,350587,5346151,725307,754089,464720,501122,1063752,872322,3095
1290388,1113968,1130723,1181916,239376,5200450,702220,733615,454802,511203,1491215,1677424,3940
1617963,1771790,1987439,1279643,137612,4397835,493100,695013,594910,635571,1542935,2292066,5442
1672362,1563656,1959382,1461780,359474,5354489,506095,283949,348247,457457,1454386,2469368,5398
1604126,1520271,2255835,1670320,442213,5810782,918597,973483,514686,509428,1113344,873307,3915
1277206,1149921,1134716,1184554,239380,5357041,739562,772493,463891,507379,1449388,1586597,3757
1656947,1770866,2037211,1273053,236876,4338433,486572,506474,505319,553230,1483322,2414921,5062
1688031,1586032,1968352,1502433,340219,5686790,498514,523368,379681,496451,1169231,2454676,5677
1566577,1514563,1914368,1464994,341522,5525319,707899,733504,457034,451795,734510,883970,4328
1654725,1415724,1945555,1703934,441748,6278979,1103161,943040,491617,542069,2209721,2350144,4785
1579322,1616874,1927810,1220831,235421,4241293,498537,522300,484173,537817,1476435,2313543,4616
1642487,1622071,2020517,1567056,355334,5857940,502811,518042,403495,518718,1141766,2445022,5826
1312528,1568158,1918428,1450333,337055,5343549,700831,741859,472899,454300,747133,868953,4010
1020999,1216312,1534560,1202870,351309,5408441,724455,755446,481838,535543,1454851,1577228,2946
1624759,1328539,1480964,995941,123380,4502928,556214,689910,431910,466201,1355101,2292053,4915
1982607,1800382,2306295,1711786,444889,5492924,498075,524962,450489,562484,1550876,3255890,6579
1352186,1646135,1980379,1529045,351005,5360017,726515,755447,499977,465233,740634,886816,4514
1006435,1162352,1554875,1181409,339139,5137484,694873,727741,462684,513317,1473475,1670872,3079
1580747,1357942,1498731,1150878,123547,4663710,497252,759625,458529,507373,1462051,2362348,4808
1699104,1791758,2015572,1569487,345479,5088981,493229,283388,497525,548213,1520983,2347826,4886
1684460,1855475,2366479,1773852,442169,6066350,918620,976441,521935,494796,711931,1687073,4936
991929,1186430,1518145,1194091,350923,5363111,727824,760313,465018,515439,1454047,1573462,3107
1641688,1383481,1559162,1205947,125178,4742965,487322,739920,464857,518502,1468650,2452865,4821
1631266,1505345,1870661,1405556,338394,4613288,495260,286584,394412,440958,1475431,2384160,4528
1652946,1722154,2040925,1547946,466533,6300497,958342,992668,547891,589604,1139904,2313294,4091
1349379,1621694,1952465,1707132,550342,6542269,1114408,954563,518938,574825,1854673,2403124,4194
1554897,1379554,1779945,1177897,124186,4425231,498799,759433,461870,526994,1447437,2322436,4824
1639612,1504019,1901256,1423848,346439,4612473,493257,280727,383809,421186,1383166,2300789,4527
1701010,1684204,1964871,1498038,336886,5459047,702466,740369,484529,536884,787961,1667565,3975
990034,1381244,1567787,1540955,352541,5651761,726683,756984,510436,540734,1064311,894690,3192
1663368,1565522,1926537,1165317,231651,4683413,691363,929402,515749,569854,1805010,3189191,5506
1650143,1520664,1869605,1387743,334753,5108376,687121,719251,445992,445756,708135,873998,3945
1026812,1259114,1535447,1460152,348305,5409731,723747,757433,471027,515029,1430834,892755,3051
1432887,1579622,1653725,1009725,210863,4945514,689695,708357,501437,574759,1482348,2317333,4632
1635702,1479325,1861924,1415656,230613,4634584,270179,513448,413856,504751,1470062,2472290,5294
1591094,1578238,1932733,1467013,352154,5283514,726244,521013,427719,394302,1056640,1559685,4736
1326267,1364262,1908862,1686322,455201,5665836,905620,938708,488409,524448,1405873,861650,3082
1631812,1529333,1619840,1016459,123604,4888798,716399,756628,518608,573697,1526510,2446091,5465
1680752,1652313,1994018,1507008,348886,4760997,270536,284687,455718,529990,1441769,2356096,5610
1648410,1509380,1889169,1410539,324259,5212399,670691,584346,402189,394067,973870,1603477,5335
1266571,1319525,1837991,1389593,346875,5232179,729932,762440,440954,494081,1075550,853119,2873
1350304,1251385,1609342,1254725,353812,6035125,919941,949109,557450,610765,1818773,2381657,4003
1933805,1689244,2289709,1728676,329202,4867401,478224,741948,492263,532048,1525968,3154383,6417
1573748,1546688,1920700,1482867,356223,5441954,736412,519113,361570,386796,1086080,2296647,4602
1347826,1594158,1980039,1507913,345165,5383470,699583,731598,492229,536429,749836,884292,3136
991718,1203058,1341335,1165184,333603,5104438,708752,740375,452974,515771,1430093,1591615,2997
2007929,1700013,2005645,1535365,237820,4879316,496638,743803,542473,621448,1829567,3121363,6591
1660968,1487110,1874761,1420882,332582,5250032,689084,509843,356575,400807,1080358,2461489,5386
1306437,1484884,1868569,1404415,347780,5200274,717566,748034,454017,489527,697288,870992,3031
990194,1136034,1539201,1438065,345507,5156808,698220,729606,439594,495936,1460755,891553,3115
1642441,1498766,1584729,1015193,124996,4833450,721912,756945,520788,571662,1537638,2382332,4712
1632836,1557731,2005054,1547973,331226,4918801,268728,327421,431865,518161,1423983,2412315,5826
1971578,1692547,2283400,1655522,446173,5576927,911029,730777,472975,456653,1088177,1681245,5280
1000232,1153198,1495426,1414154,346852,5266587,722945,757227,463822,511696,1449109,863756,2935
1649847,1429385,1554243,928805,124603,4542364,711604,733698,458935,503540,1422987,2357421,4524
1640708,1597245,1959657,1512945,335246,5015006,269112,283480,479740,588378,1562957,2485759,5629
1613001,1574158,1915240,1465635,350444,5302232,727589,760147,418872,387969,702964,1570800,5081
1113627,1300909,1912609,1708713,454324,5740319,906635,945752,496861,552145,1441233,933673,3233
1646878,1293345,1482101,911576,123928,4637052,716397,752804,441104,503572,1448922,2359986,4813
1943317,1926147,2385498,1812645,447298,5702537,276263,283800,435533,617548,1774220,2924625,5846
1684497,1600613,1924616,1446861,330939,5463477,681657,714382,400693,398643,733776,1668711,5581
991412,1320159,1889576,1436961,347260,5372483,727627,759856,474859,519906,1076602,851229,2977
7546415,2170998,10149803,8020127,1755393,16472477,3376850,3894267,721853,826534,5181191,10369119,10546
1596169,1464655,1839716,1400293,323450,4635290,300889,282067,403245,504998,1432751,2368223,5195
1654482,1663334,2038578,1584719,352908,5668679,727259,757655,481540,458757,804596,1588042,5665
1026535,1390018,1968667,1496567,346011,5234937,697714,728573,480448,505413,1106148,906880,3318
1269833,1099261,1113128,901412,234078,5188811,704443,738887,421338,476656,1424949,2357996,3832
1929451,1661802,2272662,1677391,346200,4603171,499384,518001,429410,475515,1714268,2985330,5497
1666662,1729648,2017685,1512044,339757,5451856,695679,726770,456595,499515,772737,1672772,4018
989002,1325775,1753274,1433277,333318,5463630,698784,731714,461212,534727,1060644,908643,3336
1322851,1188662,1159212,942047,236020,5301641,718927,742892,455787,509215,1456219,2446984,4219
1607656,1486772,1867892,1419333,229005,4068110,269317,516410,458264,513382,1493286,2473577,4979
1583386,1529395,1909563,1439629,346409,5225681,489564,284062,346327,450421,1390268,2276358,4722
1626062,1856103,2717356,1965638,560207,6294751,1126337,1176084,606496,604111,1109345,860260,3902
1285955,1147145,1168942,1178229,237538,5434308,732761,765370,456345,505893,1455579,1599881,4092
1663837,1598785,1962929,1219678,219936,4014288,497329,544161,479444,528585,1421020,2336971,5241
1603188,1515813,1879208,1397733,337492,5020143,483213,279644,349769,446137,1449977,2435774,4725
1604382,1667671,1962347,1484963,351283,5429158,725722,757833,485427,478593,744316,866241,4027
1343394,1180095,1540117,1483335,348828,5887647,920318,952623,525502,592304,1845064,1650101,4117
1613137,1428940,1825255,1141032,230933,4065132,495226,523451,437517,489695,1457822,2388639,4633
1608176,1532474,1924383,1472505,352426,5335184,498971,517752,346095,440250,1062644,2312240,4990
1441718,1567776,1928958,1427648,340994,5194584,697574,728893,487753,471545,735144,870744,3859
958763,1168331,1556224,1481369,346861,5591093,727848,760219,496162,538429,1528165,897055,3293
1966465,1487071,1897832,1199736,239272,4772231,714949,733747,500492,555276,1757095,3108347,6426
1656856,1518221,1908801,1431300,340488,5116262,487720,516319,332547,429031,1078670,2537559,5375
1288071,1482633,1867542,1405561,350628,5211514,727292,760059,446325,434735,708943,870615,4033
1032239,1346043,1611706,1267548,352725,5506870,712116,739272,508790,559847,1547535,1725819,3147
1613998,1347859,1495984,1130857,123200,4803640,512409,759120,479555,534843,1478345,2435391,5355
1603033,1470081,1873894,1410581,345546,4686627,275104,282541,386539,473839,1361919,2261549,4874
1606108,1660906,2272701,1655746,451171,5529394,911107,952286,442913,437131,691251,1649157,4841
1034767,1337637,1610544,1256972,346045,5500069,730576,760883,521897,587992,1540363,1625335,3161
1671863,1341242,1561241,1216395,126453,4955312,486663,734340,473983,514133,1395725,2397694,5918
1980717,1786382,2291692,1700843,337521,4558135,486460,487731,481281,545611,1860536,3224418,6518
1587555,1479202,1887847,1436361,350604,5219745,725735,758284,408298,418518,700390,1550267,3894
976854,1305558,1837588,1424338,453121,5599750,903876,931445,503821,562395,1415765,1623298,2970
1402830,1574597,1657924,1043155,235632,4974129,728879,759839,551915,609915,1609483,2402772,4586
1659295,1587440,1976604,1498421,237239,4656324,266614,513484,399819,500990,1427799,2375668,5551
1626424,1486828,1895061,1409914,332380,5102602,686174,505220,387454,375029,1096331,1665239,5329
1333638,1324000,1866521,1425890,345630,5173504,722997,758301,458332,510102,1075802,882616,3167
1675910,1437066,1627324,1251590,239190,5611591,953078,983794,548833,613202,1889507,2501326,5569
1611311,1634616,1913007,1471658,269042,4883992,268615,399000,465674,580279,1514213,2421274,5956
1600853,1510868,1934779,1457346,355041,5268379,734551,518229,389997,374835,1060788,1597908,4955
1339856,1321779,1923519,1442811,343237,5134913,696048,731020,462947,506224,1090048,883320,3149
1274518,1193444,1149667,1180346,227031,5306958,716167,746987,460420,520644,1477717,1604847,3646
1943798,1848625,2407878,1514791,352281,4850260,508725,526542,534982,635475,1856096,3138097,6716
1617836,1540995,1922497,1409605,337408,5118875,697563,732724,405892,385444,726947,1651751,5228
1146811,1327927,1822502,1394178,333641,5231801,698825,729279,455165,509067,1063525,858678,2929
1317935,1162464,1165629,1177798,239720,5218377,714415,738163,448982,498664,1424800,1627221,4067
1659405,1681139,1976757,1263088,232701,4342092,488695,513124,518348,558901,1542002,2463086,5112
1953686,1822624,2359232,1490782,346394,5657036,711703,741457,444690,577911,1463714,2908975,6274
1311139,1537683,2324324,1723094,456764,5712893,910102,949950,507648,510240,1091282,895820,4282
1302273,1148730,1140437,930682,232252,5207963,722868,757468,478332,524500,1476607,2370189,3792
1626047,1671671,1971645,1378066,237276,4223316,307358,513045,494637,545697,1464689,2310501,4674
1637809,1537885,1977186,1495965,343029,5592665,482906,505657,371962,494897,1148043,2549987,6101
1302865,1478103,1870006,1418425,347948,5296752,725055,755122,457839,453892,719408,865517,4036
1340381,1153932,1557662,1202179,351193,5949067,931863,964485,509535,569864,1800247,2421777,4213
1627417,1462787,1882154,1420691,231251,4118552,270125,515823,445427,495787,1487374,2464377,4951
1665214,1722577,2036236,1564003,352268,5732233,724375,516016,439027,474398,1171628,2324091,5533
1357973,1602957,1964028,1449910,344086,5322401,696526,729589,463992,502566,724211,884455,3472
979626,1115528,1474930,1157435,341542,5137349,722910,753604,446347,489574,1464295,1619419,2903
1967570,1619269,1948343,1479781,239117,4731219,498990,750867,551472,596506,1794937,3065411,5532
1678734,1700347,1981480,1477750,332845,5359932,686985,496191,383943,419905,1140439,2440559,5248
1321929,1590640,1945586,1488829,350394,5561789,735035,769370,482118,543294,724950,867581,3059
1300742,1275010,1510843,1435251,462919,5846282,935306,736961,440040,494128,1777084,2406519,3998
1619159,1424147,1840952,1202936,128656,4287386,490191,752506,460138,518192,1510585,2505483,5329
2196741,1793719,2282125,1716707,451602,6000994,930566,730456,512808,552656,1739256,3491273,6117
1677104,1743307,2009027,1564216,336759,5727558,492667,282570,397754,513116,1554226,2446785,5758
1625125,1543100,1924450,1451636,346574,5232171,717307,747078,436822,409647,684573,860337,4173
991143,1125590,1526992,1408967,342038,5046943,695842,725719,433559,483291,1461238,882207,3128
1616482,1320686,1491495,907149,123642,4406967,723882,754245,441619,495549,1436089,2364022,4762
1602254,1619236,1951317,1475097,350064,4873687,267661,282914,465001,570869,1477366,2346943,4746
1942364,1742364,2263855,1686625,428543,5866624,886621,833032,472535,447109,980105,1626214,5625
989055,1144052,1515642,1436413,349691,5426506,732336,766525,455753,513193,1452496,883082,3120
1643760,1385970,1554797,964402,124033,4681447,694501,720260,470484,521255,1440112,2383081,4798
1596313,1575580,1917677,1473582,236289,4325652,271133,520280,501847,543498,1522306,2390554,4599
1608326,1620704,2001526,1506485,351234,5423748,725473,513700,370576,407046,1117120,2360917,5548
1293878,1473431,2069689,1657951,444404,5616482,911457,959673,482825,553270,1085408,865553,3079
1265403,1171616,1112839,897749,235710,5269632,726520,759201,468364,509471,1448038,2289266,3562
1612041,1499940,1909295,1444697,238706,4048462,272672,511172,446761,497187,1418351,2345165,4528
1671844,1770524,2018774,1561560,339170,5723712,712422,517608,427525,457319,1164530,2466305,5234
1305449,1510346,1901041,1459198,346449,5242119,715604,749580,461039,484893,716715,880505,3112
1326063,1356306,1534528,1185478,347348,5319418,924180,965484,501071,558096,1850469,2505154,3913
1885438,1724532,2264003,1705646,337985,5112119,485015,742967,540152,610732,1501149,2390513,4472
1631166,1683281,2019230,1548755,356260,5590623,732478,522134,411718,434835,1102737,2386608,5118
1337778,1470063,1921578,1456338,336980,5298189,696721,734491,471671,521758,746956,876368,3247
1038656,1299168,1191507,1237225,348891,5404846,731144,763557,520569,576379,1525865,1615052,3096
1699439,1586626,1913083,1204058,127039,4078466,487667,729754,470753,515216,1417594,2331662,4642
1961905,1886376,2317279,1734539,445805,5847344,711798,519275,451938,481529,1530322,2452873,5593
1364203,1748162,2068756,1612215,353411,5610190,731142,762226,537623,594546,1127170,893397,3245
1030478,1171651,1155417,1219529,336702,5269398,683033,715517,460669,513386,1461152,1657072,3337
1626827,1441314,1845289,1146350,121873,3968161,496325,759176,437935,487519,1449413,2385132,4931
1602074,1568501,1900187,1423114,350288,5284624,499374,281663,331986,428330,1415879,2304944,4486
1615068,1550892,2325692,1732369,441984,6117788,904943,953233,552146,571115,1155587,871823,3975
1330247,1225051,1164994,1202725,235478,5432766,727380,758969,478203,542358,1483568,1577764,3894
1659678,1568541,1948013,1215040,237906,4084376,493630,514297,462127,504822,1406765,2401573,5211
1602453,1518074,1855159,1407613,324361,5213678,462630,318303,359964,455294,1379448,2363576,5013
1608992,1615774,1956893,1507406,351163,5397042,726689,757775,490120,485193,770819,870806,3893
1022713,1398944,1961567,1457385,447340,5921648,905105,943550,572534,629455,1519146,1668505,3138
1901948,1556046,1906996,1456190,229757,5589794,704781,972236,473269,511061,1450510,3042627,6361
1644972,1539252,1900738,1417688,351083,4653890,492983,280104,406242,446339,1394321,2338326,4556
1618804,1499779,1881916,1433934,336300,5283005,698992,742415,400820,444957,729969,1674589,4177
1025374,1547332,1879573,1552977,340966,5666527,706834,738992,524196,575005,1128359,866982,3115
1673156,1377197,1574239,1200747,235725,5389827,713372,965015,527346,595198,1878879,3306439,5725
1576207,1469779,1834893,1394872,337151,4562847,493493,280929,404120,452910,1459647,2384442,4673
1646244,1465852,1892118,1415505,352307,5349270,729809,762046,388922,426871,696322,1603234,4182
1035687,1525175,1625123,1540800,340481,5501910,697914,729716,527876,572319,1171066,878476,3094
1280315,1270086,1532620,933260,234639,4793176,728242,760959,500015,544349,1503310,2391418,4280
1663853,1578238,1929862,1459996,238006,4174218,265799,509905,441966,492867,1395712,2387604,5440
1956868,1670653,2259050,1668076,443930,5789154,919109,741130,391254,436483,1112735,2456888,4936
1029009,1269044,1485772,1418961,351487,5098646,721865,755645,439440,482498,1057665,884996,3121
1467796,1722139,1738468,1062407,236366,5086101,714117,741170,556740,605793,1602783,2534217,4873
1685961,1630836,1925911,1463167,231584,4656489,272085,524351,438060,535522,1536766,2464695,5406
1645925,1630967,1955638,1506547,351577,5317776,500907,515776,384920,482204,1115712,2323143,4624
1718318,1697012,2629137,1892522,547024,6081453,1118343,1182178,564739,571654,1063407,855344,4011
1274445,1230268,1206427,1237997,240356,5793662,733409,765425,492970,545046,1487464,1598897,4394
2040956,1933521,2449918,1554308,344313,5164185,499767,516555,501557,662341,1893447,3194418,6863
1661572,1504310,1877299,1394737,336370,5098722,488136,513257,344549,436507,1096892,2474852,5054
1282457,1491888,1843295,1405622,346545,5178406,714638,745958,444624,437932,700533,876855,3743
1314311,1166694,1548287,1183808,348348,5740555,918729,961913,534678,582336,1873393,2440730,3834
1675857,1784833,2038225,1506661,234320,4293612,295868,527265,529741,594707,1601128,2420692,5567
1582799,1492005,1865795,1414722,341105,5244126,509787,514594,338466,432309,1018991,2279270,4825
1332683,1555013,1895041,1427562,338483,5281212,698220,735908,463575,452976,744275,874901,4040
1000632,1161697,1498330,1173003,350199,5257761,730174,764821,439046,495206,1420468,1580013,3056
1685568,1559161,1669716,1304458,125538,5128356,484537,729285,521530,578950,1480412,2378560,5227
1627202,1705394,2308115,1715145,452492,5662062,907764,948676,461599,508553,730315,1653694,4272
971025,1174042,1172987,1168909,342779,5149415,727904,760251,439293,501817,1454824,1584028,2868
1566668,1346835,1577027,1176720,124758,4727494,468380,717436,457598,512030,1395694,2254776,5014
1636939,1660537,1929748,1463408,230887,4788527,270625,513817,460163,548641,1497202,2431365,4349
1644090,1537310,1952911,1469198,356665,5456626,735257,517856,417811,417008,1110765,1613940,5867
1318811,1383690,1936119,1717690,454315,5729848,902070,936848,518036,561877,1446249,884314,3169
1617857,1294783,1501960,914244,122628,4567463,715296,756408,434383,492023,1472571,2406534,4757
1627011,1528515,1931888,1449645,349046,4585738,274589,291439,413846,505376,1412738,2324031,4785
1773844,1890284,2143495,1647754,345982,6164909,710967,689528,486683,452563,979698,1713208,6036
1308588,1336233,1921497,1455248,350622,5419148,732088,766715,464719,529244,1122692,855456,3027
1637938,1339928,1511653,1179736,236963,5103031,926622,955482,507857,561283,1750210,2332269,4500
1674574,1596254,1930530,1447361,336425,4688924,273093,285368,438770,535493,1521669,2495342,5158
1585772,1598700,1953822,1518851,351723,5547333,728128,760808,456135,416614,761204,1585214,4855
1036608,1414823,2004833,1544150,347358,5559933,699709,728705,494283,564445,1175144,881314,3213
1311512,1174189,1131832,1045983,230705,5272531,720355,759665,475009,511548,1482292,2180655,4080
1868489,1690222,2337251,1486465,354699,4894793,505016,525079,450699,567700,1770623,3017518,5562
1620735,1583007,1937994,1477252,338879,5320889,699543,733415,433059,409776,744386,1659493,4903
1042560,1494434,1974869,1510809,346132,5541876,727255,758652,522006,581087,1152406,849984,3109
1300800,1203729,1156325,940501,239402,5274657,716323,736511,462111,501040,1426189,2402604,4104
1641876,1520716,1895819,1420839,231816,4149731,270200,514480,459522,512531,1489561,2461486,4858
1579699,1503182,1882900,1425616,350731,5225399,700487,521530,329098,427021,1057096,2271043,4847
1269195,1555636,2389251,1799791,459774,6106166,916394,951729,535467,545401,1138794,874345,3853
1308905,1217738,1158931,931615,230293,5410357,718658,756333,483898,564645,1523444,2421437,4127
1614057,1548978,1959018,1469816,234628,4168276,275544,523103,463940,502042,1419958,2334219,5412
1993078,1724934,2289642,1693267,435212,5969581,890316,510470,341876,368309,1463320,3189876,6184
1326466,1586274,1915680,1479828,345812,5347375,722695,756965,486538,534792,742295,863660,3050
1034846,1375896,1572560,1487991,453394,5989252,906522,932916,559298,636052,1791089,1630016,3403
1616909,1529835,1901678,1175732,124878,4082497,504208,768754,472723,521934,1497094,2447073,4956
1609388,1509982,1925704,1460919,356253,5326771,497974,282495,340509,444514,1431466,2322967,4950
1618129,1566198,1936240,1449799,339553,5212351,689394,720057,466693,445690,705274,856886,4183
1055865,1360567,1604522,1529691,347544,5647346,738021,770509,520949,561475,1537532,861562,3010
1991760,1555099,1972216,1215963,238648,4808117,724929,749963,505903,558556,1776842,3150369,6641
1621654,1460754,1847309,1380153,326329,5155988,459986,342419,342322,440806,1333717,2393363,4906
1608872,1475056,1871845,1412319,351046,5159656,724622,758421,450793,435249,701284,860350,3880
1047563,1276248,1609378,1533295,355193,5566021,713026,735196,517201,566326,1511015,878321,3157
1608317,1256099,1465375,916359,124653,4693937,701620,744947,481422,523149,1484968,2461962,5847
1982043,1656290,2270202,1681886,463907,5201394,498893,518946,407960,508511,1416877,3009448,6106
1392568,1653493,1975203,1491504,345490,5254457,700371,731277,488416,481622,762368,894366,4124
1037703,1271229,1533889,1335344,335197,5003224,708965,740692,481034,520567,1463575,1191494,2963
2030512,1892463,2099032,1353724,239595,5773432,952059,978958,553440,589608,1524217,3128268,6544
1737763,1601269,1943698,1437855,337652,4531224,275758,289586,444732,522399,1522727,2510130,5461
1916258,1797847,2316392,1752965,455394,6173832,719801,751840,417494,472795,1103010,2293026,5747
1025555,1394863,1937733,1465617,468515,5762897,933936,962576,525079,577643,1472975,1679342,2989
1635059,1578773,1611180,1276141,126270,4765201,495428,759036,554899,611823,1593940,2443759,5003
1661153,1681750,1965514,1510529,350722,4930262,448776,283284,455328,537077,1454427,2317841,5685
1709164,1579811,1948237,1459952,345069,5283672,699100,730174,401426,402373,721368,1700003,5354
1042884,1488968,1939039,1473312,345213,5176055,729544,761758,511471,547903,1151882,885537,3032
1650821,1516663,1626776,1264443,235019,5450138,715562,970993,567598,623325,1817394,3050944,4875
1779606,1872994,3024852,2830752,699194,8122154,1168786,1075891,589418,673748,2873877,3471930,6253
5969754,2087211,8454074,6247666,1405296,13468251,2831658,2916296,591025,657439,4232957,7899969,9056
1439513,1524253,1934178,1470596,348004,5113537,701787,732648,449237,500582,1025309,876800,3102
985227,1140939,1129255,1157619,339383,5230983,722098,759152,455840,506691,1461998,1629860,3090
1987372,1844178,2402145,1537257,238952,5093824,499066,753840,507772,622510,1817418,3045722,6081
1653442,1521721,1944595,1432658,340359,5212814,699366,507441,393326,403084,1122774,1705739,5965
1295562,1357004,1847807,1415767,341785,5345861,717965,749878,460546,505508,1058433,867575,3014
1303727,1129050,1109328,1170687,238149,5093285,713052,732864,434986,482546,1410121,1599982,3661
1586148,1491168,1857218,1132147,221117,4040167,486601,534114,455474,512466,1468463,2469435,4947
1605000,1715520,2003590,1576066,336399,5821214,475525,294115,430441,505701,1435334,2227236,5610
2038281,1733215,2731130,2015402,463235,5754935,923800,1171200,569975,585177,1466147,1619618,5654
1317541,1172509,1155702,1186918,236056,5266512,729426,765078,480885,519967,1504193,1663885,4290
1612390,1505567,1890474,1183947,237690,4126864,477566,496749,448848,497895,1376469,2261680,4943
1585643,1565759,1959767,1476339,343034,5433456,492281,516064,397574,498673,1138743,2515512,5319
1373612,1647167,1967805,1524157,349725,5737156,734023,765783,535596,523164,774864,878414,4174
1326348,1117574,1499113,1370560,342048,5643494,915721,941964,480862,539858,1727335,1799088,3932
1632815,1425001,1839113,1127959,230447,3985721,487933,514767,438634,469039,1439733,2455703,4659
1635849,1529322,1936783,1485551,351121,5381590,498826,522965,360966,460994,1100440,2290242,4875
1360003,1726114,2039552,1549057,342392,5580415,687930,717733,494636,464610,718472,871959,4606
4279489,1617679,6586523,5086068,1168028,10551455,1906574,1931568,608767,700875,3134707,5658890,6292
1918149,1545223,1912188,1417523,237034,4596935,494716,751481,507416,553837,1746886,3039385,5830
1615515,1450773,1835862,1381052,324482,5079879,568685,505042,349645,438569,1064314,2351322,4547
1305734,1674056,1972611,1524961,347037,5477989,728120,760719,521281,488859,729061,860632,3675
1006297,1262953,1581921,1243355,350090,5458858,714061,736018,488500,522994,1457421,1632576,3170
1285870,1295365,1493921,919203,230845,4588860,715403,757800,451334,499435,1478075,2426222,4180
1914631,1696540,2321347,1717406,357134,5179218,502471,525592,404849,506856,1762567,3038569,5954
2008423,1868597,2361386,1459138,342874,5320965,900726,940682,562553,565890,1142684,1620118,4976
954365,1320293,1535542,1446080,341260,5472404,725326,759344,481515,555218,1350333,873259,3091
1299412,1363399,1536083,934515,242764,4732340,734424,755873,458870,508337,1436330,2390886,4270
1589096,1532428,1896115,1424145,233069,4603694,272410,514176,400838,505784,1470424,2444271,4950
1583379,1481778,1865245,1427685,351244,5121167,727440,520157,388513,362735,1055127,1571860,4630
1350622,1484134,1992904,1777227,464766,5804063,922795,949198,550477,610766,1521645,866028,3220
1637792,1403713,1528213,942593,123937,4515937,714759,756784,480999,500369,1464629,2444324,5393
1636772,1490057,1925492,1463109,339851,4816668,276225,311571,410884,505263,1433257,2304975,4674
1669417,1536663,1951529,1455714,344159,5194471,701936,511929,404326,387737,1080465,1687384,5292
1333889,1463366,1931369,1469019,346408,5276311,734048,768379,520855,564085,1139471,858459,2957
1635195,1416578,1603963,1259409,242436,5375795,951899,976908,535132,577962,1794532,2384020,5804
1666453,1475470,1874026,1387295,336242,4543012,265799,277660,407873,498403,1462061,2509243,5473
1563879,1531855,1885705,1434436,350815,5178138,723750,757592,393353,357824,695911,1574313,4841
1110297,1413929,1954390,1472241,351069,5233661,707167,731394,464383,518832,1108481,900074,3269
1299807,1291683,1175426,1202292,220387,5454244,696165,737542,558378,588069,1525607,1687974,4316
2194520,1813036,2639513,1418548,351185,4693081,726314,758664,500246,607335,2073236,3686005,6870
1635161,1552198,1914362,1445279,341148,5299663,696874,727097,393139,376595,692811,1685769,5035
1313896,1289135,1850417,1390695,342099,5907013,942449,985854,520840,577210,1451130,1552030,3861
1306631,1298244,1222213,999358,237389,5603015,724896,745451,463173,517415,1445431,2395159,4416
1662483,1603661,1943896,1442210,230504,4255627,271965,509972,468459,531648,1522058,2497728,5550
1817710,1645138,2203483,1632366,448894,5554886,772475,757779,393327,436129,1030111,2224214,5710
1292724,1433943,1870725,1411004,343506,4988774,693970,728406,426826,463270,699613,878029,3082
975407,1197284,1151419,1189572,339418,5167561,724265,759075,489941,532986,1489709,1598596,2860
1622618,1581592,1994015,1244058,124612,4404001,500512,752084,512524,550970,1479628,2363711,5802
1657094,1484778,1922289,1455684,341690,5365070,490322,286379,332680,436850,1500820,2539402,5923
1610109,1453519,1881773,1426327,346896,5189135,728063,760293,447608,440851,712097,891963,4327
998832,1306362,1485508,1406982,449160,5646215,906477,932516,484568,543318,1511735,1623243,3098
1675394,1610882,1937989,1236541,122818,4275854,488976,750436,516500,584089,1559533,2479483,5365
1631598,1590504,1944833,1497263,350741,5268526,498434,283236,378415,438195,1427827,2281237,5270
1651932,1530028,1915401,1441792,345475,5143833,698083,730196,451159,450054,702796,872289,4151
964612,1119756,1507915,1422274,340736,5222177,725087,760804,454914,502993,1473827,855083,3017
1930726,1704721,1989233,1251929,208147,4706992,725250,810497,562058,619941,1791373,3034876,5565
1644726,1487662,1957595,1491935,349807,5288170,496095,284362,366500,437646,1477119,2580051,6015
1618022,1496136,1895622,1461886,349304,5387208,732278,764747,478942,460483,732661,895846,4196
992202,1167680,1509071,1719310,454570,5908471,919917,946497,514382,578606,1775769,868495,2938
1593079,1258931,1463720,902214,124482,4534574,707010,749093,430321,464244,1439715,2447564,4767
1935419,1908796,2420353,1819783,350304,5010920,496598,519456,532710,582215,1837273,3017284,6092
1712328,1599592,1980064,1459699,347225,5207585,709055,740373,391998,400252,702248,1687303,4865
1018374,1356653,1891390,1430560,346251,5301169,728508,758806,471619,525839,1092471,891030,3161
1309093,1112363,1118962,900743,237451,5001266,717725,740871,428662,474298,1376513,2334554,3756
1674913,1648622,1962586,1496667,230664,4323892,267538,507958,503049,551738,1527577,2493878,5355
1590665,1488279,1877361,1487298,349937,5567881,723988,517933,355724,373580,1050653,2322222,5588
1318924,1522059,1918191,1711123,462405,5686979,921137,950407,502145,561719,1068844,859498,2937
1277601,1218673,1426259,905831,229874,4661905,717190,759768,464613,507109,1470819,2397390,3869
1567864,1475704,1837817,1406961,224177,4120070,271520,520468,419346,463474,1337746,2184130,4284
1689118,1783913,2051570,1535633,342201,5475931,697235,505441,417499,460667,1174116,2471274,5421
1306290,1427055,1873941,1406757,344230,5059341,729228,759856,434050,486010,713375,872315,3055
1287560,1350430,1523481,1171858,341674,5177453,927640,953756,498971,556309,1713181,2285661,3806
1624189,1530080,1901503,1414351,231679,4562261,268346,509070,399948,515967,1477400,2463428,4975
1656498,1683858,2011722,1548992,351882,5527173,729915,528385,458495,415133,1098991,1606915,5314
1384502,1649480,2014924,1535891,336841,5705288,680420,705283,487256,544530,878095,893771,3312
983949,1134468,1132492,1192674,336595,5147764,710749,753991,466516,520540,1507243,1644337,3025
1925685,1665286,2281703,1444923,240430,4515669,498355,760965,448974,548024,1747643,3037647,5374
1637409,1717524,1975063,1484264,336684,5395258,690529,507638,458858,419667,1114813,1646595,4918
1231972,1340430,1926239,1485494,343630,5551456,726258,758400,484357,543589,1122623,852047,2965
1295091,1192079,1152244,1198950,238164,5117080,721196,742952,459731,494033,1392473,1594302,4019
1598957,1548973,1877987,1165743,168086,4066462,484416,617777,463187,518623,1436676,2350014,4992
1879927,1665704,2243903,1679493,463958,5808395,725957,528416,415097,433703,1396631,2249206,5325
1359219,1458725,1991423,1530406,349412,5422649,705225,730600,524910,576558,1161640,872488,3097
1303154,1198629,1148788,1162181,226484,5109043,705316,746987,443059,502879,1448052,1662185,4188
1607720,1493243,1925279,1167659,236512,3992111,495915,519971,451381,513085,1410412,2339793,5216
1605080,1548999,1914189,1417496,339336,5142245,480003,503900,351174,446421,1107559,2488652,5070
1462684,1604853,1912471,1471516,338289,5395009,717493,749396,511823,504438,782065,863373,3664
1358753,1340889,1612455,1547171,353110,6097703,953146,979971,540174,571027,1787596,1631447,4297
1628072,1493985,1873390,1154687,231803,4086896,485736,512369,453914,498017,1468406,2486483,5290
1567892,1605800,2192477,1620843,463991,5546014,724918,757251,382624,487984,1040058,2250548,4418
1344240,1497431,1934679,1451153,349313,5129826,708905,735835,444257,432381,711568,901219,4547
1304743,1731415,2001111,1810775,442741,6467783,941284,984081,661759,708787,1207529,871856,3034
1636177,1362603,1809433,1191951,237880,4985287,725237,981248,509300,564039,1747558,3093357,5373
1671381,1458853,1871157,1404927,338536,4563363,483173,279486,380269,419768,1436958,2471050,5183
1561867,1477087,1863263,1408998,351861,5178800,734847,766983,380490,421957,696443,1617065,3836
1025346,1488627,1620100,1539700,350865,5461783,712578,734509,489177,536793,1106632,885642,3219
1397301,1444798,1568595,947597,226198,4758205,706037,749138,478528,534236,1525111,2501227,4203
1874829,1663245,2263208,1680891,349902,5112277,499284,521701,396930,504129,1764565,2975111,5822
1639041,1537420,1900399,1445633,343786,5221421,695004,727468,434326,441187,719791,954181,4238
985666,1397207,1499413,1423273,327463,5239149,697333,728734,455701,519806,1111440,865160,2923
1331685,1512034,1593635,974520,242906,4932456,736941,760628,543068,569694,1498187,2381022,4459
1644765,1550574,1925774,1436878,231440,4667598,270845,505505,405229,509082,1477765,2503350,5758
1595590,1502968,1864851,1436233,338162,5320142,706338,512504,403987,392845,1085542,1577707,5077
1854035,1681946,2205581,1637965,440103,5136726,707100,515946,390848,435102,1457616,3226093,5607
1240503,1680373,1980992,1511725,349626,5610276,727510,760023,536949,569777,754212,880762,3175
1039332,1216060,1433543,1200185,332522,5341910,673507,703403,475011,532071,1451392,1670930,3158
1294373,1256270,1469327,885727,236708,4595135,729230,761673,427388,478227,1430338,2348305,3928
1996985,1773185,2356828,1771081,239378,4552538,271889,730027,456143,569655,1774078,3095500,6633
1972184,1802937,2295499,1701571,437532,5829122,908868,752746,515567,503821,1104491,1596283,4760
1021476,1228409,1548149,1473697,351261,5592191,727818,760268,428067,499641,1433184,856258,2996
1627091,1331030,1499925,903708,124629,4576864,694213,716502,442306,485577,1407424,2386384,5135
1618548,1547137,1881662,1435659,282235,4650859,272297,384690,419931,519966,1481637,2352300,5304
1627607,1539890,1929481,1479289,352290,5245907,724621,516157,413310,395286,1098971,1617996,4987
1375568,1550617,2060572,1806487,449703,6019276,913775,954051,618762,672861,1626532,931220,3503
1639385,1437571,1567383,969629,125743,4581639,728625,761691,475087,521752,1512178,2393476,5331
1680980,1626042,1988870,1492948,359313,4762118,272815,284902,421232,538923,1481315,2458298,5391
1655408,1655262,1944294,1463404,339327,5144898,705384,746631,439696,414763,775832,1674877,4662
1199450,1519591,2024930,1567272,358280,5686456,740236,771217,550088,592116,1179939,869365,3074
1734258,1558666,1653652,1307557,240641,5501556,925970,956501,546526,614948,1899965,2499007,5830
1635469,1555837,1902574,1431703,340373,4588852,269354,279658,415442,512009,1502971,2449420,5247
1646694,1597685,1955113,1477483,351369,5155249,724221,757335,433001,401628,757918,1598411,4987
1334905,1499315,1880242,1400755,334584,5051789,696623,739230,459110,503511,721327,882472,3041
996236,1266087,1225517,1276694,348940,5806855,725714,758171,555911,619208,1531869,1602620,2970
1672703,1379040,1848308,1197059,126081,4494914,493997,734657,444913,499036,1433487,2445970,5641
2263477,1690546,2251422,1649158,443966,5817353,911014,729995,478829,525490,1832585,3942143,6943
1288697,1487508,1901477,1466060,352618,5416022,728367,760403,455483,510460,733918,861046,3046
1023397,1279295,1211507,1241898,345626,5331228,700146,731237,510896,569211,1539194,1691417,3161
1680114,1692698,1980208,1227215,124026,4144288,497659,759147,505080,556988,1516986,2398844,5442
1644158,1484480,1897027,1446550,346371,5265557,499692,279392,349265,435619,1393984,2335843,5256
1612051,1716858,2246896,1674702,433900,5740561,891479,944712,493506,520701,743263,950002,3923
1019125,1296563,1202792,1235198,350854,5402309,726399,755978,503436,554412,1480474,1581157,2972
1698594,1603590,2013662,1228592,124447,4215410,497941,742716,454167,517390,1493508,2486915,6014
1649672,1453724,1840815,1386105,330862,5157605,473979,281095,332869,435593,1438785,2413005,5395
1593535,1453032,1866028,1421095,351913,5150997,725968,757688,447439,427398,694609,864982,3981
1311502,1163743,1505368,1388820,345581,5526548,913565,953948,491181,541882,1803962,1678675,3975
1539966,1590700,1904335,1194143,156495,4187953,498842,656454,534398,578870,1504879,2321802,5287
1641379,1616398,1952683,1483970,355342,5372361,507050,278601,369153,460625,1440690,2383291,5351
1664881,1523235,1902975,1427061,336006,5176354,695510,734658,457648,464335,731740,871584,4193
1004454,1227464,1548116,1458614,344868,5282863,717764,751831,490744,535731,1455308,879825,3119
2019570,1675124,1953828,1501293,354599,5308294,927396,953962,603172,662986,2186347,3101007,5393
1681807,1587935,1952129,1490062,339909,5339451,495289,522850,355635,463860,1125283,2483460,5963
1838422,1500934,1842974,1410305,337654,6078664,911259,951938,530352,528629,1091511,1533586,5143
996761,1178543,1551445,1441133,345030,5144106,700343,731035,457637,512124,1468445,854405,2934
1570102,1312485,1482551,903659,124627,4595248,735492,768309,445169,481075,1444587,2374356,4701
1604276,1757279,2074623,1606956,351614,5298031,271123,278229,492564,608869,1494903,2361696,5510
1662491,1628327,2280409,1639909,443132,5714949,909971,962035,439691,452360,738790,1696383,5506
983555,1146243,1505173,1179257,350243,5185293,722689,752861,447193,503606,1426333,1583974,3063
1660973,1369164,1541368,1041080,124030,4570551,540411,733852,464816,513449,1429458,2448863,5295
1607279,1527986,1913850,1455336,333626,4712208,264961,278158,443360,555456,1531715,2441449,5075
1682506,1659666,1982935,1505487,352995,5512096,730329,760706,427425,421328,743882,1593829,5448
962915,1305145,1908572,1435022,450049,5613849,902720,941075,490157,542170,1443239,1620309,3098
1568500,1332206,1493905,1164725,124172,4665961,496896,757465,461953,509675,1474462,2359019,4656
1676955,1639098,1955730,1477301,236797,4724484,264477,503138,450354,552350,1455530,2369385,4612
1724463,1613129,1968464,1507570,337890,5371519,705172,514680,402077,419143,1165751,1805632,5942
1288894,1473819,1883983,1426790,351853,5293754,726971,757350,450812,499650,715713,882739,3162
1376978,1259375,1475906,1150673,348922,5067760,917449,949166,487713,542321,1795783,2458294,4156
1597336,1479075,1876195,1406676,230630,4589027,266040,521173,396803,504052,1480723,2408523,4690
1615264,1639197,2026647,1848658,448594,6554875,926036,737780,536114,523537,1442723,1558507,5381
1333687,1383923,1968762,1466984,343799,5261739,705341,738599,459464,519129,1116246,871831,3145
1235652,1189513,1164814,1193091,243054,5282717,726027,758622,476509,525989,1466280,1600686,3710
1617117,1504617,1879782,1175498,129299,4090092,490673,695681,445022,497556,1392083,2290187,5059
1971839,1864367,2336785,1739627,439627,5934653,705169,512253,481878,504131,1513253,2454766,6073
1359702,1387629,1956051,1484182,351233,5541841,722943,759366,515996,577071,1139905,884920,3172
1384895,1244766,1178691,1211260,231630,5198803,693547,719007,457895,511313,1436535,1663404,4206
1620541,1481669,1864066,1149958,229977,4029267,493147,522200,456334,489988,1461033,2415993,5117
1624192,1481082,1910120,1432500,351026,5295798,497296,515015,336503,421592,1064415,2332037,4893
1566262,1650205,2370518,1778818,434685,6110243,881664,923046,584447,581022,1150185,879855,4136
1278665,1158531,1128572,1160817,235670,5309602,727387,759798,454907,516868,1465106,1612576,4065
1657324,1506714,1901737,1173456,233523,4072175,491003,506025,444129,502216,1404028,2365170,5180
1605493,1510035,1862833,1391461,332915,5162791,484047,509085,353818,445118,1075101,2437642,4887
1257995,1642111,1948555,1500318,349707,5549244,721502,755439,530963,512767,767395,864051,3910
1364462,1245716,1570253,1191721,347592,5940499,916692,949990,540058,590478,1846696,2462922,4218
1609339,1533328,1867619,1264734,230082,4097945,342100,500162,461198,502842,1452508,2372490,5236
1627170,1509786,1929650,1441856,352275,5318015,499725,518508,332353,435977,1063912,2320721,4916
1322776,1560264,2329945,1721853,440718,5801664,900204,945473,557420,556600,1120808,891174,3963
1038976,1378125,1603103,1282337,345766,5645790,726275,758057,527656,585348,1546258,1614334,3039
1949381,1505206,1908027,1428660,237256,4609875,492006,739670,498251,557773,1781654,3153453,6042
1594080,1513040,1870598,1404971,336642,5111675,706072,515674,351877,388665,1089800,2449496,4517
1283251,1490323,1870849,1414143,349532,5098339,724887,759107,454502,448391,719438,864363,3793
968048,1251581,1624491,1291807,352744,5504110,712260,737572,503037,551206,1515117,1672991,3263
1621726,1371581,1534738,1169572,123033,4664509,492970,758833,477594,548240,1518699,2450362,5560
1674671,1443791,1898513,1422129,351643,4518663,499553,284413,375443,408576,1382810,2356749,5243
1623693,1667060,2261984,1647479,449221,5645292,910174,952033,437762,495122,701788,1664401,3824
1017322,1300219,1593664,1530828,351167,5509157,724044,758469,521485,563497,1510791,859263,2921
1634027,1468309,1586818,933219,135338,4721093,709732,731753,476270,533981,1501666,2466829,5257
1631046,1524192,1889202,1440253,232065,4611312,270111,513264,424060,525306,1501768,2463364,5437
7364113,2362222,10879326,8409185,1873276,16411599,3468175,3567605,626548,651075,4544243,9038972,10409
1333516,1345807,1945433,1709525,453035,5811948,908711,951228,513763,578541,1473387,888746,3184
1606868,1498155,1615877,1010399,124817,4942153,728681,761257,518953,552422,1544214,2406858,5089
1986430,1771776,2386853,1786209,466959,5443499,493943,512528,424746,525848,1471491,3135517,6188
1663316,1486357,1873918,1410830,338029,5234921,704129,726570,397693,383166,763402,1694224,5237
1251836,1386552,1922745,1475128,337431,5658148,701991,733275,473641,532371,1068351,881698,3082
1655892,1431142,1550495,1197964,236331,5282482,925583,954285,541070,596780,1816551,2393678,4724
1665223,1658250,1961077,1521565,332509,4879223,265155,275597,434471,553877,1549320,2456867,5832
1622601,1507201,1898457,1444235,344624,5305518,711693,746722,410116,404669,738230,1575558,5219
992466,1354051,1940651,1456013,343395,5284047,697596,728375,461047,503548,1080747,889080,3216
1268725,1165013,1116750,908119,231866,5140148,726883,761380,457141,499706,1452768,2341889,3699
1902828,1864267,2333595,1555645,347038,4897457,408245,485934,492768,587496,1734119,2977861,6316
1661390,1586081,1919969,1449506,336471,5433829,711125,522629,376376,395951,1112051,2534330,5640
1298833,1489335,1890011,1428636,346496,5280182,713892,747621,440147,491764,703893,872821,3042
984458,1167382,1140333,1170501,344829,5028158,696464,727070,446921,492096,1444991,1650065,3042
1623626,1671551,1932497,1236349,121938,4268338,494253,759612,528318,576640,1544105,2389161,4540
1583228,1521576,1935177,1507987,351177,5592340,499126,282708,389610,486009,1467903,2341846,5694
1603471,1706769,2262517,1660247,439611,5653982,895524,938797,455418,512104,712457,1205203,3936
998578,1157837,1143318,1165516,348036,5147718,729279,761530,452152,500354,1426631,1555980,2993
3616912,1850720,5249015,4135227,884765,10847468,2166036,2586786,562064,630859,3111413,4745290,7170
1598955,1665461,2002125,1525877,341352,5638991,495980,281462,417995,531720,1587244,2508173,5457
1990773,1856057,2366256,1807141,450551,6536286,928938,968090,592949,481556,742016,896392,5621
1194797,1145423,1515302,1434992,359973,5556725,912500,950570,481904,527808,1781808,1661826,3493
1598222,1447395,1842285,1129560,122565,3932242,494604,759975,450560,501516,1453374,2385549,4602
1633511,1668109,1989376,1519988,351660,5465081,501056,284253,407339,496973,1461491,2292746,4556
1672359,1590372,1998582,1514193,341062,5466742,701030,733317,450587,416384,708898,879989,4698
994127,1186591,1513349,1443291,351957,5253187,735606,768239,467634,506551,1448219,858386,2982
2002743,1546021,1933588,1211887,238971,4606639,706114,729297,506013,556809,1764777,3087275,5648
1635236,1536740,1897372,1417515,337610,5232606,490762,496609,348722,457455,1175274,2503587,5281
1615765,1668746,2009380,1563411,355539,5853998,741522,774609,552133,509090,778689,894433,4406
1030460,1109571,1514388,1453822,346834,5299825,699221,726899,451402,507794,1443468,863010,3081
1624866,1305946,1489765,916236,122600,4606625,687455,727285,454551,487493,1405989,2324337,5112
1602687,1534896,1954309,1483535,357630,4727678,274184,285132,408664,515151,1432506,2305130,4634
1652629,1835949,2399728,1751356,457176,5955045,931336,975916,496804,494979,755835,1701255,5248
996503,1235761,1529683,1246617,346407,5443981,725273,755551,470322,525453,1462923,1543941,3114
1314715,1211262,1175632,923165,237559,5175781,676018,695215,461387,502692,1395307,2363486,4163
1614884,1488786,1857230,1408382,229701,4129626,266722,518257,455735,507998,1484853,2411972,4812
1621982,1593895,1974844,1495775,357029,5403857,738502,532782,359786,407049,1071577,2295728,4564
1726850,1913822,2477019,2150157,565619,7026687,1132651,1182963,587399,620775,1116405,1646116,4769
1315400,1372132,1520308,927499,231504,4722140,728852,760393,476634,528716,1497201,2383150,4249
1635235,1518758,1908808,1435955,239429,4610666,272069,515722,391636,503304,1416962,2343760,4968
1614145,1494193,1832906,1370234,323116,5041588,672525,482492,342993,388888,1096049,2115165,4568
1288740,1594997,1941338,1493642,351908,5559831,727188,759824,516823,569500,764983,855614,2905
1352518,1403228,1567512,1208221,351255,5247176,925152,951784,509039,564515,1803506,2418881,4147
1613841,1539356,1864246,1415715,231664,4543683,271772,510838,408071,514805,1443946,2379956,4796
1598974,1560483,1914456,1454164,353448,5397337,730980,524103,408108,386400,1073024,1592895,4646
1350898,1415017,1982967,1497979,343827,5395435,696199,727104,497248,548492,1145232,883738,3166
1135697,1241066,1191119,1209263,272069,5368293,697885,730481,450698,492237,1443333,1573460,3418
1963011,1721226,2328884,1465262,235836,4623514,496392,747303,487654,582784,1782661,3130586,6536
1642932,1470552,1862080,1400670,335947,5197890,699118,512077,412010,391406,1104233,1675389,4867
1264473,1338565,1879823,1439448,354426,5174759,736096,769313,455851,509326,1074525,848947,2942
1343449,1271044,1228692,1291185,239496,5788419,719015,739085,552502,596831,1555757,1703633,4538
1648014,1578316,1912099,1210941,231743,4083211,494826,521906,480548,512404,1505568,2420328,5239
1920031,1778812,2314805,1478607,352339,5224233,727519,710891,431180,532166,1561562,2966077,5391
1646370,1499549,2302962,1689038,457408,5712344,917126,957572,485349,500183,1075564,873696,3781
1628709,1491469,1597431,1516731,334131,6306958,940929,760206,522777,572002,1949396,2335685,5138
1674828,1669346,1974088,1248157,237011,4165397,494959,511960,485400,552298,1464695,2394906,5562
1618589,1482506,1899280,1409590,336829,5173663,484579,511359,343668,453566,1104190,2482010,5202
1606796,1496697,1896901,1428735,351313,5205938,726376,758851,398525,438336,701919,1550951,4037
961702,1344186,1622442,1429577,463526,5683503,924079,962756,516380,573203,1494877,1675390,3007
1650872,1503377,1620861,1291449,124833,4994770,497158,761423,543698,579735,1523032,2427194,5659
1623336,1483329,1896653,1427701,350778,4559651,499927,281566,383351,439113,1399415,2328475,5163
1694831,1515773,1923555,1435448,341226,5205822,696523,732310,403875,445095,735273,1734879,4485
996351,1330704,1478400,1412355,338876,5274383,708221,739551,449951,500021,1075454,852447,2930
1668288,1649539,1996944,1255577,242627,4861943,720466,969609,551464,611321,1863325,3184211,5361
1679492,1684049,1962771,1495979,337245,5123596,487626,279046,408759,480215,1525726,2493661,5269
1561592,1521478,1886246,1453482,337794,5284406,694880,727961,410803,458915,722562,1402209,4003
1015994,1353387,1550720,1443526,343986,5105284,697144,730585,460390,512100,1088245,890727,3196
1314009,1427544,1535359,968766,229961,4752008,721845,759021,502273,544962,1504424,2408043,3952
1622188,1665791,2007965,1530699,236837,4896433,270657,508445,450596,528278,1439419,2312802,5547
1277412,1330691,1894616,1685250,463069,5682766,932754,961484,496359,543925,1438026,888306,2983
1952842,1534359,1876774,1207049,226085,5481931,919988,975688,529575,498983,1471845,2455472,5719
1568088,1566476,1881545,1437657,276082,4620232,266147,412182,404181,497567,1389260,2190373,4327
1687868,1685262,2024376,1539480,343695,5363660,696840,509116,464714,452875,1156118,1681526,5437
1318277,1412213,1953924,1485856,339606,5385852,725709,758988,484034,528185,1120388,866809,3038
1621594,1327752,1517205,1181546,233979,5302978,944807,973966,484067,552169,1740027,2336973,4807
1605417,1468779,1869908,1399321,338041,4534944,269707,280967,390275,494202,1460694,2438427,4591
1623320,1690471,1963297,1513979,347127,5610584,726113,758449,494625,469660,777982,1588993,4905
1195601,1418970,1962180,1543171,341045,5430384,689839,711557,495222,534275,1093538,890748,3335
1327984,1181281,1153032,1198204,233064,5330451,714539,752573,476188,534788,1510302,1698871,4387
1893790,1649333,2263537,1423912,351476,4569599,498629,520845,453619,557743,1748914,2948079,5696
1645629,1522245,1918741,1433885,345564,5037555,696326,729886,393676,390485,713082,1660779,4776
1010850,1510686,1981286,1512009,340488,5507808,723027,758300,553715,594406,1190512,876332,3120
1320594,1175108,1141807,909283,240711,5320818,737473,760662,474593,523575,1433975,2388501,4235
1622126,1494495,1869348,1287421,230276,4202201,311908,507365,459281,501952,1475809,2459725,4923
1837053,1589545,2190973,1642560,459959,5741733,727960,760527,392640,442269,1072095,2297500,5171
1035509,1487104,2009172,1532372,351743,5543167,713541,735385,488444,546772,1123769,848390,2989
1313068,1199795,1157055,978042,234267,5531254,717261,758803,472806,529764,1502292,2485507,4217
1946764,1730297,2294154,1714308,338392,4817726,475133,734462,463701,506293,1428074,2905910,5919
1634653,1532233,1914926,1411668,340019,4998217,485176,283879,353355,439502,1458567,2461454,4774
1593492,1596385,1907019,1455146,346037,5329064,728810,761803,461780,486289,738296,943917,3933
1016359,1494513,1616845,1527713,464498,6060450,943893,970853,523838,565226,1425387,1599627,2975
1673289,1517361,1906141,1196358,124606,4164320,485492,743288,498090,543891,1498723,2485700,5271
1589725,1513442,1858714,1421016,342062,5242818,488897,280697,344638,433788,1390148,2240655,4955
1686102,1510136,1884662,1402758,349066,4987488,701209,726511,425655,437777,692898,864100,3955
999825,1250090,1579419,1497510,341759,5339380,717401,754116,520582,569207,1553930,905865,3255
1914529,1620578,1961715,1218062,146813,4907368,730235,932589,547674,607099,1757122,2991233,6306
1687242,1593368,1950406,1443346,343038,5202826,488265,286026,361265,446763,1470237,2507795,5597
1566895,1459686,1830837,1397971,340331,5215524,717330,747138,439193,442189,703283,853035,3812
999653,1315754,1616575,1523717,346816,5480536,708436,729979,511624,552521,1459408,861394,2975
1648986,1443139,1570655,948825,123427,4783680,708161,749970,477688,506349,1511982,2537905,5938
1880233,1697369,2253511,1692013,463980,5197360,499492,519183,400154,496147,1428010,3004955,5892
1553091,1520202,1851018,1398651,448622,5506938,893286,924591,496964,490407,1056767,1619445,4003
1012783,1245250,1542241,1421108,340044,5130965,723880,764506,469462,527467,1499672,882844,3091
1963886,1769246,2046026,1309066,233251,5831326,732430,764852,535397,676195,1836679,2983047,6091
1664346,1575237,1957009,1449553,336511,4731724,271606,282071,402226,509898,1482540,2476885,5424
1575547,1551996,2182195,1624466,454575,5634796,954751,997685,420138,420165,681913,1589379,4833
976216,1193235,1531440,1185240,349713,5166062,716639,738624,459725,498098,1399597,1581549,2993
1668984,1459100,1544059,1071770,124672,4810578,545394,711386,505105,565898,1486356,2371218,4874
1617789,1545925,1928637,1507019,352011,4715012,271149,284633,442311,521676,1422483,2335852,5646
1670775,1498250,1915825,1432955,348765,5193530,702948,727214,403068,389996,714758,1679941,5369
990914,1322367,1853102,1404451,336534,5150867,715946,759911,447050,495566,1090675,867455,2935
1297446,1318493,1543818,1206902,354604,5259506,961600,988896,503682,544772,1755098,2322413,3777
1748439,1722047,2035664,1538435,234466,5023504,270181,509032,484660,613603,1598793,2562374,6009
1576867,1531836,1904553,1448189,347847,5358742,725424,519777,343428,387090,1071293,1757301,5016
1339618,1478239,1876663,1416974,350842,5132722,711022,734152,441293,492712,704650,863469,2943
982091,1153511,1122821,1146623,333121,5003528,700109,741813,434459,474154,1429490,1594589,2842
1904518,1821567,2374190,1553599,237239,4936014,498838,759276,505400,607369,1801280,2984008,5930
1693449,1613803,1969105,1482440,341142,5283150,691640,508207,444600,397245,1091100,1642236,5408
1282744,1355358,1882929,1421722,341829,5233649,727115,757216,475047,518203,1086632,845178,2954
1223307,1155853,1143896,1182044,250479,5302996,726392,747357,450633,493616,1407042,1592029,3567
1713034,1672879,1967577,1215221,144663,4204082,495159,680672,516744,571607,1516987,2434215,5387
1896639,1740394,2305523,1761452,461354,6220973,725627,519723,464630,494811,1501216,2349805,6472
1324374,1372789,1931280,1447164,350453,5216411,711675,733598,458482,502261,1063604,861625,3063
1327073,1151011,1128291,1168269,227337,5091725,701422,742460,462784,495314,1443382,1642643,3777
1575639,1509036,1885810,1179909,239431,4133686,501278,521945,453509,489947,1405749,2247425,4425
1686059,1676583,2035800,1541599,345688,5470229,484421,493561,385566,491560,1197783,2479123,5200
1557810,1540309,1863643,1436439,327074,5345479,699029,730368,491106,479987,730240,875889,4286
1350958,1283070,1560888,1487001,353474,5886104,960310,986885,529865,577371,1798827,1646185,4493
1647731,1516846,1905350,1177112,232996,4175187,488636,512417,464014,513278,1498626,2482138,5011
1584432,1648041,1949957,1506159,347251,5553552,506438,531274,377858,495441,1122784,2320855,4603
1271294,1546655,1949840,1467303,350091,5409000,711618,733463,466619,467822,708677,867991,4397
989948,1161980,1530276,1208930,337943,5216908,708416,748000,465012,513252,1475237,1658155,2984
1864076,1465981,1838207,1212557,237893,4556986,618453,726938,481000,520044,1687224,2874310,5355
1667381,1557993,1927646,1437722,344013,5153561,481232,501393,337192,436179,1077018,2491599,5373
1614120,1643154,1948448,1502765,344334,5405073,725416,758962,470876,517801,789212,1601216,3863
992426,1340538,1538987,1475813,345101,5349968,707976,729655,461473,503072,1083072,870813,3102
1289189,1356693,1527185,915733,232687,4739731,716222,758770,467486,512808,1493588,2477569,3932
2198783,1911139,2638804,1667627,350899,5121167,709258,740992,496180,595440,2134616,3610746,6130
1622593,1713677,1967993,1525802,335333,5410407,677019,702034,439898,474565,725412,1158810,4062
1033013,1414115,1578672,1473678,337876,5317549,716682,755337,503548,530422,1112528,870520,3207
1338757,1355681,1544027,930513,237832,4690325,723980,750544,449754,498068,1409564,2324204,4216
1658054,1459069,1880033,1408499,231023,4464002,265260,500225,396893,499129,1468950,2469630,4912
1882435,1704372,2256001,1681747,455467,5761778,951733,756013,451089,443422,1092604,1616422,4894
1041432,1286974,1606773,1519035,348959,5652300,712985,736796,548423,592362,1512371,874122,3096
1506188,1339856,1558504,926143,144668,4737973,707538,748957,456508,513985,1485141,2481274,4448
1587344,1518724,1889366,1438102,238090,4713159,273127,523851,398508,497765,1422171,2293639,4702
1647850,1514937,1920072,1459591,349609,5202507,706264,509104,402386,387602,1076437,1658845,5271
1318589,1453321,1959251,1492318,337845,5339811,717024,759550,489623,537180,1150306,871309,3038
1661327,1432118,1585185,1228100,232566,5650837,944347,983151,539244,607046,1813877,2325861,5379
1631128,1537245,1938049,1441585,340311,4538722,271845,283145,405342,513610,1494261,2480026,5291
1570440,1492600,1865319,1429182,344891,5164035,726846,737847,413332,391220,767677,1590183,4889
1637567,1671513,2372721,1774088,464948,5960237,942827,969174,546711,541717,1115016,853564,3727
1338340,1207809,1192638,1210748,232408,5471788,703609,745130,498395,559626,1503284,1704851,4620
2225579,1911864,2684149,1434894,354323,4732139,717786,748439,536408,663598,2170845,3660424,7030
1642249,1537675,1913847,1449525,350116,5115992,702476,727874,405077,378673,716991,1648595,4788
986319,1302738,1866485,1410141,338178,5196740,721980,761802,458501,511636,1098332,855993,2947
1345735,1326971,1208836,1040669,238531,5567098,727605,756754,543394,598032,1514907,2277186,4347
1627203,1409547,1598145,1173991,122877,4632421,456293,707318,458979,514365,1430721,2400695,5490
1871992,1692892,2262706,1694983,463964,5309411,726508,518851,399928,438221,1435246,3025345,5822
1325144,1468012,1888159,1428327,345974,5161315,695911,719431,434704,484312,705881,877841,3031
1026116,1273680,1203827,1216699,335757,5309998,707763,748458,483496,535326,1521524,1651365,2984
1667513,1524330,2005602,1249190,127228,4392219,503229,765842,436799,505803,1437587,2343030,5964
1695786,1513650,1956797,1446844,348699,4994924,492624,284138,356267,439503,1466729,2542852,5649
1556171,1685447,2192338,1626126,435412,5658827,923259,965338,469343,507812,703032,1253390,3763
1635859,1549286,1910446,1437068,336422,5339025,697701,737188,408875,400537,733821,1665650,4805
1039707,1489744,1991690,1564010,349115,5600466,722777,756846,530091,575541,1154292,863870,3081
1308846,1159593,1133912,909270,236347,5230111,709072,730873,447175,505372,1441714,2419941,4195
1594512,1516148,1864178,1398543,231575,4053604,270296,518720,463609,503715,1464541,2415774,4448
1598320,1488401,1893241,1442747,350806,5267985,726950,521975,347342,381275,1062847,2238866,4627
1245116,1688821,2402609,1815206,442070,6098977,887076,927420,565486,571469,1145228,887291,3762
1702299,1409117,1549226,1196220,328247,6119001,927238,962704,554612,564073,1516061,2396883,5227
1650993,1544018,1939494,1477830,238127,4067648,270734,513305,457424,498988,1413237,2356373,5166
1653597,1510954,1893305,1407238,336037,5128785,697464,508847,343636,375953,1096930,2465057,4938
1343449,1556364,1879207,1438487,345323,5419899,717629,747012,484052,538613,751111,873724,2992
1359320,1300557,1455423,1258406,351375,5808112,925609,954495,542181,603228,1871203,2449560,4330
1644594,1493629,1846638,1390053,225226,3921671,266706,514495,456386,503485,1438982,2407873,4847
1600061,1517554,1875992,1434389,350217,5145970,726111,522180,342767,379683,1044332,2274762,4780
1333709,1569211,1950967,1448944,344951,5181000,698725,730304,463024,514527,750244,910426,3221
955351,1339692,1246901,1293308,340899,5658256,719695,749542,534953,591662,1557760,1637039,3196
2014583,1550967,1909528,1178794,237437,4765954,713797,733155,520338,588700,1788577,3180662,6527
1611950,1405336,1828336,1370611,335966,5023213,485632,492903,319621,411978,1152302,2491044,5175
1578093,1465922,1855468,1396358,348698,5030727,726324,760277,441362,438271,706314,866174,3893
1068834,1455382,1646149,1586715,355276,5334947,716348,743697,555925,606446,1574980,877842,3030
1657157,1407415,1572121,959007,124632,4605006,720333,761601,494100,523218,1546804,2444522,5662
1647398,1676049,1965125,1516611,349560,4677770,275342,285271,444247,543403,1465345,2295474,4941
1644291,1735160,2306514,1692622,450053,5690579,914294,957797,466814,454793,754113,1682135,5214
6532904,2126476,9796830,7994102,1848100,16917243,3493494,3873899,760593,877484,5131104,8622026,8100
1984377,1825693,2049984,1371709,235459,5803335,854248,928746,563833,609994,1504647,3043566,6656
1703103,1672443,1948890,1509665,337452,4885543,269807,284164,457672,568274,1560840,2501971,5435
1675063,1654277,1973562,1519071,357448,5320805,739856,772984,453280,445276,782137,1619144,5012
1029731,1404874,1943461,1466594,457957,5742481,914136,947125,516758,577151,1447314,1664530,3117
1697830,1535529,1590730,1252079,126276,4821414,495897,762223,519618,579274,1564637,2416789,4899
1693098,1692724,2020190,1574819,352122,4830845,498162,282578,450554,492991,1488892,2377784,5801
1639186,1588541,1909815,1440092,327752,5329312,673483,700248,437106,420624,773437,1704046,5036
1300568,1515812,1908972,1449572,352880,5226099,726669,763106,466837,503286,711424,894775,3103
1319436,1276394,1484488,1174576,351376,5215303,914998,942840,481883,532894,1741648,2359359,3695
1621900,1699879,1986449,1525115,230849,4906076,267571,504368,456615,565500,1512458,2434913,5340
1591076,1573995,1916003,1479646,351085,5333029,724709,519595,427872,391167,1079589,1581317,5287
1328604,1296947,1881990,1389648,338146,4936785,685377,717262,436575,491177,1077460,871244,3094
1094561,1135031,1113781,1151469,269855,5084717,697066,727501,461432,511591,1426896,1516990,3133
1943512,1888331,2401202,1539985,236992,4992911,504538,753962,514228,624643,1823835,3119911,5890
1597732,1705767,2270612,1638709,441372,5648793,908423,736436,468907,464507,1102825,1679942,5462
1325976,1545388,1923622,1474696,351262,5360816,724222,754899,459360,442153,712599,872760,4360
1382544,1503788,2006209,1519600,457837,5307480,701318,730650,544413,605906,1855787,2412255,4130
1605228,1380653,1519901,1179518,124805,4582893,496726,761451,465898,516482,1459164,2396784,4864
3642145,2079059,5823989,4996952,1224935,12032143,2183348,2121637,583113,693072,3002611,4702458,7667
1650522,1762049,2318501,1694344,446872,5846330,911958,955746,468224,457207,725995,1688283,5592
977465,1138362,1487192,1167465,347843,5186433,729593,761671,460726,506928,1434137,1574766,2921
1644042,1322221,1511626,1159435,124779,4598398,490907,735086,438014,483019,1401674,2386939,5123
1659877,1664458,1906525,1424221,329341,4755031,490363,284042,446346,480306,1500114,2399350,4837
1613620,1569096,1958067,1479279,351307,5458605,726416,757360,402520,454501,720492,1575546,4497
1030606,1402265,1685705,1507037,462217,5811484,921966,960761,531268,584871,1472436,1660830,3254
1572848,1303269,1538137,1158980,123412,4506532,466333,741224,442297,483256,1434436,2311758,4453
1586924,1556739,1929257,1457779,351482,4792236,499131,283144,408958,450553,1432255,2318223,4851
1660234,1614679,1985397,1518820,335623,5643940,690216,719835,469352,530025,779494,1686240,4503
995134,1325638,1521353,1436388,343969,5334406,717108,749187,451615,501464,1088294,868829,2941
1622252,1542618,1920938,1164392,237968,4575087,720265,967361,488746,547530,1766371,3180006,4773
1640937,1512869,1886505,1405544,337043,4980402,482895,278310,365412,456697,1479574,2466689,4602
1588436,1619310,1946032,1506268,334575,5447594,696952,731440,475510,511213,774841,1400564,3867
1053998,1512378,1610000,1504103,345454,5431150,698704,729074,485204,544528,1118811,879463,3168
1635494,1550671,1900114,1218763,233593,4663221,727898,988261,542215,597497,1864930,3103626,4897
1585669,1545830,1930892,1454106,241964,4690586,270730,509849,407261,495705,1401137,2290996,4535
1017715,1463122,1577192,1500390,464423,5960714,944726,971648,548189,600793,1481991,1632957,3036
2802291,2711743,3837372,2642772,380911,5558776,685980,1291046,969227,1058827,2905819,4895396,11067
1595586,1584697,1897156,1466650,334621,4776642,499663,280860,414533,446136,1405686,2208426,5253
1642649,1470954,1907106,1437753,344451,5022641,696932,506030,385241,360055,1074636,1673048,5245
1337090,1302082,1879385,1426907,337855,5193176,723406,760456,461308,519499,1109720,859606,3010
1687115,1527917,1636547,1260318,232536,5460128,950017,983010,553186,623520,1842980,2357257,5636
1722665,1651642,1986629,1515717,341576,4896202,279344,288007,464059,583573,1560405,2510668,5546
1579009,1519953,1861622,1426966,344355,5236071,728437,761335,406660,372633,706087,1581498,4521
1148606,1328510,1887848,1440368,340673,5305805,696720,718544,435366,480997,1035215,851500,2940
1346672,1335164,1217378,1255748,230932,5445869,713401,755675,496890,555143,1545074,1636214,3872
1919916,1697593,2343459,1497173,345899,5091096,501585,523616,476341,610971,1810163,2980731,6998
1670788,1524772,1939450,1470217,343979,5132206,696952,727455,395560,378485,709033,1667915,5062
1003147,1353309,1872706,1399825,333123,5075937,714135,749986,470635,515602,1106970,873801,3054
1273922,1127110,1123578,912630,236824,5240333,725614,748816,456014,504635,1428394,2312554,3799
1692969,1782860,2077203,1454090,232702,4383018,296741,508942,543360,605647,1594721,2488220,5657
1966527,1757792,2309938,1763244,441591,6282999,729826,751745,412375,491477,1116592,2244594,6022
997897,1363747,1954891,1472854,345296,5349115,703284,725436,467042,514965,1081400,878957,3068
1296665,1139663,1132270,943622,229853,5272239,699125,742718,443109,510422,1494174,2406934,3974
1610959,1677671,2006392,1557737,235380,4158198,269860,522760,504142,537331,1468970,2264964,4944
1701435,1657322,1975433,1503931,342817,5368221,698929,507365,367391,385884,1116648,2487468,5660
1311103,1513678,1873704,1439542,338257,5202178,724863,760915,478081,494943,728505,858257,3247
1288263,1099665,1472477,1133600,345526,5533185,949200,982644,467657,528265,1709405,2267875,3551
1698491,1556195,1945298,1482456,233538,4338995,275609,500639,463109,523668,1499681,2416957,4963
1603462,1634796,1971240,1508161,341898,5761645,719657,511480,405621,441762,1170279,2361835,5676
1351560,1556826,1928140,1454708,343781,5225714,702387,723602,457931,508305,702959,878116,3095
1003368,1114021,1128778,1178166,334751,5137319,707896,749797,461413,518479,1489342,1636153,2956
1861630,1479574,1837246,1128315,148539,4517478,725002,916629,490824,537957,1704462,2917027,5422
1684852,1717823,1998137,1529999,329707,5435978,471658,278500,406442,501308,1497981,2415545,5419
1614632,1572361,1932794,1488815,340214,5380062,723852,758222,479152,451549,725012,852433,4117
1319358,1353121,1949446,1749407,455528,5862055,935672,962729,512762,508936,1403230,854333,4046
1637073,1352904,1518462,913252,122969,4652167,697285,738666,461679,504775,1485460,2451672,4725
2255739,2294808,2844470,2161340,570200,5681996,510029,531778,574330,667764,1919447,3674284,6539
1524998,1517502,1959990,1497305,337775,5261533,687704,713522,484073,459207,762253,884950,4733
979581,1132746,1457295,1382098,334675,5090818,719509,763106,437760,486335,1461666,867107,2887
1583807,1336622,1521975,938373,124827,4754002,729002,761275,457694,502304,1418235,2255943,4389
1649276,1625803,1952896,1472327,336870,4722187,272152,283371,428003,540734,1492262,2403588,4571
1665937,1932119,2375212,1809005,451834,6118914,958698,1002067,527310,517461,786960,1606857,4985
998588,1122746,1541612,1204668,349927,5290634,723017,745295,459007,515222,1424378,1607191,3072
1653606,1323103,1519204,1041098,126393,4633428,547230,745642,471179,519687,1511501,2505658,5438
1619669,1469794,1888495,1419205,349130,4605673,275182,289632,385263,498903,1429258,2320871,5029
1639440,1767359,2046267,1588189,348547,5583672,702677,728055,475773,433077,770171,1645774,4954
938651,1296422,1905416,1466739,333787,5346352,717154,762543,489217,536749,1140122,863276,3058
1606868,1290039,1502763,1165636,236032,5202509,728567,1001325,492359,544657,1749598,3019309,4797
1641903,1536584,1923147,1454929,339010,4563552,485280,282393,391554,441282,1493434,2468694,5105
1582055,1545238,1890138,1439601,340980,5088199,727455,760395,401599,394938,725670,1606407,4289
1078513,1581153,2066786,1574358,348192,5646804,724368,746134,535547,602543,1168960,877969,3252
1337810,1169972,1164618,950669,230814,5195598,692872,733789,442427,494548,1460821,2436344,4014
1917852,1677657,2266961,1705466,351249,4832495,502492,523022,462172,507345,1817454,2999956,5620
2020264,1824144,2408700,1810475,455732,5359114,710580,734527,496181,538063,1117460,2419144,5638
985423,1492359,1572988,1540528,336190,5663241,720602,764035,518368,567510,1132179,857277,2957
1370611,1313680,1501066,972306,237026,5098927,728194,761246,508055,544883,1447734,2317332,4150
1661359,1541720,1905764,1418553,222693,4069130,270059,506563,452216,502872,1437342,2420265,5424
2439478,2219932,2948041,2253749,574269,7981064,1213279,767421,409925,448034,1687159,3228136,7014
1418251,1957466,2136655,2004502,452509,6941312,940779,750048,517772,568731,1596882,1602172,4485
1340753,1453008,1572617,936878,223464,4905343,691685,732519,496962,564921,1542729,2465450,4362
1605738,1531016,1898423,1449206,236870,4713030,276909,527797,409397,505391,1439442,2287790,5041
1712943,1705749,2014682,1547310,348383,5427258,712814,514269,437857,419222,1133613,1695006,5314
1310762,1517731,1845100,1409355,323728,5081709,699049,740240,461061,498344,772409,869909,3026
1352796,1587018,1648375,1293059,346199,5442769,954970,998542,581722,625270,1824333,2299323,4548
1710566,1579684,1952768,1480499,225259,4649025,270381,506000,444266,519160,1501663,2451476,5602
1577969,1527022,1842503,1406427,335081,5184014,718423,523344,405279,393141,1069857,1562017,4607
1338919,1422464,1968300,1500436,348770,5327975,725570,748511,476708,533136,1107935,859588,2931
1338070,1330016,1231707,1274708,230518,5510789,702769,744787,529529,574486,1539407,1653731,3703
1853522,1738521,2303713,1483659,279968,4698118,498858,628988,508820,613170,1826826,2935289,6662
2043347,1775832,2331459,1751833,342484,5214881,694063,702460,470345,468510,1430460,2325570,6765
1304615,1339038,1890312,1453627,334657,5177451,716064,760994,464943,523759,1114732,892365,3124
1320197,1202108,1150150,1190914,235286,5243238,728896,761704,458541,511545,1415571,1570720,3895
1726211,1737394,2037951,1302700,231049,4305034,482438,502104,512094,581405,1582014,2477389,5702
1921084,1665737,2238296,1689582,441818,5754173,711409,745915,408403,458517,1088829,2350468,5811
1138512,1383537,1938351,1461767,345334,5284601,722862,747681,458732,505812,1056160,869417,2998
1316508,1150031,1133268,1177559,228268,5182866,701552,743383,454943,499114,1489931,1651333,3707
1596138,1699186,1995196,1295155,235898,4416850,498859,520003,512498,572186,1496578,2293514,5010
1737261,1658787,2019906,1560140,345429,5505973,488515,510819,399581,483840,1134528,2492563,6166
1343184,1494430,2245607,1669072,436688,5715741,945582,1005128,503859,499109,1105654,892235,4139
1321582,1116493,1096941,877498,234437,4978458,693169,724973,424899,474009,1329185,2195049,3819
1659699,1593555,1942260,1370118,231474,4203743,296976,508491,484937,525707,1519066,2413545,4631
1672124,1680896,1999370,1523280,340814,5515268,502492,525193,395790,516400,1169753,2362080,5550
1315019,1564286,1942431,1472639,347041,5175028,723925,746522,443563,419862,690683,868145,4307
1005639,1148037,1535224,1180796,333624,5203013,700332,739636,458880,507790,1505226,1671948,3081
2201605,1671870,2188009,1647264,336607,5106928,487595,750325,500696,615763,2089589,3556536,6011
1683300,1725803,2051682,1584500,344635,5576696,702358,502153,401972,432477,1146621,2480086,5941
1724852,1896933,2363279,1819054,335910,5535107,716819,983307,610535,654283,1174950,1648571,4910
987623,1217090,1491964,1192745,337634,5362316,710181,742752,480131,520913,1405902,1599556,3037
1674909,1341073,1552219,1200054,125949,4689484,489142,733558,443291,503076,1470734,2450163,5175
1902836,1867392,2334756,1775830,442512,5434562,712677,506519,463305,500143,1545863,3035578,5129
1381421,1687127,2025223,1518205,345755,5395283,719249,741656,487902,547173,751460,876040,3269
993724,1160742,1147287,1161489,331198,5051449,699605,743315,450468,512216,1486732,1683015,3135
1662455,1628834,1947669,1245834,125884,4557726,503195,761607,486171,513753,1489042,2314436,5167
1598020,1521948,1855412,1396403,329919,4487738,487385,283001,387958,427650,1390799,2273749,4536
1677561,1876393,2351512,1787870,441445,6132217,951413,1010967,507077,546503,740370,1625815,3998
982346,1172191,1145862,1216202,341669,5411070,718737,751173,479326,531405,1440769,1546306,2973
1662197,1530905,1930558,1161990,124746,4017116,486559,731919,445495,509977,1476590,2424092,4877
1601710,1515079,2382596,1821843,446275,6551073,724077,518007,476502,583850,1950977,2315143,4642
1668630,1724646,2024274,1559702,346244,5652038,721647,745680,514606,505494,753804,873657,4300
988492,1299648,1467976,1423961,313643,5379559,661124,697931,493512,553733,1255634,891897,3250
1592721,1587705,1917812,1205573,237447,4678471,730544,1000148,524511,579571,1818751,2988057,4879
1681828,1549574,1942197,1455762,341015,5258000,473541,281871,356128,444239,1450845,2373627,4782
1593346,1575215,1881258,1435482,331862,5161581,715524,759307,483927,456396,689359,855319,3706
1407021,1599941,2055397,1591807,348612,5836487,940944,981828,592212,645921,1856647,1549130,4190
1668600,1329074,1540320,907302,124614,4631660,699359,731117,452630,504503,1491706,2490211,5572
1881232,1671286,2244160,1672255,416720,5007255,498559,344604,403181,516749,1853760,3065467,5419
1628869,1592864,1934801,1449000,345723,5217476,719254,743230,454506,435787,693105,866992,4021
939537,1243672,1579241,1525590,333006,5531836,699938,741482,503395,558265,1555869,883089,3028
1638444,1459417,1575232,944841,122417,4798978,727482,762674,503387,573430,1496486,2300141,5244
1637016,1568865,1924189,1467862,345355,4561453,269257,283426,388992,490862,1456024,2449673,5471
1695089,1670611,2224448,1680233,436938,5619715,940061,999020,456232,447681,707267,1630616,4715
1043665,1218873,1577972,1537792,350259,5378386,734983,767696,490323,535462,1460454,894233,3202
1759344,1518338,1633421,981415,123002,4733753,704084,736095,521135,581417,1587056,2535418,6311
1580839,1551245,1876178,1441736,338390,4594739,268497,280333,400288,519903,1498439,2338417,4875
1625703,1581815,1940692,1467601,342045,5126857,711269,736126,403429,386879,704598,1597153,4646
978008,1342843,1860821,1401000,431538,5666228,906958,962753,519414,571155,1484623,1657235,3066
1630424,1584095,1644652,1250373,123588,5010626,518332,760083,527402,568653,1508492,2313212,5546
1632438,1572444,1905428,1467597,330842,4624131,279562,282953,421465,512752,1394555,2325046,5539
1633203,1510888,1885541,1424120,336849,5101419,726100,521652,355547,385302,1096907,2369099,5049
1306728,1587409,1947121,1476833,450108,6080474,942338,972858,551027,596823,1080485,1538931,3056
1043075,1348479,1233536,1291367,332615,5893318,696191,730305,533340,601620,1592812,1669764,3146
1897967,1693431,2254114,1471005,232925,4677056,499884,760783,493633,609864,1865585,3082260,6687
1647667,1600106,1933317,1477422,347469,5225252,714008,508472,389272,370838,1038478,1627512,5094
1291666,1533059,1873328,1413701,324921,5149522,691508,731475,449990,501552,784303,868892,3069
1010760,1136662,1131742,1200375,348178,5165690,729117,762303,457133,511033,1429658,1560462,3072
1727429,1822171,2076844,1305935,123118,4333853,483730,729292,516008,577805,1561017,2472592,5568
1926378,1727273,2266109,1692098,438744,5927426,715554,521511,413128,464528,1515602,2359818,6255
1303873,1364446,1961426,1499208,348992,5335526,727958,748391,451766,509124,1070337,879104,3077
1340422,1150379,1141506,1200457,231061,5265508,701872,734535,459952,520724,1507136,1673833,3912
1518111,1630556,1932804,1228682,168861,4333527,500033,629452,509876,542869,1450834,2212360,4995
1689995,1665292,2042443,1575378,345714,5550483,490664,282119,357103,472472,1515776,2445438,5888
1644219,1567066,2279454,1705573,437244,5854812,931083,990102,541295,527702,1118365,883467,4103
1308323,1177521,1142876,1199536,235252,5358533,727865,760785,471901,514732,1438163,1554370,3747
1669432,1646556,1979536,1261257,233575,4233293,485328,509716,493127,538364,1521112,2437005,4704
1920882,1658777,1952494,1474382,336467,6019065,725105,758430,462693,593117,1549017,3088334,6072
1474889,1569846,1955139,1498702,346881,5352501,727616,751616,448574,429573,705953,856571,4275
1326848,1182959,1583038,1462091,319709,5970276,881557,927349,515061,578309,1841253,1737037,3924
1685195,1657372,1972906,1499487,337220,5250840,700856,735300,445679,483156,772636,1665195,4082
1016943,1439234,1589497,1538971,344206,5604448,727040,758264,541162,589624,1160415,889552,3191
1355150,1403449,1535945,942930,233202,4618289,712065,736722,476705,518191,1454662,2401054,4051
1665644,1493665,1859565,1400635,227557,4444583,268898,515990,384242,492534,1471771,2466869,5332
1591569,1594568,1931932,1447281,346289,5127136,499036,489687,343970,438220,1150628,2285012,4818
1665540,1671684,2338119,1741241,440225,5813166,903741,945502,565571,570499,1163408,866824,3770
1324889,1281366,1200620,1229859,232327,5100620,728657,762017,488808,529184,1519655,1595113,3958
1666040,1592439,1997947,1248737,240905,4229439,506514,524462,476189,525226,1450610,2340194,5273
1648479,1566657,1891706,1417648,329457,5106208,487519,514662,332553,443753,1077372,2439536,5117
1303559,1498793,1865185,1428857,346758,5039033,727202,760617,443487,422153,696074,862045,3842
1325592,1302019,1618044,1350751,344326,6133672,921354,954586,595203,661527,1924380,2374591,4604
2088550,1973026,2421773,1604226,333763,5370652,492356,525704,479113,681792,2026341,3216766,6770
1663597,1595343,1944026,1487926,343100,5331881,491963,514378,372828,480114,1115484,2269784,5037
1362727,1646332,1981248,1498249,339990,5218540,703670,736088,497073,475753,768517,879419,3785
1061969,1348193,1584958,1255658,335821,5493851,719076,751668,535352,599896,1553043,1580723,2972
2025863,1822050,2042685,1579564,239348,4906779,501854,750013,566611,634015,1876743,3115003,6638
2057101,1791096,2338678,1733221,334589,5153939,690691,731210,431520,506985,1519011,3224482,6110
1329050,1695401,1958026,1498938,340296,5303414,711824,744520,506923,474805,766173,886613,3770
1010921,1215839,1549042,1208806,346008,5201648,704563,728700,462560,520518,1474964,1663679,3086
5943105,1862077,8111496,6290850,1234180,13625716,2676338,3414154,745090,861139,5455484,9478281,9205
1787641,1665315,2016467,2048402,576290,6746610,1011145,861206,447429,514582,2305879,3423154,5543
1650453,1711100,2328295,1722249,445578,5721224,913591,955085,457839,507141,695884,1657827,4242
999673,1178481,1152283,1188201,340467,5243203,727890,758946,434010,491943,1463619,1608510,3146
1600386,1539989,1733299,1243350,124126,4845788,474176,723944,505711,566141,1474886,2269625,4864
1630812,1572716,1985343,1498850,336686,4882791,491498,288506,423462,474664,1509521,2488125,5792
1656903,1671186,1945243,1498017,349030,5477806,731986,765069,443724,494443,764301,1595023,4200
995110,1422844,1561361,1492455,457566,5734785,924064,955231,522507,583746,1463559,1613216,2949
1596055,1515908,1884988,1187487,124497,4154328,494572,762427,458719,498941,1482077,2400611,5094
1658510,1791935,2076448,1603245,346916,5756548,498639,282062,433334,544180,1516943,2288441,5577
1717599,1642065,2002788,1502925,338895,5286675,700266,730892,409232,451919,717721,1075834,4503
1000700,1280053,1504640,1399615,340757,5113705,726864,757765,426481,475809,1086971,883685,3109
1654901,1592923,1941127,1187739,235069,4550768,721091,973476,500931,557878,1775061,3082106,4900
2056105,1952702,2401762,1798966,332408,5548071,482846,497313,478135,591833,1966843,3226161,6347
1606231,1538012,1983425,1495063,347159,5545761,731746,765324,480392,482967,717367,877955,4601
1011634,1234683,1584967,1508278,345617,5287894,701637,726772,477572,525457,1476315,864228,3041
1288322,1176746,1146144,1000528,229481,5127284,727260,759839,453961,512373,1487660,2250823,3715
2012913,1850506,2383988,1555281,350618,4873244,436827,489855,488572,579708,1775401,3001441,6449
1722737,1736548,2050618,1552942,337127,5668329,701604,738287,498236,478230,812021,1695209,6168
2808625,1704427,5049932,4357824,1094343,12444082,2421809,2675695,601176,680790,2807188,3101557,4710
1311082,1099516,1110820,892789,237314,5169451,713806,736567,427834,481167,1407735,2371109,3775
1633247,1540733,1924417,1454768,230902,4128270,269698,515831,477142,530420,1522688,2472010,5174
1695778,1722900,2032436,1579996,350556,5660261,708976,524778,421613,470024,1145240,2300654,4986
1324691,1550439,2359226,1777653,448662,5754124,899268,942387,499169,511219,1110840,877234,4460
1294211,1196311,1147608,935296,232074,5254970,727485,762939,461441,512695,1486718,2373375,3945
1635261,1508007,1897936,1430015,231720,4051502,271138,516962,439875,496048,1392732,2317625,5125
1710960,1464323,1864978,1390041,336475,4925927,697054,504060,332264,364937,1090792,2444444,4751
1309450,1611816,1951038,1520121,345424,5667847,723686,757086,520338,593633,765008,867643,3108
3556362,1345183,3113855,2354962,580755,8666713,1817108,2169500,700761,800266,4145273,7282687,7346
4947043,1896789,6773459,5345689,1215890,11912589,2240648,2543380,601933,667580,4369096,7579616,8436
1943456,1542451,1944350,1496715,351885,6229614,945150,747688,436616,483621,1450249,2918893,5699
1416247,1823473,2082034,1595694,342063,5622271,691328,724320,547122,591698,821807,906939,3365
1001888,1247657,1177059,1218735,338619,5537819,727415,761266,460314,536926,1525812,1637346,3106
1945410,1776145,2346380,1457711,237701,4602055,501750,754182,464294,576065,1776589,3078317,6325
1601687,1561718,1899936,1436022,323690,5264961,672408,480080,349753,372184,1094826,2072338,5129
1295881,1464181,1839772,1406454,345890,5216869,728435,759128,429230,500333,693850,856098,2967
1053748,1342171,1231280,1277347,349946,5588543,712674,734784,545587,589412,1516304,1664491,3248
1663153,1588586,1908243,1212899,124677,4252485,488739,749205,469768,535259,1510356,2479611,5441
1625744,1523514,1930537,1460339,349990,5177911,496729,287340,345098,425264,1422285,2310987,5091
1612675,1721649,2305440,1683254,448080,5601827,914368,955116,447293,428022,699346,1684235,4853
1015021,1277012,1575627,1385618,344128,5586140,730213,760836,511905,575699,1533514,1389421,3002
1704528,1396068,1536416,922844,124671,4678084,719508,741609,427091,484378,1397773,2388970,5607
1624961,1558534,1917110,1434386,335211,4560776,268743,280989,418169,529653,1485740,2454477,4965
1574721,1586824,1905636,1442694,350236,5274671,728565,761612,409567,384504,697589,1559143,4390
1001124,1364983,1919318,1437879,459551,5520793,923420,957586,507235,557721,1451680,1626145,3015
1643791,1510847,1602685,1275756,124759,5026917,496971,760440,554343,599512,1547178,2458016,5847
1617836,1530661,1927965,1465717,349826,4743228,474960,281976,402540,500128,1429596,2310898,5183
1670846,1483515,1902591,1412621,438758,5895332,898316,938882,468328,458116,1068119,2346569,4663
4059905,1564943,5338274,3847890,882578,9702819,1757755,1919836,607898,717623,4198662,7330565,5797
1661319,1525336,1649292,1304190,236599,5482289,721052,974140,561466,604031,1825920,3115812,5304
1657767,1531880,1959198,1497177,332153,4840300,487218,280672,448555,487072,1542849,2480752,5802
1607782,1543755,1910698,1455726,349038,5245573,728697,761506,400889,447299,710613,1601142,4212
1014969,1397927,1615343,1459588,346671,5180850,705452,730478,454843,507854,1070625,878658,3098
1258873,1177004,1159518,929340,229975,5070441,698919,740798,460390,507031,1435259,2321843,3481
2023241,1948398,2472639,1616884,237882,4984846,501514,751467,518814,635707,1876237,3098210,6803
1719144,1543434,1959864,1462625,340070,5463558,708770,519790,422060,405599,1124915,1692034,5362
1316076,1388701,1916018,1471622,342209,5491434,721500,753106,477223,522735,1103905,885815,3131
1334154,1212240,1165721,1219392,237760,5253773,713690,736281,462409,512572,1453462,1631878,3834
1637637,1654916,1963046,1265869,228693,4373096,490747,518255,514395,579176,1560701,2426359,4724
1640077,1611092,1925029,1466842,335269,5403371,468925,349666,367834,487048,1335377,2225427,5426
1627510,1468124,2296962,1679297,453233,5511489,913104,951703,478572,503175,1088284,868432,4042
1318575,1142416,1137445,1176156,231858,5083951,724926,759545,448624,508111,1463840,1617044,3719
1649706,1651657,1942392,1215010,235503,4142259,488843,505767,481986,527318,1421161,2294619,4542
1756225,1642248,2393624,1778296,430031,6031030,678010,714582,459609,572978,1540034,2539051,6016
1284101,1529363,1880395,1455793,347670,5220646,732140,766711,463165,442534,696389,875567,4010
1296330,1131330,1500710,1333600,336893,5589474,916722,943840,492026,545313,1771953,1973408,3938
1617323,1513046,1858323,1163496,230270,3950270,489672,516603,450079,501568,1468644,2417503,4502
1631219,1730984,2047886,1596336,350446,5712393,502261,524993,384495,490949,1110072,2287414,5442
1370021,1632485,1970921,1481802,344236,5285909,701459,732913,498208,475894,714847,853215,4597
986342,1315569,1496704,1406344,345322,5108312,730084,760898,435799,489882,1058828,871377,3115
1629456,1542911,1907388,1180340,231777,4432033,705462,958509,502268,549308,1754135,3070984,4583
1637835,1725907,1987555,1510065,336758,4932452,485655,277889,461198,510510,1544872,2484262,4873
1675073,1578959,1963200,1487161,352658,5450507,735528,763959,434885,492494,742439,1635887,4803
983425,1340949,1535032,1459873,347686,5117964,705057,732245,441035,498250,1065177,845653,3019
1295630,1299120,1495735,915349,231368,4552985,723378,765684,455691,499866,1458766,2392399,3786
1937099,1689817,2303100,1703384,349506,5153451,499246,518761,396759,489276,1753472,3004689,5678
1666755,1786926,2071908,1579776,338843,5560111,697772,727423,535399,509500,776036,897314,4604
997733,1324685,1516238,1447541,344386,5241815,726195,757040,470713,529826,1392977,868646,3069
1657467,1668425,1996213,1250400,348594,5209668,941792,970723,546936,543585,1478270,2350993,4859
1635426,1498761,1875661,1402245,229340,4509252,267809,512228,393653,489874,1468644,2481782,4979
1886257,1860828,2351124,1791296,454566,6329160,945858,751422,540666,537808,1138486,1574378,4584
1374120,1430801,1985877,1731357,451294,5978784,906570,937139,507345,572874,1461213,885652,3136
1621088,1406557,1516856,934950,125970,4598148,723312,766179,456478,491700,1493062,2432447,4969
1606090,1519991,1923234,1451271,341873,4487202,271890,297194,387275,486760,1397499,2319488,5079
1636513,1472105,1856732,1400923,319677,5041031,659111,533932,397866,390551,1001503,1534309,4900
1324091,1566254,1983117,1524972,343613,5481526,726212,756499,510631,555658,1132146,867377,3014
1632060,1314602,1492070,1177297,236222,5130672,930220,959367,519691,570977,1775332,2350657,5090
1642779,1493372,1873837,1393841,334003,4344152,267037,279071,401721,490926,1468848,2441586,4664
1592307,1496561,1891791,1443374,350765,5332109,731231,765912,395214,375203,692300,1588447,4961
1019647,1448392,2014893,1533201,349636,5361349,707604,732400,507534,556133,1156068,876702,3291
1329601,1287457,1179130,1140933,217052,5349831,691264,732326,504101,568557,1485786,1870053,4330
1918174,1731371,2317487,1438193,348519,4519279,500659,520227,459574,554932,1762025,3018678,6050
1650734,1592711,1920972,1434578,335438,5075867,692588,722651,409130,392266,708275,1664444,5078
1000635,1418468,1906452,1471456,343463,5195773,726957,757815,492615,539752,1121040,847778,2898
1354103,1354086,1228907,996446,237314,5581330,717703,740139,478036,520132,1462122,2412168,4553
1630293,1506588,1890525,1427726,229843,3972801,266426,508005,454359,498827,1467406,2485085,5314
1583381,1495052,1850860,1410526,334750,5082865,623629,519966,330761,412695,1010423,2208751,4876
1394632,1629808,2417714,1797055,459750,6043457,929635,966776,540629,519396,1091093,916630,4543
1336522,1291128,1229394,993114,229908,5417944,719713,763939,555658,595932,1595733,2465428,4707
1692866,1601650,1959119,1467783,235589,4033053,266789,516279,458376,519399,1426145,2347009,5460
1651556,1542822,1914324,1426739,338099,4970048,698012,504496,343570,383990,1094423,2486194,5299
1270229,1440205,1836802,1403672,342160,5006108,726265,761666,434295,489266,692869,851415,2880
1348092,1338145,1356620,1244297,348475,5821807,947476,974831,549763,608435,1818395,2365364,3993
1633712,1568558,1941454,1476215,230736,4120406,271318,513394,485753,509060,1487245,2497879,5671
1587848,1508742,1886515,1442501,349829,5154199,727404,520924,344023,383518,1060170,2294515,5134
1347372,1522808,1942480,1467369,351296,5112831,713472,740008,448848,501653,695488,853559,3071
995834,1162842,1149404,1170476,336015,5115625,717731,760173,467205,522086,1505263,1639657,2965
1941593,1990770,2453337,1589090,236179,4700113,499205,759455,619508,683042,1895421,3071441,6575
1675611,1512403,1896690,1415079,333299,4978108,690310,496442,339412,378074,1081660,2430244,5282
1294333,1513784,1844785,1410120,343240,5046390,728595,761278,451861,505918,687623,860988,2971
965867,1140145,1116414,1158682,350437,5119674,720063,741754,435758,489610,1423523,1607690,2986
1655222,1711989,1960212,1230715,124669,4106877,487051,737291,511232,569456,1543250,2422318,4880
1896763,1737209,2289055,1728877,461328,5835763,727950,522797,396269,424895,1426200,2312551,6541
1673695,1728299,2330670,1751254,446144,5935080,900629,933139,522694,512739,1007656,877840,4252
1043525,1182865,1163173,1195265,303186,5190211,695156,737667,461008,507680,1432618,1543663,3081
1594520,1605782,1930386,1186255,123181,3933232,494307,754885,464823,505557,1409697,2267824,4437
1636586,1690858,2016052,1535573,337972,5415787,484862,282116,409353,498731,1543604,2496160,5582
1603704,1492666,1865314,1431396,338597,5155018,718791,749401,439261,437284,703742,858914,4099
1325519,1146602,1523189,1433601,350309,5561628,945041,972510,485981,539218,1769724,1614129,3793
1648381,1473256,1870452,1149751,229501,3988099,488334,516425,439454,493954,1461616,2457806,4864
1583353,1696482,1944148,1504569,334985,5531242,469230,356991,394410,496065,1381333,2192744,5006
1709910,1598782,1990194,1535071,349847,5381245,709624,735995,491134,476363,734935,867283,4564
994527,1157388,1540927,1460764,339246,5344310,725234,765636,461665,522654,1496548,849151,2932
1917717,1509764,1862366,1198334,236144,4605719,687757,716304,496789,550143,1699399,2903290,5707
1676108,1710111,1968000,1492808,336219,4765521,486657,284454,455825,512321,1555338,2455346,4681
1636415,1669150,1989220,1555121,348962,5485350,729859,762692,471046,494266,738527,1605183,4473
1032688,1507319,1811384,1509095,343077,5318248,696668,718818,497119,546232,1110636,871656,2999
1256070,1130975,1110644,919326,230028,5138760,712084,754242,457311,514804,1486792,2426732,3735
2125054,1760998,2594818,1909340,461055,4485961,499245,519647,466676,525638,2063486,3619788,6122
1722392,1603748,2001974,1527754,343149,5460131,698315,729809,468690,509333,790139,1705100,4549
1327871,1565997,1903153,1724641,442833,6146109,943724,983936,454778,518811,1092964,1587153,4243
1310497,1352104,1537432,922191,237566,4576407,726511,752190,456026,502024,1423682,2347630,3859
1658176,1618664,1930638,1202599,206794,4146590,489990,567748,491157,537213,1521693,2505745,5208
1635729,1671600,1951825,1508283,348609,5395271,502053,285386,419068,508247,1471228,2252695,4545
1812142,1503229,1912307,1191673,235017,4565516,723364,755836,520601,586937,1816415,3066217,6391
1682534,1556724,1935861,1459667,349857,5072778,490125,505522,350587,441153,1086336,2432641,5382
1322959,1455362,1845771,1400358,330046,4969989,698256,741678,441894,428478,696498,873498,4235
1002982,1155897,1529117,1183520,348665,5092565,726231,761571,455419,504460,1417219,1565577,2962
1723157,1618027,1684122,1238999,125378,4889369,510986,737195,524573,586668,1580675,2493330,5553
1964298,1630553,2245771,1669489,443073,5148383,511950,527687,402739,501393,1446517,3119335,6286
1329304,1499250,1899838,1439392,344132,5183929,717693,738271,431257,419926,697719,870005,4326
1033415,1156885,1517477,1176860,336631,5154379,701564,741022,439431,502994,1473299,1682271,3213
1575476,1355310,1531718,1204485,123726,4723072,479226,739973,502867,517830,1433278,2247589,4865
1672222,1551999,1976127,1514021,349363,4740082,492866,281131,422881,464318,1489698,2413074,5604
1609686,1701887,2261715,1680823,442006,5611242,930928,988401,459866,485060,718814,1642660,4095
991356,1163157,1415583,1145367,329788,5167085,685418,716259,450046,493151,1347805,1566642,3130
1679800,1429313,2017566,1533193,224610,5498470,685621,941352,559683,613542,1895993,2491421,5252
1670998,1622534,1962686,1483718,235527,4759987,268704,520947,455573,576306,1533446,2405794,5816
1688528,1523527,1923501,1457355,345055,5326021,710967,512001,384305,379565,1048458,1626887,5764
1300906,1350488,1881669,1673682,439696,5643859,919131,976682,513160,569966,1486395,873522,2925
1566268,1355086,1519286,920527,124791,4487244,727069,759296,473789,516166,1430874,2256910,4367
1692680,1775856,2011976,1551748,266338,4958634,267991,411629,465908,563643,1456040,2363769,5786
1641517,1579214,1924249,1469580,335856,5221876,720875,521636,417655,368339,1099781,1651040,5111
1273246,1365427,1905054,1441735,349317,5252420,728329,756623,446654,488511,1054383,877463,2978
1303146,1098128,1120974,1156681,226671,5057355,691341,722577,445365,501492,1467876,1637976,3733
1928689,1678240,1953193,1508290,238831,4830251,504214,766386,552526,605720,1851636,3032875,5776
1620684,1554706,2009206,1531445,349155,5445198,712467,509908,378275,424309,1127621,2450354,5921
1306640,1558877,1881121,1438407,318053,5229857,676300,716530,466301,453329,750512,878993,4051
980266,1166598,1523060,1208633,349686,5143135,727920,759360,456447,504590,1426013,1567787,3046
1672274,1314638,1512602,1161240,122791,4460732,482453,730548,442445,489874,1455382,2433235,4514
1951209,1917764,2377421,1784242,448812,5544312,731029,523890,459285,518923,1571086,3129071,5966
1332337,1502983,1929416,1457259,348800,5180471,724405,746527,459579,502965,708784,872472,3124
1005938,1167987,1122672,1166207,335182,5109066,700313,742109,456471,499348,1491137,1664423,3011
1904506,1504665,2110652,1434015,228663,5208711,714689,986262,505802,573159,1420976,2273929,4646
1689366,1691574,2051253,1560794,352703,4907306,495611,289162,438345,475938,1473032,2399883,5150
1588277,1659835,2305666,1727786,440686,5778818,935644,993054,485331,534362,753491,1661770,4351
978427,1117946,1108448,1184560,349602,5185206,727109,759824,447092,495114,1414595,1573895,3004
1666583,1489845,1903937,1160638,123913,3985882,485184,729966,434318,495148,1449503,2442722,4704
1605198,1560703,1909037,1449969,341166,5257047,498797,280040,363872,450514,1474973,2384565,5028
1685051,1666750,2039744,1562011,349633,5508771,721432,746237,475892,515612,800745,972684,4244
978815,1347357,1526606,1439076,439089,5562359,913083,968631,502291,564974,1487376,1661144,3103
1580750,1489855,1874713,1182105,122895,4019226,498129,760637,446599,487712,1425664,2307012,4874
1740068,1488668,1929438,1463815,342726,5282515,477436,287652,335529,430753,1408822,2401097,5812
1617061,1617171,1964779,1506579,334242,5389636,711463,755933,507517,500181,760305,908644,4570
1032588,1260545,1586683,1480014,350008,5352717,729221,759819,468095,538875,1458314,885566,3170
1574543,1340624,1527800,917469,131191,4408238,697945,729255,452295,501089,1469016,2471775,4840
1854881,1643600,2188344,1626527,351524,5014717,500017,467357,406972,510259,1802850,2996878,5583
1969347,1837057,2362923,1769957,460333,5392428,724010,746242,531281,542682,1091879,1587234,4831
1040112,1259083,1608531,1538908,329908,5502494,692022,732783,489408,557019,1570037,887976,3299
1602188,1304905,1481463,916774,124366,4670426,726488,759168,444103,497131,1415853,2310128,5002
2007562,1759551,2333256,1754386,454826,5309403,476702,491678,461274,497195,1432732,2422923,6096
1822445,1718247,2229231,1660866,428583,5618941,904916,959088,460362,449927,734310,1667796,4656
1017773,1323915,1632620,1606424,349828,5704942,730234,762021,536032,583401,1505168,884700,3165
1703788,1521327,1609480,957978,125372,4721045,699411,729036,485910,556936,1536446,2491003,5338
1578639,1517038,1883516,1427164,336835,4563683,268079,282103,397929,508191,1469573,2351626,5008
1639104,1509353,1915081,1440418,347754,5170766,726161,750266,390826,377687,701294,1616101,5075
1348599,1622323,1936101,1722695,439333,5850504,925304,982222,542736,609256,1151879,875236,2995
1302278,1218764,1317900,912951,236485,5342585,696326,729214,490012,550599,1446052,2224488,4356
1694134,1573340,1935056,1467518,236437,4041720,273435,511169,452108,509290,1454421,2475352,5350
1613960,1484037,1869579,1426554,338269,5206515,726699,527116,356775,376620,1097047,2393759,4820
1298260,1580244,1979114,1510639,349080,5384978,729654,757763,463194,522735,723548,863609,2951
1050564,1376506,1229590,1278303,338168,5560812,701065,732901,539737,583995,1566898,1701114,3241
1885976,1713026,2269506,1455724,234625,4453375,498237,757805,487248,571325,1847419,3078585,6135
1665628,1529472,1921471,1455857,349893,5195006,715490,510674,325363,375719,1070134,1793943,5168
1311584,1499854,1877346,1394517,333995,5018996,708235,750174,453164,487583,698473,873067,3012
977751,1290710,1193725,1222928,344030,5459100,719128,751367,514803,561055,1446603,1563120,2967
2059450,1820255,2351216,1482231,222927,4778531,679837,733374,482860,534572,1851601,3178391,6963
1932526,1687824,2275345,1703458,439855,5784803,713940,527290,402224,458933,1472584,2345596,5940
1306723,1389278,1972601,1497038,349882,5245780,729286,759576,467844,515297,1068310,872052,3073
1218504,1209580,1170343,1207600,243601,5159360,701311,733981,483443,541743,1506042,1675465,3581
1631175,1697949,1975931,1267419,127468,4343731,501002,735383,495550,558098,1496200,2316892,5521
1673775,1511435,1917662,1435871,349410,5278651,490960,279414,334425,441446,1443195,2412148,5480
1624237,1511347,2241055,1665623,440926,5688238,925386,980103,497010,500391,1094579,869193,3847
1268159,1152691,1128748,1172040,231530,5156282,714288,747997,446149,503469,1414961,1556486,3671
1624359,1691491,2029559,1297352,234366,4204900,481577,501814,509676,562796,1517226,2473834,5772
1656313,1638412,1965299,1501942,337609,5453529,500801,523666,386945,516520,1188185,2449560,5639
1592968,1553794,1926716,1461501,335054,5334484,700708,728243,453965,429835,710362,879164,4297
1311558,1153457,1521273,1447802,338391,5702841,915028,958073,501579,569527,1881142,1662565,3925
1684112,1740771,2014977,1313068,237716,4410425,504753,527314,530957,579563,1539568,2340443,4931
1686870,1627476,1989361,1502988,344834,5499390,492721,507757,376497,498022,1107972,2393045,5815
1310340,1533392,1915975,1459048,335165,5285671,706368,748462,469600,465047,726315,858689,3969
985460,1169912,1534999,1202120,350053,5193473,727727,760699,453857,495788,1406413,1543852,3038
1643554,1340740,1504377,993622,123134,4560076,576804,668819,431929,479483,1335910,2234799,4802
2009132,2002535,2429557,1844333,443673,5831597,491528,519361,465838,602824,1586411,3192558,6275
1396626,1507745,1980243,1498632,348990,5334495,733869,765405,454265,451337,753136,910576,4498
1011378,1136480,1500065,1144656,333071,5185849,687627,720882,460982,513493,1481753,1674350,3217
1590638,1290073,1482166,1174746,122653,4640239,497449,760970,451836,505842,1470276,2332136,4897
1705480,1774785,2059761,1587958,349902,5206486,494926,283459,471018,522776,1500613,2397191,5191
1582812,1621271,2220356,1670418,422098,5877189,889555,943897,476212,460518,748734,1674857,5405
981135,1170448,1508538,1172499,349969,5152153,729296,761089,436443,475922,1427744,1556633,2963
1637592,1381699,1538097,1179036,124736,4555790,484868,729845,445896,501499,1438143,2404550,4624
1654812,1491045,1840903,1385716,322847,4576523,496716,284731,391840,445590,1412956,2309200,5049
3603825,2012419,5311738,4114519,984287,11853457,2378370,2674347,653567,681333,2832739,4500520,6311
996980,1315202,1529922,1448665,440246,5818862,905011,949278,479904,550701,1456252,1648985,3036
1594536,1356326,1747161,1175452,123519,4457637,499905,762501,462405,504324,1436101,2319812,4567
1647418,1495056,1918391,1447616,348108,4782856,489939,277827,374175,425439,1418696,2376344,5039
1686351,1695096,1976779,1520845,335619,5513525,706873,748089,476008,512489,781985,1673045,3873
1006359,1426811,1597925,1553776,460780,6090688,955432,1000858,544422,575612,1435758,1566925,3173
1338606,1288285,1511282,927954,233851,4700176,701260,731032,445239,489699,1451726,2451535,4342
1922535,1602037,2176209,1601092,332227,5144082,496508,523246,378216,484017,1809985,3117097,5585
1941140,1836040,2350673,1774887,448823,6104479,731580,759175,409339,539622,1065083,1638022,4725
5053462,2091301,7027041,5363848,1055226,10055260,1662259,1828675,723839,822499,3143392,6019660,6982
1322556,1303609,1521882,914172,234665,4767361,727970,760840,457387,515380,1458338,2333830,4245
1715079,1674311,2009738,1536364,240211,4829088,271692,509880,433287,537034,1480714,2417480,5340
1940751,1685557,2221029,1631543,434827,5465602,911250,745735,454025,435190,1059745,1649701,4654
1020970,1248691,1586708,1504251,348149,5482563,726864,762068,519797,568054,1482330,884969,3222
1659225,1396621,1546503,889155,128392,4792027,704571,733340,472310,526519,1507079,2505880,5605
1603871,1510875,1833631,1398606,267486,4612007,269491,404661,395958,485666,1436892,2308625,4947
1640506,1521995,1925953,1451202,350452,5202698,729975,520555,398988,381682,1059333,1573637,4789
1343197,1361719,1938305,1726917,443938,5911552,911325,955967,523351,586086,1480428,892212,3175
2387285,1670041,2571140,1788163,270258,6786680,1008172,1079902,612117,602227,1506817,2371441,6403
6802914,2200845,9631756,7613872,1613402,13784487,2632729,3106676,617839,757322,4895547,9481006,9559
1616933,1476421,1865488,1419801,334781,5175663,713495,515666,345326,378573,1098590,2451139,5162
1286295,1516323,1889406,1433342,335749,5294422,694434,725785,435886,441050,694832,868295,3698
1361105,1292175,1592077,1246299,341245,5874212,909923,952629,559842,621168,1903166,2447868,4207
1660991,1603747,1949803,1504330,226180,4157405,272012,525662,482098,528049,1495730,2378614,5825
1999176,1791961,2340791,1740967,447395,5349711,724338,513561,412745,470946,1418039,2997699,5975
1287946,1480075,1882084,1404176,337267,5170363,705230,745298,444023,492552,715309,877499,2919
1006624,1162391,1141407,1198724,351023,5279800,728357,761461,442845,493649,1429581,1571438,3069
1625339,1507140,1793174,1290034,124194,4830409,456900,698291,521687,567542,1482289,2348906,5649
1939504,1725211,2242109,1691301,439032,5193190,713383,519800,422237,457687,1495895,3228796,6363
1304963,1559065,1962422,1505713,350508,5441488,734404,766945,469905,510957,713753,869312,3141
987121,1131490,1134545,1180320,343699,5129435,701691,733687,434581,481585,1449631,1655546,3098
1605287,1636845,1940197,1238792,124141,4307986,501503,761279,504694,572061,1543771,2341856,4628
1686215,1671498,1994153,1509435,348913,5433891,493772,277836,352544,467178,1443332,2371490,5602
1724983,1655002,2261281,1658739,441957,5639008,918436,974334,434887,488705,703514,1033572,4180
998292,1215047,1160648,1200660,351914,5373564,734859,764317,474492,514608,1453454,1589172,3040
1654306,1600923,1951306,1197767,125735,4039102,490836,733176,465292,530820,1472261,2398779,4885
1633233,1669841,1985811,1571098,331092,5660334,483343,282459,429034,537075,1587506,2424396,5439
1673011,1513922,1917483,1462954,345573,5335514,717954,747872,450899,428507,720981,873764,4094
1259440,1196699,1571932,1459976,353484,5667857,913347,954363,495267,556838,1825392,1664575,3900
1595057,1562622,1899442,1178451,128543,4035428,499283,750157,475602,517677,1461545,2330849,4315
1718071,1657073,1991052,1526072,348833,5602051,495625,276875,377064,481874,1472681,2363804,5271
2046598,1873038,2375046,1799847,334723,5454814,694647,937558,593269,590883,1151012,1605639,5661
1029961,1340087,1945685,1473762,343593,5424489,720320,756908,475649,523313,1071962,871951,3146
1646762,1328795,1537993,1190576,233894,4994538,697905,953020,491478,547078,1817405,3242421,5135
1639958,1590528,1916763,1457172,332803,4668428,484089,279882,416452,470981,1473125,2374486,4891
1615505,1522334,1956721,1509142,333269,5637181,697714,725552,431888,429566,773809,1613797,5837
998929,1315314,1927181,1451757,338295,5254701,701773,735117,438837,495904,1097507,856928,2990
1301434,1179214,1150739,937719,234938,5385039,730841,763983,464050,521597,1472282,2338674,4068
1640896,1604938,1958168,1486499,232406,4047765,267990,508542,468447,507504,1423666,2338436,4833
1988450,1879054,2369880,1764067,440871,5947672,928244,747981,469118,526633,1166760,2445618,4783
1052703,1400152,1608281,1547501,353840,5447376,729079,757965,487712,519532,1088609,896016,3330
1327956,1230336,1288789,931784,235224,5127173,663440,691221,447010,495976,1386948,2352460,4225
1607465,1491776,1885540,1428460,231604,4133799,269931,523290,449482,504717,1481396,2397581,4871
1639214,1708705,1999436,1542353,348713,5476712,728055,516856,421225,464431,1145699,2293995,4636
1381653,1533673,1960226,1758254,440711,5929320,903471,947009,537995,573587,1092897,884679,3129
1587852,1501246,1874228,1187556,345146,5216026,954814,996118,499398,501909,1419113,2308852,4493
1669338,1508189,1921339,1452238,237776,4579093,267538,508463,403954,504165,1423667,2370130,4977
1567701,1510258,1808300,1386747,314704,5043401,464306,393054,351657,451034,1271818,2256062,4440
1936946,1698027,2012701,1562718,349243,6433451,941338,984014,620581,612814,1156478,1543022,4934
1350351,1205271,1562457,1460279,340406,5822040,918773,962272,525695,576673,1888443,1726830,4589
1606113,1456823,1863316,1153403,232219,4104198,497747,521514,440066,495738,1470861,2359283,4716
1624052,1631737,1989964,1525590,350669,5464082,499460,516479,374975,470470,1112475,2357676,5015
1338834,1672324,1963092,1502283,334554,5420684,700639,741865,517413,514441,785201,873561,4149
1018576,1227835,1565338,1387716,349197,5477840,727632,760509,485215,541705,1482642,1475947,3086
1665991,1360378,1552907,947347,125990,4731949,708128,730121,460392,506460,1438362,2431285,5365
1916557,1686798,2239299,1665273,441213,5147446,493712,522978,405073,511632,1476311,3164764,5640
1328532,1606877,1927690,1483830,348993,5341464,729365,762595,471428,471780,738487,868821,3938
1031878,1315612,1656556,1319475,339452,5635751,689937,721224,528627,556334,1508068,1714608,3315
1614484,1336486,1516541,1175253,124101,4687248,500476,759530,463639,507769,1464329,2374331,5234
1615853,1610277,1964206,1485793,350209,4774235,476029,280269,406615,490107,1416169,2344167,4995
1622132,1723140,2267547,1669427,433005,5703678,898177,952489,460208,452474,703809,1659561,5001
1001563,1281538,1603316,1268330,349895,5739112,729153,762931,543393,584111,1509252,1612790,3150
1714558,1364968,1574488,1243552,123918,4784049,488696,728493,476516,513047,1488637,2439700,5252
1619898,1540001,1877235,1428897,330316,4637725,492871,281178,414891,456959,1479010,2394870,5101
1581219,1571211,1905829,1438268,453462,6033826,938663,981221,480899,523647,1062450,2232572,4010
1013338,1492356,1657517,1532458,449976,6054087,918104,961477,578034,641068,1567953,1685902,3057
1594869,1438670,1639807,1264850,123680,4815957,470791,733147,488084,553572,1489744,2319393,5755
1646096,1489146,1914211,1452765,344177,4784644,494352,280786,377187,426921,1400207,2338498,5245
1636485,1568215,1914161,1443406,334138,5280226,700103,741351,406219,461167,723702,1671848,4039
1000426,1309134,1505407,1445241,344218,5285201,717568,750987,443037,502561,1078787,865670,3008
1713109,1798732,2081404,1320215,235961,4951911,705214,953571,592293,636150,1883600,3244007,6146
1639404,1501230,1873797,1439727,333495,5209881,491854,282690,366905,457222,1496028,2439273,5274
1587660,1514212,1882015,1449000,333704,5238947,697971,728997,394485,439803,691261,1247425,3896
1009357,1373443,1569840,1343929,312696,5198489,642335,672786,462637,506069,1114970,884405,3096
1333497,1455472,1622408,936813,219251,4857667,668279,695035,508835,571663,1570233,2195687,4161
1722464,1685217,2048659,1405522,222006,4729353,268877,482107,437398,521193,1459274,2208315,5779
2020127,1770648,2337386,1550842,401728,5774921,835860,684132,468187,464149,1125887,1610492,5256
1018216,1211681,1570687,1348881,320420,5307726,667911,696792,478932,536145,1479369,871887,3008
1471595,1377109,1560704,889308,160332,4644313,658050,679056,467695,513079,1433097,2226631,3909
1604335,1647081,1989671,1557269,229791,5107604,269056,520357,483125,612444,1560185,2427540,5298
1619460,1543500,1952451,1483945,347782,5280905,724761,521446,401922,369866,1061780,1581629,5349
1355243,1334362,1924851,1950676,540027,6336831,1096570,1146074,555464,632367,1788593,888939,3208
1611047,1352654,1554620,941942,126507,4734996,728595,757661,472035,516970,1502582,2379471,4886
1661843,1701137,2032840,1560628,349630,5067386,267866,281103,456333,566413,1498274,2387294,5443
1722219,1659133,1977057,1488027,336458,5328619,703799,716199,442418,399681,854478,1715612,5716
1310259,1303394,1883826,1447639,349719,5297260,724346,758873,449698,502163,1065510,864181,2977
1632357,1371560,1570386,1198740,236545,5060713,924625,951980,517644,575913,1828185,2428940,5030
1632176,1547612,1873208,1448416,329130,4815617,269059,283410,438046,535587,1497260,2369932,4771
1615405,1594061,1992198,1538921,348270,5703312,727722,759343,432462,418011,731890,1616995,5770
1024205,1396426,1950841,1471056,336676,5196210,690549,721576,470130,537347,1098502,877209,3096
1326276,1155407,1162245,990595,234312,5284432,724825,759573,452942,504925,1466105,2248363,4056
1629050,1533941,1934998,1212037,236867,4132587,479725,509305,454052,514928,1424209,2324896,4824
1928778,1864757,2385187,1776362,440893,6093244,700925,742487,498633,523120,1176387,2468966,6496
1048039,1393966,1925276,1456542,345723,5453342,718334,748638,460372,516961,1056119,850771,2951
976814,1172426,1133638,1178232,342566,5095129,695251,728799,447858,500191,1452573,1658604,3110
1873663,1508727,2141860,1319269,123159,3922303,496869,1006688,447787,489294,1792672,3103605,5044
1670056,1697884,2012285,1533231,348903,5442627,497447,279522,419537,504665,1477445,2356035,5284
1649799,1890748,2371751,1787628,430276,6177739,886095,933011,503007,551768,733751,1426035,4153
971477,1144084,1132355,1163842,345064,5184993,728825,762103,444366,489043,1438618,1580681,2977
1663324,1553313,1982495,1225028,129233,4263233,500335,737475,454845,507105,1428300,2345242,4875
1633860,1466523,1839021,1387073,336097,5055804,489183,281330,324661,413576,1445975,2438613,4620
1637241,1683384,2030337,1594696,349955,5824498,728646,761256,554615,527943,788803,860661,4233
1128457,1217159,1568164,1499487,401600,5626712,883266,923857,540097,583676,1824361,1552051,3205
1577744,1504422,1886940,1171683,123971,4051424,496855,762082,446954,493305,1473859,2374594,4881
1611277,1513395,1926990,1465165,348979,5270669,499576,282587,360059,448150,1419465,2301338,4663
1677459,1636003,1962056,1490092,333784,5409702,691905,723367,500940,492147,776957,883112,4445
1052818,1282401,1616350,1576426,347863,5643398,729600,757899,507890,569558,1509734,879215,3084
1991231,1541868,1958038,1201237,240195,4767873,720879,743338,498426,549357,1773589,3150362,6115
1594126,1544024,1859673,1416960,316782,5230975,463125,416406,345283,450145,1254500,2336231,5212
1593844,1611194,1942784,1482542,348907,5330313,726040,758810,489243,467649,744879,843510,3775
994261,1252179,1588959,1540756,342746,5505673,696856,729303,495768,534144,1469286,867815,3207
1637667,1318008,1499278,901255,122887,4623150,724111,760200,454712,508752,1490158,2406189,5093
1604992,1449085,1891659,1436460,349741,4647680,269078,277674,377596,484822,1399035,2298123,4590
1644062,1679518,2281701,1666998,443041,5553154,909149,955142,433043,417393,685290,1652369,4849
1024182,1452608,1925725,1641733,446718,6116418,938369,982499,590722,656364,1520465,1403948,3002
1721346,1477725,1620209,992138,125184,4800076,715974,738249,491577,520273,1463601,2400923,5327
1648931,1520427,1908499,1449593,336076,4646387,271707,285496,405071,515704,1482482,2467888,5320
1603168,1521962,1899275,1455005,348343,5345455,728739,761886,400793,369034,710234,1552825,4683
1019374,1439561,1945967,1521154,450026,5917630,906485,947443,558149,638175,1534871,1656328,2948
1614371,1443943,1593131,1271155,125203,4899995,499357,763048,523077,548109,1504919,2393586,5534
1648826,1553963,1948904,1472072,349536,4658406,479654,281926,422348,488862,1424834,2306348,5029
1632626,1470159,1869472,1381340,329143,5072421,682257,714562,379024,370755,700722,1653662,4670
1005887,1331320,1860524,1422697,346193,5156038,727517,758247,461464,504361,1076071,869132,3062
1699690,1531626,1665042,1293865,237912,5398286,714480,964148,596374,660624,1909237,3153847,5476
1692197,1560904,1911468,1456874,326581,4639485,492960,287394,414241,444429,1466754,2440481,5722
1625172,1490209,1898426,1442061,349775,5337514,728459,761651,400305,439266,718035,1550789,3870
995721,1312444,1566831,1467680,344224,5136324,698873,729573,439974,499460,1087757,856218,2994
1352486,1411497,1329250,1046148,233545,5592409,697269,729380,554148,612686,1562651,2295947,3957
1881605,1758042,2353908,1746567,348977,4745747,493843,515496,476741,532523,1786362,3085129,6552
1353175,1372555,1939415,1470029,347310,5199201,702421,726940,450122,498099,1079917,875292,3151
1324829,1174678,1150716,1160936,224535,5095813,705188,747430,454567,511599,1464851,1652612,4068
1595502,1507373,1905666,1428727,335398,4604048,700817,729485,505316,553349,1727517,2278673,4372
1792551,1830383,2083609,1595828,338480,5913827,490230,513828,412006,518732,1203037,2545758,6021
1505841,1478497,1858648,1437741,329557,5292555,699998,731637,461405,450026,719370,870024,4041
1354609,1174350,1551756,1433710,343779,5773096,931575,958912,484635,556337,1768468,1643440,4152
1646001,1525090,1887313,1180092,228270,4047368,485176,513987,475176,511633,1498630,2453108,4825
1608190,1722695,2001625,1550624,343937,5679432,500349,521325,422459,524589,1130354,2266478,4963
1379573,1636955,1968327,1512430,346379,5459555,703504,730474,502624,484113,752626,869615,4668
999743,1175639,1504013,1150824,335585,5075657,720623,761876,447505,496810,1461858,1621824,3054
1904639,1572516,1893746,1281254,238547,4658596,570679,727147,504166,551825,1724324,2910236,5355
1686778,1563121,1981500,1495590,341869,5530550,491639,515234,373028,468577,1120913,2469723,5452
1370276,1746146,2018813,1592561,344876,5665254,728253,760761,537180,518909,786032,856505,4281
987748,1165551,1546306,1193730,351077,5386585,719944,742320,431983,500301,1448059,1644045,3140
1624201,1334613,1500100,1162375,124396,4577807,486456,746145,455044,500021,1470785,2453381,4905
1888107,1680782,2260354,1695511,461021,5189925,726355,522001,410786,455307,1444721,2947233,5423
1642862,1882946,2424880,1568663,346345,5643775,920158,953683,571267,567018,1127586,1625608,4738
1064717,1257196,1556643,1214277,337063,5422167,722338,763719,502527,571076,1510540,1626141,2994
1619868,1380322,1956159,1497355,229980,5427740,713650,977205,535069,584160,1773109,2325542,5064
1668101,1523703,1915192,1445046,338963,4622231,483570,278789,406800,450010,1490578,2451177,4770
1632051,1643952,1940891,1519055,346461,5543922,727225,531532,455797,433885,1126528,1560788,4551
1363149,1513716,2028072,1815924,461598,5955781,926669,953828,559260,632564,1546445,899751,3271
1584556,1421107,1547882,959021,132286,4501535,713400,759408,491408,540167,1529334,2453194,4890
1629783,1552820,1876851,1445188,239777,4669208,274606,490308,425462,519430,1420669,2227835,5094
1690902,1558196,1919405,1433453,343847,5101328,703910,511105,400245,386000,1089748,1659079,4600
1255595,1473230,1972786,1521450,342142,5593135,731613,764609,514285,571401,1130791,853350,3025
1618911,1378180,1562177,1184936,232154,5304613,942170,969266,498999,564321,1767016,2324930,4987
1677152,1527649,1908582,1441829,334443,4715453,269838,280864,389224,503198,1466685,2475129,5301
1614349,1529574,1922825,1474368,352908,5428711,735488,765229,409258,392944,742270,1596361,5102
1279492,1562175,2000517,1536769,334151,5308970,680104,703807,532829,571948,1153997,875721,3102
1305081,1177768,1145032,1197774,230009,5133295,713552,756575,462045,514746,1537739,1667194,4123
1873836,1755051,2293630,1447863,344956,4510621,500286,522652,459082,575086,1760911,2908097,5287
1629425,1499173,1906552,1435381,343829,5070826,702115,733737,388404,373353,703874,1636710,4433
995599,1363591,1888626,1432771,342137,5118940,730714,761625,466619,519105,1093590,860965,3042
1379529,1416664,1262658,1036581,237074,5655386,722415,744486,524587,558883,1468070,2367961,4629
1970358,1622235,2028516,1422824,215616,5111423,649959,923913,537175,590647,1446822,2375866,5016
1892192,1677485,2257729,1698585,462477,5229373,729268,522678,404059,449180,1442266,2964642,5536
1330114,1539170,1926678,1461970,343643,5179114,697069,724284,449007,497664,716439,882866,2988
986578,1214884,1179708,1226665,335945,5337638,718174,759335,519666,556805,1509866,1648902,2927
1656734,1598451,1991337,1236005,123518,4111016,498678,744594,492949,530628,1463405,2324720,5664
1652081,1545860,1893684,1418243,336198,5064551,484587,282917,334173,435216,1474868,2481948,5299
1613342,1522278,1887382,1432115,344723,5178535,730103,763116,410781,462118,721458,1080478,4168
1032618,1459497,1560778,1480318,461696,5777750,939404,967903,553378,602660,1458858,1602186,3072
1712226,1695424,1981087,1267158,123985,4175196,489686,749986,504422,557442,1563245,2512333,5951
1607816,1548900,1934813,1481637,352365,5360886,505113,286559,366309,468568,1447446,2288132,5309
1680603,1552809,1953134,1475705,347080,5204678,704076,732547,465504,444822,697879,868276,4206
986613,1184789,1507785,1423207,336140,5131559,720149,760516,479602,524858,1489280,846393,2938
1857940,1690946,2034541,1291634,143574,4833132,729316,991437,564936,615368,1815831,3034116,5596
1734048,1742192,2025561,1547288,340186,5392559,485843,281938,425124,519238,1564059,2529084,5789
1632890,1554241,1909479,1452364,344204,5091713,724080,758740,472033,451994,716311,872506,3932
967453,1253854,1856936,1418270,342826,5005919,696248,720631,424818,471370,1058463,861986,2943
1328549,1320762,1198864,986257,228973,5263192,715516,759031,515969,560776,1525998,2399360,3749
2267877,2067545,2786908,2071267,453268,5409239,693609,745165,480335,555858,1831236,3688658,7659
1632736,1611584,1949785,1487132,332635,5339152,680025,708501,411441,398650,742314,1681780,5236
979619,1334985,1877277,1413536,341457,5002777,728450,761790,454127,506808,1094922,876546,3074
1306561,1162271,1141102,919366,237547,5217029,727929,750130,459223,509261,1425803,2342164,3869
1649471,1775203,1997688,1522083,225328,4268436,270363,513201,551285,596832,1545657,2450856,5123
1594047,1508358,1907752,1465369,349935,5198888,728827,522263,373817,390978,1086884,2291889,4905
1989907,1635387,2228392,1638330,434796,5487193,901979,726948,399501,430688,1096198,2418732,5329
1010858,1323919,1791882,1419535,339519,5178787,707552,737079,443735,506749,1042284,871725,3022
1384448,1324026,1238316,1018210,236572,5417634,708696,732639,525877,556607,1513511,2440851,4230
1631961,1528677,1959973,1479128,231263,4174370,272003,518203,504797,536644,1530896,2504074,5921
1617045,1502530,1902345,1452851,346607,5300081,722147,515253,341251,383698,1068562,2268678,4925
1350592,1545658,1932689,1690641,453016,5642994,916440,957084,487091,555646,1064818,865668,3026
1297821,1336200,1504266,930962,232632,4635053,728250,759130,462918,509140,1446111,2325361,3666
7582826,2650001,10918877,8432515,1742381,15531706,3026657,3563695,704493,810569,4718938,9661480,11166
2012454,1719871,2317702,1704473,440443,5973373,912665,507856,372788,420546,1496059,3252592,6201
1343362,1462560,1873047,1429651,344067,5231624,714038,745714,450625,496545,708744,894908,3200
1673574,1569141,1919806,1452102,348111,5236687,929560,1168359,567538,638314,2158516,3115783,4771
1643961,1672427,1963252,1512065,229003,4808732,266712,515689,479849,584459,1555687,2408331,4446
1646665,1670866,2031770,1552208,349395,5396615,731242,527627,412000,402409,1122331,1631427,5793
1317924,1575322,1973488,1489267,344081,5375922,699881,731675,462786,507984,949379,874176,3197
966518,1134922,1130442,1180366,339310,5189753,728129,760273,457653,505637,1473630,1609844,2999
1948589,1794918,2334441,1444377,237667,4627778,501166,749634,461684,570013,1774381,3069430,5671
1711795,1810089,2068013,1594571,334159,5730839,701120,513133,507108,464940,1193505,1716115,6065
1326334,1393370,1919178,1448006,348322,5329406,728789,761537,479674,539732,1094641,864030,2910
1288575,1083835,1109035,1178002,237760,5136647,712972,735818,426346,486248,1411668,1591809,3687
1621151,1473476,1865311,1165194,217012,4067830,481661,536857,444102,494649,1455879,2373080,4608
1687221,1684383,1999121,1552236,349011,5626853,506444,290504,423947,500296,1463269,2261370,5018
1660021,1574800,2357481,1743447,452392,5680956,915035,956545,482598,495862,1093757,882805,4577
1308941,1181435,1144343,1187524,231463,5234513,727719,762291,455743,509536,1472052,1611395,3972
1653379,1232156,1487840,1153821,124695,4722221,482972,728959,426172,476449,1389788,2366128,5169
1635561,1446389,1879977,1405724,335428,4663783,486676,282416,387726,434900,1475627,2469553,5078
1593550,1705781,2031554,1588044,348176,5746707,725532,760293,487928,495716,777139,1570036,4293
2147013,1508482,2992404,1730641,442244,6460047,1175939,1368821,595627,686096,2263089,3421569,4996
6378028,1801477,8243802,6336127,1240983,13101164,2628508,3293585,650888,806537,5674400,10549479,10281
1616558,1551314,1949879,1467839,351428,4649601,504397,285048,405060,445622,1429963,2314732,4752
1691524,1707996,1977053,1513135,332969,5586026,692362,728260,458872,502941,770674,1647887,4070
1010307,1415309,1535338,1497543,343417,5366882,725714,760380,470564,519294,1099825,868819,3108
1654123,1559634,1916746,1198904,236277,4854381,717487,969563,514091,573724,1792161,3143205,5200
1579045,1462766,1799829,1346430,320470,4598444,488220,283105,362573,409187,1388239,2323599,4512
1580789,1552346,1911944,1470575,350559,5330223,731179,763968,408594,444191,699672,1571485,4078
989405,1483383,1655164,1598097,348242,5705836,706267,730859,512017,558124,1152172,867567,3265
1313574,1382889,1525342,933563,225685,4741615,710102,750840,470340,532591,1496802,2375360,3953
1953062,1720329,2366619,1772660,351144,5427677,501251,519946,414839,514544,1795914,3060038,6381
1683559,1548177,1928201,1427321,335336,5245809,694548,727641,464156,461612,738672,905038,4184
1167426,1460711,1945275,1508364,334568,5582454,697954,729506,520685,583082,1139023,835563,2974
1376209,1213376,1180614,1212705,239196,5562527,713529,736000,466293,525238,1469160,1650208,4550
1642971,1613603,1920171,1206584,230603,4151526,492105,516183,491462,527272,1487074,2446293,5156
1645796,1613569,1943505,1484264,351077,5250669,499372,521888,379662,466527,1099486,2285522,4763
1314494,1572222,2316740,1702833,451059,5729607,913067,952849,510861,521091,1108356,886203,3901
1333435,1319626,1218767,989578,231223,5686455,725225,759959,490940,559816,1564438,2406111,4364
1634957,1538703,1889563,1252538,340412,4912275,556173,699966,510859,570120,1725237,2949708,4846
1916605,1647649,3492888,3151060,817727,9025224,1399514,1566991,482291,617154,2375163,3463688,4791
2929286,1634468,3478579,2135812,388206,6099614,1162461,1506129,494653,502418,2016492,3687364,5790
1301074,1303525,1560905,1240096,348947,5991528,930262,957422,555719,611865,1854489,2403345,4267
1631710,1598195,1925960,1462632,229464,4112590,267124,516908,491399,523747,1490331,2456831,5349
1600474,1534052,1911711,1466844,348963,5244122,727056,522578,345883,389298,1066933,2277415,5134
1337070,1461647,1906745,1409737,342194,5045492,699882,731518,431505,443610,703186,862074,3566
994886,1231736,1542922,1210471,342246,5412193,733046,766038,474672,526289,1494905,1587717,2914
1994247,1716626,2050039,1565524,236990,5014482,496387,746994,608209,658785,1868909,3114682,6806
1675854,1530106,1938478,1442189,333456,5257272,693285,499225,347648,375613,1085724,2470585,5252
1309971,1484208,1879004,1425867,349360,5310224,733573,765165,436331,492507,717870,860745,3037
973340,1197868,1161070,1215311,349519,5298214,708804,730804,448394,506182,1458217,1622577,3031
1611162,1628484,1923795,1284559,124177,4367063,491661,756567,531838,565046,1527433,2437027,5056
1609608,1595236,1932644,1494407,334667,4886246,499041,282305,431320,451472,1414376,2208782,5164
1969292,1747729,2320028,1703925,452571,6220728,1129415,1178383,529421,585491,1097272,2452052,5120
995457,1186443,1157764,1188709,337215,5312965,717940,748351,465600,513000,1457739,1571083,2942
1623728,1738152,2018115,1271484,228728,5200570,706194,963489,598791,640932,1826952,3012103,4567
1615749,1592000,1975956,1502702,333610,4955176,267817,282570,446711,581402,1536862,2518778,5938
1627587,1555624,1920953,1461832,351462,5363242,735660,766711,397163,367731,739105,1584619,5256
1241008,1313476,1839686,1650235,442419,5538674,889943,926481,473065,524810,1421273,887155,3022
1587225,1336337,1509118,921621,121463,4550745,719100,761236,458433,512777,1477584,2376720,4618
1687158,1772624,2067457,1595189,344481,5045730,272817,282949,466879,569319,1499216,2302672,5291
1746392,1637734,1953516,1494666,340148,5472444,704814,737168,454793,447112,769933,1720066,5764
996120,1314661,1886867,1450367,345555,5297807,727407,760323,444884,509264,1080224,848959,2955
1602591,1340950,1499659,1006615,237537,5351808,819244,939267,507348,563704,1753340,3025585,4777
1663877,1662019,1947800,1476447,335588,4950012,268563,280735,456560,573152,1550533,2434991,4536
1629117,1470752,1942302,1476579,352432,5567912,729821,760461,405053,390783,709187,1630342,5769
990172,1410813,1961790,1492905,346798,5341606,703317,732442,477146,530318,1104975,865353,3019
1286761,1141908,1136704,916689,230128,5189924,721955,762187,434616,488951,1455641,2370185,3789
1909319,1789755,2342294,1760133,349593,4766793,500280,518515,458953,518598,1783293,2988365,5501
1752355,1724012,2061051,1556464,339025,5707478,700765,730233,488180,488949,814455,1721425,5765
1012785,1362863,1933866,1474092,345740,5328825,724472,758939,466955,526272,1092025,871588,3117
1340324,1140872,1136647,914024,235896,5278354,714622,736381,441826,500555,1440731,2403705,4002
1635403,1552131,2275019,1684850,321368,4770581,463395,724496,551120,613438,1878106,2468678,4823
1638753,1741541,2017944,1556621,350340,5557791,731952,526210,397008,412850,1116440,2280221,5002
1394162,1653863,1995184,1796636,457694,6081962,920605,956974,534865,589496,1109146,865161,3155
1292200,1173545,1383666,918664,229377,5048039,719771,760218,447870,494418,1476323,2401067,3930
1629305,1479277,1916539,1450205,235418,4240508,270132,520736,426333,491040,1415479,2325177,5101
1682694,1624349,1948427,1472766,337672,5289784,701256,509651,389521,426251,1133820,2453155,4742
1267033,1586898,1959027,1528194,345042,5712999,728904,761542,511546,575755,779465,866628,3070
1338697,1321079,1531110,1209074,346047,5350443,933427,960540,503236,554621,1778185,2351606,3935
1600925,1510805,1879258,1421117,229863,4686543,270115,516015,406496,513405,1495558,2410640,4402
1614639,1502122,1930119,1473232,352112,5315931,730753,522583,378838,373996,1054527,1661698,5312
1373275,1770285,2058226,1575327,338269,5654452,685194,711502,536397,599292,831515,900002,3379
1000005,1229123,1188962,1251860,337681,5221497,721789,762653,495241,519012,1494505,1630293,3085
1986221,1828128,2379632,1473959,239153,4611567,503902,760323,473612,580997,1800328,3046219,5954
1724452,1568097,1946389,1463293,335391,5279608,691984,507864,419881,407761,1121714,1686078,5357
1380840,1611373,2013394,1563810,346551,5643042,728900,759773,586898,633219,1203113,872147,2987
1354799,1293157,1232480,1295853,239669,5624996,715991,740532,539415,585830,1524964,1660498,4335
1680182,1718273,2347080,1516693,254470,4890430,692539,864858,591846,671388,1904211,2394838,5272
1669266,1669704,1970220,1493217,350448,5313316,503620,289324,388689,477821,1473766,2274348,4620
1324407,1637353,1920716,1731102,461932,5708997,935073,960964,530263,582917,1122016,896913,3058
1445914,1799041,1732883,1102948,227925,5060738,704061,745731,607424,668778,1674793,2467780,4541
1651517,1491686,1928020,1456908,236766,4545560,272857,525020,408403,502265,1433218,2310064,5202
1645138,1535698,1907060,1431575,339880,5146135,696695,505786,396280,386571,1088283,1666167,4752
1281366,1455850,1820674,1379394,325342,5187357,700173,731246,448806,487891,877555,863405,2830
1301169,1451803,1603893,1240852,349368,5604226,954350,981580,550977,604008,1806178,2348042,4126
1714390,1609521,1954264,1466234,228462,4784450,269058,509083,449760,564434,1516628,2509364,5773
1633915,1543327,1921551,1459981,345992,5231334,726666,522270,408640,399686,1099752,1605415,4963
1345525,1327204,1935982,1463544,353063,5225268,716857,736686,446923,500687,1081489,896951,3056
1303932,1199794,1142174,1180674,229958,5238388,713997,756414,486457,525705,1501648,1639502,3887
1993852,1832472,2371932,1556922,325765,4934923,501033,572581,511129,633209,1852575,2985513,6237
1661717,1499549,1915799,1451788,338222,5296507,691614,498341,399719,401638,1090670,1666845,4995
1291651,1325634,1894591,1437484,340359,5246025,727644,758631,467558,499829,1091063,849819,3041
1327269,1223047,1570218,1484448,344489,5914442,945395,969259,513386,572564,1758336,1602304,3895
1667817,1716870,2013768,1264706,229817,4334836,482110,505949,515170,574084,1545814,2494372,5350
1972214,1743407,2687632,2006122,561879,6788013,940592,985147,552723,589759,1486815,2336499,6360
1091390,1349900,1927218,1462870,347741,5255381,709673,733985,457811,512775,1093134,868426,2891
1292424,1165283,1133843,1165569,225960,5177487,706703,749142,468371,512770,1488021,1693536,3881
1628052,1643570,1964666,1220421,237058,4255783,499290,521803,482567,544981,1450185,2257317,4625
1709611,1625751,1998440,1519463,343028,5518422,486312,508025,419317,517689,1162386,2545275,6252
1293358,1538475,1898169,1448007,334386,5346693,717027,751226,470376,454758,701407,872347,4054
1344299,1295018,1559887,1204119,345315,5762270,947767,972171,508148,560781,1765687,2324008,3927
1702914,1650566,1946153,1421422,231990,4116817,291597,516938,493737,541831,1545019,2494729,5167
1613341,1761390,1965940,1530847,332870,5710539,503828,522642,397478,493792,1104074,2226331,5209
1347076,1497574,1928562,1452998,349604,5300119,712025,734910,435092,441045,712397,845634,4239
1000141,1145334,1537162,1194412,339066,5303440,717131,754980,460736,524435,1495121,1663505,3116
1959360,1488563,1897264,1439369,236903,4641462,491012,752026,499213,549984,1738567,2929261,5901
1735936,1791351,2062327,1566982,343316,5590246,700698,506685,408696,450128,1173247,2463656,5165
1298058,1523095,1912471,1475756,340725,5369311,728023,760723,510882,554216,746067,866186,3215
1016799,1375868,1511721,1441335,335031,5320003,684734,704084,457917,508778,1162127,890960,3102
1293941,1341793,1487310,914253,229101,4656556,703341,747202,440207,489135,1464754,2450820,3734
1871535,1719538,2269705,1703546,343466,5312778,486755,519051,407081,509568,1784746,2933281,5341
2050949,2052429,2496508,1905568,447751,6356341,903078,939036,609353,615098,814567,864573,4422
991035,1166265,1528018,1461080,337624,5351656,725345,764659,465678,510105,1507408,887588,3077
1631156,1349788,1519389,930491,127062,4697262,733961,762244,457920,499272,1413111,2301905,4803
1661257,1558579,1892792,1407840,283984,4621207,270690,363115,407946,520502,1450678,2391316,5364
1813044,1785241,2293207,1748548,452733,6139810,957755,763862,511120,484448,1124933,1599966,4576
1027852,1203830,1583248,1528166,350042,5563286,719860,741793,485951,560791,1503207,871345,2974
1634488,1351088,1513590,912940,124534,4717209,705639,747877,471463,515342,1481760,2467067,5131
1572789,1498072,1886992,1452071,349432,4753885,271167,283492,396271,506362,1435179,2285242,5074
1646860,1591643,1935225,1475603,346167,5225488,702171,728913,419497,399152,747861,1615309,4571
1181413,1492791,2002186,1509278,339250,5482486,721440,760774,504252,571736,1174699,890232,3151
1659102,1365258,1533504,1204578,238046,5200386,947540,985741,507864,556747,1747513,2317145,5216
1660920,1540453,1912586,1429866,338519,4561064,271667,283870,405694,508924,1478236,2462812,4917
1560414,1477872,1862234,1433313,345651,5312586,731263,762294,394270,376465,705648,1576903,4499
1007193,1536780,2033536,1553618,349098,5580317,714213,737511,494878,543802,1107807,870260,3070
1407508,1295587,1208390,986818,230837,5319582,704849,744720,510265,539848,1543894,2507614,4425
1926367,1647549,2263358,1599351,349392,4583021,293136,521821,442035,555284,1778717,2966709,5729
1718472,1551606,1933236,1476498,343865,5275506,696398,722040,409940,383810,698680,1623503,4847
1042210,1528114,1994168,1511739,337792,5520112,724745,764994,533088,586189,1160901,872463,3099
1335133,1201596,1169882,935927,241410,5628358,723497,751190,509240,550447,1486297,2334888,4300
1690674,1548621,1927099,1433993,230485,4093776,272627,510008,458739,504561,1480591,2507576,5637
1878989,1656714,2228537,1675154,452561,5696478,955516,762265,399772,436027,1096794,2322779,4802
993558,1369871,1894854,1439989,338858,5105190,697677,719422,453077,501840,1046527,880355,3016
1365057,1408468,1235271,1017869,229158,5548504,705327,746946,531890,584221,1561595,2485906,4476
1649168,1490418,1904872,1460081,236549,4030866,269859,522790,457413,508333,1453896,2296508,5325
1653368,1546495,1931644,1455583,342600,5336090,696500,499755,346025,389228,1084608,2395111,5223
1305459,1416612,1849134,1406575,337568,5055174,723629,764986,438297,485894,712159,849338,2971
1397722,1457459,1615879,1251875,353452,5573325,959891,994835,526673,580341,1773386,2348380,4518
1691933,1619728,1936842,1423731,218168,4289519,273985,511429,479173,549598,1500398,2410069,5950
1593174,1524097,1920506,1465353,344839,5374799,728692,520647,356819,383414,1087192,2350418,5068
1344785,1591346,1961422,1486930,349487,5124632,715813,735966,472209,524493,723321,872046,3179
959927,1176308,1134257,1176935,325695,5354327,683874,724143,473988,515342,1445383,1601751,2934
2251809,2081338,2750199,1789292,344518,5513508,725522,995981,521088,634659,1864360,3665010,6845
1692700,1530286,1931457,1445581,345677,5297922,701304,505991,387340,381148,1094956,1676577,5375
1639281,1741294,2256471,1707106,419819,6006460,900676,954233,556185,538136,843396,868079,3893
977674,1171432,1130020,1163832,349253,5220677,729767,758203,434540,478584,1389977,1567817,2931
1642750,1597565,1965528,1240286,124864,4471540,490059,737799,502610,537338,1521996,2479170,5296
1938872,1790984,2338157,1796273,455060,6146386,728584,522405,413504,484111,1524425,2376057,6389
1313689,1356978,1888732,1432235,342125,5131993,704330,729494,447160,512155,1051817,878332,3110
1361123,1139702,1113917,1162220,228647,5532213,709020,750207,497645,554663,1552215,1704651,4329
1622491,1600516,1903807,1198887,221582,4251477,490362,545256,484809,541415,1454599,2262689,4903
1689614,1745314,2036105,1574204,350857,5604008,490305,286777,398456,500870,1534694,2467908,5717
1591375,1486711,2217912,1645767,445097,5733533,944082,998597,490118,498182,1085104,847072,4115
1317157,1158151,1163185,1189229,240553,5284524,730435,755136,442059,497822,1405044,1583577,3894
1656592,1473767,1928521,1188576,234326,4136190,485072,507568,448437,505505,1485173,2506025,5475
1570617,1614933,1976168,1526848,345178,5756937,498756,521629,415779,515692,1145202,2359120,5337
1442513,1537297,1946172,1478390,351395,5373941,716489,737926,451229,449818,737030,877888,4352
976630,1161415,1526400,1432237,338021,5302840,706230,745790,458473,518939,1479395,871824,2996
1904584,1487693,1895518,1167413,239060,4673694,735386,765832,511747,559101,1779653,3000987,5629
1689505,1698088,2024128,1553625,348865,5530380,482830,503740,419277,510723,1148631,2466089,5461
1351187,1601194,1969422,1487029,332543,5260352,705775,745887,483254,461172,768766,886312,4568
1346220,1392794,1927789,1484104,453631,5906660,935639,974711,525688,490267,1388286,1582848,4158
1637573,1325247,1501440,1113406,124198,4682499,503337,735427,445409,497684,1476495,2496713,5244
1849993,1607432,2159698,1625814,442520,5200536,526653,521814,382185,472988,1381799,2981473,5668
1326702,1705919,2034864,1587623,350344,5671335,713892,738309,538007,528739,787307,876734,4357
1025042,1211484,1556729,1192091,336508,5345679,707044,748535,466565,529579,1502421,1679947,3179
1590567,1329465,1496191,1157996,125036,4721603,491913,752518,447481,490830,1408690,2243202,4674
1665942,1464562,1891851,1433997,349206,4485121,486518,280588,384371,420973,1432352,2442656,5059
1638177,1787103,2322942,1733327,443541,5953275,940796,996779,516477,577566,791994,1652049,4143
1016208,1267749,1437645,1205613,340706,5391013,708588,735660,457819,514767,1408549,1618687,3210
1639773,1345191,1543001,1174319,126284,4757615,488504,744397,459285,507297,1498958,2520384,5266
1579702,1444303,1854362,1414817,346725,4753056,501157,287403,393523,449399,1447008,2292241,4394
1618283,1589517,1940782,1482681,346760,5456246,706842,728394,413411,469097,745717,1578701,4051
1025148,1512109,1599514,1530334,337559,5731727,705824,747741,547717,581882,1139162,882950,3125
1586931,1562827,1912942,1205335,238738,4777546,726670,994898,512628,582778,1793704,2993864,4981
1619459,1540563,1893802,1455546,334294,4722887,487636,283815,399929,447245,1421419,2364809,4981
1657173,1629670,1907030,1453686,338077,5256149,720067,761230,449836,492295,767838,1648793,3974
1337845,1698623,2021694,1811416,457492,6245591,939160,974857,508500,577146,1143848,1561701,4339
1356970,1451190,1559358,939290,235351,4790595,705162,739970,476981,541242,1505101,2524124,4307
1883343,1763507,2293576,1724934,352726,5405262,505536,528948,421178,524675,1873248,3103532,5872
1632476,1495582,1892150,1437382,350291,5226602,715199,736166,434375,427146,717080,888089,3973
1009647,1485742,1568007,1463428,335345,5216501,701690,744669,509441,559224,1389469,887787,3022
1341340,1462771,1582579,946681,237067,5052379,728680,761027,466612,529322,1469068,2321376,4361
1694245,1676176,2027016,1547687,239392,5159689,273250,507898,430983,563973,1534110,2503763,5880
1864407,1634421,2210240,1638178,450081,5676738,945971,754306,445604,431488,1090585,1661787,4826
998446,1186981,1537170,1446543,356941,5242999,732291,759578,454578,503115,1393197,851228,2944
1658895,1473201,1630825,1006805,123939,5123989,703761,735708,552807,600199,1567357,2528239,5875
1615588,1577003,1965755,1395264,245703,4102254,298016,520683,463253,524908,1476188,2376384,5525
1657867,1580027,1936654,1458110,352950,5262300,491147,504849,361942,452002,1078593,2433975,5448
1314520,1492077,2253038,1672072,448456,5794587,937442,993805,511914,529290,1120520,857348,3841
1318155,1339780,1218938,1017556,242982,5528481,722917,754675,531427,573909,1473215,2272652,4106
1684532,1624993,1995100,1490616,234006,4128965,270203,503336,487440,530728,1506347,2502041,5868
1918372,1838308,2296392,1711607,347295,5255385,730583,759649,454684,491447,1517156,3111287,5382
1388761,1579596,1937960,1471517,354581,5331093,719896,739127,449578,489219,740144,897441,3321
1408273,1463354,1878224,1439938,424596,5748199,847426,707084,471397,551686,1838966,2421813,4050
1914377,1778894,2046721,1589769,237651,4858411,504920,773911,634610,685586,1928866,3115900,6467
1711205,1710030,2008126,1523365,356781,5491742,715074,505321,379119,426556,1159209,2466056,5651
1290693,1559315,1879165,1423156,341929,5142067,717527,759056,477090,532963,724121,864452,2986
957055,1162442,1117111,1148808,351310,5144633,723472,755260,439194,479325,1377315,1553454,2863
1645642,1638848,1980244,1265178,124705,4292952,485550,727445,512733,567788,1530909,2489652,5459
1914767,1836160,2298850,1695998,445243,5475017,735598,530518,435166,478188,1458546,3092746,6539
1365550,1628278,1976917,1503322,357689,5398399,727135,748752,482598,529651,760730,883025,3175
992534,1164973,1139656,1171935,332005,5136183,685536,725135,452672,511650,1458483,1624910,3118
1576579,1662290,1933481,1230502,126330,4334940,500964,756919,519925,570771,1468104,2284448,4391
1711094,1700240,2050990,1551210,358386,5675523,502686,288417,374076,465639,1482324,2506541,6068
1576187,1653537,2199734,1630941,435269,5735190,908580,963200,521580,502543,862371,852494,4016
989018,1171482,1128566,1166705,351951,5198372,722340,751757,447015,483848,1374816,1544898,2952
1622530,1498421,1915812,1161018,123974,4075393,489670,731801,448704,498573,1460122,2507972,5245
1602095,1609470,1965391,1508019,348878,5571574,503469,278525,416436,516800,1543971,2416346,5232
1695021,1571209,1961548,1494401,350845,5232000,717672,742377,481371,463541,754158,890443,4555
974110,1342918,1852753,1370294,446461,5509969,925040,980327,511713,560775,1435500,1666134,2931
1314962,1517843,1917774,1730773,456075,5893359,902655,939562,531573,587815,1336487,871735,3178
1044812,1328480,1254781,1273815,343224,5566690,719329,751624,508906,565759,1563431,1676737,3119
5763594,2000625,7112583,4559776,755095,8806591,1537249,1908088,567839,678739,3602486,7983982,10712
1643892,1531590,1910321,1414886,340690,5234480,485499,282125,342899,432470,1467238,2506295,5415
1571690,1467966,1850253,1397254,347671,5276099,723399,755194,439954,428939,704024,866637,4112
1413480,1219496,1538845,1457597,357912,5926150,956524,982429,523804,579129,1802323,1695325,4102
1650280,1669145,2001556,1269355,224842,4405822,491272,539753,542208,584264,1570643,2580751,6029
1636225,1466401,1914411,1444398,359986,5280419,500083,290352,360099,430539,1409489,2318265,5107
1669514,1536814,1925428,1421672,351778,5217916,698131,728528,457222,450925,722568,879959,4620
973372,1122874,1496131,1399747,347863,5299144,733029,770339,444864,503826,1480187,883393,3057
1979506,1689806,1990846,1297389,242914,5030637,726913,755166,584131,631883,1793799,3080441,5728
4635643,2008439,7118899,5460405,1211345,11133145,1806347,1768425,460469,612063,2735708,5828403,9079
1365740,1535584,1891472,1427742,356717,5307718,732986,764774,458205,450418,694315,836684,4010
1001597,1159414,1518503,1391796,346965,5055704,694788,714411,445573,493943,1364743,922100,3056
1278755,1132063,1111842,911753,233882,5216578,720908,762153,446241,503966,1460985,2486836,3967
2053804,1968228,2450850,1836916,361079,5036832,500668,522522,539192,602385,1878226,3141082,6877
1668083,1773244,2306730,1723522,445209,5987766,880810,918689,490719,516674,702511,1674028,4276
980354,1306453,1497699,1381095,349852,5189133,728566,762292,432127,491375,1064383,853182,2847
1337717,1346333,1571125,963841,244204,4890579,729462,752477,452791,503721,1423398,2448756,4235
1657737,1711228,1971083,1498263,221433,4525880,273743,513593,535652,597624,1513112,2435690,5386
7439260,2231694,10534324,7999713,1810716,15893562,3172941,3033483,614182,748172,5567257,11560796,10995
1338847,1501598,1906995,1699863,478291,5752685,929053,955968,484257,545503,1088842,888062,3184
1311271,1270108,1482049,903498,225815,4627258,704526,744856,450340,500806,1438399,2420289,3826
1612669,1514269,1912907,1427484,241115,4777184,271361,535622,385909,497288,1413218,2386999,5008
1703007,1665522,2016056,1516992,350868,5457805,705090,508892,437632,424479,1162779,1713379,5687
1343398,1543620,1908334,1437477,340431,5525017,710484,739100,467981,529838,889324,867515,2994
7643933,5031212,9854856,6525400,2794750,17794966,6324785,7228335,1394130,1602155,7347556,15227053,32565
1666094,1533518,1942765,1444117,235867,4899416,271196,516248,403291,512998,1483456,2592103,6123
1592710,1488939,1906822,1443605,360148,5547351,733062,527548,391525,381959,1087330,1639820,5210
1390743,1825812,2082999,1591697,355953,5780919,705442,737537,553852,545366,792875,887031,4401
1263695,1295064,1874998,1426316,458818,5988634,732034,765749,482662,578921,1851842,2413425,4043
1909896,1476433,1917020,1293997,245610,4769250,552452,760778,497311,544872,1718546,3101031,5600
1666016,1515824,1924667,1418184,355131,5393010,499803,521967,354202,437992,1084252,2536170,4737
1969516,1963071,2833919,2133606,577788,6108743,738899,792885,670352,655370,1525084,2400511,7549
1104852,1255205,1626585,1242924,363637,5767779,722541,745054,504645,554712,1494241,1699954,3208
1636590,1308581,1525447,1168706,126394,4823503,486246,753297,457917,500147,1454715,2543570,5680
1899655,1678786,2282349,1693971,480801,5346320,733529,523936,402734,429458,1396733,3041299,5946
1324004,1617161,1966648,1470870,357129,5493257,703974,735635,477332,491729,736248,881712,3348
1077250,1303335,1629657,1287206,352062,5807616,730656,763216,505471,558076,1541606,1692536,3066
7882512,2242270,10287752,7603131,1432984,13483380,2759428,3492675,757753,912501,6083722,11902816,10827
1695284,1590466,1971876,1470090,356348,4787273,493248,283703,428459,470383,1507584,2611524,5709
1573974,1529510,1871144,1408282,356966,5375438,725576,756176,404620,443585,709939,1602641,3945
1040747,1522290,1601116,1480058,490728,6122829,959273,984158,542763,603105,1486371,1701229,3129
1671157,1390830,1835221,1120714,128009,4424624,502750,752730,462787,538517,1479403,2541189,5736
1612528,1525320,1895113,1428079,263371,4834409,270937,460343,402708,487657,1349953,2293665,5101
1629260,1494949,1925247,1404422,357847,5216475,710522,513465,384986,370336,1070673,1726333,5306
1278244,1326773,1872958,1402532,356684,5411510,735056,764642,462067,495487,1088463,886853,2994
1659362,1549571,1642463,1264714,248903,5788873,970179,994863,559628,614357,1823746,2476136,5665
1614567,1506255,1908232,1403567,350272,4779175,270717,283657,417477,525670,1491758,2538613,5212
1855922,1727199,2238635,1671112,476127,6074832,949449,987684,407322,386215,708970,2276505,5296
1293984,1443389,1935702,1439409,348428,5403364,682836,706188,493181,541883,1096995,865223,2985
1347053,1377433,1272362,1287290,242356,5675740,731377,775430,519625,573856,1533123,1682827,3923
2007858,1837604,2402608,1517649,359855,5073055,510384,530367,500775,618146,1795107,3111406,6485
1686770,1665043,2019611,1497343,363159,5325133,714947,743050,452003,436819,788593,1755621,5450
1051717,1421735,1930901,1450272,363013,5359650,739415,773989,499025,545711,1133341,902845,3017
1383071,1341197,1232264,1016475,247704,5528772,728907,749317,493174,539916,1466315,2412645,3936
1716663,1830974,2016557,1370356,241363,4382926,345913,490939,543854,610168,1575809,2485017,5381
1886121,1750945,2287444,1689492,485515,5993322,740263,771250,435095,481391,1091191,2362385,5790
3859366,1912376,6269959,5140171,1032859,11065703,2133933,2353844,545972,661265,2928711,4601115,7286
1645874,1488542,1914262,1417919,361531,5225444,486550,284549,343036,427568,1414062,2491516,5380
1642161,1651962,1969127,1521303,351777,5771430,722335,761683,522211,523231,762282,873808,3920
1093744,1251537,1583698,1505622,361413,5489970,725806,752533,527904,555526,1437310,885170,3155
1545898,1324844,1510607,924289,146024,4689287,702738,733042,436705,494681,1428272,2547185,4590
1854138,1667320,2233043,1620946,360450,5161140,506851,527249,400165,509828,1835555,3210253,5227
1675306,1579040,1948778,1478187,364028,5420354,724760,748924,480077,476879,765482,890608,4295
1073631,1326641,1628965,1493673,349501,5559706,705234,744214,508303,572385,1547288,909443,3162
1339253,1258197,1588707,1242192,354315,6314501,948737,990319,557293,605132,1776091,2331408,3927
1650434,1496094,1924561,1419213,244069,4084410,272404,515551,447438,494037,1426538,2549306,5145
1891314,1680001,2281165,1669398,472362,6007413,947158,767010,419042,433302,1095296,2490211,6166
1048611,1586567,2053161,1549725,369756,5748579,741987,767669,511276,548348,1110921,884793,3210
1386585,1210153,1173493,963079,241763,5388199,713636,747081,469794,496272,1485692,2589838,4394
1597317,1458404,1836300,1380879,237344,4166009,274328,522744,436696,497512,1399031,2356674,5077
1616736,1494969,1884166,1407542,365753,5242905,720998,513744,345048,373110,1045614,2424108,4873
1344271,1663524,2016664,1701024,469708,6073468,947332,1000586,576110,628582,1150918,898805,2998
1290433,1155133,1181652,935740,243683,5390615,698020,729332,511136,543306,1414815,2262377,4355
1735249,1493586,1922853,1412963,244274,4073647,268799,510399,440999,481910,1431918,2560296,5259
1650975,1445621,1879129,1397259,356438,5194577,735049,531511,340405,372304,1096031,2535776,5275
1321744,1463773,1878374,1391657,362229,5246328,727569,752792,445762,490307,711224,867959,2999
1059070,1415158,1253927,1267791,358435,5690891,711378,742689,546449,596524,1546496,1770508,3233
1886566,1602894,2207306,1392365,245613,4533642,498153,761582,462530,560851,1792214,3155149,5988
1965540,1710634,2294581,1673062,482544,5715403,710882,514393,355001,446724,1396501,3192597,5783
1603624,1468244,1852208,1383103,352711,5183519,731575,771650,455890,427365,707944,877973,4122
1015980,1305448,1576868,1480095,365227,5599459,734026,764716,510499,546571,1423492,895936,3167
1996712,1570562,1910566,1209631,232178,5506629,897509,935097,570006,625250,1488079,2519385,5509
1897695,1675484,2232423,1613181,472415,5272580,502078,519417,400344,505708,1460814,3216634,6173
1328914,1460339,1885040,1386826,367903,5312081,728069,748496,436766,430796,717232,916383,3944
994121,1232765,1523810,1290006,335484,5319179,676925,714486,456318,498781,1397616,1349439,3024
1633059,1514756,1605369,1028105,126596,4988551,724914,753541,521934,557398,1476190,2350021,5362
1656290,1532780,1935791,1442002,368668,4694896,266940,280666,406925,509351,1418356,2516757,5416
1654795,1649450,2222158,1616713,463920,5584139,950335,1007909,455102,444922,724055,1720395,5145
1011509,1191169,1545033,1187543,368685,5385377,744716,776351,443419,490293,1405634,1651835,3185
1639656,1582796,1674274,1312380,125734,5115364,493664,743227,559231,610866,1593882,2601816,5731
1628725,1573576,1906360,1436452,356941,4803827,479858,290000,450165,568351,1493840,2446321,5226
1616808,1551905,1971526,1467723,372461,5529824,745290,765810,404692,387114,725400,1662397,5125
1020371,1335058,1894981,1407859,464577,5751085,927340,980591,521998,573673,1458129,1710470,3051
1632690,1457261,1577425,1231679,127295,4940064,505465,767982,505425,538196,1486527,2415499,5258
1649301,1579463,1946836,1473651,241815,4677260,267023,498161,481799,569392,1496680,2559649,6106
1589496,1503430,1872256,1384346,357125,5287977,741054,531211,402312,388024,1077629,1671111,4949
1292397,1444939,1899617,1428208,368388,5302995,741959,766104,443697,491250,1000142,862647,2893
1334057,1390069,1542957,1416726,460718,5791034,913303,957296,481372,506605,1455514,1784623,3865
1927594,1907881,2332729,1537032,245343,5203004,499696,766182,525822,630627,1861531,3128674,6040
1688884,1570404,1996145,1479211,371351,5626129,729944,515279,423282,411898,1103434,1709977,5678
1312504,1343874,1875391,1404779,351193,5216377,717652,754286,468133,516270,1086992,884389,3065
1316558,1166892,1150027,1176041,248830,5237112,744890,776120,454913,497233,1405322,1599477,3885
1709161,1674510,1980594,1249583,239493,4391939,481334,511018,498703,550465,1500374,2551684,5270
1825202,1638796,2215545,1629347,453293,5941446,694036,549213,408460,480185,1426993,2414603,6628
1301449,1374510,1909770,1429372,356634,5172662,717809,740957,462188,505541,1062306,872383,2956
1321396,1199336,1158164,1173600,235438,5125831,703397,737692,469378,513444,1460005,1728208,4146
1585961,1577044,1850977,1158787,236535,4211015,492231,513314,466820,506594,1399509,2308247,4671
1676818,1708991,2030231,1526170,364950,5668288,496716,513250,427705,538275,1137963,2463047,5741
1338607,1548435,2263209,1659736,461160,5864837,937635,993527,510785,514823,1105050,876559,4057
1287670,1183077,1133264,1099450,235109,5291590,719160,749608,442977,493625,1388567,1850156,3725
1606980,1531208,1903628,1185952,245451,4127161,493185,515684,449395,512179,1449523,2497016,4454
1638835,1625658,1934841,1456600,356694,5430074,506216,529932,397148,483056,1135585,2453126,4884
1318466,1613092,1974440,1481067,361201,5705709,725600,748975,483554,477811,760062,856996,4238
991925,1206802,1540362,1179445,356868,5252906,714732,746157,459512,503382,1472169,1720197,3124
1654311,1644852,2341128,1718238,482509,6556211,1131909,1168767,607844,611373,1455890,1638805,4942
1337761,1280394,1224333,1148911,225095,5586104,702323,739242,516997,577647,1504476,2089568,3993
1667138,1643729,2021458,1272769,248042,4462133,511951,534903,495107,542825,1482675,2460171,5930
1654581,1510942,1889213,1409077,349208,4732843,481446,282697,423853,459506,1463696,2549520,5508
1588759,1482824,1875026,1402817,366986,5270025,743435,774721,398071,441770,710955,1630999,3915
1006055,1346147,1517711,1404580,489947,5856916,950825,975982,499375,552009,1421066,1658673,2818
1616141,1714981,2007028,1300928,126245,4570040,489996,758065,572042,602637,1557733,2540865,5587
1627106,1557768,1946086,1472789,366826,5159358,511256,288618,423245,496073,1433855,2348122,5322
1654960,1524367,1929126,1411856,362698,5170160,712740,742926,397069,432314,706814,1739435,4149
1032673,1328197,1551047,1417806,361095,5392117,742119,771310,449088,503981,1108371,907260,3232
1697791,1713695,2030881,1297451,248530,5110532,744411,982827,565860,622412,1817270,3198826,5621
1652959,1531113,1909031,1383771,350098,5281074,491412,284291,358441,481865,1488089,2566344,5741
1567740,1543771,1871231,1401110,363532,5368927,733278,762361,454623,435995,700730,876757,4045
3329036,2192255,4413494,3252984,1307330,9615219,2483066,2542420,551527,508506,1372619,2490350,11110
1617377,1558878,1891693,1178408,348408,5204979,933839,747713,483708,521974,1829552,3272483,5010
1971556,1896191,2410962,1790402,363769,5687634,507963,532048,461807,556739,1781875,3107292,6704
1655291,1527072,1922460,1426598,353458,5286302,698681,726715,464911,456856,722114,897256,4209
989200,1171790,1488071,1631639,465003,5880002,954977,994886,535004,583572,1825202,866298,2963
1642415,1331914,1532233,911250,127019,4808049,739091,757253,439064,490867,1386977,2413292,5097
1631893,1582266,1954951,1457408,342492,5000523,277156,298358,442895,555852,1524617,2557629,5591
1616070,1617781,1906117,1424563,350350,5548923,706362,557787,428151,418569,1026343,1544337,5379
1320426,1326480,1916788,1655990,490319,5667103,951784,976785,492365,548252,1417818,871837,2941
1609085,1331309,1476585,920836,125444,4643981,710366,750495,449527,483736,1429744,2459016,4602
1614787,1574954,1917096,1447345,367436,4793878,275362,287009,418510,519312,1418008,2331954,4777
1709634,1614449,2006102,1485882,359081,5488525,707477,738706,423748,414504,765628,1732949,5907
1028438,1401316,1904855,1429204,356649,5405485,735850,766613,468004,523009,1104682,877923,3141
1650647,1308381,1531234,1112262,235438,5249710,955461,979614,504261,547143,1706674,2626456,4765
1671820,1422035,1845715,1350537,350603,4575119,276573,288852,395888,480671,1422806,2498666,4634
1596739,1715711,1996270,1530315,360884,5778930,726546,757251,525822,485724,800527,1610605,5119
1055974,1417205,1954005,1469366,368593,5480569,723459,744373,474366,526428,1092737,893612,3190
1331268,1129104,1134459,923048,239505,5173714,723339,762307,440980,495112,1465135,2556394,3988
1859286,1568568,2164769,1579887,348326,4579361,409971,529543,424299,517689,1675669,2969698,5574
1681044,1642094,1971315,1457800,361839,5440589,711063,741296,447530,440991,784367,1715608,5141
1016854,1387052,2004147,1516240,359363,5882757,742199,777541,460948,537068,1153552,864137,2916
1340115,1168951,1157786,934933,244255,5337570,727800,745064,465126,503144,1388261,2386901,4117
1628663,1483241,1889240,1387928,235794,4225236,276458,521968,451353,507433,1452777,2516782,4862
1891709,1605175,2218119,1622102,488698,5816133,977953,776409,382119,426348,1068826,2365405,4620
1035721,1539556,1781115,1524477,360038,5620481,705736,728207,553696,601448,1161817,895290,3144
1313099,1204419,1134116,925573,235137,5358262,709034,750232,463434,512904,1462205,2510905,4180
1636800,1443506,1852793,1393078,239519,4094589,274065,530723,437874,484544,1372927,2290081,4637
1622898,1527103,1914964,1424069,357827,5256117,704893,505811,363980,400053,1083159,2501065,4862
1282740,1652543,1959959,1489239,359754,5629222,742656,773819,523260,576741,785223,843070,2848
1329766,1450323,1597383,1211760,369712,5566663,977265,999875,497343,551939,1740901,2441693,4441
1662061,1509750,1920086,1414183,239993,4626645,278417,517629,440429,510541,1477865,2568579,5405
1574979,1430229,1842687,1377392,365145,5081155,735814,522202,336683,370906,1046871,2326744,4451
1330618,1587037,1944360,1432897,365230,5263006,716663,738619,473397,518137,741882,880339,3047
1009963,1268778,1228669,1259004,353561,5806670,725416,765717,558152,613261,1584722,1743459,3124
1874493,1687141,2266040,1431981,247834,4738246,500763,747942,468569,560589,1745279,3044183,6054
1628555,1503669,1911142,1410241,357749,5190482,703345,511725,402964,398038,1074177,1669837,4490
1288584,1418222,1900910,1427068,359547,5333086,740618,773813,479003,519374,1058487,870911,2951
1052240,1637685,2065281,1810957,472971,6344679,925100,949435,627469,678719,1491191,907257,3266
1690758,1492918,1580721,960799,125603,4968859,720430,760909,499222,557178,1516209,2587404,5542
1907515,1634764,2288649,1670561,487083,5274328,511510,537021,402386,505117,1418412,3125662,6341
1302169,1513840,1921536,1440043,359835,5307958,700494,724926,454645,444541,714404,869785,4054
1009654,1292746,1573647,1236367,353755,5325086,732323,773451,513530,567153,1506674,1680691,2968
1627963,1500861,1629752,1257812,125732,4972863,509682,767973,504748,529086,1444696,2433850,5738
1627728,1510012,1858184,1387655,336969,4610761,351635,285302,403076,485716,1406459,2452130,5440
1557724,1503322,1831985,1379584,356522,5302935,726373,756635,404060,378420,688290,1612878,4581
1004423,1279857,1877132,1379906,491587,5731943,962214,987861,479857,540189,1402531,1647697,3009
1617957,1510469,1624151,1259355,126477,5011858,482928,746560,560097,610032,1563226,2514283,5327
1637746,1582857,1921769,1430472,365904,4916217,505691,292370,435113,469617,1436458,2367873,5276
1639976,1518815,1921014,1429625,362691,5258105,708835,735942,398735,437512,713903,1692332,4317
1008688,1320693,1645420,1345721,331019,5188952,686697,723374,450935,492461,1046868,869223,2943
1672250,1524181,1638781,1277919,248766,5590062,744500,1010514,565736,618196,1813705,3156448,4926
1999352,1776375,2350460,1448429,353389,4887611,708851,509984,449572,519915,1858544,3401146,6762
1580815,1491045,1862968,1377794,363613,5204210,742760,773487,404611,449534,718776,1636633,3924
994664,1279658,1513066,1399655,370614,5234106,732811,751205,422949,474365,1055352,878462,2948
1283685,1521383,1885866,1162417,343328,5294981,919792,972629,512076,577961,1443807,2463059,3576
1884689,1915281,2402289,1819434,365590,5497484,502026,525257,577680,620959,1872195,3067988,6224
1712061,1506465,1938007,1445492,368384,5424652,722431,747470,398667,446461,702674,1745804,4633
994641,1308776,1505749,1384196,355790,5144431,730394,769902,450713,499549,1088305,886721,2992
1330312,1290622,1499020,921596,245657,4784264,739042,768710,460088,506197,1417727,2404908,3945
1662786,1709411,1970906,1468759,236564,4901728,274915,499930,454797,553365,1509402,2507284,5366
1934654,1727503,2284296,1696471,482788,6258506,727129,757830,423437,479308,1099354,2337394,6386
1098536,1352302,1934642,1445281,366655,5444937,716329,736794,465264,502706,1062170,860244,2952
1297135,1188931,1151607,1146117,228919,5304640,697648,736561,442913,489926,1412200,1675487,3900
1624851,1610287,1942215,1214136,249458,4335426,510733,532785,475052,531186,1456875,2364027,4927
1630911,1710430,2056874,1530815,363418,5719234,497406,518812,405440,523573,1129018,2595924,5687
1306042,1486957,1885185,1406071,352118,5275831,729142,760012,452161,447683,728035,893812,4174
1303338,1159163,1499339,1148049,363972,5815577,962715,987372,475762,535663,1706725,2395856,3856
1626634,1484991,1865266,1361184,236390,4138000,276984,511475,449742,492124,1445296,2496073,5050
1593531,1688414,1935217,1487387,347836,5715409,525727,521707,408049,500441,1088618,2227964,4530
1392571,1607273,1966534,1495972,364968,5477971,713785,735805,491744,476228,729551,882657,4538
1348772,1351025,1869897,1408016,447780,5884124,917582,969506,537049,509461,1456358,1678130,4036
1918964,1472357,1869135,1409187,243413,4641241,484771,749921,498450,541666,1707731,3019191,5739
1715297,1605872,1955081,1444989,357570,5426541,710670,519988,388199,423102,1111709,2577550,5216
1283218,1530160,1925673,1463730,356025,5650912,732679,765603,513114,548035,770205,872691,3039
1022019,1203362,1424868,1195071,352416,5369126,705407,727328,469589,517647,1381583,1662180,3060
1644825,1306817,1481782,1137915,125047,4732431,478173,737546,439071,484773,1429665,2495028,4843
1870767,1631515,2248699,1666995,486661,5328376,735828,523154,389214,440946,1405318,3117044,5770
1393127,1747222,2051080,1540482,369852,5573473,722623,743065,505915,576099,800559,874497,3118
1011469,1190578,1157418,1210568,349706,5267035,717277,759364,471587,514613,1468359,1692782,3092
1579759,1520052,1908629,1179722,126124,4230188,500067,765024,462700,508107,1392788,2325097,5129
1627654,1532707,1905242,1425129,350469,4972567,502441,294721,402777,447951,1431070,2464970,5146
1612493,1777909,2297099,1704206,473053,6205379,970334,1010951,521308,576880,796615,1656640,3774
1569000,1486040,1907306,1450213,246345,4247479,273525,519896,505787,538967,1484894,2419810,5460
1646845,1479682,1915815,1429949,369984,5370896,728853,514760,330606,374849,1073883,2444611,4865
1298861,1515945,1870302,1388130,353989,5184663,718342,761332,445600,503717,709191,860941,2965
1018954,1205358,1175614,1198511,362012,5431171,727601,754993,475640,514254,1412029,1591882,3096
1693115,1593705,1893536,1298547,125260,4755222,483589,723342,510323,575759,1518981,2500974,5606
1912275,1615058,2365230,1891686,574629,6008551,941790,747480,502044,555645,1851800,3305605,5802
1377657,1645254,2002205,1504941,370878,5447289,740889,769028,485645,528208,764274,920008,3316
1041164,1148581,1140396,1168111,356642,5340382,704469,735253,453261,513565,1466089,1734757,3095
1584077,1452792,1595714,1000023,127281,5086917,728157,757415,500454,559870,1445130,2326963,4918
1681736,1618374,1981011,1493706,363532,4879045,266608,280653,441169,548415,1471956,2500484,5723
1920178,1677659,2243496,1642713,463328,5732443,946599,981511,462594,453108,791752,1711259,5075
995076,1247824,1527536,1415886,359979,5180313,723488,756104,461269,498374,1372044,887014,3094
1668329,1463888,1593571,959893,124674,4850293,715771,745917,487912,530909,1501710,2580570,5234
1605722,1663197,1912147,1438276,348653,4951274,274793,286959,443914,577226,1488096,2423608,5506
1619972,1572850,1939185,1453196,366539,5442738,733351,753768,381042,377135,723059,1649023,5178
1018651,1346998,1912481,1431701,467308,5676252,930554,988211,491857,551802,1449845,1700971,3049
1582286,1334369,1475203,952956,127283,4635678,664479,724164,443705,495751,1349216,2220068,4427
1696879,1813107,2059296,1556342,365375,5038202,270009,282069,477063,575726,1484460,2513551,5738
1662372,1589024,1915319,1443382,354453,5293916,726565,769722,420425,384167,715386,1715012,5428
1301432,1298909,1867151,1413815,361076,5942340,961398,999382,494806,551938,1387352,1601900,3791
5807334,1769323,7311059,5801751,1353367,12976913,2641756,2764784,651089,778512,4705924,9268403,8331
3608809,2075974,4946234,3566881,746669,6695490,863266,1054781,561028,653330,3307299,6449663,7803
1652161,1657634,1969642,1471940,346952,5456165,700431,720134,447554,447459,797913,1678299,5709
1000600,1361727,1914824,1422177,353717,5334914,713328,753762,456418,495627,1100678,901365,3182
1320092,1257248,1194095,963131,250515,5205418,734554,765615,473530,509033,1436566,2389986,4121
1626808,1512756,1882440,1401725,240320,4034713,272805,513032,448692,486976,1401278,2439182,4857
1924934,1825574,2316453,1723811,460223,6159637,936183,747720,457331,508859,1109131,2488664,5106
1038445,1378402,1527854,1449375,369142,5277267,739532,772499,479687,518600,1071488,893976,3032
1339103,1205116,1363918,911088,243427,5160285,705858,733130,448277,497997,1442534,2548352,4120
1575614,1491865,1848651,1367214,238363,4153023,273484,530215,429994,480637,1428881,2416414,4792
1611381,1629759,1952621,1461509,369489,5432857,736259,520805,378861,419640,1088132,2422611,4690
1374068,1658497,1959921,1725883,460172,6081779,918356,973645,591418,640122,1179292,935017,3433
1307900,1315383,1510947,932182,243310,4773113,726010,762319,457403,506085,1406997,2373923,4108
1654434,1444939,1887481,1384771,246486,4557665,268401,510023,392655,473005,1396682,2497603,5310
1596329,1492279,1858958,1390068,351348,5218906,719591,516266,350343,382126,1089965,1861475,5114
1329763,1755355,2029154,1556654,365685,5616621,730694,763653,535458,568990,784838,883341,3040
1367876,1388263,1588368,1185958,361514,5322129,932212,971233,508269,577133,1854131,2575658,4478
1596757,1493408,1850280,1377682,241655,4618898,273013,530354,408572,498092,1463699,2469335,5014
1939150,1738274,2281660,1659313,466129,5926309,927599,728664,453678,457340,1034358,1611025,4701
5919468,2007688,9345058,7548954,1710833,15590946,3381594,3834086,679862,856906,5660882,8425882,6395
1258640,1414083,1278402,1284797,254670,5790112,729619,762848,559557,619620,1541821,1621975,4069
1629524,1549784,1933612,1201443,130105,4111419,491667,719452,468398,518726,1424741,2444439,5431
1866354,1625652,2199446,1602532,461855,5728416,721328,519718,403673,428743,1433085,2474079,5820
1297333,1343328,1876949,1395525,369866,5261370,743214,774638,424070,465538,1030675,861335,2951
1298571,1264788,1220501,1242192,236140,5625614,696794,726442,503138,564787,1489171,1740447,4701
1617553,1603324,1947969,1197994,242640,4160718,508571,531778,476403,544866,1505945,2484468,5575
1615919,1501774,1899624,1420151,364766,5327488,496552,507397,345713,443459,1080218,2423735,5334
1544771,1475572,2237749,1633354,452986,5849839,903226,953252,498140,492242,1105817,891310,3975
1363210,1307681,1226766,1236948,247128,5448420,739698,775236,509362,550479,1492007,1667070,4266
1684784,1642268,2002931,1226373,249065,4298570,497040,513538,500743,569645,1487560,2523708,5856
1604653,1583230,1905479,1430553,347651,5296101,498252,524112,367118,455925,1071616,2467779,5035
1319711,1489487,1890834,1423122,365762,5209013,732582,759969,443274,435956,716043,882022,4141
1308029,1149020,1520996,1168447,357062,5747777,912526,952411,489900,536272,1784726,2488536,4023
1622840,1756766,1988740,1315554,241655,4307965,381200,495936,529527,570719,1491389,2396891,5583
1633952,1527459,1926902,1444497,368035,5363766,504435,522527,366720,444827,1080594,2460974,5306
1367172,1508957,1882286,1401708,346737,5412246,701911,741334,469414,443955,732495,885312,4204
1028932,1246812,1536240,1199389,358837,5336631,720767,751078,491635,537787,1436838,1593910,2932
1734532,1532904,1669353,1287178,129838,4979056,504563,751553,506732,554512,1490181,2504280,5341
3852853,2102685,5425301,4485078,1177470,11974829,2373429,2430876,544781,625202,3279012,5780482,9088
1267417,1526924,1880564,1414724,348498,5273315,701748,733439,446035,430465,715172,868017,3970
1014061,1195563,1518014,1162111,353980,5174450,699166,728474,438411,492311,1417754,1697087,3082
1556037,1374914,1515204,1173876,127215,4796967,511024,777048,480438,517942,1466609,2428817,4808
1671052,1826029,2069252,1571668,370837,5199791,506953,282732,470879,526220,1500563,2447425,5566
1667542,1679959,2270391,1662038,460451,6008877,919211,970060,488975,530922,714959,1710301,4532
1024591,1194118,1147367,1181185,368667,5446459,739769,769504,458897,505202,1421176,1623240,3015
1643030,1356215,1788345,1164312,127438,4419995,486361,736510,448068,492997,1418989,2523768,5377
1640524,1693972,1980632,1485463,354632,5003953,499385,283818,469604,504790,1546364,2506824,4745
3428324,1780738,5169374,4024681,953203,11284699,2302266,2701023,612869,703231,2994268,4821935,5618
1005527,1372413,1575280,1469153,468610,5911454,908658,945010,530013,581419,1458625,1698742,3051
1570415,1469693,2213340,1388050,242882,4679954,737812,1007013,518265,565306,1809709,2384490,4300
1626964,1552186,1908359,1427147,363180,5384897,503952,284101,351582,452187,1401611,2388278,4710
1898011,1826509,2333309,1755219,452540,6523262,918763,952524,483425,464933,854901,2485311,6582
1322383,1359974,1916574,1439668,370011,5330068,741817,772550,453852,505699,1076883,868892,2969
1682945,1342949,1535403,1159280,243031,5191904,932986,965790,483309,541650,1781911,2530870,5207
1596623,1419686,1838517,1365901,346104,4688524,276832,291754,384924,490234,1422142,2406734,4569
1663663,1695835,1995473,1511113,370434,5759794,744113,769554,466383,462705,774498,1610374,4623
1013336,1367961,1927046,1427264,354473,5410686,708467,739331,437386,492600,1091674,864034,2986
1360276,1118308,1141930,937996,247693,5277483,738527,769514,426244,472330,1412549,2376205,4083
1617346,1503689,1858397,1210026,244232,4152672,399535,482037,426116,484730,1355049,2337148,5016
1914520,1647030,2186465,1580699,459753,5618974,702382,743208,399542,436421,1077270,2488771,5620
999486,1532520,1983956,1534019,356735,5942147,716794,745730,560298,592239,1137182,881400,3150
1385982,1231632,1206307,989872,241811,5330988,673083,702978,476775,521035,1439993,2437089,4379
1619569,1472412,1866696,1389066,240280,4079249,271216,522525,438913,496015,1461270,2466508,5016
1617950,1495664,1906219,1413960,365660,5151065,732476,515577,358470,392680,1049681,2355908,5033
1281228,1624209,2336998,1864408,466956,6827245,948205,976737,640184,651481,1306528,928416,4045
1773733,1710380,2027119,1542906,353063,4935812,277871,289977,510210,580707,1494028,2550664,5696
1643606,1644132,1934169,1459553,362639,5509575,728312,755969,448023,438553,786300,1632798,4958
1033156,1362610,1937806,1447212,364763,5294178,709591,729916,466377,505483,1091127,886025,3133
1331813,1307674,1588808,1256287,342550,6002011,934378,986797,587975,632624,1897892,2495087,3941
1975329,1975456,2410369,1794509,365620,4971215,453244,527484,562881,686470,1854151,3122545,6295
1660548,1645770,2001418,1491793,359545,5493192,712541,742896,435916,415076,767906,1735422,5546
1030573,1464865,1939076,1466751,361160,5454207,744192,775661,495161,556179,1152951,889025,2981
1348894,1289310,1218477,986756,249047,5472578,727888,748376,499479,550473,1446024,2422815,4319
1714330,1900064,2079591,1590032,236993,4682966,274801,524140,571749,606958,1583750,2570233,5503
1928592,1847377,2349605,1728758,488962,6197762,972817,769406,444330,491118,1139961,2418809,5463
1027671,1253039,1552203,1320626,369012,5420315,731797,752627,466334,522013,1458136,1552334,3101
1672040,1446000,1515490,988250,125895,4850610,690119,729383,480276,543924,1489837,2432784,4766
1616512,1750460,1988526,1535177,369383,5130811,273073,285586,491215,581455,1503941,2369695,4806
1667710,1603658,2052066,1570779,372199,5636894,727060,751135,472415,450184,825104,1735272,6141
1055584,1439191,1937033,1455100,348498,5409304,723117,763464,495760,540348,1122597,869227,3014
1656141,1466238,1582816,1224380,244811,5424458,728057,998854,539981,592788,1778418,3079429,4597
1660116,1627614,1965839,1449511,354150,4643683,475397,283580,428787,505424,1504983,2559045,5338
1650561,1860232,1994811,1545152,339120,5717470,693602,724585,514842,485206,830314,1625837,5189
1077308,1454549,1970230,1485676,365535,5485079,726644,745333,500551,550352,1127132,881179,3172
1354385,1176891,1132678,922613,240365,5185175,716115,755077,454266,496448,1471912,2571386,4028
1883926,1615864,2580252,1875861,466108,5452581,708726,740701,510378,557150,2058119,3028395,5350
1684867,1779397,2050048,1561993,365558,5605767,716334,741435,491564,525885,804951,1680221,3900
1015990,1347725,1581333,1488550,353137,5646346,734508,774133,514442,544957,1160784,896375,3264
1308929,1217045,1222595,943659,242561,5336056,691182,717116,473149,517819,1365494,2271634,4387
1645368,1457398,1873194,1360666,237785,3990448,268361,510830,430296,485550,1440795,2548482,4991
1870847,1628253,2212677,1609094,479685,5751713,974492,770192,418112,443247,1089605,2404565,4781
1053657,1576089,1661854,1574051,355794,5976019,709926,730130,527539,578738,1150901,879702,3096
1330863,1355938,1543832,946399,235764,4914995,702392,741943,463659,534649,1483274,2509254,3999
1569957,1462833,1862778,1402028,242181,4840429,271445,518818,397373,496732,1400783,2309457,5073
1603853,1511321,1859603,1395054,340146,5193274,668560,471193,343209,387850,1064321,2016124,5026
1278772,1557677,1954328,1476946,352594,5619969,728972,768550,499024,533129,752054,892065,3238
1342803,1417322,1577404,1234705,358802,5388350,951475,988220,525885,586954,1761309,2338729,4370
1669036,1491376,1876711,1378171,239541,4566861,271207,496043,404353,502588,1437374,2481075,5014
1565607,1417789,1842559,1386370,363302,5247644,743189,529610,395379,382497,1074584,1619073,4747
1330093,1463353,1954776,1695536,488555,5931841,959529,983964,547386,604294,1422921,855560,2958
1198158,1306847,1213774,1238058,262770,5470892,707655,745591,491754,538060,1524455,1739478,3504
1882040,1817020,2630154,1678783,356001,5527575,707830,970448,537365,652605,1982497,3069163,5861
1645752,1553475,1928908,1446650,361709,5249703,705357,503630,424882,408865,1072782,1675941,4889
1827913,1832712,2522064,1905298,467538,5245314,716573,756548,675086,744238,1693441,1813531,5288
1720144,1533559,1662025,1610631,342445,5928635,739641,792545,613978,661947,1848889,2401782,6148
1690744,1541172,1959983,1182086,235457,4130682,485253,505842,473389,532477,1503180,2560890,5756
1900873,1553406,2213423,1642334,471192,5778932,735109,744924,409572,449751,1150364,2392053,6106
1323144,1308727,1878249,1381671,352149,5175280,707882,728567,427907,480256,1043235,862112,3074
1367342,1265908,1192289,1227234,236092,5549249,707853,746474,527846,579681,1555287,1730950,4183
1616675,1621918,1954123,1239378,242738,4051124,500097,520783,484558,523549,1469423,2384772,5602
1644946,1450287,1892592,1408608,353184,5247282,486391,507358,344754,442334,1059219,2491403,5642
1290298,1373791,2197394,1600933,460256,5631517,957024,1010186,475985,479192,1091699,877512,3979
1337167,1280266,1195744,1039940,244275,5293885,739754,767344,476650,516481,1422959,2321602,4022
1678133,1859602,2083036,1345384,239204,4514102,456586,478707,596929,632846,1594940,2468726,6114
1600344,1557297,1933657,1476032,356373,5293594,504795,523363,356336,446250,1095195,2423361,5351
1332182,1482178,1908345,1422252,361841,5178748,720926,739754,433719,422163,698026,883266,4260
995365,1149035,1480494,1136991,340559,5094097,696154,737878,435906,481468,1439497,1713267,2884
1904693,1671046,1950730,1471171,242190,4909153,502206,763053,573941,642644,1842097,3084730,5655
1692623,1862350,2362280,1740357,462025,6162495,904981,713317,421376,480950,1103676,2501174,5598
1277028,1430077,1826488,1370695,329808,5173427,692095,731411,448660,443196,723293,863243,4126
1000787,1196256,1541482,1195059,347563,5253210,709632,737127,444751,486427,1355799,1512050,2932
1654077,1331073,1522855,1151570,123826,4478428,490080,736939,440666,484350,1431546,2537060,5068
1841860,1822590,2361187,1782035,464703,5719989,730659,522847,507009,549680,1567964,3191759,6882
1317356,1522972,1933423,1450708,359340,5250193,723152,744973,448158,490858,721034,875047,3082
986484,1161907,1133251,1165000,340410,5277717,699934,740076,450311,516029,1479613,1676245,3039
1543479,1331330,1614570,1170740,124819,4676610,477025,739058,461931,502345,1389884,2253058,4634
1644138,1630475,1993002,1518567,360148,4846108,491881,285125,454038,500150,1510027,2484538,5094
1634359,1756907,2329108,1708128,458868,5998351,955014,1010127,497711,545874,759539,1657467,4423
1005805,1157026,1152046,1204602,363091,5465818,738379,762913,446276,496565,1404333,1631095,3136
1639511,1558953,1936943,1178824,124386,4080429,489728,736025,469522,521594,1478880,2509900,4915
1587192,1593292,1919343,1456329,354355,5294655,502740,283457,397178,481176,1483180,2364417,4565
1670546,1669271,2021862,1510008,365234,5516889,732919,754791,424079,455244,719738,1037702,4357
995727,1297079,1525228,1411395,346883,5262173,708972,749537,470596,511198,1096159,868429,2979
1593649,1422980,1842239,1153112,243700,4539720,735602,1006528,472252,529545,1724885,3044752,4530
1644240,1547169,1940006,1452461,359273,5299220,488009,278822,355916,448097,1438418,2514654,5517
1968349,1803565,2296265,1714993,435102,6127630,901609,955417,593666,587560,794744,890445,3995
1040588,1288438,1607317,1479030,358860,5525847,729639,758593,481345,543011,1434100,879622,3200
1602184,1389868,1579720,965649,138303,4918016,714988,745448,460789,504799,1509024,2569788,5079
1864795,1633845,2237142,1653040,354086,5177407,501131,524890,404592,515320,1812272,3142285,5488
1692901,1714192,2002936,1511187,355831,5702282,716339,737163,534678,518310,784777,861379,4104
1016218,1298011,1569348,1461275,341608,5417833,697959,738360,459773,504878,1461335,863842,2961
1605037,1374093,1526340,941107,124003,4778473,734378,767997,481218,517142,1421321,2358747,5038
1664080,1499886,1903381,1413625,353806,4606283,269654,280424,398106,492567,1414763,2469442,5004
1850867,1675871,2207601,1621134,446798,5708595,925128,957313,465675,455249,775272,1678437,4915
1002908,1332827,1668187,1573699,360606,5908077,735123,762411,558467,593549,1517636,892252,3151
1681698,1347286,1576224,936206,125712,4773340,710952,741234,455824,509686,1491460,2586527,5797
1577883,1489852,1895024,1432764,351010,4790735,272598,284947,412643,534650,1455211,2372171,4964
1641108,1524829,1936997,1446638,361903,5320040,727094,746393,405476,393001,711195,1622415,4826
1039097,1417583,1956917,1484594,456483,6004620,926567,981057,567030,626040,1544576,1711501,3160
1926535,1575464,1934217,1305286,247483,5456520,884021,972544,527497,595631,1419189,2271975,5147
1671102,1506200,1945361,1448562,357613,4600749,266417,283092,406755,507313,1464035,2513982,5239
1664763,1519669,1907999,1432261,345445,5476055,725334,768396,422299,382640,732308,1674322,5016
993558,1370730,1920983,1451561,351690,5407136,717300,744335,467057,511211,1070105,872897,2944
1353282,1292855,1236989,1022820,237449,5827792,707656,738244,532231,598062,1540363,2569279,4714
1880651,1672553,2284983,1695268,356619,4724557,506514,540372,475426,518238,1844396,3206839,6533
1605725,1487595,1852041,1367974,342876,5151901,693112,712282,388073,373135,698405,1662329,4850
1004767,1305452,1851831,1380589,342343,5186375,700675,740279,432718,486818,1097037,878429,3048
1358082,1321894,1213901,995392,243566,5433755,734565,766229,501284,554233,1487407,2350325,4399
1695428,1640728,2017675,1512973,241873,4370430,269944,507672,486276,534287,1476524,2546417,5912
1921922,1602888,2213758,1621276,454708,5693341,944565,754936,406057,446360,1074869,2442020,5008
1000888,1319175,1525399,1434421,359609,5364267,728195,756707,450204,492993,1050809,853804,2933
1229905,1300228,1236681,1238486,261563,5635922,708299,748855,517605,557456,1504023,1699430,3373
1709693,1671744,1994368,1266803,128143,4652334,508969,764203,475117,533221,1470020,2393906,5836
1668541,1509805,1947577,1467522,360903,5337797,491354,280382,361918,454531,1427767,2488292,5818
1607959,1515722,2241031,1624158,456967,5641889,943879,999994,508765,492553,1060664,866909,4023
1308593,1193970,1149061,1172734,244462,5229782,726920,755920,442836,481684,1360053,1585051,3937
1624921,1656424,2026880,1264531,239175,4477185,487447,506463,531193,574615,1538009,2565991,5635
1604193,1491290,1901228,1438371,350425,5323349,497519,498039,360570,442542,1167716,2425027,4954
1969753,1683634,2319670,1715844,466596,6194056,941672,964552,431472,424789,715160,1573054,5465
999711,1148865,1500352,1376916,343635,5075584,701433,742626,427247,489824,1452917,884593,3114
1911585,1632658,1983571,1281065,243990,4971177,741646,773508,577652,623956,1862993,3149232,6037
1745174,1617005,1998692,1514126,355433,5391107,495221,511976,371350,470331,1127608,2512913,6293
1298487,1485881,1855203,1401515,347358,5239446,719452,760943,441466,433964,710894,853377,4294
1008443,1138858,1494092,1220001,361428,5387563,734890,766435,444169,492219,1401333,1524153,2910
1619120,1335097,1485310,932051,123611,4677649,660262,701259,465358,500600,1413644,2397394,5174
1897404,1794145,2359110,1779935,466270,5837896,504381,525133,473407,599270,1529040,3250027,6808
1337175,1474841,1944089,1442118,361213,5386762,733218,752058,431620,432171,723328,863808,4268
1000686,1134802,1490592,1140601,341813,5154546,698605,735665,441978,491329,1443353,1712610,3142
1582011,1343348,1530571,1175354,127931,4752284,510327,771538,447289,498458,1425083,2380402,4984
1644619,1602815,1991323,1505847,361305,4748606,492023,285593,450678,502906,1497011,2458532,5220
1684482,1729076,2269296,1659351,440262,5787869,907809,961653,472816,471952,729569,1655135,5153
972163,1144428,1513323,1194306,356609,5293572,725318,754090,441853,490421,1394398,1577152,2980
1654514,1321702,1540118,1195160,124144,4665467,486300,742149,450475,503305,1477093,2558883,5034
1599744,1589655,1911762,1441435,343389,4876828,499021,277421,442340,490995,1478051,2361724,4759
1720274,1575454,1987345,1495322,360494,5595474,729055,751614,420835,469099,746058,1667306,4544
1363575,1513293,1875492,1628328,549111,6430373,1106113,1172313,502040,567002,1461897,2444431,4429
1599454,1258384,1535880,1097119,123151,4556939,444739,696530,407714,456372,1286090,2136946,4375
1721532,1531502,1970023,1493607,365431,4856243,504122,290937,424743,458429,1442819,2535288,5681
1622867,1632343,1961530,1853138,459057,6859261,948111,1004264,621282,653059,1251645,1698708,4148
1028128,1355026,1536662,1470684,360577,5534059,733458,765562,462487,515224,1066486,877004,3123
1333723,1325802,1531986,918544,239054,4694011,704744,731785,444696,494166,1436546,2548719,4153
1871618,1646376,2223731,1622713,351130,5320004,497652,518691,388271,486270,1823917,3209690,5746
1663999,1643487,1987673,1588616,362246,6104506,734216,754619,510971,555833,845480,1058611,4054
1032932,1382238,1551122,1464864,343953,5482828,702871,743821,473901,520857,1118290,876641,3146
1290476,1300247,1517513,929178,241659,4821471,735064,766560,463767,514894,1429729,2377434,3941
1656639,1510281,1923959,1431312,243912,4851516,275804,516048,387501,489812,1420126,2505366,5249
1909745,1623317,2215110,1613530,456000,5605112,939873,758827,438992,440887,1094766,1687980,4727
1005531,1326967,1627033,1564377,359642,5788381,733163,766391,534703,583724,1491130,872567,3161
1560090,1407484,1556954,906367,134594,4804698,705167,735849,462277,521006,1470587,2557384,4943
1855879,1610926,2196499,1631362,346928,5245647,270587,533242,407949,565421,1824573,3170401,5324
1603037,1564233,1937963,1439442,362179,5314789,736425,518869,398187,384651,1047113,1616079,4828
1649148,1631828,2351843,1984778,553257,6812828,1111182,958941,569261,630032,1888534,1633609,4177
1652978,1456392,1578892,960512,123876,5022780,734481,762723,494314,564196,1468664,2385521,5396
1648486,1518594,1929294,1445150,362617,4722731,270617,280231,399233,486898,1412426,2479698,5476
1641482,1496560,1894297,1420158,343878,5257914,712505,734001,412852,391312,768857,1741301,5719
1253730,1389167,1902876,1446604,347782,5473365,708369,738653,487933,530601,1101118,857022,2966
1688296,1542404,1612831,1230973,239746,5614763,919868,957593,549503,597944,1873249,2589776,5928
1015725,1205977,1576419,1470969,358563,5539157,715694,737167,462451,516847,1430759,867967,3013
1295001,1161798,1127705,914496,235664,5272942,725586,767107,460912,516026,1461828,2463984,3902
1637531,1520582,1929291,1437552,242674,4260702,270923,522708,475213,517532,1411503,2358544,5014
1728324,1747539,2039787,1532385,348021,5655426,693540,499228,408005,447052,1158103,2509367,5316
1320231,1581277,1908895,1436570,338414,5588720,701629,727955,494798,499131,765725,886098,4186
1349478,1283248,1617204,1252690,366288,5997600,968233,994462,528237,585173,1790024,2476165,4270
1629927,1526900,1867998,1381228,232609,4177223,270701,515257,453439,494354,1427472,2493325,4883
1647823,1710155,2004150,1534705,365895,5709827,741607,531642,410588,439574,1148582,2411117,5117
1314191,1579310,1984278,1487797,360188,5597235,707559,730411,504322,569899,756843,895533,3344
958526,1172926,1118956,1163582,344682,5278800,719883,761346,459891,504746,1478348,1664883,2929
1871324,1508567,2076509,1437137,241137,4660865,474802,748507,486695,541701,1699813,3006091,5428
1646089,1488908,2150244,1675800,445272,5891225,884536,696112,436166,476490,1429657,2508498,5031
1367745,1775157,2009910,1535687,351381,5805743,734231,764179,573954,632109,830956,872774,3099
1008245,1222071,1167490,1198574,365013,5532148,737762,758982,452225,512018,1423678,1678847,3124
1626974,1478319,1873745,1135079,124999,4154331,489042,746778,450051,503619,1469885,2549559,5110
7655984,2422681,10485493,7832578,1774188,14644102,2975344,3308322,568756,785053,6180755,11720445,11039
1372888,1689288,1998059,1511738,360468,5605726,712000,734743,511173,550720,766559,878648,3076
983788,1227599,1187684,1246232,344973,5764506,721814,763601,524979,601749,1547332,1703292,3021
1618870,1515100,1905811,1172377,123346,4075271,501315,764440,441082,486750,1401539,2359661,5112
1666620,1461682,1892046,1411331,353236,5211735,488790,284190,352259,433471,1440885,2510738,4813
1586958,1487220,1873324,1400346,353459,5324251,735568,767032,447883,443365,705361,863145,4007
1292708,1328898,1616946,1516153,375192,6314335,961744,985548,547987,601318,1829664,1688430,4092
1671776,1517280,1893058,1166005,125592,4291335,492387,751191,469062,527918,1496452,2543989,5414
1586546,1455925,1869683,1425426,361054,5304695,502630,282783,359836,446170,1416929,2333327,4957
1622011,1509762,1928316,1431166,361390,5275124,712472,733586,454831,451095,711305,865380,3881
1032092,1356095,1589993,1519716,342053,5654965,714370,753536,543997,586020,1518126,849006,3001
1896818,1481643,1958483,1216697,244327,4764702,735432,763952,539080,575910,1789078,3151392,6928
1759311,1690199,2418403,1793017,457166,6131900,682379,695259,479462,581760,1601348,2581997,5746
1598676,1530988,1851618,1383028,330957,5276823,691395,723385,479370,470402,750659,893157,4143
1066957,1301689,1589051,1486759,362130,5399680,731862,755174,497453,542970,1461005,890665,3013
1728686,1695665,1700460,1076659,127310,5338304,714038,754941,568578,620188,1622789,2593334,5649
1960346,1788509,2341370,1746174,474086,5631025,503473,525500,440282,565687,1487446,3088311,6634
1386637,1644075,1977042,1481687,364043,5286912,714260,735519,483930,466573,762130,888870,4278
1019141,1222093,1505762,1190197,345936,5178690,720476,764249,471647,521716,1486294,1665159,2996
5597011,1962273,6627239,4375343,751211,9558409,1650367,1879994,661358,764916,3588046,7755121,10290
1671305,1556821,1971616,1512148,352032,4963519,270376,282523,454117,541849,1481894,2592837,6281
1627755,1600825,2212675,1639613,464911,5861908,958235,997242,461591,464869,740565,1645962,5221
989440,1188188,1503454,1146753,356164,5172934,719544,740220,443796,493663,1375625,1638411,2957
1681294,1336891,1530408,1168918,127465,4740820,483972,740508,449535,495604,1451243,2520912,5076
1634607,1761259,2047837,1580129,360337,5313762,503440,283497,506850,548168,1557905,2376634,5698
1627089,1621667,1935316,1478105,343106,5467064,675424,695557,433741,403395,737040,1695988,5409
1333093,1484813,2215404,1632267,452188,5774724,937125,990642,510346,521835,1128448,877171,3873
1583868,1325169,1514595,1163683,242417,5200946,728953,1003468,497651,542854,1726032,3052602,4581
8071395,2459264,10678639,7814835,1598519,13502994,2576962,2881724,675260,833461,6575827,12902303,11654
1590728,1710693,2313111,1736646,450416,6467419,935965,975942,518188,559352,778664,1662247,4470
997866,1321029,1516906,1427531,355844,5361338,720534,740701,450404,498791,1045707,851837,2979
1335097,1171529,1342644,910878,238670,5285432,713356,754023,452601,506888,1473972,2564887,4119
1892913,1609531,2231914,1637603,362287,4794628,504962,526961,430752,480455,1753201,3090663,5701
1686135,1704090,2028062,1535110,359907,5538836,709299,731649,447914,484744,764861,1686714,4312
1042452,1433675,1588346,1467298,344809,5498617,721204,765146,487203,543522,1157391,891210,3158
1287629,1310072,1504004,942756,243010,4880885,735278,764851,462377,510602,1418398,2339883,4014
1641926,1516104,1915386,1411425,238050,4677081,268633,506786,417487,506317,1444225,2514132,4855
1928941,1881619,2320514,1725724,462602,6134233,955242,753095,493743,506745,1147138,1724808,4712
963696,1341835,1595372,1493233,361133,5620913,728891,749106,487862,531537,1098776,865693,3101
1362339,1353879,1547720,945348,238721,4925478,709182,750244,473907,528251,1496580,2560875,4250
1596551,1491706,1883636,1423048,243219,4711057,273190,528749,412128,492658,1419432,2350063,5058
1675482,1659204,1955084,1455898,358578,5375773,707292,510402,426160,407359,1088410,1659006,5132
1346567,1562368,1996661,1548803,347141,5656463,724469,766451,542989,579948,1192010,850643,3029
1601886,1333373,1528033,1205439,247715,5519044,953986,996906,531101,588230,1746188,2335609,5065
1615308,1507736,1874196,1402930,246720,4641365,267573,461661,396344,493582,1416586,2443979,4880
1602149,1437093,1851322,1379751,352314,5221366,728451,520416,381275,375565,1074074,1647760,4875
1388156,1576321,2079981,1591482,362164,6041025,730591,752838,545309,582112,1120518,890320,3170
5482059,1729405,6543971,4880517,923406,9859818,1687170,1874993,672686,765402,3543963,7076273,9069
1905652,1690822,2262022,1432039,361062,4808682,509701,531857,467164,569371,1796073,3147515,6265
1627950,1506083,1921297,1418994,360902,5293810,712902,732816,400723,379795,723450,1679020,5277
1213808,1310259,1793648,1350662,328939,5178890,687880,728034,437767,481551,1060194,852943,2913
1336044,1371460,1245261,1274428,241153,5702773,732827,766316,558629,593011,1488913,1630667,4578
1672460,1542362,1921210,1180200,237305,4197888,486499,506486,448732,499146,1450197,2557348,5562
1914880,1629781,2205241,1630039,457786,5799027,732823,764542,409629,441707,1057712,2373976,6027
1001373,1327282,1885034,1389233,361693,5166193,731665,752567,431866,482034,1041208,866662,2962
1362217,1347325,1232085,1012467,236577,5501520,707951,748420,533195,584354,1551318,2547913,4106
1580577,1558005,1932401,1332797,244874,4374816,350837,492551,501601,514654,1382371,2257929,5449
1683482,1476972,1910855,1423819,362239,5263513,492817,511244,346444,441014,1057126,2498830,5407
1311202,1446484,2186653,1612027,448204,5749603,930690,986147,490055,485828,1094986,851360,4035
1319765,1222925,1166161,963838,242805,5297820,731829,763438,443516,494803,1406141,2323144,3658
1732556,1673780,2047470,1532772,237782,4318556,269608,509146,543406,601448,1549462,2581976,6236
1623997,1514142,1916678,1445302,352244,5538331,734901,524983,351510,395793,1101111,2448485,5482
1645746,1777472,2286239,1696582,457546,6124647,922213,947150,525956,519933,722647,868202,3757
976092,1196578,1502336,1160431,347801,5327292,709007,749658,462699,511052,1477835,1674893,2845
1883557,1773162,2021788,1576113,242839,5016254,502447,765112,589058,624893,1844378,3074182,6210
1705366,1723541,2036263,1528458,363299,5641651,719406,512727,372310,414308,1153964,2539795,5789
1348995,1590527,1909939,1443544,346958,5283240,724550,768171,479514,525441,741299,890509,3136
979396,1145437,1132291,1146579,359595,5288513,734200,765800,451226,499685,1405509,1613300,3020
1649604,1470819,1822245,1196173,124269,4579482,487152,734654,471681,533686,1485503,2550243,5176
1887200,1788642,2289757,1705840,466164,5582132,732652,522670,500665,527162,1540400,3215116,6502
1326825,1540684,1947353,1456455,362179,5574130,730734,751871,445753,501608,729480,845279,2945
998374,1210829,1179260,1188423,343552,5374583,701235,741238,461831,513462,1443049,1673035,2989
1582886,1562077,1914135,1185969,125766,4236474,504276,765880,466577,514950,1410765,2357385,5146
1739092,1740817,2050432,1561224,363838,5708396,493976,286993,403566,494758,1497687,2507946,5552
1625788,1718646,2232708,1649251,435536,5993834,906302,961569,520431,546206,783822,919090,4377
1001159,1178361,1149531,1197829,360728,5226545,734601,765691,452989,502640,1389101,1596548,2995
1948003,1693262,2279105,1417099,237899,4638306,487371,734398,464433,579052,1847605,3314001,5970
1600014,1674602,1952945,1487665,348197,5484270,491981,279321,409576,502418,1500576,2378142,4670
1597687,1505374,1968090,1486441,361008,5646939,728821,749567,484442,480926,736059,848346,4412
1357036,1390455,1925748,1677591,447207,6028847,906579,956560,538372,590492,1486606,892243,3149
1842284,1495754,1843158,1168122,160885,4648087,720406,892925,509934,550698,1721763,2977295,5611
1655359,1503164,1927172,1451874,362499,5260482,490116,280349,354048,448737,1452534,2504999,5158
1649948,1768957,2012337,1548309,345661,5728368,720117,765778,581231,572184,848682,889435,3930
1013239,1188633,1557406,1474590,352501,5376920,714729,743831,479286,507492,1398218,863470,2978
1643384,1344256,1535128,922650,123375,4734113,703345,733750,452014,504375,1465098,2545645,5292
2330208,2026765,2744933,2034266,707666,8550031,768343,805904,622842,879658,2583438,4951087,7551
1520771,1706886,2012354,1536423,362153,5697573,730016,752565,498536,492290,769239,910344,4154
1063119,1271070,1582544,1476241,342964,5572319,699423,740581,533020,557324,1501824,908693,3133
1612866,1357519,1527747,935678,124822,4933567,731414,765165,480150,532117,1467955,2385576,5301
1673333,1525093,1929339,1441098,362889,4731133,274301,286383,399665,497258,1436041,2526231,5244
1610037,1825282,2284197,1693163,457813,5911809,951098,1011298,507392,492547,745270,1669060,4578
1023308,1297882,1612978,1279618,361520,5732179,734886,766570,543261,577937,1499915,1654150,3185
1692645,1417391,1562543,1080353,126609,4796761,528330,738031,456111,507609,1462446,2544126,5619
1574454,1532415,1882572,1405619,350809,4752145,275045,283875,416448,516842,1449666,2397307,4802
1662412,1519026,1927554,1446153,361959,5376733,728378,749875,406932,403800,739197,1661452,5109
1041286,1528394,1987265,1489415,457068,6149982,927057,983222,575576,640555,1578447,1758106,3129
1947106,1672802,1946702,1491073,232315,5764649,715245,996112,574328,543200,1484648,2390480,5896
1648165,1494092,1912511,1440253,362375,4671589,492355,282665,401687,436020,1434410,2473759,5020
1618354,1496344,1896132,1429393,350416,5396150,732811,774974,420984,429018,727676,1658635,3989
1025721,1509564,1936801,1486961,354977,5518101,718590,749557,495005,546445,1069463,879051,3082
1347473,1183459,1187510,982547,241134,5627794,707221,737748,506470,554804,1538300,2590938,4755
1901136,1722145,2291604,1689977,354413,4724984,505200,528799,479020,529826,1856036,3225727,6418
1644684,1521631,1886373,1420234,349713,5347176,706723,727245,396164,448469,719378,1608602,4125
995784,1354602,1515732,1401042,348446,5286107,708396,746462,458793,509192,1112353,878911,2973
1363812,1512671,1611597,1057553,244324,5307067,732748,764456,539442,581944,1529757,2368134,4450
1625551,1634685,1926098,1471840,231550,4331028,269128,497559,506885,549415,1408751,2408011,5822
1931468,1684965,2257322,1658766,458739,5975748,953295,769688,401370,441036,1113812,2543789,5428
1019348,1340116,1557094,1452219,362341,5316107,733550,769352,458446,500149,1073007,897361,3070
1351501,1557956,1624581,1013399,234402,4962578,699093,728481,518721,575525,1522683,2502021,4024
1608719,1542993,1913928,1463970,238983,4957949,272882,526386,471953,547532,1483289,2462884,5619
1630411,1529537,1947758,1454140,362286,5419245,729887,517405,408596,401831,1061986,1644179,4899
1329406,1563823,1894161,1627065,446880,5792385,902188,955106,516282,574314,1170816,859481,2874
1583039,1609380,1859259,1195466,329008,5494742,902486,940972,477116,529297,1456774,2645050,4419
1670791,1658452,2003485,1535877,245336,5076376,271101,508331,490605,584772,1526474,2496146,5744
1632332,1520826,1877762,1419546,340662,5394488,708919,524512,409209,409803,1094806,1658498,5435
1356261,1393519,1965402,1494929,366178,5534644,742354,775825,462749,524600,1092598,891716,3166
1361291,1249060,1179002,1177831,239560,5346732,705789,736008,470756,517446,1477174,1738885,4287
1865196,1863214,2266560,1473039,299755,4940351,501956,600315,482598,604036,1845018,3084572,6054
1683341,1566749,1965376,1457832,363234,5586213,731043,517769,403876,415278,1097267,1657998,5372
1323588,1341685,1909017,1424646,348928,5363769,710001,750476,453200,513034,1094404,868005,2979
1294590,1173364,1157215,1196791,245319,5331293,737143,768260,438497,488908,1424265,1590919,3776
1687499,1638180,1969170,1252597,244932,4216190,491692,508004,500007,533338,1453854,2462725,4719
1895110,1721946,2313374,1737896,457527,6147999,724198,766048,467690,492710,1178128,2510121,6827
1181301,1363921,1936025,1462234,358220,5499053,733307,766514,457924,505341,1067732,910551,3062
1342687,1171082,1144775,1176350,240249,5206964,704968,736961,448633,502124,1458122,1715130,4067
1560579,1484433,1855411,1137654,238942,4052651,504460,526259,445229,500926,1451364,2403124,4516
2010123,1939648,2436131,1555224,362001,5841122,739301,760739,459793,559966,1492189,3237332,6833
1351423,1580240,2330901,1692954,460086,6079539,927614,981888,530369,529047,1144634,897326,4307
1298332,1194274,1165328,951452,243632,5326576,699165,731404,447217,498105,1376824,2263181,3981
1981202,1758202,2328445,1637023,346905,4926233,492898,715477,461268,510234,1431054,3175495,6136
1602916,1731615,1966993,1522789,347473,5620585,506001,524685,415242,507746,1172297,2463995,4821
1264678,1485648,1963200,1497705,363718,5612026,737498,768669,478804,472004,723627,855128,4338
1317048,1128576,1540770,1201137,354940,5921882,913466,952480,488609,548177,1811665,2512395,4160
1591117,1473811,1862611,1393819,238838,4098128,274175,535332,468903,509065,1481820,2454985,4900
1626209,1485560,1872747,1401119,363019,5285375,732065,518022,329459,372198,1047913,2410662,4780
1398413,1731265,2007920,1524314,344658,5849796,701556,741733,523058,566284,811515,877749,3156
1017243,1213514,1450483,1165175,349086,5475264,709953,740082,457284,512792,1412115,1604230,2995
1614681,1364325,1532992,1187090,126434,4760140,491794,734777,459873,507527,1448206,2488158,5330
1899631,1683365,2220839,1633847,453980,5222384,716455,516560,417438,455470,1460998,3246292,5659
1295392,1608285,1977524,1493764,359403,5755206,733261,762670,488452,534067,750997,893072,3112
1056403,1226350,1210998,1255980,353505,5620551,705705,738078,481643,557431,1521630,1745640,3227
1614621,1505160,1903545,1182643,125265,4248845,500631,763529,465613,508791,1470324,2447723,5273
1666111,1584966,1942968,1466423,349931,4874092,501219,286980,423202,469803,1420809,2382904,5210
1616996,1776757,2287433,1675668,456302,5864562,924829,981335,489496,542574,751752,1721833,4015
1060951,1340084,1226301,1261115,357220,5562238,727692,759039,530079,580188,1517716,1592647,3070
1624410,1552574,1940426,1205851,125111,4186208,491558,734481,470490,506448,1449550,2497908,5458
1911128,1677986,2207637,1651092,443289,6054358,703523,285359,336704,426153,1824176,3167025,5785
1579735,1519843,1916519,1461370,363131,5449757,737294,767802,456380,441091,724635,864306,3883
1081922,1585099,1634839,1524768,450638,6159299,889159,927251,572310,627134,1660237,1720648,3182
1628652,1599889,1925454,1200330,124709,3945239,504211,766599,490186,515861,1476665,2454605,5471
1616986,1536012,1912849,1433827,363231,5324769,504097,286483,347560,437914,1405286,2438118,5159
1624629,1459379,1868362,1372491,349384,5233439,710744,751293,439301,436617,727510,885176,3758
1022210,1377311,1602170,1538559,362832,5675267,736275,767603,536644,571867,1487904,846860,2896
1921194,1469292,1947958,1200863,223144,4705438,713183,771469,527431,571757,1820250,3313360,6936
1594774,1531174,1902101,1436929,241571,4166203,274447,527009,458523,516951,1462324,2433685,5368
1665965,1483875,1927420,1442663,367306,5286420,734695,511975,348469,390598,1087065,2482591,5073
1334869,1545897,1901521,1431306,349614,5353214,713668,756762,472423,517410,749869,888652,2904
1078938,1468151,1275980,1318636,358392,6019061,729459,760677,582977,634172,1557365,1626979,3225
1684506,1563403,1974091,1218846,123861,4208397,490473,737547,465065,512534,1462176,2516428,5556
1906158,1640876,2221564,1620645,458160,5768272,725980,525569,374597,446717,1466957,2560573,6009
1309350,1487231,1912330,1423082,357220,5322905,727128,757211,451678,495225,724167,876117,3030
1075624,1361673,1232418,1250502,351827,5472753,705543,735685,512709,569854,1528707,1709345,3132
1661739,1600125,1976209,1268137,126294,4282887,504765,768714,535472,579845,1504897,2484618,6186
1628604,1514136,1927383,1439000,358026,5381457,487148,281104,348256,451029,1413133,2433595,5436
1639173,1520564,2257383,1635774,457924,5800637,927599,982317,495336,498231,1106781,882835,3790
1292367,1201319,1168480,1205567,252046,5522439,743414,775503,465195,497577,1415349,1608280,3791
1731212,1789949,2045073,1286853,143311,4382279,486422,665803,568339,622614,1529232,2431553,6133
1653280,1556531,1898954,1437840,349500,5316849,498081,282618,364862,463567,1500955,2489923,5112
1593065,1539522,1950450,1457308,362429,5338201,732939,765801,459554,432480,706690,881168,4197
1352733,1133159,1501910,1392732,343073,5738141,907796,948077,497979,556214,1807700,1719578,4053
1552750,1614978,1956137,1243307,239870,4423232,503760,525036,521641,574577,1512759,2417636,5219
1667222,1669910,2013604,1527514,361699,5769487,501320,516888,398245,523799,1145493,2452950,5484
1526854,1526356,1866835,1404781,332477,5348464,678832,714815,464515,438857,730405,873215,4107
1016112,1182755,1516165,1421839,361553,5473716,736186,766576,450498,508512,1426994,893463,3061
1703469,1504009,1597395,983460,124264,4899534,711852,736757,514011,556780,1500177,2509944,5169
1961214,1943898,2377534,1762644,456430,5558599,502386,528772,461980,581637,1575542,3303675,6691
1359729,1736723,2327263,1727521,481881,5973826,967187,1006566,535726,524211,757355,898904,4247
1077725,1309275,1588902,1218370,352921,5318752,705359,737572,486700,540177,1516713,1716760,3014
1572223,1391321,1515744,1024895,127558,4805155,591872,734394,477773,527566,1449183,2315208,5000
2023567,1953492,2403770,1823661,359203,5122816,273002,504439,550451,657468,1842098,3131306,5970
1758203,1818000,2374337,1744764,461585,6038679,931502,984320,519397,520073,832681,1764943,5781
1044257,1195291,1547373,1205348,367182,5312000,739329,767121,439121,493224,1448354,1663408,3190
1751017,1581822,1674869,1294674,128949,4778035,493147,744797,531036,578957,1536936,2542012,5196
1673543,1666308,1968803,1508222,349007,5087600,499366,285392,497502,535708,1575926,2492485,5078
1704168,1753146,2060157,1562009,364873,5495781,737271,767090,471236,440568,809395,1662205,5144
1025642,1457755,1963579,1478521,459136,5812378,906873,945942,515861,576729,1497498,1702662,3032
1652624,1436040,1574436,1222947,126066,4725378,504357,769583,499883,540730,1490665,2422747,4873
1645768,1481811,1880695,1417854,351705,4810339,481923,282915,394072,449199,1395760,2363729,4797
1695223,1715238,1992371,1524585,344144,5728755,700916,739651,480702,511325,764388,1681165,4161
1032863,1322991,1543139,1439881,364974,5437859,741699,772878,476832,515848,1085777,863284,3054
1662463,1400747,1839260,1177831,244308,5032017,713936,958260,506129,558711,1786311,3288386,5070
1580882,1478967,1843912,1384427,336403,4722606,500863,284858,412017,441066,1429680,2356404,4636
1632651,1749131,2025845,1552242,362827,5766215,735947,767679,497351,526344,770797,1604765,3915
1024366,1368439,1574809,1469578,351772,5454184,706460,736256,494846,553495,1134789,879003,3206
1300864,1382343,1522273,946931,235504,4780923,723699,755148,461109,516569,1449638,2390367,4065
1959902,1795708,2346924,1727021,241744,4770357,265978,725125,488056,594052,1759562,3146172,6386
1933214,1773526,2292449,1681413,456549,6002627,927472,748676,485129,489608,1127417,1734341,4859
1056481,1576431,1603928,1572627,348230,5888024,709450,739773,551863,594371,1204688,865705,3051
1374047,1306159,1540435,947821,243404,4794745,713492,742372,452530,508964,1454276,2559281,4508
1606579,1486317,1866800,1413218,238397,4716985,273279,525535,411505,510419,1471583,2457533,4973
1631188,1534092,1927635,1436464,357045,5396707,720397,523731,386067,365830,1037373,1592957,5285
1288895,1465408,1999555,1751938,463171,6032467,922476,963784,587881,632601,1550855,896216,3093
1604599,1402248,1568190,976773,125596,4850975,734216,765223,480383,534588,1507749,2430523,5047
1613639,1490179,1880798,1420867,282258,4823518,272113,413626,406029,500834,1396667,2339116,4829
1585691,1522207,1881540,1407154,347662,5363803,709048,515558,405547,408978,1118532,1706181,4512
1293479,1460558,1952989,1504228,362678,5568387,736190,767363,518706,553099,1129265,851252,2872
1771300,1540422,1685994,1273798,239652,5661473,935189,966443,565159,627957,1876537,2566483,5977
1620947,1461307,1882174,1410602,349530,4791658,275045,289026,408166,496728,1463124,2496157,5162
1595275,1502082,1907369,1436499,362238,5330022,733451,764995,405410,389901,724695,1601598,4515
1189225,1407887,1899501,1409777,334619,5235971,673680,704202,464194,513399,1098100,873303,2995
1338787,1445933,1263203,1284749,240509,5758996,737242,767852,548786,594383,1544401,1640644,4143
1639057,1570429,1972636,1247488,244410,4356462,498716,515155,483841,528531,1447482,2454729,5606
2251108,1920300,2646122,1635134,459716,5798795,909900,962412,484693,536767,1449325,3302299,7196
1008084,1363384,1888123,1435261,364057,5420036,739282,768993,455892,502691,1066994,863243,3008
1358333,1388243,1254839,1037162,242724,5519166,709657,733668,527443,571057,1514012,2503614,4207
1630588,1455206,1905122,1344544,237969,4122271,293453,525482,497033,543158,1524134,2560692,5927
1632141,1570913,1962589,1456804,363495,5443006,505282,527432,351071,454521,1072923,2381072,5262
1352747,1575821,2312381,1653684,462819,5815547,916466,956014,519134,508458,1106629,916926,4154
1276760,1209543,1162420,944886,240881,5324767,733749,763386,461310,511853,1449979,2388352,3655
1710448,1776896,2082940,1601722,244555,4617478,267901,515559,520386,579858,1511312,2471968,5753
1670839,1515804,1901868,1392571,345789,5387462,707111,515660,357025,401635,1111525,2588521,5728
4081736,1706397,5021785,3952194,901355,9905521,1757984,2017426,642724,720384,3849290,6599095,5899
1341101,1181831,1517805,1184500,354992,5792709,922078,954379,501446,558874,1794587,2516208,4121
1660665,1673516,1967590,1491813,239705,4420709,279504,533681,525136,571342,1552428,2480549,5134
1635458,1608862,1967725,1480726,357907,5491189,728066,519805,355968,366967,1066101,2375705,5635
1326355,1558818,1923296,1439710,352171,5264515,706915,737481,460891,505213,717658,857611,2932
1289874,1326862,1508097,1420970,475369,5909278,974589,1016051,464777,510126,1460751,2366768,3667
1913384,1718614,2239515,1423904,226883,4392202,501903,751613,522996,576526,1739096,3069213,5505
1645898,1641303,2018422,1540223,348308,5855729,710431,515825,432335,471370,1217071,2585039,6072
1620544,1458234,1956779,1427021,363250,6120186,919442,958704,535054,583188,1054447,1472188,4199
1016917,1176460,1165396,1189602,351813,5240262,696979,722616,463088,503701,1421133,1619358,3081
1620852,1575059,1929375,1218732,126886,4301342,502402,770247,488776,534507,1501469,2515483,5311
1618030,1706063,2034490,1552933,363517,5654270,504597,288218,401264,489799,1441504,2397842,5265
1710116,1876843,2395632,1772587,453171,6183334,897307,935951,602154,574409,868235,887224,4416
1018462,1184360,1166934,1165428,348710,5246332,719503,748330,445775,503793,1404120,1651183,2974
1633156,1556400,1929303,1173244,126373,4171038,495258,745781,446498,498171,1404481,2428725,4770
1656841,1573200,1895854,1422845,337768,5281944,478259,280415,387067,482552,1476108,2477569,4798
1637773,1573612,1947552,1502237,356017,5799633,726671,760047,545930,512987,795867,886166,4338
1346430,1247188,1537020,1449301,359732,5833576,932115,963328,489463,550058,1792854,1696243,4171
1589335,1482457,1837550,1159387,190467,4292192,505654,601291,449805,505120,1411474,2365830,4948
1600942,1575592,1968104,1467211,363612,5486850,506731,289263,366648,464690,1411879,2337545,4679
1718689,1768742,2051860,1522825,352554,5589193,707900,737371,508949,506627,792985,891044,4430
1078473,1227799,1581863,1460160,356179,5571596,731632,765067,488036,546662,1518161,900765,3196
1989662,1514020,1899093,1174740,242904,4713927,730802,753361,501936,555821,1767015,3238397,6127
1647901,1523865,1890229,1397831,346394,5284727,488360,514249,359098,457157,1100089,2544484,5154
1720672,1656909,1941312,1508630,361379,6588411,953165,993893,621100,602442,1152274,1568010,4958
950557,1167280,1587708,1516246,355297,5533913,704139,729506,499505,532906,1489886,873988,3129
1609194,1306363,1510130,923496,126070,4683495,735700,776539,455233,499970,1484544,2499377,4877
1676575,1620471,1981880,1493313,363797,4943452,274898,291061,432591,539319,1445269,2414838,5428
1636335,1616610,2269306,1633602,463106,5645379,915658,954755,438681,441233,722271,1719696,5294
1069684,1437448,1635004,1286718,356351,5660135,732889,765637,543938,585440,1553486,1679973,3118
1674247,1310350,1558963,1128592,125944,4885938,515975,745455,462097,518892,1449319,2455809,5471
1172165,1572246,2086272,1614649,366584,6254122,741905,753670,453922,534961,1186918,988406,3966
1294584,1164752,1144366,933618,231719,5270723,696418,730165,435579,489936,1450322,2500198,4125
1925057,1837957,2326598,1757046,357331,5105604,505770,527938,545345,592946,1894318,3142153,5976
4019086,2915959,7118864,4723429,2098335,10569200,4052079,4148449,945262,1073349,1482864,1658395,4761
3159459,3271070,3771555,1988111,286486,5609798,742927,887921,1110819,1187889,2526712,3730956,11011
2451467,2438470,2783497,2151923,435991,7172323,499357,520630,478237,847927,1944067,3408408,7704
1563178,1673188,1943013,1493651,351049,5416573,711926,742846,511676,489313,775344,870528,3924
1426279,1541618,1691329,1620981,360153,6529645,930574,963804,612170,674502,1930616,1716197,4569
1695586,1649805,1953066,1225306,239224,4220484,501500,528651,495091,551096,1541030,2502222,5475
1654491,1585771,1950409,1483243,359277,5491022,504275,522455,359143,460068,1092945,2379661,5297
1379952,1646812,2340634,1706785,448783,6005987,894696,934289,553143,557124,1121771,894187,4370
1000398,1527872,1621685,1532466,363155,5674889,732362,764020,528223,575864,1145140,886328,3078
1656856,1572673,1751703,1278148,243387,5509266,679473,928581,601307,669643,1858305,3229285,5489
1670100,1702514,1951457,1474914,351394,4833160,508652,296360,449693,494857,1553405,2527390,4895
1615789,1593314,1927311,1468295,363184,5372770,735718,767638,430251,466283,752629,1595632,3701
1104381,1602634,1650889,1528587,356361,5492356,708891,739478,501658,566147,1181113,915652,3140
1409460,1619948,1641477,1028700,240136,5086867,736292,769910,569256,642176,1604746,2502032,4520
1699300,1665138,1989279,1491456,243747,4790739,272452,521361,434896,538967,1468270,2470085,5461
1963224,1859814,2273246,1672981,444199,5790631,896863,718309,452866,494735,1154946,1997554,4832
1013401,1405317,1526911,1437963,358994,5393871,729212,760635,464425,513113,1098558,866067,2854
1400542,1799626,1737974,1106348,246758,5042357,720349,741522,581645,625112,1555496,2490364,4473
1714399,1653864,1989166,1515677,241585,4838359,280340,532415,468032,556454,1535874,2548942,5782
1652569,1627457,1950803,1477506,365409,5302133,740312,531462,424490,404292,1094881,1645264,5244
1306780,1302166,1904675,1668137,474148,5567696,928548,968536,509722,562207,1471528,873431,2968
1530030,1555561,1609785,1016313,145106,5052160,746519,778694,538620,594320,1547685,2448392,4480
1675058,1584689,1931327,1421048,240313,4861096,272513,517797,430553,547013,1436808,2420094,5697
1648749,1634376,1950001,1452876,348052,5300811,708080,514483,433509,403887,1106143,1717740,5288
1323774,1432456,1942637,1471321,362236,5657554,736170,767709,491566,542111,1068890,875716,2934
1648626,1399611,1547323,1181671,240111,5236824,933084,956506,506318,558746,1770900,2475420,4993
1676404,1801524,2014957,1550122,347476,5171129,269941,284077,487397,597264,1582675,2562174,5704
1660897,1644279,2003337,1517853,364093,5681469,742206,757065,432878,428555,834233,1671384,5644
1299637,1369611,1888057,1403476,341209,5259508,680001,709293,464117,507350,1081057,892582,3134
1273790,1185302,1153832,1178926,238401,5372433,734096,768240,462779,514988,1498204,1662263,3768
1921471,1842449,2360341,1513754,357248,5117263,497571,512335,507140,608507,1778182,3122696,5891
1676629,1560036,1959566,1476963,347303,5552988,708457,745509,439183,427497,778306,1742731,5991
988523,1338643,1880159,1422604,359662,5414188,735697,766510,467734,510715,1082392,877877,3017
1387226,1144543,1129379,939132,243244,5158339,717403,738592,443073,491218,1413661,2442506,3891
1585722,1558780,1849179,1205485,237889,4150400,437069,491724,469334,518501,1426172,2413275,4956
1676012,1797630,2053691,1584814,363393,5887899,506791,530856,416761,521406,1163725,2392105,5815
1335634,1559120,2292642,1683780,464288,5915403,906859,948002,512566,511564,1073222,887359,4085
1269766,1159731,1148960,935029,237916,5163326,732805,767429,446429,506363,1460547,2415786,3637
1669673,1624413,1953847,1449864,244750,4233511,278150,525778,478661,522786,1430743,2419373,5057
1623207,1703096,1986832,1510814,347547,5618724,703788,510010,424741,465112,1164646,2566182,5561
1623088,1827903,2280024,1726301,446549,6422500,909629,949565,564297,577345,764880,888011,4152
1322422,1189282,1554254,1205941,362960,5792609,945541,972524,511018,565393,1779805,2454474,4006
1597448,1528257,1840464,1392308,228754,4154882,273937,514435,464337,520070,1442997,2414689,4611
1629693,1666157,1972270,1522949,365694,5630038,744657,536080,407901,439410,1122702,2357067,5090
1356871,1683936,2040442,1527676,356235,5389075,708346,739514,511306,554327,775804,885649,3189
1024251,1196443,1141068,1181587,348535,5191465,729936,767080,480237,517864,1479816,1668103,3084
1914932,1547108,2097547,1423730,246495,4597925,499515,743482,492423,552876,1715226,3106320,5965
1624470,1509159,1902825,1409699,349802,5154815,704984,509600,346355,379196,1095982,2546633,5246
1302985,1604281,1954934,1506497,357826,5753605,736152,767963,527365,582310,775859,870068,3054
1007758,1255421,1185036,1203224,362648,5366783,721902,742625,460385,526490,1461804,1670767,2995
1652646,1470877,1850561,1151483,126201,4061908,484300,744440,449726,489528,1437231,2520741,5153
1905893,1676049,2308213,1687643,480855,5952776,736859,532559,336718,438817,1419968,2469954,6102
1351197,1703440,1991395,1511969,354729,5467817,699766,729077,523505,568623,764345,889366,3154
1062537,1294974,1208764,1259734,350853,5294599,727377,761771,476267,536350,1526084,1710821,3139
1619337,1555549,1957176,1180492,125200,4220877,508687,769328,466026,515359,1437329,2453038,5521
1646291,1460655,1888018,1388316,344927,5188456,479029,280865,341674,436812,1457588,2520109,5314
1591429,1458392,1828450,1378737,355518,5150872,732627,765466,449541,437385,692417,855622,3635
1597011,1565569,2000505,1790332,476918,7138173,1155845,1185246,664111,725303,1842204,1698920,4239
1607871,1524726,1885727,1168858,130490,4134748,495827,734304,453357,489358,1466333,2511008,5468
1603288,1501536,1848224,1398846,345264,5359761,503640,284200,341942,428185,1354294,2226612,5133
1665985,1453885,1900267,1415904,361294,5319114,717435,743436,430327,421005,711628,909659,4158
1072114,1317544,1609700,1476977,340472,5542065,713512,753358,533204,582346,1545306,897046,3141
1937478,1567502,1953066,1171567,243085,4891732,736546,764285,476259,552218,1751159,3178889,6863
1693815,1610982,1943741,1442133,351427,5295682,491460,510488,386802,472899,1148593,2601315,5783
1509753,1522206,1845115,1401824,344468,5288305,710247,741115,471263,452754,713416,849107,3875
1015485,1232029,1549212,1426405,363899,5165084,727158,748385,446308,490585,1393343,858185,2874
1621939,1478725,1616558,1011874,126707,5172361,713924,754574,532699,574576,1547478,2585314,5875
1887913,1708682,2258894,1687512,467842,5329243,503225,522115,397814,503485,1401137,3010841,5970
1350012,1567578,1958439,1455574,359693,5252785,714160,744160,462545,454330,737225,928756,4284
1007001,1190278,1521479,1180660,348760,5234164,726676,766357,467444,515206,1459711,1662622,3040
1643585,1478498,1564671,1076566,125100,4963625,603132,727693,506386,559781,1434277,2259884,5040
1669045,1646262,2374259,1744014,459964,5379146,490505,511173,520583,638930,1885448,2536134,5583
1604296,1472744,1860735,1394488,355758,5199963,735645,767214,394097,380083,696645,1627170,4884
1008014,1338513,1892226,1417528,481128,5683804,955047,979254,489073,537478,1404655,1643538,3027
1971051,1718318,1968853,1485784,229688,5525093,696329,970078,594696,556444,1510018,2550021,6019
1618668,1618833,1996292,1518054,362133,5182007,504264,283816,470321,513231,1521147,2386144,5694
1676502,1577436,1962169,1481558,362971,5343526,716734,741793,415679,395759,743940,1720110,5396
978975,1274510,1821183,1355654,341228,5086304,714972,754462,432385,469255,1075635,878356,2894
1612683,1367982,1512974,1156087,242307,5155396,733009,1007147,500759,547776,1725006,3078523,4406
1714136,1739842,2018152,1524504,352458,4905373,491915,286956,448661,504038,1560806,2580627,5755
1619814,1578003,1897573,1453382,355601,5402483,735052,766367,426120,483950,729075,1668077,4392
1011948,1368989,1560967,1440378,363463,5317142,729961,750720,446800,489860,1047713,863060,2939
1330326,1147800,1374866,917174,236209,5049394,707635,749336,460195,518806,1472276,2538023,4017
1920859,1836676,2319132,1742282,362029,5035901,504356,516813,522966,560557,1843858,3090297,5905
1657533,1480862,1959966,1476860,360580,5463921,715674,740349,442313,473613,772808,1735266,4823
1009166,1339178,1523544,1422781,349366,5259684,729446,772145,465353,514297,1106705,872327,2880
1305872,1341511,1515860,936396,240145,4735633,725840,757080,451195,497819,1379762,2314158,3809
1668570,1560139,1919148,1403485,238026,4552198,269948,508389,405329,501963,1459693,2540535,5033
1996247,2041542,2422242,1835619,469355,6290024,969825,769112,553538,564878,1236428,1752605,5557
1020560,1321664,1465620,1394730,340561,5396496,687170,707147,454307,510069,1085937,892177,3111
1667312,1645499,1887041,1201789,325385,5331522,880713,932043,455683,504133,1481241,3100334,4869
1675614,1578145,1940514,1457813,245981,4888842,275937,531615,434473,544635,1496596,2352528,4682
1700519,1810114,2025594,1573948,358875,5663378,708231,511354,498928,469586,1150019,1646961,4786
1325070,1479358,1983262,1536253,353146,5593277,736369,778791,547621,585700,1222652,905470,3078
1622271,1411786,1564300,1214528,246558,5362640,968360,1011812,524936,570687,1790270,2388051,5097
1666594,1672602,1929622,1443779,261858,4650963,274628,440267,430806,543547,1467112,2441271,5116
1623524,1525320,1873907,1404959,355688,5210388,739632,529878,426694,400624,1113674,1654427,4697
1403139,1708936,2084081,1611562,364295,5916037,734262,755423,545324,604295,1196616,871576,2908
1390439,1301685,1218885,1226523,235033,5423661,704239,744501,484167,548196,1538192,1732721,4109
1914747,1738943,2269014,1444743,364108,4787294,506206,528415,475452,585807,1827287,3113128,5658
1680804,1595656,1960353,1473543,362868,5312484,715007,736155,419574,411486,749587,1680550,5218
1195426,1491991,1944815,1490400,328506,5465912,688324,726387,543490,571739,1194211,930466,3187
1407742,1367141,1253056,1309294,248853,5533066,721249,752199,515308,570040,1489174,1595656,4198
1788853,1611613,1949171,1188924,241662,4091288,490084,511541,468863,516866,1494907,2586366,5789
1936776,1724213,2258323,1653519,468798,5795353,736560,768196,406420,461301,1122753,2478179,5974
1052523,1508000,1999704,1504723,363583,5462827,731736,752782,510757,553576,1125225,896810,3038
1408572,1347387,1236093,996258,237360,5619771,705944,746332,504534,559515,1543716,2601592,4561
1981516,1867819,2352667,1648111,349682,5086272,529226,755575,493542,560995,1491561,3094078,6488
1619652,1527654,1925499,1439820,361792,5228163,493248,509363,342213,435943,1071893,2477306,5012
1337984,1494079,2238757,1644563,457530,5764674,944162,1001697,516830,510118,1088465,877099,4192
1377075,1322002,1226329,1010111,248632,5880374,745344,777272,550170,601050,1497540,2410025,4661
1706850,1603860,1958305,1478460,240507,4255258,273185,511623,477944,540432,1495409,2570021,5741
1581417,1488315,1871995,1402221,352623,5310864,734358,514453,347727,385395,1090365,2407554,4708
1337788,1580881,1958286,1466825,363341,5296783,734840,753584,461965,445722,725415,879763,3611
1047495,1376446,1593587,1235563,339974,5443164,690508,725046,523217,579297,1517353,1670954,3133
1966564,1608351,1958378,1483179,243165,4856472,501690,766799,519449,597796,1847293,3202001,6847
1668122,1587897,1956963,1456562,355427,5306546,711265,505601,359573,390107,1086015,2492984,5788
1288169,1526909,1872154,1402143,347011,5272016,719944,762102,457896,507378,735778,877565,2902
1035610,1205199,1169880,1203756,361275,5344153,739519,773369,467232,506021,1420066,1613231,3017
1658642,1671669,2004497,1305697,126265,4680242,490227,737080,563097,611629,1563281,2584576,5819
1873517,1685602,2246024,1664720,453226,5317611,734415,522569,407669,440346,1458208,3172351,6260
1683158,1624815,2272710,1645081,481252,5709080,961008,988122,463894,472476,715618,903948,4152
997229,1109946,1109887,1141395,341716,5054971,694846,732827,435339,478754,1439240,1665821,2954
1976027,1896510,2301989,1502488,215921,5178442,688068,769353,538085,587411,1827959,3010234,5912
1704169,1584333,1945091,1441208,361737,5337721,496640,283874,333676,443104,1436437,2510950,5839
1606465,1710917,2212203,1645812,446351,5763814,915955,970087,537081,534447,834801,879354,4087
1000518,1134802,1137773,1186273,335088,5259990,682590,709871,432069,479672,1296926,1432397,2952
1691466,1321053,1519934,920118,125756,4740932,709659,738802,450567,500893,1467263,2554855,5464
1567410,1688032,2001098,1553697,352083,5267207,271984,284129,503378,619000,1564221,2407541,5430
1646835,1544208,1969736,1493669,367700,5377911,737899,759684,409004,389274,723176,1656077,5247
1004009,1363673,1908521,1418706,454905,5668666,922703,974805,508001,577229,1458846,1673701,3012
1566462,1348438,1462962,981276,127051,4763325,608512,731359,459963,500152,1385969,2265444,4975
1667406,1673398,2008199,1533904,356237,4970109,268948,281537,461669,572895,1516055,2512251,5618
1700514,1602881,1940902,1458912,346782,5239892,721874,763950,456332,403587,746051,1694177,5659
1360065,1532369,1928073,1463874,358006,5407556,729501,750298,463893,511102,738288,903358,3157
1019640,1169134,1141538,1152414,347187,5209805,708306,748336,457287,517102,1471010,1723059,3109
1864624,1809815,2304218,1465577,243231,4920899,504216,767583,496965,612553,1847054,3139104,5795
1667795,1733099,2029706,1572870,360253,5657084,719189,515028,410212,420585,1086982,1891134,5926
1303559,1511231,1885043,1417775,347119,5247287,719439,761044,478972,528291,734133,876118,2938
1037324,1268257,1161638,1209463,363070,5341606,737791,770087,457802,506239,1407602,1597815,3073
1699974,1607577,2004249,1249257,125173,4120370,488895,738552,481151,530804,1500601,2564927,5566
1900050,1775981,2318664,1739024,472385,5627495,502137,525891,478902,576763,1514732,3162011,6004
1380239,1683225,1996442,1473651,362485,5431329,725743,746991,479797,477384,755269,871857,4206
1033581,1172517,1541235,1283993,349943,5390132,711758,753109,472448,526234,1503070,1644586,3083
1607080,1356152,1517153,940127,127801,4809084,738948,766568,471273,513583,1426986,2356641,5054
1697427,1768536,2058364,1562240,360145,5080901,271501,283456,471381,564296,1511178,2534578,5576
1598698,1742987,2336921,1753848,460101,6390053,954229,1007990,516568,518060,774687,1678114,5569
1011928,1196427,1540263,1193141,358168,5360829,726005,750553,447854,485339,1407074,1640176,3152
1637893,1366011,1534761,1165530,124401,4638434,485682,734518,448414,499617,1468721,2549058,5076
1559608,1500297,1872111,1393313,354720,4568800,485266,285553,402762,465759,1445141,2389494,4540
1668097,1814477,2029205,1548322,352867,5757220,711942,732413,495493,488376,829530,1671241,5220
999474,1430237,1956770,1481847,461402,6040247,936595,991761,531461,574940,1489798,1707601,2922
1623877,1313792,1489696,1146766,126921,4862683,508001,753399,456296,503762,1400070,2309691,4932
1649736,1536129,1894204,1429378,350029,4641766,490108,284855,397029,435662,1410003,2469904,5275
1668392,1683595,1951524,1466798,347613,5617927,726878,766655,470327,516268,793931,1689986,4106
997607,1346695,1572561,1502135,361305,5636612,735408,768372,483028,513741,1046731,884335,3121
1314147,1234299,1211372,919483,237474,5150831,673607,702779,456251,504644,1427418,2426557,4161
2150945,1816727,2569272,1606616,356482,4707240,723787,755708,518923,577984,2182851,3856379,6216
1634595,1617482,1969730,1482729,361930,5357753,728784,750356,424202,470496,732402,1628384,3972
1046767,1570759,1613822,1539501,339756,5844940,694164,733713,589911,632455,1227767,876872,3136
1336487,1352475,1559171,960251,248414,4981718,738711,767456,473107,509928,1444769,2418363,4262
1654051,1474634,1889817,1427108,243821,4602155,270897,509439,399616,500220,1440424,2507007,5336
1847521,1658272,2162297,1589332,441625,5578431,919108,730758,407850,457144,1084933,2071218,4622
1023476,1541253,1621250,1536603,363795,5560385,736302,766266,506061,541896,1115432,895743,3061
1425983,1566396,1638854,995624,240514,5076048,705414,735646,519474,589042,1578678,2591448,4456
1611721,1464579,1883053,1407155,239011,4587648,271309,526577,420808,503799,1449339,2456325,5189
1682291,1438807,1878221,1393425,362097,5196737,730799,518029,384666,378449,1040629,1641849,4746
1875488,2066521,2201672,1855943,463848,7428899,960479,1082128,1054879,1095153,2211392,2993266,5111
2661812,2932228,3027153,2100354,193025,6373041,562838,843545,1004821,1162655,2347455,3188587,10309
1759069,1707056,2026889,1546163,367778,4966246,506217,293775,461962,505620,1487811,2498286,5780
1675629,1518046,1873144,1388767,345705,5130782,714631,756314,417012,453389,742490,1720571,4219
1318034,1558507,1886104,1668702,357850,5417384,727707,999095,530140,581433,1441355,1591287,3741
1284898,1469684,1615928,1024274,242239,5047124,710230,737664,507358,549661,1505397,2508681,4141
2301304,2002083,2724314,2016473,349601,5556736,503380,757131,535504,658915,2303156,4018320,7519
1646268,1637659,1981616,1509214,362678,5627835,736328,764029,446553,489682,769326,980008,4098
1045351,1408918,1537537,1430632,349646,5284125,704434,735906,472493,530740,1113191,877117,3169
1375755,1471023,1592467,1012909,242874,4935424,733349,764272,517837,565326,1504472,2401031,3872
1724117,1799207,2075725,1281720,246806,4370679,493340,508048,542908,612433,1552151,2555668,6062
1958375,1847751,2312829,1736335,455793,6040059,725651,765751,453082,500099,1175838,2480080,6329
1030281,1422523,1956814,1479502,363139,5421944,735554,765242,471334,518844,1093277,880539,2952
1376106,1295392,1219579,1034428,240462,5338563,705690,734420,488439,532004,1500655,2487171,4355
1692424,1932323,2065029,1385830,240468,4620381,463454,498092,587642,638146,1599959,2397439,5489
1695091,1617658,1993734,1489100,360774,5501991,500922,518947,376971,487791,1133186,2445879,5705
1364185,1619589,2287650,1680662,454533,5947127,919052,972928,542964,543100,1145214,896035,4223
1299331,1204134,1172905,960028,244421,5458713,739994,771951,459380,527154,1464983,2361603,3872
1730720,1806374,2080393,1601929,243466,4610149,272406,513280,534204,576914,1527883,2501190,5151
1628456,1484205,1920040,1454855,344846,5450762,715214,520372,380435,408713,1128506,2537696,6073
1256595,1506153,1849426,1413075,337969,5302975,693102,721493,449812,438832,717084,873640,4024
1324224,1167873,1533855,1182912,353238,5751546,906470,945964,481070,544871,1789249,2468667,4146
1618720,1680732,1929210,1470188,234732,4234976,271188,525378,510233,553623,1500253,2384360,4804
2052752,1827195,2067847,1563891,361072,6505503,947800,738228,508726,562598,1536424,3132705,6407
1309936,1465580,1882034,1406857,346186,5273676,706157,746836,441834,484854,711457,864313,2941
1000726,1161497,1162919,1194125,361334,5409817,735642,767189,470085,507096,1426616,1583532,2887
1696652,1383123,1690663,1222170,128186,4810533,461764,694299,470255,519565,1401861,2396043,5473
1922493,1770656,2323163,1736905,458257,5763211,724111,525562,437034,485123,1499026,3346104,6567
1360852,1619618,1979076,1506647,360934,5716006,732543,765405,500443,563689,774124,865777,3100
1010463,1196758,1179437,1190462,356747,5285998,713310,743363,458043,509333,1481662,1751026,3246
1595780,1489255,1866801,1167779,123363,4136466,501558,764658,467206,509317,1438371,2418117,4876
1622484,1685105,1986884,1509966,361977,5530852,497680,278074,408117,495775,1461291,2388265,4699
1700450,1849122,2376629,1724141,455741,6168718,920344,976533,522340,587614,768979,1067256,4320
1035743,1183781,1159477,1182105,358931,5411900,733409,766977,485134,528021,1449025,1616906,3053
1691367,1578400,1970183,1223368,124645,4239181,495999,740171,461251,519322,1471694,2534759,5454
1629679,1456366,1865786,1402823,345800,5237142,493748,281236,354618,438307,1459380,2508867,5281
1644058,1768553,2042206,1560997,359406,5781744,730470,763941,531791,507375,765803,883249,4359
1231450,1195575,1549934,1442938,362819,5896514,919264,959175,527040,576694,1858527,1733351,3795
1587833,1526541,1883439,1168652,121997,4114915,500080,765908,475497,530004,1482948,2412970,4832
1599896,1518452,1938396,1448876,364270,5374444,500981,281522,339850,441392,1416463,2443224,5075
1660208,1793153,2012218,1543710,446325,6505408,904000,957518,636313,623548,1169941,1632994,3859
968743,1326809,1930367,1472657,356381,5449585,724457,755139,483970,530955,1079920,848721,3136
1624570,1335968,1507192,1152485,239483,5239563,705368,953121,488313,543061,1788609,3310680,5331
1587007,1495625,1887315,1423074,349627,4653661,480988,282093,410012,477781,1486731,2464932,4992
1589782,1508539,1863926,1415598,344581,5324846,702476,724751,392761,387230,703486,1610868,4729
1070252,1584666,2046913,1528043,348252,5649586,706058,737191,557849,620703,1229850,888298,3290
1339820,1195969,1180482,959637,241332,5404878,725753,755033,456859,503926,1447182,2403803,4118
1685590,1663510,2003402,1499490,240339,4123414,267816,512542,494274,537917,1458440,2471761,5587
1971077,1603356,2183120,1567466,456090,5515611,934268,752956,391863,431942,1059658,2536111,4985
977590,1457515,1599438,1498772,359996,5756236,732365,765425,512721,555277,1121913,866194,3195
1378650,1303525,1272450,989697,240559,5511314,685221,714486,518675,581606,1485926,2483360,4536
1606344,1514459,1895236,1437537,237292,4224638,274936,530525,479074,528568,1495781,2447998,4865
1611083,1501142,1925059,1444499,359302,5249270,732946,520272,358576,392466,1068328,2377279,5086
1342621,1614093,2294697,1932921,555508,6427600,1106961,1159783,601934,663918,1511057,866758,3148
1353358,1498104,1581647,973714,240873,5076691,733734,763935,518579,587535,1514932,2429272,4392
1629089,1569425,1949963,1450519,242940,4756495,268501,511273,408733,510871,1419476,2446462,5268
1588593,1511225,1873686,1621606,429043,5948476,882436,698812,423745,474276,1452446,2063151,4694
1305775,1463155,1876448,1412091,356765,5334237,725737,757189,458410,489795,705210,857578,2962
1381895,1579661,1665030,1294624,356073,5628405,923229,958249,577317,626190,1860722,2520953,4680
1675352,1581423,1964353,1494095,238687,4924702,272922,528296,438380,533024,1516202,2521590,5816
1661672,1510046,1944542,1446231,362342,5480061,739385,523384,399670,393481,1059062,1636990,5086
1294605,1334702,1877529,1394437,349407,5167234,704742,738127,426680,481669,1068374,868376,3041
1231475,1339083,1225784,1254651,264873,5559332,735974,769267,524951,568207,1482312,1626741,3265
1629447,1502566,1915517,1207199,124386,4232462,486781,731342,490861,536522,1454115,2468001,6076
1916138,1640907,2196451,1593431,457367,5610134,712634,517165,387392,431150,1427417,2541533,6180
1337285,1321883,1884821,1420696,347440,5398620,705306,733856,451183,505233,1070947,848669,2918
1315799,1135513,1126244,1169080,238757,5071631,701446,732680,446838,490295,1427988,1683243,4041
1683200,1764330,2015173,1303169,237413,4443283,502476,527825,534624,567874,1535981,2463049,5287
1659329,1553345,1959823,1486603,360819,5471459,508670,502613,357041,444322,1175509,2424414,5681
1643872,1477713,2271613,1644003,460693,5669357,920841,964671,478088,491257,1084121,878643,4362
1314998,1190828,1156632,1173998,241209,5249700,738678,770663,461858,504900,1431030,1618409,3801
1642643,1738156,2023852,1290206,242927,4509540,494355,508871,533696,577956,1491566,2457499,5037
1645310,1499404,1916548,1458555,342675,5424884,491574,518138,420661,513772,1164591,2544966,5797
1329743,1626645,2346225,1757689,463462,6289255,935066,974979,581910,564081,1084910,853015,3982
1351703,1185644,1543849,1221327,357450,5903250,926376,965027,501854,556338,1798276,2462351,4115
1576830,1519177,1823656,1172103,226738,4111393,459255,486105,463270,524524,1405019,2276780,4599
1741022,1780829,2099318,1592476,362780,5879710,507892,522654,421626,515519,1179736,2469082,6176
1350708,1523268,1922950,1409245,348602,5348825,707999,741073,467549,450717,727149,881764,4496
1011871,1176491,1499637,1171441,357314,5323667,734307,765899,452001,501432,1432429,1645899,2912
1940528,1510756,1897906,1417032,242720,4768531,492104,737293,496686,558483,1769713,3219887,5756
1619500,1657527,1990990,1517003,344928,5790677,708674,517200,410006,449740,1172175,2564076,5476
1311435,1640918,1896977,1453134,337880,5538550,688698,717629,510447,499165,735918,874886,4023
1021238,1181524,1556087,1182841,354643,5187681,705122,736144,441728,495449,1441698,1713669,3290
1603436,1294924,1470853,1117651,122158,4665114,498253,765601,449543,488883,1449725,2434885,4648
1622196,1658369,1979863,1501757,353518,5079907,512069,288931,445115,499202,1466305,2370307,5280
1683986,1840959,2404080,1739755,461376,6177493,922626,967585,523260,594454,773946,1703808,4359
1010965,1210685,1174115,1197303,356285,5494359,730520,764245,455546,502711,1434733,1625398,2993
1614386,1343706,1681168,1181480,124189,4591529,466758,711632,431696,490318,1374533,2352643,4905
1618879,1495627,1864853,1401097,238714,4684081,269616,512904,403033,512682,1466101,2456332,4651
1683948,1799629,2052212,1560335,359645,5699080,733586,526771,472752,448424,1138224,1623377,4986
1398070,1489595,2013295,1758199,466204,6336551,925418,964950,558026,634339,1461656,882555,3213
1566557,1314902,1480708,892432,123762,4614114,734118,765245,459205,499430,1448437,2413371,4749
1612652,1500965,1914068,1437450,362451,4846026,272170,284156,395382,503964,1403919,2370711,4659
1682829,1799301,2038906,1546708,344637,5759610,703656,705550,478188,453045,899467,1679221,4730
1273858,1319525,1925848,1483705,362139,5721380,734977,766187,491029,537424,1099111,860977,3177
1659703,1341487,1540858,1185107,243390,5237892,933617,959200,488246,549516,1785108,2493730,5534
1636728,1426595,1846558,1395011,345755,4631738,269745,282859,408952,497889,1455812,2479153,4822
1631834,1483950,1894788,1414350,360552,5356902,734305,763473,385728,384644,719580,1599259,4652
1122176,1709602,2108453,1616478,354038,5944282,705301,733299,555711,620879,1219209,897022,3253
1317139,1168519,1176741,1022258,238733,5458042,731086,764585,467316,523160,1482774,2365207,4113
1643370,1500052,1912138,1175387,241551,4065388,492210,513143,438990,491456,1394595,2415230,5365
2022293,1599692,2221776,1598169,459428,5587813,712037,752900,369345,431009,1079513,2546001,5852
1014619,1417672,1940350,1479874,355780,5548032,724516,758025,524127,566094,1099877,871015,3161
1699753,1410358,1535937,1205335,359898,5937440,934478,959276,497055,543305,1474465,3291140,5195
1609051,1494868,1864658,1390206,237136,4142493,272625,525411,440042,492960,1452308,2521534,5301
1561719,1493801,1907970,1439088,360674,5350584,720601,522450,341301,391391,1058123,2310757,4704
1658113,1845542,2705733,1968314,553455,6729144,1085485,1131916,615032,633371,1101386,857896,3865
1397823,1366946,1268683,1036813,239415,5851397,734902,765976,518951,581348,1558716,2469821,4597
1643842,1534339,1925956,1436864,236950,4204791,265793,514089,455553,507801,1404460,2391900,5393
1630622,1523288,1900667,1405371,347301,5316311,711012,519812,349921,391042,1097260,2537968,4965
1359346,1535059,1908185,1441999,362584,5341543,737768,770295,464938,514610,749262,872840,2987
1352258,1437760,1370048,1304874,361676,6258259,903256,926240,643550,695257,1906993,2400121,4448
1710099,1635008,1920884,1488654,235840,4399846,268243,522489,514244,565039,1548567,2530920,5532
1680434,1704961,2011076,1521308,362265,5514656,735055,527299,410884,445761,1123857,2365840,5115
1373850,1551181,1907783,1415878,340948,5306785,685500,715059,465012,513917,750334,889974,3183
1086130,1394824,1246473,1263563,352957,5632658,736633,767044,553861,598229,1576256,1651964,3047
2043681,1992711,2431700,1599764,243676,4872302,500237,752064,526394,641499,1864920,3220813,6764
1650201,1543559,1897531,1406773,331831,5308042,678129,483928,374390,410601,1129457,2020691,5456
1679903,1645102,1957304,1507431,357858,5523215,727060,754201,507158,490428,801542,895745,4234
1014249,1289178,1573156,1488330,359303,5314526,709891,740249,485176,534737,1483273,864527,2935
1663478,1664130,1703774,1098433,125124,5153249,731462,767789,580081,615955,1568030,2468721,5348
1675071,1629592,1999641,1523795,363837,4884183,273786,281516,476127,566719,1482993,2428557,5801
1671084,1745116,2296741,1671113,461790,5694563,920712,965075,477215,470271,764172,1721531,5267
1373114,1477907,1856585,1521286,444066,5904731,909676,950054,558572,521630,1396781,1464324,3954
1718909,1616643,1658798,1039557,124390,5098813,720698,742025,550873,608333,1528917,2475541,5288
1701260,1655433,1959793,1448285,348838,4806666,274110,284749,462688,578062,1565642,2595286,5703
1608896,1620422,1948183,1479615,365207,5492143,742086,774404,441379,399160,737713,1601291,4938
1066379,1459327,1976238,1487337,471451,5875966,925428,962323,520861,570946,1451551,1703371,3207
1575074,1358789,1504101,1167984,123196,4648092,496524,762516,461358,513977,1474914,2443202,4773
1712843,1851326,2074384,1587299,361618,5233896,484657,283749,475769,546696,1491269,2395398,5408
1682831,1540307,1901951,1418699,347821,5185191,702816,735698,397024,382206,715319,1699544,5288
993243,1318718,1857934,1385730,356442,5227971,732486,763796,439761,485805,1049851,829241,2870
1653612,1300463,1507906,1173515,242916,5186280,721618,973875,486937,532649,1738521,3201576,5048
1564507,1640248,1950820,1500145,236202,5016656,271144,512807,487909,585614,1512453,2459422,5080
1702928,1613848,2002818,1539602,365084,5782307,733831,522383,454952,427456,1113880,1659756,5793
1329224,1446450,1912881,1409383,353130,5248308,704311,734565,437580,498187,1025586,879588,3140
1007128,1196698,1173238,1185456,335356,5253909,708586,738497,456094,503686,1417615,1547936,3090
1957452,1818170,2352030,1475358,242697,4887517,497459,748033,500479,616575,1796730,3163719,5791
1704315,1690881,1989434,1519072,345584,5685054,702511,510658,445410,433578,1148671,1719996,5786
1609898,1519989,2266127,1684827,462920,6226125,934738,758594,456212,511289,1405385,1522029,3901
1336866,1195324,1148286,1150318,242126,5211660,712616,731493,438655,481343,1394179,1660684,3939
1622956,1456016,1783362,1112234,217135,4096346,494290,521545,444874,480626,1391815,2329869,4430
1568446,1722157,1964938,1525414,343911,5850155,475147,351932,427300,521318,1357564,2246415,5007
1705776,1575948,2333346,1700440,457383,5940972,905536,944456,515632,507780,1103090,883146,4526
1275057,1129894,1120262,1135563,238606,5285921,736885,766149,447776,497504,1455296,1653101,3899
1658674,1436482,1813443,1159984,243308,4134901,456503,472067,418447,468000,1304192,2243698,4734
1609508,1627865,1928221,1443046,345935,5374108,487668,513926,401921,485462,1129780,2471631,4439
1335938,1605414,1967227,1498550,360819,5812105,733713,765160,459389,463418,737829,852620,4192
1364007,1330567,1609808,1398441,349419,5985968,901780,926145,560615,607404,1792099,2093156,4463
1618599,1495576,1895409,1199515,236898,4251130,499897,526261,465139,526914,1500527,2498098,5353
1613011,1552415,1887751,1411278,358101,5201867,500348,524253,351497,432950,1034053,2337138,4791
1401989,1802469,2101992,1576863,359396,5627236,714159,743116,543376,543981,835587,914721,4324
991235,1251736,1558926,1231472,353376,5508595,734973,767110,508078,531324,1477984,1641041,2952
2239382,1689629,2272895,1399799,242518,4753334,728693,983140,533190,594927,2054366,3921812,6895
1642308,1474570,1880103,1402553,345606,5273937,672845,515365,359271,429666,1081267,2475911,4561
1366289,1682938,1992998,1526897,362100,5687929,735825,765457,504749,503800,782187,848822,3939
1354204,1440730,2000060,1523941,467735,6364689,711397,732000,500061,649954,1822952,2426109,4604
1618192,1309681,1507386,1158988,125011,4798906,498922,763057,449672,497914,1471568,2518741,5400
1586423,1454574,1881340,1408169,360816,4763040,497830,278420,404998,434867,1383245,2343178,4739
1645769,1679783,2299322,1668401,468662,5786959,919834,958956,472795,516401,726124,1695006,4048
1101034,1446503,1406521,1318139,336485,5834593,698848,735580,551190,613709,1539115,1574134,3092
1636548,1373786,1554953,1216866,124817,4813444,497846,738169,474067,517144,1409290,2407701,5519
1641437,1529853,1918867,1422531,345352,4785497,485676,279745,409837,455304,1467335,2557598,5418
1565683,1558387,1909348,1445191,362872,5435566,740403,776301,417007,446389,721212,1632080,3958
1309998,1531202,1978512,1795419,468531,6077702,916744,957360,554765,611790,1515903,879478,3041
1642169,1449812,1593823,990198,123385,4857174,729756,763282,520379,539276,1512076,2468896,5660
1636002,1583818,1946807,1460276,353660,4798236,269152,292343,422433,519498,1398856,2394601,5310
1631138,1500083,1865402,1399972,327078,5337463,664078,528966,411521,397954,1040215,1630083,5426
1328960,1441930,1940665,1475305,359781,5510710,735787,765299,491158,539167,1098549,891554,3124
1664521,1488742,1616588,1280923,241831,5686657,926648,951496,612315,664594,1883480,2443165,5874
1647949,1474560,1866540,1412733,346515,4779128,273028,283577,426572,516154,1481719,2522536,5271
1602942,1476689,1864578,1422531,353284,5255557,715219,743861,394910,381663,715913,1579574,4739
1003496,1344923,1909125,1428547,353503,5150108,698199,731515,456006,514072,1077135,865396,3016
1662183,1620569,1636794,1489184,316213,5575116,695205,746413,639686,683155,1902933,2552688,5132
1964425,1788300,2339443,1496360,357922,4825320,499072,519221,499651,611248,1777672,3151611,6428
1613348,1526409,1889023,1404808,338891,5259036,689674,721355,403111,384451,737797,1724544,5206
1041286,1275650,1851934,1411698,355068,5322697,730777,761590,457741,498470,1064005,860881,2968
1368085,1256304,1191020,962643,234121,5216456,704122,724756,471173,514947,1411772,2390131,3984
1591341,1562619,1936023,1458341,234416,4289695,269177,519512,516554,565272,1557398,2551437,5626
1591505,1475505,1860749,1419958,343623,5255388,642364,519877,350500,422827,1020394,2204482,4895
1317305,1473367,2274769,1668842,471004,5708612,919920,959523,495342,481486,1051104,851864,4080
1317160,1148015,1152743,929278,236671,5243657,730736,763466,449407,510223,1464835,2422847,3813
1688075,1765797,2030743,1542445,241932,4400485,269879,519113,512566,561763,1474900,2404497,5620
1727141,1551831,1935259,1431787,348465,5403620,705604,511919,362948,416629,1132511,2575831,5738
1294956,1511807,1851168,1408032,356403,5232000,734040,767610,461519,508581,714837,863812,3066
1309560,1169293,1294373,1190858,362739,5795042,949021,973528,491770,539382,1765533,2436983,3811
1620796,1715530,1960979,1504996,235149,4464751,272231,520791,534694,571410,1535183,2498926,4879
1596103,1521419,1964453,1487226,360982,5576411,502168,283035,362580,475927,1411039,2385593,5651
1634781,1515833,1929028,1432161,351878,5171788,704355,734654,442631,426405,697169,866213,4520
1321150,1328031,1858584,1363591,353215,5051253,934276,973643,519536,577926,1789678,1536424,4003
1935395,1501504,1900938,1157769,231033,4721366,725752,767743,491130,542300,1725912,3176434,5754
1724716,1747696,2004870,1541845,341919,5709284,478311,284374,415254,527273,1577555,2560056,6052
1605241,1555621,1913114,1458160,357317,5412964,721720,755430,473860,465744,717332,881244,4284
1017949,1180812,1578013,1424475,340132,5225322,681837,709081,456619,496252,1392458,907397,3286
1618765,1350764,1505927,930079,123101,4738630,712822,752959,451513,505818,1452317,2451682,5065
1925088,1864378,2383295,1780718,353889,4940889,488616,515415,505090,565805,1788910,3143153,6290
1646575,1623168,1927796,1470247,344602,5421317,494314,509453,394635,469694,1165596,2503864,5520
1544199,1509953,1877573,1444652,347717,5376093,707321,737585,462005,443999,719186,850757,4171
1038448,1228648,1574228,1451876,354667,5386735,708660,738993,468756,515982,1477554,868673,3079
1595159,1489476,1572310,993319,125441,4859867,736666,768603,502895,544686,1469353,2384895,4707
1611670,1641947,2022942,1541825,356253,5041927,267356,278223,489116,585438,1508205,2415356,5752
1688698,1684352,2286888,1658496,460535,5809053,929256,980071,450225,433172,722359,1736315,5594
1003209,1282009,1490116,1385810,359523,5114993,734273,765969,426663,476909,1039978,858811,3081
1613345,1371021,1541432,1183570,354722,5708834,888319,700065,456136,495757,1749539,3190840,4674
1623208,1668119,1940917,1459695,236137,4324581,269127,515033,487121,533964,1478329,2410311,4844
1691722,1543318,1946620,1465009,360465,5563511,733139,517351,373460,419915,1094562,2394776,5665
1348268,1619199,1978982,1730363,458512,6027856,917033,958549,533843,589285,1090556,894015,3218
1303172,1285074,1484905,925966,240368,4632474,729123,762635,450764,500889,1433936,2383621,3780
1709858,1705545,1996363,1491117,240905,4765353,266738,509112,461584,557149,1477085,2452852,4974
1567059,1621564,1928193,1466764,329050,5758862,681066,486075,408949,476982,1168649,2058587,5849
1348424,1599591,1976973,1501372,363280,5500223,734413,770240,490827,528196,754581,887129,3069
1371129,1479743,1603824,1239356,358813,5296300,925896,963301,537088,596433,1848316,2514889,4119
1637604,1540173,1893095,1429360,237263,4664371,269107,524208,436742,518587,1498638,2485332,4849
1733472,1885841,2124486,1625853,365103,5762625,735446,519389,536718,524947,1226954,1681260,5708
1349865,1433310,1966174,1461729,347507,5291053,700052,735784,474005,524615,1119322,892644,3190
1209453,1154620,1137141,1138316,252269,5218073,723981,755586,434928,494012,1413733,1632801,3414
1623880,1527073,1908376,1178666,122692,4075809,493413,742930,451844,506011,1418796,2433938,4824
1969816,1839467,2290077,1706498,457416,5556575,498251,523251,461376,561322,1525064,3273664,5559
1374728,1644961,2017855,1537248,363095,5651891,734459,766727,470480,455759,738526,885641,4480
1007784,1183146,1552490,1195704,351924,5254855,704964,735364,445019,502058,1449646,1699521,3140
1578425,1319952,1505653,1168352,124698,4665146,504098,766750,452206,505883,1451870,2388865,4478
1629556,1602698,1956625,1471387,360918,4663674,476899,278856,423881,496540,1413370,2429150,5059
1610903,1812122,2380628,1773569,456324,6305540,923134,975622,573694,553767,846972,1728674,5416
1325898,1450299,1904253,1465068,466429,6104741,939307,981745,559236,599294,1429072,1609360,3078
1649502,1435044,1578174,1224679,125269,4749351,492618,737991,482501,528189,1470819,2488865,5057
1581900,1527768,1859486,1395348,236324,4646225,269632,513979,412781,502609,1459607,2410186,4849
1656950,1732747,2015178,1527578,361051,5653477,738643,523427,457900,447707,1152271,1666451,5539
1384189,1501167,1961695,1720645,458214,5891574,922004,973119,539465,605697,1455282,890187,3170
1322068,1310583,1483627,904828,206405,4757033,705377,737144,458912,511858,1417101,2321018,4042
1666519,1501409,1889584,1414822,242250,4541871,268123,503372,390937,491242,1399631,2428973,5026
1639724,1638254,1925704,1457501,344116,5356983,714178,520256,458791,441337,1128932,1681182,4757
1359528,1475588,1996265,1545267,355685,5634430,725170,756259,530086,561077,1088359,878059,3264
1740120,1457485,1578174,1224739,238970,5715915,924188,962295,551428,613470,1918789,2576930,5853
1549118,1487695,1851478,1386620,355682,4536901,269290,283238,407862,510866,1465828,2420612,4619
1614665,1567261,1914704,1416098,353560,5323834,708547,609067,400702,382061,925609,1550795,5136
1351544,1532822,2028093,1532191,355781,5776633,713743,747432,569009,618207,1208230,888522,3131
1335149,1275369,1209348,1201900,241448,5560789,726954,754182,483669,545107,1450064,1607639,4031
1639740,1491070,1897512,1172056,246361,4024945,479782,495630,453858,495717,1390639,2420678,5050
1923158,1624492,2180689,1573978,454738,5610140,704266,742612,398468,440775,1061315,2470634,5835
1365498,1770771,2369679,1793586,477592,6323746,949244,991224,592749,552476,1099324,883199,4417
1328348,1233193,1193297,1132237,224905,5306384,675887,707226,478548,502674,1406352,2170710,4271
1633483,1477181,1875985,1152593,237991,4102951,503664,530071,461057,510531,1468330,2479992,5218
1629124,1505486,1899624,1426143,367189,5360074,507042,522435,364954,461896,1082274,2411871,5121
1307172,1524758,2274578,1638910,465582,5798721,928622,976194,517993,511648,1105152,890624,4211
1333464,1362114,1249507,1036152,240990,5962603,733810,766771,586955,628590,1540248,2405709,4362
1665981,1520352,1919997,1438304,245637,4045394,266025,512002,452085,503196,1410050,2477473,5480
1609488,1410536,1851645,1377069,352162,5126100,687409,519117,349843,427080,1095621,2547628,5208
1290717,1489055,1872097,1403285,361990,5186709,729158,762183,445720,439065,698771,877178,3800
1361819,1395192,1603214,1217821,360098,5835260,930412,972189,560217,613388,1876826,2587031,4454
1672615,1599473,1914728,1436711,237910,4458665,272907,521619,484000,548742,1511023,2425665,5108
1597339,1510726,1923890,1445626,369209,5361025,743047,524916,367054,396695,1077035,2382065,4906
1347188,1528754,1937671,1437457,352977,5380429,703411,737957,475459,520587,736533,897669,3175
1014770,1276668,1259921,1204294,357333,5398609,726527,756008,466302,515297,1425972,1577829,2977
1938765,1375807,1583257,1244155,124936,5647479,715568,965569,558629,631187,1817893,3248682,6603
1942685,1605788,2178602,1593736,450573,5115222,711224,523147,395265,422619,1407886,3281869,6177
1304578,1477513,1850210,1383644,357976,5241611,723987,755354,449130,498059,721356,879511,3042
1337737,1372796,1524733,1459940,469612,5872871,910753,951362,442096,491468,1449930,2459383,3985
1613747,1622003,1928476,1243260,125234,4244879,507069,774152,536473,588134,1542828,2406019,4503
1659366,1645307,2020487,1524781,367630,5339230,504655,280752,402557,469228,1447012,2416573,5695
1626957,1681572,2202119,1599850,446216,5641394,886374,930060,443517,497828,720183,1458827,4190
1002795,1178399,1141314,1154688,364305,5285896,743469,777232,452124,502424,1440667,1640671,3078
1663098,1687404,1955507,1225893,123673,4116771,495039,730212,518142,570948,1461789,2416101,4943
1602239,1554650,1903104,1468778,347474,5429464,488454,282980,381037,461774,1460984,2530956,5698
1611258,1451703,1819556,1370306,350537,5228859,708798,739111,445758,438362,722276,872099,3989
990743,1369792,1910756,1570757,453985,5654714,893218,930714,507927,566904,1405122,1146360,2901
1554231,1350990,1500046,923251,125228,4622386,734843,765824,461841,511597,1422205,2347189,4350
1654234,1744221,2056483,1565778,367391,5075441,269475,280604,504326,612819,1523373,2459179,5609
1632225,1554265,1898801,1417795,345530,5273939,701638,737317,415333,389512,719583,1748818,5412
1015560,1388154,1931854,1451134,370946,5386417,743544,774752,478500,523246,1081305,895775,3152
1573482,1305398,1496400,1140328,241852,5074890,711013,963393,487299,536093,1755406,3291888,4864
1598299,1611521,1887415,1435974,334408,4964750,409891,284834,449354,557705,1468763,2330658,4979
1655154,1653247,1984185,1531319,364680,5510451,732421,759978,448462,417702,741893,1631018,5630
1332553,1538925,1906137,1416525,347016,5237042,699626,738843,471475,528800,740525,882236,3045
1316783,1392373,1519373,1415579,475362,5100221,737762,768376,532572,577876,1774308,2313344,3920
1696834,1653645,1961234,1230468,123985,4133935,497885,747342,499639,545670,1466753,2485425,4885
1986017,1933652,2364745,1768210,466108,6046893,724040,523262,500056,521675,1539263,2534273,6312
1304603,1524731,1920677,1462091,369672,5440172,745366,777361,480271,529679,986488,857411,2949
1001620,1191685,1134520,1173265,362220,5184630,716294,746427,437187,489854,1433534,1713588,2990
1565508,1437426,1828485,1141205,123666,4054053,496652,764415,424885,486661,1431936,2404937,4663
1666255,1679339,2006806,1508989,366552,5458953,505687,282033,422478,502613,1474085,2428038,5146
1700060,1655706,2310316,1660844,457425,5950382,915400,968515,553677,554145,1105562,889027,4395
1319590,1188700,1133953,1156531,243793,5277714,725253,755926,468807,508813,1403862,1577365,3956
1620097,1457024,1839539,1163626,236109,4083323,473243,508298,430385,482077,1378491,2361653,4459
1638285,1718192,1975680,1491441,353763,5422645,499178,293878,414139,504061,1507426,2508288,4995
1735042,1774220,2044547,1559204,364168,5754147,726347,759216,490491,501552,808001,899122,4361
1326550,1287980,1587296,1488937,359861,5914039,929931,967353,541478,588132,1861019,1721988,4235
1610702,1608265,1898182,1210387,242950,4155281,492761,512716,491415,539398,1510443,2400640,4738
1649430,1601178,1949058,1473445,370797,5337552,509357,523359,385018,481607,1113695,2407362,4539
1386075,1797858,2046802,1560971,353464,5631991,713766,751355,572606,564366,847971,897932,4304
1345492,1546691,1972250,1678924,450321,5370357,708277,759968,587680,655346,1839489,1680777,3782
1973117,1549748,1912644,1181412,247455,4679970,723378,745393,511880,571524,1800242,3267295,5599
1671468,1660212,1928746,1447099,350789,5121943,493633,519929,389026,482096,1150163,2500171,4852
1365711,1798942,2006915,1544115,361136,5720508,727745,756602,553533,540041,807167,892170,4025
1099901,1344283,1624452,1288040,360880,5587994,710432,740507,505855,555064,1542618,1736856,3323
1649601,1514708,1583187,1219949,126680,4748900,501414,766513,517008,572155,1529678,2451416,5035
1619143,1542044,1852943,1384421,341831,4695872,349590,282810,403808,496706,1350322,2257287,4487
1689243,1829871,2321173,1684445,468308,5788254,934249,987270,507114,496657,806271,1720370,4893
1083096,1512368,1681779,1365499,367616,6086340,743222,774677,604252,636612,1539235,1660057,3185
1696149,1492986,1585883,1231787,128269,4816257,486669,733812,483594,543772,1460156,2446285,5324
1641359,1526654,1903409,1423800,356081,4688517,501432,285143,434926,481959,1506808,2532503,4836
1632333,1547807,1901828,1438273,360630,5217092,724259,754967,409380,443563,732037,1582957,4140
1107867,1575190,1843518,1507712,467169,5999363,903386,941193,590952,651756,1555573,1794375,3364
1659873,1567127,1592443,1276425,126690,4965706,509964,774114,542990,598679,1557774,2486324,5262
1938581,1684332,2255847,1645116,363319,5248523,487694,737279,436412,506966,1389700,2424849,5481
1619943,1493919,1883667,1390544,352395,5167468,715709,515711,397916,385093,1102408,1698516,4961
1365616,1356356,1866322,1401681,360838,5283925,722704,749325,444351,491148,1079390,884087,3105
1964940,1721150,2047424,1242564,242453,5389856,1126226,1167711,657958,727416,2213409,3310975,7287
1617291,1530342,1903123,1427745,339636,4576868,267088,309613,424721,528115,1493173,2478299,4988
1605350,1492093,1870806,1372435,353717,5100742,716210,507662,381176,380827,1036491,1617892,5110
1298945,1310174,1861916,1381111,352737,5200840,706864,738959,451522,493050,1074855,877974,2998
1314461,1366690,1232577,1272887,245833,5602752,745890,775483,515040,570887,1520874,1630121,3795
1677531,1668708,1983807,1278111,245794,4277086,481971,499136,516918,574570,1449185,2426308,5581
1929999,1601657,2196725,1579888,462399,5604403,710333,749789,393538,434345,1076804,2542799,5813
1052459,1375898,1881857,1414283,368204,5282675,740982,772479,469580,507604,1065415,870167,2983
1362369,1309066,1205550,1221150,241762,5479659,701754,729371,501554,559279,1490155,1676590,3841
1619639,1623383,1939870,1243147,238357,4369580,501705,527937,540571,572778,1496807,2510824,5558
1627193,1488408,1895398,1420862,364451,5316231,498893,515953,363857,460969,1073904,2338083,4902
1341058,1520049,2289895,1638509,465378,5841252,918072,958612,516846,510653,1083608,884631,4322
1268529,1161403,1151788,940392,244317,5354908,732678,765088,444550,493629,1427849,2360836,3728
1690232,1819916,2072182,1559113,241953,4574732,269650,511165,555000,600124,1512974,2446717,5684
1630859,1531111,1861975,1394386,334046,5481497,526375,513179,352084,458445,1068190,2431821,5586
1293591,1468535,1879080,1402850,368465,5187608,743489,772274,452499,433919,693306,868631,4149
1408322,1177627,1533571,1169104,360665,6116921,930229,962586,529184,587877,1832390,2528080,4311
1596525,1639328,1936636,1476823,238989,4374007,267379,522643,517591,559949,1518858,2450478,4517
1638272,1515232,1996560,1512875,368705,5473281,739293,524046,394628,417012,1122747,2431333,5859
1364521,1547356,1904695,1404031,350193,5305014,699525,731069,462534,499080,709134,882696,3226
1000258,1194013,1397787,1165929,343344,5458771,703889,735136,456388,519228,1393041,1624616,3011
1939531,1545987,1899930,1395622,243195,4638566,501041,753419,497089,544810,1734515,3192587,5357
1697723,1792106,1990127,1520757,339853,5607092,691800,500279,433147,465158,1184905,2483565,5324
1312425,1513430,1890037,1430680,362349,5470218,730990,763698,471673,520433,706088,883796,3125
988361,1144886,1128142,1177285,349082,5180014,687269,712953,445914,481514,1376272,1582403,2968
1577348,1465592,1854473,1157595,123976,4067151,500437,770920,454057,515040,1455306,2446161,4812
1586574,1632298,1953739,1478792,351742,5021859,507931,282866,443211,459590,1373426,2261362,4763
1657234,1734024,2349986,1709126,469033,5986098,925326,962076,495209,537673,783079,1718438,4346
1005060,1198131,1160982,1182726,364747,5378937,738011,769201,470120,521810,1472202,1674505,3149
1640353,1527602,1899013,1165081,125029,4017231,499163,747999,446158,490819,1397615,2438534,4730
1618473,1556646,1902751,1417482,353502,5418007,492997,280337,380644,464445,1489209,2569343,5005
1675340,1691724,2010780,1515488,362750,5494373,729960,762886,534119,518832,804309,878783,4177
1015283,1336644,1544953,1474722,483523,5796532,935032,969336,526178,579789,1726670,1700007,3117
1923803,1455396,1825468,1141506,122778,4833846,703545,977820,522065,569260,1802965,3158647,5456
1605302,1508055,1895580,1440730,363032,5353664,496437,278127,355295,460194,1412543,2329432,4454
1690587,1666260,1979040,1498010,348645,5520871,696565,728220,511400,520160,764918,876256,3920
1038444,1413519,1946196,1472828,369171,5476499,742747,773590,504960,529613,1098005,852133,2983
1662142,1312502,1531588,1128755,246248,5446030,730443,955675,498995,556016,1755061,3215430,5181
1608791,1507351,1885083,1409019,352521,4669984,278096,282032,421263,526348,1476895,2497901,4804
1623390,1671271,1967536,1494682,363995,5535183,732132,763396,456777,438821,759025,1591377,4695
994469,1345728,1978681,1493824,360109,5478265,710349,739820,516248,554798,1151233,881147,3197
1300942,1272544,1186843,959693,241004,5323284,721238,751413,478479,528744,1467079,2410606,4214
1607028,1496652,1868825,1401733,237646,4034190,264523,508403,450567,495492,1360045,2349935,4900
1896407,1710197,2237196,1610543,461240,5549017,921497,749651,423777,454494,1080941,2491740,4594
1361426,1862201,2008527,1554579,343458,5760390,695233,725254,562280,627249,929536,875509,3138
1035556,1188162,1184657,1230963,354910,5273690,699412,730561,486206,520241,1452772,1711531,3129
1579421,1507874,1885536,1166997,124804,4145950,502219,770673,458960,511179,1479255,2465365,4883
1895015,1651042,2247335,1640100,359250,5112198,487048,510366,396780,493138,1693599,3040912,5215
1715852,1736139,2344933,1707677,460705,5871422,912676,958828,571856,571916,1145480,894950,4154
1289728,1225054,1151865,1202485,238615,5561906,725234,755779,523249,562256,1432801,1622971,4125
1594903,1537427,1849459,1435721,283879,4987155,706320,835263,538875,592872,1746551,2319009,4743
1540522,1493649,1863417,1382575,353793,5136343,497596,285119,337721,445518,1460761,2491939,4332
1591087,1573148,1902372,1434979,359274,5302245,724020,754540,467757,455121,714844,841370,4047
1422695,1379423,1672674,1591591,362523,6598110,923106,958628,634445,683849,1936961,1710566,4710
1680863,1545815,1938968,1213638,243386,4308498,506814,531722,481557,535094,1490809,2505029,5551
1597333,1481387,1902788,1421505,367895,5279239,505559,522813,353825,439515,1062397,2364556,4795
1466257,1539395,1864638,1395141,335652,5338837,673549,704348,467830,463798,724906,868234,4138
1042881,1355216,1594414,1479160,360947,5732477,735454,766682,506729,564113,1494966,854006,2966
2005607,1594439,1965359,1227266,246435,4916157,717660,735977,528009,593471,1785789,3257812,6723
1625161,1497995,1872174,1397182,350027,5288134,487742,513787,353426,451374,1111951,2542932,5332
1287971,1514175,1898663,1438840,363908,5367019,730508,761564,468877,456586,723572,845884,3893
1073100,1312738,1603416,1245183,363538,5369607,713292,743777,496830,544724,1482769,1689742,3258
1628074,1409813,1609060,1150040,124930,5225392,531103,778417,524078,603784,1537903,2535512,5934
1609107,1500600,1931256,1457005,368543,4824737,272073,282166,405405,499467,1410398,2396074,5408
1633888,1687312,2237454,1613807,460713,5636876,910528,951679,442842,446886,703918,1658334,4720
1011743,1238744,1551507,1200451,361129,5295646,734061,765109,482973,515074,1426907,1579156,3007
1675259,1526470,2028334,1535022,234217,5665839,689592,933168,613423,672074,1819468,2394079,5628
1656067,1554605,1893328,1399837,238425,4764131,267372,521526,408409,505112,1470657,2511870,5209
1615441,1469340,1912890,1432486,366321,5212072,734068,524463,374224,383255,1056974,1706301,5006
1402303,1572263,1924518,1654745,465320,5808906,909269,947274,521053,580791,1119192,902397,3237
1361412,1502842,1593234,996793,240159,5039912,739096,772521,524552,575210,1501841,2424086,4139
1655478,1625433,1993880,1546000,243477,5030753,271258,513828,462406,550774,1398750,2417313,5810
1655605,1494506,1876567,1391760,346349,5216525,699248,519649,405062,400137,1093124,1653242,4957
1310209,1329730,1872987,1399890,364240,5301903,733535,763134,444657,495930,1055681,849346,3051
1628488,1259089,1499567,1154968,244311,5136047,926409,950231,479194,528663,1739498,2434975,4643
8688057,4239280,12483733,8230700,3585508,20565132,8235448,9314651,1269551,1689261,9442281,24145594,31991
1746907,1270803,4068032,2950213,890890,10473646,1731469,1562265,555461,578211,2623011,2111703,13138
8025610,4421626,11520056,6082418,1938669,11378329,3038077,4731965,951895,1192267,9145879,19945631,30581
6096357,4465894,9479443,6239664,3468182,17539359,7225856,7544892,1001229,1047026,2476613,7133806,20715
3820145,3531491,5504581,4590704,1449246,12738627,2897701,3580800,1073831,1203605,6065647,10073636,19564
5662531,2145677,6435357,2876399,933056,12879470,4655648,6046946,837892,1033514,8004964,18564062,27751
4496950,2650019,6000460,4142198,1535001,12265989,2703531,1408839,620267,680536,3441559,10569325,22904
1162049,1161013,2647261,1906690,690787,7457558,997610,999437,397459,517252,1497502,1715260,7452
4796668,1627806,6278623,4037953,2059250,13507453,5022843,4835799,761081,905985,6032476,13406739,22836
39887232,25973462,60287610,35425144,22218213,50465559,37208963,37211275,3055430,4169762,50171293,106351809,119862
765200,225934,1107662,896991,338326,2782981,756159,789770,33953,74028,926431,2094496,3405
554240,111405,802544,607716,350967,1680385,570380,596218,5743,28247,665373,1590139,2150
552640,110735,799320,592244,353390,1537734,573216,599197,5138,27472,665133,1596615,1956
548800,110813,793963,591106,353880,1646488,572367,598410,5682,28067,664874,1592084,2029
557280,103542,806375,604054,363658,1668238,579255,605575,2079,25093,669237,1604834,2089
705680,128859,1021111,679778,400204,1852679,754277,787769,4302,31502,876980,2061221,2504
560960,107444,811374,624044,367006,1687871,581849,608424,3945,26988,674774,1618977,2044
552960,110357,799683,595101,362835,1531302,573737,599938,5765,27818,665650,1594223,2005
549840,104683,795323,602223,357454,1584167,572610,598748,3278,26097,663707,1590409,1965
543120,110749,786181,618808,355072,1676042,564590,590259,5479,28846,660730,1569758,1936
702240,132041,1015838,651923,396457,1683792,750254,783738,6777,33169,875698,2049904,2373
546320,108174,790260,594825,356488,1553530,571644,597627,4887,27438,660984,1582197,1909
705840,131492,1021550,651110,403235,1685543,750915,784441,8336,34688,876227,2050503,2385
776880,1219368,1123885,1086095,468320,3071104,71627,210424,135117,419434,838774,1146262,3769
75600,61483,109007,73672,26345,179242,0,0,0,25534,84444,155565,117
73520,59839,106449,71522,26427,173125,0,0,0,25528,83806,151373,89
79840,64386,115663,80473,26427,181393,0,0,0,29241,92448,153367,105
68400,57178,99077,66535,24573,164898,0,0,0,23969,77468,142597,96
71920,61173,103984,71289,24654,165383,0,0,0,28038,81317,144694,87
74720,60063,107949,74674,25214,169886,0,0,0,27596,85487,147589,87
68320,55566,99100,68591,23416,160218,0,0,0,26005,78706,135336,85
261920,597992,379028,276117,86565,568112,0,0,0,126833,318696,487184,596
54072846,68074703,77657123,43266694,40459351,28067906,78678823,82203792,19420628,20439945,77047140,194509056,28370
5972186,1173488,8565979,5990332,1306103,13202284,2402343,3048147,473314,1015782,7321483,10735626,9054
55170739,1876958,79746006,53882748,12911380,131356210,24877998,30773844,312484,948405,61801594,107091290,66020
55053799,1681043,79561688,53794178,12906033,130263244,24822118,30619415,187097,790587,61882110,106266867,54259
54815308,1682317,79225168,53432280,13020725,131072860,24628614,30203760,174951,814765,61349604,106311018,66515
53858083,1765326,77802860,52483535,12847976,128417726,24431291,30203529,182415,830341,60275385,105925175,66084
53668774,1666667,77696643,52453971,12748530,128354826,24208899,30056055,179069,801790,60210501,104986168,62634
54809686,1757493,79296636,53533044,13043574,130801302,24773023,30708256,223447,867428,61383298,107560289,64951
54841278,1884597,79315242,53568497,12921282,130611665,24682144,30590003,306587,964771,61471788,106611262,64841
53777374,1838391,77841471,52530645,12765776,128014691,24334619,30205042,283916,953431,60307616,105386248,62084
54818320,1860371,79304223,53586920,13042987,130427107,24740996,30539644,289298,970001,61582261,106614042,64616
53752983,1978711,77744027,52485738,12818906,128095461,24368526,29966021,341046,1009168,60368110,104727863,64064
54027296,2426337,78095187,52898867,12739376,127970105,24155212,30015308,688979,1355496,60555190,104691243,59300
53888606,2124855,78038498,52988335,12773255,127019794,24205905,30158472,437285,1047167,60739166,104837434,42760
53666275,2096730,77550383,52527387,12663486,127005349,24229335,29789928,465201,1092911,60412939,103710273,52791
54598425,2416076,79029689,53713250,12818186,127988371,24227073,30088951,557273,1253423,61059149,105393267,62487
53876387,2280770,78116450,52914778,12806644,128583000,24023866,29848355,521194,1213629,60411392,104252950,63213
53989884,2311240,78093040,52852599,12712068,128010052,24107189,30025196,618320,1302275,60524167,104830520,62235
53494541,2534391,77503883,52932568,12478523,125000276,23730471,29304220,686378,1386203,60378620,101948410,57752
53989409,2836015,78218270,53644281,12463306,125220594,23637389,29458644,961404,1640705,61043554,102127108,59477
52865156,3695014,76512059,52454426,12086251,122158492,23022694,28504660,1435112,2163647,59616600,99954776,60504
27353653,3509754,42954456,30469792,6852011,68517540,12871966,15876725,2728416,3281711,34309937,53924317,31390
